Datum,PitcherId,Gegner,BF,SO,IP,Heim
2025-03-29,434378,Cincinnati Reds,22,5,5.0,0
2025-04-04,434378,Seattle Mariners,14,2,2.33,1
2025-04-09,434378,Cincinnati Reds,26,9,5.67,1
2025-04-15,434378,Philadelphia Phillies,26,1,5.67,0
2025-04-20,434378,Los Angeles Angels,22,6,6.0,0
2025-04-25,434378,Texas Rangers,23,5,6.0,1
2025-05-01,434378,Colorado Rockies,24,4,6.33,1
2025-05-06,434378,Chicago Cubs,21,3,5.0,0
2025-05-12,434378,Arizona Diamondbacks,27,5,6.0,1
2025-05-18,434378,Athletics,20,1,4.0,1
2025-06-18,434378,Cleveland Guardians,22,6,4.67,1
2025-06-24,434378,Miami Marlins,21,5,5.0,1
2025-06-29,434378,Chicago White Sox,26,3,6.0,0
2025-07-04,434378,Athletics,18,5,3.0,0
2025-07-09,434378,Philadelphia Phillies,25,7,6.0,1
2025-07-18,434378,Toronto Blue Jays,18,0,2.67,0
2025-07-23,434378,Atlanta Braves,21,3,5.0,0
2025-07-29,434378,Pittsburgh Pirates,22,7,5.0,1
2025-08-04,434378,Pittsburgh Pirates,20,4,5.0,0
2025-08-10,434378,Washington Nationals,26,6,5.0,1
2025-08-16,434378,Tampa Bay Rays,24,8,7.0,1
2025-08-21,434378,San Diego Padres,21,4,4.33,0
2025-08-26,434378,Chicago Cubs,27,5,6.0,1
2025-08-31,434378,Baltimore Orioles,22,10,5.0,1
2025-09-06,434378,St. Louis Cardinals,22,6,6.0,0
2025-09-12,434378,Los Angeles Dodgers,29,4,7.0,1
2025-09-17,434378,Arizona Diamondbacks,25,3,7.0,0
2025-09-22,434378,St. Louis Cardinals,24,3,4.33,1
2025-09-27,434378,Colorado Rockies,24,7,6.0,1
2025-03-29,453286,Baltimore Orioles,11,1,3.0,1
2025-06-25,453286,Cleveland Guardians,22,4,5.0,0
2025-06-30,453286,New York Yankees,18,7,5.0,1
2025-07-05,453286,Los Angeles Angels,19,4,4.0,1
2025-07-11,453286,Athletics,24,8,6.0,0
2025-07-22,453286,New York Yankees,21,4,5.0,1
2025-07-27,453286,Detroit Tigers,24,11,7.0,0
2025-08-02,453286,Kansas City Royals,24,5,6.0,1
2025-08-08,453286,Los Angeles Dodgers,26,5,6.0,0
2025-08-14,453286,Chicago Cubs,27,3,7.0,1
2025-08-19,453286,Pittsburgh Pirates,24,4,6.0,0
2025-08-25,453286,Minnesota Twins,23,5,6.0,1
2025-08-31,453286,Milwaukee Brewers,19,1,4.0,1
2025-09-07,453286,New York Yankees,20,8,4.33,0
2025-09-13,453286,Baltimore Orioles,21,5,5.0,1
2025-09-19,453286,Kansas City Royals,10,2,0.67,0
2025-09-24,453286,Boston Red Sox,25,5,5.0,1
2025-04-03,471911,Arizona Diamondbacks,22,5,5.33,1
2025-04-08,471911,Detroit Tigers,19,3,4.33,0
2025-04-14,471911,Kansas City Royals,18,4,5.0,1
2025-04-19,471911,Tampa Bay Rays,20,1,4.0,0
2025-04-25,471911,Toronto Blue Jays,19,2,5.0,1
2025-04-30,471911,Baltimore Orioles,18,5,3.33,0
2025-07-31,471911,Cincinnati Reds,27,5,6.0,0
2025-08-07,471911,Miami Marlins,28,2,5.67,1
2025-08-13,471911,New York Mets,15,2,2.0,0
2025-05-17,477132,Los Angeles Angels,20,2,4.0,1
2025-05-23,477132,New York Mets,6,1,2.0,0
2025-05-28,477132,Cleveland Guardians,21,3,5.0,0
2025-06-03,477132,New York Mets,23,2,4.67,1
2025-06-08,477132,St. Louis Cardinals,21,7,5.0,0
2025-06-14,477132,San Francisco Giants,24,5,7.0,1
2025-06-20,477132,Washington Nationals,21,4,5.0,1
2025-06-26,477132,Colorado Rockies,20,5,6.0,0
2025-07-02,477132,Chicago White Sox,27,3,6.0,1
2025-07-08,477132,Milwaukee Brewers,24,3,6.0,0
2025-07-20,477132,Milwaukee Brewers,21,2,4.33,1
2025-07-26,477132,Boston Red Sox,21,2,4.67,0
2025-08-01,477132,Tampa Bay Rays,24,3,6.0,0
2025-08-08,477132,Toronto Blue Jays,23,4,6.0,1
2025-08-15,477132,San Diego Padres,20,3,6.0,1
2025-08-21,477132,Colorado Rockies,23,3,5.67,0
2025-08-26,477132,Cincinnati Reds,17,6,5.0,1
2025-09-02,477132,Pittsburgh Pirates,22,3,5.0,0
2025-09-07,477132,Baltimore Orioles,22,8,5.67,0
2025-09-13,477132,San Francisco Giants,18,2,3.0,0
2025-09-19,477132,San Francisco Giants,21,6,4.33,1
2025-09-28,477132,Seattle Mariners,21,7,5.33,0
2025-04-11,500779,Arizona Diamondbacks,22,2,7.0,0
2025-04-16,500779,Detroit Tigers,24,4,5.67,1
2025-04-22,500779,San Francisco Giants,24,3,6.0,0
2025-04-27,500779,St. Louis Cardinals,23,6,5.0,0
2025-05-03,500779,Chicago Cubs,23,6,5.0,1
2025-05-09,500779,Tampa Bay Rays,22,3,5.33,0
2025-06-01,500779,Philadelphia Phillies,23,3,5.0,0
2025-06-07,500779,San Diego Padres,23,4,5.0,1
2025-06-14,500779,St. Louis Cardinals,24,4,4.33,1
2025-06-21,500779,Minnesota Twins,24,1,6.0,0
2025-06-27,500779,Colorado Rockies,26,5,5.67,1
2025-07-03,500779,New York Mets,21,3,5.33,0
2025-07-09,500779,Los Angeles Dodgers,24,4,6.0,1
2025-07-20,500779,Los Angeles Dodgers,23,5,6.0,0
2025-07-26,500779,Miami Marlins,23,2,5.0,1
2025-08-01,500779,Washington Nationals,23,4,5.0,0
2025-08-06,500779,Atlanta Braves,25,7,6.0,0
2025-08-11,500779,Pittsburgh Pirates,22,3,6.0,1
2025-08-17,500779,Cincinnati Reds,25,4,6.33,0
2025-08-22,500779,San Francisco Giants,20,2,5.33,1
2025-08-28,500779,Arizona Diamondbacks,22,2,3.67,1
2025-09-03,500779,Philadelphia Phillies,27,6,6.33,1
2025-09-08,500779,Texas Rangers,26,4,6.67,0
2025-09-14,500779,St. Louis Cardinals,17,2,4.0,1
2025-07-07,506433,Arizona Diamondbacks,18,5,3.67,1
2025-07-12,506433,Philadelphia Phillies,22,2,4.67,1
2025-07-19,506433,Washington Nationals,20,1,5.0,0
2025-07-24,506433,St. Louis Cardinals,20,3,3.33,0
2025-07-30,506433,New York Mets,23,7,7.0,1
2025-08-05,506433,Arizona Diamondbacks,16,5,4.0,0
2025-08-11,506433,San Francisco Giants,21,6,6.0,0
2025-08-17,506433,Los Angeles Dodgers,17,5,4.0,0
2025-08-22,506433,Los Angeles Dodgers,20,5,6.0,1
2025-08-27,506433,Seattle Mariners,17,3,4.0,0
2025-09-02,506433,Baltimore Orioles,20,6,4.0,1
2025-09-08,506433,Cincinnati Reds,23,7,5.67,1
2025-09-14,506433,Colorado Rockies,20,5,5.0,1
2025-09-20,506433,Chicago White Sox,19,4,4.67,0
2025-09-26,506433,Arizona Diamondbacks,20,4,5.0,1
2025-07-21,518489,Kansas City Royals,3,1,1.0,1
2025-03-28,518876,Chicago Cubs,23,1,5.33,1
2025-04-03,518876,New York Yankees,23,2,3.67,0
2025-04-08,518876,Baltimore Orioles,24,4,6.0,1
2025-04-15,518876,Miami Marlins,22,9,6.0,0
2025-04-20,518876,Chicago Cubs,20,5,5.67,0
2025-04-26,518876,Atlanta Braves,23,4,6.0,1
2025-05-02,518876,Philadelphia Phillies,18,2,5.0,0
2025-05-07,518876,New York Mets,26,6,6.33,1
2025-05-12,518876,San Francisco Giants,27,8,7.0,0
2025-05-18,518876,Colorado Rockies,24,11,7.0,1
2025-05-24,518876,St. Louis Cardinals,25,6,6.0,0
2025-05-30,518876,Washington Nationals,24,6,5.0,1
2025-06-04,518876,Atlanta Braves,23,8,7.0,0
2025-06-09,518876,Seattle Mariners,22,7,6.0,1
2025-06-15,518876,San Diego Padres,23,7,5.0,1
2025-06-21,518876,Colorado Rockies,25,7,6.0,0
2025-06-27,518876,Miami Marlins,23,7,5.0,1
2025-07-02,518876,San Francisco Giants,26,3,6.0,1
2025-07-08,518876,San Diego Padres,23,4,7.0,0
2025-07-13,518876,Los Angeles Angels,19,6,5.0,0
2025-07-20,518876,St. Louis Cardinals,24,5,6.0,1
2025-07-26,518876,Pittsburgh Pirates,27,3,6.67,0
2025-08-02,518876,Seattle Mariners,22,6,5.67,0
2025-08-08,518876,Philadelphia Phillies,23,4,4.33,1
2025-08-13,518876,Arizona Diamondbacks,25,5,6.0,1
2025-08-19,518876,Kansas City Royals,20,3,6.0,0
2025-08-24,518876,Cleveland Guardians,26,8,7.0,1
2025-08-30,518876,Athletics,25,2,6.33,0
2025-09-05,518876,Houston Astros,27,7,7.0,1
2025-09-10,518876,Milwaukee Brewers,27,6,5.67,1
2025-09-16,518876,Houston Astros,19,1,3.0,0
2025-09-21,518876,Miami Marlins,20,4,4.33,1
2025-05-31,519141,Cincinnati Reds,3,1,1.0,1
2025-06-05,519141,Washington Nationals,3,0,1.0,0
2025-07-05,519141,St. Louis Cardinals,4,1,0.33,1
2025-09-07,519141,Washington Nationals,3,2,1.0,1
2025-03-27,519242,San Diego Padres,22,7,5.0,0
2025-04-01,519242,Los Angeles Dodgers,21,5,5.0,0
2025-04-08,519242,Philadelphia Phillies,23,5,4.67,1
2025-04-13,519242,Tampa Bay Rays,22,7,4.33,0
2025-04-19,519242,Minnesota Twins,22,8,4.33,1
2025-04-25,519242,Arizona Diamondbacks,22,4,5.0,0
2025-04-30,519242,Colorado Rockies,25,10,7.0,0
2025-05-06,519242,Cincinnati Reds,28,10,6.67,1
2025-05-11,519242,Pittsburgh Pirates,27,8,5.67,0
2025-05-16,519242,Boston Red Sox,25,8,7.0,0
2025-05-23,519242,San Diego Padres,25,6,7.0,1
2025-05-29,519242,Philadelphia Phillies,24,8,6.0,0
2025-06-04,519242,Arizona Diamondbacks,25,10,6.0,1
2025-06-09,519242,Milwaukee Brewers,27,11,7.0,0
2025-06-18,519242,New York Mets,32,7,8.67,1
2025-08-30,519242,Philadelphia Phillies,21,9,6.0,0
2025-09-05,519242,Seattle Mariners,24,9,6.67,1
2025-09-10,519242,Chicago Cubs,23,9,5.0,1
2025-09-16,519242,Washington Nationals,27,9,8.0,0
2025-09-22,519242,Washington Nationals,23,6,5.0,1
2025-03-31,527048,Minnesota Twins,22,9,6.0,1
2025-04-06,527048,Detroit Tigers,24,4,6.33,0
2025-04-12,527048,Boston Red Sox,21,5,4.67,1
2025-04-18,527048,Boston Red Sox,16,0,3.0,0
2025-08-20,527048,Atlanta Braves,20,5,5.33,0
2025-08-26,527048,Kansas City Royals,22,5,7.0,1
2025-08-31,527048,New York Yankees,25,7,6.0,1
2025-09-06,527048,Detroit Tigers,21,0,4.0,0
2025-09-12,527048,Cleveland Guardians,24,3,6.67,0
2025-09-17,527048,Baltimore Orioles,18,2,3.67,1
2025-03-31,542881,St. Louis Cardinals,22,4,5.0,0
2025-04-06,542881,Cleveland Guardians,21,5,5.0,1
2025-04-12,542881,Houston Astros,22,6,5.67,0
2025-04-18,542881,San Francisco Giants,23,6,6.0,1
2025-04-24,542881,Pittsburgh Pirates,24,1,6.0,1
2025-04-30,542881,Seattle Mariners,25,5,6.0,0
2025-05-06,542881,Toronto Blue Jays,27,7,6.67,1
2025-05-11,542881,Baltimore Orioles,22,5,5.0,1
2025-05-17,542881,Los Angeles Dodgers,23,4,5.0,0
2025-05-22,542881,Athletics,26,0,4.67,0
2025-05-27,542881,New York Yankees,25,3,6.0,1
2025-06-02,542881,Boston Red Sox,22,5,4.33,0
2025-06-08,542881,Seattle Mariners,25,6,4.67,1
2025-06-14,542881,Baltimore Orioles,25,4,5.0,0
2025-06-19,542881,New York Yankees,25,4,6.0,0
2025-06-24,542881,Boston Red Sox,18,5,4.67,1
2025-07-01,542881,Atlanta Braves,24,7,6.0,0
2025-07-06,542881,Toronto Blue Jays,24,2,5.0,0
2025-07-11,542881,Arizona Diamondbacks,25,3,5.0,1
2025-07-21,542881,New York Mets,27,4,6.0,0
2025-07-26,542881,Seattle Mariners,19,1,4.67,1
2025-08-01,542881,Chicago White Sox,26,5,6.0,1
2025-08-06,542881,Tampa Bay Rays,18,5,4.0,1
2025-08-16,542881,Athletics,19,1,4.0,0
2025-08-22,542881,Chicago Cubs,20,5,5.0,1
2025-08-29,542881,Houston Astros,22,1,5.0,0
2025-06-13,542888,Chicago White Sox,9,5,3.0,1
2025-06-19,542888,Kansas City Royals,5,1,1.0,1
2025-06-22,543056,Milwaukee Brewers,5,2,1.0,1
2025-07-06,543101,Kansas City Royals,17,6,4.0,1
2025-08-01,543101,Athletics,16,0,2.33,0
2025-08-06,543101,San Diego Padres,16,4,4.33,1
2025-08-12,543101,Texas Rangers,15,3,3.0,0
2025-03-27,543135,Boston Red Sox,21,9,6.0,1
2025-04-01,543135,Cincinnati Reds,30,8,9.0,0
2025-04-07,543135,Chicago Cubs,22,4,4.67,0
2025-04-13,543135,Seattle Mariners,22,3,5.0,0
2025-04-19,543135,Los Angeles Dodgers,23,7,6.0,1
2025-04-25,543135,San Francisco Giants,22,7,6.0,0
2025-04-30,543135,Athletics,23,8,6.0,1
2025-05-06,543135,Boston Red Sox,23,7,6.0,0
2025-05-11,543135,Detroit Tigers,24,7,7.0,0
2025-05-16,543135,Houston Astros,22,5,5.67,1
2025-05-22,543135,New York Yankees,25,6,6.0,0
2025-05-27,543135,Toronto Blue Jays,9,2,2.0,1
2025-06-27,543135,Seattle Mariners,15,2,3.0,1
2025-07-02,543135,Baltimore Orioles,17,5,5.0,1
2025-07-08,543135,Los Angeles Angels,23,6,6.0,0
2025-07-13,543135,Houston Astros,27,8,7.67,0
2025-07-25,543135,Atlanta Braves,21,7,5.0,1
2025-07-30,543135,Los Angeles Angels,27,4,7.0,0
2025-08-05,543135,New York Yankees,25,6,8.0,1
2025-08-11,543135,Arizona Diamondbacks,24,3,5.0,1
2025-08-17,543135,Toronto Blue Jays,26,6,7.0,0
2025-08-22,543135,Cleveland Guardians,25,9,7.0,1
2025-03-27,543243,Minnesota Twins,20,6,5.0,1
2025-04-02,543243,Los Angeles Angels,25,9,6.0,1
2025-04-08,543243,Pittsburgh Pirates,17,4,5.0,0
2025-04-14,543243,Houston Astros,23,4,7.0,1
2025-04-20,543243,New York Mets,26,6,6.0,0
2025-04-26,543243,Milwaukee Brewers,27,4,6.0,1
2025-05-02,543243,New York Mets,23,6,4.33,1
2025-05-07,543243,Pittsburgh Pirates,25,8,7.0,1
2025-05-14,543243,Philadelphia Phillies,20,4,3.67,0
2025-05-19,543243,Detroit Tigers,21,10,6.0,1
2025-05-25,543243,Arizona Diamondbacks,27,5,6.0,1
2025-05-31,543243,Texas Rangers,25,10,7.0,0
2025-06-06,543243,Los Angeles Dodgers,27,5,6.33,1
2025-06-12,543243,Milwaukee Brewers,20,4,4.33,0
2025-06-21,543243,Cincinnati Reds,21,5,5.0,1
2025-06-27,543243,Cleveland Guardians,28,11,9.0,0
2025-07-02,543243,Pittsburgh Pirates,25,6,6.33,0
2025-07-08,543243,Washington Nationals,20,6,5.0,1
2025-07-13,543243,Atlanta Braves,12,5,3.0,1
2025-07-19,543243,Arizona Diamondbacks,21,5,3.33,0
2025-07-24,543243,San Diego Padres,27,5,5.0,1
2025-07-29,543243,Miami Marlins,23,5,5.0,1
2025-08-04,543243,Los Angeles Dodgers,23,8,7.0,0
2025-08-10,543243,Chicago Cubs,26,7,7.0,1
2025-08-16,543243,New York Yankees,25,7,5.0,1
2025-08-21,543243,Tampa Bay Rays,22,6,5.0,0
2025-08-27,543243,Pittsburgh Pirates,28,7,7.0,1
2025-09-01,543243,Athletics,30,5,6.0,1
2025-09-07,543243,San Francisco Giants,22,6,5.33,1
2025-09-13,543243,Milwaukee Brewers,19,8,5.0,0
2025-09-19,543243,Milwaukee Brewers,27,7,6.0,1
2025-09-24,543243,San Francisco Giants,28,7,6.0,0
2025-04-01,543294,St. Louis Cardinals,24,4,6.0,0
2025-04-08,543294,Tampa Bay Rays,17,4,5.0,0
2025-04-13,543294,Houston Astros,18,1,4.0,0
2025-04-19,543294,San Francisco Giants,20,1,5.0,1
2025-04-25,543294,Minnesota Twins,19,3,3.0,0
2025-05-03,543294,Detroit Tigers,26,3,7.67,1
2025-05-09,543294,Baltimore Orioles,24,5,5.0,1
2025-05-14,543294,San Diego Padres,24,4,6.0,0
2025-05-20,543294,Athletics,26,3,5.67,0
2025-05-25,543294,Miami Marlins,25,5,6.0,1
2025-05-31,543294,Cleveland Guardians,28,6,5.67,0
2025-06-06,543294,Seattle Mariners,27,2,6.0,1
2025-06-11,543294,Athletics,25,3,6.0,1
2025-06-17,543294,New York Yankees,23,9,6.0,0
2025-06-22,543294,Houston Astros,25,2,5.0,1
2025-06-28,543294,Washington Nationals,20,5,5.0,1
2025-07-04,543294,Toronto Blue Jays,20,2,5.33,0
2025-07-09,543294,Texas Rangers,19,3,3.67,1
2025-07-22,543294,New York Mets,19,2,4.67,0
2025-07-27,543294,Seattle Mariners,21,3,6.0,1
2025-08-02,543294,Chicago White Sox,19,2,5.0,1
2025-08-08,543294,Detroit Tigers,20,6,5.0,0
2025-08-13,543294,Los Angeles Dodgers,19,4,3.33,1
2025-08-19,543294,Cincinnati Reds,26,3,6.0,1
2025-08-24,543294,Chicago Cubs,21,2,4.33,1
2025-08-30,543294,Houston Astros,25,2,6.0,0
2025-09-04,543294,Kansas City Royals,22,0,6.0,0
2025-09-09,543294,Minnesota Twins,25,6,7.0,1
2025-09-14,543294,Seattle Mariners,22,6,3.33,0
2025-09-20,543294,Colorado Rockies,24,5,7.0,0
2025-09-26,543294,Houston Astros,22,8,5.0,1
2025-04-01,547179,Milwaukee Brewers,24,7,5.33,0
2025-04-07,547179,Minnesota Twins,23,3,6.0,1
2025-04-12,547179,Cleveland Guardians,25,4,5.67,0
2025-04-17,547179,Detroit Tigers,24,3,4.67,0
2025-04-24,547179,Colorado Rockies,26,7,6.0,1
2025-04-29,547179,Tampa Bay Rays,24,4,6.0,0
2025-05-04,547179,Baltimore Orioles,22,5,4.67,0
2025-05-09,547179,Boston Red Sox,25,7,7.0,1
2025-05-14,547179,Houston Astros,27,5,7.33,0
2025-05-20,547179,San Francisco Giants,23,5,4.67,0
2025-05-26,547179,Cincinnati Reds,29,2,5.0,1
2025-06-03,547179,St. Louis Cardinals,16,2,2.67,0
2025-06-08,547179,Chicago White Sox,21,7,6.0,0
2025-06-14,547179,Athletics,25,4,6.0,1
2025-06-20,547179,San Diego Padres,23,4,5.33,0
2025-06-26,547179,Tampa Bay Rays,24,4,5.67,1
2025-07-01,547179,Seattle Mariners,19,5,4.67,0
2025-07-06,547179,Arizona Diamondbacks,24,7,7.0,0
2025-08-16,547179,Chicago White Sox,17,3,4.0,1
2025-08-21,547179,Texas Rangers,25,6,4.33,1
2025-08-26,547179,Chicago White Sox,21,6,5.0,0
2025-09-02,547179,Los Angeles Angels,23,5,6.0,1
2025-09-07,547179,Minnesota Twins,22,5,5.33,1
2025-09-12,547179,Philadelphia Phillies,20,3,3.0,0
2025-09-19,547179,Toronto Blue Jays,29,4,7.67,1
2025-09-25,547179,Los Angeles Angels,22,9,5.67,0
2025-03-27,554430,Washington Nationals,20,8,6.0,0
2025-04-02,554430,Colorado Rockies,24,10,7.0,1
2025-04-08,554430,Atlanta Braves,27,7,5.33,0
2025-04-13,554430,St. Louis Cardinals,25,3,6.0,0
2025-04-18,554430,Miami Marlins,26,13,7.0,1
2025-04-23,554430,New York Mets,25,9,6.0,0
2025-04-29,554430,Washington Nationals,27,7,6.67,1
2025-05-06,554430,Tampa Bay Rays,24,9,7.0,0
2025-05-11,554430,Cleveland Guardians,25,8,7.0,0
2025-05-17,554430,Pittsburgh Pirates,21,6,6.0,1
2025-05-23,554430,Athletics,25,8,6.67,0
2025-05-29,554430,Atlanta Braves,24,6,5.33,1
2025-06-09,554430,Chicago Cubs,23,7,6.0,1
2025-06-15,554430,Toronto Blue Jays,22,9,6.0,1
2025-06-20,554430,New York Mets,21,8,5.0,1
2025-06-25,554430,Houston Astros,24,8,6.0,0
2025-06-30,554430,San Diego Padres,30,10,8.0,1
2025-07-06,554430,Cincinnati Reds,28,12,9.0,1
2025-07-12,554430,San Diego Padres,26,6,6.0,0
2025-07-21,554430,Boston Red Sox,24,10,6.0,1
2025-07-27,554430,New York Yankees,26,8,5.67,0
2025-08-02,554430,Detroit Tigers,27,10,6.0,1
2025-08-10,554430,Texas Rangers,21,7,5.0,0
2025-08-15,554430,Washington Nationals,20,6,5.0,0
2025-03-30,571510,Arizona Diamondbacks,22,5,5.0,0
2025-04-05,571510,San Diego Padres,23,5,6.0,1
2025-04-11,571510,Los Angeles Dodgers,26,7,6.0,0
2025-04-16,571510,San Diego Padres,24,3,5.33,0
2025-04-23,571510,Los Angeles Dodgers,28,4,6.0,1
2025-04-30,571510,Pittsburgh Pirates,22,6,5.0,0
2025-05-05,571510,San Francisco Giants,23,7,6.0,1
2025-05-11,571510,New York Mets,24,8,6.0,0
2025-05-17,571510,Chicago White Sox,22,8,6.0,1
2025-05-23,571510,Cincinnati Reds,22,3,4.0,0
2025-05-28,571510,Colorado Rockies,21,8,6.0,1
2025-06-04,571510,Washington Nationals,26,6,7.33,0
2025-06-09,571510,Philadelphia Phillies,25,0,6.0,0
2025-06-14,571510,Pittsburgh Pirates,19,3,6.0,1
2025-06-20,571510,Seattle Mariners,19,6,5.0,1
2025-06-25,571510,St. Louis Cardinals,22,3,6.0,0
2025-07-01,571510,Cleveland Guardians,26,5,7.0,1
2025-07-06,571510,St. Louis Cardinals,19,9,5.0,1
2025-07-12,571510,New York Yankees,27,6,8.0,0
2025-07-22,571510,Kansas City Royals,25,6,7.0,1
2025-07-28,571510,Milwaukee Brewers,25,2,5.0,0
2025-08-02,571510,Baltimore Orioles,24,8,7.0,1
2025-08-08,571510,St. Louis Cardinals,21,3,5.0,0
2025-08-14,571510,Toronto Blue Jays,23,5,7.0,0
2025-08-19,571510,Milwaukee Brewers,25,3,5.33,1
2025-08-26,571510,San Francisco Giants,24,8,5.33,0
2025-08-31,571510,Colorado Rockies,25,5,6.0,0
2025-09-06,571510,Washington Nationals,26,3,7.0,1
2025-09-12,571510,Tampa Bay Rays,21,1,5.0,1
2025-09-17,571510,Pittsburgh Pirates,19,5,3.0,0
2025-09-24,571510,New York Mets,20,3,5.33,1
2025-04-08,571578,Chicago Cubs,19,0,4.0,0
2025-04-16,571578,Los Angeles Angels,20,6,5.33,1
2025-04-22,571578,Athletics,24,4,5.0,0
2025-04-28,571578,Athletics,21,5,4.67,1
2025-05-03,571578,Seattle Mariners,23,2,5.67,1
2025-05-09,571578,Detroit Tigers,27,3,7.0,0
2025-05-14,571578,Colorado Rockies,23,9,6.0,1
2025-05-20,571578,New York Yankees,20,3,5.0,0
2025-05-25,571578,Chicago White Sox,22,6,5.33,0
2025-05-31,571578,St. Louis Cardinals,21,3,5.33,1
2025-06-06,571578,Washington Nationals,29,2,8.0,0
2025-06-12,571578,Minnesota Twins,24,6,5.0,0
2025-06-18,571578,Kansas City Royals,22,4,5.0,1
2025-06-23,571578,Baltimore Orioles,24,6,5.0,0
2025-06-30,571578,Baltimore Orioles,27,6,6.0,1
2025-07-05,571578,San Diego Padres,25,3,6.0,0
2025-07-10,571578,Los Angeles Angels,22,6,5.0,0
2025-07-18,571578,Detroit Tigers,21,6,5.67,1
2025-07-23,571578,Athletics,22,7,5.67,1
2025-07-29,571578,Los Angeles Angels,21,6,5.0,0
2025-08-04,571578,New York Yankees,18,3,3.0,1
2025-08-10,571578,Philadelphia Phillies,19,1,4.33,1
2025-08-16,571578,Toronto Blue Jays,15,2,2.33,0
2025-08-21,571578,Kansas City Royals,19,2,3.67,0
2025-08-26,571578,Los Angeles Angels,27,8,8.0,1
2025-09-01,571578,Arizona Diamondbacks,23,5,5.67,0
2025-09-07,571578,Houston Astros,21,5,5.67,1
2025-09-13,571578,New York Mets,21,5,4.33,0
2025-09-23,571578,Minnesota Twins,18,2,3.67,1
2025-09-28,571578,Cleveland Guardians,19,5,4.0,0
2025-03-30,571760,Miami Marlins,20,2,5.0,0
2025-04-06,571760,New York Yankees,27,10,7.0,1
2025-04-12,571760,Cincinnati Reds,23,6,6.0,0
2025-04-17,571760,Washington Nationals,28,4,7.33,1
2025-04-23,571760,Los Angeles Angels,20,9,6.0,0
2025-04-29,571760,Chicago Cubs,21,0,4.67,1
2025-05-04,571760,San Diego Padres,23,3,3.67,1
2025-05-10,571760,Atlanta Braves,25,2,6.0,1
2025-05-16,571760,Philadelphia Phillies,22,2,5.0,0
2025-05-21,571760,Cincinnati Reds,20,4,5.0,1
2025-05-26,571760,Arizona Diamondbacks,25,2,5.0,0
2025-06-01,571760,San Diego Padres,22,3,5.67,0
2025-06-07,571760,Philadelphia Phillies,21,5,6.0,1
2025-06-12,571760,Chicago Cubs,22,7,6.0,0
2025-06-19,571760,Detroit Tigers,23,2,4.0,0
2025-06-24,571760,Milwaukee Brewers,21,3,4.0,0
2025-06-30,571760,St. Louis Cardinals,22,7,6.67,1
2025-07-07,571760,Kansas City Royals,17,2,3.0,0
2025-07-20,571760,Chicago White Sox,23,1,4.0,1
2025-07-26,571760,Arizona Diamondbacks,18,4,5.0,1
2025-08-01,571760,Colorado Rockies,18,1,3.33,0
2025-08-06,571760,San Francisco Giants,18,1,4.67,1
2025-08-11,571760,Milwaukee Brewers,25,3,4.0,0
2025-04-16,571927,Houston Astros,17,5,5.0,1
2025-04-30,571927,Cincinnati Reds,17,6,4.0,0
2025-03-31,571945,Los Angeles Angels,20,3,5.33,1
2025-04-06,571945,Boston Red Sox,20,1,2.67,0
2025-04-12,571945,Philadelphia Phillies,20,6,5.0,1
2025-04-18,571945,New York Mets,21,1,4.67,0
2025-04-23,571945,Atlanta Braves,25,2,6.0,0
2025-04-30,571945,Cincinnati Reds,21,4,5.33,0
2025-05-05,571945,Pittsburgh Pirates,21,1,5.0,1
2025-05-11,571945,Washington Nationals,20,5,5.33,0
2025-05-17,571945,Kansas City Royals,22,4,6.0,0
2025-05-23,571945,Arizona Diamondbacks,23,4,6.0,1
2025-05-28,571945,Baltimore Orioles,21,3,4.0,0
2025-06-05,571945,Kansas City Royals,26,2,6.0,1
2025-06-10,571945,Toronto Blue Jays,24,2,5.0,1
2025-06-15,571945,Milwaukee Brewers,24,7,6.0,0
2025-06-22,571945,Cincinnati Reds,20,6,5.0,1
2025-06-28,571945,Cleveland Guardians,20,5,4.0,0
2025-07-04,571945,Chicago Cubs,28,4,6.0,0
2025-07-10,571945,Washington Nationals,20,6,5.67,1
2025-07-20,571945,Arizona Diamondbacks,19,3,4.0,0
2025-07-25,571945,San Diego Padres,21,1,5.0,1
2025-07-30,571945,Miami Marlins,23,5,6.0,1
2025-08-05,571945,Los Angeles Dodgers,16,1,3.0,0
2025-08-11,571945,Colorado Rockies,26,3,6.67,1
2025-08-17,571945,New York Yankees,23,1,5.0,1
2025-08-22,571945,Tampa Bay Rays,18,1,2.67,0
2025-08-28,571945,Pittsburgh Pirates,21,5,5.0,1
2025-09-02,571945,Athletics,23,0,6.0,1
2025-09-08,571945,Seattle Mariners,19,2,5.0,0
2025-09-14,571945,Milwaukee Brewers,20,5,5.0,0
2025-09-20,571945,Milwaukee Brewers,24,3,5.0,1
2025-09-26,571945,Chicago Cubs,20,4,5.0,0
2025-03-30,573186,Milwaukee Brewers,20,3,4.67,1
2025-04-05,573186,Pittsburgh Pirates,18,3,4.0,0
2025-04-11,573186,San Francisco Giants,9,1,0.67,1
2025-06-29,573186,Athletics,19,1,5.0,1
2025-07-04,573186,New York Mets,23,4,5.0,0
2025-07-10,573186,Seattle Mariners,23,3,5.0,1
2025-07-20,573186,Atlanta Braves,22,4,6.0,0
2025-07-26,573186,Philadelphia Phillies,20,4,3.67,1
2025-07-31,573186,Tampa Bay Rays,21,3,5.0,1
2025-03-27,579328,Chicago White Sox,23,5,6.0,0
2025-04-02,579328,St. Louis Cardinals,26,6,6.0,0
2025-04-09,579328,Tampa Bay Rays,25,5,6.0,0
2025-04-15,579328,Texas Rangers,22,6,6.0,0
2025-04-20,579328,San Francisco Giants,25,6,5.33,1
2025-04-26,579328,Minnesota Twins,19,0,2.0,0
2025-05-01,579328,Detroit Tigers,22,5,5.0,1
2025-05-07,579328,Toronto Blue Jays,23,6,6.0,1
2025-05-12,579328,San Diego Padres,26,4,6.0,0
2025-05-18,579328,Los Angeles Dodgers,24,7,5.67,0
2025-05-23,579328,Miami Marlins,26,4,5.67,1
2025-05-28,579328,New York Yankees,23,4,5.0,1
2025-06-03,579328,Boston Red Sox,26,5,5.0,0
2025-06-09,579328,Athletics,24,5,7.33,1
2025-06-15,579328,Baltimore Orioles,25,10,5.67,0
2025-06-20,579328,Houston Astros,26,9,7.0,1
2025-06-25,579328,Boston Red Sox,26,12,7.0,1
2025-07-02,579328,Atlanta Braves,24,7,5.67,0
2025-07-07,579328,Texas Rangers,23,4,5.0,1
2025-07-12,579328,Arizona Diamondbacks,24,5,5.67,1
2025-07-19,579328,Philadelphia Phillies,22,8,5.0,0
2025-07-24,579328,Seattle Mariners,23,4,4.67,1
2025-07-29,579328,Texas Rangers,26,5,5.33,1
2025-08-04,579328,Tampa Bay Rays,24,7,6.0,1
2025-08-09,579328,Detroit Tigers,24,7,5.0,0
2025-08-15,579328,Athletics,20,3,4.0,0
2025-08-20,579328,Cincinnati Reds,26,4,7.0,1
2025-08-26,579328,Texas Rangers,19,3,4.0,0
2025-09-01,579328,Houston Astros,26,6,5.67,0
2025-09-06,579328,Athletics,16,1,2.0,1
2025-09-12,579328,Seattle Mariners,22,3,6.0,0
2025-09-18,579328,Milwaukee Brewers,24,2,5.67,0
2025-09-24,579328,Kansas City Royals,18,6,5.0,1
2025-03-28,592332,Baltimore Orioles,22,4,6.0,1
2025-04-04,592332,New York Mets,19,0,5.33,0
2025-04-09,592332,Boston Red Sox,27,10,8.0,0
2025-04-15,592332,Atlanta Braves,23,6,6.0,1
2025-04-21,592332,Houston Astros,25,6,6.0,0
2025-04-27,592332,New York Yankees,16,2,2.67,0
2025-05-03,592332,Cleveland Guardians,20,9,6.0,1
2025-05-09,592332,Seattle Mariners,23,3,5.33,0
2025-05-15,592332,Tampa Bay Rays,26,6,5.67,1
2025-05-21,592332,San Diego Padres,24,9,7.0,1
2025-05-26,592332,Texas Rangers,29,6,8.0,0
2025-06-01,592332,Athletics,24,7,4.67,1
2025-06-07,592332,Minnesota Twins,24,5,6.0,0
2025-06-13,592332,Philadelphia Phillies,22,7,5.0,0
2025-06-19,592332,Arizona Diamondbacks,24,4,4.33,1
2025-06-26,592332,Cleveland Guardians,28,6,8.0,0
2025-07-01,592332,New York Yankees,25,3,5.0,1
2025-07-06,592332,Los Angeles Angels,27,9,5.67,1
2025-07-12,592332,Athletics,23,2,5.0,0
2025-07-21,592332,New York Yankees,27,8,7.0,1
2025-07-26,592332,Detroit Tigers,20,10,6.0,0
2025-08-01,592332,Kansas City Royals,24,5,6.0,1
2025-08-06,592332,Colorado Rockies,27,8,7.0,0
2025-08-13,592332,Chicago Cubs,25,3,7.0,1
2025-08-18,592332,Pittsburgh Pirates,21,4,5.0,0
2025-08-24,592332,Miami Marlins,26,7,6.0,0
2025-08-30,592332,Milwaukee Brewers,24,8,7.0,1
2025-09-05,592332,New York Yankees,29,5,8.0,0
2025-09-11,592332,Houston Astros,30,9,9.0,1
2025-09-17,592332,Tampa Bay Rays,24,6,6.0,0
2025-09-23,592332,Boston Red Sox,27,7,5.67,1
2025-09-28,592332,Tampa Bay Rays,20,5,3.67,1
2025-03-30,592662,Cincinnati Reds,20,4,5.33,0
2025-04-05,592662,Seattle Mariners,24,2,6.0,1
2025-04-11,592662,New York Yankees,18,7,4.0,0
2025-04-16,592662,Philadelphia Phillies,23,8,4.0,0
2025-04-21,592662,Milwaukee Brewers,22,4,5.0,1
2025-04-26,592662,Texas Rangers,27,8,7.0,1
2025-05-02,592662,Colorado Rockies,24,8,7.0,1
2025-05-07,592662,Chicago Cubs,23,5,6.0,0
2025-05-13,592662,Arizona Diamondbacks,28,9,6.0,1
2025-05-19,592662,Kansas City Royals,26,7,7.0,1
2025-05-25,592662,Washington Nationals,21,7,6.0,0
2025-05-31,592662,Miami Marlins,25,9,7.0,0
2025-06-05,592662,San Diego Padres,25,9,7.0,1
2025-06-11,592662,Colorado Rockies,21,5,4.0,0
2025-06-17,592662,Cleveland Guardians,26,5,6.0,1
2025-06-22,592662,Boston Red Sox,24,7,5.0,1
2025-06-28,592662,Chicago White Sox,23,6,6.0,0
2025-07-03,592662,Arizona Diamondbacks,31,7,9.0,0
2025-07-08,592662,Philadelphia Phillies,24,5,5.67,1
2025-07-13,592662,Los Angeles Dodgers,23,6,6.0,1
2025-07-20,592662,Toronto Blue Jays,22,3,4.33,0
2025-07-26,592662,New York Mets,25,3,5.67,1
2025-08-01,592662,New York Mets,26,6,7.0,0
2025-08-06,592662,Pittsburgh Pirates,25,8,6.0,0
2025-08-12,592662,San Diego Padres,25,4,6.0,1
2025-08-18,592662,San Diego Padres,26,6,6.67,0
2025-08-24,592662,Milwaukee Brewers,23,0,5.0,0
2025-08-29,592662,Baltimore Orioles,22,5,4.33,1
2025-09-03,592662,Colorado Rockies,22,8,4.67,0
2025-09-09,592662,Arizona Diamondbacks,19,5,5.0,1
2025-09-14,592662,Los Angeles Dodgers,22,5,4.0,1
2025-09-19,592662,Los Angeles Dodgers,20,5,4.67,0
2025-03-28,592791,Arizona Diamondbacks,22,1,4.33,0
2025-04-02,592791,Athletics,25,7,6.0,0
2025-04-08,592791,Texas Rangers,24,6,6.0,1
2025-04-14,592791,San Diego Padres,21,4,5.33,0
2025-04-20,592791,Arizona Diamondbacks,20,6,5.0,1
2025-04-27,592791,Philadelphia Phillies,25,2,7.0,1
2025-05-03,592791,Milwaukee Brewers,22,5,6.0,0
2025-05-09,592791,New York Mets,22,4,4.0,0
2025-05-14,592791,Miami Marlins,22,7,6.0,1
2025-05-20,592791,Miami Marlins,27,2,7.0,0
2025-05-26,592791,Colorado Rockies,23,7,6.33,1
2025-06-01,592791,Cincinnati Reds,23,2,6.33,1
2025-06-07,592791,Detroit Tigers,25,5,7.0,0
2025-06-12,592791,Pittsburgh Pirates,24,7,6.33,1
2025-06-19,592791,Milwaukee Brewers,20,2,4.0,1
2025-06-24,592791,St. Louis Cardinals,22,3,4.0,0
2025-06-29,592791,Houston Astros,21,4,4.67,0
2025-08-19,592791,Milwaukee Brewers,24,4,6.0,1
2025-08-24,592791,Los Angeles Angels,18,3,5.0,0
2025-09-10,592791,Atlanta Braves,19,2,4.33,0
2025-09-15,592791,Pittsburgh Pirates,22,3,6.0,0
2025-09-21,592791,Cincinnati Reds,26,4,7.0,0
2025-09-27,592791,St. Louis Cardinals,22,8,6.0,1
2025-04-03,592836,Colorado Rockies,22,4,6.0,1
2025-04-09,592836,Atlanta Braves,22,5,4.67,0
2025-04-14,592836,San Francisco Giants,22,5,5.0,1
2025-04-19,592836,Miami Marlins,17,2,4.0,1
2025-04-25,592836,Chicago Cubs,17,4,3.0,0
2025-05-01,592836,Washington Nationals,25,2,5.67,1
2025-05-21,592836,Colorado Rockies,23,2,5.0,0
2025-05-30,592836,Milwaukee Brewers,20,6,4.0,1
2025-07-08,592836,San Francisco Giants,15,3,4.0,0
2025-07-19,592836,Los Angeles Angels,20,4,4.0,1
2025-07-25,592836,New York Yankees,23,3,5.67,0
2025-07-30,592836,Chicago White Sox,22,0,5.0,0
2025-08-05,592836,Baltimore Orioles,22,4,6.0,1
2025-08-11,592836,Cincinnati Reds,25,2,6.0,0
2025-08-16,592836,Washington Nationals,27,3,6.67,0
2025-08-22,592836,Washington Nationals,18,5,5.0,1
2025-08-27,592836,New York Mets,24,3,5.0,0
2025-09-01,592836,Milwaukee Brewers,21,2,4.0,0
2025-09-07,592836,Miami Marlins,28,1,6.0,0
2025-09-13,592836,Kansas City Royals,23,3,5.0,1
2025-09-19,592836,Arizona Diamondbacks,17,2,4.0,0
2025-04-01,592866,Toronto Blue Jays,23,3,5.0,0
2025-04-06,592866,Arizona Diamondbacks,22,6,5.0,1
2025-04-12,592866,Miami Marlins,23,2,4.67,0
2025-04-17,592866,Pittsburgh Pirates,21,5,5.0,0
2025-04-23,592866,Baltimore Orioles,22,5,5.0,1
2025-04-28,592866,New York Mets,23,5,5.33,1
2025-05-03,592866,Cincinnati Reds,26,4,5.33,0
2025-05-10,592866,St. Louis Cardinals,26,4,6.0,1
2025-05-15,592866,Atlanta Braves,20,4,4.33,0
2025-05-22,592866,Atlanta Braves,18,3,3.67,1
2025-05-28,592866,Seattle Mariners,20,2,6.0,0
2025-06-03,592866,Chicago Cubs,20,4,4.33,1
2025-06-08,592866,Texas Rangers,19,2,4.33,1
2025-06-14,592866,Miami Marlins,23,3,5.33,1
2025-06-19,592866,Colorado Rockies,24,6,5.33,1
2025-06-24,592866,San Diego Padres,24,3,5.0,0
2025-07-02,592866,Detroit Tigers,19,4,3.0,1
2025-06-24,593423,Atlanta Braves,20,5,5.0,1
2025-06-29,593423,Pittsburgh Pirates,20,5,4.0,0
2025-07-05,593423,New York Yankees,22,2,5.67,1
2025-07-12,593423,Kansas City Royals,19,5,5.0,0
2025-07-22,593423,Los Angeles Angels,26,6,5.67,1
2025-07-28,593423,San Diego Padres,23,3,4.33,0
2025-08-03,593423,San Francisco Giants,22,3,4.0,1
2025-03-30,593958,Chicago Cubs,21,5,5.33,1
2025-04-05,593958,Washington Nationals,20,12,5.0,0
2025-04-11,593958,Milwaukee Brewers,27,3,6.33,1
2025-04-17,593958,Miami Marlins,28,9,5.33,0
2025-04-23,593958,Tampa Bay Rays,27,5,6.67,1
2025-04-29,593958,New York Mets,22,1,4.0,0
2025-05-04,593958,Philadelphia Phillies,25,10,5.33,0
2025-05-09,593958,Los Angeles Dodgers,21,3,2.67,1
2025-05-14,593958,San Francisco Giants,20,4,4.0,0
2025-06-06,593958,Cincinnati Reds,21,3,5.0,0
2025-06-11,593958,Seattle Mariners,25,5,6.33,1
2025-06-18,593958,Toronto Blue Jays,23,4,4.67,0
2025-06-23,593958,Chicago White Sox,24,10,6.0,0
2025-06-29,593958,Miami Marlins,24,6,5.33,1
2025-07-04,593958,Kansas City Royals,26,7,4.33,1
2025-07-10,593958,San Diego Padres,22,3,4.0,0
2025-07-22,593958,Houston Astros,27,3,6.33,1
2025-07-28,593958,Detroit Tigers,27,5,6.0,0
2025-08-03,593958,Athletics,23,5,5.0,0
2025-08-09,593958,Colorado Rockies,27,2,5.33,1
2025-08-14,593958,Colorado Rockies,27,6,7.0,0
2025-08-19,593958,Cleveland Guardians,28,4,6.67,1
2025-08-25,593958,Milwaukee Brewers,14,1,2.33,0
2025-08-30,593958,Los Angeles Dodgers,24,4,6.0,0
2025-09-05,593958,Boston Red Sox,23,4,6.0,1
2025-09-10,593958,San Francisco Giants,23,6,6.33,0
2025-09-16,593958,San Francisco Giants,23,2,5.0,1
2025-09-21,593958,Philadelphia Phillies,27,5,6.0,1
2025-09-27,593958,San Diego Padres,25,6,6.0,0
2025-08-15,593974,Los Angeles Dodgers,4,2,1.33,0
2025-03-30,594798,Boston Red Sox,20,6,5.0,1
2025-04-05,594798,Tampa Bay Rays,24,3,5.67,1
2025-04-11,594798,Seattle Mariners,19,4,4.0,0
2025-04-18,594798,Los Angeles Dodgers,24,7,7.0,1
2025-04-24,594798,Athletics,22,6,5.33,0
2025-04-29,594798,Athletics,20,7,6.0,1
2025-05-04,594798,Seattle Mariners,20,3,5.0,1
2025-05-10,594798,Detroit Tigers,20,10,5.0,0
2025-05-15,594798,Houston Astros,30,7,8.0,1
2025-05-21,594798,New York Yankees,25,9,7.0,0
2025-05-26,594798,Toronto Blue Jays,23,0,5.33,1
2025-06-01,594798,St. Louis Cardinals,23,4,6.0,1
2025-06-07,594798,Washington Nationals,23,8,7.0,0
2025-06-14,594798,Chicago White Sox,22,6,6.0,1
2025-06-20,594798,Pittsburgh Pirates,24,7,6.0,0
2025-06-25,594798,Baltimore Orioles,24,7,7.0,0
2025-07-01,594798,Baltimore Orioles,23,6,6.0,1
2025-07-07,594798,Los Angeles Angels,22,5,5.0,0
2025-07-12,594798,Houston Astros,23,8,6.0,0
2025-07-22,594798,Athletics,22,9,6.0,1
2025-07-28,594798,Los Angeles Angels,24,8,5.33,0
2025-08-03,594798,Seattle Mariners,22,5,5.0,0
2025-08-09,594798,Philadelphia Phillies,26,8,6.67,1
2025-08-15,594798,Toronto Blue Jays,18,5,5.0,0
2025-08-25,594798,Los Angeles Angels,20,7,5.0,1
2025-08-31,594798,Athletics,18,6,5.0,0
2025-09-06,594798,Houston Astros,24,8,5.33,1
2025-09-12,594798,New York Mets,25,2,7.0,0
2025-09-17,594798,Houston Astros,22,6,5.0,0
2025-09-24,594798,Minnesota Twins,17,8,5.0,1
2025-03-27,594902,Kansas City Royals,19,3,5.0,0
2025-04-02,594902,San Diego Padres,21,4,4.33,0
2025-04-08,594902,Chicago White Sox,17,4,5.0,1
2025-04-13,594902,Kansas City Royals,24,5,6.0,1
2025-04-19,594902,Pittsburgh Pirates,21,3,5.33,0
2025-04-26,594902,Boston Red Sox,24,4,5.0,1
2025-05-01,594902,Minnesota Twins,22,2,5.67,1
2025-05-06,594902,Washington Nationals,18,3,5.33,0
2025-05-12,594902,Milwaukee Brewers,12,1,3.0,1
2025-08-05,595345,Miami Marlins,6,2,1.67,0
2025-06-15,596295,Atlanta Braves,18,4,5.0,0
2025-06-20,596295,Arizona Diamondbacks,26,0,4.67,1
2025-06-26,596295,Los Angeles Dodgers,19,1,5.0,1
2025-07-02,596295,Houston Astros,24,1,5.0,1
2025-07-07,596295,Boston Red Sox,22,5,4.67,0
2025-07-13,596295,Cincinnati Reds,21,3,4.33,0
2025-07-21,596295,St. Louis Cardinals,28,6,5.67,1
2025-07-27,596295,Baltimore Orioles,21,2,4.33,0
2025-08-02,596295,Pittsburgh Pirates,22,5,5.0,1
2025-08-08,596295,Arizona Diamondbacks,26,3,6.0,0
2025-08-13,596295,St. Louis Cardinals,25,2,5.0,0
2025-08-19,596295,Los Angeles Dodgers,20,2,3.0,1
2025-03-30,601713,Atlanta Braves,21,4,7.0,1
2025-04-05,601713,Chicago Cubs,19,4,3.0,0
2025-04-11,601713,Colorado Rockies,25,10,7.0,1
2025-04-16,601713,Chicago Cubs,21,6,6.0,1
2025-04-22,601713,Detroit Tigers,25,6,7.0,0
2025-04-29,601713,San Francisco Giants,22,9,5.33,1
2025-05-05,601713,New York Yankees,22,5,5.0,0
2025-05-11,601713,Colorado Rockies,22,5,4.0,0
2025-05-17,601713,Seattle Mariners,21,7,6.0,1
2025-05-23,601713,Atlanta Braves,25,7,6.0,0
2025-05-30,601713,Pittsburgh Pirates,23,8,6.0,1
2025-06-04,601713,San Francisco Giants,25,5,6.0,0
2025-06-09,601713,Los Angeles Dodgers,23,3,4.0,1
2025-06-15,601713,Arizona Diamondbacks,24,9,7.0,0
2025-06-20,601713,Kansas City Royals,21,3,4.67,1
2025-06-25,601713,Washington Nationals,23,10,7.0,1
2025-07-02,601713,Philadelphia Phillies,23,6,6.0,0
2025-07-08,601713,Arizona Diamondbacks,22,7,5.67,1
2025-07-13,601713,Philadelphia Phillies,27,8,6.67,1
2025-07-20,601713,Washington Nationals,22,5,6.0,0
2025-07-25,601713,St. Louis Cardinals,26,4,6.33,0
2025-08-01,601713,St. Louis Cardinals,22,5,7.0,1
2025-08-08,601713,Boston Red Sox,26,3,6.0,1
2025-08-13,601713,San Francisco Giants,25,5,6.67,0
2025-08-19,601713,San Francisco Giants,24,10,6.0,1
2025-08-24,601713,Los Angeles Dodgers,23,7,6.0,1
2025-08-30,601713,Minnesota Twins,21,6,5.0,0
2025-09-05,601713,Colorado Rockies,26,5,6.0,0
2025-09-10,601713,Cincinnati Reds,26,8,7.0,1
2025-09-17,601713,New York Mets,21,5,4.67,0
2025-09-22,601713,Milwaukee Brewers,25,5,5.67,1
2025-09-02,605130,Toronto Blue Jays,7,1,1.0,1
2025-03-30,605135,Baltimore Orioles,27,7,6.0,1
2025-04-05,605135,New York Mets,24,9,6.67,0
2025-04-10,605135,Boston Red Sox,22,5,5.67,0
2025-04-16,605135,Atlanta Braves,20,10,5.0,1
2025-04-22,605135,Houston Astros,26,3,5.33,0
2025-04-27,605135,New York Yankees,25,5,5.67,0
2025-05-02,605135,Cleveland Guardians,23,4,5.33,1
2025-05-08,605135,Los Angeles Angels,29,6,6.0,0
2025-05-14,605135,Tampa Bay Rays,25,6,5.67,1
2025-05-20,605135,San Diego Padres,23,6,6.0,1
2025-05-25,605135,Tampa Bay Rays,22,2,4.0,0
2025-05-30,605135,Athletics,23,6,5.0,1
2025-06-05,605135,Philadelphia Phillies,28,6,7.0,1
2025-06-10,605135,St. Louis Cardinals,29,3,7.0,0
2025-06-17,605135,Arizona Diamondbacks,27,5,6.0,1
2025-06-22,605135,Chicago White Sox,20,7,6.0,1
2025-06-28,605135,Boston Red Sox,19,3,2.0,0
2025-07-03,605135,New York Yankees,28,9,5.67,1
2025-07-08,605135,Chicago White Sox,21,1,6.0,0
2025-07-18,605135,San Francisco Giants,27,5,6.33,1
2025-07-23,605135,New York Yankees,27,8,7.33,1
2025-07-28,605135,Baltimore Orioles,15,4,2.33,0
2025-08-03,605135,Kansas City Royals,23,5,6.0,1
2025-08-09,605135,Los Angeles Dodgers,22,2,4.67,0
2025-08-15,605135,Texas Rangers,22,4,5.0,1
2025-08-20,605135,Pittsburgh Pirates,25,10,5.67,0
2025-08-26,605135,Minnesota Twins,24,6,5.67,1
2025-09-01,605135,Cincinnati Reds,25,6,6.0,0
2025-09-06,605135,New York Yankees,22,3,5.0,0
2025-09-12,605135,Baltimore Orioles,18,6,5.0,1
2025-09-18,605135,Tampa Bay Rays,22,3,4.33,0
2025-03-27,605280,Houston Astros,23,4,4.67,0
2025-04-02,605280,Miami Marlins,23,6,4.67,0
2025-04-08,605280,Miami Marlins,23,10,5.33,1
2025-04-14,605280,Minnesota Twins,20,8,5.0,0
2025-04-20,605280,St. Louis Cardinals,24,6,6.0,1
2025-04-26,605280,Washington Nationals,18,2,5.0,0
2025-05-02,605280,St. Louis Cardinals,25,3,6.0,0
2025-05-09,605280,Chicago Cubs,22,5,6.0,1
2025-05-14,605280,Pittsburgh Pirates,25,4,6.0,1
2025-05-20,605280,Boston Red Sox,25,5,6.0,0
2025-05-26,605280,Chicago White Sox,24,3,5.67,1
2025-06-01,605280,Colorado Rockies,24,3,7.0,1
2025-06-07,605280,Colorado Rockies,27,6,6.0,0
2025-06-13,605280,Tampa Bay Rays,19,3,5.0,1
2025-06-19,605280,Atlanta Braves,24,5,4.67,0
2025-06-25,605280,Atlanta Braves,22,2,5.0,1
2025-07-02,605280,Milwaukee Brewers,22,1,5.33,1
2025-07-08,605280,Baltimore Orioles,23,5,5.0,0
2025-07-13,605280,Kansas City Royals,19,2,5.0,0
2025-07-19,605280,Cincinnati Reds,24,3,5.33,1
2025-07-25,605280,San Francisco Giants,21,2,5.0,0
2025-07-30,605280,San Diego Padres,24,3,3.67,0
2025-08-05,605280,Cleveland Guardians,19,6,5.0,1
2025-08-12,605280,Atlanta Braves,20,4,3.67,1
2025-08-17,605280,Seattle Mariners,21,4,5.0,1
2025-08-23,605280,Atlanta Braves,24,4,6.33,0
2025-08-28,605280,Miami Marlins,24,2,5.0,1
2025-09-03,605280,Detroit Tigers,21,6,4.67,0
2025-09-10,605280,Philadelphia Phillies,23,5,4.0,0
2025-09-16,605280,San Diego Padres,15,2,4.0,1
2025-09-27,605280,Miami Marlins,22,2,6.0,0
2025-05-20,605288,Seattle Mariners,21,2,6.0,1
2025-05-26,605288,New York Mets,22,6,6.0,0
2025-06-01,605288,Baltimore Orioles,27,6,6.33,0
2025-06-07,605288,Kansas City Royals,23,6,6.0,1
2025-06-13,605288,Texas Rangers,24,2,5.0,0
2025-06-22,605288,Toronto Blue Jays,29,4,6.33,0
2025-06-28,605288,San Francisco Giants,25,5,7.0,1
2025-07-04,605288,Colorado Rockies,29,6,8.0,0
2025-07-09,605288,Toronto Blue Jays,26,2,7.0,1
2025-07-19,605288,Pittsburgh Pirates,22,5,4.33,0
2025-07-25,605288,Chicago Cubs,27,3,6.67,1
2025-08-04,605288,Los Angeles Angels,28,3,5.67,0
2025-08-10,605288,Seattle Mariners,25,4,5.0,0
2025-08-16,605288,San Francisco Giants,19,6,5.0,0
2025-08-22,605288,St. Louis Cardinals,28,2,6.33,1
2025-08-29,605288,Washington Nationals,20,4,4.0,0
2025-09-03,605288,Seattle Mariners,26,8,7.0,1
2025-09-09,605288,Chicago White Sox,21,9,5.33,0
2025-09-14,605288,Chicago Cubs,24,2,6.0,0
2025-09-20,605288,Boston Red Sox,26,2,6.0,1
2025-09-26,605288,Toronto Blue Jays,26,5,6.0,0
2025-03-30,605400,Washington Nationals,23,8,5.33,0
2025-04-05,605400,Los Angeles Dodgers,25,2,6.0,1
2025-04-11,605400,St. Louis Cardinals,24,7,5.0,0
2025-04-16,605400,San Francisco Giants,28,8,5.33,1
2025-04-21,605400,New York Mets,26,6,6.33,0
2025-04-27,605400,Chicago Cubs,24,6,7.0,0
2025-05-03,605400,Arizona Diamondbacks,23,8,6.0,1
2025-05-09,605400,Cleveland Guardians,23,5,5.0,0
2025-05-14,605400,St. Louis Cardinals,24,2,3.67,1
2025-08-17,605400,Washington Nationals,15,4,2.33,0
2025-08-23,605400,Washington Nationals,24,6,6.0,1
2025-08-28,605400,Atlanta Braves,23,4,6.0,1
2025-09-03,605400,Milwaukee Brewers,24,6,5.0,0
2025-09-08,605400,New York Mets,22,7,6.0,1
2025-09-14,605400,Kansas City Royals,26,5,6.0,1
2025-09-20,605400,Arizona Diamondbacks,24,4,5.33,0
2025-09-26,605400,Minnesota Twins,26,9,8.0,1
2025-06-06,605452,Pittsburgh Pirates,9,2,2.0,0
2025-03-27,605483,Detroit Tigers,24,2,5.0,1
2025-04-02,605483,Atlanta Braves,22,2,4.0,1
2025-08-02,605483,Tampa Bay Rays,20,8,5.0,0
2025-08-09,605483,Toronto Blue Jays,21,10,5.0,1
2025-08-16,605483,San Diego Padres,22,3,6.0,1
2025-08-22,605483,San Diego Padres,26,5,7.0,0
2025-08-29,605483,Arizona Diamondbacks,23,8,5.33,1
2025-09-04,605483,Pittsburgh Pirates,26,6,5.0,0
2025-09-10,605483,Colorado Rockies,22,11,6.0,1
2025-09-17,605483,Philadelphia Phillies,25,12,7.0,1
2025-09-24,605483,Arizona Diamondbacks,23,5,6.0,0
2025-03-28,605488,Seattle Mariners,21,9,6.0,0
2025-04-02,605488,Chicago Cubs,19,3,3.0,1
2025-04-08,605488,San Diego Padres,28,4,6.0,1
2025-04-15,605488,Chicago White Sox,21,4,5.0,0
2025-04-20,605488,Milwaukee Brewers,15,3,2.33,0
2025-04-26,605488,Chicago White Sox,28,4,6.0,1
2025-05-01,605488,Texas Rangers,21,1,6.0,0
2025-05-06,605488,Seattle Mariners,22,4,5.0,1
2025-05-13,605488,Los Angeles Dodgers,28,4,7.0,0
2025-05-18,605488,San Francisco Giants,22,5,6.67,0
2025-05-24,605488,Philadelphia Phillies,25,6,6.0,1
2025-05-30,605488,Toronto Blue Jays,18,2,2.0,0
2025-06-15,605488,Kansas City Royals,24,2,6.0,0
2025-06-20,605488,Cleveland Guardians,26,6,7.33,1
2025-06-26,605488,Detroit Tigers,21,3,5.0,0
2025-07-01,605488,Tampa Bay Rays,22,4,5.33,0
2025-07-08,605488,Atlanta Braves,24,2,6.0,1
2025-07-13,605488,Toronto Blue Jays,23,5,6.67,1
2025-07-20,605488,Cleveland Guardians,21,4,4.0,0
2025-07-25,605488,Houston Astros,22,5,6.0,0
2025-07-30,605488,Seattle Mariners,21,7,6.0,1
2025-08-06,605488,Washington Nationals,19,5,6.0,0
2025-08-11,605488,Tampa Bay Rays,17,2,3.33,1
2025-08-17,605488,Los Angeles Angels,26,5,4.67,1
2025-08-23,605488,Seattle Mariners,20,3,5.33,0
2025-08-29,605488,Texas Rangers,24,5,5.67,1
2025-09-03,605488,St. Louis Cardinals,22,4,6.0,0
2025-09-09,605488,Boston Red Sox,23,6,5.0,1
2025-09-16,605488,Boston Red Sox,19,3,4.0,0
2025-09-23,605488,Houston Astros,20,3,5.0,1
2025-07-06,605540,Miami Marlins,20,8,6.0,0
2025-07-12,605540,Washington Nationals,18,10,4.33,1
2025-07-21,605540,Seattle Mariners,21,5,6.0,0
2025-07-27,605540,Miami Marlins,25,6,6.0,1
2025-08-02,605540,Washington Nationals,20,8,6.0,0
2025-08-08,605540,New York Mets,25,8,7.0,1
2025-08-13,605540,Pittsburgh Pirates,18,4,4.0,1
2025-08-19,605540,Chicago Cubs,21,6,4.33,0
2025-08-25,605540,Arizona Diamondbacks,24,8,5.67,1
2025-08-31,605540,Toronto Blue Jays,27,3,4.33,0
2025-09-06,605540,Pittsburgh Pirates,20,8,6.0,0
2025-09-17,605540,Los Angeles Angels,18,9,5.0,1
2025-03-31,606996,Cleveland Guardians,19,4,5.0,1
2025-04-06,606996,Chicago Cubs,8,0,0.67,0
2025-04-12,606996,Colorado Rockies,19,4,6.0,1
2025-04-18,606996,Houston Astros,25,2,5.0,0
2025-04-23,606996,Detroit Tigers,19,6,4.33,0
2025-05-28,606996,Miami Marlins,20,1,4.67,1
2025-04-13,607067,Los Angeles Dodgers,16,5,3.67,0
2025-04-18,607067,Arizona Diamondbacks,20,5,4.67,1
2025-04-25,607067,Philadelphia Phillies,20,7,5.0,1
2025-05-01,607067,Pittsburgh Pirates,23,2,6.0,0
2025-05-06,607067,San Francisco Giants,24,4,5.0,1
2025-05-12,607067,Miami Marlins,25,4,6.67,1
2025-05-18,607067,Chicago White Sox,20,3,5.33,1
2025-05-24,607067,Cincinnati Reds,25,8,5.0,0
2025-05-30,607067,Cincinnati Reds,27,3,5.67,1
2025-06-10,607067,Philadelphia Phillies,20,5,4.33,0
2025-06-15,607067,Pittsburgh Pirates,23,4,6.0,1
2025-06-22,607067,Seattle Mariners,27,2,5.33,1
2025-06-28,607067,Houston Astros,20,2,5.0,0
2025-07-04,607067,St. Louis Cardinals,24,4,6.67,1
2025-07-10,607067,Minnesota Twins,25,5,7.0,0
2025-07-18,607067,Boston Red Sox,22,5,5.0,1
2025-07-23,607067,Kansas City Royals,23,3,5.0,1
2025-07-29,607067,Milwaukee Brewers,21,2,4.0,0
2025-08-03,607067,Baltimore Orioles,20,4,4.67,1
2025-08-09,607067,St. Louis Cardinals,23,6,6.0,0
2025-08-15,607067,Pittsburgh Pirates,20,5,5.0,1
2025-08-20,607067,Milwaukee Brewers,24,3,5.67,1
2025-08-27,607067,San Francisco Giants,24,2,4.67,0
2025-09-01,607067,Atlanta Braves,19,3,4.0,1
2025-09-13,607067,Tampa Bay Rays,22,5,5.33,1
2025-09-18,607067,Cincinnati Reds,25,11,7.0,0
2025-09-26,607067,St. Louis Cardinals,20,7,5.67,1
2025-03-27,607074,Milwaukee Brewers,22,7,5.33,1
2025-04-02,607074,Arizona Diamondbacks,23,5,6.0,1
2025-04-07,607074,Detroit Tigers,25,8,6.0,0
2025-04-13,607074,San Francisco Giants,23,8,5.67,1
2025-04-18,607074,Tampa Bay Rays,23,9,6.0,0
2025-04-23,607074,Cleveland Guardians,27,8,7.0,0
2025-04-29,607074,Baltimore Orioles,21,7,6.0,0
2025-05-05,607074,San Diego Padres,24,5,6.67,1
2025-05-10,607074,Athletics,27,10,6.0,0
2025-05-16,607074,New York Mets,21,5,5.0,1
2025-05-22,607074,Texas Rangers,22,8,6.0,1
2025-05-27,607074,Los Angeles Angels,26,10,7.0,0
2025-06-03,607074,Cleveland Guardians,26,8,7.0,1
2025-06-08,607074,Boston Red Sox,22,5,5.0,1
2025-06-14,607074,Boston Red Sox,24,4,5.0,0
2025-06-19,607074,Los Angeles Angels,24,7,6.0,1
2025-06-24,607074,Cincinnati Reds,21,5,6.0,0
2025-06-30,607074,Toronto Blue Jays,24,4,5.0,0
2025-07-05,607074,New York Mets,24,4,5.0,0
2025-07-11,607074,Chicago Cubs,29,8,8.0,1
2025-07-21,607074,Toronto Blue Jays,27,4,5.0,0
2025-07-27,607074,Philadelphia Phillies,21,8,5.33,1
2025-08-01,607074,Miami Marlins,21,9,4.67,0
2025-08-06,607074,Texas Rangers,23,3,5.0,0
2025-08-12,607074,Minnesota Twins,25,5,7.0,1
2025-08-19,607074,Tampa Bay Rays,25,5,6.0,0
2025-08-24,607074,Boston Red Sox,22,3,5.67,1
2025-08-29,607074,Chicago White Sox,25,5,6.0,0
2025-09-04,607074,Houston Astros,24,3,6.0,0
2025-09-10,607074,Detroit Tigers,25,6,6.0,1
2025-09-15,607074,Minnesota Twins,23,4,6.0,0
2025-09-20,607074,Baltimore Orioles,26,8,7.0,0
2025-09-25,607074,Chicago White Sox,24,5,6.0,1
2025-03-31,607192,Atlanta Braves,20,8,5.0,1
2025-04-06,607192,Philadelphia Phillies,13,2,2.0,0
2025-04-13,607192,Chicago Cubs,23,7,6.0,1
2025-04-20,607192,Texas Rangers,16,6,4.0,0
2025-04-27,607192,Pittsburgh Pirates,5,0,1.0,1
2025-07-09,607192,Milwaukee Brewers,20,5,5.0,0
2025-07-18,607192,Milwaukee Brewers,23,6,6.0,1
2025-07-23,607192,Minnesota Twins,25,12,7.0,1
2025-07-29,607192,Cincinnati Reds,20,3,4.0,0
2025-08-04,607192,St. Louis Cardinals,26,7,7.0,1
2025-08-10,607192,Toronto Blue Jays,23,8,5.67,1
2025-08-17,607192,San Diego Padres,21,8,5.0,1
2025-08-23,607192,San Diego Padres,18,3,4.0,0
2025-08-30,607192,Arizona Diamondbacks,26,6,7.0,1
2025-09-08,607192,Colorado Rockies,23,11,7.0,1
2025-09-14,607192,San Francisco Giants,27,4,6.67,0
2025-09-20,607192,San Francisco Giants,24,7,5.0,1
2025-09-27,607192,Seattle Mariners,13,3,3.0,0
2025-03-30,607259,San Francisco Giants,23,5,6.0,1
2025-04-04,607259,Milwaukee Brewers,21,2,4.67,0
2025-04-09,607259,San Francisco Giants,25,8,5.67,0
2025-04-16,607259,Seattle Mariners,24,4,4.67,1
2025-04-22,607259,Miami Marlins,22,4,5.67,0
2025-04-28,607259,St. Louis Cardinals,22,3,6.0,1
2025-05-04,607259,Washington Nationals,22,6,6.0,1
2025-05-09,607259,Houston Astros,26,5,6.0,0
2025-05-15,607259,Chicago White Sox,23,3,7.0,1
2025-05-20,607259,Pittsburgh Pirates,22,3,6.0,0
2025-05-26,607259,Kansas City Royals,26,2,7.0,0
2025-06-01,607259,Chicago Cubs,23,2,4.67,0
2025-06-07,607259,Arizona Diamondbacks,24,6,6.0,1
2025-06-13,607259,Detroit Tigers,25,5,5.0,0
2025-06-19,607259,Minnesota Twins,17,4,2.67,1
2025-06-27,607259,San Diego Padres,27,6,8.0,1
2025-07-02,607259,Boston Red Sox,27,2,6.67,0
2025-07-08,607259,Miami Marlins,25,2,5.0,1
2025-07-13,607259,Colorado Rockies,22,3,5.33,1
2025-07-19,607259,New York Mets,23,5,5.0,0
2025-07-25,607259,Tampa Bay Rays,21,5,5.0,1
2025-07-30,607259,Los Angeles Dodgers,23,7,6.0,1
2025-08-09,607259,Pittsburgh Pirates,26,4,7.0,0
2025-08-15,607259,Milwaukee Brewers,16,1,2.67,1
2025-08-20,607259,Los Angeles Angels,23,7,6.0,0
2025-08-26,607259,Los Angeles Dodgers,24,3,5.33,0
2025-09-15,607455,Philadelphia Phillies,3,1,0.33,1
2025-07-05,607481,Baltimore Orioles,11,5,2.33,1
2025-07-12,607481,St. Louis Cardinals,10,1,2.0,0
2025-03-28,607536,Tampa Bay Rays,20,7,6.0,0
2025-04-02,607536,Philadelphia Phillies,29,3,6.67,0
2025-04-08,607536,Milwaukee Brewers,27,5,6.33,1
2025-04-13,607536,San Diego Padres,24,2,5.0,0
2025-04-20,607536,Washington Nationals,10,2,2.0,1
2025-04-25,607536,Cincinnati Reds,25,4,4.33,1
2025-05-01,607536,San Francisco Giants,26,5,6.0,0
2025-05-08,607536,Detroit Tigers,21,2,3.0,1
2025-05-13,607536,Texas Rangers,25,5,6.0,0
2025-05-19,607536,Philadelphia Phillies,24,6,5.33,1
2025-05-24,607536,New York Yankees,25,3,4.67,1
2025-05-30,607536,New York Mets,24,4,6.0,0
2025-06-04,607536,Miami Marlins,23,4,6.33,0
2025-06-11,607536,San Francisco Giants,25,5,6.0,1
2025-06-27,607536,Milwaukee Brewers,21,2,4.0,0
2025-07-03,607536,Houston Astros,26,2,6.0,1
2025-07-08,607536,Boston Red Sox,23,6,5.67,0
2025-07-18,607536,Minnesota Twins,26,3,6.0,1
2025-07-25,607536,Baltimore Orioles,25,4,6.0,0
2025-07-30,607536,Cleveland Guardians,12,0,3.0,0
2025-08-06,607536,Toronto Blue Jays,25,4,4.67,1
2025-08-12,607536,St. Louis Cardinals,27,2,7.33,0
2025-08-18,607536,Los Angeles Dodgers,18,5,4.0,1
2025-08-23,607536,Pittsburgh Pirates,24,6,5.0,0
2025-08-28,607536,Houston Astros,26,6,6.0,0
2025-09-02,607536,San Francisco Giants,2,0,0.0,1
2025-09-05,607536,San Diego Padres,26,10,8.0,1
2025-09-10,607536,Los Angeles Dodgers,28,5,5.67,0
2025-09-16,607536,Miami Marlins,27,1,5.67,1
2025-09-21,607536,Los Angeles Angels,23,7,6.0,1
2025-09-27,607536,San Francisco Giants,22,4,6.0,0
2025-03-29,607625,Cleveland Guardians,20,4,5.0,1
2025-04-04,607625,Baltimore Orioles,23,2,6.0,1
2025-04-09,607625,Minnesota Twins,23,6,5.67,1
2025-04-14,607625,New York Yankees,28,4,6.67,0
2025-04-19,607625,Detroit Tigers,27,5,6.67,0
2025-04-25,607625,Houston Astros,27,8,8.0,1
2025-05-01,607625,Tampa Bay Rays,23,5,6.0,0
2025-05-06,607625,Chicago White Sox,29,3,6.67,1
2025-05-11,607625,Boston Red Sox,22,5,6.0,1
2025-05-30,607625,Detroit Tigers,17,3,3.33,1
2025-06-06,607625,Chicago White Sox,21,5,5.0,0
2025-06-12,607625,New York Yankees,21,2,5.67,1
2025-06-17,607625,Texas Rangers,24,9,6.0,0
2025-06-22,607625,San Diego Padres,21,7,6.33,0
2025-06-28,607625,Los Angeles Dodgers,26,8,5.67,1
2025-07-03,607625,Seattle Mariners,27,7,6.33,0
2025-07-08,607625,Pittsburgh Pirates,22,5,6.0,1
2025-07-18,607625,Miami Marlins,26,5,6.0,0
2025-07-23,607625,Chicago Cubs,24,6,6.0,0
2025-07-29,607625,Atlanta Braves,27,5,5.67,1
2025-08-03,607625,Toronto Blue Jays,20,3,4.67,0
2025-08-08,607625,Minnesota Twins,23,1,4.0,0
2025-08-13,607625,Washington Nationals,23,2,4.0,1
2025-08-19,607625,Texas Rangers,24,5,6.33,1
2025-08-24,607625,Detroit Tigers,21,5,4.33,0
2025-08-29,607625,Detroit Tigers,22,5,3.33,1
2025-03-29,608331,Milwaukee Brewers,29,4,4.67,1
2025-04-04,608331,Pittsburgh Pirates,23,6,5.67,0
2025-04-09,608331,Detroit Tigers,26,11,7.0,0
2025-04-15,608331,Kansas City Royals,27,7,6.67,1
2025-04-20,608331,Tampa Bay Rays,27,2,7.67,0
2025-04-27,608331,Toronto Blue Jays,25,3,6.0,1
2025-05-02,608331,Tampa Bay Rays,24,6,7.0,1
2025-05-07,608331,San Diego Padres,27,8,7.0,1
2025-05-13,608331,Seattle Mariners,20,5,5.0,0
2025-05-18,608331,New York Mets,23,8,6.0,1
2025-05-24,608331,Colorado Rockies,26,7,7.33,0
2025-05-30,608331,Los Angeles Dodgers,22,3,5.0,0
2025-06-05,608331,Cleveland Guardians,20,7,6.0,1
2025-06-10,608331,Kansas City Royals,27,4,7.0,0
2025-06-15,608331,Boston Red Sox,27,9,7.0,0
2025-06-20,608331,Baltimore Orioles,27,7,6.0,1
2025-06-25,608331,Cincinnati Reds,25,7,7.0,0
2025-07-01,608331,Toronto Blue Jays,23,2,6.0,0
2025-07-06,608331,New York Mets,23,5,5.0,0
2025-07-12,608331,Chicago Cubs,18,2,3.0,1
2025-07-23,608331,Toronto Blue Jays,26,3,5.33,0
2025-07-29,608331,Tampa Bay Rays,27,9,6.67,1
2025-08-04,608331,Texas Rangers,25,7,5.0,0
2025-08-10,608331,Houston Astros,26,3,5.0,1
2025-08-16,608331,St. Louis Cardinals,24,6,5.0,0
2025-08-22,608331,Boston Red Sox,24,7,6.0,1
2025-08-27,608331,Washington Nationals,26,6,7.0,1
2025-09-02,608331,Houston Astros,28,5,7.0,0
2025-09-07,608331,Toronto Blue Jays,28,4,7.0,1
2025-09-13,608331,Boston Red Sox,26,6,5.33,0
2025-09-18,608331,Baltimore Orioles,25,13,7.0,0
2025-09-24,608331,Chicago White Sox,27,7,7.0,1
2025-04-30,608337,Toronto Blue Jays,25,7,6.0,0
2025-05-06,608337,Texas Rangers,20,2,3.67,1
2025-05-11,608337,Kansas City Royals,23,5,6.67,0
2025-05-17,608337,Atlanta Braves,22,3,4.0,1
2025-05-24,608337,Baltimore Orioles,25,6,7.0,1
2025-05-30,608337,Atlanta Braves,21,3,4.67,0
2025-06-04,608337,Los Angeles Angels,14,1,1.67,1
2025-06-10,608337,Tampa Bay Rays,23,4,6.0,1
2025-06-16,608337,Seattle Mariners,21,10,6.0,0
2025-06-22,608337,San Francisco Giants,23,5,6.0,0
2025-06-28,608337,Toronto Blue Jays,29,5,7.0,1
2025-07-04,608337,Washington Nationals,29,7,7.67,0
2025-07-09,608337,Colorado Rockies,20,6,6.0,1
2025-07-18,608337,Chicago Cubs,24,6,5.33,0
2025-07-23,608337,Philadelphia Phillies,19,2,4.0,0
2025-07-29,608337,Minnesota Twins,26,5,6.0,0
2025-08-03,608337,Houston Astros,28,4,8.0,1
2025-08-09,608337,San Diego Padres,25,1,4.67,0
2025-08-15,608337,Miami Marlins,27,5,6.33,1
2025-08-21,608337,New York Yankees,22,4,4.67,0
2025-08-26,608337,Baltimore Orioles,29,8,8.0,0
2025-08-31,608337,Pittsburgh Pirates,25,6,6.0,1
2025-09-06,608337,Arizona Diamondbacks,24,2,5.0,0
2025-09-12,608337,New York Yankees,23,6,5.67,1
2025-09-17,608337,Athletics,23,5,4.33,1
2025-09-23,608337,Toronto Blue Jays,23,3,4.67,0
2025-03-30,608372,Toronto Blue Jays,18,1,4.0,0
2025-04-05,608372,Kansas City Royals,23,4,5.33,0
2025-04-12,608372,Toronto Blue Jays,21,0,4.67,1
2025-04-17,608372,Cleveland Guardians,25,3,7.0,1
2025-04-23,608372,Washington Nationals,26,1,7.0,0
2025-04-28,608372,New York Yankees,22,8,5.0,1
2025-05-03,608372,Kansas City Royals,23,4,6.0,1
2025-05-09,608372,Los Angeles Angels,25,5,7.33,0
2025-05-15,608372,Minnesota Twins,25,3,6.33,1
2025-05-21,608372,Milwaukee Brewers,24,3,6.0,0
2025-05-27,608372,St. Louis Cardinals,24,3,5.33,1
2025-06-03,608372,Seattle Mariners,25,5,7.0,0
2025-06-08,608372,Athletics,22,2,4.33,0
2025-06-14,608372,Los Angeles Angels,24,4,4.67,1
2025-06-20,608372,New York Yankees,21,4,3.67,0
2025-06-27,608372,Tampa Bay Rays,25,2,5.0,1
2025-07-02,608372,Texas Rangers,24,5,4.67,0
2025-07-10,608372,New York Mets,25,2,6.0,1
2025-07-21,608372,Cleveland Guardians,23,4,3.67,0
2025-07-27,608372,Colorado Rockies,23,8,6.0,1
2025-08-02,608372,Chicago Cubs,22,5,5.0,0
2025-08-08,608372,Athletics,28,4,7.0,1
2025-08-14,608372,Seattle Mariners,20,2,5.33,1
2025-08-19,608372,Boston Red Sox,20,3,5.0,0
2025-08-25,608372,Boston Red Sox,26,6,6.0,1
2025-08-31,608372,San Francisco Giants,20,4,3.33,0
2025-09-07,608372,Los Angeles Dodgers,16,1,3.0,1
2025-09-13,608372,Toronto Blue Jays,20,4,6.0,0
2025-09-20,608372,New York Yankees,17,3,3.0,1
2025-09-27,608372,New York Yankees,18,3,4.33,0
2025-03-30,608379,Cleveland Guardians,18,2,4.0,1
2025-04-05,608379,Baltimore Orioles,23,5,5.67,1
2025-04-10,608379,Minnesota Twins,22,4,5.33,1
2025-04-15,608379,New York Yankees,24,4,5.67,0
2025-04-20,608379,Detroit Tigers,24,5,5.33,0
2025-04-26,608379,Houston Astros,24,6,6.0,1
2025-05-02,608379,Baltimore Orioles,25,3,6.33,0
2025-05-07,608379,Chicago White Sox,25,5,7.0,1
2025-05-12,608379,Houston Astros,28,3,6.33,0
2025-05-18,608379,St. Louis Cardinals,23,6,5.0,1
2025-05-24,608379,Minnesota Twins,23,1,5.0,0
2025-05-31,608379,Detroit Tigers,23,6,7.0,1
2025-06-07,608379,Chicago White Sox,25,5,6.0,0
2025-06-13,608379,Athletics,28,5,5.33,1
2025-06-19,608379,Texas Rangers,23,5,6.0,0
2025-06-25,608379,Tampa Bay Rays,27,9,6.0,1
2025-06-30,608379,Seattle Mariners,24,1,5.0,0
2025-07-05,608379,Arizona Diamondbacks,21,4,4.0,0
2025-07-11,608379,New York Mets,20,5,5.0,1
2025-07-19,608379,Miami Marlins,20,1,6.0,0
2025-07-26,608379,Cleveland Guardians,20,5,5.33,1
2025-08-01,608379,Toronto Blue Jays,28,5,8.0,0
2025-08-06,608379,Boston Red Sox,22,3,6.0,0
2025-08-12,608379,Washington Nationals,23,3,5.67,1
2025-08-18,608379,Texas Rangers,23,3,5.67,1
2025-08-23,608379,Detroit Tigers,24,4,6.0,0
2025-08-31,608379,Detroit Tigers,20,4,4.67,1
2025-09-05,608379,Minnesota Twins,23,5,5.67,1
2025-09-16,608379,Seattle Mariners,17,0,2.67,1
2025-09-21,608379,Toronto Blue Jays,24,4,5.0,1
2025-09-27,608379,Athletics,22,5,6.0,0
2025-03-31,608566,Philadelphia Phillies,22,4,6.0,0
2025-04-05,608566,Athletics,23,3,5.0,1
2025-04-11,608566,San Diego Padres,22,3,4.67,0
2025-04-16,608566,Los Angeles Dodgers,10,1,0.67,0
2025-04-24,608566,Kansas City Royals,23,3,4.0,0
2025-04-29,608566,Atlanta Braves,27,1,5.33,1
2025-05-04,608566,San Francisco Giants,19,3,4.33,0
2025-05-11,608566,San Diego Padres,25,2,7.0,1
2025-05-17,608566,Arizona Diamondbacks,22,1,3.0,0
2025-05-22,608566,Philadelphia Phillies,26,5,7.0,1
2025-05-27,608566,Chicago Cubs,26,6,6.0,0
2025-06-02,608566,Miami Marlins,26,6,5.0,0
2025-06-07,608566,New York Mets,25,3,5.0,1
2025-06-13,608566,Atlanta Braves,21,7,5.0,0
2025-06-18,608566,Washington Nationals,24,2,5.67,0
2025-06-24,608566,Los Angeles Dodgers,21,6,4.0,1
2025-06-29,608566,Milwaukee Brewers,22,5,5.67,0
2025-07-05,608566,Chicago White Sox,29,2,6.0,1
2025-07-11,608566,Cincinnati Reds,25,8,6.0,0
2025-07-20,608566,Minnesota Twins,16,2,3.0,1
2025-08-29,608566,Chicago Cubs,24,0,4.33,1
2025-09-03,608566,San Francisco Giants,24,2,5.0,1
2025-09-09,608566,Los Angeles Dodgers,22,2,5.0,0
2025-09-14,608566,San Diego Padres,19,0,2.33,0
2025-09-20,608566,Los Angeles Angels,26,5,7.0,1
2025-09-26,608566,San Francisco Giants,22,1,4.33,0
2025-04-20,608718,Baltimore Orioles,13,1,3.0,0
2025-05-17,608718,Cleveland Guardians,11,1,3.0,1
2025-06-21,608718,St. Louis Cardinals,8,2,2.0,0
2025-03-31,615698,New York Mets,21,2,4.0,1
2025-04-05,615698,Atlanta Braves,17,4,5.0,0
2025-04-13,615698,Washington Nationals,23,2,5.0,1
2025-04-19,615698,Philadelphia Phillies,21,0,3.33,0
2025-04-25,615698,Seattle Mariners,22,5,5.67,0
2025-04-30,615698,Los Angeles Dodgers,18,3,3.67,0
2025-05-06,615698,Los Angeles Dodgers,18,6,5.0,1
2025-05-12,615698,Chicago Cubs,18,1,4.33,0
2025-05-18,615698,Tampa Bay Rays,19,6,5.0,1
2025-05-24,615698,Los Angeles Angels,12,2,3.33,0
2025-05-30,615698,San Francisco Giants,24,7,5.0,1
2025-06-04,615698,Colorado Rockies,20,2,5.0,1
2025-06-11,615698,Pittsburgh Pirates,22,6,5.0,0
2025-06-17,615698,Philadelphia Phillies,17,2,4.0,1
2025-06-24,615698,San Francisco Giants,20,3,4.67,0
2025-06-29,615698,Arizona Diamondbacks,20,5,5.0,0
2025-07-05,615698,Milwaukee Brewers,18,6,3.67,1
2025-07-10,615698,Cincinnati Reds,22,5,5.0,0
2025-07-19,615698,Kansas City Royals,19,3,6.0,1
2025-07-25,615698,Milwaukee Brewers,18,4,5.0,0
2025-07-30,615698,St. Louis Cardinals,20,3,5.0,0
2025-08-05,615698,Houston Astros,25,2,4.33,1
2025-08-10,615698,Atlanta Braves,15,1,4.0,0
2025-08-16,615698,Boston Red Sox,21,2,3.67,0
2025-08-23,615698,New York Mets,24,3,4.67,1
2025-08-28,615698,Philadelphia Phillies,19,0,3.33,0
2025-03-27,621107,Toronto Blue Jays,21,2,6.0,0
2025-04-02,621107,Boston Red Sox,24,5,6.0,1
2025-04-07,621107,Arizona Diamondbacks,23,1,6.0,0
2025-05-11,621107,Los Angeles Angels,21,5,5.0,0
2025-05-18,621107,Washington Nationals,26,4,5.33,1
2025-05-24,621107,Boston Red Sox,22,1,5.0,0
2025-05-30,621107,Chicago White Sox,24,6,7.0,1
2025-06-05,621107,Seattle Mariners,26,7,6.0,0
2025-06-11,621107,Detroit Tigers,26,5,6.67,1
2025-06-16,621107,Tampa Bay Rays,27,2,5.0,0
2025-06-21,621107,New York Yankees,21,4,3.0,0
2025-06-28,621107,Tampa Bay Rays,8,0,1.0,1
2025-07-23,621107,Cleveland Guardians,18,5,5.0,0
2025-07-28,621107,Toronto Blue Jays,22,3,4.33,1
2025-05-04,621121,Chicago White Sox,18,4,3.67,0
2025-05-10,621121,Cincinnati Reds,8,0,0.33,1
2025-05-16,621121,Texas Rangers,19,2,4.0,0
2025-05-22,621121,Seattle Mariners,22,8,4.33,1
2025-05-28,621121,Athletics,24,12,6.0,1
2025-06-03,621121,Pittsburgh Pirates,23,7,6.0,0
2025-06-10,621121,Chicago White Sox,23,6,5.0,1
2025-06-28,621121,Chicago Cubs,21,1,3.33,1
2025-07-04,621121,Los Angeles Dodgers,25,4,6.0,0
2025-07-11,621121,Texas Rangers,17,5,3.0,1
2025-07-19,621121,Seattle Mariners,16,1,2.67,0
2025-08-22,621121,Baltimore Orioles,21,4,4.0,0
2025-09-28,621121,Los Angeles Angels,13,4,3.0,0
2025-03-27,621244,Baltimore Orioles,24,5,5.0,1
2025-04-01,621244,Washington Nationals,22,8,5.67,1
2025-04-07,621244,Boston Red Sox,26,2,7.0,0
2025-04-13,621244,Baltimore Orioles,23,6,5.0,0
2025-04-19,621244,Seattle Mariners,26,3,6.0,1
2025-04-25,621244,New York Yankees,23,4,5.33,0
2025-05-01,621244,Boston Red Sox,27,8,6.67,1
2025-05-07,621244,Los Angeles Angels,27,9,6.0,0
2025-05-13,621244,Tampa Bay Rays,25,4,5.33,1
2025-05-18,621244,Detroit Tigers,27,4,6.0,1
2025-05-24,621244,Tampa Bay Rays,22,3,6.0,0
2025-05-29,621244,Athletics,21,9,6.0,1
2025-06-04,621244,Philadelphia Phillies,23,5,6.0,1
2025-06-09,621244,St. Louis Cardinals,25,1,6.67,0
2025-06-15,621244,Philadelphia Phillies,22,5,4.67,0
2025-06-21,621244,Chicago White Sox,28,5,7.67,1
2025-06-27,621244,Boston Red Sox,24,8,7.0,0
2025-07-02,621244,New York Yankees,22,3,4.33,1
2025-07-07,621244,Chicago White Sox,23,4,6.0,0
2025-07-13,621244,Athletics,16,1,3.0,0
2025-07-20,621244,San Francisco Giants,24,5,5.67,1
2025-07-25,621244,Detroit Tigers,24,6,6.0,0
2025-07-30,621244,Baltimore Orioles,20,3,4.33,0
2025-08-05,621244,Colorado Rockies,24,5,5.33,0
2025-08-12,621244,Chicago Cubs,22,3,5.33,1
2025-08-17,621244,Texas Rangers,21,2,4.33,1
2025-08-23,621244,Miami Marlins,24,8,6.33,0
2025-09-02,621244,Cincinnati Reds,14,2,2.0,0
2025-09-10,621244,Houston Astros,21,4,5.33,1
2025-09-16,621244,Tampa Bay Rays,18,0,4.0,0
2025-03-28,622491,Athletics,21,4,5.0,1
2025-04-02,622491,Detroit Tigers,28,5,7.0,1
2025-04-08,622491,Houston Astros,21,6,5.0,1
2025-04-15,622491,Cincinnati Reds,24,3,4.33,0
2025-04-20,622491,Toronto Blue Jays,27,5,5.0,0
2025-04-26,622491,Miami Marlins,21,5,6.0,1
2025-05-03,622491,Texas Rangers,23,2,6.0,0
2025-05-09,622491,Toronto Blue Jays,24,3,5.0,1
2025-05-14,622491,New York Yankees,25,6,6.0,1
2025-05-19,622491,Chicago White Sox,24,5,7.0,0
2025-05-25,622491,Houston Astros,27,6,6.0,0
2025-06-01,622491,Minnesota Twins,23,5,6.0,1
2025-06-07,622491,Los Angeles Angels,24,5,5.0,0
2025-06-13,622491,Cleveland Guardians,23,7,6.0,1
2025-06-18,622491,Boston Red Sox,24,5,6.0,1
2025-06-24,622491,Minnesota Twins,22,3,5.0,0
2025-06-29,622491,Texas Rangers,26,4,6.0,0
2025-07-05,622491,Pittsburgh Pirates,23,8,7.0,1
2025-07-11,622491,Detroit Tigers,22,6,5.0,0
2025-07-18,622491,Houston Astros,25,7,6.67,1
2025-07-23,622491,Milwaukee Brewers,26,7,5.0,1
2025-07-28,622491,Athletics,26,4,7.0,0
2025-08-02,622491,Texas Rangers,19,4,4.33,1
2025-08-08,622491,Tampa Bay Rays,25,5,7.0,1
2025-08-15,622491,New York Mets,22,5,4.0,0
2025-08-20,622491,Philadelphia Phillies,22,2,4.0,0
2025-08-26,622491,San Diego Padres,23,6,5.0,1
2025-09-01,622491,Tampa Bay Rays,18,5,4.0,0
2025-09-07,622491,Atlanta Braves,20,6,6.0,0
2025-09-12,622491,Los Angeles Angels,23,5,6.0,1
2025-09-18,622491,Kansas City Royals,21,3,6.0,0
2025-09-24,622491,Colorado Rockies,23,10,7.33,1
2025-08-17,622503,Colorado Rockies,19,5,5.0,0
2025-08-28,622503,Milwaukee Brewers,27,2,5.67,0
2025-09-02,622503,Texas Rangers,24,3,6.33,1
2025-09-08,622503,San Francisco Giants,18,3,4.0,0
2025-09-14,622503,Minnesota Twins,21,4,5.0,0
2025-03-29,622608,Tampa Bay Rays,21,0,4.33,0
2025-04-03,622608,Philadelphia Phillies,25,3,5.33,0
2025-04-09,622608,Milwaukee Brewers,22,3,4.33,1
2025-04-14,622608,Los Angeles Dodgers,22,1,4.33,0
2025-04-20,622608,Washington Nationals,24,2,6.0,1
2025-04-26,622608,Cincinnati Reds,23,4,5.0,1
2025-05-02,622608,San Francisco Giants,23,4,5.0,0
2025-05-09,622608,San Diego Padres,25,2,4.67,1
2025-05-14,622608,Texas Rangers,25,3,4.67,0
2025-05-20,622608,Philadelphia Phillies,29,3,6.0,1
2025-05-25,622608,New York Yankees,20,4,4.33,1
2025-05-31,622608,New York Mets,22,2,4.0,0
2025-06-12,622608,San Francisco Giants,24,2,4.0,1
2025-06-17,622608,Washington Nationals,21,0,5.0,0
2025-06-22,622608,Arizona Diamondbacks,21,5,5.33,1
2025-06-28,622608,Milwaukee Brewers,25,2,4.33,0
2025-07-04,622608,Chicago White Sox,26,4,5.67,1
2025-07-09,622608,Boston Red Sox,23,3,5.0,0
2025-07-19,622608,Minnesota Twins,26,3,7.0,1
2025-07-26,622608,Baltimore Orioles,19,3,4.0,0
2025-08-01,622608,Pittsburgh Pirates,10,0,0.67,1
2025-08-17,622608,Arizona Diamondbacks,20,2,5.0,1
2025-08-22,622608,Pittsburgh Pirates,23,4,4.0,0
2025-03-27,622663,Seattle Mariners,25,6,6.0,0
2025-04-01,622663,Chicago Cubs,28,6,6.0,1
2025-04-07,622663,San Diego Padres,29,3,7.0,1
2025-04-13,622663,New York Mets,24,6,5.67,1
2025-04-19,622663,Milwaukee Brewers,27,1,8.0,0
2025-04-25,622663,Chicago White Sox,25,7,6.0,1
2025-04-30,622663,Texas Rangers,24,4,5.0,0
2025-05-05,622663,Seattle Mariners,26,5,6.0,1
2025-05-11,622663,New York Yankees,24,2,4.0,1
2025-05-17,622663,San Francisco Giants,23,5,6.0,0
2025-05-22,622663,Los Angeles Angels,25,5,6.0,1
2025-05-28,622663,Houston Astros,25,4,6.0,0
2025-06-02,622663,Minnesota Twins,28,1,5.67,1
2025-06-07,622663,Baltimore Orioles,28,5,5.67,1
2025-06-13,622663,Kansas City Royals,30,1,7.67,0
2025-06-18,622663,Houston Astros,25,5,5.0,1
2025-06-24,622663,Detroit Tigers,24,2,5.0,0
2025-06-29,622663,New York Yankees,22,3,3.67,0
2025-07-05,622663,San Francisco Giants,22,2,4.33,1
2025-07-11,622663,Toronto Blue Jays,24,8,4.67,1
2025-07-19,622663,Cleveland Guardians,19,3,5.0,0
2025-07-24,622663,Houston Astros,24,8,7.0,0
2025-07-29,622663,Seattle Mariners,22,6,5.0,1
2025-08-05,622663,Washington Nationals,25,5,6.0,0
2025-09-02,622663,St. Louis Cardinals,16,4,5.0,0
2025-09-07,622663,Los Angeles Angels,22,7,5.0,0
2025-09-13,622663,Cincinnati Reds,23,2,5.0,1
2025-09-19,622663,Pittsburgh Pirates,24,3,5.0,0
2025-09-24,622663,Houston Astros,22,5,6.33,1
2025-07-11,623167,New York Yankees,18,2,4.0,0
2025-04-16,623211,Minnesota Twins,4,1,1.0,0
2025-04-30,623211,Arizona Diamondbacks,7,3,2.0,1
2025-07-02,623211,Milwaukee Brewers,4,1,1.0,1
2025-04-19,623437,Atlanta Braves,6,1,1.0,0
2025-05-04,624133,Arizona Diamondbacks,20,6,3.67,1
2025-05-10,624133,Cleveland Guardians,23,5,7.0,0
2025-05-16,624133,Pittsburgh Pirates,28,6,7.0,1
2025-05-22,624133,Colorado Rockies,29,6,6.67,0
2025-05-27,624133,Atlanta Braves,26,8,6.0,1
2025-06-01,624133,Milwaukee Brewers,25,2,6.0,1
2025-06-07,624133,Pittsburgh Pirates,26,5,7.0,0
2025-06-13,624133,Toronto Blue Jays,26,6,7.0,1
2025-06-18,624133,Miami Marlins,26,8,7.0,0
2025-06-24,624133,Houston Astros,27,7,7.67,0
2025-06-29,624133,Atlanta Braves,26,8,7.0,0
2025-07-05,624133,Cincinnati Reds,22,6,5.0,1
2025-07-11,624133,San Diego Padres,28,5,6.67,0
2025-07-20,624133,Los Angeles Angels,26,4,4.33,1
2025-07-26,624133,New York Yankees,26,8,5.67,0
2025-08-01,624133,Detroit Tigers,25,5,7.0,1
2025-08-06,624133,Baltimore Orioles,28,3,6.33,1
2025-08-12,624133,Cincinnati Reds,28,3,5.33,0
2025-08-18,624133,Seattle Mariners,25,10,6.67,1
2025-08-24,624133,Washington Nationals,24,11,7.0,1
2025-08-29,624133,Atlanta Braves,23,2,5.0,1
2025-09-04,624133,Milwaukee Brewers,25,4,6.0,0
2025-09-09,624133,New York Mets,21,12,6.0,1
2025-09-15,624133,Los Angeles Dodgers,26,5,6.0,0
2025-09-21,624133,Arizona Diamondbacks,21,2,4.0,0
2025-09-27,624133,Minnesota Twins,21,4,4.33,1
2025-07-18,640455,Cincinnati Reds,16,6,4.0,1
2025-07-23,640455,Los Angeles Angels,19,5,5.0,1
2025-07-29,640455,San Diego Padres,18,4,5.0,0
2025-08-04,640455,Cleveland Guardians,26,3,5.67,1
2025-08-10,640455,Milwaukee Brewers,20,5,4.0,0
2025-08-15,640455,Seattle Mariners,23,7,5.0,1
2025-08-21,640455,Washington Nationals,22,8,4.67,0
2025-08-26,640455,Philadelphia Phillies,19,8,4.67,1
2025-09-01,640455,Detroit Tigers,20,6,3.67,0
2025-09-09,640455,Philadelphia Phillies,21,5,5.0,0
2025-09-21,640455,Washington Nationals,13,3,3.0,1
2025-09-28,640455,Miami Marlins,7,3,1.67,0
2025-03-27,641154,St. Louis Cardinals,22,3,5.0,0
2025-04-02,641154,Chicago White Sox,26,5,7.0,0
2025-04-08,641154,Kansas City Royals,19,6,4.67,0
2025-04-25,641154,Los Angeles Angels,22,6,5.0,1
2025-04-30,641154,Cleveland Guardians,23,6,6.33,0
2025-05-06,641154,Baltimore Orioles,18,11,5.0,1
2025-05-11,641154,San Francisco Giants,25,6,6.0,1
2025-05-17,641154,Milwaukee Brewers,22,6,6.0,0
2025-05-23,641154,Kansas City Royals,26,5,5.67,1
2025-05-28,641154,Tampa Bay Rays,23,3,5.0,0
2025-06-03,641154,Athletics,21,4,5.0,0
2025-09-05,641154,Kansas City Royals,25,4,6.0,0
2025-09-12,641154,Arizona Diamondbacks,23,6,5.0,1
2025-09-19,641154,Cleveland Guardians,17,2,4.0,1
2025-04-04,641302,Cincinnati Reds,21,6,5.67,1
2025-04-09,641302,Colorado Rockies,19,3,3.67,0
2025-04-14,641302,Detroit Tigers,23,2,4.0,1
2025-05-02,641302,Chicago Cubs,5,1,0.67,1
2025-07-30,641302,Philadelphia Phillies,14,3,3.33,1
2025-07-18,641656,Atlanta Braves,7,0,1.0,0
2025-08-17,641672,Detroit Tigers,20,4,5.0,1
2025-05-10,641745,New York Mets,3,2,1.0,0
2025-05-17,641778,Detroit Tigers,12,5,3.0,1
2025-05-23,641778,Tampa Bay Rays,21,2,4.33,0
2025-06-11,641778,St. Louis Cardinals,19,4,4.33,0
2025-06-18,641778,Arizona Diamondbacks,20,8,5.0,1
2025-06-24,641778,Cleveland Guardians,23,5,5.33,0
2025-06-29,641778,Boston Red Sox,20,4,4.33,0
2025-07-04,641778,Los Angeles Angels,22,6,6.0,1
2025-07-09,641778,Chicago White Sox,17,7,4.0,0
2025-07-19,641778,San Francisco Giants,20,7,6.0,1
2025-07-24,641778,Detroit Tigers,29,6,8.0,0
2025-07-29,641778,Baltimore Orioles,21,4,5.0,0
2025-08-04,641778,Colorado Rockies,24,4,6.0,0
2025-08-10,641778,Los Angeles Dodgers,18,4,3.0,0
2025-08-16,641778,Texas Rangers,23,4,5.0,1
2025-08-27,641778,Minnesota Twins,24,4,4.67,1
2025-03-29,641793,Colorado Rockies,22,7,6.0,1
2025-04-04,641793,Texas Rangers,27,3,7.0,0
2025-04-10,641793,Los Angeles Angels,21,4,4.0,1
2025-04-16,641793,Boston Red Sox,25,5,6.0,1
2025-04-22,641793,Arizona Diamondbacks,24,2,6.0,0
2025-04-27,641793,San Diego Padres,20,1,5.0,0
2025-05-03,641793,New York Yankees,24,3,7.0,0
2025-05-09,641793,Milwaukee Brewers,25,5,6.0,1
2025-05-15,641793,Toronto Blue Jays,28,2,7.33,0
2025-05-20,641793,Houston Astros,23,6,5.0,1
2025-05-26,641793,Minnesota Twins,21,4,6.33,1
2025-05-31,641793,Houston Astros,37,6,9.0,0
2025-06-06,641793,Miami Marlins,23,4,6.0,1
2025-06-11,641793,Boston Red Sox,27,6,6.0,0
2025-06-17,641793,Baltimore Orioles,25,3,6.0,1
2025-06-22,641793,Detroit Tigers,19,5,5.0,1
2025-06-28,641793,Baltimore Orioles,25,5,7.0,0
2025-07-04,641793,Minnesota Twins,23,5,6.0,0
2025-07-09,641793,Detroit Tigers,24,4,5.67,0
2025-07-19,641793,Baltimore Orioles,24,3,6.0,1
2025-07-25,641793,Cincinnati Reds,29,2,6.0,0
2025-07-30,641793,New York Yankees,21,4,5.0,0
2025-08-05,641793,Chicago Cubs,26,8,7.0,0
2025-08-10,641793,Pittsburgh Pirates,24,3,4.67,0
2025-08-16,641793,Milwaukee Brewers,24,3,6.0,1
2025-08-22,641793,Arizona Diamondbacks,17,3,3.0,0
2025-08-29,641793,St. Louis Cardinals,28,4,7.0,1
2025-09-03,641793,Toronto Blue Jays,20,6,4.33,1
2025-09-09,641793,San Diego Padres,22,4,6.0,0
2025-09-15,641793,St. Louis Cardinals,22,3,5.67,0
2025-09-20,641793,Chicago Cubs,19,4,5.0,1
2025-09-26,641793,Milwaukee Brewers,20,3,4.67,0
2025-03-29,641816,Boston Red Sox,11,3,1.67,1
2025-04-04,641816,Tampa Bay Rays,18,5,5.0,1
2025-04-09,641816,Chicago Cubs,24,4,7.0,0
2025-04-15,641816,Los Angeles Angels,22,9,6.0,1
2025-04-20,641816,Los Angeles Dodgers,26,4,7.0,1
2025-04-26,641816,San Francisco Giants,21,1,5.0,0
2025-05-01,641816,Athletics,24,6,6.0,1
2025-05-07,641816,Boston Red Sox,20,0,5.0,0
2025-05-12,641816,Colorado Rockies,23,5,6.33,1
2025-05-17,641816,Houston Astros,24,3,6.0,1
2025-05-23,641816,Chicago White Sox,22,3,5.0,0
2025-05-28,641816,Toronto Blue Jays,24,5,6.0,1
2025-06-03,641816,Tampa Bay Rays,23,5,5.33,0
2025-06-10,641816,Minnesota Twins,26,3,5.67,0
2025-09-19,641816,Miami Marlins,19,6,4.67,1
2025-09-25,641816,Minnesota Twins,19,4,5.0,1
2025-03-30,641927,St. Louis Cardinals,19,3,2.67,0
2025-04-05,641927,Houston Astros,17,5,4.0,1
2025-04-10,641927,Kansas City Royals,24,4,6.0,0
2025-04-15,641927,New York Mets,25,5,6.33,1
2025-04-22,641927,Chicago White Sox,25,6,6.0,1
2025-04-28,641927,Cleveland Guardians,31,2,7.67,0
2025-05-03,641927,Boston Red Sox,25,6,6.0,0
2025-05-08,641927,Baltimore Orioles,25,6,5.0,1
2025-05-14,641927,Baltimore Orioles,20,3,4.67,0
2025-05-19,641927,Cleveland Guardians,12,3,3.0,1
2025-05-25,641927,Kansas City Royals,27,3,6.67,1
2025-05-31,641927,Seattle Mariners,19,4,4.0,0
2025-06-06,641927,Toronto Blue Jays,28,4,7.0,1
2025-06-12,641927,Texas Rangers,26,3,4.67,1
2025-06-18,641927,Cincinnati Reds,25,5,5.67,0
2025-06-23,641927,Seattle Mariners,29,7,7.0,1
2025-06-28,641927,Detroit Tigers,29,5,5.67,0
2025-08-02,641927,Cleveland Guardians,22,4,5.0,0
2025-08-09,641927,Kansas City Royals,22,4,6.0,1
2025-08-14,641927,Detroit Tigers,20,4,5.33,1
2025-08-20,641927,Athletics,21,7,5.67,1
2025-08-26,641927,Toronto Blue Jays,23,3,5.0,0
2025-09-01,641927,Chicago White Sox,22,3,5.0,1
2025-09-07,641927,Kansas City Royals,21,6,5.33,0
2025-09-14,641927,Arizona Diamondbacks,23,9,6.0,1
2025-09-20,641927,Cleveland Guardians,25,1,5.0,1
2025-09-25,641927,Texas Rangers,19,5,6.0,0
2025-05-03,642232,Tampa Bay Rays,16,2,4.0,1
2025-05-11,642232,Athletics,21,2,5.0,0
2025-05-21,642232,Texas Rangers,18,8,5.0,1
2025-05-26,642232,Los Angeles Angels,21,7,6.0,0
2025-06-01,642232,Los Angeles Dodgers,21,5,6.0,0
2025-06-07,642232,Boston Red Sox,24,3,4.0,1
2025-06-13,642232,Boston Red Sox,20,3,4.67,0
2025-06-18,642232,Los Angeles Angels,20,3,5.33,1
2025-05-19,642239,Baltimore Orioles,3,2,1.0,1
2025-03-27,642547,New York Yankees,20,8,5.0,0
2025-04-02,642547,Kansas City Royals,26,8,8.0,1
2025-04-08,642547,Colorado Rockies,21,6,5.0,0
2025-04-13,642547,Arizona Diamondbacks,25,6,5.33,0
2025-04-18,642547,Athletics,22,5,5.0,1
2025-04-23,642547,San Francisco Giants,22,3,5.0,0
2025-04-29,642547,Chicago White Sox,24,5,6.0,0
2025-05-04,642547,Chicago Cubs,21,7,6.0,1
2025-05-12,642547,Cleveland Guardians,23,4,5.33,0
2025-05-18,642547,Minnesota Twins,23,5,5.0,1
2025-05-23,642547,Pittsburgh Pirates,21,3,4.33,0
2025-05-28,642547,Boston Red Sox,24,6,5.0,1
2025-06-03,642547,Cincinnati Reds,27,9,6.0,0
2025-06-08,642547,San Diego Padres,20,3,6.0,1
2025-06-13,642547,St. Louis Cardinals,24,6,6.0,1
2025-06-19,642547,Chicago Cubs,20,6,5.0,0
2025-06-24,642547,Pittsburgh Pirates,22,8,5.0,1
2025-07-02,642547,New York Mets,23,6,6.0,0
2025-07-07,642547,Los Angeles Dodgers,23,7,6.0,1
2025-07-13,642547,Washington Nationals,25,7,6.67,1
2025-07-19,642547,Los Angeles Dodgers,23,4,5.0,0
2025-07-25,642547,Miami Marlins,22,9,5.0,1
2025-07-30,642547,Chicago Cubs,21,3,4.0,1
2025-08-05,642547,Atlanta Braves,22,7,5.0,0
2025-08-12,642547,Pittsburgh Pirates,22,7,6.0,1
2025-08-18,642547,Chicago Cubs,22,6,6.0,0
2025-08-23,642547,San Francisco Giants,20,6,5.0,1
2025-08-29,642547,Toronto Blue Jays,21,8,6.0,0
2025-09-04,642547,Philadelphia Phillies,20,8,5.0,1
2025-09-10,642547,Texas Rangers,23,9,5.0,0
2025-09-16,642547,Los Angeles Angels,22,10,6.0,1
2025-09-22,642547,San Diego Padres,20,6,5.0,0
2025-09-28,642547,Cincinnati Reds,9,3,2.0,1
2025-09-05,643377,Cleveland Guardians,5,1,1.0,1
2025-09-10,643377,Chicago White Sox,4,1,1.0,0
2025-03-27,645261,Pittsburgh Pirates,20,7,4.67,1
2025-04-01,645261,New York Mets,18,4,5.0,1
2025-04-12,645261,Washington Nationals,25,1,5.67,1
2025-04-18,645261,Philadelphia Phillies,12,1,2.0,0
2025-04-23,645261,Cincinnati Reds,25,4,6.0,1
2025-04-29,645261,Los Angeles Dodgers,20,2,2.67,0
2025-05-05,645261,Los Angeles Dodgers,22,4,5.0,1
2025-05-11,645261,Chicago White Sox,26,8,5.67,0
2025-05-17,645261,Tampa Bay Rays,23,3,5.0,1
2025-05-23,645261,Los Angeles Angels,25,6,5.33,0
2025-05-28,645261,San Diego Padres,21,0,4.0,0
2025-06-03,645261,Colorado Rockies,24,4,6.0,1
2025-06-10,645261,Pittsburgh Pirates,22,6,6.0,0
2025-06-16,645261,Philadelphia Phillies,21,5,5.0,1
2025-06-22,645261,Atlanta Braves,26,4,6.0,1
2025-06-28,645261,Arizona Diamondbacks,30,4,6.0,0
2025-07-04,645261,Milwaukee Brewers,25,4,6.0,1
2025-07-09,645261,Cincinnati Reds,26,4,5.0,0
2025-07-18,645261,Kansas City Royals,26,2,6.0,1
2025-07-23,645261,San Diego Padres,23,4,7.0,1
2025-07-29,645261,St. Louis Cardinals,21,4,5.0,0
2025-08-04,645261,Houston Astros,31,5,7.0,1
2025-08-09,645261,Atlanta Braves,24,4,5.0,0
2025-08-15,645261,Boston Red Sox,21,7,6.0,0
2025-08-20,645261,St. Louis Cardinals,29,9,7.0,1
2025-08-26,645261,Atlanta Braves,26,7,7.0,1
2025-08-31,645261,New York Mets,27,6,7.0,0
2025-09-06,645261,Philadelphia Phillies,26,4,6.0,1
2025-09-12,645261,Detroit Tigers,25,8,7.0,1
2025-09-18,645261,Colorado Rockies,27,8,6.67,0
2025-09-26,645261,New York Mets,28,3,7.0,1
2025-03-31,647336,Toronto Blue Jays,21,3,5.0,0
2025-05-07,647336,Cleveland Guardians,22,8,5.0,1
2025-05-13,647336,Atlanta Braves,16,4,4.0,0
2025-05-18,647336,Baltimore Orioles,25,8,5.67,0
2025-05-25,647336,San Francisco Giants,24,2,6.0,1
2025-05-31,647336,Arizona Diamondbacks,23,3,5.33,0
2025-06-06,647336,Texas Rangers,22,7,6.0,1
2025-06-12,647336,New York Mets,22,5,5.0,0
2025-06-17,647336,Colorado Rockies,27,9,6.0,1
2025-06-22,647336,Los Angeles Dodgers,21,10,5.33,0
2025-06-28,647336,Los Angeles Angels,20,5,6.0,0
2025-07-04,647336,Boston Red Sox,24,6,4.0,1
2025-07-10,647336,St. Louis Cardinals,18,4,4.0,0
2025-07-18,647336,San Diego Padres,19,3,5.0,1
2025-07-23,647336,Cincinnati Reds,24,6,5.67,1
2025-07-29,647336,Houston Astros,15,4,3.33,0
2025-08-04,647336,Cincinnati Reds,8,3,2.0,1
2025-03-27,650633,Atlanta Braves,16,3,2.67,1
2025-04-01,650633,Cleveland Guardians,19,11,5.0,1
2025-04-07,650633,Athletics,27,2,5.67,0
2025-04-13,650633,Colorado Rockies,29,8,9.0,1
2025-04-19,650633,Houston Astros,23,7,5.67,0
2025-04-25,650633,Tampa Bay Rays,21,9,5.0,1
2025-04-30,650633,San Francisco Giants,21,6,5.67,1
2025-05-06,650633,New York Yankees,22,2,6.0,0
2025-05-12,650633,Los Angeles Angels,23,8,5.67,1
2025-05-18,650633,Seattle Mariners,24,8,5.33,1
2025-08-09,650633,Boston Red Sox,11,1,2.0,1
2025-09-09,650633,Cincinnati Reds,19,2,5.0,1
2025-09-16,650633,New York Mets,18,2,3.0,0
2025-09-21,650633,Chicago White Sox,23,4,5.0,0
2025-09-27,650633,Arizona Diamondbacks,12,3,2.67,1
2025-03-30,650644,New York Yankees,14,2,3.0,0
2025-05-22,650644,Pittsburgh Pirates,18,3,4.0,0
2025-05-27,650644,Boston Red Sox,18,4,5.0,1
2025-06-02,650644,Cincinnati Reds,23,5,5.33,0
2025-06-09,650644,Atlanta Braves,21,5,4.67,1
2025-06-15,650644,Texas Rangers,24,4,5.0,0
2025-06-21,650644,Toronto Blue Jays,31,2,7.0,0
2025-06-27,650644,San Francisco Giants,19,4,4.0,1
2025-07-03,650644,Los Angeles Dodgers,23,4,5.0,0
2025-07-08,650644,Toronto Blue Jays,22,0,4.0,1
2025-07-13,650644,Cleveland Guardians,22,3,5.67,1
2025-07-20,650644,Pittsburgh Pirates,21,6,6.0,0
2025-07-26,650644,Chicago Cubs,18,6,5.0,1
2025-08-02,650644,Los Angeles Angels,22,8,6.33,0
2025-08-08,650644,Cleveland Guardians,20,6,3.33,1
2025-08-15,650644,Kansas City Royals,25,3,6.0,0
2025-08-22,650644,Minnesota Twins,24,5,5.0,1
2025-08-27,650644,Kansas City Royals,20,4,4.67,1
2025-03-31,650911,Colorado Rockies,22,7,5.33,1
2025-04-06,650911,Los Angeles Dodgers,25,9,5.67,1
2025-04-12,650911,St. Louis Cardinals,26,3,6.33,0
2025-04-17,650911,San Francisco Giants,28,12,7.0,1
2025-04-22,650911,New York Mets,11,2,2.0,0
2025-04-30,650911,Washington Nationals,23,6,5.0,1
2025-05-07,650911,Tampa Bay Rays,22,5,6.0,0
2025-05-12,650911,St. Louis Cardinals,26,8,6.0,1
2025-05-19,650911,Colorado Rockies,24,7,6.0,0
2025-05-24,650911,Athletics,23,6,4.67,0
2025-05-29,650911,Atlanta Braves,24,5,5.67,1
2025-06-03,650911,Toronto Blue Jays,26,4,6.0,0
2025-06-08,650911,Pittsburgh Pirates,28,9,7.0,0
2025-06-14,650911,Toronto Blue Jays,27,5,7.0,1
2025-06-19,650911,Miami Marlins,28,4,8.0,0
2025-06-26,650911,Houston Astros,24,11,6.0,0
2025-07-02,650911,San Diego Padres,25,5,7.0,1
2025-07-07,650911,San Francisco Giants,29,8,7.0,0
2025-07-13,650911,San Diego Padres,29,6,7.33,0
2025-07-22,650911,Boston Red Sox,31,12,9.0,1
2025-07-28,650911,Chicago White Sox,28,5,6.67,0
2025-08-03,650911,Detroit Tigers,29,6,8.0,1
2025-08-08,650911,Texas Rangers,26,6,6.0,0
2025-08-13,650911,Cincinnati Reds,25,6,6.0,0
2025-08-19,650911,Seattle Mariners,27,12,6.33,1
2025-08-25,650911,New York Mets,27,4,5.33,0
2025-08-30,650911,Atlanta Braves,26,8,7.0,1
2025-09-05,650911,Miami Marlins,27,5,7.0,0
2025-09-10,650911,New York Mets,22,6,6.0,1
2025-09-16,650911,Los Angeles Dodgers,27,6,7.0,0
2025-09-23,650911,Miami Marlins,24,6,7.0,1
2025-09-28,650911,Minnesota Twins,18,8,5.67,1
2025-08-23,656222,Cincinnati Reds,3,1,1.0,1
2025-09-25,656222,Los Angeles Dodgers,4,1,1.0,1
2025-07-23,656271,New York Mets,4,1,1.0,0
2025-03-29,656288,Houston Astros,21,4,5.67,0
2025-04-05,656288,Toronto Blue Jays,19,6,4.0,1
2025-04-11,656288,Athletics,25,3,5.33,0
2025-04-17,656288,St. Louis Cardinals,23,8,6.0,1
2025-04-22,656288,Philadelphia Phillies,23,5,5.0,1
2025-04-28,656288,Washington Nationals,21,5,5.0,0
2025-05-05,656288,Arizona Diamondbacks,21,6,5.0,0
2025-05-11,656288,Chicago Cubs,21,5,6.0,1
2025-05-17,656288,New York Yankees,24,4,5.33,0
2025-05-23,656288,Los Angeles Dodgers,12,1,2.67,1
2025-05-28,656288,Chicago White Sox,19,3,3.0,1
2025-06-04,656288,Los Angeles Dodgers,22,7,6.0,0
2025-06-10,656288,Washington Nationals,23,4,5.33,1
2025-06-15,656288,Tampa Bay Rays,21,2,4.33,1
2025-06-21,656288,Philadelphia Phillies,24,4,5.0,0
2025-06-26,656288,Atlanta Braves,9,3,2.67,1
2025-03-28,656302,Atlanta Braves,19,7,4.33,1
2025-04-02,656302,Cleveland Guardians,24,7,6.33,1
2025-04-08,656302,Athletics,23,4,4.0,0
2025-04-14,656302,Chicago Cubs,25,6,5.67,1
2025-04-20,656302,Houston Astros,22,6,5.0,0
2025-04-26,656302,Tampa Bay Rays,23,6,4.33,1
2025-05-02,656302,Pittsburgh Pirates,18,3,4.0,0
2025-05-07,656302,New York Yankees,24,9,6.67,0
2025-05-13,656302,Los Angeles Angels,25,10,6.67,1
2025-05-20,656302,Toronto Blue Jays,24,6,7.0,0
2025-05-25,656302,Atlanta Braves,20,8,5.0,0
2025-05-31,656302,Pittsburgh Pirates,22,6,4.67,1
2025-06-05,656302,San Francisco Giants,23,7,5.0,0
2025-06-10,656302,Los Angeles Dodgers,29,11,7.0,1
2025-06-16,656302,Los Angeles Dodgers,25,9,5.0,0
2025-06-21,656302,Kansas City Royals,27,4,6.67,1
2025-06-27,656302,Cincinnati Reds,20,8,4.0,0
2025-07-02,656302,Philadelphia Phillies,26,4,6.0,0
2025-07-09,656302,Arizona Diamondbacks,26,8,6.0,1
2025-07-18,656302,Washington Nationals,19,10,5.33,0
2025-07-23,656302,Miami Marlins,23,5,5.0,0
2025-07-28,656302,New York Mets,24,9,4.67,1
2025-08-03,656302,St. Louis Cardinals,18,9,5.0,1
2025-08-10,656302,Boston Red Sox,22,7,6.0,1
2025-08-16,656302,Los Angeles Dodgers,19,2,3.33,0
2025-08-21,656302,San Francisco Giants,22,7,5.0,1
2025-08-26,656302,Seattle Mariners,20,5,4.33,0
2025-09-01,656302,Baltimore Orioles,18,7,4.0,1
2025-09-07,656302,Colorado Rockies,20,5,5.0,0
2025-09-13,656302,Colorado Rockies,24,6,6.0,1
2025-09-19,656302,Chicago White Sox,25,6,6.0,0
2025-09-24,656302,Milwaukee Brewers,23,8,5.0,1
2025-03-28,656427,Los Angeles Dodgers,22,5,5.67,0
2025-04-04,656427,Chicago White Sox,22,7,5.67,1
2025-04-09,656427,New York Yankees,22,9,5.33,1
2025-04-15,656427,Milwaukee Brewers,21,4,4.67,0
2025-04-22,656427,San Diego Padres,24,9,6.0,1
2025-04-28,656427,Houston Astros,21,4,5.0,0
2025-05-03,656427,Los Angeles Angels,26,8,5.67,0
2025-05-10,656427,Texas Rangers,15,4,3.0,1
2025-05-16,656427,Toronto Blue Jays,21,6,5.67,0
2025-05-22,656427,Cleveland Guardians,26,8,6.67,1
2025-05-27,656427,San Francisco Giants,21,8,6.0,1
2025-06-02,656427,Chicago White Sox,23,4,6.0,0
2025-06-08,656427,Chicago Cubs,22,9,6.0,1
2025-06-14,656427,Cincinnati Reds,24,5,4.67,1
2025-06-20,656427,Tampa Bay Rays,17,3,2.33,0
2025-06-25,656427,Athletics,26,7,6.0,1
2025-07-02,656427,Washington Nationals,21,9,5.0,0
2025-07-08,656427,Tampa Bay Rays,26,8,6.33,1
2025-07-13,656427,Seattle Mariners,20,7,5.0,1
2025-07-21,656427,Pittsburgh Pirates,18,6,3.0,0
2025-07-27,656427,Toronto Blue Jays,24,7,6.0,1
2025-08-01,656427,Philadelphia Phillies,23,7,6.0,0
2025-08-06,656427,Minnesota Twins,24,3,4.67,1
2025-08-12,656427,Chicago White Sox,22,6,4.33,0
2025-08-18,656427,Houston Astros,25,9,7.0,1
2025-08-24,656427,Kansas City Royals,25,3,5.0,1
2025-08-30,656427,Kansas City Royals,21,4,5.67,0
2025-09-05,656427,Chicago White Sox,21,2,4.33,1
2025-09-10,656427,New York Yankees,17,7,5.0,0
2025-09-17,656427,Cleveland Guardians,22,4,5.0,1
2025-09-24,656427,Cleveland Guardians,19,6,4.33,0
2025-04-25,656457,Athletics,4,2,1.0,0
2025-04-26,656457,Athletics,3,1,1.0,0
2025-04-29,656457,Milwaukee Brewers,8,3,2.0,1
2025-09-15,656457,Baltimore Orioles,3,1,1.0,1
2025-09-27,656457,Washington Nationals,6,1,1.67,0
2025-03-31,656550,Los Angeles Dodgers,19,3,4.0,0
2025-04-09,656550,Philadelphia Phillies,19,6,4.0,1
2025-04-14,656550,Toronto Blue Jays,26,4,7.67,0
2025-04-20,656550,Minnesota Twins,26,7,5.67,1
2025-04-26,656550,Arizona Diamondbacks,24,4,5.67,0
2025-05-02,656550,Los Angeles Dodgers,23,9,6.0,1
2025-05-07,656550,Cincinnati Reds,23,5,5.33,1
2025-05-12,656550,Washington Nationals,23,4,6.33,1
2025-05-17,656550,Boston Red Sox,26,5,6.0,0
2025-05-24,656550,San Diego Padres,29,6,7.0,1
2025-05-30,656550,Boston Red Sox,24,9,5.67,1
2025-06-05,656550,Arizona Diamondbacks,15,4,3.33,1
2025-06-10,656550,Milwaukee Brewers,23,9,5.33,0
2025-06-15,656550,Colorado Rockies,24,15,6.33,1
2025-06-21,656550,Miami Marlins,25,5,5.67,0
2025-06-26,656550,New York Mets,24,6,5.0,0
2025-07-01,656550,Los Angeles Angels,25,10,6.0,1
2025-07-06,656550,Baltimore Orioles,23,5,6.0,1
2025-07-11,656550,St. Louis Cardinals,19,1,3.0,0
2025-07-20,656550,New York Yankees,28,2,6.0,1
2025-07-26,656550,Texas Rangers,21,2,4.0,0
2025-03-28,656557,Texas Rangers,24,2,5.67,0
2025-04-03,656557,Baltimore Orioles,19,6,4.0,0
2025-04-09,656557,Toronto Blue Jays,24,2,6.67,1
2025-04-14,656557,Tampa Bay Rays,20,1,2.33,0
2025-04-20,656557,Chicago White Sox,23,7,6.0,1
2025-04-26,656557,Cleveland Guardians,24,6,5.0,0
2025-05-01,656557,Toronto Blue Jays,25,6,7.0,0
2025-05-07,656557,Texas Rangers,24,2,4.67,1
2025-05-12,656557,Detroit Tigers,20,0,2.33,0
2025-03-28,656605,Miami Marlins,23,4,6.0,0
2025-04-04,656605,New York Yankees,25,4,3.67,1
2025-04-09,656605,St. Louis Cardinals,27,6,7.33,1
2025-04-15,656605,Washington Nationals,27,3,6.0,1
2025-04-20,656605,Cleveland Guardians,22,3,5.0,1
2025-04-26,656605,Los Angeles Dodgers,25,6,6.0,0
2025-05-02,656605,San Diego Padres,24,3,5.0,1
2025-05-07,656605,St. Louis Cardinals,26,6,6.0,0
2025-05-13,656605,New York Mets,27,8,7.0,0
2025-05-19,656605,Cincinnati Reds,24,5,6.0,1
2025-05-24,656605,Milwaukee Brewers,23,7,6.0,1
2025-05-30,656605,San Diego Padres,23,1,6.0,0
2025-06-05,656605,Houston Astros,28,5,6.33,1
2025-06-10,656605,Miami Marlins,26,4,6.0,1
2025-06-15,656605,Chicago Cubs,23,3,6.0,0
2025-06-21,656605,Texas Rangers,22,5,5.67,1
2025-06-27,656605,New York Mets,22,4,5.33,1
2025-07-02,656605,St. Louis Cardinals,28,7,7.0,1
2025-07-08,656605,Kansas City Royals,26,5,6.67,0
2025-07-13,656605,Minnesota Twins,22,3,6.0,0
2025-07-22,656605,Detroit Tigers,26,5,6.0,1
2025-07-28,656605,San Francisco Giants,14,3,2.0,0
2025-08-03,656605,Colorado Rockies,22,4,5.0,0
2025-08-08,656605,Cincinnati Reds,24,3,5.67,1
2025-08-13,656605,Milwaukee Brewers,22,5,4.0,0
2025-08-19,656605,Toronto Blue Jays,20,4,3.33,1
2025-08-26,656605,St. Louis Cardinals,23,9,6.0,0
2025-08-31,656605,Boston Red Sox,22,7,5.0,0
2025-09-06,656605,Milwaukee Brewers,24,4,6.33,1
2025-09-12,656605,Washington Nationals,20,4,5.33,0
2025-09-19,656605,Athletics,20,4,5.0,1
2025-09-26,656605,Atlanta Braves,19,6,3.67,0
2025-06-08,656641,Washington Nationals,12,7,3.33,0
2025-06-24,656641,Baltimore Orioles,21,4,6.0,0
2025-07-20,656641,Detroit Tigers,21,3,5.0,1
2025-08-27,656641,Los Angeles Angels,17,5,4.33,1
2025-09-02,656641,Arizona Diamondbacks,22,1,5.33,0
2025-09-08,656641,Milwaukee Brewers,19,4,5.67,1
2025-09-14,656641,New York Mets,20,4,4.67,0
2025-09-27,656641,Cleveland Guardians,19,6,5.33,0
2025-03-28,656731,Houston Astros,19,6,5.0,0
2025-04-04,656731,Toronto Blue Jays,21,4,5.33,1
2025-04-09,656731,Miami Marlins,22,7,4.0,1
2025-04-15,656731,Minnesota Twins,24,3,5.0,0
2025-04-21,656731,Philadelphia Phillies,22,10,5.33,1
2025-04-27,656731,Washington Nationals,23,9,6.33,0
2025-05-04,656731,St. Louis Cardinals,23,6,5.0,0
2025-05-10,656731,Chicago Cubs,22,7,4.67,1
2025-05-16,656731,New York Yankees,17,4,2.67,0
2025-05-21,656731,Boston Red Sox,20,10,4.67,0
2025-05-27,656731,Chicago White Sox,24,6,5.67,1
2025-06-03,656731,Los Angeles Dodgers,23,7,6.0,0
2025-06-08,656731,Colorado Rockies,22,5,5.0,0
2025-06-14,656731,Tampa Bay Rays,23,5,3.67,1
2025-03-31,656794,Baltimore Orioles,18,4,4.0,0
2025-04-06,656794,St. Louis Cardinals,23,5,4.67,1
2025-04-11,656794,Chicago White Sox,22,6,4.0,0
2025-04-16,656794,Tampa Bay Rays,18,4,4.67,0
2025-04-23,656794,Seattle Mariners,24,8,5.0,1
2025-03-31,656849,Miami Marlins,25,9,6.0,0
2025-04-06,656849,Toronto Blue Jays,22,3,4.67,1
2025-04-12,656849,Athletics,24,5,6.0,0
2025-04-18,656849,St. Louis Cardinals,23,9,5.33,1
2025-04-23,656849,Philadelphia Phillies,25,2,5.33,1
2025-04-29,656849,Arizona Diamondbacks,20,2,5.0,1
2025-05-06,656849,Arizona Diamondbacks,28,6,6.0,0
2025-05-12,656849,Pittsburgh Pirates,26,7,6.0,1
2025-05-18,656849,New York Yankees,26,4,6.0,0
2025-05-24,656849,Los Angeles Dodgers,28,7,7.67,1
2025-05-30,656849,Colorado Rockies,24,5,5.67,1
2025-06-05,656849,Los Angeles Dodgers,28,6,7.0,0
2025-06-11,656849,Washington Nationals,31,6,9.0,1
2025-06-17,656849,Atlanta Braves,28,3,7.0,0
2025-06-22,656849,Philadelphia Phillies,20,4,4.0,0
2025-06-27,656849,Pittsburgh Pirates,24,5,4.67,0
2025-07-03,656849,Milwaukee Brewers,28,4,6.67,1
2025-07-10,656849,Baltimore Orioles,24,6,7.0,0
2025-07-20,656849,Cincinnati Reds,23,4,6.0,1
2025-07-26,656849,San Francisco Giants,26,4,6.0,0
2025-08-01,656849,San Francisco Giants,24,4,6.0,1
2025-08-06,656849,Cleveland Guardians,25,7,6.0,1
2025-08-13,656849,Atlanta Braves,20,5,3.33,1
2025-08-19,656849,Washington Nationals,27,10,8.0,0
2025-08-24,656849,Atlanta Braves,26,8,5.67,0
2025-08-30,656849,Miami Marlins,17,1,2.0,1
2025-09-05,656849,Cincinnati Reds,24,4,5.33,0
2025-09-11,656849,Philadelphia Phillies,22,8,5.0,0
2025-09-17,656849,San Diego Padres,24,1,5.0,1
2025-09-23,656849,Chicago Cubs,11,1,1.33,0
2025-03-31,656876,Pittsburgh Pirates,17,4,5.0,1
2025-04-06,656876,Texas Rangers,18,4,5.0,0
2025-04-12,656876,Atlanta Braves,19,7,5.0,1
2025-04-18,656876,New York Yankees,22,7,5.67,1
2025-04-24,656876,Arizona Diamondbacks,21,5,5.0,0
2025-04-30,656876,Kansas City Royals,21,3,5.0,1
2025-05-06,656876,Philadelphia Phillies,20,2,4.33,1
2025-05-11,656876,Milwaukee Brewers,20,3,5.0,1
2025-05-17,656876,Miami Marlins,22,5,6.0,0
2025-05-23,656876,Toronto Blue Jays,22,3,6.0,1
2025-05-28,656876,Minnesota Twins,20,5,6.0,1
2025-06-03,656876,Texas Rangers,16,8,5.0,1
2025-06-08,656876,Miami Marlins,24,3,6.0,1
2025-06-14,656876,New York Mets,21,3,5.0,0
2025-06-19,656876,Baltimore Orioles,22,5,5.33,1
2025-06-25,656876,Kansas City Royals,18,5,5.0,0
2025-06-30,656876,Athletics,14,2,3.0,1
2025-07-06,656876,Minnesota Twins,8,2,2.0,0
2025-07-11,656876,Boston Red Sox,10,1,2.0,0
2025-07-22,656876,Chicago White Sox,16,5,4.0,1
2025-07-28,656876,New York Yankees,21,5,5.0,0
2025-08-02,656876,Los Angeles Dodgers,19,6,5.33,1
2025-08-08,656876,Seattle Mariners,21,4,6.0,0
2025-08-13,656876,Athletics,22,5,6.0,0
2025-08-20,656876,New York Yankees,23,6,6.0,1
2025-08-27,656876,Cleveland Guardians,22,5,6.0,0
2025-09-02,656876,Seattle Mariners,19,2,5.0,1
2025-09-07,656876,Cleveland Guardians,19,2,5.0,1
2025-09-13,656876,Chicago Cubs,22,5,5.0,0
2025-09-19,656876,Boston Red Sox,15,2,3.0,1
2025-09-25,656876,Baltimore Orioles,11,3,2.33,0
2025-03-19,657006,Los Angeles Dodgers,17,5,4.0,1
2025-03-27,657006,Arizona Diamondbacks,22,2,5.0,0
2025-04-01,657006,Athletics,28,6,6.67,0
2025-04-07,657006,Texas Rangers,25,8,7.0,1
2025-03-27,657277,Cincinnati Reds,22,5,5.0,0
2025-04-01,657277,Houston Astros,23,6,7.0,0
2025-04-07,657277,Cincinnati Reds,24,10,7.0,1
2025-04-13,657277,New York Yankees,24,5,5.0,0
2025-04-18,657277,Los Angeles Angels,23,12,6.0,0
2025-04-23,657277,Milwaukee Brewers,27,6,6.33,1
2025-04-29,657277,San Diego Padres,24,6,5.0,0
2025-05-04,657277,Colorado Rockies,28,6,7.0,1
2025-05-10,657277,Minnesota Twins,27,9,7.0,0
2025-05-16,657277,Athletics,30,4,8.0,1
2025-05-21,657277,Kansas City Royals,23,5,4.0,1
2025-05-27,657277,Detroit Tigers,26,10,6.0,0
2025-06-02,657277,San Diego Padres,30,7,8.0,1
2025-06-07,657277,Atlanta Braves,24,10,6.0,1
2025-06-13,657277,Los Angeles Dodgers,25,4,7.0,0
2025-06-19,657277,Cleveland Guardians,28,9,7.0,1
2025-06-25,657277,Miami Marlins,25,6,6.0,1
2025-06-30,657277,Arizona Diamondbacks,28,7,6.33,0
2025-07-05,657277,Athletics,28,6,6.67,0
2025-07-11,657277,Los Angeles Dodgers,24,6,5.33,1
2025-07-19,657277,Toronto Blue Jays,29,1,6.0,0
2025-07-25,657277,New York Mets,21,4,4.0,1
2025-07-30,657277,Pittsburgh Pirates,26,11,5.67,1
2025-08-05,657277,Pittsburgh Pirates,25,10,6.0,0
2025-08-11,657277,San Diego Padres,28,3,6.33,1
2025-08-17,657277,Tampa Bay Rays,24,7,7.0,1
2025-08-23,657277,Milwaukee Brewers,25,5,6.0,0
2025-08-28,657277,Chicago Cubs,25,7,7.0,1
2025-09-02,657277,Colorado Rockies,22,7,5.0,0
2025-09-08,657277,Arizona Diamondbacks,26,7,6.0,1
2025-09-13,657277,Los Angeles Dodgers,22,5,4.0,1
2025-09-18,657277,Los Angeles Dodgers,26,5,7.0,0
2025-09-23,657277,St. Louis Cardinals,25,5,6.0,1
2025-09-28,657277,Colorado Rockies,19,8,5.33,1
2025-04-16,657376,Kansas City Royals,23,2,5.67,1
2025-04-21,657376,Cleveland Guardians,22,7,4.0,0
2025-04-27,657376,Toronto Blue Jays,20,6,5.0,1
2025-05-06,657376,San Diego Padres,23,4,6.0,1
2025-05-12,657376,Seattle Mariners,23,6,6.0,0
2025-05-17,657376,New York Mets,25,5,6.0,1
2025-05-23,657376,Colorado Rockies,21,8,4.67,0
2025-05-28,657376,Los Angeles Angels,22,4,6.0,0
2025-06-04,657376,Cleveland Guardians,25,8,5.67,1
2025-06-11,657376,Kansas City Royals,22,7,6.0,0
2025-06-16,657376,Los Angeles Angels,27,3,7.67,1
2025-06-21,657376,Baltimore Orioles,24,5,7.0,1
2025-06-28,657376,Athletics,24,7,6.0,1
2025-07-03,657376,Toronto Blue Jays,15,1,3.0,0
2025-07-27,657424,New York Mets,3,1,1.0,1
2025-08-08,657424,Washington Nationals,3,1,1.0,1
2025-07-02,657514,Cincinnati Reds,7,2,1.67,1
2025-08-25,657514,Baltimore Orioles,4,2,1.0,0
2025-09-03,657514,Cleveland Guardians,4,0,0.67,1
2025-08-09,657585,Milwaukee Brewers,3,2,1.0,0
2025-03-29,657746,St. Louis Cardinals,21,5,5.0,0
2025-04-03,657746,Houston Astros,21,6,5.0,1
2025-04-09,657746,Kansas City Royals,22,4,7.0,0
2025-04-14,657746,New York Mets,20,8,5.0,1
2025-04-20,657746,Atlanta Braves,25,5,5.0,0
2025-04-27,657746,Los Angeles Angels,25,11,7.0,1
2025-05-02,657746,Boston Red Sox,24,8,6.0,0
2025-05-10,657746,San Francisco Giants,20,7,6.0,1
2025-05-16,657746,Milwaukee Brewers,22,9,6.0,0
2025-05-27,657746,Tampa Bay Rays,23,5,6.0,0
2025-06-02,657746,Athletics,26,4,5.0,0
2025-06-08,657746,Toronto Blue Jays,22,6,5.0,1
2025-06-14,657746,Houston Astros,25,7,7.0,0
2025-06-20,657746,Milwaukee Brewers,20,7,5.33,1
2025-06-25,657746,Seattle Mariners,22,8,6.0,1
2025-07-01,657746,Miami Marlins,26,4,7.0,0
2025-07-06,657746,Tampa Bay Rays,23,8,6.0,1
2025-07-11,657746,Pittsburgh Pirates,22,5,5.0,1
2025-07-20,657746,Colorado Rockies,24,11,7.0,0
2025-07-26,657746,Washington Nationals,22,5,5.0,1
2025-08-01,657746,Cleveland Guardians,24,4,6.0,0
2025-08-08,657746,Kansas City Royals,19,5,5.0,1
2025-08-13,657746,New York Yankees,26,7,6.67,0
2025-08-19,657746,Athletics,20,6,4.0,1
2025-08-25,657746,Toronto Blue Jays,23,7,5.0,0
2025-08-31,657746,San Diego Padres,28,8,7.0,1
2025-09-06,657746,Kansas City Royals,14,2,2.0,0
2025-09-13,657746,Arizona Diamondbacks,18,4,4.0,1
2025-09-20,657746,Cleveland Guardians,22,5,5.0,1
2025-09-26,657746,Philadelphia Phillies,21,9,5.0,0
2025-06-16,660271,San Diego Padres,5,0,1.0,1
2025-06-22,660271,Washington Nationals,4,2,1.0,1
2025-06-28,660271,Kansas City Royals,7,1,2.0,0
2025-07-05,660271,Houston Astros,6,3,2.0,1
2025-07-12,660271,San Francisco Giants,11,4,3.0,0
2025-07-21,660271,Minnesota Twins,14,3,3.0,1
2025-07-30,660271,Cincinnati Reds,16,4,3.0,0
2025-08-06,660271,St. Louis Cardinals,14,8,4.0,1
2025-08-13,660271,Los Angeles Angels,19,7,4.33,0
2025-08-20,660271,Colorado Rockies,20,3,4.0,0
2025-08-27,660271,Cincinnati Reds,19,9,5.0,1
2025-09-05,660271,Baltimore Orioles,15,5,3.67,0
2025-09-16,660271,Philadelphia Phillies,16,5,5.0,1
2025-09-23,660271,Arizona Diamondbacks,22,8,6.0,0
2025-08-03,661563,Miami Marlins,19,3,3.33,0
2025-08-09,661563,Houston Astros,22,7,5.33,1
2025-08-15,661563,St. Louis Cardinals,20,4,5.33,0
2025-08-21,661563,Boston Red Sox,24,3,5.0,1
2025-08-26,661563,Washington Nationals,22,5,5.0,1
2025-08-31,661563,Chicago White Sox,23,7,5.33,0
2025-09-06,661563,Toronto Blue Jays,24,1,6.0,1
2025-09-12,661563,Boston Red Sox,23,4,6.0,0
2025-09-17,661563,Minnesota Twins,24,2,4.67,0
2025-09-23,661563,Chicago White Sox,24,3,6.0,1
2025-09-28,661563,Baltimore Orioles,19,2,5.0,1
2025-03-30,663372,Tampa Bay Rays,20,5,5.0,0
2025-04-04,663372,Athletics,24,4,5.0,1
2025-04-10,663372,Milwaukee Brewers,24,7,6.0,1
2025-04-15,663372,Los Angeles Dodgers,18,1,2.67,0
2025-04-22,663372,Kansas City Royals,24,4,7.0,0
2025-04-28,663372,Atlanta Braves,25,4,4.67,1
2025-07-10,663399,Baltimore Orioles,15,2,3.0,0
2025-03-30,663436,Los Angeles Angels,23,2,6.0,1
2025-04-05,663436,Detroit Tigers,26,2,5.0,0
2025-04-11,663436,Boston Red Sox,25,6,6.0,1
2025-04-17,663436,Athletics,25,3,5.33,1
2025-04-22,663436,Minnesota Twins,22,3,5.0,0
2025-05-03,663436,Houston Astros,22,5,5.0,1
2025-05-08,663436,Kansas City Royals,21,2,4.33,0
2025-05-14,663436,Cincinnati Reds,26,5,6.67,0
2025-05-19,663436,Seattle Mariners,27,3,7.33,1
2025-05-25,663436,Texas Rangers,24,2,6.0,1
2025-05-31,663436,Baltimore Orioles,23,3,6.0,0
2025-06-06,663436,Kansas City Royals,23,7,6.0,1
2025-06-12,663436,Houston Astros,27,5,6.0,0
2025-07-22,663436,Tampa Bay Rays,20,3,5.0,0
2025-07-28,663436,Philadelphia Phillies,25,7,5.67,1
2025-08-05,663436,Seattle Mariners,24,5,5.0,0
2025-08-10,663436,Cleveland Guardians,24,2,5.0,1
2025-08-17,663436,Kansas City Royals,21,4,6.0,0
2025-08-23,663436,Minnesota Twins,20,6,5.0,1
2025-08-28,663436,New York Yankees,18,5,3.67,1
2025-09-02,663436,Minnesota Twins,26,4,6.0,0
2025-09-07,663436,Detroit Tigers,22,3,5.33,0
2025-09-13,663436,Cleveland Guardians,21,3,5.0,0
2025-09-19,663436,San Diego Padres,25,4,6.0,1
2025-09-25,663436,New York Yankees,21,5,4.33,0
2025-03-31,663460,Milwaukee Brewers,24,8,6.0,0
2025-04-06,663460,Baltimore Orioles,25,8,6.67,1
2025-04-11,663460,Cleveland Guardians,27,5,6.0,0
2025-04-16,663460,New York Yankees,27,6,5.33,0
2025-04-22,663460,Colorado Rockies,24,6,7.0,1
2025-04-27,663460,Houston Astros,23,4,5.0,1
2025-05-03,663460,Baltimore Orioles,19,3,5.0,0
2025-05-08,663460,Chicago White Sox,25,7,7.0,1
2025-05-13,663460,Houston Astros,25,9,6.33,0
2025-05-19,663460,San Francisco Giants,25,5,7.0,0
2025-05-25,663460,Minnesota Twins,24,9,7.0,0
2025-06-01,663460,Detroit Tigers,26,9,7.0,1
2025-06-11,663460,New York Yankees,23,3,4.33,1
2025-06-18,663460,Texas Rangers,26,6,5.33,0
2025-06-24,663460,Tampa Bay Rays,26,8,6.0,1
2025-06-29,663460,Los Angeles Dodgers,19,5,5.0,1
2025-07-04,663460,Arizona Diamondbacks,30,6,7.0,0
2025-07-09,663460,Pittsburgh Pirates,24,6,5.67,1
2025-07-20,663460,Miami Marlins,19,2,5.0,0
2025-07-26,663460,Cleveland Guardians,15,1,2.67,1
2025-05-28,663465,Los Angeles Dodgers,16,3,4.0,1
2025-07-30,663465,Colorado Rockies,11,5,3.33,1
2025-07-05,663485,Tampa Bay Rays,3,2,1.0,1
2025-07-12,663485,Pittsburgh Pirates,6,0,2.0,1
2025-07-27,663485,Washington Nationals,9,2,2.0,1
2025-04-01,663554,Seattle Mariners,20,6,5.67,0
2025-04-07,663554,New York Yankees,24,6,6.0,1
2025-04-13,663554,Minnesota Twins,24,3,5.67,0
2025-04-19,663554,Kansas City Royals,27,3,7.0,1
2025-04-26,663554,Baltimore Orioles,23,5,5.33,1
2025-05-01,663554,Los Angeles Angels,28,4,7.0,0
2025-05-08,663554,Colorado Rockies,21,8,6.0,0
2025-05-24,663554,Cleveland Guardians,21,6,5.0,1
2025-05-30,663554,Kansas City Royals,20,4,3.33,0
2025-06-05,663554,Chicago White Sox,24,3,4.67,0
2025-06-11,663554,Baltimore Orioles,25,7,5.33,0
2025-06-17,663554,Pittsburgh Pirates,23,4,6.0,1
2025-06-22,663554,Tampa Bay Rays,21,5,5.0,0
2025-06-28,663554,Minnesota Twins,26,5,6.67,1
2025-07-05,663554,Cleveland Guardians,26,4,7.0,0
2025-07-12,663554,Seattle Mariners,16,4,3.0,1
2025-07-22,663554,Pittsburgh Pirates,23,5,4.0,0
2025-07-29,663554,Arizona Diamondbacks,12,2,1.67,1
2025-08-04,663554,Minnesota Twins,21,4,6.0,1
2025-08-10,663554,Los Angeles Angels,21,5,5.0,1
2025-08-16,663554,Minnesota Twins,23,10,6.33,0
2025-08-22,663554,Kansas City Royals,25,0,5.67,1
2025-08-27,663554,Athletics,19,4,3.33,0
2025-09-03,663554,New York Mets,19,3,5.0,1
2025-09-09,663554,New York Yankees,22,8,6.0,0
2025-09-16,663554,Cleveland Guardians,24,8,5.33,1
2025-09-21,663554,Atlanta Braves,25,5,5.67,1
2025-09-26,663554,Boston Red Sox,24,8,6.33,0
2025-03-29,663559,Miami Marlins,25,4,6.0,0
2025-04-05,663559,New York Yankees,20,5,4.0,1
2025-04-11,663559,Cincinnati Reds,21,4,5.0,0
2025-04-16,663559,Washington Nationals,21,2,7.0,1
2025-04-22,663559,Los Angeles Angels,17,5,4.0,0
2025-04-27,663559,Los Angeles Dodgers,23,2,4.33,0
2025-05-03,663559,San Diego Padres,24,6,7.0,1
2025-05-09,663559,Atlanta Braves,22,3,6.0,1
2025-05-14,663559,New York Mets,17,3,3.67,0
2025-05-20,663559,Cincinnati Reds,24,5,7.0,1
2025-05-25,663559,Milwaukee Brewers,24,1,5.67,1
2025-05-31,663559,San Diego Padres,20,1,6.33,0
2025-06-06,663559,Philadelphia Phillies,18,2,3.67,1
2025-06-11,663559,Miami Marlins,22,3,5.33,1
2025-06-17,663559,Detroit Tigers,20,4,5.0,0
2025-06-22,663559,Texas Rangers,25,1,5.33,1
2025-06-28,663559,New York Mets,10,1,1.67,1
2025-07-04,663559,Seattle Mariners,21,4,5.67,0
2025-07-09,663559,Kansas City Royals,21,3,4.67,0
2025-07-18,663559,Chicago White Sox,18,2,4.0,1
2025-07-23,663559,Detroit Tigers,25,8,7.0,1
2025-07-29,663559,San Francisco Giants,19,1,5.0,0
2025-08-04,663559,Boston Red Sox,21,2,4.0,0
2025-08-11,663559,Washington Nationals,18,5,4.0,1
2025-05-04,663568,Pittsburgh Pirates,20,4,5.33,0
2025-05-10,663568,Colorado Rockies,32,7,9.0,0
2025-05-16,663568,Seattle Mariners,23,4,5.0,1
2025-05-22,663568,Toronto Blue Jays,29,6,6.0,0
2025-05-27,663568,Miami Marlins,25,3,5.33,1
2025-06-02,663568,San Francisco Giants,22,3,5.67,0
2025-06-07,663568,Milwaukee Brewers,22,2,5.67,0
2025-06-13,663568,Arizona Diamondbacks,24,5,4.33,0
2025-06-18,663568,Los Angeles Dodgers,25,3,6.33,0
2025-06-23,663568,Washington Nationals,19,5,4.33,1
2025-06-29,663568,Cincinnati Reds,20,5,5.67,0
2025-07-05,663568,Texas Rangers,26,2,5.33,1
2025-07-22,663568,Miami Marlins,25,5,5.67,0
2025-07-27,663568,St. Louis Cardinals,24,2,6.0,0
2025-08-30,663568,Detroit Tigers,22,3,6.0,1
2025-09-06,663568,Minnesota Twins,28,4,7.0,1
2025-09-11,663568,Cleveland Guardians,24,4,6.67,0
2025-09-18,663568,Seattle Mariners,25,8,7.33,1
2025-09-24,663568,Los Angeles Angels,26,2,6.0,0
2025-03-29,663623,Philadelphia Phillies,22,2,5.0,1
2025-04-04,663623,Arizona Diamondbacks,22,3,5.0,1
2025-04-09,663623,Los Angeles Dodgers,25,7,6.0,1
2025-04-15,663623,Pittsburgh Pirates,25,6,7.0,0
2025-04-20,663623,Colorado Rockies,23,9,6.33,0
2025-04-25,663623,New York Mets,27,4,7.33,1
2025-04-30,663623,Philadelphia Phillies,29,2,6.0,0
2025-05-06,663623,Cleveland Guardians,23,0,5.33,1
2025-05-12,663623,Atlanta Braves,27,1,6.0,0
2025-05-17,663623,Baltimore Orioles,26,6,6.33,0
2025-05-24,663623,San Francisco Giants,29,7,8.0,1
2025-05-30,663623,Arizona Diamondbacks,24,0,5.0,0
2025-06-05,663623,Chicago Cubs,26,3,5.0,1
2025-06-11,663623,New York Mets,24,4,5.0,0
2025-06-16,663623,Colorado Rockies,23,5,6.0,1
2025-06-21,663623,Los Angeles Dodgers,23,7,5.33,0
2025-06-27,663623,Los Angeles Angels,25,5,4.33,0
2025-07-03,663623,Detroit Tigers,24,4,6.0,1
2025-07-08,663623,St. Louis Cardinals,26,3,6.0,0
2025-07-13,663623,Milwaukee Brewers,21,5,5.0,0
2025-07-21,663623,Cincinnati Reds,19,1,3.67,1
2025-07-27,663623,Minnesota Twins,26,2,7.0,0
2025-08-02,663623,Milwaukee Brewers,21,2,4.0,1
2025-08-08,663623,San Francisco Giants,25,3,5.33,0
2025-08-13,663623,Kansas City Royals,22,3,4.0,0
2025-08-19,663623,New York Mets,28,3,6.0,1
2025-08-24,663623,Philadelphia Phillies,16,2,2.33,0
2025-08-30,663623,Tampa Bay Rays,22,3,6.0,1
2025-09-05,663623,Chicago Cubs,20,2,3.33,0
2025-09-10,663623,Miami Marlins,21,4,5.0,0
2025-09-16,663623,Atlanta Braves,27,5,6.0,1
2025-09-21,663623,New York Mets,22,5,5.33,0
2025-09-27,663623,Chicago White Sox,24,6,6.0,1
2025-05-21,663738,San Francisco Giants,9,2,1.67,0
2025-05-27,663738,Cincinnati Reds,10,4,2.67,1
2025-07-04,663795,New York Yankees,18,5,4.33,1
2025-03-31,663855,Houston Astros,21,6,6.0,0
2025-04-06,663855,Seattle Mariners,25,5,5.33,1
2025-04-12,663855,New York Yankees,23,3,4.0,0
2025-04-17,663855,Philadelphia Phillies,29,5,7.0,0
2025-04-22,663855,Milwaukee Brewers,26,5,5.0,1
2025-04-27,663855,Texas Rangers,20,3,5.0,1
2025-05-03,663855,Colorado Rockies,21,7,5.0,1
2025-05-09,663855,Minnesota Twins,24,6,6.0,0
2025-05-14,663855,Arizona Diamondbacks,13,1,2.0,1
2025-03-31,663903,Texas Rangers,24,8,7.0,1
2025-04-05,663903,Milwaukee Brewers,25,7,5.0,0
2025-04-11,663903,Pittsburgh Pirates,19,3,5.0,1
2025-04-17,663903,Seattle Mariners,22,6,4.33,1
2025-04-23,663903,Miami Marlins,22,8,6.0,0
2025-04-30,663903,St. Louis Cardinals,23,4,6.0,1
2025-05-05,663903,Atlanta Braves,27,2,6.0,0
2025-05-10,663903,Houston Astros,16,1,2.33,0
2025-05-16,663903,Cleveland Guardians,20,4,5.0,1
2025-05-21,663903,Pittsburgh Pirates,23,3,5.0,0
2025-05-27,663903,Kansas City Royals,29,3,7.0,0
2025-06-02,663903,Milwaukee Brewers,21,4,5.0,1
2025-06-08,663903,Arizona Diamondbacks,21,3,5.0,1
2025-06-14,663903,Detroit Tigers,25,4,6.0,0
2025-06-20,663903,St. Louis Cardinals,24,7,6.0,0
2025-06-25,663903,New York Yankees,26,9,5.0,1
2025-07-01,663903,Boston Red Sox,14,4,3.0,0
2025-07-07,663903,Miami Marlins,23,3,5.0,1
2025-07-12,663903,Colorado Rockies,25,9,6.33,1
2025-07-21,663903,Washington Nationals,15,1,2.33,0
2025-07-27,663903,Tampa Bay Rays,26,8,7.33,1
2025-08-01,663903,Atlanta Braves,23,10,6.0,1
2025-08-07,663903,Pittsburgh Pirates,21,2,3.67,0
2025-08-12,663903,Philadelphia Phillies,20,6,6.0,1
2025-08-18,663903,Los Angeles Angels,23,4,6.0,0
2025-08-24,663903,Arizona Diamondbacks,24,9,6.0,0
2025-08-31,663903,St. Louis Cardinals,25,8,6.0,1
2025-09-06,663903,New York Mets,25,5,6.0,1
2025-09-12,663903,Athletics,22,4,6.0,0
2025-09-17,663903,St. Louis Cardinals,22,6,5.67,0
2025-09-23,663903,Pittsburgh Pirates,23,3,5.33,1
2025-09-28,663903,Milwaukee Brewers,18,5,3.33,0
2025-09-16,663941,Arizona Diamondbacks,13,1,3.0,0
2025-05-13,663947,Boston Red Sox,6,2,1.67,1
2025-06-07,663947,Chicago Cubs,5,2,1.33,1
2025-06-15,663947,Cincinnati Reds,3,1,1.0,1
2025-06-19,663947,Pittsburgh Pirates,7,1,1.33,1
2025-07-02,663947,Washington Nationals,7,3,2.0,0
2025-09-11,663947,New York Yankees,5,2,1.0,0
2025-09-07,663969,Philadelphia Phillies,10,3,2.67,1
2025-03-31,663978,Chicago White Sox,20,2,3.33,0
2025-04-06,663978,Houston Astros,21,2,4.0,1
2025-04-12,663978,Detroit Tigers,19,5,5.0,1
2025-04-18,663978,Atlanta Braves,20,6,5.0,0
2025-04-24,663978,Chicago White Sox,24,5,5.0,1
2025-04-29,663978,Cleveland Guardians,19,2,5.0,0
2025-05-04,663978,Boston Red Sox,22,2,5.0,0
2025-05-09,663978,San Francisco Giants,25,6,7.33,1
2025-05-15,663978,Baltimore Orioles,23,3,7.0,0
2025-05-21,663978,Cleveland Guardians,24,2,5.33,1
2025-05-26,663978,Tampa Bay Rays,21,5,5.33,0
2025-06-01,663978,Seattle Mariners,29,10,8.0,0
2025-06-07,663978,Toronto Blue Jays,24,2,6.0,1
2025-06-13,663978,Houston Astros,24,1,4.0,0
2025-06-19,663978,Cincinnati Reds,21,3,5.0,0
2025-06-24,663978,Seattle Mariners,23,4,5.0,1
2025-06-29,663978,Detroit Tigers,21,3,4.67,0
2025-07-04,663978,Tampa Bay Rays,20,5,5.0,1
2025-07-10,663978,Chicago Cubs,27,2,5.0,1
2025-07-18,663978,Colorado Rockies,24,5,5.0,0
2025-07-23,663978,Los Angeles Dodgers,21,8,6.0,0
2025-07-30,663978,Arizona Diamondbacks,20,5,6.0,1
2025-08-05,663978,Minnesota Twins,18,0,4.0,1
2025-08-11,663978,Chicago White Sox,20,4,5.67,0
2025-08-17,663978,Minnesota Twins,28,4,5.67,0
2025-08-23,663978,Kansas City Royals,19,1,5.0,1
2025-08-29,663978,Kansas City Royals,16,0,3.67,0
2025-09-28,663978,Boston Red Sox,24,5,4.33,0
2025-04-30,664062,Miami Marlins,24,9,6.0,1
2025-05-06,664062,Miami Marlins,20,8,5.0,0
2025-05-11,664062,Arizona Diamondbacks,19,4,5.0,0
2025-05-18,664062,Los Angeles Angels,21,3,4.0,1
2025-05-24,664062,New York Mets,24,4,5.0,0
2025-05-30,664062,New York Yankees,27,4,6.0,1
2025-06-04,664062,New York Mets,22,6,5.0,1
2025-03-27,664285,New York Mets,26,4,7.0,1
2025-04-02,664285,San Francisco Giants,23,9,5.0,1
2025-04-08,664285,Seattle Mariners,22,8,6.0,0
2025-04-14,664285,St. Louis Cardinals,23,3,4.0,0
2025-04-20,664285,San Diego Padres,25,2,6.0,1
2025-04-26,664285,Kansas City Royals,29,5,8.0,0
2025-05-02,664285,Chicago White Sox,23,6,5.0,0
2025-05-07,664285,Milwaukee Brewers,25,7,7.0,0
2025-05-13,664285,Kansas City Royals,29,7,8.0,1
2025-05-18,664285,Texas Rangers,28,8,7.0,0
2025-05-24,664285,Seattle Mariners,25,5,6.0,1
2025-05-30,664285,Tampa Bay Rays,29,9,9.0,1
2025-06-05,664285,Pittsburgh Pirates,28,11,7.0,0
2025-06-12,664285,Chicago White Sox,24,12,5.0,1
2025-06-18,664285,Athletics,26,3,6.0,0
2025-06-24,664285,Philadelphia Phillies,29,3,7.0,1
2025-06-29,664285,Chicago Cubs,25,6,6.0,1
2025-07-05,664285,Los Angeles Dodgers,28,7,6.0,0
2025-07-12,664285,Texas Rangers,24,10,6.0,1
2025-07-22,664285,Arizona Diamondbacks,28,4,7.0,0
2025-07-28,664285,Washington Nationals,23,12,6.0,1
2025-08-03,664285,Boston Red Sox,26,3,6.0,0
2025-08-09,664285,New York Yankees,27,1,5.67,0
2025-08-15,664285,Baltimore Orioles,30,6,6.67,1
2025-08-20,664285,Detroit Tigers,25,2,5.0,0
2025-08-27,664285,Colorado Rockies,25,5,7.0,1
2025-09-02,664285,New York Yankees,24,8,5.0,1
2025-09-07,664285,Texas Rangers,26,5,7.0,0
2025-09-14,664285,Atlanta Braves,23,2,4.0,0
2025-09-20,664285,Seattle Mariners,24,4,4.67,1
2025-09-25,664285,Athletics,30,10,7.0,0
2025-08-11,664299,Boston Red Sox,19,5,5.0,1
2025-08-17,664299,Baltimore Orioles,13,2,3.0,1
2025-08-23,664299,Baltimore Orioles,14,3,2.0,0
2025-08-29,664299,Los Angeles Angels,21,6,6.0,1
2025-09-04,664299,New York Yankees,22,4,4.33,1
2025-09-11,664299,Toronto Blue Jays,24,6,6.0,0
2025-09-17,664299,Texas Rangers,23,4,6.0,1
2025-09-23,664299,Athletics,21,4,4.67,0
2025-03-29,665152,Toronto Blue Jays,23,6,5.33,0
2025-04-04,665152,Kansas City Royals,22,1,4.33,0
2025-04-09,665152,Arizona Diamondbacks,24,4,4.67,0
2025-04-16,665152,Cleveland Guardians,21,2,5.33,1
2025-04-22,665152,Washington Nationals,26,4,5.33,0
2025-04-27,665152,Detroit Tigers,24,3,5.67,0
2025-05-02,665152,Kansas City Royals,25,2,7.0,1
2025-05-08,665152,Minnesota Twins,25,8,7.0,0
2025-05-14,665152,Minnesota Twins,26,4,5.67,1
2025-05-19,665152,Milwaukee Brewers,26,6,5.33,0
2025-05-25,665152,Boston Red Sox,23,4,5.33,0
2025-05-31,665152,Chicago White Sox,26,7,6.0,1
2025-06-06,665152,Athletics,24,2,5.33,0
2025-06-17,665152,Tampa Bay Rays,19,4,5.0,0
2025-06-22,665152,New York Yankees,23,7,5.67,0
2025-06-29,665152,Tampa Bay Rays,24,6,7.0,1
2025-07-05,665152,Atlanta Braves,22,3,4.33,0
2025-07-11,665152,Miami Marlins,25,7,7.0,1
2025-07-19,665152,Tampa Bay Rays,25,6,7.0,0
2025-07-25,665152,Colorado Rockies,26,5,6.0,1
2025-07-30,665152,Toronto Blue Jays,22,5,5.0,1
2025-08-05,665152,Philadelphia Phillies,26,6,6.0,0
2025-08-12,665152,Seattle Mariners,27,6,8.0,1
2025-08-17,665152,Houston Astros,24,7,7.0,0
2025-08-23,665152,Houston Astros,23,4,5.0,1
2025-08-29,665152,San Francisco Giants,19,1,3.0,0
2025-09-05,665152,Los Angeles Dodgers,11,4,3.0,1
2025-09-16,665152,Chicago White Sox,23,4,5.67,0
2025-09-23,665152,Tampa Bay Rays,22,4,6.33,1
2025-04-11,665795,Washington Nationals,24,5,5.67,1
2025-04-17,665795,Arizona Diamondbacks,21,6,4.0,1
2025-04-22,665795,Cincinnati Reds,22,7,5.0,1
2025-04-28,665795,Los Angeles Dodgers,23,2,4.0,0
2025-05-04,665795,Athletics,23,4,5.67,1
2025-05-10,665795,Chicago White Sox,18,2,5.0,0
2025-05-19,665795,Chicago Cubs,21,7,5.0,1
2025-05-25,665795,Los Angeles Angels,21,10,5.67,0
2025-05-31,665795,San Francisco Giants,24,5,5.67,1
2025-06-06,665795,Tampa Bay Rays,21,5,4.0,0
2025-06-13,665795,Washington Nationals,14,5,3.0,0
2025-06-19,665795,Philadelphia Phillies,22,5,6.33,1
2025-06-25,665795,San Francisco Giants,22,6,5.33,0
2025-07-01,665795,Minnesota Twins,24,6,7.0,1
2025-07-06,665795,Milwaukee Brewers,27,5,7.0,1
2025-07-11,665795,Baltimore Orioles,20,6,4.0,0
2025-07-22,665795,San Diego Padres,23,6,5.67,1
2025-07-28,665795,St. Louis Cardinals,25,4,6.0,0
2025-08-03,665795,New York Yankees,21,7,6.0,1
2025-08-08,665795,Atlanta Braves,27,11,8.0,0
2025-08-14,665795,Cleveland Guardians,27,6,5.33,0
2025-08-19,665795,St. Louis Cardinals,26,6,4.33,1
2025-08-25,665795,Atlanta Braves,25,10,7.0,1
2025-08-30,665795,New York Mets,22,4,4.0,0
2025-09-23,665795,Philadelphia Phillies,17,3,4.0,0
2025-09-28,665795,New York Mets,21,7,5.0,1
2025-08-12,665871,Toronto Blue Jays,21,2,4.0,0
2025-08-17,665871,Pittsburgh Pirates,18,3,4.0,1
2025-08-22,665871,Los Angeles Angels,22,4,6.0,0
2025-08-30,665871,Colorado Rockies,24,1,6.0,0
2025-09-05,665871,Washington Nationals,21,4,5.33,1
2025-09-20,665871,Cincinnati Reds,18,2,4.0,0
2025-09-28,665871,St. Louis Cardinals,19,6,5.33,1
2025-03-27,666142,Cleveland Guardians,22,3,5.0,1
2025-04-02,666142,Milwaukee Brewers,22,10,5.0,0
2025-04-08,666142,Minnesota Twins,23,11,6.0,1
2025-04-13,666142,Cleveland Guardians,26,10,7.67,0
2025-04-18,666142,Detroit Tigers,21,8,4.0,0
2025-04-24,666142,Colorado Rockies,14,4,3.0,1
2025-05-05,666142,Chicago White Sox,20,11,5.0,1
2025-05-10,666142,Boston Red Sox,23,8,5.0,1
2025-05-16,666142,St. Louis Cardinals,20,7,5.0,1
2025-06-05,666142,St. Louis Cardinals,18,4,3.0,0
2025-09-17,666142,Seattle Mariners,13,4,3.67,1
2025-09-23,666142,Los Angeles Angels,19,10,5.0,0
2025-09-28,666142,Athletics,16,8,4.33,0
2025-03-29,666157,San Francisco Giants,23,1,6.0,1
2025-04-03,666157,Milwaukee Brewers,25,4,6.67,0
2025-04-08,666157,San Francisco Giants,23,3,6.0,0
2025-04-15,666157,Seattle Mariners,21,6,4.67,1
2025-04-21,666157,Miami Marlins,26,4,5.67,0
2025-04-27,666157,Colorado Rockies,25,9,7.0,0
2025-05-03,666157,Washington Nationals,31,4,5.33,1
2025-05-08,666157,Atlanta Braves,23,7,6.0,0
2025-05-14,666157,Chicago White Sox,24,4,5.33,1
2025-05-19,666157,Pittsburgh Pirates,24,7,6.0,0
2025-05-25,666157,Chicago Cubs,23,6,5.0,1
2025-05-31,666157,Chicago Cubs,22,5,6.0,0
2025-06-06,666157,Arizona Diamondbacks,21,4,6.0,1
2025-06-11,666157,Cleveland Guardians,17,6,3.33,0
2025-06-18,666157,Minnesota Twins,24,4,6.0,1
2025-06-23,666157,New York Yankees,20,6,4.33,1
2025-06-29,666157,San Diego Padres,26,5,5.33,1
2025-07-05,666157,Philadelphia Phillies,24,8,6.0,0
2025-07-10,666157,Miami Marlins,21,4,6.0,1
2025-07-18,666157,New York Mets,26,7,7.0,0
2025-07-23,666157,Washington Nationals,30,8,9.0,0
2025-07-29,666157,Los Angeles Dodgers,22,11,5.33,1
2025-08-04,666157,Chicago Cubs,5,1,1.67,0
2025-08-27,666157,Los Angeles Dodgers,21,6,4.67,0
2025-09-08,666157,San Diego Padres,18,2,5.0,0
2025-09-14,666157,Athletics,25,5,5.33,0
2025-09-19,666157,Chicago Cubs,23,7,4.67,1
2025-09-25,666157,Pittsburgh Pirates,22,12,6.33,1
2025-07-18,666171,Philadelphia Phillies,4,2,1.0,0
2025-03-29,666200,Washington Nationals,22,11,5.0,0
2025-04-04,666200,Los Angeles Dodgers,24,8,7.0,1
2025-04-10,666200,Atlanta Braves,23,6,6.0,0
2025-04-15,666200,San Francisco Giants,22,4,5.33,1
2025-04-20,666200,Miami Marlins,29,7,7.0,1
2025-04-26,666200,Chicago Cubs,25,5,6.0,0
2025-05-02,666200,Arizona Diamondbacks,25,6,5.33,1
2025-05-08,666200,Tampa Bay Rays,22,4,5.33,0
2025-05-14,666200,St. Louis Cardinals,27,6,7.0,1
2025-05-20,666200,Colorado Rockies,23,10,6.0,0
2025-05-25,666200,Athletics,31,10,7.0,0
2025-05-31,666200,Milwaukee Brewers,23,4,3.33,1
2025-06-05,666200,Toronto Blue Jays,18,2,2.33,0
2025-06-11,666200,Chicago Cubs,23,10,6.0,1
2025-06-17,666200,Miami Marlins,24,4,5.0,0
2025-06-22,666200,New York Mets,24,7,6.67,1
2025-06-28,666200,Atlanta Braves,23,7,5.0,0
2025-07-04,666200,Cincinnati Reds,15,4,2.0,1
2025-07-09,666200,San Francisco Giants,24,7,7.0,0
2025-07-18,666200,Los Angeles Angels,22,7,4.67,1
2025-07-23,666200,Boston Red Sox,22,7,5.0,1
2025-07-29,666200,Chicago White Sox,26,4,7.0,0
2025-08-04,666200,Baltimore Orioles,23,7,6.0,1
2025-08-09,666200,Texas Rangers,24,4,6.0,0
2025-08-14,666200,Washington Nationals,24,7,6.0,0
2025-08-20,666200,Seattle Mariners,21,12,6.0,1
2025-08-26,666200,New York Mets,21,5,4.0,0
2025-08-31,666200,Atlanta Braves,23,7,6.67,1
2025-09-06,666200,Miami Marlins,26,8,6.0,0
2025-09-11,666200,New York Mets,28,10,8.0,1
2025-09-17,666200,Los Angeles Dodgers,28,6,7.0,0
2025-09-24,666200,Miami Marlins,23,10,7.0,1
2025-07-19,666214,New York Yankees,14,2,4.0,1
2025-07-25,666214,Texas Rangers,18,6,4.33,0
2025-07-30,666214,Kansas City Royals,22,7,6.67,0
2025-08-05,666214,Milwaukee Brewers,24,3,5.33,1
2025-08-10,666214,Miami Marlins,23,2,5.33,1
2025-08-16,666214,Cleveland Guardians,22,5,6.0,0
2025-08-22,666214,New York Mets,21,3,3.33,1
2025-08-27,666214,Miami Marlins,25,5,6.67,0
2025-09-02,666214,Chicago Cubs,20,8,4.0,0
2025-09-07,666214,Seattle Mariners,16,2,2.33,1
2025-09-14,666214,Houston Astros,18,5,4.0,1
2025-09-20,666214,Detroit Tigers,23,7,5.0,0
2025-09-26,666214,Pittsburgh Pirates,22,3,4.0,1
2025-03-29,667755,Chicago White Sox,23,5,7.0,0
2025-04-04,667755,Cleveland Guardians,23,9,5.33,1
2025-04-10,667755,Tampa Bay Rays,28,4,7.67,0
2025-04-16,667755,Texas Rangers,28,2,5.67,0
2025-04-22,667755,Pittsburgh Pirates,21,2,3.33,1
2025-04-27,667755,Minnesota Twins,22,4,5.0,0
2025-05-02,667755,Detroit Tigers,23,5,6.0,1
2025-05-08,667755,Toronto Blue Jays,26,6,5.0,1
2025-05-13,667755,San Diego Padres,27,5,7.0,0
2025-05-19,667755,Athletics,28,4,6.0,0
2025-05-24,667755,Miami Marlins,23,1,4.67,1
2025-05-30,667755,Cleveland Guardians,23,2,6.0,0
2025-06-04,667755,Boston Red Sox,22,3,3.67,0
2025-06-10,667755,Athletics,25,12,7.0,1
2025-06-16,667755,New York Yankees,27,6,7.0,0
2025-06-21,667755,Houston Astros,26,10,6.67,1
2025-06-27,667755,Washington Nationals,22,4,4.0,1
2025-07-03,667755,Atlanta Braves,26,7,7.0,0
2025-07-08,667755,Texas Rangers,19,4,4.0,1
2025-07-13,667755,Arizona Diamondbacks,25,3,5.0,1
2025-07-20,667755,Philadelphia Phillies,28,5,7.0,0
2025-07-25,667755,Seattle Mariners,24,5,6.0,1
2025-07-30,667755,Texas Rangers,27,7,7.0,1
2025-08-05,667755,Tampa Bay Rays,21,4,4.0,1
2025-08-11,667755,Los Angeles Dodgers,21,6,6.0,1
2025-08-17,667755,Athletics,26,5,5.67,0
2025-08-25,667755,Texas Rangers,20,6,5.67,0
2025-08-31,667755,Houston Astros,24,8,7.0,0
2025-09-05,667755,Athletics,17,4,2.33,1
2025-09-11,667755,Seattle Mariners,22,4,4.0,0
2025-09-17,667755,Milwaukee Brewers,7,0,1.33,0
2025-03-27,668678,Chicago Cubs,21,4,4.0,1
2025-04-02,668678,New York Yankees,24,13,6.67,0
2025-04-07,668678,Baltimore Orioles,24,2,4.67,1
2025-04-13,668678,Milwaukee Brewers,26,5,6.0,1
2025-04-19,668678,Chicago Cubs,27,5,6.0,0
2025-04-25,668678,Atlanta Braves,21,6,5.0,1
2025-05-01,668678,New York Mets,23,8,6.0,0
2025-05-06,668678,New York Mets,25,6,7.0,1
2025-05-11,668678,Los Angeles Dodgers,27,5,5.67,1
2025-05-17,668678,Colorado Rockies,25,5,5.0,1
2025-05-23,668678,St. Louis Cardinals,24,4,5.67,0
2025-05-28,668678,Pittsburgh Pirates,25,3,5.0,1
2025-06-03,668678,Atlanta Braves,27,4,7.0,0
2025-06-08,668678,Cincinnati Reds,27,5,6.67,0
2025-06-14,668678,San Diego Padres,27,6,6.33,1
2025-06-20,668678,Colorado Rockies,26,5,5.0,0
2025-06-25,668678,Chicago White Sox,24,2,5.33,0
2025-07-01,668678,San Francisco Giants,25,10,7.0,1
2025-07-07,668678,San Diego Padres,24,9,6.0,0
2025-07-12,668678,Los Angeles Angels,24,3,5.0,0
2025-07-21,668678,Houston Astros,26,6,6.0,1
2025-07-27,668678,Pittsburgh Pirates,25,5,6.0,0
2025-08-02,668678,Athletics,27,3,6.0,0
2025-08-08,668678,Colorado Rockies,24,6,6.0,1
2025-08-13,668678,Texas Rangers,23,1,5.0,0
2025-08-18,668678,Cleveland Guardians,23,3,6.0,1
2025-08-24,668678,Cincinnati Reds,23,7,6.0,1
2025-08-29,668678,Los Angeles Dodgers,22,8,6.0,0
2025-09-03,668678,Texas Rangers,24,5,6.0,1
2025-09-09,668678,San Francisco Giants,27,3,6.67,0
2025-09-15,668678,San Francisco Giants,21,6,6.0,1
2025-09-20,668678,Philadelphia Phillies,28,9,7.0,1
2025-09-26,668678,San Diego Padres,24,3,4.33,0
2025-03-27,668881,San Francisco Giants,19,8,5.0,1
2025-04-02,668881,Texas Rangers,25,8,7.0,1
2025-04-07,668881,San Francisco Giants,31,7,8.67,0
2025-04-13,668881,Pittsburgh Pirates,24,8,7.0,1
2025-04-19,668881,Baltimore Orioles,19,4,3.0,0
2025-04-26,668881,Colorado Rockies,25,8,6.0,0
2025-05-02,668881,Washington Nationals,22,12,6.0,1
2025-05-07,668881,Atlanta Braves,11,6,3.0,0
2025-05-23,668881,Chicago Cubs,17,2,4.0,1
2025-05-28,668881,Kansas City Royals,21,3,5.0,0
2025-06-03,668881,Milwaukee Brewers,23,7,5.0,1
2025-08-13,668881,Philadelphia Phillies,21,6,6.0,1
2025-08-19,668881,Los Angeles Angels,25,12,6.33,0
2025-08-25,668881,Los Angeles Dodgers,22,3,5.0,0
2025-09-01,668881,Toronto Blue Jays,24,7,6.33,1
2025-09-07,668881,New York Mets,24,12,7.0,1
2025-09-13,668881,Athletics,14,3,2.33,0
2025-09-18,668881,Chicago Cubs,30,9,9.0,1
2025-09-24,668881,Pittsburgh Pirates,23,7,6.0,1
2025-03-29,668909,Kansas City Royals,19,2,5.0,0
2025-04-04,668909,Los Angeles Angels,18,5,3.0,0
2025-04-10,668909,Chicago White Sox,19,7,5.0,1
2025-04-16,668909,Baltimore Orioles,27,4,6.67,0
2025-04-21,668909,New York Yankees,26,8,6.33,1
2025-04-28,668909,Minnesota Twins,14,2,2.0,1
2025-05-03,668909,Toronto Blue Jays,23,9,4.0,0
2025-05-09,668909,Philadelphia Phillies,21,8,5.0,1
2025-05-14,668909,Milwaukee Brewers,20,6,5.0,1
2025-05-21,668909,Minnesota Twins,22,6,6.0,0
2025-05-26,668909,Los Angeles Dodgers,24,3,4.67,1
2025-06-01,668909,Los Angeles Angels,24,6,6.67,1
2025-06-07,668909,Houston Astros,25,5,6.0,1
2025-06-13,668909,Seattle Mariners,21,1,4.0,0
2025-06-19,668909,San Francisco Giants,23,6,6.0,0
2025-06-25,668909,Toronto Blue Jays,24,2,5.33,1
2025-07-01,668909,Chicago Cubs,25,2,5.67,0
2025-07-06,668909,Detroit Tigers,22,8,6.0,1
2025-07-11,668909,Chicago White Sox,24,5,5.0,0
2025-07-20,668909,Athletics,26,11,7.0,1
2025-07-26,668909,Kansas City Royals,24,3,6.0,0
2025-08-01,668909,Minnesota Twins,23,8,6.0,1
2025-08-06,668909,New York Mets,31,6,8.67,0
2025-08-13,668909,Miami Marlins,16,4,3.0,1
2025-08-18,668909,Arizona Diamondbacks,22,5,5.33,0
2025-08-24,668909,Texas Rangers,17,3,3.33,0
2025-08-30,668909,Seattle Mariners,26,8,7.0,1
2025-09-05,668909,Tampa Bay Rays,29,3,7.0,0
2025-09-11,668909,Kansas City Royals,25,6,6.0,1
2025-09-17,668909,Detroit Tigers,20,9,5.0,0
2025-09-23,668909,Detroit Tigers,24,12,6.0,1
2025-04-24,668964,San Francisco Giants,20,2,4.0,0
2025-04-30,668964,Chicago White Sox,11,3,2.0,0
2025-05-05,668964,Houston Astros,23,2,5.33,1
2025-05-10,668964,Tampa Bay Rays,18,3,4.0,0
2025-05-17,668964,Minnesota Twins,21,4,3.67,1
2025-08-09,668964,New York Mets,17,4,3.33,1
2025-05-20,668984,Chicago White Sox,5,1,1.0,0
2025-06-06,669020,New York Mets,4,1,1.0,1
2025-03-27,669022,Philadelphia Phillies,18,13,6.0,1
2025-04-02,669022,Toronto Blue Jays,26,5,5.0,0
2025-04-07,669022,Los Angeles Dodgers,23,7,6.0,1
2025-04-13,669022,Miami Marlins,28,7,6.0,0
2025-04-19,669022,Colorado Rockies,24,13,6.0,0
2025-04-24,669022,Baltimore Orioles,23,8,6.0,1
2025-04-29,669022,Philadelphia Phillies,23,6,6.0,0
2025-05-04,669022,Cincinnati Reds,22,9,5.0,0
2025-05-11,669022,St. Louis Cardinals,26,7,6.67,1
2025-05-16,669022,Baltimore Orioles,23,9,3.67,0
2025-05-23,669022,San Francisco Giants,21,9,6.0,1
2025-05-29,669022,Seattle Mariners,22,8,6.0,0
2025-06-04,669022,Chicago Cubs,26,7,7.0,1
2025-06-10,669022,New York Mets,23,6,6.0,0
2025-06-15,669022,Miami Marlins,26,5,6.0,1
2025-06-20,669022,Los Angeles Dodgers,27,4,5.67,0
2025-06-25,669022,San Diego Padres,25,6,6.0,0
2025-07-02,669022,Detroit Tigers,23,2,5.33,1
2025-07-09,669022,St. Louis Cardinals,24,7,6.0,0
2025-07-20,669022,San Diego Padres,18,2,2.33,1
2025-07-25,669022,Minnesota Twins,20,4,5.0,0
2025-07-30,669022,Houston Astros,25,4,5.33,0
2025-08-05,669022,Athletics,21,0,3.0,1
2025-08-10,669022,San Francisco Giants,22,10,6.0,0
2025-08-15,669022,Philadelphia Phillies,24,7,6.0,1
2025-08-21,669022,New York Mets,22,5,4.33,1
2025-08-26,669022,New York Yankees,20,3,5.0,0
2025-09-11,669022,Miami Marlins,21,4,5.0,0
2025-09-16,669022,Atlanta Braves,21,5,5.33,1
2025-09-22,669022,Atlanta Braves,13,3,2.0,0
2025-04-23,669060,Minnesota Twins,16,2,2.67,0
2025-05-04,669060,Houston Astros,24,4,4.67,1
2025-05-09,669060,Miami Marlins,20,1,5.0,1
2025-05-15,669060,Cincinnati Reds,27,3,5.33,0
2025-05-24,669060,Texas Rangers,22,4,4.0,1
2025-05-30,669084,Philadelphia Phillies,10,4,3.0,0
2025-06-04,669084,Cincinnati Reds,12,3,3.0,0
2025-07-11,669084,Washington Nationals,13,2,3.0,1
2025-04-01,669160,Atlanta Braves,18,6,5.0,1
2025-04-07,669160,Washington Nationals,25,1,6.0,0
2025-04-14,669160,Colorado Rockies,22,7,6.0,1
2025-04-22,669160,Chicago Cubs,27,5,5.0,0
2025-04-28,669160,Miami Marlins,22,3,5.33,1
2025-05-04,669160,Atlanta Braves,25,6,5.67,0
2025-05-10,669160,Arizona Diamondbacks,27,5,6.67,0
2025-05-16,669160,Los Angeles Angels,24,8,5.0,1
2025-05-21,669160,Arizona Diamondbacks,24,8,6.0,1
2025-05-27,669160,Cleveland Guardians,20,9,5.0,0
2025-06-02,669160,New York Mets,26,5,6.0,1
2025-06-09,669160,San Diego Padres,25,1,5.0,0
2025-06-15,669160,San Francisco Giants,30,3,6.0,1
2025-06-21,669160,Washington Nationals,25,5,6.0,1
2025-06-27,669160,Kansas City Royals,20,3,4.0,0
2025-07-03,669160,Chicago White Sox,26,9,7.0,1
2025-07-11,669160,San Francisco Giants,22,4,4.67,0
2025-07-27,669160,Boston Red Sox,22,5,5.0,0
2025-08-06,669160,Kansas City Royals,20,4,3.67,1
2025-08-12,669160,Houston Astros,24,8,6.0,0
2025-08-18,669160,Baltimore Orioles,27,5,6.0,1
2025-08-24,669160,New York Yankees,21,3,4.33,0
2025-08-30,669160,Pittsburgh Pirates,28,5,5.33,1
2025-05-05,669194,New York Mets,19,2,4.33,1
2025-05-20,669194,Los Angeles Dodgers,18,2,5.0,0
2025-05-26,669194,Pittsburgh Pirates,24,4,6.67,1
2025-06-07,669194,Cincinnati Reds,17,3,3.0,0
2025-06-13,669194,San Diego Padres,21,3,5.0,1
2025-06-19,669194,Toronto Blue Jays,20,4,5.67,0
2025-06-24,669194,Chicago White Sox,19,7,5.0,0
2025-06-30,669194,San Francisco Giants,24,7,6.67,1
2025-07-05,669194,Kansas City Royals,24,5,7.0,1
2025-07-11,669194,Los Angeles Angels,22,1,4.0,0
2025-07-19,669194,St. Louis Cardinals,23,4,6.0,1
2025-07-25,669194,Pittsburgh Pirates,22,4,6.0,0
2025-07-30,669194,Detroit Tigers,23,8,5.33,0
2025-08-05,669194,San Diego Padres,24,8,5.67,1
2025-08-11,669194,Texas Rangers,23,6,5.33,0
2025-08-16,669194,Colorado Rockies,27,4,6.33,0
2025-08-22,669194,Cincinnati Reds,24,6,6.0,1
2025-08-27,669194,Milwaukee Brewers,23,3,6.0,0
2025-09-01,669194,Texas Rangers,23,7,6.0,1
2025-09-07,669194,Boston Red Sox,21,3,6.0,1
2025-09-13,669194,Minnesota Twins,23,4,6.0,0
2025-09-19,669194,Philadelphia Phillies,22,1,5.0,1
2025-09-24,669194,Los Angeles Dodgers,25,9,6.0,1
2025-09-01,669199,Washington Nationals,8,2,2.0,0
2025-04-01,669203,New York Yankees,21,8,4.33,0
2025-04-06,669203,Washington Nationals,26,3,5.0,0
2025-04-12,669203,Milwaukee Brewers,22,3,6.0,1
2025-04-18,669203,Chicago Cubs,23,3,6.0,0
2025-04-24,669203,Tampa Bay Rays,22,8,5.33,1
2025-04-30,669203,New York Mets,26,3,6.0,0
2025-05-10,669203,Los Angeles Dodgers,27,5,7.0,1
2025-05-16,669203,Colorado Rockies,23,10,6.0,1
2025-05-21,669203,Los Angeles Dodgers,26,8,7.0,0
2025-05-27,669203,Pittsburgh Pirates,30,6,7.0,1
2025-06-01,669203,Washington Nationals,19,6,4.67,1
2025-04-26,669211,Detroit Tigers,6,1,1.67,0
2025-05-20,669211,Milwaukee Brewers,4,2,1.0,0
2025-06-12,669211,Detroit Tigers,5,2,1.0,1
2025-03-27,669302,Athletics,23,8,7.0,1
2025-04-01,669302,Detroit Tigers,21,10,5.0,1
2025-04-07,669302,Houston Astros,21,7,5.67,1
2025-04-13,669302,Texas Rangers,19,7,5.0,1
2025-04-19,669302,Toronto Blue Jays,24,9,4.67,0
2025-04-25,669302,Miami Marlins,9,3,3.0,1
2025-06-16,669302,Boston Red Sox,19,10,5.0,1
2025-06-22,669302,Chicago Cubs,22,6,5.0,0
2025-06-27,669302,Texas Rangers,23,7,5.33,0
2025-07-02,669302,Kansas City Royals,20,7,4.67,1
2025-07-08,669302,New York Yankees,24,5,5.33,0
2025-07-13,669302,Detroit Tigers,24,9,5.33,0
2025-07-22,669302,Milwaukee Brewers,21,10,6.33,1
2025-07-27,669302,Los Angeles Angels,22,7,5.0,0
2025-08-01,669302,Texas Rangers,24,7,6.0,1
2025-08-07,669302,Chicago White Sox,20,6,5.0,1
2025-08-13,669302,Baltimore Orioles,25,6,6.33,0
2025-08-18,669302,Philadelphia Phillies,15,1,2.0,0
2025-08-24,669302,Athletics,22,13,6.0,1
2025-08-30,669302,Cleveland Guardians,23,6,6.0,0
2025-09-05,669302,Atlanta Braves,24,7,6.0,0
2025-09-10,669302,St. Louis Cardinals,22,8,4.67,1
2025-09-16,669302,Kansas City Royals,25,5,5.67,0
2025-09-21,669302,Houston Astros,24,4,6.0,0
2025-09-27,669302,Los Angeles Dodgers,19,5,5.0,1
2025-05-24,669308,Atlanta Braves,14,1,2.67,0
2025-09-02,669330,San Diego Padres,20,4,5.0,0
2025-09-10,669330,Pittsburgh Pirates,22,6,6.67,1
2025-09-17,669330,Chicago White Sox,21,4,6.0,0
2025-09-24,669330,Tampa Bay Rays,19,4,4.0,1
2025-04-01,669358,Pittsburgh Pirates,23,10,6.0,1
2025-04-08,669358,Los Angeles Angels,28,6,7.0,1
2025-04-14,669358,Boston Red Sox,20,11,6.0,1
2025-04-19,669358,New York Yankees,18,3,3.33,1
2025-04-25,669358,San Diego Padres,25,6,7.0,0
2025-05-01,669358,Kansas City Royals,28,1,5.67,1
2025-05-07,669358,Philadelphia Phillies,21,3,3.33,1
2025-05-13,669358,Toronto Blue Jays,19,6,4.67,0
2025-05-18,669358,Miami Marlins,28,2,6.0,0
2025-05-24,669358,Toronto Blue Jays,23,4,5.67,1
2025-05-29,669358,Houston Astros,24,3,5.67,0
2025-06-04,669358,Texas Rangers,22,5,5.0,1
2025-06-09,669358,Boston Red Sox,22,5,5.33,0
2025-06-15,669358,New York Mets,27,6,6.67,0
2025-06-20,669358,Detroit Tigers,24,6,5.33,1
2025-06-26,669358,Kansas City Royals,27,9,8.0,0
2025-07-01,669358,Athletics,28,11,7.0,1
2025-07-07,669358,Detroit Tigers,27,7,6.0,0
2025-07-12,669358,Boston Red Sox,24,3,6.33,0
2025-07-21,669358,Chicago White Sox,22,4,4.0,1
2025-07-27,669358,Cincinnati Reds,22,5,5.0,0
2025-08-01,669358,Los Angeles Dodgers,25,8,5.0,1
2025-08-06,669358,Los Angeles Angels,19,9,4.0,0
2025-08-12,669358,Athletics,30,7,7.0,0
2025-08-19,669358,New York Yankees,18,3,3.0,1
2025-08-26,669358,Cleveland Guardians,23,7,6.0,0
2025-09-01,669358,Seattle Mariners,23,6,6.0,1
2025-09-06,669358,Cleveland Guardians,22,8,5.0,1
2025-09-12,669358,Chicago Cubs,17,5,2.33,0
2025-09-18,669358,Toronto Blue Jays,17,4,5.0,1
2025-09-24,669358,Baltimore Orioles,15,3,4.0,0
2025-04-12,669372,New York Mets,23,6,5.33,1
2025-04-18,669372,Milwaukee Brewers,20,7,4.67,0
2025-04-24,669372,Texas Rangers,20,2,3.67,1
2025-05-19,669372,Los Angeles Angels,18,7,4.0,1
2025-07-22,669372,Texas Rangers,19,2,5.0,0
2025-07-27,669372,Houston Astros,21,4,6.0,0
2025-08-02,669372,Arizona Diamondbacks,22,2,4.33,1
2025-08-08,669372,Baltimore Orioles,20,9,5.0,0
2025-08-13,669372,Tampa Bay Rays,14,3,2.0,1
2025-08-20,669372,Minnesota Twins,22,5,4.67,0
2025-08-25,669372,Detroit Tigers,23,8,5.33,1
2025-08-31,669372,Texas Rangers,25,7,6.0,1
2025-09-06,669372,Los Angeles Angels,20,5,5.0,0
2025-09-12,669372,Cincinnati Reds,20,6,4.33,1
2025-09-18,669372,Boston Red Sox,24,3,6.0,0
2025-09-25,669372,Houston Astros,21,4,3.67,1
2025-03-27,669373,Los Angeles Dodgers,22,2,5.0,0
2025-04-02,669373,Seattle Mariners,25,8,5.67,0
2025-04-08,669373,New York Yankees,22,6,6.0,1
2025-04-14,669373,Milwaukee Brewers,25,9,7.0,0
2025-04-20,669373,Kansas City Royals,22,4,5.0,1
2025-04-27,669373,Baltimore Orioles,23,11,6.0,1
2025-05-02,669373,Los Angeles Angels,21,8,6.0,0
2025-05-09,669373,Texas Rangers,24,12,7.0,1
2025-05-14,669373,Boston Red Sox,27,11,6.33,1
2025-05-20,669373,St. Louis Cardinals,23,8,5.67,0
2025-05-25,669373,Cleveland Guardians,29,13,9.0,1
2025-05-31,669373,Kansas City Royals,22,7,7.0,0
2025-06-06,669373,Chicago Cubs,29,6,7.67,1
2025-06-12,669373,Baltimore Orioles,25,6,7.0,0
2025-06-19,669373,Pittsburgh Pirates,26,6,5.67,1
2025-06-24,669373,Athletics,25,8,6.0,1
2025-06-29,669373,Minnesota Twins,23,13,7.0,1
2025-07-06,669373,Cleveland Guardians,24,10,7.0,0
2025-07-11,669373,Seattle Mariners,21,5,5.0,1
2025-07-20,669373,Texas Rangers,24,11,6.67,0
2025-07-26,669373,Toronto Blue Jays,24,7,6.0,1
2025-08-02,669373,Philadelphia Phillies,26,10,7.0,0
2025-08-08,669373,Los Angeles Angels,21,6,4.67,1
2025-08-14,669373,Minnesota Twins,28,3,7.0,0
2025-08-19,669373,Houston Astros,24,10,7.0,1
2025-08-25,669373,Athletics,28,12,6.67,0
2025-08-31,669373,Kansas City Royals,26,4,7.0,0
2025-09-06,669373,Chicago White Sox,23,6,7.0,1
2025-09-12,669373,Miami Marlins,15,2,3.33,0
2025-09-18,669373,Cleveland Guardians,27,9,6.0,1
2025-09-23,669373,Cleveland Guardians,24,8,6.0,0
2025-03-31,669387,Tampa Bay Rays,19,4,3.67,0
2025-04-07,669387,St. Louis Cardinals,22,6,5.0,1
2025-04-13,669387,Cincinnati Reds,20,4,4.33,0
2025-04-18,669387,Cleveland Guardians,21,0,4.0,1
2025-04-24,669387,Los Angeles Angels,22,4,5.0,0
2025-04-30,669387,Chicago Cubs,18,4,4.0,1
2025-05-05,669387,St. Louis Cardinals,18,2,4.67,0
2025-05-11,669387,Atlanta Braves,22,2,5.67,1
2025-05-17,669387,Philadelphia Phillies,18,2,3.33,0
2025-08-17,669387,Chicago Cubs,14,3,4.0,0
2025-08-27,669387,St. Louis Cardinals,13,4,3.0,0
2025-09-02,669387,Los Angeles Dodgers,8,1,2.0,1
2025-05-15,669422,Athletics,16,2,4.0,1
2025-05-24,669432,Boston Red Sox,22,5,6.33,0
2025-06-18,669432,Tampa Bay Rays,15,4,2.33,0
2025-06-23,669432,Texas Rangers,27,4,8.0,1
2025-06-30,669432,Texas Rangers,22,5,5.33,0
2025-07-06,669432,Atlanta Braves,24,6,6.67,0
2025-07-12,669432,Miami Marlins,24,8,6.67,1
2025-07-20,669432,Tampa Bay Rays,26,3,6.0,0
2025-07-26,669432,Colorado Rockies,22,5,7.0,1
2025-08-01,669432,Chicago Cubs,28,8,8.0,0
2025-08-06,669432,Philadelphia Phillies,27,6,6.0,0
2025-08-13,669432,Seattle Mariners,25,6,7.0,1
2025-08-18,669432,Boston Red Sox,25,7,7.0,0
2025-08-24,669432,Houston Astros,28,9,7.0,1
2025-08-30,669432,San Francisco Giants,26,5,7.0,0
2025-09-06,669432,Los Angeles Dodgers,24,6,5.33,1
2025-09-12,669432,Toronto Blue Jays,22,6,5.0,0
2025-09-19,669432,New York Yankees,21,7,6.0,1
2025-09-26,669432,New York Yankees,15,3,3.0,0
2025-08-22,669456,Miami Marlins,21,9,6.0,0
2025-08-29,669456,Milwaukee Brewers,20,6,5.33,1
2025-09-03,669456,Cincinnati Reds,24,6,6.0,0
2025-09-09,669456,Houston Astros,26,4,5.67,1
2025-09-14,669456,Baltimore Orioles,22,5,6.0,1
2025-09-20,669456,Kansas City Royals,24,4,6.33,0
2025-09-26,669456,Tampa Bay Rays,22,3,5.0,1
2025-04-01,669461,Los Angeles Angels,22,4,6.0,1
2025-04-07,669461,Pittsburgh Pirates,27,7,6.33,0
2025-04-13,669461,Philadelphia Phillies,22,7,6.0,1
2025-04-19,669461,New York Mets,27,6,6.67,0
2025-04-25,669461,Milwaukee Brewers,23,4,6.0,1
2025-05-01,669461,Cincinnati Reds,12,2,3.0,0
2025-05-06,669461,Pittsburgh Pirates,27,8,7.0,1
2025-05-12,669461,Philadelphia Phillies,24,4,5.33,0
2025-05-18,669461,Kansas City Royals,26,5,6.0,0
2025-05-24,669461,Arizona Diamondbacks,27,4,7.0,1
2025-05-30,669461,Texas Rangers,23,5,5.0,0
2025-06-05,669461,Kansas City Royals,21,2,4.0,1
2025-06-11,669461,Toronto Blue Jays,25,4,5.0,1
2025-06-17,669461,Chicago White Sox,23,4,6.0,0
2025-06-23,669461,Chicago Cubs,27,5,7.0,1
2025-06-29,669461,Cleveland Guardians,25,5,6.0,0
2025-07-05,669461,Chicago Cubs,23,4,5.0,0
2025-07-11,669461,Atlanta Braves,18,0,3.0,1
2025-07-26,669461,San Diego Padres,22,3,4.33,1
2025-08-01,669461,San Diego Padres,20,1,4.33,0
2025-08-06,669461,Los Angeles Dodgers,19,1,4.0,0
2025-08-12,669461,Colorado Rockies,16,3,4.0,1
2025-08-18,669461,Miami Marlins,21,5,5.0,0
2025-08-24,669461,Tampa Bay Rays,19,5,4.33,0
2025-08-29,669461,Cincinnati Reds,25,4,5.0,0
2025-09-03,669461,Athletics,21,7,5.33,1
2025-09-09,669461,Seattle Mariners,20,1,4.0,0
2025-09-15,669461,Cincinnati Reds,23,6,6.0,1
2025-09-21,669461,Milwaukee Brewers,20,6,5.0,1
2025-03-30,669467,Minnesota Twins,21,3,5.0,1
2025-04-06,669467,Boston Red Sox,20,6,4.33,0
2025-04-11,669467,Philadelphia Phillies,25,4,7.0,1
2025-04-17,669467,New York Mets,23,2,6.0,0
2025-04-22,669467,Atlanta Braves,23,1,4.33,0
2025-04-28,669467,Cincinnati Reds,25,4,6.0,0
2025-05-04,669467,New York Mets,21,1,3.33,1
2025-05-10,669467,Washington Nationals,27,7,7.33,0
2025-05-16,669467,Kansas City Royals,28,4,7.0,0
2025-05-21,669467,Detroit Tigers,24,3,5.67,1
2025-05-27,669467,Baltimore Orioles,27,7,5.67,0
2025-06-03,669467,Kansas City Royals,20,2,4.33,1
2025-06-09,669467,Toronto Blue Jays,27,3,6.0,1
2025-06-14,669467,Milwaukee Brewers,20,7,4.33,0
2025-06-20,669467,Cincinnati Reds,21,4,6.0,1
2025-06-26,669467,Chicago Cubs,23,2,5.0,1
2025-07-01,669467,Pittsburgh Pirates,23,3,7.0,0
2025-07-09,669467,Washington Nationals,27,1,6.0,1
2025-07-18,669467,Arizona Diamondbacks,25,3,4.67,0
2025-07-23,669467,Colorado Rockies,24,5,5.0,0
2025-07-28,669467,Miami Marlins,23,4,7.0,1
2025-08-03,669467,San Diego Padres,22,4,5.0,0
2025-08-09,669467,Chicago Cubs,13,0,1.67,1
2025-08-15,669467,New York Yankees,23,8,5.0,1
2025-08-20,669467,Miami Marlins,27,4,5.33,0
2025-08-26,669467,Pittsburgh Pirates,24,3,5.0,1
2025-08-31,669467,Cincinnati Reds,25,6,5.0,0
2025-09-06,669467,San Francisco Giants,24,3,6.0,1
2025-09-12,669467,Milwaukee Brewers,22,0,5.0,0
2025-09-17,669467,Cincinnati Reds,24,3,5.0,1
2025-09-23,669467,San Francisco Giants,14,4,2.67,0
2025-04-01,669713,San Francisco Giants,21,6,5.0,1
2025-04-07,669713,Seattle Mariners,24,5,7.0,0
2025-04-13,669713,Los Angeles Angels,23,10,6.0,1
2025-04-19,669713,San Diego Padres,22,4,5.0,1
2025-04-25,669713,Kansas City Royals,22,1,5.0,0
2025-05-06,669713,Milwaukee Brewers,19,3,4.0,0
2025-03-31,669854,San Francisco Giants,21,6,5.0,1
2025-04-06,669854,Minnesota Twins,13,3,1.67,0
2025-04-11,669854,Los Angeles Angels,19,7,5.0,1
2025-04-16,669854,St. Louis Cardinals,23,1,5.0,0
2025-04-22,669854,Toronto Blue Jays,24,3,6.67,1
2025-04-28,669854,Detroit Tigers,20,6,5.0,1
2025-05-05,669854,Milwaukee Brewers,26,6,6.0,0
2025-05-11,669854,Cincinnati Reds,27,11,8.0,1
2025-05-17,669854,Texas Rangers,26,5,6.0,0
2025-05-22,669923,Houston Astros,19,4,3.67,0
2025-05-28,669923,Washington Nationals,23,4,5.0,1
2025-06-03,669923,Baltimore Orioles,23,3,5.0,1
2025-06-08,669923,Los Angeles Angels,23,14,7.0,0
2025-06-14,669923,Cleveland Guardians,22,5,5.0,1
2025-06-20,669923,Chicago Cubs,22,3,5.0,0
2025-06-25,669923,Minnesota Twins,22,3,6.0,0
2025-06-30,669923,Kansas City Royals,21,5,6.0,1
2025-07-06,669923,Pittsburgh Pirates,24,9,6.33,1
2025-07-12,669923,Detroit Tigers,23,6,5.0,0
2025-07-21,669923,Milwaukee Brewers,24,3,6.0,1
2025-07-26,669923,Los Angeles Angels,26,9,6.0,0
2025-07-31,669923,Texas Rangers,22,6,6.0,1
2025-08-06,669923,Chicago White Sox,25,9,6.0,1
2025-08-12,669923,Baltimore Orioles,23,7,7.0,0
2025-08-17,669923,New York Mets,28,4,4.67,0
2025-08-23,669923,Athletics,25,3,6.0,1
2025-08-29,669923,Cleveland Guardians,28,6,7.0,0
2025-09-03,669923,Tampa Bay Rays,17,1,2.0,0
2025-09-09,669923,St. Louis Cardinals,20,2,4.0,1
2025-09-14,669923,Los Angeles Angels,22,14,6.33,1
2025-09-20,669923,Houston Astros,22,7,6.0,0
2025-09-26,669923,Los Angeles Dodgers,20,10,5.0,1
2025-03-31,670102,Washington Nationals,23,4,6.0,1
2025-04-06,670102,New York Mets,23,6,5.33,0
2025-04-12,670102,Baltimore Orioles,23,5,5.67,0
2025-04-18,670102,Seattle Mariners,22,5,6.0,1
2025-04-23,670102,Houston Astros,22,2,4.67,0
2025-04-29,670102,Boston Red Sox,17,1,3.0,1
2025-05-04,670102,Cleveland Guardians,19,2,4.33,1
2025-05-10,670102,Seattle Mariners,27,5,6.67,0
2025-05-16,670102,Detroit Tigers,25,6,4.67,1
2025-05-22,670102,San Diego Padres,17,4,4.0,1
2025-05-27,670102,Texas Rangers,19,6,5.0,0
2025-06-03,670102,Philadelphia Phillies,15,2,1.67,1
2025-06-08,670102,Minnesota Twins,19,2,3.33,0
2025-06-14,670102,Philadelphia Phillies,17,4,3.67,0
2025-08-04,670912,San Francisco Giants,8,3,1.0,1
2025-08-20,670912,Toronto Blue Jays,19,6,5.0,1
2025-08-25,670912,St. Louis Cardinals,16,5,4.0,0
2025-08-30,670912,Boston Red Sox,20,6,5.0,0
2025-09-05,670912,Milwaukee Brewers,20,4,5.0,1
2025-09-11,670912,Baltimore Orioles,25,5,5.67,0
2025-09-17,670912,Chicago Cubs,24,3,5.0,1
2025-09-23,670912,Cincinnati Reds,19,7,4.67,0
2025-09-28,670912,Atlanta Braves,19,3,5.0,0
2025-04-12,671096,Pittsburgh Pirates,19,5,5.0,1
2025-04-18,671096,Baltimore Orioles,21,11,6.0,0
2025-04-25,671096,Colorado Rockies,21,4,4.0,0
2025-05-01,671096,St. Louis Cardinals,18,3,4.0,1
2025-05-06,671096,Atlanta Braves,19,8,5.0,0
2025-05-13,671096,Chicago White Sox,22,7,6.0,1
2025-05-18,671096,Cleveland Guardians,22,5,5.0,1
2025-05-24,671096,Chicago Cubs,23,2,5.67,1
2025-05-30,671096,Chicago Cubs,23,8,7.0,0
2025-06-04,671096,Milwaukee Brewers,26,6,6.0,1
2025-06-10,671096,Cleveland Guardians,31,5,9.0,0
2025-06-17,671096,Minnesota Twins,26,5,5.67,1
2025-06-22,671096,St. Louis Cardinals,25,3,7.0,0
2025-06-28,671096,San Diego Padres,24,4,5.0,1
2025-07-04,671096,Philadelphia Phillies,19,2,3.33,0
2025-07-09,671096,Miami Marlins,30,5,7.67,1
2025-07-20,671096,New York Mets,25,5,6.0,0
2025-07-26,671096,Tampa Bay Rays,23,7,6.0,1
2025-07-31,671096,Atlanta Braves,25,1,5.33,1
2025-08-06,671096,Chicago Cubs,29,3,6.67,0
2025-08-11,671096,Philadelphia Phillies,28,6,7.67,1
2025-08-17,671096,Milwaukee Brewers,24,7,7.0,1
2025-08-23,671096,Arizona Diamondbacks,21,6,4.0,0
2025-08-30,671096,St. Louis Cardinals,22,7,5.0,1
2025-09-05,671096,New York Mets,25,5,4.67,1
2025-09-10,671096,San Diego Padres,30,6,8.0,0
2025-09-16,671096,St. Louis Cardinals,22,7,4.67,0
2025-09-21,671096,Chicago Cubs,20,2,4.67,1
2025-09-27,671096,Milwaukee Brewers,21,4,5.33,0
2025-04-01,671106,San Diego Padres,24,1,5.33,0
2025-04-09,671106,Chicago White Sox,21,4,4.67,1
2025-04-15,671106,Baltimore Orioles,22,6,5.67,0
2025-04-20,671106,Pittsburgh Pirates,23,5,5.67,0
2025-04-27,671106,Boston Red Sox,24,2,4.33,1
2025-05-02,671106,Toronto Blue Jays,25,4,5.67,0
2025-05-07,671106,Washington Nationals,23,3,4.0,0
2025-05-13,671106,Milwaukee Brewers,22,6,6.0,1
2025-05-19,671106,Minnesota Twins,13,3,3.0,0
2025-05-25,671106,Detroit Tigers,22,2,3.67,0
2025-06-06,671106,Houston Astros,27,2,6.0,1
2025-06-11,671106,Cincinnati Reds,22,6,6.0,1
2025-06-18,671106,San Francisco Giants,21,4,5.33,0
2025-06-24,671106,Toronto Blue Jays,27,4,5.67,1
2025-06-29,671106,St. Louis Cardinals,24,6,6.0,1
2025-07-05,671106,Detroit Tigers,21,5,6.0,1
2025-07-11,671106,Chicago White Sox,20,5,6.0,0
2025-07-19,671106,Athletics,24,4,5.33,1
2025-07-24,671106,Baltimore Orioles,27,4,6.33,1
2025-07-29,671106,Colorado Rockies,28,3,7.0,1
2025-08-05,671106,New York Mets,23,6,5.0,0
2025-08-12,671106,Miami Marlins,24,5,5.0,1
2025-08-17,671106,Atlanta Braves,23,6,4.67,1
2025-08-23,671106,Texas Rangers,26,2,5.0,0
2025-08-29,671106,Seattle Mariners,24,5,6.0,1
2025-09-04,671106,Tampa Bay Rays,24,4,5.0,0
2025-09-10,671106,Kansas City Royals,21,2,5.0,1
2025-09-20,671106,Minnesota Twins,26,7,8.0,0
2025-09-28,671106,Texas Rangers,22,4,4.33,1
2025-04-13,671212,Atlanta Braves,18,7,5.0,1
2025-07-29,671212,New York Yankees,18,6,3.33,0
2025-08-03,671212,Los Angeles Dodgers,20,2,5.0,1
2025-08-09,671212,Seattle Mariners,19,5,3.33,0
2025-08-15,671212,San Francisco Giants,12,3,2.0,0
2025-08-21,671212,St. Louis Cardinals,25,5,4.0,1
2025-09-15,671212,Toronto Blue Jays,21,5,6.0,1
2025-09-21,671212,Boston Red Sox,20,9,4.33,1
2025-09-27,671212,Toronto Blue Jays,21,5,5.0,0
2025-03-30,671737,Colorado Rockies,23,7,6.0,1
2025-04-05,671737,Texas Rangers,21,7,5.0,0
2025-04-11,671737,Atlanta Braves,24,7,6.0,1
2025-04-17,671737,New York Yankees,27,3,5.33,1
2025-04-23,671737,Arizona Diamondbacks,25,3,6.0,0
2025-04-29,671737,Kansas City Royals,27,2,7.0,1
2025-05-04,671737,New York Yankees,22,1,5.33,0
2025-05-10,671737,Milwaukee Brewers,22,5,6.0,1
2025-05-16,671737,Miami Marlins,22,6,4.0,0
2025-05-21,671737,Houston Astros,23,7,6.0,1
2025-05-27,671737,Minnesota Twins,28,6,7.0,1
2025-06-01,671737,Houston Astros,27,10,7.0,0
2025-06-07,671737,Miami Marlins,19,2,4.0,1
2025-06-13,671737,New York Mets,21,5,4.0,0
2025-06-18,671737,Baltimore Orioles,12,2,1.33,1
2025-06-24,671737,Kansas City Royals,23,4,6.67,0
2025-06-29,671737,Baltimore Orioles,24,2,5.33,0
2025-07-05,671737,Minnesota Twins,24,5,5.67,0
2025-07-10,671737,Boston Red Sox,23,5,6.0,0
2025-07-18,671737,Baltimore Orioles,22,6,6.0,1
2025-07-23,671737,Chicago White Sox,12,0,1.67,1
2025-08-24,671737,Chicago White Sox,24,1,5.0,0
2025-08-30,671737,San Diego Padres,19,6,5.0,1
2025-09-04,671737,Chicago White Sox,23,7,5.0,1
2025-09-10,671737,Los Angeles Angels,24,5,6.33,0
2025-09-17,671737,New York Yankees,22,4,4.0,1
2025-09-24,671737,Texas Rangers,22,9,6.0,0
2025-04-16,672456,Milwaukee Brewers,24,8,5.0,0
2025-04-21,672456,San Diego Padres,22,3,4.33,1
2025-04-26,672456,Baltimore Orioles,18,2,4.33,1
2025-05-08,672456,Colorado Rockies,29,2,8.0,0
2025-05-26,672456,San Francisco Giants,18,3,5.0,1
2025-06-01,672456,Kansas City Royals,20,2,4.67,0
2025-07-07,672456,Tampa Bay Rays,21,4,6.0,1
2025-07-19,672456,Texas Rangers,20,5,4.33,0
2025-07-25,672456,Toronto Blue Jays,22,3,4.0,1
2025-09-14,672456,Miami Marlins,18,5,5.0,0
2025-09-20,672456,Atlanta Braves,14,2,3.0,1
2025-09-27,672456,Boston Red Sox,18,7,4.33,0
2025-07-12,672582,New York Mets,3,1,1.0,1
2025-07-30,672582,Atlanta Braves,4,0,1.0,1
2025-04-01,673540,Miami Marlins,20,8,5.0,0
2025-04-07,673540,Miami Marlins,19,4,5.0,1
2025-04-13,673540,Athletics,26,4,7.0,0
2025-04-19,673540,St. Louis Cardinals,22,4,5.67,1
2025-04-25,673540,Washington Nationals,24,5,6.0,0
2025-05-01,673540,Arizona Diamondbacks,19,6,4.0,1
2025-05-07,673540,Arizona Diamondbacks,22,4,6.0,0
2025-05-13,673540,Pittsburgh Pirates,25,7,5.67,1
2025-05-19,673540,Boston Red Sox,27,5,6.0,0
2025-05-25,673540,Los Angeles Dodgers,24,5,5.33,1
2025-05-31,673540,Colorado Rockies,23,7,6.33,1
2025-06-06,673540,Colorado Rockies,23,6,6.0,0
2025-06-12,673540,Washington Nationals,19,5,5.67,1
2025-07-11,673540,Kansas City Royals,18,4,4.0,0
2025-07-21,673540,Los Angeles Angels,16,5,3.0,1
2025-07-27,673540,San Francisco Giants,24,3,5.0,0
2025-08-02,673540,San Francisco Giants,20,4,4.0,1
2025-08-08,673540,Milwaukee Brewers,20,2,4.33,0
2025-08-14,673540,Atlanta Braves,23,7,5.67,1
2025-08-20,673540,Washington Nationals,24,4,5.0,0
2025-08-25,673540,Philadelphia Phillies,22,4,4.0,1
2025-08-31,673540,Miami Marlins,22,6,4.67,1
2025-06-24,673929,Arizona Diamondbacks,4,1,1.0,1
2025-03-29,674370,Seattle Mariners,22,4,5.0,0
2025-04-04,674370,Colorado Rockies,22,5,5.0,0
2025-04-09,674370,San Diego Padres,24,5,5.0,1
2025-04-16,674370,Chicago White Sox,22,0,5.67,0
2025-04-22,674370,Texas Rangers,27,2,5.33,1
2025-04-27,674370,Chicago White Sox,23,1,5.33,1
2025-05-03,674370,Miami Marlins,20,4,5.0,0
2025-05-09,674370,New York Yankees,26,6,5.33,1
2025-05-15,674370,Los Angeles Dodgers,12,2,1.67,0
2025-08-26,674370,Detroit Tigers,14,5,3.0,1
2025-09-01,674841,Miami Marlins,19,4,5.0,1
2025-09-07,674841,Chicago Cubs,20,2,4.67,0
2025-09-13,674841,Pittsburgh Pirates,23,5,6.0,1
2025-09-19,674841,New York Mets,18,4,3.33,0
2025-09-24,674841,Atlanta Braves,18,5,4.33,0
2025-07-23,675512,Pittsburgh Pirates,24,7,5.0,0
2025-07-28,675512,Arizona Diamondbacks,24,5,7.0,1
2025-08-13,675512,Chicago White Sox,16,6,5.0,0
2025-09-25,675512,Cleveland Guardians,15,1,3.67,0
2025-04-16,675911,Toronto Blue Jays,21,5,5.0,0
2025-05-20,675911,Washington Nationals,19,3,4.33,0
2025-05-27,675911,Philadelphia Phillies,20,7,4.67,0
2025-06-03,675911,Arizona Diamondbacks,22,4,5.0,1
2025-06-08,675911,San Francisco Giants,25,5,6.0,0
2025-06-14,675911,Colorado Rockies,22,13,6.0,1
2025-06-19,675911,New York Mets,24,8,6.0,1
2025-06-24,675911,New York Mets,21,8,5.0,0
2025-06-29,675911,Philadelphia Phillies,28,4,7.0,1
2025-07-04,675911,Baltimore Orioles,26,6,6.0,1
2025-07-10,675911,Athletics,27,11,6.67,0
2025-07-18,675911,New York Yankees,22,8,6.0,1
2025-07-23,675911,San Francisco Giants,24,7,5.0,1
2025-07-28,675911,Kansas City Royals,25,3,5.0,0
2025-08-06,675911,Milwaukee Brewers,24,6,4.67,1
2025-08-12,675911,New York Mets,22,2,4.0,0
2025-08-18,675911,Chicago White Sox,19,2,3.0,1
2025-08-25,675911,Miami Marlins,25,3,7.0,0
2025-09-01,675911,Chicago Cubs,22,1,5.0,0
2025-09-09,675911,Chicago Cubs,26,8,6.0,1
2025-09-15,675911,Washington Nationals,25,6,7.0,0
2025-09-21,675911,Detroit Tigers,23,6,5.0,0
2025-09-27,675911,Pittsburgh Pirates,27,5,6.0,1
2025-06-20,676083,Atlanta Braves,20,5,5.0,1
2025-06-26,676083,San Francisco Giants,19,1,3.67,0
2025-07-02,676083,Minnesota Twins,23,7,6.0,1
2025-07-07,676083,Cincinnati Reds,20,3,6.0,0
2025-07-12,676083,Baltimore Orioles,26,2,7.0,0
2025-07-20,676083,Kansas City Royals,23,1,5.0,1
2025-07-26,676083,Milwaukee Brewers,21,5,5.0,0
2025-08-01,676083,New York Yankees,22,4,5.0,1
2025-08-06,676083,Houston Astros,20,2,5.0,1
2025-08-12,676083,Cleveland Guardians,21,2,5.0,0
2025-08-17,676083,Boston Red Sox,28,6,7.0,0
2025-08-23,676083,Toronto Blue Jays,23,3,5.67,1
2025-09-08,676083,Washington Nationals,23,3,4.33,1
2025-09-13,676083,Detroit Tigers,26,4,6.0,1
2025-09-19,676083,Texas Rangers,24,5,7.0,0
2025-09-25,676083,Philadelphia Phillies,19,4,4.67,0
2025-03-31,676106,Detroit Tigers,9,0,0.67,1
2025-04-17,676106,Cincinnati Reds,18,4,5.0,0
2025-04-23,676106,Boston Red Sox,25,7,6.0,0
2025-04-30,676106,Los Angeles Angels,28,4,6.0,1
2025-05-06,676106,Athletics,22,2,6.0,0
2025-05-12,676106,New York Yankees,27,5,5.0,1
2025-05-17,676106,San Diego Padres,21,3,4.67,0
2025-05-23,676106,Houston Astros,28,3,6.0,0
2025-05-29,676106,Washington Nationals,19,4,5.33,1
2025-06-04,676106,Baltimore Orioles,20,6,5.67,1
2025-06-09,676106,Arizona Diamondbacks,23,3,5.0,0
2025-06-15,676106,Cleveland Guardians,22,4,7.0,1
2025-06-21,676106,Chicago Cubs,21,5,4.0,0
2025-06-26,676106,Minnesota Twins,23,2,5.0,0
2025-07-01,676106,Kansas City Royals,29,1,6.0,1
2025-09-25,676106,Colorado Rockies,14,7,4.0,1
2025-04-29,676263,Miami Marlins,8,3,2.0,1
2025-05-05,676263,Miami Marlins,4,0,1.33,0
2025-05-19,676263,Arizona Diamondbacks,10,1,2.0,1
2025-06-17,676263,San Diego Padres,8,2,2.0,1
2025-06-24,676263,Colorado Rockies,5,0,1.0,0
2025-07-03,676282,Chicago Cubs,15,5,3.33,0
2025-07-08,676282,Houston Astros,20,7,4.0,0
2025-07-13,676282,Chicago White Sox,23,6,5.33,0
2025-07-22,676282,Baltimore Orioles,19,5,5.0,1
2025-07-27,676282,Kansas City Royals,19,4,4.0,0
2025-08-03,676282,Minnesota Twins,25,9,5.67,1
2025-08-09,676282,Chicago White Sox,24,3,5.67,0
2025-08-15,676282,Atlanta Braves,21,5,5.0,1
2025-09-03,676282,Boston Red Sox,25,7,6.0,0
2025-09-09,676282,Kansas City Royals,27,5,8.0,1
2025-09-16,676282,Detroit Tigers,21,3,5.0,0
2025-09-21,676282,Minnesota Twins,19,5,4.33,0
2025-09-27,676282,Texas Rangers,20,8,5.67,1
2025-05-21,676428,St. Louis Cardinals,11,2,3.0,0
2025-06-10,676428,Baltimore Orioles,12,3,2.67,0
2025-06-13,676428,Cincinnati Reds,4,1,0.67,1
2025-06-21,676428,Tampa Bay Rays,8,2,0.67,0
2025-03-30,676440,Kansas City Royals,20,2,5.67,0
2025-04-05,676440,Los Angeles Angels,23,4,4.0,0
2025-04-11,676440,Kansas City Royals,20,4,4.67,1
2025-04-17,676440,Baltimore Orioles,24,5,5.67,0
2025-04-22,676440,New York Yankees,24,5,6.0,1
2025-04-29,676440,Minnesota Twins,25,5,7.0,1
2025-05-04,676440,Toronto Blue Jays,23,3,5.0,0
2025-05-10,676440,Philadelphia Phillies,26,3,7.0,1
2025-05-16,676440,Cincinnati Reds,28,4,6.0,0
2025-05-22,676440,Detroit Tigers,25,8,7.0,0
2025-05-27,676440,Los Angeles Dodgers,23,7,5.0,1
2025-06-03,676440,New York Yankees,26,6,6.33,0
2025-06-08,676440,Houston Astros,24,6,6.33,1
2025-06-14,676440,Seattle Mariners,23,3,5.0,0
2025-06-20,676440,Athletics,35,10,8.0,0
2025-06-26,676440,Toronto Blue Jays,24,7,6.0,1
2025-07-02,676440,Chicago Cubs,22,5,4.0,0
2025-07-07,676440,Houston Astros,19,3,4.67,0
2025-07-12,676440,Chicago White Sox,22,5,5.67,0
2025-07-21,676440,Baltimore Orioles,27,4,7.0,1
2025-07-26,676440,Kansas City Royals,22,8,5.0,0
2025-08-02,676440,Minnesota Twins,24,5,4.67,1
2025-08-08,676440,Chicago White Sox,24,7,5.33,0
2025-08-14,676440,Miami Marlins,26,5,5.67,1
2025-08-19,676440,Arizona Diamondbacks,25,5,5.67,0
2025-08-25,676440,Tampa Bay Rays,29,3,6.0,1
2025-08-31,676440,Seattle Mariners,27,4,6.33,1
2025-09-06,676440,Tampa Bay Rays,24,3,6.67,0
2025-09-12,676440,Chicago White Sox,30,10,9.0,1
2025-09-18,676440,Detroit Tigers,24,8,6.0,0
2025-09-24,676440,Detroit Tigers,24,5,6.0,1
2025-05-14,676467,Kansas City Royals,22,3,4.33,1
2025-05-19,676467,Tampa Bay Rays,21,7,5.33,0
2025-05-25,676467,Seattle Mariners,23,4,5.0,1
2025-05-31,676467,Tampa Bay Rays,21,6,5.0,1
2025-06-06,676467,Cleveland Guardians,19,5,5.0,0
2025-06-13,676467,Minnesota Twins,24,5,6.0,1
2025-06-19,676467,Athletics,24,4,5.0,0
2025-06-25,676467,Philadelphia Phillies,19,4,5.0,1
2025-07-01,676467,Colorado Rockies,25,3,4.67,0
2025-07-07,676467,Cleveland Guardians,25,2,5.67,1
2025-07-21,676467,Arizona Diamondbacks,26,4,5.67,0
2025-07-27,676467,Athletics,21,6,5.0,1
2025-08-02,676467,Boston Red Sox,21,6,4.0,0
2025-09-05,676467,Texas Rangers,20,2,4.33,0
2025-04-23,676508,Chicago Cubs,9,4,2.67,0
2025-06-11,676508,San Diego Padres,16,2,4.0,0
2025-07-04,676508,Houston Astros,18,3,3.0,1
2025-03-30,676664,Seattle Mariners,25,7,6.67,0
2025-04-05,676664,Colorado Rockies,26,2,6.33,0
2025-04-11,676664,New York Mets,21,7,4.0,1
2025-04-17,676664,Chicago White Sox,24,2,6.0,0
2025-04-23,676664,Texas Rangers,20,5,5.0,1
2025-04-28,676664,Texas Rangers,22,7,5.67,0
2025-05-04,676664,Miami Marlins,23,2,6.33,0
2025-05-10,676664,New York Yankees,20,4,5.0,1
2025-05-16,676664,San Francisco Giants,21,2,4.0,0
2025-05-21,676664,Los Angeles Angels,23,4,5.0,1
2025-05-27,676664,Houston Astros,21,1,3.33,0
2025-06-01,676664,Toronto Blue Jays,22,3,5.0,0
2025-06-06,676664,Baltimore Orioles,22,3,5.0,1
2025-06-11,676664,Los Angeles Angels,20,9,5.33,0
2025-06-17,676664,Houston Astros,18,0,3.33,1
2025-06-22,676664,Cleveland Guardians,23,5,5.0,1
2025-06-28,676664,New York Yankees,21,4,5.67,0
2025-07-04,676664,San Francisco Giants,23,6,6.0,1
2025-07-10,676664,Atlanta Braves,19,6,5.0,1
2025-07-18,676664,Cleveland Guardians,20,5,4.0,0
2025-07-23,676664,Texas Rangers,18,7,5.0,0
2025-07-28,676664,Seattle Mariners,20,6,4.33,1
2025-08-04,676664,Arizona Diamondbacks,26,4,5.0,0
2025-08-20,676664,San Francisco Giants,23,2,6.0,1
2025-08-25,676664,Seattle Mariners,17,2,3.67,0
2025-09-12,676664,Colorado Rockies,19,8,4.33,1
2025-09-28,676664,Arizona Diamondbacks,26,4,5.67,1
2025-08-27,676879,Arizona Diamondbacks,6,3,2.0,1
2025-08-06,676917,Athletics,19,6,4.33,1
2025-08-11,676917,Kansas City Royals,24,3,5.0,0
2025-08-16,676917,Philadelphia Phillies,26,5,7.0,1
2025-08-22,676917,Philadelphia Phillies,28,4,6.0,0
2025-08-27,676917,New York Yankees,18,4,2.33,0
2025-09-02,676917,Miami Marlins,20,6,5.0,1
2025-09-08,676917,Miami Marlins,21,1,5.0,0
2025-09-14,676917,Pittsburgh Pirates,21,2,5.0,1
2025-09-20,676917,New York Mets,21,3,5.0,0
2025-09-26,676917,Chicago White Sox,21,6,4.0,1
2025-08-20,676961,Kansas City Royals,16,1,3.0,0
2025-03-31,676962,Athletics,23,5,5.0,0
2025-04-06,676962,San Diego Padres,24,5,4.0,1
2025-04-12,676962,Los Angeles Dodgers,22,5,6.0,0
2025-04-19,676962,Arizona Diamondbacks,21,6,4.0,1
2025-04-26,676962,Philadelphia Phillies,21,5,3.67,1
2025-05-02,676962,Milwaukee Brewers,21,4,6.0,0
2025-05-07,676962,San Francisco Giants,22,9,5.0,1
2025-05-13,676962,Miami Marlins,22,6,5.33,1
2025-05-19,676962,Miami Marlins,21,8,4.67,0
2025-05-25,676962,Cincinnati Reds,22,4,4.33,0
2025-06-06,676962,Detroit Tigers,28,7,7.0,0
2025-06-11,676962,Philadelphia Phillies,28,5,5.67,0
2025-06-17,676962,Milwaukee Brewers,24,5,5.0,1
2025-06-23,676962,St. Louis Cardinals,25,3,5.0,0
2025-07-27,676962,Chicago White Sox,17,4,5.0,0
2025-03-30,676974,Pittsburgh Pirates,23,7,5.67,1
2025-04-04,676974,Atlanta Braves,29,8,6.0,0
2025-04-09,676974,New York Mets,22,4,6.33,0
2025-04-16,676974,Arizona Diamondbacks,24,8,6.0,1
2025-04-21,676974,Cincinnati Reds,23,14,6.0,1
2025-04-27,676974,Seattle Mariners,21,6,4.0,0
2025-05-03,676974,Athletics,25,0,5.0,1
2025-05-09,676974,Chicago White Sox,28,5,6.33,0
2025-05-16,676974,Tampa Bay Rays,21,7,5.0,1
2025-05-21,676974,Chicago Cubs,23,4,6.0,1
2025-05-27,676974,San Diego Padres,21,0,3.33,0
2025-06-02,676974,Colorado Rockies,25,5,5.0,1
2025-03-27,676979,Texas Rangers,21,4,5.0,0
2025-04-02,676979,Baltimore Orioles,27,8,8.0,0
2025-04-08,676979,Toronto Blue Jays,27,5,5.67,1
2025-04-13,676979,Chicago White Sox,24,11,7.33,0
2025-04-19,676979,Chicago White Sox,24,7,6.0,1
2025-04-24,676979,Seattle Mariners,25,9,5.0,1
2025-04-29,676979,Toronto Blue Jays,27,6,7.0,0
2025-05-04,676979,Minnesota Twins,21,6,5.0,1
2025-05-10,676979,Kansas City Royals,29,9,7.0,0
2025-05-16,676979,Atlanta Braves,26,8,7.0,1
2025-05-21,676979,New York Mets,21,5,5.33,1
2025-05-26,676979,Milwaukee Brewers,27,11,6.67,0
2025-06-01,676979,Atlanta Braves,28,12,7.0,0
2025-06-07,676979,New York Yankees,25,9,6.0,0
2025-06-13,676979,New York Yankees,30,7,8.33,1
2025-06-18,676979,Seattle Mariners,24,8,6.0,0
2025-06-24,676979,Los Angeles Angels,25,10,7.0,0
2025-06-30,676979,Cincinnati Reds,26,9,6.0,1
2025-07-06,676979,Washington Nationals,26,7,5.0,0
2025-07-12,676979,Tampa Bay Rays,30,9,9.0,1
2025-07-20,676979,Chicago Cubs,26,5,6.0,0
2025-07-26,676979,Los Angeles Dodgers,26,10,6.0,1
2025-08-05,676979,Kansas City Royals,26,8,7.0,1
2025-08-11,676979,Houston Astros,20,5,4.0,0
2025-08-17,676979,Miami Marlins,26,8,7.0,1
2025-08-23,676979,New York Yankees,27,11,7.0,0
2025-08-28,676979,Baltimore Orioles,25,7,6.0,0
2025-09-02,676979,Cleveland Guardians,26,4,6.0,1
2025-09-08,676979,Athletics,24,10,7.0,0
2025-09-14,676979,New York Yankees,24,12,6.0,1
2025-09-19,676979,Tampa Bay Rays,25,9,6.0,0
2025-09-24,676979,Toronto Blue Jays,26,6,8.0,0
2025-05-17,677944,Cincinnati Reds,20,8,5.0,0
2025-05-23,677944,Detroit Tigers,25,6,6.0,0
2025-05-31,677944,Los Angeles Angels,22,3,4.33,1
2025-06-05,677944,New York Yankees,22,3,5.0,0
2025-06-10,677944,Cincinnati Reds,20,8,5.0,1
2025-06-17,677944,San Francisco Giants,23,6,5.0,0
2025-06-22,677944,Athletics,26,3,7.0,0
2025-06-28,677944,St. Louis Cardinals,21,5,4.67,1
2025-07-04,677944,Detroit Tigers,26,5,6.0,1
2025-07-09,677944,Houston Astros,27,9,7.0,0
2025-07-18,677944,Athletics,33,2,8.33,1
2025-07-23,677944,Baltimore Orioles,22,2,6.0,1
2025-07-28,677944,Colorado Rockies,28,3,7.0,1
2025-08-04,677944,New York Mets,25,6,6.0,0
2025-08-10,677944,Chicago White Sox,18,4,3.0,0
2025-08-16,677944,Atlanta Braves,27,3,4.67,1
2025-08-22,677944,Texas Rangers,22,3,6.0,0
2025-08-27,677944,Tampa Bay Rays,23,4,6.0,1
2025-09-02,677944,Boston Red Sox,26,8,5.33,0
2025-09-08,677944,Kansas City Royals,27,3,8.0,1
2025-09-14,677944,Chicago White Sox,21,4,5.67,1
2025-09-20,677944,Minnesota Twins,23,8,7.0,0
2025-09-26,677944,Texas Rangers,18,3,4.0,1
2025-06-23,677952,Milwaukee Brewers,10,2,3.0,0
2025-08-09,677952,Cincinnati Reds,15,5,3.33,1
2025-08-15,677952,Chicago Cubs,18,4,5.0,0
2025-08-22,677952,Colorado Rockies,16,6,5.0,1
2025-08-28,677952,St. Louis Cardinals,21,5,5.67,0
2025-09-03,677952,Los Angeles Dodgers,15,4,3.0,1
2025-09-15,677952,Chicago Cubs,19,4,4.0,1
2025-09-25,677952,Cincinnati Reds,21,5,4.33,0
2025-03-31,677958,Cincinnati Reds,18,3,3.0,0
2025-04-06,677958,Tampa Bay Rays,20,1,5.0,1
2025-04-12,677958,Seattle Mariners,17,2,3.33,0
2025-04-17,677958,Los Angeles Angels,27,8,7.0,1
2025-04-23,677958,Athletics,13,2,1.67,0
2025-06-04,677958,Tampa Bay Rays,19,5,3.33,0
2025-06-15,677958,Chicago White Sox,20,6,5.0,1
2025-06-21,677958,Pittsburgh Pirates,23,4,5.33,0
2025-06-28,677958,Seattle Mariners,24,6,6.0,1
2025-07-04,677958,San Diego Padres,21,4,5.33,0
2025-07-09,677958,Los Angeles Angels,21,2,4.33,0
2025-07-19,677958,Detroit Tigers,23,5,6.33,1
2025-07-26,677958,Atlanta Braves,19,5,4.0,1
2025-07-31,677958,Seattle Mariners,22,3,4.67,0
2025-05-14,677960,Chicago Cubs,18,5,5.0,0
2025-05-20,677960,Chicago Cubs,19,4,5.0,1
2025-05-26,677960,San Diego Padres,24,6,5.67,0
2025-06-01,677960,San Francisco Giants,26,7,6.0,1
2025-06-07,677960,Tampa Bay Rays,15,1,3.0,0
2025-09-11,677960,Washington Nationals,19,4,5.0,1
2025-09-17,677960,Colorado Rockies,22,2,4.0,0
2025-09-24,677960,Philadelphia Phillies,23,8,4.67,0
2025-08-03,678022,Arizona Diamondbacks,17,4,3.0,1
2025-08-09,678022,Baltimore Orioles,22,5,6.0,0
2025-08-15,678022,Los Angeles Angels,23,7,5.0,1
2025-08-21,678022,Minnesota Twins,22,2,5.0,0
2025-06-08,678024,Kansas City Royals,14,1,3.33,1
2025-06-14,678024,Texas Rangers,18,4,4.0,0
2025-06-19,678024,St. Louis Cardinals,20,6,3.67,1
2025-03-29,678368,Pittsburgh Pirates,18,4,4.33,1
2025-04-07,678368,New York Mets,17,2,3.67,0
2025-05-02,678368,Athletics,23,1,4.67,1
2025-05-07,678368,Los Angeles Dodgers,18,7,5.33,1
2025-05-13,678368,Chicago Cubs,18,2,4.0,0
2025-09-05,678368,Philadelphia Phillies,12,2,3.0,1
2025-04-22,678394,Seattle Mariners,22,3,5.0,1
2025-04-27,678394,Cleveland Guardians,26,4,6.0,0
2025-05-02,678394,Minnesota Twins,25,5,6.67,1
2025-05-08,678394,Texas Rangers,21,1,4.67,1
2025-05-13,678394,Detroit Tigers,21,4,4.67,0
2025-05-18,678394,Atlanta Braves,27,3,4.33,1
2025-05-23,678394,Baltimore Orioles,18,7,4.0,1
2025-05-28,678394,Milwaukee Brewers,20,2,4.67,0
2025-06-03,678394,Los Angeles Angels,27,4,6.0,1
2025-06-09,678394,Tampa Bay Rays,27,4,6.33,1
2025-06-15,678394,New York Yankees,26,8,7.0,1
2025-06-21,678394,San Francisco Giants,24,6,6.0,0
2025-06-27,678394,Toronto Blue Jays,28,1,6.0,1
2025-07-08,678394,Colorado Rockies,33,10,9.0,1
2025-07-13,678394,Tampa Bay Rays,26,5,6.33,1
2025-07-19,678394,Chicago Cubs,25,4,6.0,0
2025-07-25,678394,Los Angeles Dodgers,23,5,5.33,1
2025-07-30,678394,Minnesota Twins,28,4,7.0,0
2025-08-04,678394,Kansas City Royals,25,5,6.0,1
2025-08-10,678394,San Diego Padres,25,7,5.67,0
2025-08-16,678394,Miami Marlins,24,2,6.33,1
2025-08-22,678394,New York Yankees,23,5,7.0,0
2025-08-27,678394,Baltimore Orioles,27,6,6.67,0
2025-09-01,678394,Cleveland Guardians,24,4,5.0,1
2025-09-07,678394,Arizona Diamondbacks,23,2,6.0,0
2025-09-13,678394,New York Yankees,24,4,5.0,1
2025-09-18,678394,Athletics,18,3,4.0,1
2025-09-25,678394,Toronto Blue Jays,23,3,5.0,0
2025-08-02,678906,New York Mets,18,4,3.33,0
2025-08-13,678906,San Diego Padres,12,0,1.67,1
2025-08-19,678906,San Diego Padres,17,4,3.33,0
2025-09-01,678906,Colorado Rockies,24,8,5.33,0
2025-09-07,678906,St. Louis Cardinals,19,8,4.0,0
2025-09-15,678906,Arizona Diamondbacks,16,5,4.0,0
2025-09-20,678906,Los Angeles Dodgers,15,6,3.0,0
2025-04-01,680573,Chicago White Sox,17,5,4.0,0
2025-04-07,680573,Kansas City Royals,28,6,5.67,0
2025-04-13,680573,Detroit Tigers,21,5,5.0,1
2025-04-26,680573,Los Angeles Angels,20,7,5.33,1
2025-05-01,680573,Cleveland Guardians,20,4,4.67,0
2025-05-07,680573,Baltimore Orioles,18,1,4.67,1
2025-05-14,680573,Baltimore Orioles,21,4,4.0,0
2025-06-10,680573,Texas Rangers,26,4,4.67,1
2025-06-15,680573,Houston Astros,17,4,5.0,0
2025-06-21,680573,Milwaukee Brewers,26,3,6.0,1
2025-06-26,680573,Seattle Mariners,18,6,5.0,1
2025-07-02,680573,Miami Marlins,19,3,5.0,0
2025-07-08,680573,Chicago Cubs,19,4,5.0,1
2025-07-13,680573,Pittsburgh Pirates,21,3,4.67,1
2025-07-22,680573,Los Angeles Dodgers,14,2,3.0,0
2025-07-28,680573,Boston Red Sox,23,5,4.67,1
2025-08-27,680573,Toronto Blue Jays,18,2,3.67,0
2025-09-02,680573,Chicago White Sox,21,7,5.0,1
2025-09-08,680573,Los Angeles Angels,21,6,5.0,0
2025-09-15,680573,New York Yankees,22,11,6.0,1
2025-09-21,680573,Cleveland Guardians,21,3,5.0,1
2025-09-28,680573,Philadelphia Phillies,19,9,6.0,0
2025-05-02,680684,Miami Marlins,22,7,6.0,0
2025-05-07,680684,Seattle Mariners,22,3,5.33,1
2025-05-14,680684,Los Angeles Dodgers,25,5,5.33,0
2025-05-20,680684,Los Angeles Angels,22,5,4.67,1
2025-05-25,680684,Philadelphia Phillies,21,2,5.0,1
2025-05-31,680684,Toronto Blue Jays,27,1,6.0,0
2025-08-26,680694,Boston Red Sox,21,10,6.0,1
2025-09-01,680694,San Diego Padres,17,5,4.0,0
2025-09-09,680694,Pittsburgh Pirates,27,6,7.0,1
2025-09-15,680694,Chicago White Sox,21,9,5.0,0
2025-09-21,680694,New York Yankees,23,9,6.0,1
2025-09-28,680694,New York Yankees,17,8,4.0,0
2025-03-30,680730,Philadelphia Phillies,27,5,6.33,1
2025-04-05,680730,Arizona Diamondbacks,23,2,6.0,1
2025-04-11,680730,Miami Marlins,27,3,6.0,0
2025-04-16,680730,Pittsburgh Pirates,24,6,6.0,0
2025-04-22,680730,Baltimore Orioles,27,4,8.0,1
2025-04-27,680730,New York Mets,26,0,5.0,1
2025-05-02,680730,Cincinnati Reds,21,1,4.0,0
2025-05-09,680730,St. Louis Cardinals,21,5,4.0,1
2025-05-14,680730,Atlanta Braves,20,6,4.67,0
2025-05-20,680730,Atlanta Braves,22,4,5.33,1
2025-05-27,680730,Seattle Mariners,21,4,4.67,0
2025-06-01,680730,Arizona Diamondbacks,20,2,5.0,0
2025-06-07,680730,Texas Rangers,21,5,6.0,1
2025-06-13,680730,Miami Marlins,21,3,3.33,1
2025-06-18,680730,Colorado Rockies,23,8,6.0,1
2025-06-23,680730,San Diego Padres,26,1,6.0,0
2025-06-29,680730,Los Angeles Angels,23,3,5.0,0
2025-07-05,680730,Boston Red Sox,31,4,6.0,1
2025-07-11,680730,Milwaukee Brewers,25,0,4.67,0
2025-07-19,680730,San Diego Padres,24,4,6.0,1
2025-07-26,680730,Minnesota Twins,25,4,5.67,0
2025-08-01,680730,Milwaukee Brewers,25,3,4.0,1
2025-08-07,680730,Athletics,23,4,5.0,1
2025-08-12,680730,Kansas City Royals,21,3,5.33,0
2025-08-17,680730,Philadelphia Phillies,13,0,1.67,1
2025-08-23,680730,Philadelphia Phillies,22,3,5.0,0
2025-08-29,680730,Tampa Bay Rays,25,7,6.33,1
2025-09-03,680730,Miami Marlins,23,4,4.67,1
2025-09-09,680730,Miami Marlins,28,2,7.67,0
2025-09-15,680730,Atlanta Braves,24,1,5.0,1
2025-03-27,680732,Los Angeles Angels,22,3,6.0,1
2025-04-02,680732,Minnesota Twins,21,1,4.33,1
2025-04-09,680732,Cleveland Guardians,16,4,3.0,0
2025-04-15,680732,Athletics,18,2,3.33,1
2025-04-20,680732,Boston Red Sox,25,5,5.0,0
2025-05-01,680732,Milwaukee Brewers,22,5,6.0,1
2025-05-06,680732,Kansas City Royals,25,2,6.33,0
2025-05-11,680732,Miami Marlins,19,2,4.0,1
2025-05-17,680732,Chicago Cubs,27,4,4.67,0
2025-05-23,680732,Texas Rangers,23,6,6.0,1
2025-06-05,680732,Detroit Tigers,27,5,7.0,1
2025-06-11,680732,Houston Astros,20,4,3.67,0
2025-06-19,680732,St. Louis Cardinals,22,7,5.33,1
2025-06-25,680732,Arizona Diamondbacks,21,7,5.0,1
2025-07-07,680732,Toronto Blue Jays,24,2,5.0,1
2025-07-12,680732,Cleveland Guardians,20,5,5.0,1
2025-07-21,680732,Tampa Bay Rays,20,5,4.0,0
2025-08-03,680732,Los Angeles Angels,22,7,5.0,0
2025-08-09,680732,Cleveland Guardians,18,7,3.33,1
2025-08-16,680732,Kansas City Royals,17,3,3.67,0
2025-09-10,680732,Tampa Bay Rays,20,5,4.33,1
2025-09-21,680732,San Diego Padres,17,4,4.0,1
2025-08-02,680735,Cincinnati Reds,4,1,0.33,0
2025-04-08,680736,Washington Nationals,26,4,5.0,0
2025-06-06,680736,St. Louis Cardinals,26,5,6.0,0
2025-09-10,680742,Cleveland Guardians,9,3,2.0,0
2025-05-31,680755,Athletics,9,1,1.33,1
2025-06-03,680880,Minnesota Twins,6,0,1.33,1
2025-06-09,680880,Los Angeles Angels,3,0,1.0,0
2025-03-29,680885,San Diego Padres,20,4,6.0,0
2025-04-04,680885,Miami Marlins,26,10,8.0,1
2025-04-10,680885,Philadelphia Phillies,25,5,6.0,1
2025-04-15,680885,Toronto Blue Jays,23,3,4.67,0
2025-04-21,680885,St. Louis Cardinals,30,5,7.0,1
2025-04-27,680885,Arizona Diamondbacks,26,6,6.0,0
2025-05-03,680885,Los Angeles Dodgers,21,4,3.67,1
2025-05-08,680885,Cincinnati Reds,23,6,6.0,1
2025-05-13,680885,Washington Nationals,27,3,7.0,1
2025-05-18,680885,Boston Red Sox,27,3,7.0,0
2025-05-25,680885,San Diego Padres,28,11,7.0,1
2025-05-31,680885,Boston Red Sox,24,11,6.33,1
2025-06-06,680885,San Francisco Giants,27,4,6.0,0
2025-06-11,680885,Milwaukee Brewers,31,9,9.0,0
2025-06-17,680885,New York Mets,26,8,7.0,1
2025-06-23,680885,New York Mets,25,4,7.0,0
2025-06-28,680885,Philadelphia Phillies,25,12,7.0,1
2025-03-29,681190,Atlanta Braves,23,3,6.0,1
2025-04-04,681190,Chicago Cubs,21,2,4.67,0
2025-04-09,681190,Athletics,18,1,5.0,0
2025-04-15,681190,Chicago Cubs,24,2,5.0,1
2025-04-21,681190,Detroit Tigers,15,1,2.0,0
2025-04-27,681190,Tampa Bay Rays,21,1,4.67,1
2025-05-03,681190,Pittsburgh Pirates,26,3,5.0,0
2025-05-09,681190,Colorado Rockies,25,5,6.0,0
2025-05-14,681190,Los Angeles Angels,23,5,6.0,1
2025-05-21,681190,Toronto Blue Jays,19,4,4.67,0
2025-05-26,681190,Miami Marlins,24,5,6.33,1
2025-06-01,681190,Pittsburgh Pirates,18,3,3.33,1
2025-06-06,681190,Milwaukee Brewers,20,2,4.67,0
2025-06-11,681190,Los Angeles Dodgers,18,4,4.67,1
2025-06-17,681190,Los Angeles Dodgers,20,2,5.0,0
2025-06-22,681190,Kansas City Royals,28,2,7.0,1
2025-06-28,681190,Cincinnati Reds,23,3,4.33,0
2025-07-04,681190,Texas Rangers,25,1,6.0,1
2025-07-10,681190,Arizona Diamondbacks,21,1,4.33,1
2025-07-21,681190,Miami Marlins,19,0,4.33,0
2025-07-26,681190,St. Louis Cardinals,17,2,4.67,0
2025-08-02,681190,St. Louis Cardinals,20,3,4.0,1
2025-09-06,681190,Colorado Rockies,25,3,6.0,0
2025-09-11,681190,Colorado Rockies,22,9,6.0,1
2025-09-18,681190,New York Mets,12,3,2.33,0
2025-09-23,681190,Milwaukee Brewers,24,3,7.0,1
2025-03-29,681293,New York Mets,21,5,6.0,1
2025-04-05,681293,Minnesota Twins,18,3,3.67,0
2025-08-06,681293,Miami Marlins,23,5,3.67,0
2025-08-12,681293,Boston Red Sox,22,3,5.0,1
2025-08-18,681293,Detroit Tigers,25,5,5.0,0
2025-08-24,681293,Baltimore Orioles,22,2,5.67,0
2025-08-30,681293,Los Angeles Angels,25,8,6.33,1
2025-04-01,681343,Minnesota Twins,22,3,5.67,1
2025-04-08,681343,Cleveland Guardians,22,6,6.0,0
2025-04-13,681343,Boston Red Sox,24,3,6.0,1
2025-04-19,681343,Boston Red Sox,22,3,4.67,0
2025-04-24,681343,Minnesota Twins,19,7,5.0,0
2025-04-30,681343,Milwaukee Brewers,24,4,5.0,1
2025-05-05,681343,Kansas City Royals,23,5,5.0,0
2025-05-10,681343,Miami Marlins,21,7,6.0,1
2025-05-16,681343,Chicago Cubs,25,5,5.0,0
2025-05-21,681343,Seattle Mariners,21,6,5.0,1
2025-05-28,681343,New York Mets,19,5,3.67,0
2025-06-03,681343,Detroit Tigers,20,6,5.33,1
2025-06-10,681343,Houston Astros,24,4,6.0,0
2025-06-17,681343,St. Louis Cardinals,24,2,4.33,1
2025-06-23,681343,Arizona Diamondbacks,13,2,2.0,1
2025-07-01,681343,Los Angeles Dodgers,23,6,4.67,0
2025-07-06,681343,Colorado Rockies,20,2,4.33,0
2025-07-11,681343,Cleveland Guardians,11,5,3.0,1
2025-08-01,681343,Los Angeles Angels,18,4,4.33,0
2025-08-07,681343,Seattle Mariners,20,8,5.0,0
2025-08-13,681343,Detroit Tigers,20,5,5.0,1
2025-08-19,681343,Atlanta Braves,27,4,6.0,0
2025-08-25,681343,Kansas City Royals,23,3,7.0,1
2025-08-30,681343,New York Yankees,25,7,6.33,1
2025-09-05,681343,Detroit Tigers,20,6,5.0,0
2025-09-11,681343,Tampa Bay Rays,21,4,5.67,1
2025-09-16,681343,Baltimore Orioles,23,7,4.33,1
2025-09-23,681343,New York Yankees,23,8,5.0,0
2025-09-28,681343,Washington Nationals,19,8,6.0,0
2025-05-22,681347,Milwaukee Brewers,20,3,5.0,1
2025-05-27,681347,Arizona Diamondbacks,19,2,3.33,0
2025-06-04,681347,Houston Astros,20,6,5.33,1
2025-06-09,681347,Miami Marlins,20,6,4.33,1
2025-06-14,681347,Chicago Cubs,21,8,5.33,0
2025-06-20,681347,Texas Rangers,23,4,4.67,1
2025-06-29,681347,New York Mets,17,5,4.33,1
2025-07-05,681347,Seattle Mariners,22,6,5.0,0
2025-07-12,681347,Minnesota Twins,13,1,1.33,0
2025-07-19,681347,Chicago White Sox,20,6,5.0,1
2025-07-25,681347,Arizona Diamondbacks,21,5,6.0,1
2025-07-30,681347,San Francisco Giants,22,7,6.0,0
2025-08-05,681347,San Francisco Giants,21,3,4.67,1
2025-08-10,681347,Cincinnati Reds,20,6,5.0,1
2025-08-16,681347,Chicago Cubs,20,4,5.0,0
2025-08-23,681347,Colorado Rockies,15,5,4.0,1
2025-09-09,681347,Baltimore Orioles,15,6,4.0,0
2025-09-14,681347,Washington Nationals,18,6,4.33,0
2025-09-21,681347,Athletics,17,3,4.0,1
2025-09-28,681517,Chicago Cubs,9,1,3.0,0
2025-03-29,681857,Los Angeles Dodgers,20,5,4.67,0
2025-04-05,681857,Chicago White Sox,25,5,6.0,1
2025-04-11,681857,Minnesota Twins,22,3,4.33,0
2025-04-17,681857,Kansas City Royals,22,5,5.0,1
2025-04-23,681857,San Diego Padres,25,7,7.33,1
2025-04-29,681857,Houston Astros,23,7,5.67,0
2025-05-04,681857,Los Angeles Angels,24,8,5.67,0
2025-05-11,681857,Texas Rangers,21,5,4.0,1
2025-05-17,681857,Toronto Blue Jays,19,6,6.0,0
2025-07-04,681857,Cleveland Guardians,19,3,4.33,0
2025-07-09,681857,Tampa Bay Rays,21,1,5.0,1
2025-07-18,681857,Texas Rangers,18,6,5.0,0
2025-07-24,681857,Toronto Blue Jays,26,4,5.67,1
2025-04-29,682052,Texas Rangers,18,4,2.67,0
2025-05-23,682052,Philadelphia Phillies,26,8,7.0,1
2025-05-29,682052,Toronto Blue Jays,12,0,1.67,0
2025-06-08,682052,Baltimore Orioles,17,5,4.0,1
2025-06-14,682052,Kansas City Royals,23,9,6.0,0
2025-06-19,682052,Houston Astros,27,9,6.0,1
2025-06-25,682052,Detroit Tigers,25,6,7.0,0
2025-06-30,682052,Tampa Bay Rays,16,1,3.33,0
2025-07-06,682052,San Francisco Giants,20,8,4.33,1
2025-07-12,682052,Toronto Blue Jays,21,5,5.0,1
2025-07-21,682052,Texas Rangers,21,6,5.0,0
2025-07-26,682052,Houston Astros,19,4,4.33,0
2025-08-01,682052,Arizona Diamondbacks,21,5,5.0,1
2025-08-07,682052,Washington Nationals,25,10,7.67,0
2025-08-12,682052,Tampa Bay Rays,24,9,7.0,1
2025-08-19,682052,Minnesota Twins,24,8,6.0,0
2025-08-24,682052,Seattle Mariners,18,2,2.0,0
2025-03-29,682243,Athletics,24,4,5.67,1
2025-04-05,682243,San Francisco Giants,24,4,5.33,0
2025-04-11,682243,Texas Rangers,20,5,5.0,1
2025-04-16,682243,Cincinnati Reds,18,8,5.0,0
2025-04-22,682243,Boston Red Sox,23,4,4.67,0
2025-04-29,682243,Los Angeles Angels,20,6,5.0,1
2025-05-05,682243,Athletics,20,1,4.0,0
2025-05-11,682243,Toronto Blue Jays,25,3,5.0,1
2025-05-31,682243,Minnesota Twins,19,2,4.0,1
2025-06-06,682243,Los Angeles Angels,23,2,5.0,0
2025-08-19,682243,Philadelphia Phillies,22,4,5.0,0
2025-08-25,682243,San Diego Padres,21,4,5.0,1
2025-08-31,682243,Cleveland Guardians,21,3,6.0,0
2025-09-06,682243,Atlanta Braves,24,3,5.33,0
2025-09-11,682243,Los Angeles Angels,23,11,5.67,1
2025-09-17,682243,Kansas City Royals,24,4,5.0,0
2025-09-23,682243,Colorado Rockies,22,4,5.67,1
2025-09-28,682243,Los Angeles Dodgers,19,2,4.0,1
2025-03-31,682847,San Diego Padres,26,2,4.67,0
2025-04-06,682847,Los Angeles Angels,25,3,6.0,0
2025-04-12,682847,Kansas City Royals,20,10,5.67,1
2025-04-18,682847,Pittsburgh Pirates,22,8,5.0,0
2025-04-23,682847,New York Yankees,24,8,4.33,1
2025-04-30,682847,Minnesota Twins,23,5,6.33,1
2025-05-06,682847,Washington Nationals,25,4,5.33,0
2025-05-11,682847,Philadelphia Phillies,23,9,6.0,1
2025-05-18,682847,Cincinnati Reds,23,7,5.0,0
2025-05-24,682847,Detroit Tigers,22,3,5.0,0
2025-05-30,682847,Los Angeles Angels,25,5,6.0,1
2025-06-04,682847,New York Yankees,21,7,5.67,0
2025-06-09,682847,Cincinnati Reds,23,5,4.67,1
2025-06-15,682847,Seattle Mariners,29,5,6.0,0
2025-06-21,682847,Athletics,23,10,6.0,0
2025-06-27,682847,St. Louis Cardinals,28,5,7.0,1
2025-04-10,682990,Colorado Rockies,21,4,5.0,0
2025-04-15,682990,Detroit Tigers,19,4,5.0,1
2025-04-21,682990,San Francisco Giants,19,3,4.0,0
2025-04-26,682990,St. Louis Cardinals,26,2,5.0,0
2025-05-07,682990,Houston Astros,23,3,5.0,1
2025-05-13,682990,Cleveland Guardians,17,3,5.0,0
2025-05-24,682990,Pittsburgh Pirates,24,7,6.0,0
2025-06-10,682990,Atlanta Braves,24,7,6.0,1
2025-06-15,682990,St. Louis Cardinals,22,3,6.0,1
2025-06-22,682990,Minnesota Twins,19,4,3.33,0
2025-06-28,682990,Colorado Rockies,25,11,7.0,1
2025-07-04,682990,Miami Marlins,24,4,4.67,0
2025-07-18,682990,Los Angeles Dodgers,20,10,6.0,0
2025-07-23,682990,Seattle Mariners,27,6,7.0,0
2025-07-29,682990,Chicago Cubs,26,3,5.67,1
2025-08-04,682990,Atlanta Braves,26,4,7.0,0
2025-08-10,682990,New York Mets,22,2,4.33,1
2025-08-16,682990,Cincinnati Reds,22,5,5.33,0
2025-08-21,682990,Chicago Cubs,21,4,4.33,0
2025-08-30,682990,Toronto Blue Jays,22,3,6.0,0
2025-09-05,682990,Pittsburgh Pirates,28,6,7.0,0
2025-09-12,682990,St. Louis Cardinals,22,5,5.33,1
2025-09-18,682990,Los Angeles Angels,22,10,5.67,1
2025-09-26,682990,Cincinnati Reds,23,4,5.0,1
2025-03-28,683004,Boston Red Sox,20,4,5.0,1
2025-04-02,683004,Cincinnati Reds,16,6,5.0,0
2025-04-27,683004,San Francisco Giants,16,3,3.33,0
2025-05-02,683004,Seattle Mariners,23,2,4.33,1
2025-05-08,683004,Boston Red Sox,24,3,5.33,0
2025-05-13,683004,Colorado Rockies,22,5,6.0,1
2025-05-18,683004,Houston Astros,25,4,7.0,1
2025-05-24,683004,Chicago White Sox,26,3,5.0,0
2025-05-30,683004,St. Louis Cardinals,22,6,5.67,1
2025-06-05,683004,Tampa Bay Rays,19,6,5.0,0
2025-06-11,683004,Minnesota Twins,19,3,4.0,0
2025-06-17,683004,Kansas City Royals,27,4,5.67,1
2025-06-22,683004,Pittsburgh Pirates,19,2,4.0,0
2025-06-29,683004,Seattle Mariners,26,7,6.0,1
2025-07-06,683004,San Diego Padres,18,5,3.67,0
2025-07-11,683004,Houston Astros,24,6,5.33,0
2025-07-21,683004,Athletics,27,7,6.0,1
2025-07-27,683004,Atlanta Braves,23,7,6.0,1
2025-08-01,683004,Seattle Mariners,19,7,4.33,0
2025-08-06,683004,New York Yankees,17,3,3.33,1
2025-08-12,683004,Arizona Diamondbacks,22,3,5.0,1
2025-08-18,683004,Kansas City Royals,20,5,3.67,0
2025-08-23,683004,Cleveland Guardians,23,10,7.0,1
2025-08-29,683004,Athletics,24,7,6.0,0
2025-09-03,683004,Arizona Diamondbacks,23,8,6.0,0
2025-09-09,683004,Milwaukee Brewers,22,4,4.67,1
2025-09-15,683004,Houston Astros,28,4,6.67,0
2025-09-20,683004,Miami Marlins,26,4,5.67,1
2025-09-26,683004,Cleveland Guardians,26,10,7.0,0
2025-08-05,683627,Toronto Blue Jays,24,2,5.0,1
2025-03-18,684007,Los Angeles Dodgers,16,2,4.0,1
2025-03-29,684007,Arizona Diamondbacks,26,4,7.0,0
2025-04-04,684007,San Diego Padres,26,4,7.33,1
2025-04-09,684007,Texas Rangers,23,4,5.0,1
2025-04-15,684007,San Diego Padres,22,7,5.0,0
2025-04-22,684007,Los Angeles Dodgers,25,6,5.67,1
2025-04-29,684007,Pittsburgh Pirates,21,3,5.0,0
2025-05-04,684007,Milwaukee Brewers,22,4,5.67,0
2025-06-26,684007,St. Louis Cardinals,17,3,5.0,0
2025-07-02,684007,Cleveland Guardians,21,4,5.33,1
2025-07-08,684007,Minnesota Twins,23,1,6.0,0
2025-07-13,684007,New York Yankees,22,6,7.0,0
2025-07-19,684007,Boston Red Sox,27,5,7.0,1
2025-07-25,684007,Chicago White Sox,21,2,3.0,0
2025-07-30,684007,Milwaukee Brewers,20,8,5.0,0
2025-08-05,684007,Cincinnati Reds,21,7,6.33,1
2025-08-10,684007,St. Louis Cardinals,24,9,6.67,0
2025-08-16,684007,Pittsburgh Pirates,26,6,7.0,1
2025-08-21,684007,Milwaukee Brewers,25,5,7.0,1
2025-08-28,684007,San Francisco Giants,26,5,7.0,0
2025-09-02,684007,Atlanta Braves,22,2,6.0,1
2025-09-08,684007,Atlanta Braves,23,4,6.0,0
2025-09-14,684007,Tampa Bay Rays,22,9,5.0,1
2025-09-19,684007,Cincinnati Reds,20,4,5.0,0
2025-09-25,684007,New York Mets,26,3,5.67,1
2025-04-30,684320,Boston Red Sox,6,1,1.0,1
2025-06-08,685107,Tampa Bay Rays,9,2,2.0,0
2025-04-27,685126,Athletics,5,0,1.0,0
2025-05-13,685126,Cincinnati Reds,3,1,1.0,0
2025-07-02,685126,Los Angeles Dodgers,4,0,1.0,0
2025-05-08,685299,Detroit Tigers,28,4,6.33,1
2025-05-23,685299,New York Yankees,24,5,6.0,1
2025-05-28,685299,Chicago Cubs,19,1,4.67,0
2025-07-23,685299,St. Louis Cardinals,24,3,6.0,1
2025-07-29,685299,Cleveland Guardians,19,2,3.0,0
2025-08-04,685299,Toronto Blue Jays,18,1,2.67,1
2025-08-10,685299,Arizona Diamondbacks,27,6,4.67,0
2025-08-15,685299,Arizona Diamondbacks,21,2,5.0,1
2025-08-20,685299,Los Angeles Dodgers,24,3,6.0,1
2025-08-26,685299,Houston Astros,26,5,6.0,0
2025-08-31,685299,Chicago Cubs,24,9,6.0,1
2025-09-07,685299,San Diego Padres,18,5,3.67,1
2025-09-12,685299,San Diego Padres,21,9,6.0,0
2025-09-18,685299,Miami Marlins,25,4,6.0,1
2025-09-24,685299,Seattle Mariners,19,3,3.33,0
2025-08-24,685326,Pittsburgh Pirates,18,2,3.67,0
2025-08-30,685326,Chicago Cubs,22,3,4.0,1
2025-09-06,685326,San Diego Padres,13,1,1.67,1
2025-09-11,685326,San Diego Padres,20,4,4.33,0
2025-09-17,685326,Miami Marlins,20,1,4.0,1
2025-09-23,685326,Seattle Mariners,19,10,5.0,0
2025-09-28,685326,San Francisco Giants,14,2,3.0,0
2025-06-18,686218,San Diego Padres,15,6,4.0,1
2025-07-06,686218,Houston Astros,21,4,5.0,1
2025-07-19,686218,Milwaukee Brewers,15,3,3.0,1
2025-07-25,686218,Boston Red Sox,20,5,5.0,0
2025-08-05,686218,St. Louis Cardinals,20,5,5.0,1
2025-08-12,686218,Los Angeles Angels,22,6,5.0,0
2025-08-19,686218,Colorado Rockies,25,7,6.0,0
2025-08-25,686218,Cincinnati Reds,25,10,7.0,1
2025-09-03,686218,Pittsburgh Pirates,21,6,4.67,0
2025-09-09,686218,Colorado Rockies,24,9,7.0,1
2025-09-21,686218,San Francisco Giants,24,10,7.0,1
2025-09-26,686218,Seattle Mariners,5,3,1.0,0
2025-03-29,686563,Los Angeles Angels,20,5,5.0,1
2025-04-04,686563,Detroit Tigers,19,3,3.67,0
2025-04-10,686563,Cleveland Guardians,27,6,5.33,0
2025-04-16,686563,Athletics,18,4,4.33,1
2025-04-21,686563,Boston Red Sox,27,4,6.0,0
2025-05-02,686563,Houston Astros,27,5,6.0,1
2025-05-07,686563,Kansas City Royals,26,1,6.0,0
2025-05-18,686563,Chicago Cubs,20,3,5.0,0
2025-05-27,686563,New York Mets,28,4,5.67,0
2025-06-02,686563,Detroit Tigers,16,5,3.0,1
2025-06-29,686563,San Francisco Giants,14,4,3.0,1
2025-07-05,686563,Colorado Rockies,25,1,5.33,0
2025-07-11,686563,Cleveland Guardians,22,5,5.0,1
2025-07-18,686563,Pittsburgh Pirates,26,2,7.0,0
2025-07-23,686563,Tampa Bay Rays,22,9,4.33,0
2025-07-29,686563,Philadelphia Phillies,26,3,6.0,1
2025-08-06,686563,Seattle Mariners,13,1,1.67,0
2025-03-28,686613,New York Mets,23,7,6.0,1
2025-04-03,686613,Minnesota Twins,22,8,6.0,0
2025-04-09,686613,Seattle Mariners,20,3,6.0,0
2025-04-15,686613,St. Louis Cardinals,22,4,6.0,0
2025-04-21,686613,Toronto Blue Jays,23,9,7.0,1
2025-04-27,686613,Kansas City Royals,24,9,6.0,0
2025-05-03,686613,Chicago White Sox,24,9,6.0,0
2025-05-09,686613,Cincinnati Reds,23,9,5.67,1
2025-05-15,686613,Texas Rangers,27,9,8.0,0
2025-05-21,686613,Tampa Bay Rays,24,4,5.0,0
2025-05-27,686613,Athletics,21,8,6.0,1
2025-06-01,686613,Tampa Bay Rays,21,5,6.0,1
2025-06-07,686613,Cleveland Guardians,25,9,5.33,0
2025-06-14,686613,Minnesota Twins,26,12,7.0,1
2025-06-20,686613,Los Angeles Angels,20,4,5.0,0
2025-06-26,686613,Philadelphia Phillies,23,9,7.0,1
2025-07-02,686613,Colorado Rockies,25,8,6.0,0
2025-07-08,686613,Cleveland Guardians,26,3,6.0,1
2025-07-13,686613,Texas Rangers,22,8,5.0,1
2025-07-20,686613,Seattle Mariners,21,7,4.0,0
2025-07-26,686613,Athletics,21,5,5.0,1
2025-08-01,686613,Boston Red Sox,27,6,7.0,0
2025-08-08,686613,New York Yankees,21,5,5.33,0
2025-08-13,686613,Boston Red Sox,27,4,6.67,1
2025-08-19,686613,Detroit Tigers,23,6,6.0,0
2025-08-26,686613,Colorado Rockies,28,7,6.67,1
2025-08-31,686613,Los Angeles Angels,24,5,6.0,1
2025-09-06,686613,Texas Rangers,25,8,6.0,0
2025-09-13,686613,Atlanta Braves,23,2,6.67,0
2025-09-19,686613,Seattle Mariners,25,9,6.0,1
2025-09-24,686613,Athletics,23,5,5.0,0
2025-06-03,686701,San Francisco Giants,21,2,5.0,0
2025-06-08,686701,Milwaukee Brewers,20,4,5.33,0
2025-06-14,686701,Arizona Diamondbacks,20,8,5.0,0
2025-06-19,686701,Los Angeles Dodgers,18,3,4.67,0
2025-06-24,686701,Washington Nationals,18,4,3.0,1
2025-07-11,686701,Philadelphia Phillies,19,7,4.67,1
2025-07-29,686701,New York Mets,19,4,4.0,1
2025-08-05,686701,Boston Red Sox,20,2,5.67,0
2025-08-10,686701,Minnesota Twins,22,8,5.67,0
2025-08-17,686701,Chicago White Sox,24,7,5.33,1
2025-08-22,686701,Detroit Tigers,21,5,5.67,0
2025-08-27,686701,Chicago White Sox,26,3,6.0,0
2025-09-03,686701,Los Angeles Angels,19,6,5.0,1
2025-09-08,686701,Cleveland Guardians,23,3,3.33,0
2025-09-13,686701,Philadelphia Phillies,19,5,4.0,0
2025-03-28,686752,Colorado Rockies,26,8,6.0,1
2025-04-02,686752,Pittsburgh Pirates,23,3,5.0,1
2025-04-09,686752,Los Angeles Angels,24,5,5.0,1
2025-04-15,686752,Boston Red Sox,29,8,6.0,1
2025-04-20,686752,New York Yankees,25,7,6.0,1
2025-04-26,686752,San Diego Padres,20,3,6.0,0
2025-05-02,686752,New York Yankees,20,1,4.33,0
2025-05-08,686752,Philadelphia Phillies,20,3,6.0,1
2025-05-14,686752,Toronto Blue Jays,25,7,6.0,0
2025-05-19,686752,Houston Astros,24,2,6.0,1
2025-05-25,686752,Toronto Blue Jays,24,5,7.0,1
2025-05-30,686752,Houston Astros,22,4,6.67,0
2025-06-05,686752,Texas Rangers,21,8,6.0,1
2025-06-10,686752,Boston Red Sox,24,9,5.67,0
2025-06-16,686752,Baltimore Orioles,27,11,8.0,1
2025-06-21,686752,Detroit Tigers,22,7,5.0,1
2025-06-27,686752,Baltimore Orioles,12,1,1.67,0
2025-07-02,686752,Athletics,25,9,6.0,1
2025-07-08,686752,Detroit Tigers,24,6,6.0,0
2025-07-13,686752,Boston Red Sox,25,3,6.0,0
2025-07-20,686752,Baltimore Orioles,25,8,6.0,1
2025-07-26,686752,Cincinnati Reds,24,6,6.0,0
2025-07-31,686752,New York Yankees,21,4,4.0,0
2025-08-05,686752,Los Angeles Angels,23,6,5.67,0
2025-08-11,686752,Athletics,23,4,6.33,0
2025-08-17,686752,San Francisco Giants,24,8,5.67,0
2025-08-24,686752,St. Louis Cardinals,16,3,5.0,1
2025-08-30,686752,Washington Nationals,18,6,5.0,0
2025-09-04,686752,Cleveland Guardians,18,6,5.0,1
2025-09-16,686752,Toronto Blue Jays,12,3,1.67,1
2025-09-23,686752,Baltimore Orioles,13,3,3.0,0
2025-03-30,686799,Chicago White Sox,21,4,6.0,0
2025-04-05,686799,Cleveland Guardians,22,4,5.0,1
2025-04-11,686799,Houston Astros,23,1,4.67,0
2025-04-17,686799,Texas Rangers,23,1,4.67,0
2025-04-23,686799,Pittsburgh Pirates,25,3,6.0,1
2025-04-29,686799,Seattle Mariners,26,6,6.0,0
2025-05-04,686799,Detroit Tigers,23,1,5.0,1
2025-05-10,686799,Baltimore Orioles,23,4,5.67,1
2025-05-16,686799,Los Angeles Dodgers,25,5,6.67,0
2025-05-21,686799,Athletics,25,6,4.0,0
2025-05-26,686799,New York Yankees,28,5,6.67,1
2025-06-01,686799,Cleveland Guardians,19,4,3.67,0
2025-06-07,686799,Seattle Mariners,18,4,3.33,1
2025-06-13,686799,Baltimore Orioles,16,2,4.33,0
2025-06-18,686799,New York Yankees,20,8,5.33,0
2025-06-23,686799,Boston Red Sox,21,1,5.0,1
2025-06-29,686799,Washington Nationals,18,2,4.0,1
2025-07-05,686799,Toronto Blue Jays,24,1,5.33,0
2025-07-10,686799,Texas Rangers,18,3,2.67,1
2025-07-28,686799,Texas Rangers,22,3,4.67,1
2025-08-03,686799,Chicago White Sox,27,2,6.0,1
2025-08-10,686799,Detroit Tigers,21,1,3.0,0
2025-08-27,686799,Texas Rangers,24,1,3.33,0
2025-08-30,686930,Texas Rangers,20,1,4.0,1
2025-09-05,686930,Los Angeles Angels,23,8,5.0,0
2025-09-10,686930,Boston Red Sox,20,4,3.67,1
2025-09-17,686930,Boston Red Sox,19,2,4.0,0
2025-09-26,686930,Kansas City Royals,22,3,5.67,1
2025-09-25,686973,Boston Red Sox,6,3,2.0,1
2025-06-04,686993,Minnesota Twins,4,1,1.0,1
2025-04-19,687064,Cincinnati Reds,19,3,4.0,1
2025-04-26,687064,Detroit Tigers,23,6,4.67,0
2025-06-25,687064,Texas Rangers,18,2,4.0,1
2025-07-01,687064,Texas Rangers,19,4,4.0,0
2025-07-08,687064,New York Mets,20,6,5.33,1
2025-07-13,687064,Miami Marlins,22,4,4.33,1
2025-07-22,687064,Cleveland Guardians,20,3,4.33,0
2025-07-29,687064,Toronto Blue Jays,25,6,6.0,1
2025-08-03,687064,Chicago Cubs,21,4,4.67,0
2025-08-09,687064,Athletics,17,2,3.0,1
2025-08-15,687064,Houston Astros,25,6,8.0,0
2025-08-21,687064,Houston Astros,27,1,5.33,1
2025-09-07,687075,Cincinnati Reds,24,7,6.0,0
2025-09-13,687075,Texas Rangers,23,3,6.0,1
2025-09-19,687075,Washington Nationals,17,5,4.0,1
2025-09-26,687075,Miami Marlins,20,2,4.67,0
2025-04-27,687134,Cincinnati Reds,20,1,4.0,1
2025-05-03,687134,San Francisco Giants,19,4,5.33,0
2025-05-10,687134,San Diego Padres,26,1,3.67,1
2025-07-12,687134,Cincinnati Reds,22,1,5.67,0
2025-07-22,687134,St. Louis Cardinals,23,0,5.33,1
2025-07-28,687134,Cleveland Guardians,24,7,6.0,0
2025-08-03,687134,Pittsburgh Pirates,27,2,5.67,1
2025-08-09,687134,Arizona Diamondbacks,23,4,4.67,0
2025-08-14,687134,Arizona Diamondbacks,20,0,3.67,1
2025-09-13,687134,San Diego Padres,16,0,3.0,0
2025-09-19,687134,Los Angeles Angels,22,4,5.0,1
2025-09-25,687134,Seattle Mariners,20,1,3.67,0
2025-05-16,687223,Arizona Diamondbacks,19,0,4.0,0
2025-05-21,687223,Philadelphia Phillies,26,2,4.33,1
2025-05-26,687223,Chicago Cubs,21,4,5.0,0
2025-06-01,687223,New York Mets,21,8,4.67,0
2025-06-10,687223,San Francisco Giants,21,2,4.0,1
2025-06-16,687223,Washington Nationals,21,2,4.67,0
2025-06-21,687223,Arizona Diamondbacks,18,4,4.0,1
2025-03-28,687362,Pittsburgh Pirates,24,4,5.0,1
2025-04-02,687362,New York Mets,19,6,5.0,1
2025-04-08,687362,New York Mets,17,2,4.0,0
2025-04-15,687362,Arizona Diamondbacks,25,6,5.0,1
2025-04-20,687362,Philadelphia Phillies,23,3,5.0,0
2025-04-26,687362,Seattle Mariners,15,2,2.0,0
2025-05-28,687606,Texas Rangers,9,4,2.67,0
2025-06-06,687606,Minnesota Twins,10,1,2.0,0
2025-06-05,687765,Minnesota Twins,18,4,5.0,1
2025-06-10,687765,Los Angeles Angels,18,4,5.0,0
2025-06-16,687765,Houston Astros,21,2,5.0,1
2025-06-21,687765,Cleveland Guardians,23,3,4.67,1
2025-06-27,687765,New York Yankees,23,5,5.0,0
2025-07-02,687765,Tampa Bay Rays,21,5,5.0,0
2025-07-09,687765,Atlanta Braves,28,3,6.0,1
2025-09-21,687765,Pittsburgh Pirates,21,1,3.33,0
2025-06-04,687830,Chicago White Sox,16,3,3.67,0
2025-06-27,687830,Minnesota Twins,22,5,5.33,1
2025-09-02,687830,New York Mets,19,3,4.0,1
2025-05-20,687888,Tampa Bay Rays,18,5,5.0,0
2025-06-08,687888,Cleveland Guardians,24,5,6.0,0
2025-06-15,687888,Minnesota Twins,27,9,6.67,1
2025-06-21,687888,Los Angeles Angels,30,6,6.0,0
2025-06-27,687888,Chicago Cubs,23,5,6.0,1
2025-07-03,687888,Colorado Rockies,23,3,5.0,0
2025-07-09,687888,Cleveland Guardians,20,7,6.0,1
2025-07-18,687888,Seattle Mariners,21,7,6.0,0
2025-07-23,687888,Arizona Diamondbacks,26,5,7.0,0
2025-04-02,687922,Washington Nationals,18,3,5.0,1
2025-04-08,687922,Boston Red Sox,20,8,5.33,0
2025-04-14,687922,Atlanta Braves,23,3,5.0,1
2025-04-20,687922,Seattle Mariners,14,5,1.67,1
2025-07-29,687922,Baltimore Orioles,15,1,2.67,0
2025-07-28,687931,Pittsburgh Pirates,22,3,5.0,1
2025-08-03,687931,New York Mets,21,4,5.33,0
2025-08-09,687931,Washington Nationals,20,5,4.0,1
2025-08-22,687931,Milwaukee Brewers,17,1,4.0,0
2025-08-27,687931,Chicago Cubs,22,3,5.0,1
2025-04-27,688138,Miami Marlins,20,3,5.0,1
2025-05-04,688138,Texas Rangers,26,5,5.0,0
2025-05-10,688138,Toronto Blue Jays,22,3,5.0,1
2025-05-16,688138,San Diego Padres,25,3,6.0,0
2025-05-21,688138,Chicago White Sox,24,7,6.0,0
2025-05-27,688138,Washington Nationals,27,4,8.0,1
2025-06-10,688138,Arizona Diamondbacks,23,5,5.0,0
2025-07-03,688138,Kansas City Royals,23,3,5.67,1
2025-07-09,688138,New York Yankees,24,2,4.67,0
2025-07-19,688138,Houston Astros,21,5,4.0,1
2025-07-24,688138,Los Angeles Angels,21,3,5.0,0
2025-07-29,688138,Athletics,24,7,4.67,0
2025-08-03,688138,Texas Rangers,20,3,5.0,1
2025-08-09,688138,Tampa Bay Rays,21,4,5.33,1
2025-08-14,688138,Baltimore Orioles,17,1,4.0,0
2025-07-06,688158,Texas Rangers,9,1,1.33,1
2025-08-31,688158,Minnesota Twins,7,2,2.0,0
2025-04-09,689017,Washington Nationals,15,2,2.33,0
2025-04-15,689017,Colorado Rockies,19,2,4.33,1
2025-05-07,689017,Miami Marlins,20,5,5.0,0
2025-05-13,689017,Athletics,21,8,4.67,1
2025-05-25,689017,New York Mets,24,5,6.0,0
2025-05-31,689017,New York Yankees,23,6,6.0,1
2025-06-05,689017,New York Mets,20,1,3.33,1
2025-06-03,689225,Chicago White Sox,5,2,1.33,0
2025-03-30,690916,Texas Rangers,24,4,6.0,0
2025-04-07,690916,Toronto Blue Jays,28,4,6.0,1
2025-04-12,690916,Chicago White Sox,18,5,5.0,0
2025-05-27,690916,Milwaukee Brewers,12,2,3.0,0
2025-06-02,690916,Los Angeles Angels,9,0,1.0,1
2025-06-25,690916,Los Angeles Angels,18,6,4.0,0
2025-07-01,690916,Cincinnati Reds,12,1,3.0,1
2025-07-07,690916,Colorado Rockies,22,6,5.67,1
2025-07-22,690916,Philadelphia Phillies,17,4,3.33,0
2025-07-28,690916,Minnesota Twins,17,2,4.0,0
2025-04-06,690928,St. Louis Cardinals,24,5,5.0,1
2025-04-18,690928,Chicago White Sox,23,6,6.0,1
2025-05-03,690928,Minnesota Twins,27,2,5.67,1
2025-05-09,690928,Kansas City Royals,22,6,6.0,0
2025-05-14,690928,Detroit Tigers,23,4,5.0,0
2025-05-19,690928,New York Mets,18,2,4.67,1
2025-05-24,690928,Baltimore Orioles,18,7,4.0,1
2025-06-08,690928,New York Yankees,18,0,5.0,0
2025-06-14,690928,New York Yankees,21,5,6.0,1
2025-06-20,690928,San Francisco Giants,20,1,4.0,0
2025-07-11,690928,Tampa Bay Rays,8,2,1.67,1
2025-05-18,690953,Pittsburgh Pirates,22,9,6.0,1
2025-06-04,690953,Toronto Blue Jays,19,2,5.33,0
2025-06-10,690953,Chicago Cubs,20,3,4.0,1
2025-06-16,690953,Miami Marlins,20,3,5.0,0
2025-06-21,690953,New York Mets,15,1,3.0,1
2025-07-02,690953,San Diego Padres,12,3,1.67,1
2025-08-23,690953,Chicago White Sox,17,2,3.0,0
2025-09-27,690953,Philadelphia Phillies,21,9,6.0,0
2025-05-24,690986,Washington Nationals,17,4,4.0,0
2025-05-30,690986,Miami Marlins,18,5,5.0,0
2025-06-04,690986,San Diego Padres,23,3,4.33,1
2025-06-10,690986,Colorado Rockies,21,6,5.0,0
2025-09-20,690986,Tampa Bay Rays,24,5,6.0,0
2025-09-26,690986,Detroit Tigers,19,6,3.0,1
2025-05-16,690990,Chicago White Sox,21,2,5.0,1
2025-05-21,690990,Miami Marlins,24,3,5.33,0
2025-05-27,690990,Colorado Rockies,23,6,6.0,1
2025-06-03,690990,Washington Nationals,22,3,5.33,0
2025-06-08,690990,Detroit Tigers,24,6,5.0,0
2025-06-13,690990,Pittsburgh Pirates,21,4,5.67,1
2025-06-21,690990,Seattle Mariners,23,2,4.67,1
2025-06-27,690990,Houston Astros,24,2,4.0,0
2025-07-03,690990,Cleveland Guardians,25,5,7.0,1
2025-07-09,690990,Minnesota Twins,21,5,4.67,0
2025-07-20,690990,Boston Red Sox,21,4,5.67,1
2025-07-26,690990,Chicago White Sox,22,3,6.33,0
2025-08-01,690990,Baltimore Orioles,18,3,5.0,1
2025-08-06,690990,Cincinnati Reds,20,6,5.67,1
2025-08-13,690990,Toronto Blue Jays,20,8,5.67,0
2025-08-18,690990,Milwaukee Brewers,14,3,2.67,1
2025-08-23,690990,Los Angeles Angels,22,7,6.0,0
2025-08-29,690990,Colorado Rockies,23,4,5.0,0
2025-09-03,690990,Atlanta Braves,16,6,5.0,1
2025-09-09,690990,Atlanta Braves,24,2,6.33,0
2025-09-16,690990,Pittsburgh Pirates,19,6,5.0,0
2025-09-23,690990,New York Mets,11,2,3.0,1
2025-08-16,690997,Seattle Mariners,21,8,5.33,1
2025-08-22,690997,Atlanta Braves,25,7,7.0,0
2025-08-27,690997,Philadelphia Phillies,27,6,8.0,1
2025-09-02,690997,Detroit Tigers,22,7,6.0,0
2025-09-08,690997,Philadelphia Phillies,24,5,5.33,0
2025-09-14,690997,Texas Rangers,24,7,6.0,1
2025-09-20,690997,Washington Nationals,22,6,5.0,1
2025-09-25,690997,Chicago Cubs,23,11,5.33,0
2025-06-09,691587,Pittsburgh Pirates,15,5,3.0,0
2025-06-15,691587,Washington Nationals,19,0,4.0,0
2025-06-21,691587,Atlanta Braves,20,6,4.67,1
2025-06-27,691587,Arizona Diamondbacks,18,3,4.33,0
2025-07-03,691587,Minnesota Twins,21,7,6.0,1
2025-07-08,691587,Cincinnati Reds,17,8,5.0,0
2025-07-13,691587,Baltimore Orioles,22,6,7.0,0
2025-07-21,691587,San Diego Padres,22,5,5.0,1
2025-07-27,691587,Milwaukee Brewers,21,6,5.0,0
2025-08-02,691587,New York Yankees,21,5,6.0,1
2025-08-07,691587,Atlanta Braves,23,1,5.33,0
2025-08-13,691587,Cleveland Guardians,19,8,5.0,0
2025-08-18,691587,St. Louis Cardinals,20,6,4.33,1
2025-08-24,691587,Toronto Blue Jays,22,4,6.0,1
2025-08-29,691587,New York Mets,7,0,0.67,0
2025-09-03,691587,Washington Nationals,20,2,4.0,0
2025-09-10,691587,Washington Nationals,23,7,5.67,1
2025-09-16,691587,Colorado Rockies,17,6,5.0,0
2025-09-21,691587,Texas Rangers,16,9,4.0,0
2025-09-27,691587,New York Mets,22,11,5.33,1
2025-06-20,691799,Toronto Blue Jays,3,1,1.0,0
2025-07-27,691799,Chicago Cubs,6,2,1.0,1
2025-08-30,693313,Baltimore Orioles,16,2,3.0,1
2025-09-05,693313,St. Louis Cardinals,18,2,5.0,0
2025-09-10,693313,Arizona Diamondbacks,10,1,1.33,1
2025-03-30,693433,Athletics,23,5,6.0,1
2025-04-06,693433,San Francisco Giants,24,6,6.0,0
2025-04-12,693433,Texas Rangers,27,7,7.0,1
2025-04-18,693433,Toronto Blue Jays,30,4,7.0,0
2025-04-24,693433,Boston Red Sox,23,8,6.0,0
2025-05-02,693433,Texas Rangers,20,8,6.33,0
2025-05-07,693433,Athletics,27,6,6.0,0
2025-05-13,693433,New York Yankees,23,6,6.33,1
2025-05-18,693433,San Diego Padres,25,5,7.0,0
2025-05-24,693433,Houston Astros,27,5,6.0,0
2025-05-30,693433,Minnesota Twins,27,3,6.67,1
2025-06-05,693433,Baltimore Orioles,24,6,6.0,1
2025-06-11,693433,Arizona Diamondbacks,26,3,6.0,0
2025-06-17,693433,Boston Red Sox,24,6,7.0,1
2025-06-23,693433,Minnesota Twins,26,9,6.0,0
2025-06-28,693433,Texas Rangers,24,9,6.0,0
2025-07-04,693433,Pittsburgh Pirates,23,8,6.0,1
2025-07-10,693433,New York Yankees,25,5,7.33,0
2025-07-20,693433,Houston Astros,26,6,6.0,1
2025-07-25,693433,Los Angeles Angels,24,6,6.0,0
2025-07-30,693433,Athletics,27,6,6.33,0
2025-08-05,693433,Chicago White Sox,23,9,7.0,1
2025-08-10,693433,Tampa Bay Rays,26,9,6.0,1
2025-08-16,693433,New York Mets,26,8,6.0,0
2025-08-22,693433,Athletics,24,7,7.0,1
2025-08-27,693433,San Diego Padres,25,6,5.67,1
2025-09-02,693433,Tampa Bay Rays,22,3,5.0,0
2025-09-08,693433,St. Louis Cardinals,21,9,6.0,1
2025-09-13,693433,Los Angeles Angels,22,13,6.0,1
2025-09-19,693433,Houston Astros,17,7,5.0,0
2025-07-09,693645,Seattle Mariners,21,7,5.33,1
2025-07-22,693645,Toronto Blue Jays,24,3,5.0,0
2025-07-28,693645,Tampa Bay Rays,23,5,4.33,1
2025-08-02,693645,Miami Marlins,20,6,5.0,0
2025-08-08,693645,Houston Astros,23,3,5.0,1
2025-08-13,693645,Minnesota Twins,19,6,5.0,1
2025-08-20,693645,Tampa Bay Rays,23,8,6.67,0
2025-08-25,693645,Washington Nationals,22,8,6.0,1
2025-08-30,693645,Chicago White Sox,24,8,6.0,0
2025-09-05,693645,Toronto Blue Jays,13,2,1.67,1
2025-09-11,693645,Detroit Tigers,24,7,6.0,1
2025-09-16,693645,Minnesota Twins,22,6,4.67,0
2025-09-21,693645,Baltimore Orioles,20,6,5.33,0
2025-09-27,693645,Baltimore Orioles,26,9,7.0,1
2025-04-02,693821,Los Angeles Dodgers,17,3,4.0,0
2025-04-11,693821,Tampa Bay Rays,26,4,6.0,0
2025-04-18,693821,Minnesota Twins,24,3,5.0,1
2025-04-23,693821,St. Louis Cardinals,25,2,6.0,1
2025-04-28,693821,Colorado Rockies,25,4,6.0,0
2025-05-04,693821,Los Angeles Dodgers,21,6,5.0,1
2025-05-09,693821,Pittsburgh Pirates,22,8,6.0,0
2025-05-14,693821,Washington Nationals,21,3,6.0,1
2025-06-01,693821,Boston Red Sox,25,4,5.33,1
2025-06-07,693821,San Francisco Giants,27,12,8.0,0
2025-06-13,693821,Colorado Rockies,21,2,3.33,1
2025-06-22,693821,Miami Marlins,27,4,5.33,0
2025-06-27,693821,Philadelphia Phillies,19,2,2.0,1
2025-07-03,693821,Los Angeles Angels,27,5,5.0,1
2025-07-09,693821,Athletics,29,7,6.67,0
2025-07-21,693821,San Francisco Giants,25,1,5.0,1
2025-07-27,693821,Texas Rangers,19,3,2.67,0
2025-08-01,693821,Cincinnati Reds,25,5,6.67,0
2025-08-08,693821,Miami Marlins,27,3,6.0,1
2025-08-14,693821,New York Mets,26,6,7.0,0
2025-08-19,693821,Chicago White Sox,24,3,4.67,1
2025-08-24,693821,New York Mets,24,6,6.0,1
2025-08-29,693821,Philadelphia Phillies,27,3,7.0,0
2025-09-03,693821,Chicago Cubs,24,6,7.0,0
2025-09-08,693821,Chicago Cubs,25,6,6.33,1
2025-09-13,693821,Houston Astros,26,7,4.33,1
2025-09-19,693821,Detroit Tigers,25,6,7.0,0
2025-09-24,693821,Washington Nationals,26,7,7.0,1
2025-08-25,693855,Cleveland Guardians,17,8,5.0,0
2025-08-31,693855,Washington Nationals,21,8,5.0,0
2025-09-11,693855,Chicago White Sox,22,5,5.33,0
2025-09-17,693855,Toronto Blue Jays,26,3,7.0,1
2025-09-28,693855,Toronto Blue Jays,19,7,3.33,0
2025-03-29,694297,Chicago Cubs,25,5,6.0,1
2025-04-04,694297,Washington Nationals,23,4,6.0,0
2025-04-09,694297,Baltimore Orioles,21,3,6.0,1
2025-04-16,694297,Miami Marlins,24,6,5.67,0
2025-04-22,694297,Tampa Bay Rays,22,5,6.0,1
2025-04-27,694297,Atlanta Braves,27,6,6.0,1
2025-05-03,694297,Philadelphia Phillies,27,6,4.67,0
2025-05-08,694297,Los Angeles Dodgers,26,6,6.33,1
2025-05-13,694297,San Francisco Giants,21,3,4.0,0
2025-05-19,694297,Los Angeles Dodgers,22,0,6.0,0
2025-05-25,694297,St. Louis Cardinals,23,5,5.67,0
2025-05-31,694297,Washington Nationals,8,0,0.0,1
2025-06-05,694297,Atlanta Braves,17,2,3.0,0
2025-06-10,694297,Seattle Mariners,24,4,5.0,1
2025-06-17,694297,Toronto Blue Jays,23,3,5.0,0
2025-06-22,694297,Colorado Rockies,22,7,5.0,0
2025-06-28,694297,Miami Marlins,22,7,5.0,1
2025-07-03,694297,San Francisco Giants,25,8,6.0,1
2025-07-09,694297,San Diego Padres,28,4,8.0,0
2025-07-18,694297,St. Louis Cardinals,26,6,7.0,1
2025-07-23,694297,Houston Astros,24,5,5.33,1
2025-07-29,694297,Detroit Tigers,25,3,4.67,0
2025-08-04,694297,San Diego Padres,26,4,5.67,1
2025-08-10,694297,Colorado Rockies,24,2,5.0,1
2025-08-15,694297,Colorado Rockies,27,4,6.0,0
2025-08-20,694297,Cleveland Guardians,28,5,7.0,1
2025-08-26,694297,Milwaukee Brewers,17,4,2.67,0
2025-08-31,694297,Los Angeles Dodgers,22,5,4.33,0
2025-09-06,694297,Boston Red Sox,24,7,6.0,1
2025-09-12,694297,Minnesota Twins,22,2,4.67,0
2025-09-17,694297,San Francisco Giants,28,7,9.0,1
2025-09-23,694297,Los Angeles Dodgers,24,4,6.0,1
2025-09-28,694297,San Diego Padres,20,5,4.0,0
2025-08-09,694462,Miami Marlins,22,6,6.0,1
2025-08-15,694462,Cleveland Guardians,22,7,6.0,0
2025-08-20,694462,Chicago White Sox,23,7,7.0,1
2025-08-26,694462,Miami Marlins,24,0,5.33,0
2025-08-31,694462,Philadelphia Phillies,25,9,5.67,0
2025-09-06,694462,Seattle Mariners,22,5,5.0,1
2025-09-12,694462,Houston Astros,24,4,4.67,1
2025-09-17,694462,Washington Nationals,20,8,5.0,0
2025-09-23,694462,Washington Nationals,25,5,6.0,1
2025-04-01,694477,Kansas City Royals,20,5,4.67,1
2025-04-06,694477,Cincinnati Reds,20,4,5.33,1
2025-04-12,694477,Arizona Diamondbacks,18,3,4.33,0
2025-04-19,694477,Athletics,23,7,6.0,1
2025-04-25,694477,St. Louis Cardinals,18,2,4.33,0
2025-05-01,694477,Chicago White Sox,23,4,5.67,0
2025-05-06,694477,Houston Astros,26,6,6.67,1
2025-05-11,694477,Tampa Bay Rays,21,4,4.33,0
2025-05-16,694477,Minnesota Twins,27,2,6.0,1
2025-05-21,694477,Baltimore Orioles,20,7,4.67,1
2025-05-26,694477,Boston Red Sox,19,6,4.67,1
2025-05-31,694477,Philadelphia Phillies,23,6,6.0,0
2025-06-06,694477,San Diego Padres,24,6,6.0,1
2025-06-11,694477,Atlanta Braves,26,8,5.0,1
2025-06-17,694477,Chicago Cubs,23,5,5.0,0
2025-06-23,694477,Pittsburgh Pirates,24,9,5.0,1
2025-06-29,694477,Colorado Rockies,20,8,5.0,1
2025-07-05,694477,Miami Marlins,19,2,5.0,0
2025-08-19,694477,Chicago Cubs,22,4,5.0,0
2025-08-24,694477,San Francisco Giants,22,7,5.33,1
2025-09-09,694477,Texas Rangers,18,6,4.33,0
2025-09-20,694477,St. Louis Cardinals,18,3,4.33,0
2025-09-24,694477,San Diego Padres,12,6,3.0,0
2025-04-02,694738,Houston Astros,20,8,4.0,0
2025-04-08,694738,Cincinnati Reds,23,4,6.0,1
2025-04-14,694738,Philadelphia Phillies,24,8,5.0,0
2025-04-19,694738,Los Angeles Angels,26,9,7.0,0
2025-04-24,694738,Milwaukee Brewers,20,2,3.67,1
2025-04-30,694738,San Diego Padres,22,4,4.33,0
2025-05-05,694738,Chicago Cubs,22,4,5.0,0
2025-05-11,694738,Minnesota Twins,21,3,5.0,0
2025-05-17,694738,Athletics,25,5,6.0,1
2025-05-23,694738,Washington Nationals,24,2,6.0,0
2025-05-28,694738,Detroit Tigers,21,7,4.0,0
2025-06-03,694738,San Diego Padres,24,5,6.33,1
2025-06-08,694738,Atlanta Braves,25,2,6.0,1
2025-06-14,694738,Los Angeles Dodgers,13,0,1.67,0
2025-06-21,694738,Boston Red Sox,23,7,6.0,1
2025-06-27,694738,Chicago White Sox,26,4,5.33,0
2025-07-02,694738,Arizona Diamondbacks,20,4,4.0,0
2025-07-07,694738,Philadelphia Phillies,21,3,5.0,1
2025-07-12,694738,Los Angeles Dodgers,25,8,6.0,1
2025-07-22,694738,Atlanta Braves,22,6,5.0,0
2025-08-15,694738,Tampa Bay Rays,15,5,3.0,1
2025-08-20,694738,San Diego Padres,14,2,2.33,0
2025-06-12,694819,St. Louis Cardinals,18,5,5.0,1
2025-06-20,694819,Minnesota Twins,20,6,6.0,0
2025-06-25,694819,Pittsburgh Pirates,18,8,5.0,1
2025-07-02,694819,New York Mets,19,2,3.67,0
2025-07-08,694819,Los Angeles Dodgers,23,12,6.0,1
2025-07-22,694819,Seattle Mariners,14,7,3.67,0
2025-07-28,694819,Chicago Cubs,17,7,4.0,1
2025-08-15,694819,Cincinnati Reds,11,3,1.33,0
2025-08-20,694819,Chicago Cubs,16,5,4.0,0
2025-08-26,694819,Arizona Diamondbacks,20,10,5.0,1
2025-09-01,694819,Philadelphia Phillies,19,4,4.33,1
2025-09-07,694819,Pittsburgh Pirates,25,8,7.0,0
2025-09-13,694819,St. Louis Cardinals,23,4,5.0,1
2025-09-19,694819,St. Louis Cardinals,17,3,3.67,0
2025-03-27,694973,Miami Marlins,20,7,5.33,0
2025-04-02,694973,Tampa Bay Rays,24,6,7.0,0
2025-04-08,694973,St. Louis Cardinals,26,7,6.0,1
2025-04-14,694973,Washington Nationals,23,6,6.0,1
2025-04-19,694973,Cleveland Guardians,25,4,7.0,1
2025-04-25,694973,Los Angeles Dodgers,24,9,6.33,0
2025-05-01,694973,Chicago Cubs,23,2,5.0,1
2025-05-06,694973,St. Louis Cardinals,25,6,6.0,0
2025-05-12,694973,New York Mets,25,6,6.0,0
2025-05-18,694973,Philadelphia Phillies,28,9,8.0,0
2025-05-23,694973,Milwaukee Brewers,24,8,6.0,1
2025-05-28,694973,Arizona Diamondbacks,26,7,6.67,0
2025-06-03,694973,Houston Astros,27,8,8.0,1
2025-06-08,694973,Philadelphia Phillies,25,7,7.67,1
2025-06-13,694973,Chicago Cubs,20,5,5.0,0
2025-06-19,694973,Detroit Tigers,25,9,6.0,0
2025-06-25,694973,Milwaukee Brewers,19,4,4.0,0
2025-07-01,694973,St. Louis Cardinals,20,5,5.0,1
2025-07-06,694973,Seattle Mariners,20,10,5.0,0
2025-07-11,694973,Minnesota Twins,20,6,5.0,0
2025-07-21,694973,Detroit Tigers,23,6,6.0,1
2025-07-27,694973,Arizona Diamondbacks,23,9,6.0,1
2025-08-02,694973,Colorado Rockies,22,8,5.0,0
2025-08-07,694973,Cincinnati Reds,24,8,6.0,1
2025-08-12,694973,Milwaukee Brewers,20,4,4.0,0
2025-08-18,694973,Toronto Blue Jays,24,8,6.0,1
2025-08-24,694973,Colorado Rockies,24,7,7.0,1
2025-08-29,694973,Boston Red Sox,25,6,6.0,0
2025-09-04,694973,Los Angeles Dodgers,21,8,6.0,1
2025-09-10,694973,Baltimore Orioles,16,8,5.0,0
2025-09-16,694973,Chicago Cubs,20,6,3.67,1
2025-09-24,694973,Cincinnati Reds,22,7,6.0,0
2025-04-08,695418,Los Angeles Dodgers,13,4,3.0,1
2025-04-14,695418,Pittsburgh Pirates,18,1,4.33,0
2025-04-20,695418,Colorado Rockies,20,5,4.0,0
2025-04-26,695418,New York Mets,16,3,4.0,1
2025-05-01,695418,Philadelphia Phillies,21,4,5.0,0
2025-05-06,695418,Cleveland Guardians,23,4,6.0,1
2025-07-22,695418,Cincinnati Reds,16,1,4.0,1
2025-07-28,695418,Houston Astros,18,2,5.33,0
2025-08-03,695418,Milwaukee Brewers,21,6,4.67,1
2025-08-09,695418,San Francisco Giants,23,5,6.0,0
2025-08-14,695418,Philadelphia Phillies,25,3,6.0,1
2025-08-20,695418,New York Mets,23,4,5.33,1
2025-08-25,695418,New York Yankees,23,5,4.33,0
2025-08-31,695418,Tampa Bay Rays,16,3,3.0,1
2025-09-06,695418,Chicago Cubs,21,7,5.67,0
2025-09-12,695418,Pittsburgh Pirates,25,4,6.0,1
2025-09-17,695418,Atlanta Braves,22,4,5.33,1
2025-09-23,695418,Atlanta Braves,23,4,6.0,0
2025-09-28,695418,Chicago White Sox,19,4,4.0,1
2025-06-24,695505,New York Yankees,21,8,5.0,1
2025-06-30,695505,Boston Red Sox,9,0,0.33,0
2025-07-06,695505,Philadelphia Phillies,19,7,4.67,0
2025-07-11,695505,Colorado Rockies,25,10,6.0,1
2025-07-22,695505,Washington Nationals,26,10,5.67,0
2025-07-28,695505,Los Angeles Dodgers,26,10,5.67,1
2025-08-02,695505,Atlanta Braves,3,2,1.0,1
2025-08-08,695505,Pittsburgh Pirates,22,10,6.0,0
2025-03-31,695549,Seattle Mariners,19,3,4.0,0
2025-04-06,695549,Chicago White Sox,21,4,5.0,1
2025-04-12,695549,Minnesota Twins,20,2,6.0,0
2025-04-18,695549,Kansas City Royals,22,5,5.0,1
2025-04-30,695549,Houston Astros,20,4,4.0,0
2025-05-07,695549,Colorado Rockies,20,2,3.67,0
2025-05-12,695549,Boston Red Sox,26,7,5.67,1
2025-05-18,695549,Toronto Blue Jays,25,5,6.0,0
2025-05-23,695549,Cleveland Guardians,22,3,5.0,1
2025-05-28,695549,San Francisco Giants,23,4,4.67,1
2025-09-07,696149,Milwaukee Brewers,19,3,2.67,1
2025-09-13,696149,Washington Nationals,20,7,6.0,0
2025-09-20,696149,Athletics,17,6,5.0,1
2025-09-27,696149,Atlanta Braves,21,6,5.67,0
2025-06-08,700241,Los Angeles Dodgers,26,5,6.0,1
2025-06-19,700241,Chicago White Sox,19,5,5.0,0
2025-06-24,700241,Chicago Cubs,21,1,4.67,1
2025-07-21,700241,Colorado Rockies,26,1,7.0,0
2025-07-27,700241,San Diego Padres,26,2,4.67,1
2025-08-02,700241,San Diego Padres,25,4,6.0,0
2025-08-08,700241,Chicago Cubs,25,3,6.0,1
2025-08-13,700241,Colorado Rockies,23,2,6.0,1
2025-08-19,700241,Miami Marlins,25,5,6.0,0
2025-08-25,700241,Pittsburgh Pirates,24,7,6.0,1
2025-08-30,700241,Cincinnati Reds,25,0,6.0,0
2025-09-05,700241,San Francisco Giants,22,3,4.0,1
2025-09-10,700241,Seattle Mariners,23,4,6.0,0
2025-09-16,700241,Cincinnati Reds,25,6,7.0,1
2025-09-22,700241,San Francisco Giants,24,2,5.0,0
2025-09-27,700241,Chicago Cubs,21,3,4.67,0
2025-03-31,700249,Boston Red Sox,20,8,4.33,1
2025-04-06,700249,Kansas City Royals,28,4,6.0,0
2025-04-13,700249,Toronto Blue Jays,21,2,4.67,1
2025-04-18,700249,Cincinnati Reds,20,4,3.33,1
2025-04-24,700249,Washington Nationals,25,5,6.67,0
2025-04-30,700249,New York Yankees,20,2,4.67,1
2025-05-06,700249,Minnesota Twins,24,4,6.0,0
2025-05-16,700249,Washington Nationals,21,9,5.67,1
2025-05-23,700249,Boston Red Sox,23,6,5.0,0
2025-05-28,700249,St. Louis Cardinals,24,9,4.67,1
2025-06-04,700249,Seattle Mariners,20,5,5.33,0
2025-06-10,700249,Detroit Tigers,24,6,4.67,1
2025-08-04,700249,Philadelphia Phillies,22,7,5.67,0
2025-08-10,700249,Athletics,24,5,6.0,1
2025-08-22,700249,Houston Astros,21,5,4.67,1
2025-08-28,700249,Boston Red Sox,21,5,5.0,1
2025-09-03,700249,San Diego Padres,24,3,5.0,0
2025-09-11,700249,Pittsburgh Pirates,22,6,5.67,1
2025-09-18,700249,New York Yankees,21,5,5.0,1
2025-09-25,700249,Tampa Bay Rays,26,4,5.67,1
2025-03-30,700363,San Diego Padres,21,4,4.0,0
2025-04-05,700363,Miami Marlins,23,6,4.67,1
2025-04-12,700363,Tampa Bay Rays,21,7,5.0,0
2025-04-29,700363,Colorado Rockies,21,5,5.33,0
2025-05-05,700363,Cincinnati Reds,28,5,8.0,1
2025-05-10,700363,Pittsburgh Pirates,24,7,5.67,0
2025-05-15,700363,Washington Nationals,23,6,6.0,1
2025-05-22,700363,Washington Nationals,20,1,3.0,0
2025-05-29,700363,Philadelphia Phillies,11,1,2.67,0
2025-07-29,701487,Boston Red Sox,15,4,3.0,1
2025-08-06,701487,Detroit Tigers,12,3,2.67,0
2025-08-15,701487,Detroit Tigers,17,1,2.33,1
2025-08-04,701519,Detroit Tigers,17,7,5.0,0
2025-08-12,701519,New York Yankees,15,2,2.33,0
2025-04-01,701542,Arizona Diamondbacks,19,4,5.0,1
2025-04-06,701542,Pittsburgh Pirates,19,5,4.0,0
2025-04-12,701542,San Francisco Giants,19,6,5.0,1
2025-04-17,701542,Tampa Bay Rays,10,1,1.67,0
2025-04-22,701542,Cleveland Guardians,20,5,5.0,0
2025-04-28,701542,Baltimore Orioles,18,5,3.33,0
2025-05-04,701542,Tampa Bay Rays,26,8,4.67,1
2025-05-09,701542,Athletics,27,7,7.33,0
2025-05-14,701542,Seattle Mariners,21,9,5.0,0
2025-05-20,701542,Texas Rangers,23,10,5.67,1
2025-05-25,701542,Colorado Rockies,16,7,4.0,0
2025-05-31,701542,Los Angeles Dodgers,14,2,1.33,0
2025-06-06,701542,Boston Red Sox,23,6,5.33,1
2025-06-12,701542,Kansas City Royals,21,4,5.67,0
2025-06-17,701542,Los Angeles Angels,24,11,6.0,1
2025-06-22,701542,Baltimore Orioles,27,6,6.33,1
2025-06-27,701542,Athletics,21,7,5.0,1
2025-07-02,701542,Toronto Blue Jays,25,4,4.0,0
2025-07-08,701542,Seattle Mariners,23,4,5.67,1
2025-07-13,701542,Chicago Cubs,24,1,5.33,1
2025-07-19,701542,Atlanta Braves,18,5,3.67,0
2025-07-25,701542,Philadelphia Phillies,26,7,5.67,1
2025-07-30,701542,Tampa Bay Rays,24,4,6.0,1
2025-08-05,701542,Texas Rangers,21,5,5.0,0
2025-08-11,701542,Minnesota Twins,23,7,6.67,1
2025-08-17,701542,St. Louis Cardinals,22,3,4.67,0
2025-08-23,701542,Boston Red Sox,22,3,4.0,1
2025-08-28,701542,Chicago White Sox,24,3,5.0,0
2025-09-03,701542,Houston Astros,19,4,5.0,0
2025-09-09,701542,Detroit Tigers,21,5,6.0,1
2025-09-14,701542,Boston Red Sox,26,2,5.0,0
2025-09-19,701542,Baltimore Orioles,23,4,5.33,0
2025-09-26,701542,Baltimore Orioles,22,7,5.0,1
2025-04-11,701581,Detroit Tigers,19,4,4.67,1
2025-04-16,701581,New York Mets,19,6,4.33,1
2025-04-23,701581,Chicago White Sox,18,5,4.0,1
2025-06-05,701581,Athletics,19,6,3.67,0
2025-06-11,701581,Texas Rangers,22,4,6.0,1
2025-06-17,701581,Cincinnati Reds,18,4,3.67,0
2025-06-27,701581,Detroit Tigers,20,6,5.67,0
2025-07-03,701581,Miami Marlins,23,7,6.0,0
2025-07-09,701581,Chicago Cubs,21,3,5.33,1
2025-07-21,701581,Los Angeles Dodgers,22,5,5.33,0
2025-04-20,701656,Athletics,21,9,6.0,1
2025-05-14,701656,Cleveland Guardians,19,7,5.0,0
2025-05-20,701656,Baltimore Orioles,19,7,5.0,1
2025-05-25,701656,Pittsburgh Pirates,22,6,5.0,0
2025-08-03,701656,Washington Nationals,18,4,4.33,0
2025-04-30,702070,Tampa Bay Rays,25,3,6.33,0
2025-05-17,702070,St. Louis Cardinals,21,3,6.33,1
2025-05-23,702070,Minnesota Twins,25,8,6.67,0
2025-05-28,702070,Cincinnati Reds,27,2,6.33,1
2025-06-05,702070,St. Louis Cardinals,21,3,6.0,0
2025-06-10,702070,New York Yankees,25,6,5.67,1
2025-06-15,702070,Athletics,19,7,5.0,1
2025-06-21,702070,San Diego Padres,22,2,5.33,0
2025-06-27,702070,Los Angeles Dodgers,19,4,4.0,1
2025-07-02,702070,Seattle Mariners,19,5,4.67,0
2025-07-07,702070,Pittsburgh Pirates,25,7,7.0,1
2025-07-13,702070,New York Mets,27,8,6.67,1
2025-07-21,702070,Chicago Cubs,25,7,6.0,0
2025-07-27,702070,Cleveland Guardians,20,6,5.0,1
2025-08-02,702070,Toronto Blue Jays,27,1,6.33,0
2025-08-09,702070,Minnesota Twins,25,4,5.67,0
2025-08-15,702070,Chicago White Sox,23,2,5.33,1
2025-08-20,702070,Texas Rangers,20,5,4.67,1
2025-08-25,702070,Chicago White Sox,23,0,5.0,0
2025-09-04,702070,Los Angeles Angels,22,5,5.0,1
2025-09-09,702070,Cleveland Guardians,26,8,7.0,0
2025-09-14,702070,Philadelphia Phillies,24,7,7.0,0
2025-09-20,702070,Toronto Blue Jays,24,5,6.67,1
2025-09-26,702070,Athletics,22,6,4.67,0
2025-09-03,702674,Kansas City Royals,18,4,5.0,0
2025-09-08,702674,Minnesota Twins,24,9,4.67,1
2025-09-16,702674,Milwaukee Brewers,21,4,3.67,0
2025-09-21,702674,Colorado Rockies,23,5,6.0,0
2025-09-27,702674,Houston Astros,26,5,7.0,1
2025-08-20,800048,Arizona Diamondbacks,26,6,6.67,0
2025-08-26,800048,Tampa Bay Rays,24,6,7.0,1
2025-09-01,800048,Boston Red Sox,21,2,3.67,0
2025-09-07,800048,Tampa Bay Rays,25,4,6.0,0
2025-09-13,800048,Chicago White Sox,24,4,6.0,1
2025-09-19,800048,Minnesota Twins,22,9,5.33,0
2025-09-25,800048,Detroit Tigers,23,7,5.0,1
2025-06-18,800049,Philadelphia Phillies,27,5,5.67,1
2025-08-28,800049,New York Mets,18,2,4.0,0
2025-09-02,800049,Washington Nationals,29,5,6.0,0
2025-09-09,800049,Washington Nationals,25,1,4.33,1
2025-09-14,800049,Detroit Tigers,22,4,6.0,1
2025-09-20,800049,Texas Rangers,18,2,4.0,0
2025-04-06,801403,Athletics,22,6,5.0,1
2025-04-12,801403,San Diego Padres,22,7,5.67,0
2025-04-19,801403,Washington Nationals,24,5,4.0,1
2025-04-24,801403,Kansas City Royals,22,3,4.67,0
2025-04-30,801403,Atlanta Braves,22,4,5.67,1
2025-05-07,801403,Detroit Tigers,18,0,3.0,1
2025-05-12,801403,Texas Rangers,22,7,6.0,0
2025-05-18,801403,Arizona Diamondbacks,20,6,4.67,0
2025-06-03,801403,Miami Marlins,14,1,3.0,0
2025-06-08,801403,New York Mets,18,3,3.0,1
2025-06-14,801403,Atlanta Braves,26,4,6.0,0
2025-06-19,801403,Washington Nationals,22,2,6.0,0
2025-06-25,801403,Los Angeles Dodgers,22,1,5.67,1
2025-07-01,801403,Houston Astros,16,1,2.67,1
2025-07-06,801403,Chicago White Sox,19,2,3.67,1
2025-08-11,801403,St. Louis Cardinals,23,5,5.0,0
2025-08-16,801403,Arizona Diamondbacks,23,6,4.67,1
2025-08-21,801403,Los Angeles Dodgers,23,5,3.67,1
2025-08-27,801403,Houston Astros,23,7,6.0,0
2025-09-01,801403,San Francisco Giants,22,2,5.0,1
2025-09-08,801403,Los Angeles Dodgers,18,5,5.0,0
2025-04-30,805123,Detroit Tigers,19,6,4.0,1
2025-09-16,805123,Texas Rangers,12,7,3.0,1
2025-09-27,805123,Los Angeles Angels,16,2,4.0,0
2025-05-18,805673,Milwaukee Brewers,17,5,3.0,0
2025-05-24,805673,Kansas City Royals,18,9,4.0,1
2025-05-30,805673,Seattle Mariners,27,7,7.0,0
2025-06-04,805673,Athletics,21,4,5.0,0
2025-07-19,805673,Colorado Rockies,21,6,4.0,0
2025-07-25,805673,Washington Nationals,20,7,6.0,1
2025-07-30,805673,Boston Red Sox,21,4,4.33,1
2025-08-05,805673,Detroit Tigers,21,6,5.0,0
2025-08-11,805673,New York Yankees,24,9,5.67,0
2025-08-16,805673,Detroit Tigers,21,6,4.0,1
2025-08-22,805673,Chicago White Sox,24,4,4.67,0
2025-08-29,805673,San Diego Padres,24,3,6.0,1
2025-09-03,805673,Chicago White Sox,23,5,6.0,1
2025-09-09,805673,Los Angeles Angels,23,5,4.67,0
2025-09-16,805673,New York Yankees,22,2,3.0,1
2025-09-23,805673,Texas Rangers,27,6,7.0,0
2025-05-20,806185,Kansas City Royals,19,4,5.0,1
2025-05-26,806185,Detroit Tigers,20,6,4.33,0
2025-06-01,806185,Miami Marlins,21,5,5.33,0
2025-06-06,806185,Atlanta Braves,21,5,4.33,1
2025-06-12,806185,Colorado Rockies,26,6,6.0,0
2025-06-20,806185,Boston Red Sox,22,4,4.33,1
2025-06-26,806185,Miami Marlins,21,1,4.0,1
2025-07-01,806185,Arizona Diamondbacks,19,6,4.0,0
2025-07-06,806185,Athletics,22,6,5.0,0
2025-07-21,806185,Atlanta Braves,6,0,0.0,0
2025-06-14,806188,Washington Nationals,4,0,1.0,0
2025-08-10,806960,Baltimore Orioles,13,4,2.67,0
2025-08-16,806960,Los Angeles Angels,21,5,5.0,1
2025-08-22,806960,Seattle Mariners,20,6,6.0,0
2025-08-27,806960,Detroit Tigers,25,7,7.0,1
2025-09-01,806960,St. Louis Cardinals,23,8,5.67,0
2025-09-08,806960,Boston Red Sox,21,2,4.67,1
2025-09-14,806960,Cincinnati Reds,22,2,5.0,1
2025-09-20,806960,Pittsburgh Pirates,24,4,6.0,0
2025-09-27,806960,Kansas City Royals,21,5,4.67,1
2025-03-19,808963,Chicago Cubs,14,3,3.0,0
2025-03-29,808963,Detroit Tigers,12,2,1.67,1
2025-04-05,808963,Philadelphia Phillies,17,4,4.0,0
2025-04-12,808963,Chicago Cubs,21,3,5.0,1
2025-04-19,808963,Texas Rangers,22,4,6.0,0
2025-04-26,808963,Pittsburgh Pirates,24,4,5.67,1
2025-05-03,808963,Atlanta Braves,24,4,5.0,0
2025-05-09,808963,Arizona Diamondbacks,20,0,4.0,0
2025-03-18,808967,Chicago Cubs,19,4,5.0,0
2025-03-28,808967,Detroit Tigers,22,10,5.0,1
2025-04-04,808967,Philadelphia Phillies,22,5,6.0,0
2025-04-11,808967,Chicago Cubs,20,9,6.0,1
2025-04-18,808967,Texas Rangers,25,10,7.0,0
2025-04-25,808967,Pittsburgh Pirates,24,5,5.0,1
2025-05-02,808967,Atlanta Braves,21,6,6.0,0
2025-05-08,808967,Arizona Diamondbacks,22,4,5.0,0
2025-05-14,808967,Athletics,24,6,6.0,1
2025-05-20,808967,Arizona Diamondbacks,24,9,7.0,1
2025-05-26,808967,Cleveland Guardians,23,7,6.0,0
2025-06-01,808967,New York Yankees,21,2,3.67,1
2025-06-07,808967,St. Louis Cardinals,24,9,6.0,0
2025-06-13,808967,San Francisco Giants,24,4,4.67,1
2025-06-19,808967,San Diego Padres,25,5,6.33,1
2025-06-25,808967,Colorado Rockies,16,6,5.0,0
2025-07-01,808967,Chicago White Sox,25,8,7.0,1
2025-07-07,808967,Milwaukee Brewers,9,0,0.67,0
2025-07-13,808967,San Francisco Giants,26,7,7.0,0
2025-07-22,808967,Minnesota Twins,21,8,5.0,1
2025-07-28,808967,Cincinnati Reds,27,9,7.0,0
2025-08-03,808967,Tampa Bay Rays,23,6,5.67,0
2025-08-11,808967,Los Angeles Angels,25,6,4.67,0
2025-08-18,808967,Colorado Rockies,27,6,7.0,0
2025-08-24,808967,San Diego Padres,23,6,6.0,0
2025-08-31,808967,Arizona Diamondbacks,25,10,7.0,1
2025-09-06,808967,Baltimore Orioles,28,10,8.67,0
2025-09-12,808967,San Francisco Giants,23,10,7.0,0
2025-09-18,808967,San Francisco Giants,22,7,5.33,1
2025-09-25,808967,Arizona Diamondbacks,24,7,6.0,0
2025-09-02,815083,Kansas City Royals,19,3,5.0,0
2025-09-07,815083,Athletics,22,4,6.0,1
2025-09-13,815083,Seattle Mariners,22,7,4.0,0
2025-09-19,815083,Colorado Rockies,23,5,4.33,0
2025-09-25,815083,Kansas City Royals,21,5,5.0,1
2025-07-06,829272,Boston Red Sox,16,2,2.67,1
2025-07-12,829272,Milwaukee Brewers,16,2,4.0,0
2026-03-31,453286,Colorado Rockies,22,4,6.0,1
2026-04-06,453286,Los Angeles Dodgers,9,2,2.0,1
2026-04-12,453286,Minnesota Twins,15,3,2.33,1
2026-04-18,453286,Arizona Diamondbacks,22,1,6.0,0
2026-04-24,453286,Cleveland Guardians,16,0,2.33,1
2026-06-10,453286,Philadelphia Phillies,18,4,3.33,1
2026-07-27,453286,Washington Nationals,15,4,2.67,0
2026-08-02,453286,St. Louis Cardinals,23,5,6.0,1
2026-08-08,453286,Philadelphia Phillies,21,4,5.33,0
2026-08-13,453286,Boston Red Sox,20,4,5.0,1
2026-08-19,453286,Tampa Bay Rays,21,1,4.0,0
2026-08-25,453286,Kansas City Royals,23,4,5.0,1
2026-08-30,453286,Seattle Mariners,23,10,7.0,1
2026-08-02,476594,Miami Marlins,18,4,5.0,1
2026-08-08,476594,Pittsburgh Pirates,23,4,3.0,0
2026-08-14,476594,Washington Nationals,21,5,4.33,1
2026-08-19,476594,San Diego Padres,19,6,4.33,1
2026-08-26,476594,Milwaukee Brewers,23,2,4.0,1
2026-08-31,476594,Tampa Bay Rays,21,4,5.33,0
2026-03-29,500779,Miami Marlins,19,2,4.33,0
2026-04-15,500779,Houston Astros,18,1,3.67,0
2026-04-20,500779,Los Angeles Dodgers,25,1,5.0,1
2026-04-26,500779,New York Mets,20,5,5.33,0
2026-05-01,500779,Atlanta Braves,23,3,6.0,1
2026-05-07,500779,New York Mets,22,2,5.67,1
2026-05-13,500779,Pittsburgh Pirates,19,2,4.0,0
2026-05-18,500779,Texas Rangers,25,4,5.67,1
2026-05-24,500779,Arizona Diamondbacks,10,0,1.33,0
2026-04-14,518876,Baltimore Orioles,24,3,5.33,0
2026-04-21,518876,Chicago White Sox,26,5,4.33,1
2026-04-28,518876,Milwaukee Brewers,24,1,5.0,0
2026-05-03,518876,Chicago Cubs,24,5,4.33,0
2026-05-09,518876,New York Mets,26,6,7.0,1
2026-05-15,518876,Colorado Rockies,31,3,9.0,0
2026-05-20,518876,San Francisco Giants,26,4,6.0,1
2026-05-25,518876,San Francisco Giants,26,4,7.0,0
2026-05-31,518876,Seattle Mariners,27,2,5.33,0
2026-06-05,518876,Washington Nationals,25,4,5.0,1
2026-06-11,518876,Miami Marlins,23,1,6.0,0
2026-06-16,518876,Los Angeles Angels,27,4,5.33,1
2026-06-22,518876,St. Louis Cardinals,26,2,6.0,0
2026-06-28,518876,Tampa Bay Rays,27,3,6.0,0
2026-07-04,518876,Milwaukee Brewers,25,6,5.0,1
2026-07-09,518876,San Diego Padres,24,6,7.0,0
2026-07-17,518876,St. Louis Cardinals,21,3,5.0,1
2026-07-22,518876,Athletics,19,3,5.0,1
2026-07-27,518876,Pittsburgh Pirates,22,6,5.67,0
2026-08-02,518876,Cleveland Guardians,25,5,5.0,0
2026-08-07,518876,Los Angeles Dodgers,21,4,5.67,1
2026-08-12,518876,Colorado Rockies,23,2,5.0,1
2026-08-18,518876,Boston Red Sox,23,2,4.0,0
2026-08-24,518876,Chicago Cubs,25,4,5.67,1
2026-08-29,518876,San Francisco Giants,26,7,7.0,0
2026-09-04,518876,Houston Astros,25,4,6.0,0
2026-03-27,519242,Kansas City Royals,23,6,6.0,1
2026-04-01,519242,Athletics,19,3,6.0,1
2026-04-06,519242,Los Angeles Angels,21,7,4.0,0
2026-04-12,519242,Cleveland Guardians,26,6,6.0,1
2026-04-18,519242,Philadelphia Phillies,26,7,7.0,0
2026-04-26,519242,Philadelphia Phillies,22,9,6.0,1
2026-05-02,519242,Colorado Rockies,27,11,7.0,0
2026-05-08,519242,Los Angeles Dodgers,27,7,7.0,0
2026-05-14,519242,Chicago Cubs,25,8,6.0,1
2026-05-20,519242,Miami Marlins,25,8,7.0,0
2026-05-28,519242,Boston Red Sox,24,8,5.0,0
2026-06-04,519242,Toronto Blue Jays,29,6,5.67,1
2026-06-10,519242,Chicago White Sox,25,6,5.67,0
2026-06-20,519242,Milwaukee Brewers,23,7,5.67,1
2026-06-28,519242,San Francisco Giants,26,10,6.0,0
2026-07-04,519242,New York Mets,24,3,5.0,1
2026-07-10,519242,St. Louis Cardinals,11,5,3.0,0
2026-07-17,519242,Texas Rangers,23,6,7.0,1
2026-07-23,519242,San Diego Padres,25,11,6.0,1
2026-07-29,519242,New York Mets,20,9,6.0,0
2026-08-08,519242,New York Yankees,23,8,6.0,0
2026-08-14,519242,Arizona Diamondbacks,23,9,6.0,1
2026-08-21,519242,Milwaukee Brewers,25,6,6.0,0
2026-08-27,519242,Los Angeles Dodgers,34,11,9.0,1
2026-09-04,519242,Philadelphia Phillies,25,7,6.0,0
2026-04-05,527048,Arizona Diamondbacks,20,1,5.0,0
2026-04-11,527048,Cleveland Guardians,19,2,5.0,1
2026-04-17,527048,Philadelphia Phillies,26,4,6.0,0
2026-04-28,527048,Detroit Tigers,21,5,5.0,1
2026-05-06,527048,Seattle Mariners,22,5,5.67,0
2026-05-19,527048,Miami Marlins,23,10,5.0,0
2026-05-24,527048,Washington Nationals,22,2,5.67,1
2026-05-30,527048,Cincinnati Reds,20,2,5.0,0
2026-06-05,527048,Pittsburgh Pirates,20,5,5.0,1
2026-06-13,527048,New York Mets,20,4,5.33,0
2026-06-19,527048,Milwaukee Brewers,25,5,6.0,1
2026-06-24,527048,San Diego Padres,20,4,4.0,0
2026-06-30,527048,St. Louis Cardinals,23,1,5.0,1
2026-07-05,527048,New York Mets,20,1,4.33,1
2026-07-22,527048,San Diego Padres,16,3,4.0,1
2026-07-27,527048,New York Mets,24,4,5.0,0
2026-08-01,527048,Washington Nationals,25,6,7.0,1
2026-08-06,527048,Miami Marlins,9,3,3.0,1
2026-08-11,527048,New York Mets,23,2,6.0,1
2026-08-17,527048,Minnesota Twins,25,3,5.0,0
2026-08-22,527048,Milwaukee Brewers,20,2,4.0,0
2026-08-29,527048,Colorado Rockies,24,6,5.67,1
2026-05-22,543037,Tampa Bay Rays,22,2,6.0,1
2026-05-27,543037,Kansas City Royals,23,10,6.67,0
2026-06-03,543037,Cleveland Guardians,23,2,5.33,1
2026-06-09,543037,Cleveland Guardians,21,4,4.0,0
2026-06-16,543037,Chicago White Sox,23,6,6.0,1
2026-06-22,543037,Detroit Tigers,24,5,4.33,0
2026-06-27,543037,Boston Red Sox,24,5,5.33,0
2026-07-03,543037,Minnesota Twins,20,7,5.0,1
2026-07-08,543037,Tampa Bay Rays,27,6,6.33,0
2026-07-17,543037,Los Angeles Dodgers,23,8,6.0,1
2026-07-22,543037,Pittsburgh Pirates,25,11,7.0,1
2026-07-28,543037,Chicago White Sox,24,7,6.0,0
2026-08-02,543037,Chicago Cubs,23,5,5.67,0
2026-08-08,543037,Atlanta Braves,27,9,7.0,1
2026-08-14,543037,Toronto Blue Jays,24,5,6.0,0
2026-08-20,543037,Baltimore Orioles,23,8,6.0,0
2026-08-27,543037,Houston Astros,26,5,6.0,1
2026-09-01,543037,Los Angeles Angels,24,5,5.33,0
2026-03-26,543135,Philadelphia Phillies,22,7,4.67,0
2026-04-01,543135,Baltimore Orioles,23,5,4.0,0
2026-04-07,543135,Seattle Mariners,26,7,6.0,1
2026-04-13,543135,Athletics,26,7,7.0,0
2026-04-18,543135,Seattle Mariners,25,3,5.0,0
2026-04-24,543135,Athletics,25,3,6.0,1
2026-04-29,543135,New York Yankees,26,7,7.0,1
2026-05-06,543135,New York Yankees,27,8,8.0,0
2026-05-17,543135,Houston Astros,27,8,7.0,0
2026-05-23,543135,Los Angeles Angels,29,6,7.0,0
2026-05-28,543135,Houston Astros,27,6,7.0,1
2026-06-02,543135,St. Louis Cardinals,31,7,6.0,0
2026-06-09,543135,Kansas City Royals,23,3,5.67,0
2026-06-14,543135,Boston Red Sox,26,6,7.0,0
2026-06-21,543135,San Diego Padres,25,9,6.0,1
2026-06-26,543135,Toronto Blue Jays,26,9,7.0,0
2026-07-02,543135,Detroit Tigers,22,9,5.0,1
2026-07-09,543135,Los Angeles Angels,27,10,6.0,1
2026-07-19,543135,Atlanta Braves,20,2,4.0,0
2026-07-25,543135,Seattle Mariners,24,8,7.0,1
2026-07-31,543135,Houston Astros,26,5,5.0,0
2026-08-07,543135,Baltimore Orioles,22,2,5.33,1
2026-03-28,543243,Cincinnati Reds,20,5,4.0,0
2026-04-03,543243,San Diego Padres,22,3,6.0,1
2026-04-08,543243,Milwaukee Brewers,24,2,6.33,1
2026-04-14,543243,Minnesota Twins,22,1,4.0,0
2026-04-20,543243,Detroit Tigers,11,2,2.67,1
2026-05-06,543243,Detroit Tigers,20,2,5.0,0
2026-05-13,543243,Philadelphia Phillies,20,6,6.0,1
2026-05-18,543243,Kansas City Royals,24,9,6.0,0
2026-05-24,543243,Minnesota Twins,19,4,4.0,1
2026-05-30,543243,Cleveland Guardians,24,7,6.0,0
2026-06-05,543243,New York Yankees,27,3,6.33,0
2026-06-12,543243,Texas Rangers,23,7,6.0,1
2026-06-18,543243,Toronto Blue Jays,27,4,7.0,1
2026-06-23,543243,Colorado Rockies,30,11,7.0,0
2026-06-28,543243,New York Yankees,24,9,7.33,1
2026-07-04,543243,Los Angeles Angels,22,7,6.0,0
2026-07-10,543243,New York Mets,23,3,6.0,0
2026-07-19,543243,Tampa Bay Rays,26,5,6.0,1
2026-07-25,543243,Toronto Blue Jays,23,3,5.0,1
2026-07-30,543243,Athletics,30,5,7.0,0
2026-08-05,543243,Chicago White Sox,23,8,6.0,1
2026-08-10,543243,Toronto Blue Jays,26,4,6.0,0
2026-08-15,543243,Pittsburgh Pirates,26,7,7.0,0
2026-08-21,543243,San Francisco Giants,27,6,6.0,1
2026-08-26,543243,Miami Marlins,23,5,5.0,0
2026-04-25,554430,Atlanta Braves,20,6,5.0,0
2026-05-01,554430,Miami Marlins,23,8,6.0,0
2026-05-06,554430,Athletics,25,4,6.33,1
2026-05-12,554430,Boston Red Sox,27,4,7.33,0
2026-05-17,554430,Pittsburgh Pirates,25,8,7.0,0
2026-05-23,554430,Cleveland Guardians,21,6,6.0,1
2026-05-29,554430,Los Angeles Dodgers,23,4,6.0,0
2026-06-04,554430,San Diego Padres,25,8,7.0,1
2026-06-09,554430,Toronto Blue Jays,24,5,6.0,0
2026-06-15,554430,Miami Marlins,23,9,6.0,1
2026-06-21,554430,New York Mets,23,7,5.67,1
2026-06-26,554430,New York Mets,25,5,7.0,0
2026-07-01,554430,Pittsburgh Pirates,24,10,4.67,1
2026-07-07,554430,Cincinnati Reds,25,14,7.0,0
2026-07-12,554430,Detroit Tigers,22,10,6.0,0
2026-07-21,554430,Los Angeles Dodgers,25,9,7.0,1
2026-07-27,554430,Miami Marlins,16,6,3.0,0
2026-08-02,554430,Baltimore Orioles,7,3,2.0,0
2026-08-07,554430,Toronto Blue Jays,28,6,5.33,1
2026-08-12,554430,St. Louis Cardinals,23,5,5.0,0
2026-08-18,554430,Miami Marlins,20,7,5.0,1
2026-08-24,554430,Seattle Mariners,25,4,4.0,0
2026-08-30,554430,Los Angeles Angels,25,6,6.0,0
2026-03-26,571510,Washington Nationals,17,7,3.67,1
2026-04-01,571510,Los Angeles Angels,20,10,5.67,1
2026-04-22,571510,Philadelphia Phillies,19,5,4.67,1
2026-04-27,571510,San Diego Padres,22,4,4.0,0
2026-05-03,571510,Arizona Diamondbacks,22,5,6.0,1
2026-06-25,571510,New York Mets,21,4,4.67,0
2026-06-30,571510,San Diego Padres,24,2,5.0,1
2026-07-07,571510,Baltimore Orioles,23,7,6.0,0
2026-07-12,571510,Cincinnati Reds,28,3,6.33,0
2026-07-18,571510,Minnesota Twins,21,4,6.0,1
2026-07-24,571510,Pittsburgh Pirates,29,4,7.0,0
2026-07-29,571510,St. Louis Cardinals,28,5,7.0,0
2026-08-03,571510,Los Angeles Dodgers,28,3,6.67,1
2026-08-09,571510,Kansas City Royals,27,3,7.0,0
2026-08-15,571510,St. Louis Cardinals,25,2,5.33,1
2026-08-21,571510,Seattle Mariners,27,3,6.0,0
2026-08-26,571510,Arizona Diamondbacks,20,5,6.0,0
2026-09-01,571510,Milwaukee Brewers,22,3,5.33,1
2026-04-10,571578,Minnesota Twins,21,3,4.0,1
2026-04-16,571578,Milwaukee Brewers,20,6,5.67,0
2026-04-21,571578,Los Angeles Angels,18,3,5.0,0
2026-04-26,571578,Cleveland Guardians,20,4,4.67,1
2026-05-01,571578,Minnesota Twins,23,4,5.33,0
2026-05-06,571578,Tampa Bay Rays,22,1,5.33,0
2026-05-12,571578,Tampa Bay Rays,23,1,4.33,1
2026-05-18,571578,New York Yankees,20,3,4.0,0
2026-05-23,571578,Pittsburgh Pirates,23,7,6.0,1
2026-05-28,571578,Baltimore Orioles,21,4,5.0,0
2026-06-03,571578,Atlanta Braves,23,1,5.0,0
2026-06-08,571578,Philadelphia Phillies,18,3,3.0,1
2026-06-14,571578,New York Yankees,18,3,3.67,1
2026-06-20,571578,Chicago Cubs,20,4,3.67,0
2026-06-26,571578,Texas Rangers,21,5,4.33,1
2026-03-29,571927,St. Louis Cardinals,21,2,5.0,0
2026-04-04,571927,Minnesota Twins,22,8,6.0,0
2026-04-10,571927,New York Yankees,20,7,5.0,1
2026-04-16,571927,Chicago White Sox,22,4,5.33,0
2026-04-21,571927,Cincinnati Reds,17,4,3.0,1
2026-04-27,571927,Cleveland Guardians,25,2,7.0,0
2026-05-03,571927,San Francisco Giants,22,1,6.0,1
2026-05-20,571927,Baltimore Orioles,17,5,4.0,1
2026-05-27,571927,Baltimore Orioles,18,2,3.0,0
2026-06-02,571927,Detroit Tigers,11,2,1.67,1
2026-08-14,571927,Baltimore Orioles,3,1,1.0,1
2026-03-28,571945,Chicago Cubs,25,4,5.0,0
2026-04-03,571945,Los Angeles Dodgers,25,4,4.33,1
2026-04-08,571945,St. Louis Cardinals,17,3,3.0,1
2026-04-30,571945,New York Mets,16,3,4.0,0
2026-05-06,571945,Minnesota Twins,19,3,5.33,1
2026-05-12,571945,Cincinnati Reds,16,2,3.33,0
2026-06-29,571945,Boston Red Sox,30,3,7.0,0
2026-07-06,571945,Houston Astros,27,3,6.0,1
2026-07-26,571945,Arizona Diamondbacks,18,1,4.0,1
2026-08-01,571945,Atlanta Braves,27,3,6.0,0
2026-08-06,571945,Philadelphia Phillies,25,1,5.0,0
2026-03-27,579328,Houston Astros,22,3,4.33,0
2026-04-01,579328,Chicago Cubs,26,5,5.33,0
2026-04-07,579328,Atlanta Braves,22,8,5.0,1
2026-04-13,579328,New York Yankees,19,3,3.33,0
2026-04-18,579328,San Diego Padres,22,8,6.0,1
2026-04-24,579328,Kansas City Royals,22,5,5.0,0
2026-04-29,579328,Chicago White Sox,9,1,2.0,0
2026-08-23,579328,Texas Rangers,23,4,5.0,0
2026-08-30,579328,Philadelphia Phillies,27,6,7.0,1
2026-03-27,592332,Athletics,19,11,6.0,1
2026-04-01,592332,Colorado Rockies,21,10,6.0,1
2026-04-07,592332,Los Angeles Dodgers,24,5,5.33,1
2026-04-14,592332,Milwaukee Brewers,24,5,5.0,0
2026-04-19,592332,Arizona Diamondbacks,25,4,6.0,0
2026-04-25,592332,Cleveland Guardians,25,3,6.67,1
2026-04-30,592332,Minnesota Twins,23,2,5.67,0
2026-05-05,592332,Tampa Bay Rays,24,3,6.0,0
2026-05-11,592332,Tampa Bay Rays,24,5,4.67,1
2026-05-17,592332,Detroit Tigers,22,5,6.0,0
2026-05-22,592332,Pittsburgh Pirates,27,8,6.67,1
2026-05-27,592332,Miami Marlins,22,5,5.0,1
2026-06-02,592332,Atlanta Braves,25,8,6.0,0
2026-06-07,592332,Baltimore Orioles,20,5,5.0,1
2026-06-13,592332,New York Yankees,24,7,7.0,1
2026-06-19,592332,Chicago Cubs,17,3,2.0,0
2026-06-25,592332,Texas Rangers,28,4,6.0,1
2026-06-30,592332,New York Mets,25,7,6.0,1
2026-07-06,592332,San Francisco Giants,26,8,5.33,0
2026-07-12,592332,San Diego Padres,25,8,6.0,0
2026-07-21,592332,Tampa Bay Rays,21,1,3.33,1
2026-07-26,592332,Boston Red Sox,24,6,6.0,0
2026-08-01,592332,St. Louis Cardinals,25,4,5.67,1
2026-08-07,592332,Kansas City Royals,26,4,7.0,0
2026-08-13,592332,Washington Nationals,22,7,4.67,0
2026-08-18,592332,Chicago White Sox,21,5,4.33,1
2026-08-24,592332,Arizona Diamondbacks,24,6,7.0,0
2026-08-29,592332,Cincinnati Reds,23,7,5.0,1
2026-09-03,592332,Milwaukee Brewers,27,9,7.0,1
2026-03-27,592662,New York Yankees,21,4,5.33,1
2026-04-02,592662,New York Mets,22,7,5.33,1
2026-04-07,592662,Philadelphia Phillies,26,7,6.67,1
2026-04-14,592662,Cincinnati Reds,19,6,5.0,0
2026-04-19,592662,Washington Nationals,26,7,6.0,0
2026-04-25,592662,Miami Marlins,21,4,5.0,1
2026-05-01,592662,Tampa Bay Rays,22,5,6.33,0
2026-05-08,592662,Pittsburgh Pirates,23,7,6.0,1
2026-05-13,592662,Los Angeles Dodgers,23,2,4.67,0
2026-05-18,592662,Arizona Diamondbacks,26,1,4.33,0
2026-05-24,592662,Chicago White Sox,21,3,4.0,1
2026-05-31,592662,Colorado Rockies,19,6,4.0,0
2026-06-05,592662,Chicago Cubs,21,4,5.0,0
2026-06-10,592662,Washington Nationals,24,3,5.67,1
2026-06-23,592662,Athletics,29,6,8.0,1
2026-06-28,592662,Atlanta Braves,30,2,8.0,1
2026-07-04,592662,Colorado Rockies,24,4,6.0,0
2026-07-10,592662,Colorado Rockies,23,4,5.0,1
2026-07-19,592662,Seattle Mariners,22,6,4.0,0
2026-07-25,592662,Los Angeles Angels,25,5,6.0,1
2026-07-30,592662,San Diego Padres,22,6,6.0,0
2026-08-07,592662,Houston Astros,25,2,5.0,1
2026-08-12,592662,Milwaukee Brewers,17,4,4.0,1
2026-08-18,592662,New York Mets,24,4,6.0,0
2026-08-24,592662,Pittsburgh Pirates,22,5,5.33,1
2026-08-30,592662,Tampa Bay Rays,22,4,6.0,0
2026-03-30,592836,Washington Nationals,29,2,4.67,1
2026-04-05,592836,Colorado Rockies,23,4,5.0,0
2026-04-11,592836,Arizona Diamondbacks,19,6,5.0,1
2026-04-17,592836,Atlanta Braves,23,4,4.0,1
2026-03-28,593958,Los Angeles Dodgers,20,5,5.0,0
2026-04-03,593958,Atlanta Braves,26,3,7.0,1
2026-04-09,593958,New York Mets,25,3,6.0,0
2026-04-15,593958,Baltimore Orioles,25,3,5.0,0
2026-04-22,593958,Chicago White Sox,24,4,5.0,1
2026-04-29,593958,Milwaukee Brewers,23,4,4.67,0
2026-05-05,593958,Pittsburgh Pirates,26,7,7.0,1
2026-05-10,593958,New York Mets,31,4,8.33,1
2026-05-16,593958,Colorado Rockies,23,6,5.33,0
2026-05-21,593958,Colorado Rockies,24,4,7.0,1
2026-05-26,593958,San Francisco Giants,25,6,6.0,0
2026-06-01,593958,Los Angeles Dodgers,24,3,6.0,1
2026-06-06,593958,Washington Nationals,25,5,6.33,1
2026-06-12,593958,Cincinnati Reds,15,3,2.67,0
2026-06-17,593958,Los Angeles Angels,27,5,7.0,1
2026-06-23,593958,St. Louis Cardinals,25,5,6.67,0
2026-06-29,593958,San Francisco Giants,26,1,7.0,1
2026-07-05,593958,Milwaukee Brewers,23,3,6.0,1
2026-07-10,593958,Los Angeles Dodgers,25,5,6.0,0
2026-07-19,593958,St. Louis Cardinals,16,3,2.67,1
2026-07-24,593958,Washington Nationals,27,4,6.0,0
2026-07-29,593958,Pittsburgh Pirates,28,2,8.0,0
2026-08-04,593958,San Diego Padres,29,4,5.67,1
2026-08-09,593958,Los Angeles Dodgers,28,9,7.0,1
2026-08-15,593958,Atlanta Braves,23,5,6.0,0
2026-08-21,593958,Cincinnati Reds,22,4,5.67,1
2026-08-26,593958,Chicago Cubs,26,9,7.0,1
2026-09-01,593958,Philadelphia Phillies,25,3,5.0,1
2026-06-15,593974,St. Louis Cardinals,3,1,1.0,0
2026-06-21,593974,Texas Rangers,4,0,1.0,0
2026-06-23,593974,Atlanta Braves,3,2,1.0,1
2026-07-04,593974,Los Angeles Dodgers,4,0,1.0,0
2026-08-15,593974,Cleveland Guardians,5,1,1.0,0
2026-03-31,594798,Baltimore Orioles,20,7,4.67,0
2026-04-06,594798,Seattle Mariners,17,6,5.0,1
2026-04-12,594798,Los Angeles Dodgers,24,9,6.0,0
2026-04-17,594798,Seattle Mariners,17,3,4.0,0
2026-04-23,594798,Pittsburgh Pirates,23,10,5.67,1
2026-04-28,594798,New York Yankees,22,5,6.0,1
2026-05-05,594798,New York Yankees,27,7,6.33,0
2026-05-10,594798,Chicago Cubs,24,10,7.0,1
2026-05-16,594798,Houston Astros,23,4,6.0,0
2026-05-22,594798,Los Angeles Angels,18,3,3.0,0
2026-05-27,594798,Houston Astros,23,6,6.0,1
2026-06-01,594798,St. Louis Cardinals,21,8,5.0,0
2026-06-07,594798,Cleveland Guardians,23,6,6.0,1
2026-06-13,594798,Boston Red Sox,23,5,6.0,0
2026-06-19,594798,San Diego Padres,27,9,6.0,1
2026-06-24,594798,Miami Marlins,23,8,6.0,0
2026-06-30,594798,Cleveland Guardians,25,9,7.0,0
2026-07-07,594798,Los Angeles Angels,21,7,5.0,1
2026-07-20,594798,Chicago White Sox,23,6,4.67,1
2026-07-26,594798,Seattle Mariners,22,4,5.0,1
2026-08-01,594798,Houston Astros,22,3,3.33,0
2026-08-08,594798,Baltimore Orioles,18,9,5.0,1
2026-08-13,594798,Los Angeles Angels,12,3,2.0,0
2026-08-20,594798,Washington Nationals,20,10,6.0,1
2026-08-25,594798,Chicago White Sox,22,2,3.67,0
2026-08-31,594798,Athletics,21,8,7.0,1
2026-05-04,595345,Los Angeles Dodgers,6,1,0.67,1
2026-05-11,596001,Arizona Diamondbacks,10,2,2.67,1
2026-03-30,605135,Texas Rangers,25,3,4.33,1
2026-04-05,605135,Pittsburgh Pirates,15,0,2.0,0
2026-04-11,605135,San Francisco Giants,21,2,4.67,1
2026-04-17,605135,Cleveland Guardians,22,2,5.0,0
2026-04-22,605135,Kansas City Royals,25,3,5.33,0
2026-04-30,605135,Houston Astros,27,7,6.67,1
2026-05-05,605135,Miami Marlins,21,3,4.0,0
2026-05-16,605135,Washington Nationals,23,4,5.0,0
2026-05-28,605135,Toronto Blue Jays,23,2,6.0,1
2026-06-03,605135,Boston Red Sox,16,1,3.0,0
2026-08-14,605135,Tampa Bay Rays,24,3,5.33,0
2026-08-19,605135,New York Yankees,24,6,5.67,1
2026-08-25,605135,St. Louis Cardinals,26,5,6.67,0
2026-08-30,605135,Athletics,27,4,5.67,0
2026-03-30,605280,St. Louis Cardinals,23,5,5.67,0
2026-04-04,605280,San Francisco Giants,26,4,7.0,0
2026-04-10,605280,Athletics,23,3,5.33,1
2026-04-15,605280,Los Angeles Dodgers,21,4,5.0,0
2026-04-22,605280,Minnesota Twins,27,3,7.0,1
2026-04-28,605280,Washington Nationals,22,6,6.0,1
2026-05-03,605280,Los Angeles Angels,26,6,6.67,0
2026-05-09,605280,Arizona Diamondbacks,24,6,5.67,0
2026-05-15,605280,New York Yankees,23,8,4.33,1
2026-08-08,605280,Kansas City Royals,18,1,4.0,0
2026-08-14,605280,St. Louis Cardinals,22,3,6.67,1
2026-08-19,605280,Chicago White Sox,23,1,5.33,1
2026-08-25,605280,Arizona Diamondbacks,25,5,7.0,0
2026-08-31,605280,Milwaukee Brewers,23,8,6.0,1
2026-04-01,605288,San Diego Padres,25,4,5.33,0
2026-04-06,605288,Philadelphia Phillies,28,3,6.0,1
2026-04-12,605288,Baltimore Orioles,21,3,4.67,0
2026-04-18,605288,Washington Nationals,27,1,5.67,0
2026-04-24,605288,Miami Marlins,23,3,4.0,1
2026-04-30,605288,Philadelphia Phillies,19,2,4.67,0
2026-05-06,605288,San Diego Padres,23,3,6.0,1
2026-05-12,605288,Los Angeles Dodgers,23,4,5.67,0
2026-05-17,605288,Athletics,25,3,6.0,0
2026-05-23,605288,Chicago White Sox,21,5,4.67,1
2026-05-30,605288,Colorado Rockies,22,4,3.67,0
2026-06-04,605288,Milwaukee Brewers,21,5,4.33,0
2026-06-09,605288,Washington Nationals,18,6,4.33,1
2026-06-16,605288,Atlanta Braves,7,2,1.0,0
2026-08-12,605288,Houston Astros,19,5,6.0,1
2026-08-25,605288,Cincinnati Reds,6,2,1.67,1
2026-03-28,605400,Texas Rangers,22,7,5.0,1
2026-04-03,605400,Colorado Rockies,25,9,6.33,0
2026-04-08,605400,San Francisco Giants,23,3,6.0,0
2026-04-14,605400,Chicago Cubs,23,5,5.0,1
2026-04-20,605400,Chicago Cubs,22,5,4.33,0
2026-04-26,605400,Atlanta Braves,25,6,4.67,0
2026-05-04,605400,Miami Marlins,21,5,6.0,0
2026-05-09,605400,Colorado Rockies,22,4,4.67,1
2026-05-15,605400,Pittsburgh Pirates,18,2,3.67,0
2026-05-20,605400,Cincinnati Reds,23,5,5.0,1
2026-05-26,605400,San Diego Padres,21,5,6.0,0
2026-06-02,605400,San Diego Padres,19,8,5.0,1
2026-06-07,605400,Chicago White Sox,23,4,4.33,1
2026-06-13,605400,Milwaukee Brewers,22,3,4.67,0
2026-06-18,605400,New York Mets,24,6,5.0,1
2026-06-24,605400,Washington Nationals,21,5,5.0,0
2026-06-29,605400,Pittsburgh Pirates,23,5,4.33,1
2026-07-05,605400,Kansas City Royals,28,7,7.0,0
2026-07-10,605400,Detroit Tigers,20,8,5.0,0
2026-07-16,605400,New York Mets,27,6,6.0,1
2026-07-22,605400,Los Angeles Dodgers,23,4,5.33,1
2026-07-28,605400,Miami Marlins,23,4,5.67,0
2026-08-03,605400,Washington Nationals,24,5,6.0,1
2026-08-08,605400,Toronto Blue Jays,22,8,5.0,1
2026-08-13,605400,Minnesota Twins,23,9,5.0,0
2026-08-19,605400,Miami Marlins,26,8,7.0,1
2026-08-25,605400,Seattle Mariners,23,7,6.0,0
2026-08-31,605400,Arizona Diamondbacks,22,4,5.0,0
2026-05-09,605483,Atlanta Braves,18,5,3.0,1
2026-08-11,605483,Kansas City Royals,22,10,6.0,1
2026-08-17,605483,Colorado Rockies,23,5,6.0,0
2026-08-23,605483,Pittsburgh Pirates,24,6,6.0,1
2026-08-29,605483,Detroit Tigers,22,10,5.0,0
2026-09-04,605483,Washington Nationals,23,7,6.0,1
2026-03-28,605488,Toronto Blue Jays,22,2,5.33,0
2026-04-03,605488,Houston Astros,21,7,6.0,1
2026-04-09,605488,New York Yankees,25,6,7.0,0
2026-04-14,605488,Texas Rangers,23,5,6.33,1
2026-04-19,605488,Chicago White Sox,25,7,5.0,1
2026-04-25,605488,Texas Rangers,26,4,6.0,0
2026-04-30,605488,Kansas City Royals,16,4,3.0,1
2026-05-06,605488,Philadelphia Phillies,23,4,5.33,0
2026-05-12,605488,St. Louis Cardinals,25,5,5.0,1
2026-05-17,605488,San Francisco Giants,24,3,6.0,1
2026-05-22,605488,San Diego Padres,24,3,6.33,0
2026-05-27,605488,Seattle Mariners,23,7,5.0,1
2026-06-03,605488,Chicago Cubs,18,3,3.67,0
2026-06-08,605488,Milwaukee Brewers,25,3,5.0,1
2026-06-14,605488,Colorado Rockies,20,5,4.0,1
2026-06-19,605488,Los Angeles Angels,18,4,3.67,1
2026-06-25,605488,San Francisco Giants,21,6,5.33,0
2026-06-30,605488,Los Angeles Dodgers,28,2,5.33,1
2026-07-08,605488,Detroit Tigers,23,4,4.33,0
2026-07-20,605488,Arizona Diamondbacks,20,2,5.0,0
2026-07-26,605488,Minnesota Twins,9,0,1.33,0
2026-07-31,605488,Detroit Tigers,20,2,4.0,1
2026-08-19,605488,Kansas City Royals,25,1,5.67,0
2026-08-24,605488,Minnesota Twins,23,3,4.67,1
2026-08-30,605488,Baltimore Orioles,21,6,4.67,1
2026-03-31,605540,Tampa Bay Rays,19,6,5.0,1
2026-04-06,605540,Boston Red Sox,27,4,5.67,0
2026-04-12,605540,Washington Nationals,23,6,6.0,1
2026-04-18,605540,Miami Marlins,25,4,7.0,0
2026-04-24,605540,Pittsburgh Pirates,21,3,5.0,1
2026-04-30,605540,Arizona Diamondbacks,6,2,1.33,1
2026-06-22,605540,Cincinnati Reds,19,10,6.0,0
2026-06-28,605540,Chicago Cubs,20,6,5.67,1
2026-07-04,605540,Arizona Diamondbacks,14,6,3.67,0
2026-06-27,606996,Los Angeles Dodgers,9,2,2.0,1
2026-07-23,606996,Atlanta Braves,3,1,1.0,0
2026-07-29,606996,Colorado Rockies,11,3,2.67,1
2026-08-02,606996,San Francisco Giants,10,2,3.0,1
2026-04-08,607067,Tampa Bay Rays,20,2,5.0,0
2026-04-20,607067,Philadelphia Phillies,28,5,6.67,1
2026-04-25,607067,Los Angeles Dodgers,20,4,3.33,0
2026-05-01,607067,Arizona Diamondbacks,25,6,5.33,1
2026-05-06,607067,Cincinnati Reds,24,5,5.33,1
2026-05-12,607067,Atlanta Braves,20,1,4.33,0
2026-05-17,607067,Chicago White Sox,21,4,4.67,0
2026-05-23,607067,Houston Astros,27,4,7.0,1
2026-05-28,607067,Pittsburgh Pirates,23,5,5.33,0
2026-06-03,607067,Athletics,21,3,5.33,1
2026-06-09,607067,Colorado Rockies,26,2,4.67,0
2026-06-20,607067,Toronto Blue Jays,19,3,5.33,1
2026-06-26,607067,Milwaukee Brewers,23,4,5.0,0
2026-07-01,607067,San Diego Padres,25,5,5.0,1
2026-07-08,607067,Baltimore Orioles,22,2,5.33,0
2026-07-17,607067,Minnesota Twins,24,6,6.0,1
2026-07-22,607067,Detroit Tigers,21,5,5.0,1
2026-07-28,607067,St. Louis Cardinals,24,2,6.0,0
2026-08-02,607067,New York Yankees,23,7,6.0,1
2026-05-10,607074,Milwaukee Brewers,21,4,4.33,0
2026-05-16,607074,New York Mets,17,6,3.67,0
2026-05-21,607074,Toronto Blue Jays,21,7,5.0,1
2026-05-29,607074,Athletics,22,3,6.0,0
2026-06-04,607074,Cleveland Guardians,23,7,6.0,1
2026-06-10,607074,Cleveland Guardians,25,7,6.0,0
2026-06-17,607074,Chicago White Sox,22,7,5.0,1
2026-06-23,607074,Detroit Tigers,22,5,5.33,0
2026-06-28,607074,Boston Red Sox,21,6,5.0,0
2026-08-18,607074,Baltimore Orioles,17,4,4.0,0
2026-08-23,607074,Toronto Blue Jays,17,2,4.0,1
2026-08-29,607074,Boston Red Sox,19,5,4.67,1
2026-03-28,607192,Arizona Diamondbacks,23,6,6.0,1
2026-04-04,607192,Washington Nationals,24,9,6.0,0
2026-04-10,607192,Texas Rangers,24,7,6.0,1
2026-04-17,607192,Colorado Rockies,24,7,7.0,0
2026-04-23,607192,San Francisco Giants,25,9,8.0,0
2026-04-29,607192,Miami Marlins,24,9,5.67,1
2026-05-06,607192,Houston Astros,4,2,1.0,0
2026-08-25,607192,Atlanta Braves,21,7,5.0,0
2026-08-30,607192,Detroit Tigers,23,6,7.0,0
2026-03-31,607200,Miami Marlins,21,4,5.0,0
2026-04-11,607200,Kansas City Royals,21,4,5.0,0
2026-04-18,607200,Athletics,20,3,4.67,0
2026-04-29,607200,Los Angeles Angels,26,6,7.0,1
2026-05-05,607200,Los Angeles Angels,21,2,4.67,0
2026-05-12,607200,Kansas City Royals,22,2,5.0,1
2026-05-17,607200,Chicago Cubs,19,2,3.0,1
2026-06-03,607200,Minnesota Twins,18,2,5.0,0
2026-06-30,607200,Baltimore Orioles,23,3,5.0,0
2026-07-20,607200,Texas Rangers,15,6,4.0,0
2026-07-26,607200,Houston Astros,18,2,4.33,1
2026-07-31,607200,Tampa Bay Rays,19,6,5.0,0
2026-08-29,607200,Minnesota Twins,20,4,5.0,0
2026-09-04,607200,Minnesota Twins,20,2,5.0,1
2026-03-30,607259,Milwaukee Brewers,24,3,6.0,0
2026-04-05,607259,Minnesota Twins,20,4,6.0,0
2026-04-11,607259,New York Yankees,22,4,4.67,1
2026-04-17,607259,Pittsburgh Pirates,26,3,5.33,0
2026-04-22,607259,Cincinnati Reds,30,6,8.0,1
2026-04-28,607259,Cleveland Guardians,25,4,7.0,0
2026-05-04,607259,Toronto Blue Jays,21,4,5.0,1
2026-05-10,607259,Boston Red Sox,25,3,5.67,0
2026-05-16,607259,Miami Marlins,23,4,6.0,1
2026-05-22,607259,New York Yankees,26,1,6.0,0
2026-05-29,607259,Los Angeles Angels,27,5,7.0,1
2026-06-03,607259,Detroit Tigers,22,1,4.0,1
2026-06-09,607259,Boston Red Sox,27,2,7.0,1
2026-06-15,607259,Los Angeles Dodgers,22,6,5.33,0
2026-06-21,607259,Washington Nationals,24,5,6.0,1
2026-06-26,607259,Arizona Diamondbacks,23,3,5.67,1
2026-07-03,607259,Houston Astros,21,3,5.33,0
2026-07-10,607259,Seattle Mariners,20,1,5.33,1
2026-07-20,607259,Toronto Blue Jays,24,0,6.0,0
2026-07-25,607259,Cleveland Guardians,21,5,6.0,1
2026-07-31,607259,Chicago White Sox,24,2,6.0,1
2026-08-05,607259,Colorado Rockies,22,4,5.67,0
2026-08-11,607259,Athletics,33,5,9.0,0
2026-08-18,607259,Toronto Blue Jays,22,5,3.67,1
2026-08-23,607259,Baltimore Orioles,19,4,6.0,0
2026-08-29,607259,San Diego Padres,25,4,6.0,1
2026-09-04,607259,Texas Rangers,25,4,6.33,0
2026-03-27,607536,Miami Marlins,21,2,4.33,0
2026-04-01,607536,Toronto Blue Jays,22,6,5.0,0
2026-04-07,607536,Houston Astros,24,5,6.33,1
2026-04-28,607536,Cincinnati Reds,20,4,5.0,0
2026-05-03,607536,Atlanta Braves,24,7,4.33,1
2026-05-09,607536,Philadelphia Phillies,25,4,5.0,0
2026-05-15,607536,Arizona Diamondbacks,22,3,3.67,1
2026-05-20,607536,Texas Rangers,22,4,4.67,1
2026-05-26,607536,Los Angeles Dodgers,22,4,4.0,0
2026-06-01,607536,Los Angeles Angels,28,4,5.67,0
2026-06-07,607536,Milwaukee Brewers,22,2,5.0,1
2026-06-13,607536,Athletics,27,4,5.67,0
2026-06-19,607536,Pittsburgh Pirates,26,8,7.33,1
2026-06-24,607536,Boston Red Sox,29,4,6.0,1
2026-07-01,607536,Miami Marlins,21,7,5.0,1
2026-07-06,607536,Los Angeles Dodgers,23,2,5.0,0
2026-07-11,607536,San Francisco Giants,24,9,6.0,0
2026-07-20,607536,Washington Nationals,27,4,6.0,1
2026-07-26,607536,Milwaukee Brewers,23,2,5.33,0
2026-08-02,607536,Kansas City Royals,34,8,9.0,1
2026-08-08,607536,St. Louis Cardinals,23,3,4.33,0
2026-08-14,607536,San Francisco Giants,27,2,8.0,0
2026-08-19,607536,Los Angeles Dodgers,18,5,3.67,1
2026-03-29,607625,Atlanta Braves,24,3,6.33,0
2026-04-04,607625,Milwaukee Brewers,21,7,5.0,1
2026-04-09,607625,Chicago White Sox,24,4,6.33,1
2026-04-15,607625,Detroit Tigers,23,7,6.67,0
2026-04-20,607625,Baltimore Orioles,24,7,7.0,1
2026-04-26,607625,Los Angeles Angels,33,3,6.33,1
2026-05-02,607625,Seattle Mariners,25,6,6.0,0
2026-05-07,607625,Cleveland Guardians,22,5,4.0,1
2026-05-13,607625,Chicago White Sox,25,4,5.0,0
2026-05-18,607625,Boston Red Sox,25,5,6.0,1
2026-05-24,607625,Seattle Mariners,27,3,6.33,1
2026-05-30,607625,Texas Rangers,26,6,6.0,0
2026-06-04,607625,Minnesota Twins,22,4,5.0,0
2026-06-10,607625,Texas Rangers,13,2,3.33,1
2026-06-19,607625,St. Louis Cardinals,23,0,6.0,1
2026-06-25,607625,Tampa Bay Rays,24,3,5.0,0
2026-07-01,607625,Tampa Bay Rays,26,7,6.0,1
2026-07-07,607625,New York Mets,24,4,4.33,0
2026-07-12,607625,Baltimore Orioles,19,6,4.0,0
2026-07-17,607625,San Diego Padres,23,3,6.0,1
2026-07-22,607625,San Francisco Giants,26,5,7.0,1
2026-07-28,607625,Minnesota Twins,24,2,6.0,0
2026-08-02,607625,Colorado Rockies,25,3,5.0,0
2026-08-08,607625,Chicago Cubs,24,5,6.0,1
2026-08-14,607625,Los Angeles Angels,21,4,4.67,0
2026-08-19,607625,Athletics,26,3,6.0,1
2026-08-25,607625,Toronto Blue Jays,21,5,5.0,0
2026-08-30,607625,Cleveland Guardians,22,2,3.67,0
2026-03-25,608331,San Francisco Giants,23,4,6.33,0
2026-03-31,608331,Seattle Mariners,25,6,7.0,0
2026-04-05,608331,Miami Marlins,27,4,6.67,1
2026-04-11,608331,Tampa Bay Rays,30,6,8.0,0
2026-04-16,608331,Los Angeles Angels,22,3,5.33,1
2026-04-22,608331,Boston Red Sox,29,9,8.0,0
2026-04-27,608331,Texas Rangers,21,5,6.0,0
2026-05-03,608331,Baltimore Orioles,24,6,5.33,1
2026-05-08,608331,Milwaukee Brewers,26,5,6.0,0
2026-05-13,608331,Baltimore Orioles,13,2,3.0,0
2026-07-22,608331,Pittsburgh Pirates,16,7,5.0,1
2026-07-27,608331,Chicago White Sox,15,4,3.0,0
2026-08-01,608331,Chicago Cubs,19,7,5.33,0
2026-08-07,608331,Atlanta Braves,22,7,6.33,1
2026-08-13,608331,Seattle Mariners,20,4,5.0,1
2026-08-29,608331,Boston Red Sox,15,4,3.67,1
2026-09-04,608331,San Diego Padres,21,4,5.67,0
2026-05-17,608337,Seattle Mariners,20,3,5.0,0
2026-05-23,608337,Athletics,21,2,5.0,1
2026-05-29,608337,Washington Nationals,16,1,2.67,0
2026-06-04,608337,Philadelphia Phillies,18,5,4.0,0
2026-06-09,608337,Cincinnati Reds,20,3,4.0,1
2026-03-30,608372,Toronto Blue Jays,18,4,4.67,0
2026-04-05,608372,Philadelphia Phillies,23,5,6.0,1
2026-04-10,608372,San Diego Padres,22,3,6.0,0
2026-04-17,608372,Los Angeles Dodgers,23,3,4.0,1
2026-04-22,608372,San Diego Padres,23,4,5.67,1
2026-04-29,608372,Cincinnati Reds,22,2,5.33,0
2026-05-04,608372,New York Mets,20,1,5.33,1
2026-05-10,608372,Philadelphia Phillies,22,2,5.0,0
2026-05-16,608372,Arizona Diamondbacks,22,1,5.0,1
2026-05-22,608372,Arizona Diamondbacks,27,3,6.67,0
2026-05-27,608372,Los Angeles Dodgers,20,3,4.67,0
2026-06-02,608372,Los Angeles Angels,23,5,5.0,0
2026-06-09,608372,Chicago Cubs,22,3,5.0,1
2026-06-14,608372,Athletics,26,2,5.0,0
2026-06-20,608372,Pittsburgh Pirates,22,5,6.0,1
2026-06-26,608372,Minnesota Twins,23,2,5.0,0
2026-07-18,608372,Cincinnati Reds,24,3,6.33,1
2026-07-24,608372,Milwaukee Brewers,23,5,5.33,0
2026-07-31,608372,Kansas City Royals,24,2,6.67,1
2026-08-05,608372,Tampa Bay Rays,22,3,5.0,1
2026-08-11,608372,Arizona Diamondbacks,23,5,6.0,0
2026-08-17,608372,Los Angeles Dodgers,24,3,5.0,1
2026-08-23,608372,Cleveland Guardians,18,2,3.0,1
2026-08-28,608372,Atlanta Braves,24,4,4.0,0
2026-09-02,608372,Baltimore Orioles,26,4,6.0,1
2026-03-28,608379,Atlanta Braves,20,7,6.0,0
2026-04-06,608379,Cleveland Guardians,26,3,7.0,0
2026-04-11,608379,Chicago White Sox,28,7,8.0,1
2026-04-17,608379,New York Yankees,24,6,6.0,0
2026-04-22,608379,Baltimore Orioles,25,5,5.33,1
2026-04-29,608379,Athletics,25,5,5.0,0
2026-05-04,608379,Cleveland Guardians,26,3,7.0,1
2026-05-09,608379,Detroit Tigers,27,6,7.0,1
2026-05-15,608379,St. Louis Cardinals,23,5,6.0,0
2026-05-20,608379,Boston Red Sox,25,8,6.0,1
2026-05-25,608379,New York Yankees,27,5,7.0,1
2026-05-31,608379,Texas Rangers,26,5,5.0,0
2026-06-05,608379,Minnesota Twins,25,2,5.67,0
2026-06-11,608379,Texas Rangers,29,2,7.0,1
2026-06-16,608379,Washington Nationals,26,3,6.0,0
2026-06-22,608379,Tampa Bay Rays,27,5,7.0,0
2026-06-27,608379,Chicago White Sox,29,7,7.67,0
2026-07-04,608379,Philadelphia Phillies,26,7,6.0,1
2026-07-09,608379,New York Mets,23,5,4.67,0
2026-07-20,608379,San Francisco Giants,23,5,6.0,1
2026-07-25,608379,Detroit Tigers,28,3,7.0,0
2026-07-31,608379,Colorado Rockies,25,7,6.0,0
2026-08-06,608379,Minnesota Twins,22,1,5.67,1
2026-08-11,608379,Los Angeles Dodgers,27,5,6.67,0
2026-08-17,608379,Athletics,20,3,5.0,1
2026-08-22,608379,Detroit Tigers,26,6,7.0,1
2026-08-28,608379,Cleveland Guardians,28,10,8.0,0
2026-09-03,608379,Miami Marlins,26,7,6.0,1
2026-03-31,608566,San Francisco Giants,18,1,3.0,1
2026-04-06,608566,Pittsburgh Pirates,21,4,5.0,0
2026-04-11,608566,Colorado Rockies,20,5,5.0,1
2026-04-18,608566,Los Angeles Angels,20,5,5.67,0
2026-04-25,608566,Arizona Diamondbacks,26,2,6.0,0
2026-05-01,608566,Chicago White Sox,23,2,5.0,1
2026-07-07,608566,Arizona Diamondbacks,20,4,5.0,1
2026-07-12,608566,Toronto Blue Jays,20,4,4.0,1
2026-07-19,608566,Kansas City Royals,18,2,3.0,0
2026-07-24,608566,Miami Marlins,12,4,2.33,0
2026-06-23,615698,Miami Marlins,9,1,2.0,0
2026-06-27,615698,Toronto Blue Jays,15,5,4.0,0
2026-07-04,615698,Detroit Tigers,21,2,5.0,1
2026-07-10,615698,Houston Astros,23,1,6.0,1
2026-07-17,615698,Atlanta Braves,23,3,4.0,0
2026-07-28,615698,Tampa Bay Rays,19,7,5.33,0
2026-08-03,615698,San Francisco Giants,24,4,6.0,1
2026-08-12,615698,Los Angeles Angels,22,6,5.0,0
2026-08-18,615698,Washington Nationals,25,5,7.0,1
2026-08-23,615698,Los Angeles Angels,24,6,6.0,1
2026-08-29,615698,Milwaukee Brewers,21,8,6.0,0
2026-09-03,615698,Tampa Bay Rays,25,5,7.0,1
2026-08-23,621097,Kansas City Royals,6,1,1.33,0
2026-03-30,621111,San Francisco Giants,19,3,4.0,1
2026-04-05,621111,Boston Red Sox,14,4,2.67,0
2026-04-10,621111,Colorado Rockies,20,4,6.0,1
2026-04-16,621111,Seattle Mariners,20,7,5.0,1
2026-04-22,621111,Colorado Rockies,19,2,2.67,0
2026-04-28,621111,Chicago Cubs,22,4,4.67,1
2026-05-05,621111,San Francisco Giants,23,5,5.33,0
2026-05-10,621111,St. Louis Cardinals,21,2,6.0,1
2026-05-16,621111,Seattle Mariners,22,6,5.0,0
2026-05-22,621111,Athletics,22,4,5.0,1
2026-05-27,621111,Philadelphia Phillies,18,2,5.33,1
2026-06-03,621111,Philadelphia Phillies,24,6,6.0,0
2026-06-08,621111,Cincinnati Reds,22,4,4.67,1
2026-06-14,621111,Baltimore Orioles,21,5,5.0,0
2026-06-20,621111,Texas Rangers,21,7,5.33,0
2026-06-26,621111,Los Angeles Dodgers,20,5,5.33,1
2026-07-01,621111,Chicago Cubs,23,6,4.0,0
2026-07-06,621111,Arizona Diamondbacks,24,4,5.0,1
2026-07-11,621111,Toronto Blue Jays,13,1,2.0,1
2026-07-21,621111,Atlanta Braves,24,3,5.67,0
2026-07-26,621111,Miami Marlins,22,7,5.33,0
2026-08-01,621111,San Francisco Giants,21,1,4.33,1
2026-08-06,621111,Arizona Diamondbacks,18,3,4.0,0
2026-08-11,621111,Milwaukee Brewers,24,5,6.0,1
2026-08-17,621111,New York Mets,21,4,6.0,0
2026-08-23,621111,Minnesota Twins,20,4,6.0,1
2026-08-29,621111,Tampa Bay Rays,21,3,5.0,0
2026-09-04,621111,New York Yankees,17,6,5.0,1
2026-05-07,621112,Texas Rangers,5,0,1.0,1
2026-07-09,621112,Tampa Bay Rays,8,3,2.0,0
2026-06-12,621383,Milwaukee Brewers,6,2,1.0,0
2026-03-30,622491,New York Yankees,21,7,6.0,1
2026-04-05,622491,Los Angeles Angels,20,4,3.67,0
2026-04-11,622491,Houston Astros,21,3,3.33,1
2026-04-16,622491,San Diego Padres,26,3,5.33,0
2026-04-21,622491,Athletics,21,6,5.0,1
2026-04-27,622491,Minnesota Twins,25,3,5.0,0
2026-05-03,622491,Kansas City Royals,26,5,6.0,1
2026-05-09,622491,Chicago White Sox,18,6,4.0,0
2026-05-14,622491,Houston Astros,24,6,5.67,0
2026-05-25,622491,Athletics,17,6,4.0,0
2026-06-07,622491,Detroit Tigers,21,5,5.67,0
2026-06-13,622491,Washington Nationals,27,4,5.67,0
2026-06-26,622491,Cleveland Guardians,22,4,6.0,0
2026-07-03,622491,Toronto Blue Jays,26,4,6.0,1
2026-07-10,622491,Tampa Bay Rays,25,4,5.0,0
2026-07-21,622491,Cincinnati Reds,27,3,7.0,1
2026-07-28,622491,Los Angeles Dodgers,26,2,5.0,0
2026-08-06,622491,Boston Red Sox,18,5,4.0,0
2026-08-12,622491,Cincinnati Reds,23,10,7.0,1
2026-08-17,622491,Chicago Cubs,24,1,4.67,0
2026-08-22,622491,New York Mets,17,3,2.67,1
2026-08-28,622491,Minnesota Twins,21,1,4.0,0
2026-09-03,622491,Houston Astros,21,3,4.0,0
2026-03-27,622663,Toronto Blue Jays,20,3,5.0,0
2026-04-01,622663,Atlanta Braves,18,7,3.33,0
2026-04-08,622663,New York Yankees,22,7,5.0,0
2026-04-13,622663,Texas Rangers,26,7,6.0,1
2026-04-18,622663,Chicago White Sox,25,3,5.33,1
2026-04-24,622663,Texas Rangers,26,5,6.67,0
2026-04-29,622663,Kansas City Royals,25,8,7.0,1
2026-05-05,622663,Philadelphia Phillies,24,3,5.0,0
2026-05-10,622663,Baltimore Orioles,25,4,5.33,0
2026-05-16,622663,San Francisco Giants,30,7,6.0,1
2026-05-21,622663,Los Angeles Angels,23,10,7.0,0
2026-05-29,622663,New York Yankees,7,1,1.0,1
2026-05-20,623454,Cleveland Guardians,18,7,4.67,1
2026-06-15,623454,Houston Astros,12,5,2.67,0
2026-08-05,623454,Seattle Mariners,13,0,3.67,0
2026-08-11,623454,Cleveland Guardians,17,4,4.0,1
2026-08-16,623454,Chicago White Sox,21,5,5.0,1
2026-08-22,623454,Kansas City Royals,21,4,5.0,0
2026-08-28,623454,Los Angeles Dodgers,21,5,4.67,1
2026-09-02,623454,Minnesota Twins,24,5,5.67,0
2026-04-09,623474,San Diego Padres,3,0,1.0,0
2026-04-12,623474,San Diego Padres,6,0,1.0,0
2026-04-21,623474,San Diego Padres,3,3,1.0,1
2026-03-30,624133,Houston Astros,20,3,4.33,0
2026-04-05,624133,San Diego Padres,18,2,4.0,1
2026-04-11,624133,St. Louis Cardinals,22,6,6.0,0
2026-04-17,624133,Detroit Tigers,26,4,8.0,1
2026-04-22,624133,New York Yankees,21,4,4.67,1
2026-04-27,624133,Toronto Blue Jays,25,10,8.0,0
2026-05-03,624133,Houston Astros,16,3,4.0,1
2026-05-14,624133,Philadelphia Phillies,21,8,5.33,1
2026-05-19,624133,Kansas City Royals,19,3,4.33,0
2026-05-26,624133,Atlanta Braves,25,4,5.0,1
2026-05-31,624133,Cleveland Guardians,25,10,5.0,0
2026-06-07,624133,New York Yankees,25,6,6.33,0
2026-06-13,624133,Texas Rangers,23,7,5.0,1
2026-06-19,624133,Seattle Mariners,24,5,6.67,0
2026-06-24,624133,Colorado Rockies,27,9,6.0,0
2026-06-29,624133,Washington Nationals,24,8,6.0,1
2026-07-05,624133,Los Angeles Angels,15,5,2.67,0
2026-07-26,624133,Toronto Blue Jays,15,6,4.0,1
2026-07-31,624133,Los Angeles Dodgers,18,2,4.67,0
2026-08-06,624133,Chicago White Sox,15,3,3.0,1
2026-08-12,624133,Toronto Blue Jays,21,2,5.0,0
2026-08-18,624133,Arizona Diamondbacks,22,3,5.33,1
2026-08-24,624133,Miami Marlins,24,4,5.0,0
2026-08-30,624133,New York Yankees,25,2,5.33,0
2026-09-04,624133,Baltimore Orioles,27,3,7.0,0
2026-03-28,625643,Kansas City Royals,22,3,6.0,1
2026-04-02,625643,Arizona Diamondbacks,20,3,5.0,0
2026-04-07,625643,Los Angeles Angels,21,7,4.67,0
2026-04-14,625643,Miami Marlins,21,6,5.0,1
2026-04-21,625643,Washington Nationals,11,1,1.0,0
2026-06-26,625643,San Francisco Giants,12,1,3.0,0
2026-07-01,625643,St. Louis Cardinals,18,6,5.0,1
2026-07-06,625643,New York Mets,20,5,5.0,1
2026-07-11,625643,St. Louis Cardinals,21,3,5.0,0
2026-07-21,625643,San Diego Padres,23,6,4.33,1
2026-07-26,625643,Baltimore Orioles,23,6,5.67,0
2026-06-13,640455,Atlanta Braves,22,6,6.0,1
2026-06-18,640455,Philadelphia Phillies,23,5,5.33,0
2026-06-24,640455,Chicago Cubs,19,4,3.0,1
2026-06-29,640455,Toronto Blue Jays,23,4,5.67,0
2026-07-04,640455,Atlanta Braves,24,4,5.0,0
2026-07-09,640455,Kansas City Royals,26,6,7.0,1
2026-07-18,640455,Philadelphia Phillies,24,7,4.67,0
2026-07-24,640455,Los Angeles Dodgers,24,3,6.0,1
2026-07-29,640455,Atlanta Braves,24,4,6.0,1
2026-08-04,640455,Cleveland Guardians,28,7,6.0,0
2026-08-09,640455,Pittsburgh Pirates,25,11,7.0,0
2026-08-15,640455,Washington Nationals,27,7,6.33,1
2026-08-21,640455,Chicago White Sox,25,4,6.0,0
2026-08-27,640455,Milwaukee Brewers,27,3,5.67,1
2026-09-01,640455,Tampa Bay Rays,29,2,5.67,0
2026-05-19,641302,Colorado Rockies,4,1,1.0,0
2026-06-22,641302,Miami Marlins,3,1,1.0,0
2026-06-29,641302,Cleveland Guardians,4,2,1.0,0
2026-07-22,641302,Chicago White Sox,7,1,2.0,1
2026-03-29,641743,Milwaukee Brewers,21,5,4.67,0
2026-04-09,641743,Kansas City Royals,24,6,5.67,0
2026-04-22,641743,Arizona Diamondbacks,22,1,3.67,0
2026-04-27,641743,Los Angeles Angels,22,2,4.0,1
2026-05-03,641743,San Diego Padres,21,5,5.0,0
2026-05-09,641743,Seattle Mariners,20,5,5.0,1
2026-05-14,641743,Kansas City Royals,27,4,6.0,1
2026-05-19,641743,Seattle Mariners,22,5,5.33,0
2026-05-25,641743,Minnesota Twins,24,5,6.0,1
2026-05-30,641743,Detroit Tigers,22,3,5.0,1
2026-06-05,641743,Philadelphia Phillies,21,4,4.0,0
2026-06-12,641743,Los Angeles Dodgers,22,7,5.0,1
2026-06-17,641743,New York Yankees,21,2,4.0,0
2026-06-22,641743,Cleveland Guardians,24,8,6.0,1
2026-06-28,641743,Kansas City Royals,21,2,3.67,1
2026-07-03,641743,Cleveland Guardians,14,2,4.0,0
2026-07-09,641743,Boston Red Sox,22,4,5.33,1
2026-07-17,641743,Toronto Blue Jays,19,5,4.0,0
2026-07-22,641743,Texas Rangers,22,4,5.0,0
2026-07-28,641743,New York Yankees,23,7,5.33,1
2026-08-02,641743,Tampa Bay Rays,27,3,6.33,0
2026-08-08,641743,Cleveland Guardians,25,4,6.0,1
2026-08-15,641743,Detroit Tigers,22,4,5.33,0
2026-08-20,641743,Atlanta Braves,24,6,6.0,1
2026-08-25,641743,Texas Rangers,23,4,4.67,1
2026-08-31,641743,Houston Astros,23,5,4.67,0
2026-03-29,641778,Athletics,20,9,5.33,1
2026-04-05,641778,Chicago White Sox,12,0,2.0,0
2026-04-11,641778,Minnesota Twins,25,3,5.33,1
2026-04-22,641778,Los Angeles Angels,24,3,5.0,0
2026-04-29,641778,Boston Red Sox,19,1,4.33,1
2026-05-04,641778,Tampa Bay Rays,19,2,4.33,0
2026-05-26,641778,Colorado Rockies,22,4,6.0,1
2026-06-02,641778,Arizona Diamondbacks,20,1,4.67,0
2026-06-09,641778,Pittsburgh Pirates,20,5,5.67,0
2026-06-15,641778,Tampa Bay Rays,26,4,6.0,1
2026-06-29,641778,Athletics,28,2,6.0,0
2026-07-06,641778,Colorado Rockies,26,3,6.0,1
2026-07-22,641778,Philadelphia Phillies,21,5,5.33,0
2026-07-29,641778,Seattle Mariners,20,4,6.0,1
2026-08-05,641778,Chicago Cubs,23,1,4.0,0
2026-08-12,641778,Kansas City Royals,27,6,6.33,1
2026-08-18,641778,Colorado Rockies,22,6,5.0,0
2026-09-01,641778,St. Louis Cardinals,18,2,3.0,1
2026-04-06,641793,St. Louis Cardinals,22,6,5.0,1
2026-04-12,641793,Milwaukee Brewers,21,3,5.0,0
2026-04-17,641793,San Francisco Giants,23,4,4.0,1
2026-04-22,641793,Atlanta Braves,28,1,6.0,1
2026-04-28,641793,New York Mets,20,1,3.67,0
2026-05-15,641793,Baltimore Orioles,20,3,5.0,1
2026-05-20,641793,New York Mets,20,3,5.0,1
2026-05-31,641793,San Diego Padres,24,5,6.0,1
2026-06-06,641793,Arizona Diamondbacks,19,4,5.0,0
2026-06-12,641793,Seattle Mariners,10,0,1.67,1
2026-06-17,641793,Kansas City Royals,24,2,5.0,1
2026-06-28,641793,Baltimore Orioles,20,3,5.0,0
2026-07-18,641793,Athletics,30,4,6.0,0
2026-07-29,641793,Toronto Blue Jays,20,2,4.67,1
2026-03-28,641816,New York Yankees,17,5,4.0,1
2026-04-03,641816,New York Mets,23,4,5.0,1
2026-04-08,641816,Philadelphia Phillies,24,6,5.67,1
2026-04-15,641816,Cincinnati Reds,24,6,4.0,0
2026-04-22,641816,Los Angeles Dodgers,26,5,7.0,1
2026-04-28,641816,Philadelphia Phillies,22,3,5.0,0
2026-05-03,641816,Tampa Bay Rays,22,5,5.33,0
2026-05-10,641816,Pittsburgh Pirates,24,8,5.67,1
2026-05-15,641816,Athletics,24,6,5.0,0
2026-05-20,641816,Arizona Diamondbacks,23,6,5.0,0
2026-05-26,641816,Arizona Diamondbacks,20,3,5.0,1
2026-06-24,641816,Athletics,19,4,5.67,1
2026-06-29,641816,Arizona Diamondbacks,19,3,4.33,0
2026-07-05,641816,Colorado Rockies,21,5,4.33,0
2026-07-11,641816,Colorado Rockies,29,4,7.0,1
2026-07-21,641816,Kansas City Royals,22,4,5.0,0
2026-07-27,641816,Milwaukee Brewers,20,3,6.0,1
2026-08-01,641816,San Diego Padres,25,9,5.67,0
2026-08-07,641816,New York Yankees,23,9,6.0,0
2026-08-12,641816,New York Mets,21,7,6.0,1
2026-08-18,641816,Minnesota Twins,25,3,6.67,0
2026-08-23,641816,Milwaukee Brewers,24,4,5.0,0
2026-08-30,641816,Colorado Rockies,24,9,6.67,1
2026-04-30,641835,San Francisco Giants,9,2,2.0,1
2026-06-22,641835,Washington Nationals,6,2,1.0,0
2026-06-27,641835,New York Mets,5,1,1.33,0
2026-07-25,641835,New York Yankees,6,1,2.0,1
2026-03-29,641927,Baltimore Orioles,17,1,4.0,0
2026-04-03,641927,Tampa Bay Rays,18,4,4.0,1
2026-04-08,641927,Detroit Tigers,24,2,5.67,1
2026-04-13,641927,Boston Red Sox,26,7,6.0,1
2026-04-19,641927,Cincinnati Reds,26,10,6.33,1
2026-04-25,641927,Tampa Bay Rays,22,3,6.0,0
2026-04-30,641927,Toronto Blue Jays,24,2,6.0,1
2026-05-06,641927,Washington Nationals,23,3,5.0,0
2026-05-12,641927,Miami Marlins,29,7,9.0,1
2026-05-17,641927,Milwaukee Brewers,23,1,5.0,1
2026-05-24,641927,Boston Red Sox,22,3,5.0,0
2026-05-30,641927,Pittsburgh Pirates,27,3,4.67,0
2026-07-09,641927,Cleveland Guardians,19,5,5.0,1
2026-07-17,641927,Chicago Cubs,21,7,5.33,0
2026-07-22,641927,Cleveland Guardians,21,2,4.0,0
2026-07-30,641927,Kansas City Royals,24,3,6.0,1
2026-08-06,641927,Kansas City Royals,23,0,6.0,0
2026-08-11,641927,Baltimore Orioles,26,4,6.0,1
2026-08-17,641927,Atlanta Braves,20,4,4.33,1
2026-08-23,641927,San Diego Padres,22,3,5.0,0
2026-08-29,641927,Chicago White Sox,20,5,5.0,1
2026-04-15,642121,Chicago White Sox,9,1,2.0,0
2026-06-27,642121,Arizona Diamondbacks,7,1,2.0,1
2026-07-19,642232,Los Angeles Dodgers,10,1,2.67,1
2026-03-26,642547,Pittsburgh Pirates,21,7,5.0,1
2026-04-01,642547,St. Louis Cardinals,21,7,5.33,0
2026-04-07,642547,Arizona Diamondbacks,22,5,4.67,1
2026-04-12,642547,Athletics,25,6,6.0,1
2026-04-18,642547,Chicago Cubs,23,3,5.67,0
2026-04-24,642547,Colorado Rockies,27,8,5.67,1
2026-04-30,642547,Washington Nationals,25,6,6.0,1
2026-05-06,642547,Colorado Rockies,21,1,5.0,0
2026-05-12,642547,Detroit Tigers,25,7,6.0,1
2026-05-17,642547,New York Yankees,23,4,5.0,1
2026-05-23,642547,Miami Marlins,30,9,7.0,0
2026-05-29,642547,Miami Marlins,22,5,4.67,1
2026-06-03,642547,Seattle Mariners,24,6,6.0,0
2026-06-09,642547,St. Louis Cardinals,28,5,6.0,1
2026-06-14,642547,Atlanta Braves,20,2,5.0,1
2026-06-20,642547,Philadelphia Phillies,19,2,2.67,0
2026-06-25,642547,Chicago Cubs,24,5,5.67,1
2026-07-01,642547,Toronto Blue Jays,22,4,4.0,0
2026-07-06,642547,Atlanta Braves,23,6,4.67,0
2026-07-11,642547,Boston Red Sox,21,6,4.33,1
2026-07-20,642547,Milwaukee Brewers,26,6,5.33,0
2026-07-26,642547,Los Angeles Dodgers,20,3,4.0,1
2026-08-04,642547,Colorado Rockies,19,3,3.67,0
2026-08-10,642547,Athletics,24,5,6.0,0
2026-08-16,642547,Baltimore Orioles,18,2,4.67,1
2026-08-21,642547,Baltimore Orioles,28,6,7.0,0
2026-08-26,642547,Detroit Tigers,20,4,6.0,0
2026-09-01,642547,New York Mets,22,7,6.0,1
2026-04-26,643377,Minnesota Twins,8,2,2.33,1
2026-05-02,643377,San Francisco Giants,10,2,2.67,1
2026-05-07,643377,Boston Red Sox,17,3,4.0,0
2026-05-13,643377,Toronto Blue Jays,20,1,5.0,0
2026-05-19,643377,Baltimore Orioles,18,6,5.0,1
2026-05-26,643377,Baltimore Orioles,11,3,2.0,0
2026-06-01,643377,Detroit Tigers,19,5,4.0,1
2026-06-07,643377,Miami Marlins,17,4,5.0,0
2026-06-13,643377,Los Angeles Angels,20,5,5.0,0
2026-06-19,643377,Washington Nationals,18,5,5.0,1
2026-06-24,643377,Kansas City Royals,24,7,5.0,1
2026-06-30,643377,Kansas City Royals,22,5,6.0,0
2026-07-06,643377,New York Yankees,18,10,5.0,1
2026-07-11,643377,Seattle Mariners,21,3,5.0,1
2026-07-17,643377,Boston Red Sox,25,6,5.0,0
2026-07-22,643377,Toronto Blue Jays,22,5,6.0,0
2026-07-28,643377,Texas Rangers,24,10,5.67,1
2026-08-02,643377,Chicago White Sox,21,8,5.0,1
2026-09-02,643377,New York Mets,17,1,2.67,1
2026-03-27,645261,Colorado Rockies,25,5,7.0,1
2026-04-01,645261,Chicago White Sox,31,7,9.0,1
2026-04-07,645261,Cincinnati Reds,30,6,8.33,1
2026-04-12,645261,Detroit Tigers,30,4,6.0,0
2026-04-18,645261,Milwaukee Brewers,24,1,5.0,1
2026-04-24,645261,San Francisco Giants,26,4,6.0,0
2026-04-29,645261,Los Angeles Dodgers,27,4,6.0,0
2026-05-05,645261,Baltimore Orioles,25,5,4.33,1
2026-05-10,645261,Washington Nationals,24,3,6.0,1
2026-05-16,645261,Tampa Bay Rays,25,6,6.0,0
2026-05-21,645261,Atlanta Braves,25,3,6.0,1
2026-05-26,645261,Toronto Blue Jays,31,4,5.67,0
2026-06-01,645261,Washington Nationals,26,5,7.0,0
2026-06-07,645261,Tampa Bay Rays,25,7,7.0,1
2026-06-12,645261,Pittsburgh Pirates,30,7,8.0,0
2026-06-17,645261,Philadelphia Phillies,28,6,6.0,0
2026-06-23,645261,Texas Rangers,27,4,6.67,1
2026-06-29,645261,Colorado Rockies,27,3,5.67,0
2026-07-04,645261,Athletics,31,8,8.0,0
2026-07-10,645261,Cleveland Guardians,26,8,7.0,1
2026-07-17,645261,Milwaukee Brewers,25,7,6.0,0
2026-07-22,645261,Houston Astros,30,3,7.0,0
2026-07-28,645261,Philadelphia Phillies,27,5,7.0,1
2026-08-02,645261,New York Mets,24,5,6.0,0
2026-08-08,645261,Los Angeles Angels,25,8,7.0,1
2026-08-14,645261,Cincinnati Reds,28,2,7.0,0
2026-08-19,645261,Philadelphia Phillies,26,1,6.0,0
2026-08-24,645261,Boston Red Sox,29,6,7.0,1
2026-08-29,645261,Washington Nationals,27,3,6.0,0
2026-09-03,645261,Kansas City Royals,24,2,6.0,0
2026-03-30,647336,Detroit Tigers,20,10,5.0,1
2026-04-04,647336,Atlanta Braves,22,3,5.0,1
2026-04-10,647336,Philadelphia Phillies,25,10,5.67,0
2026-04-17,647336,Toronto Blue Jays,26,5,7.0,1
2026-04-23,647336,Chicago White Sox,22,6,5.0,1
2026-04-30,647336,Milwaukee Brewers,21,2,3.0,0
2026-05-06,647336,Pittsburgh Pirates,27,6,6.33,1
2026-05-11,647336,Texas Rangers,22,5,6.33,0
2026-05-17,647336,Colorado Rockies,25,8,5.67,0
2026-05-22,647336,Colorado Rockies,23,2,6.0,1
2026-05-27,647336,San Francisco Giants,22,3,6.0,0
2026-06-02,647336,Los Angeles Dodgers,25,6,6.0,1
2026-06-07,647336,Washington Nationals,26,6,7.0,1
2026-06-13,647336,Cincinnati Reds,23,7,7.0,0
2026-06-19,647336,Minnesota Twins,4,0,1.0,1
2026-08-10,647336,Colorado Rockies,18,4,4.33,1
2026-08-16,647336,Atlanta Braves,24,5,5.67,0
2026-08-22,647336,Cincinnati Reds,20,3,3.33,1
2026-03-27,650633,Detroit Tigers,20,6,5.0,1
2026-04-03,650633,Boston Red Sox,24,5,5.67,0
2026-04-08,650633,Pittsburgh Pirates,24,4,6.0,0
2026-04-14,650633,Seattle Mariners,25,5,6.0,1
2026-04-19,650633,Los Angeles Angels,19,6,5.0,0
2026-04-26,650633,Arizona Diamondbacks,22,8,6.0,0
2026-05-02,650633,Chicago White Sox,25,5,6.0,1
2026-05-07,650633,St. Louis Cardinals,21,6,6.0,1
2026-05-13,650633,Milwaukee Brewers,25,5,5.67,0
2026-05-18,650633,Los Angeles Dodgers,24,9,7.0,1
2026-05-24,650633,Athletics,19,4,3.67,1
2026-05-30,650633,Washington Nationals,25,2,6.0,0
2026-06-05,650633,New York Mets,23,4,6.0,1
2026-06-10,650633,Cincinnati Reds,30,3,6.67,1
2026-06-16,650633,St. Louis Cardinals,22,1,4.33,0
2026-06-22,650633,Atlanta Braves,27,5,7.0,1
2026-06-28,650633,Los Angeles Dodgers,22,5,4.33,1
2026-07-03,650633,Los Angeles Dodgers,23,5,6.0,0
2026-07-08,650633,Arizona Diamondbacks,23,4,6.0,1
2026-07-17,650633,Kansas City Royals,21,4,5.0,0
2026-07-22,650633,Atlanta Braves,27,7,6.0,0
2026-07-28,650633,Colorado Rockies,24,6,6.0,1
2026-08-03,650633,Arizona Diamondbacks,23,5,5.0,0
2026-08-08,650633,Houston Astros,21,6,6.0,1
2026-08-14,650633,Cleveland Guardians,26,4,6.0,0
2026-08-19,650633,New York Mets,25,4,6.67,0
2026-08-25,650633,Pittsburgh Pirates,26,7,7.0,1
2026-08-31,650633,Cincinnati Reds,26,6,6.0,0
2026-03-31,650644,Atlanta Braves,20,3,5.0,0
2026-04-07,650644,New York Yankees,22,6,5.0,0
2026-04-12,650644,New York Mets,20,3,5.67,0
2026-04-17,650644,Chicago White Sox,27,4,4.67,1
2026-04-22,650644,Seattle Mariners,23,5,5.33,0
2026-04-28,650644,Kansas City Royals,20,3,5.0,1
2026-05-03,650644,Cleveland Guardians,26,3,6.0,1
2026-05-09,650644,Baltimore Orioles,23,6,5.0,0
2026-05-15,650644,San Francisco Giants,22,2,5.0,1
2026-05-20,650644,Los Angeles Angels,21,2,5.0,0
2026-05-25,650644,Seattle Mariners,22,2,4.0,1
2026-06-17,650644,Pittsburgh Pirates,20,2,3.0,1
2026-06-23,650644,San Francisco Giants,18,5,4.0,0
2026-06-28,650644,Los Angeles Angels,22,2,5.0,0
2026-07-04,650644,Miami Marlins,21,6,4.67,1
2026-03-26,650911,Texas Rangers,21,10,6.0,1
2026-04-01,650911,Washington Nationals,24,7,5.33,1
2026-04-07,650911,San Francisco Giants,24,6,5.0,0
2026-04-13,650911,Chicago Cubs,26,8,6.0,1
2026-04-18,650911,Atlanta Braves,28,8,6.0,1
2026-04-23,650911,Chicago Cubs,30,4,5.33,0
2026-04-30,650911,San Francisco Giants,27,7,6.67,1
2026-05-05,650911,Athletics,29,10,8.0,1
2026-05-10,650911,Colorado Rockies,27,7,7.0,1
2026-05-16,650911,Pittsburgh Pirates,32,13,9.0,0
2026-05-22,650911,Cleveland Guardians,28,6,8.0,1
2026-05-27,650911,San Diego Padres,27,9,7.0,0
2026-06-03,650911,San Diego Padres,26,8,7.0,1
2026-06-08,650911,Toronto Blue Jays,26,10,7.0,0
2026-06-14,650911,Milwaukee Brewers,25,3,5.67,0
2026-06-20,650911,New York Mets,24,5,6.0,1
2026-06-25,650911,Washington Nationals,25,6,5.0,0
2026-06-30,650911,Pittsburgh Pirates,26,9,7.0,1
2026-07-06,650911,Kansas City Royals,21,1,3.33,0
2026-07-11,650911,Detroit Tigers,29,7,7.0,0
2026-07-20,650911,Los Angeles Dodgers,25,7,5.33,1
2026-07-26,650911,New York Yankees,28,6,6.0,1
2026-08-01,650911,Baltimore Orioles,25,11,6.0,0
2026-08-06,650911,Washington Nationals,23,6,5.0,1
2026-08-11,650911,St. Louis Cardinals,20,7,6.0,0
2026-08-17,650911,Miami Marlins,27,6,6.0,1
2026-08-23,650911,St. Louis Cardinals,28,7,6.67,1
2026-08-29,650911,Los Angeles Angels,25,8,7.0,0
2026-09-04,650911,Atlanta Braves,26,5,6.0,1
2026-05-03,656288,Chicago White Sox,19,7,5.0,1
2026-05-08,656288,St. Louis Cardinals,22,5,4.33,1
2026-05-14,656288,Milwaukee Brewers,14,2,1.67,0
2026-05-19,656288,Los Angeles Dodgers,20,5,5.0,1
2026-05-25,656288,Philadelphia Phillies,24,5,6.67,1
2026-05-31,656288,Washington Nationals,21,3,5.0,0
2026-06-06,656288,New York Mets,19,6,5.0,1
2026-06-12,656288,Baltimore Orioles,24,6,5.0,0
2026-06-29,656288,Chicago Cubs,20,3,4.33,0
2026-07-09,656288,Arizona Diamondbacks,20,5,4.67,1
2026-07-18,656288,Kansas City Royals,18,4,3.67,0
2026-03-28,656302,Athletics,22,12,5.33,1
2026-04-03,656302,Chicago White Sox,22,6,4.33,0
2026-04-08,656302,Los Angeles Dodgers,23,8,5.0,1
2026-04-15,656302,Milwaukee Brewers,22,6,6.0,0
2026-04-20,656302,Los Angeles Angels,22,12,5.0,0
2026-04-27,656302,Boston Red Sox,27,5,5.67,1
2026-05-02,656302,Minnesota Twins,28,7,7.0,0
2026-05-08,656302,Los Angeles Angels,25,10,7.0,1
2026-05-13,656302,Tampa Bay Rays,26,9,7.0,1
2026-05-19,656302,New York Yankees,22,9,5.0,0
2026-05-24,656302,Pittsburgh Pirates,19,8,4.67,1
2026-06-09,656302,Philadelphia Phillies,22,11,6.0,1
2026-06-16,656302,Boston Red Sox,23,7,5.0,0
2026-06-22,656302,Houston Astros,23,8,5.67,1
2026-06-27,656302,Texas Rangers,23,10,4.67,1
2026-07-03,656302,Seattle Mariners,24,9,7.0,0
2026-07-08,656302,San Francisco Giants,28,11,8.0,0
2026-07-20,656302,Tampa Bay Rays,26,7,6.0,1
2026-07-25,656302,Boston Red Sox,30,12,9.0,0
2026-07-31,656302,St. Louis Cardinals,24,7,6.0,1
2026-08-06,656302,Chicago Cubs,24,10,7.0,0
2026-08-11,656302,Boston Red Sox,24,7,5.0,1
2026-08-16,656302,New York Yankees,24,10,6.33,1
2026-08-22,656302,New York Yankees,26,8,6.67,0
2026-08-28,656302,Seattle Mariners,22,8,6.0,1
2026-09-02,656302,Cleveland Guardians,21,4,6.0,0
2026-03-28,656427,San Diego Padres,21,2,4.33,0
2026-04-04,656427,St. Louis Cardinals,22,6,4.0,1
2026-04-09,656427,Minnesota Twins,23,6,5.67,0
2026-04-15,656427,Kansas City Royals,22,7,6.0,1
2026-04-20,656427,Boston Red Sox,20,3,3.33,0
2026-04-25,656427,Cincinnati Reds,14,4,2.0,0
2026-05-01,656427,Texas Rangers,19,4,3.67,1
2026-05-06,656427,Boston Red Sox,21,10,5.0,1
2026-05-12,656427,New York Mets,20,2,3.67,0
2026-05-17,656427,Toronto Blue Jays,24,4,6.0,1
2026-05-22,656427,Baltimore Orioles,19,7,3.33,0
2026-05-28,656427,Los Angeles Angels,24,9,5.67,1
2026-06-02,656427,Tampa Bay Rays,22,6,5.0,0
2026-06-07,656427,Seattle Mariners,22,7,5.0,1
2026-06-12,656427,Cleveland Guardians,13,1,3.0,0
2026-06-28,656427,Houston Astros,20,9,5.0,1
2026-07-04,656427,Texas Rangers,21,5,5.67,0
2026-07-10,656427,Philadelphia Phillies,24,6,6.0,1
2026-07-20,656427,Chicago Cubs,18,4,4.0,0
2026-03-30,656492,Philadelphia Phillies,21,5,5.0,0
2026-04-05,656492,Los Angeles Dodgers,22,6,5.0,1
2026-04-11,656492,Milwaukee Brewers,20,1,5.33,0
2026-04-16,656492,Pittsburgh Pirates,24,7,5.33,0
2026-04-21,656492,Atlanta Braves,24,3,6.0,1
2026-04-26,656492,Chicago White Sox,26,8,7.0,0
2026-05-02,656492,Milwaukee Brewers,26,3,6.0,1
2026-05-08,656492,Miami Marlins,27,9,7.0,0
2026-05-14,656492,Cincinnati Reds,23,7,4.33,0
2026-05-19,656492,New York Mets,24,5,5.0,1
2026-05-24,656492,Atlanta Braves,22,6,6.0,0
2026-05-30,656492,San Diego Padres,21,5,5.0,1
2026-06-05,656492,Arizona Diamondbacks,17,4,5.0,0
2026-06-10,656492,San Francisco Giants,24,5,6.0,0
2026-06-16,656492,Kansas City Royals,26,6,6.0,1
2026-06-22,656492,Philadelphia Phillies,27,9,7.33,1
2026-06-27,656492,Baltimore Orioles,26,9,7.0,0
2026-07-03,656492,Pittsburgh Pirates,20,2,5.0,1
2026-07-08,656492,Houston Astros,25,9,7.0,1
2026-07-19,656492,Athletics,28,2,7.0,0
2026-07-25,656492,Arizona Diamondbacks,26,2,6.67,1
2026-07-31,656492,Atlanta Braves,25,3,5.33,0
2026-08-06,656492,New York Mets,21,6,4.0,1
2026-08-12,656492,Detroit Tigers,21,3,5.0,0
2026-08-18,656492,San Francisco Giants,23,6,6.0,1
2026-08-23,656492,Colorado Rockies,22,4,5.0,0
2026-08-29,656492,Kansas City Royals,19,4,5.0,1
2026-09-04,656492,Detroit Tigers,27,3,6.0,1
2026-03-29,656550,Kansas City Royals,22,4,5.0,1
2026-04-03,656550,Arizona Diamondbacks,21,4,6.0,0
2026-04-08,656550,Los Angeles Angels,28,6,6.67,0
2026-04-13,656550,Miami Marlins,17,3,4.0,1
2026-04-19,656550,Philadelphia Phillies,19,4,4.67,0
2026-04-24,656550,Philadelphia Phillies,28,4,6.0,1
2026-05-01,656550,Colorado Rockies,25,4,5.0,0
2026-05-12,656550,Chicago Cubs,17,5,4.0,1
2026-05-17,656550,Boston Red Sox,24,4,6.0,1
2026-05-23,656550,Washington Nationals,22,10,5.0,1
2026-05-29,656550,Cincinnati Reds,21,5,4.67,0
2026-06-03,656550,Toronto Blue Jays,25,4,6.0,1
2026-06-09,656550,Chicago White Sox,18,2,3.67,0
2026-06-16,656550,San Francisco Giants,13,2,2.0,1
2026-06-22,656550,San Diego Padres,21,4,4.67,0
2026-07-03,656550,New York Mets,22,2,5.0,1
2026-07-08,656550,Pittsburgh Pirates,20,5,5.0,0
2026-07-19,656550,Texas Rangers,24,2,5.0,1
2026-07-24,656550,Baltimore Orioles,22,5,5.0,0
2026-07-30,656550,Washington Nationals,21,4,4.67,1
2026-08-04,656550,Miami Marlins,23,5,6.0,1
2026-08-09,656550,New York Yankees,21,2,6.0,0
2026-08-15,656550,Arizona Diamondbacks,20,3,3.67,1
2026-08-20,656550,Chicago White Sox,22,3,6.0,0
2026-08-28,656550,Colorado Rockies,23,3,5.0,1
2026-09-02,656550,Washington Nationals,9,1,3.0,0
2026-03-28,656605,New York Mets,21,3,6.0,0
2026-04-03,656605,Baltimore Orioles,26,4,6.0,1
2026-04-08,656605,San Diego Padres,22,4,6.0,1
2026-04-14,656605,Washington Nationals,21,3,4.0,1
2026-04-19,656605,Tampa Bay Rays,25,5,7.0,1
2026-04-25,656605,Milwaukee Brewers,22,6,5.0,0
2026-05-01,656605,Cincinnati Reds,26,6,7.0,1
2026-05-07,656605,Arizona Diamondbacks,23,4,6.0,0
2026-05-13,656605,Colorado Rockies,24,3,5.67,1
2026-05-19,656605,St. Louis Cardinals,22,3,5.67,0
2026-05-24,656605,Toronto Blue Jays,25,5,6.0,0
2026-05-30,656605,Minnesota Twins,23,5,4.0,1
2026-06-05,656605,Atlanta Braves,25,4,4.67,0
2026-06-11,656605,Los Angeles Dodgers,24,3,4.0,1
2026-06-16,656605,Athletics,24,7,5.33,0
2026-06-23,656605,Seattle Mariners,26,4,6.0,1
2026-06-28,656605,Cincinnati Reds,23,4,6.0,1
2026-07-03,656605,Washington Nationals,26,1,6.0,0
2026-07-09,656605,Atlanta Braves,15,3,3.0,1
2026-07-22,656605,New York Yankees,21,6,5.0,0
2026-07-27,656605,Arizona Diamondbacks,23,4,5.33,1
2026-08-02,656605,Cincinnati Reds,16,2,2.0,0
2026-03-28,656641,Philadelphia Phillies,14,3,4.0,0
2026-06-20,656794,Detroit Tigers,9,4,3.0,0
2026-08-14,656794,Detroit Tigers,5,2,1.33,0
2026-08-19,656794,Chicago Cubs,7,0,2.0,0
2026-08-23,656794,New York Mets,8,3,2.0,1
2026-03-28,656849,Pittsburgh Pirates,25,3,5.33,1
2026-04-02,656849,San Francisco Giants,24,5,4.33,0
2026-04-08,656849,Arizona Diamondbacks,23,6,5.0,1
2026-04-13,656849,Los Angeles Dodgers,25,7,5.0,0
2026-04-29,656849,Washington Nationals,19,5,3.67,1
2026-05-21,656849,Washington Nationals,22,3,5.0,0
2026-05-26,656849,Cincinnati Reds,26,4,5.0,1
2026-06-21,656849,Philadelphia Phillies,20,5,4.0,0
2026-06-27,656849,Milwaukee Brewers,20,2,5.67,0
2026-07-03,656849,St. Louis Cardinals,23,3,3.67,1
2026-07-09,656849,Baltimore Orioles,20,2,5.0,0
2026-07-21,656849,Detroit Tigers,24,4,6.67,1
2026-07-27,656849,St. Louis Cardinals,22,3,5.67,0
2026-08-01,656849,New York Yankees,25,8,6.33,1
2026-08-06,656849,Toronto Blue Jays,23,3,5.0,1
2026-08-12,656849,Washington Nationals,27,6,5.0,0
2026-08-22,656849,Seattle Mariners,25,8,6.0,0
2026-08-28,656849,Cincinnati Reds,24,6,5.0,1
2026-09-02,656849,Milwaukee Brewers,23,4,3.67,1
2026-03-26,656876,St. Louis Cardinals,20,2,5.0,0
2026-04-01,656876,Milwaukee Brewers,20,8,5.0,0
2026-04-12,656876,New York Yankees,19,7,6.0,1
2026-04-18,656876,Pittsburgh Pirates,15,3,3.67,0
2026-04-24,656876,Minnesota Twins,24,6,6.0,1
2026-04-29,656876,Cleveland Guardians,24,6,5.0,0
2026-05-05,656876,Toronto Blue Jays,25,5,6.0,1
2026-05-11,656876,Toronto Blue Jays,23,6,6.0,0
2026-05-17,656876,Miami Marlins,24,2,5.33,1
2026-05-24,656876,New York Yankees,24,6,7.0,0
2026-05-30,656876,Los Angeles Angels,18,4,4.0,1
2026-06-05,656876,Miami Marlins,22,9,7.0,0
2026-06-10,656876,Boston Red Sox,24,13,7.0,1
2026-06-16,656876,Los Angeles Dodgers,26,7,7.0,0
2026-06-22,656876,Kansas City Royals,24,5,6.0,1
2026-06-28,656876,Arizona Diamondbacks,24,5,6.0,1
2026-07-04,656876,Houston Astros,22,2,5.0,0
2026-07-09,656876,New York Yankees,14,2,2.33,1
2026-07-21,656876,Toronto Blue Jays,23,5,5.0,0
2026-07-26,656876,Cleveland Guardians,24,9,7.0,1
2026-08-01,656876,Chicago White Sox,22,10,6.0,1
2026-08-07,656876,Seattle Mariners,24,8,7.0,0
2026-08-12,656876,Athletics,21,3,5.0,0
2026-08-19,656876,Toronto Blue Jays,23,5,5.0,1
2026-08-24,656876,Detroit Tigers,21,5,6.0,0
2026-08-30,656876,San Diego Padres,24,6,6.0,1
2026-08-29,656986,New York Mets,5,0,0.67,0
2026-03-25,657277,New York Yankees,26,7,5.0,1
2026-03-31,657277,San Diego Padres,25,5,6.0,0
2026-04-05,657277,New York Mets,28,3,7.0,1
2026-04-11,657277,Baltimore Orioles,26,6,6.0,0
2026-04-17,657277,Washington Nationals,27,6,6.0,0
2026-04-23,657277,Los Angeles Dodgers,29,5,7.0,1
2026-04-30,657277,Philadelphia Phillies,27,6,7.0,0
2026-05-05,657277,San Diego Padres,20,4,4.0,1
2026-05-29,657277,Colorado Rockies,20,5,4.33,0
2026-06-03,657277,Milwaukee Brewers,23,4,7.0,0
2026-06-08,657277,Washington Nationals,27,7,8.0,1
2026-06-14,657277,Chicago Cubs,30,7,8.0,1
2026-06-21,657277,Miami Marlins,29,5,8.0,0
2026-06-27,657277,Atlanta Braves,24,6,7.0,1
2026-07-03,657277,Colorado Rockies,21,2,3.0,0
2026-07-08,657277,Toronto Blue Jays,30,2,7.0,1
2026-07-18,657277,Seattle Mariners,26,5,6.67,0
2026-07-24,657277,Los Angeles Angels,25,4,6.0,1
2026-07-29,657277,Milwaukee Brewers,23,4,6.0,1
2026-08-03,657277,Texas Rangers,24,8,6.0,0
2026-08-09,657277,Detroit Tigers,28,2,8.0,1
2026-08-15,657277,Colorado Rockies,22,7,6.0,1
2026-08-21,657277,Boston Red Sox,18,2,2.67,0
2026-08-26,657277,Cincinnati Reds,25,6,6.0,1
2026-09-01,657277,Pittsburgh Pirates,18,1,2.0,0
2026-04-04,657514,Philadelphia Phillies,5,0,0.67,1
2026-05-02,657514,Atlanta Braves,5,1,0.67,1
2026-03-26,657746,Baltimore Orioles,19,7,5.33,0
2026-04-01,657746,Kansas City Royals,20,3,4.0,0
2026-04-06,657746,Detroit Tigers,22,7,5.0,1
2026-04-11,657746,Toronto Blue Jays,24,5,7.0,0
2026-04-17,657746,Cincinnati Reds,22,6,6.0,1
2026-04-23,657746,New York Mets,25,5,5.0,0
2026-04-28,657746,Seattle Mariners,23,6,6.0,1
2026-05-03,657746,Toronto Blue Jays,2,1,0.33,1
2026-05-09,657746,Cleveland Guardians,24,5,6.0,0
2026-05-15,657746,Milwaukee Brewers,22,7,6.0,1
2026-05-20,657746,Houston Astros,22,9,6.0,1
2026-05-26,657746,Chicago White Sox,30,9,7.67,0
2026-06-01,657746,Chicago White Sox,27,9,6.0,1
2026-06-06,657746,Kansas City Royals,26,5,6.0,1
2026-06-12,657746,St. Louis Cardinals,24,8,6.0,1
2026-06-18,657746,Texas Rangers,20,7,5.0,0
2026-06-24,657746,Los Angeles Dodgers,27,9,6.0,1
2026-06-30,657746,Houston Astros,21,5,4.0,0
2026-07-05,657746,New York Yankees,24,9,7.0,0
2026-07-11,657746,Los Angeles Angels,26,6,6.0,1
2026-07-20,657746,Cleveland Guardians,22,3,4.0,0
2026-07-29,657746,Kansas City Royals,26,4,6.0,1
2026-08-04,657746,Kansas City Royals,25,3,5.33,0
2026-03-31,660271,Cleveland Guardians,23,6,6.0,1
2026-04-08,660271,Toronto Blue Jays,24,2,6.0,0
2026-04-15,660271,New York Mets,22,10,6.0,1
2026-04-22,660271,San Francisco Giants,23,7,6.0,0
2026-04-28,660271,Miami Marlins,27,9,6.0,1
2026-05-05,660271,Houston Astros,26,8,7.0,0
2026-05-13,660271,San Francisco Giants,26,8,7.0,1
2026-05-20,660271,San Diego Padres,19,4,5.0,0
2026-05-27,660271,Colorado Rockies,23,7,6.0,1
2026-06-03,660271,Arizona Diamondbacks,20,6,6.0,0
2026-06-10,660271,Pittsburgh Pirates,29,6,6.67,0
2026-06-17,660271,Tampa Bay Rays,27,5,6.0,1
2026-06-24,660271,Minnesota Twins,24,8,6.0,0
2026-07-03,660271,San Diego Padres,27,9,6.0,1
2026-07-02,660604,Pittsburgh Pirates,18,4,4.0,1
2026-07-08,660604,Cincinnati Reds,16,5,3.33,0
2026-07-19,660604,New York Mets,23,4,4.0,1
2026-04-10,661563,Tampa Bay Rays,19,2,4.0,0
2026-04-15,661563,Los Angeles Angels,22,5,5.0,1
2026-04-21,661563,Boston Red Sox,24,2,6.33,0
2026-04-26,661563,Houston Astros,20,0,4.0,0
2026-03-31,663372,Toronto Blue Jays,11,4,3.0,0
2026-04-06,663372,Houston Astros,24,1,5.33,1
2026-04-11,663372,San Diego Padres,21,4,4.0,0
2026-04-18,663372,Los Angeles Dodgers,23,5,5.67,1
2026-04-23,663372,San Diego Padres,9,3,2.0,1
2026-05-30,663372,San Francisco Giants,20,2,6.0,1
2026-06-05,663372,Milwaukee Brewers,22,4,6.0,1
2026-06-11,663372,Chicago Cubs,20,3,4.33,1
2026-06-16,663372,Chicago Cubs,23,7,4.67,0
2026-06-22,663372,Boston Red Sox,25,2,6.0,1
2026-06-28,663372,Minnesota Twins,22,0,6.0,0
2026-07-03,663372,San Francisco Giants,24,9,6.0,1
2026-07-09,663372,San Francisco Giants,23,3,4.33,0
2026-07-19,663372,Cincinnati Reds,18,3,2.33,1
2026-07-25,663372,Milwaukee Brewers,23,4,5.0,0
2026-08-01,663372,Kansas City Royals,26,3,6.0,1
2026-08-07,663372,St. Louis Cardinals,24,2,5.33,0
2026-08-12,663372,Arizona Diamondbacks,24,2,5.0,0
2026-08-18,663372,Los Angeles Dodgers,26,3,5.0,1
2026-08-24,663372,Washington Nationals,28,6,5.67,0
2026-09-04,663372,St. Louis Cardinals,24,5,5.0,1
2026-03-30,663436,Miami Marlins,21,6,5.0,0
2026-04-05,663436,Toronto Blue Jays,23,6,6.0,1
2026-04-10,663436,Kansas City Royals,26,3,7.0,0
2026-04-17,663436,Athletics,24,4,7.0,0
2026-04-23,663436,Arizona Diamondbacks,24,7,6.33,0
2026-04-28,663436,Los Angeles Angels,26,7,5.67,1
2026-05-04,663436,Los Angeles Angels,25,10,7.0,0
2026-05-10,663436,Seattle Mariners,23,9,6.0,1
2026-05-16,663436,Chicago Cubs,23,7,6.0,1
2026-05-22,663436,San Francisco Giants,26,7,5.67,0
2026-05-28,663436,Minnesota Twins,22,5,6.0,1
2026-06-02,663436,Minnesota Twins,25,2,4.67,0
2026-06-10,663436,Atlanta Braves,25,6,6.0,1
2026-06-16,663436,New York Yankees,21,4,3.33,0
2026-06-21,663436,Detroit Tigers,24,4,6.0,0
2026-06-27,663436,Kansas City Royals,20,3,5.33,1
2026-07-02,663436,Cleveland Guardians,19,0,3.33,0
2026-07-08,663436,Boston Red Sox,20,2,4.0,1
2026-07-18,663436,Toronto Blue Jays,23,5,5.67,0
2026-07-24,663436,Houston Astros,23,3,5.0,1
2026-07-29,663436,New York Yankees,25,6,6.0,1
2026-08-04,663436,Boston Red Sox,25,1,5.0,0
2026-08-09,663436,Cleveland Guardians,6,1,1.0,1
2026-08-13,663436,Cincinnati Reds,11,3,2.0,1
2026-09-02,663436,Houston Astros,23,3,5.67,0
2026-03-30,663460,Minnesota Twins,22,4,6.0,1
2026-04-05,663460,Milwaukee Brewers,22,8,5.0,1
2026-04-10,663460,Chicago White Sox,24,11,7.0,1
2026-04-16,663460,Detroit Tigers,21,3,4.67,0
2026-04-21,663460,Baltimore Orioles,24,3,6.0,1
2026-04-28,663460,Athletics,24,6,5.0,0
2026-05-03,663460,Seattle Mariners,26,7,7.0,0
2026-05-08,663460,Detroit Tigers,24,5,5.67,1
2026-05-14,663460,Chicago White Sox,20,4,4.0,0
2026-04-24,663542,Washington Nationals,4,1,1.0,1
2026-04-26,663542,Washington Nationals,3,1,1.0,1
2026-05-23,663542,San Francisco Giants,4,1,1.33,0
2026-06-14,663542,Los Angeles Dodgers,4,0,1.0,1
2026-06-18,663542,New York Yankees,6,2,1.67,0
2026-07-11,663542,Athletics,3,0,1.0,1
2026-08-18,663542,Chicago Cubs,5,1,1.0,0
2026-03-31,663554,Arizona Diamondbacks,22,9,6.0,0
2026-04-06,663554,Minnesota Twins,24,4,4.33,0
2026-04-11,663554,Miami Marlins,25,5,5.67,1
2026-04-17,663554,Boston Red Sox,23,7,6.67,0
2026-04-22,663554,Milwaukee Brewers,23,7,6.0,1
2026-04-28,663554,Atlanta Braves,11,3,2.33,0
2026-05-16,663554,Toronto Blue Jays,19,4,6.0,1
2026-05-21,663554,Cleveland Guardians,24,4,6.67,1
2026-05-27,663554,Los Angeles Angels,14,6,4.0,1
2026-06-17,663554,Houston Astros,21,3,4.67,0
2026-06-23,663554,New York Yankees,25,6,5.67,1
2026-06-29,663554,New York Yankees,22,10,7.0,0
2026-07-05,663554,Texas Rangers,27,4,6.67,0
2026-07-11,663554,Philadelphia Phillies,24,5,5.67,1
2026-07-19,663554,Los Angeles Angels,16,5,3.33,0
2026-07-25,663554,Kansas City Royals,21,3,6.0,1
2026-08-05,663554,Arizona Diamondbacks,22,1,3.33,0
2026-08-10,663554,Milwaukee Brewers,24,6,6.0,1
2026-08-16,663554,Cleveland Guardians,21,3,6.0,0
2026-08-22,663554,Minnesota Twins,13,0,2.67,1
2026-08-28,663554,Tampa Bay Rays,25,1,5.0,0
2026-09-02,663554,Cincinnati Reds,18,4,4.0,0
2026-03-31,663556,Milwaukee Brewers,19,4,4.67,0
2026-04-06,663556,Chicago Cubs,17,5,4.0,1
2026-04-14,663556,Chicago White Sox,23,4,5.0,0
2026-04-19,663556,Pittsburgh Pirates,21,5,4.33,0
2026-04-25,663556,Minnesota Twins,21,7,5.0,1
2026-05-01,663556,San Francisco Giants,20,5,6.0,1
2026-05-06,663556,Toronto Blue Jays,20,4,5.67,1
2026-05-12,663556,Toronto Blue Jays,18,7,5.0,0
2026-05-18,663556,Baltimore Orioles,23,6,5.0,1
2026-05-25,663556,Baltimore Orioles,21,3,5.33,0
2026-05-31,663556,Los Angeles Angels,19,3,5.0,1
2026-06-06,663556,Miami Marlins,25,6,5.0,0
2026-06-12,663556,Los Angeles Angels,21,7,4.0,0
2026-06-17,663556,Los Angeles Dodgers,19,3,3.67,0
2026-06-23,663556,Kansas City Royals,25,4,6.0,1
2026-07-01,663556,Kansas City Royals,20,4,6.0,0
2026-07-08,663556,New York Yankees,22,5,6.33,1
2026-07-19,663556,Boston Red Sox,24,3,5.0,0
2026-07-24,663556,Cleveland Guardians,19,3,5.0,1
2026-07-30,663556,Texas Rangers,12,3,3.0,1
2026-08-17,663556,Baltimore Orioles,14,3,3.33,1
2026-08-22,663556,Baltimore Orioles,20,5,5.0,0
2026-08-28,663556,San Diego Padres,23,4,5.67,1
2026-09-03,663556,Texas Rangers,21,3,5.0,0
2026-05-05,663558,Detroit Tigers,8,3,1.0,0
2026-05-12,663558,Philadelphia Phillies,4,2,1.0,1
2026-05-23,663558,Minnesota Twins,6,1,1.0,1
2026-04-17,663567,St. Louis Cardinals,24,8,5.0,1
2026-04-22,663567,Cleveland Guardians,24,8,6.0,0
2026-04-30,663567,Baltimore Orioles,18,3,4.33,0
2026-05-05,663567,Los Angeles Dodgers,27,4,7.0,1
2026-05-11,663567,Seattle Mariners,27,6,7.0,1
2026-05-17,663567,Texas Rangers,24,6,6.0,1
2026-05-24,663567,Chicago Cubs,24,5,5.0,0
2026-05-30,663567,Milwaukee Brewers,22,3,5.0,1
2026-06-05,663567,Athletics,24,4,5.33,1
2026-06-10,663567,Los Angeles Angels,24,6,6.33,0
2026-06-17,663567,Detroit Tigers,24,5,7.0,1
2026-06-23,663567,Toronto Blue Jays,23,6,4.67,0
2026-06-29,663567,Minnesota Twins,25,4,5.67,1
2026-07-05,663567,Tampa Bay Rays,21,6,5.67,1
2026-07-11,663567,Texas Rangers,23,7,6.0,0
2026-07-17,663567,Baltimore Orioles,25,10,6.0,1
2026-07-22,663567,Miami Marlins,26,3,6.0,1
2026-07-28,663567,Los Angeles Angels,24,6,5.0,0
2026-08-02,663567,Texas Rangers,20,8,5.67,1
2026-08-08,663567,San Diego Padres,23,3,5.0,0
2026-08-14,663567,Seattle Mariners,22,6,5.0,1
2026-08-20,663567,Los Angeles Angels,22,3,3.67,1
2026-08-26,663567,New York Yankees,26,5,5.67,0
2026-08-31,663567,Chicago White Sox,24,6,4.67,1
2026-05-05,663568,Cleveland Guardians,22,3,6.0,1
2026-05-12,663568,Chicago White Sox,23,6,4.67,0
2026-05-17,663568,St. Louis Cardinals,24,3,6.33,0
2026-05-23,663568,Seattle Mariners,29,2,9.0,1
2026-05-29,663568,Texas Rangers,23,5,5.0,0
2026-06-03,663568,Cincinnati Reds,28,8,7.0,0
2026-06-09,663568,Texas Rangers,23,3,5.0,1
2026-06-14,663568,Houston Astros,26,4,7.33,1
2026-06-21,663568,St. Louis Cardinals,15,0,1.67,1
2026-07-02,663568,Tampa Bay Rays,11,0,2.0,1
2026-03-29,663623,Chicago Cubs,20,7,5.0,0
2026-04-04,663623,Los Angeles Dodgers,22,4,4.0,1
2026-04-10,663623,Milwaukee Brewers,22,5,5.0,0
2026-04-15,663623,Pittsburgh Pirates,23,5,5.0,0
2026-04-20,663623,Atlanta Braves,19,4,5.0,1
2026-04-25,663623,Chicago White Sox,23,9,5.67,0
2026-05-01,663623,Milwaukee Brewers,25,5,5.0,1
2026-05-07,663623,Minnesota Twins,22,2,5.0,1
2026-05-13,663623,Cincinnati Reds,18,4,3.0,0
2026-05-18,663623,New York Mets,18,6,4.0,1
2026-05-23,663623,Atlanta Braves,16,7,5.0,0
2026-07-30,663623,Atlanta Braves,20,1,5.0,0
2026-08-05,663623,Philadelphia Phillies,20,3,5.33,0
2026-08-11,663623,Chicago Cubs,18,4,3.33,1
2026-08-16,663623,New York Mets,27,6,6.0,0
2026-08-22,663623,Miami Marlins,26,4,6.0,0
2026-08-27,663623,Colorado Rockies,23,6,4.33,1
2026-09-01,663623,Atlanta Braves,18,5,4.0,1
2026-08-07,663738,Chicago Cubs,10,2,1.67,1
2026-08-12,663738,Los Angeles Dodgers,10,3,2.33,0
2026-08-18,663738,Athletics,15,1,4.0,1
2026-08-23,663738,Detroit Tigers,17,2,4.33,1
2026-08-29,663738,Cleveland Guardians,15,3,3.33,0
2026-09-04,663738,Toronto Blue Jays,24,0,5.0,1
2026-07-09,663776,Chicago White Sox,19,5,4.33,0
2026-07-18,663776,Tampa Bay Rays,23,5,5.0,1
2026-07-24,663776,Toronto Blue Jays,22,3,4.67,1
2026-07-29,663776,Athletics,22,7,5.0,0
2026-08-04,663776,Chicago White Sox,23,5,5.0,1
2026-08-11,663776,Toronto Blue Jays,27,4,6.0,0
2026-08-16,663776,Pittsburgh Pirates,24,6,4.0,0
2026-08-22,663776,San Francisco Giants,24,6,5.67,1
2026-08-28,663776,New York Yankees,23,7,5.33,0
2026-09-02,663776,Seattle Mariners,20,2,4.0,1
2026-08-01,663855,Tampa Bay Rays,3,1,1.0,0
2026-08-30,663855,Minnesota Twins,5,1,0.67,0
2026-03-28,663903,Boston Red Sox,20,5,4.0,1
2026-04-03,663903,Texas Rangers,22,5,5.0,0
2026-04-08,663903,Miami Marlins,17,3,2.67,0
2026-04-14,663903,San Francisco Giants,25,1,6.0,1
2026-04-19,663903,Minnesota Twins,26,2,6.0,0
2026-04-25,663903,Detroit Tigers,24,3,5.33,1
2026-05-01,663903,Pittsburgh Pirates,19,1,3.33,0
2026-05-06,663903,Chicago Cubs,25,6,6.0,0
2026-05-12,663903,Washington Nationals,18,2,3.67,1
2026-05-17,663903,Cleveland Guardians,20,6,4.0,0
2026-05-30,663903,Atlanta Braves,22,2,5.0,1
2026-06-05,663903,St. Louis Cardinals,20,6,4.0,0
2026-06-10,663903,San Diego Padres,24,5,6.0,0
2026-06-16,663903,New York Mets,22,5,5.0,1
2026-06-22,663903,Milwaukee Brewers,25,7,7.0,1
2026-06-28,663903,Pittsburgh Pirates,24,6,4.33,0
2026-07-03,663903,Baltimore Orioles,21,6,5.0,1
2026-07-09,663903,Philadelphia Phillies,28,5,7.33,1
2026-07-17,663903,Colorado Rockies,26,6,7.0,0
2026-07-22,663903,Seattle Mariners,26,6,6.67,0
2026-07-29,663903,Cleveland Guardians,25,3,4.33,1
2026-08-04,663903,Athletics,24,6,6.0,1
2026-08-09,663903,Washington Nationals,27,3,6.0,0
2026-08-15,663903,Miami Marlins,27,4,6.0,1
2026-08-20,663903,St. Louis Cardinals,26,3,6.0,1
2026-08-25,663903,San Francisco Giants,28,5,5.67,0
2026-08-31,663903,San Diego Padres,22,5,4.33,1
2026-05-03,663947,Texas Rangers,3,1,0.67,1
2026-05-04,663947,Boston Red Sox,5,1,1.0,1
2026-07-31,663947,Athletics,8,1,2.0,0
2026-05-24,663969,New York Mets,16,4,3.67,1
2026-05-30,663969,New York Mets,21,2,5.0,0
2026-06-11,663969,Arizona Diamondbacks,18,5,5.0,1
2026-06-16,663969,Philadelphia Phillies,21,4,4.0,0
2026-06-22,663969,Texas Rangers,24,4,6.0,1
2026-06-28,663969,St. Louis Cardinals,27,1,7.33,0
2026-07-03,663969,Athletics,18,2,3.33,0
2026-07-08,663969,Seattle Mariners,21,3,5.0,1
2026-07-12,663969,Cleveland Guardians,6,1,1.0,1
2026-07-21,663969,Houston Astros,18,2,4.33,0
2026-07-27,663969,Philadelphia Phillies,20,5,5.0,1
2026-08-01,663969,New York Mets,21,3,5.0,0
2026-08-07,663969,Los Angeles Angels,18,4,4.0,1
2026-08-13,663969,Pittsburgh Pirates,23,6,5.33,1
2026-08-25,663969,Boston Red Sox,20,7,4.67,1
2026-09-01,663969,Kansas City Royals,17,4,5.0,0
2026-03-30,663978,Chicago White Sox,21,6,4.0,1
2026-04-10,663978,Detroit Tigers,25,4,6.0,0
2026-04-15,663978,Atlanta Braves,19,4,4.67,0
2026-04-21,663978,St. Louis Cardinals,24,7,4.67,1
2026-04-27,663978,Los Angeles Dodgers,17,1,4.0,0
2026-05-03,663978,Philadelphia Phillies,18,1,2.67,1
2026-05-16,663978,Cleveland Guardians,23,3,5.0,0
2026-05-23,663978,St. Louis Cardinals,24,5,5.0,1
2026-05-29,663978,Atlanta Braves,22,0,5.0,1
2026-04-05,664126,New York Yankees,7,1,1.0,0
2026-08-07,664141,Detroit Tigers,5,1,1.0,1
2026-09-02,664199,Philadelphia Phillies,6,1,1.67,1
2026-03-27,664285,San Diego Padres,25,5,6.0,0
2026-04-03,664285,St. Louis Cardinals,24,5,6.0,1
2026-04-08,664285,Minnesota Twins,29,2,5.0,0
2026-04-14,664285,Kansas City Royals,26,1,7.0,1
2026-04-19,664285,Boston Red Sox,23,7,6.0,0
2026-04-24,664285,Cincinnati Reds,21,4,4.33,0
2026-04-30,664285,Atlanta Braves,25,8,6.0,0
2026-05-05,664285,Boston Red Sox,22,3,3.0,1
2026-05-13,664285,New York Mets,28,7,6.67,0
2026-05-18,664285,Cleveland Guardians,23,3,5.0,1
2026-05-24,664285,Baltimore Orioles,22,5,6.0,0
2026-05-30,664285,Chicago White Sox,27,4,6.67,0
2026-06-05,664285,Seattle Mariners,22,5,5.0,1
2026-06-10,664285,Minnesota Twins,23,2,5.0,1
2026-06-16,664285,Houston Astros,27,6,6.0,0
2026-06-22,664285,New York Yankees,24,8,6.0,1
2026-06-27,664285,Houston Astros,26,2,6.0,1
2026-07-02,664285,Texas Rangers,26,1,5.0,0
2026-07-09,664285,Athletics,26,9,7.0,1
2026-07-21,664285,Chicago Cubs,10,1,0.67,0
2026-07-26,664285,Kansas City Royals,24,4,5.0,1
2026-08-01,664285,Athletics,30,6,7.0,0
2026-08-06,664285,Seattle Mariners,25,5,7.0,0
2026-08-12,664285,Cleveland Guardians,29,3,5.67,1
2026-08-17,664285,Pittsburgh Pirates,26,5,5.67,0
2026-08-24,664285,Tampa Bay Rays,26,0,6.0,1
2026-08-30,664285,Los Angeles Dodgers,25,5,6.0,1
2026-03-28,664299,Los Angeles Angels,21,1,4.67,1
2026-04-03,664299,Athletics,21,2,3.67,0
2026-04-08,664299,Colorado Rockies,6,1,1.0,0
2026-07-12,664299,Texas Rangers,16,4,3.0,0
2026-08-03,664299,Toronto Blue Jays,24,2,6.0,1
2026-08-09,664299,San Diego Padres,24,2,5.0,0
2026-08-18,664299,Los Angeles Angels,18,5,4.0,1
2026-08-23,664299,Athletics,18,8,4.0,1
2026-09-04,664299,Arizona Diamondbacks,19,8,5.0,1
2026-04-13,665152,Arizona Diamondbacks,21,9,5.0,1
2026-04-18,665152,Cleveland Guardians,22,7,6.0,0
2026-07-01,665152,Chicago White Sox,22,4,6.0,1
2026-07-08,665152,Chicago Cubs,21,4,5.0,1
2026-07-17,665152,Houston Astros,17,5,4.0,0
2026-07-22,665152,Boston Red Sox,27,5,6.0,0
2026-07-28,665152,Detroit Tigers,23,4,4.0,0
2026-08-05,665152,Kansas City Royals,19,2,5.0,0
2026-08-10,665152,Baltimore Orioles,22,7,7.0,1
2026-08-16,665152,Philadelphia Phillies,23,6,5.33,1
2026-08-22,665152,San Diego Padres,22,5,5.33,0
2026-08-28,665152,Chicago White Sox,21,3,4.0,1
2026-09-02,665152,Detroit Tigers,20,5,4.0,1
2026-05-24,665622,San Diego Padres,5,1,1.33,0
2026-03-30,665795,Los Angeles Angels,19,5,6.0,1
2026-04-05,665795,Cleveland Guardians,22,4,5.67,0
2026-04-11,665795,Pittsburgh Pirates,25,4,5.0,1
2026-04-17,665795,New York Mets,25,4,6.0,1
2026-04-23,665795,Philadelphia Phillies,28,5,7.0,1
2026-04-28,665795,San Diego Padres,25,7,5.67,0
2026-05-04,665795,Cincinnati Reds,27,8,6.0,1
2026-05-09,665795,Texas Rangers,21,6,5.0,0
2026-05-15,665795,Chicago White Sox,19,2,4.67,0
2026-05-20,665795,Milwaukee Brewers,16,2,3.0,1
2026-06-05,665795,San Francisco Giants,20,6,3.67,1
2026-06-11,665795,Colorado Rockies,22,5,5.33,0
2026-06-16,665795,Colorado Rockies,18,3,4.33,1
2026-06-23,665795,New York Mets,22,4,5.0,0
2026-08-16,665795,St. Louis Cardinals,20,2,3.67,1
2026-04-07,665871,Tampa Bay Rays,19,3,5.67,0
2026-04-13,665871,Philadelphia Phillies,26,3,4.33,0
2026-04-19,665871,New York Mets,20,3,5.67,1
2026-06-12,665871,San Francisco Giants,21,5,6.0,0
2026-06-17,665871,Colorado Rockies,22,1,5.67,1
2026-06-24,665871,New York Mets,21,5,5.0,0
2026-07-05,665871,St. Louis Cardinals,17,2,4.67,1
2026-07-11,665871,Cincinnati Reds,20,4,5.0,0
2026-07-30,665871,St. Louis Cardinals,20,6,4.33,0
2026-08-04,665871,Los Angeles Dodgers,21,3,5.67,1
2026-03-27,666142,Atlanta Braves,21,5,4.0,0
2026-04-02,666142,Minnesota Twins,20,8,6.0,1
2026-04-08,666142,Cleveland Guardians,5,2,0.67,0
2026-04-14,666142,Detroit Tigers,21,1,6.0,0
2026-04-19,666142,New York Yankees,25,6,4.33,0
2026-04-25,666142,Los Angeles Angels,23,11,6.0,1
2026-05-01,666142,Seattle Mariners,23,8,5.33,0
2026-05-06,666142,Cleveland Guardians,13,4,3.0,1
2026-05-08,666157,Houston Astros,21,2,5.33,1
2026-05-13,666157,Washington Nationals,22,6,4.0,1
2026-05-18,666157,Philadelphia Phillies,24,3,5.67,0
2026-05-25,666157,New York Mets,25,7,6.0,0
2026-05-31,666157,Atlanta Braves,28,4,6.67,1
2026-06-06,666157,St. Louis Cardinals,25,3,5.0,0
2026-06-12,666157,Arizona Diamondbacks,26,5,5.33,1
2026-06-17,666157,New York Mets,25,2,4.67,1
2026-06-23,666157,Milwaukee Brewers,15,6,4.0,1
2026-06-29,666157,Milwaukee Brewers,20,4,5.0,0
2026-07-05,666157,Baltimore Orioles,26,4,6.0,1
2026-07-11,666157,Chicago Cubs,22,4,5.0,1
2026-08-11,666157,Chicago White Sox,18,5,4.0,0
2026-08-16,666157,Miami Marlins,19,2,5.0,1
2026-08-21,666157,Arizona Diamondbacks,22,2,3.33,0
2026-08-26,666157,San Francisco Giants,21,5,4.0,0
2026-09-01,666157,San Diego Padres,24,5,6.0,1
2026-03-29,666200,Texas Rangers,25,7,6.0,1
2026-04-04,666200,Colorado Rockies,24,11,6.67,0
2026-04-10,666200,Arizona Diamondbacks,22,8,4.67,1
2026-04-15,666200,Chicago Cubs,27,4,5.33,1
2026-04-21,666200,Chicago Cubs,24,3,4.67,0
2026-04-28,666200,San Francisco Giants,23,8,7.0,1
2026-05-03,666200,Miami Marlins,27,10,6.33,0
2026-05-08,666200,Colorado Rockies,18,6,3.0,1
2026-05-14,666200,Boston Red Sox,23,4,6.0,0
2026-05-19,666200,Cincinnati Reds,23,5,6.0,1
2026-05-25,666200,San Diego Padres,24,6,6.0,0
2026-05-30,666200,Los Angeles Dodgers,25,6,5.33,0
2026-06-05,666200,Chicago White Sox,27,2,6.0,1
2026-06-10,666200,Toronto Blue Jays,24,8,5.67,0
2026-06-16,666200,Miami Marlins,28,9,7.0,1
2026-06-23,666200,Washington Nationals,28,13,6.67,0
2026-06-28,666200,New York Mets,22,6,5.0,0
2026-07-04,666200,Kansas City Royals,23,9,6.0,0
2026-07-09,666200,Cincinnati Reds,26,11,7.0,0
2026-07-18,666200,New York Mets,20,7,5.0,1
2026-07-24,666200,New York Yankees,26,9,7.0,1
2026-07-29,666200,Miami Marlins,28,5,6.33,0
2026-08-04,666200,Washington Nationals,29,7,8.0,1
2026-08-09,666200,Toronto Blue Jays,27,12,7.0,1
2026-08-15,666200,Minnesota Twins,28,9,6.67,0
2026-08-21,666200,St. Louis Cardinals,24,9,5.67,1
2026-08-26,666200,Seattle Mariners,25,9,7.0,0
2026-09-01,666200,Arizona Diamondbacks,27,6,6.67,0
2026-05-31,667463,New York Mets,7,2,1.67,0
2026-03-26,667755,Houston Astros,24,7,6.0,0
2026-03-31,667755,Chicago Cubs,21,4,6.0,0
2026-04-06,667755,Atlanta Braves,26,10,8.0,1
2026-04-12,667755,Cincinnati Reds,26,10,7.0,0
2026-04-17,667755,San Diego Padres,23,8,5.67,1
2026-04-22,667755,Toronto Blue Jays,20,4,5.0,1
2026-04-28,667755,Chicago White Sox,23,6,5.0,0
2026-05-04,667755,Chicago White Sox,23,5,4.0,1
2026-05-10,667755,Toronto Blue Jays,29,7,7.67,0
2026-05-16,667755,Los Angeles Dodgers,24,6,5.33,1
2026-05-21,667755,Athletics,26,7,6.67,1
2026-05-27,667755,Detroit Tigers,24,4,5.0,0
2026-06-01,667755,Colorado Rockies,25,7,4.67,1
2026-06-07,667755,Los Angeles Dodgers,27,2,6.0,0
2026-06-13,667755,Tampa Bay Rays,19,5,5.0,1
2026-06-19,667755,Athletics,24,6,5.0,0
2026-06-24,667755,Baltimore Orioles,17,4,3.0,1
2026-06-30,667755,Seattle Mariners,22,9,5.0,0
2026-07-07,667755,Texas Rangers,23,4,6.0,0
2026-07-12,667755,Minnesota Twins,20,0,5.0,0
2026-07-20,667755,St. Louis Cardinals,25,7,7.0,1
2026-07-26,667755,San Francisco Giants,20,5,5.0,0
2026-08-07,667755,Philadelphia Phillies,20,3,4.67,0
2026-08-12,667755,Boston Red Sox,22,4,6.0,1
2026-08-18,667755,Tampa Bay Rays,25,2,5.67,0
2026-08-23,667755,New York Yankees,25,7,5.0,0
2026-08-29,667755,Seattle Mariners,27,6,7.0,1
2026-09-03,667755,Cleveland Guardians,24,2,4.67,0
2026-07-30,668390,Tampa Bay Rays,3,0,1.0,0
2026-03-26,668678,Los Angeles Dodgers,19,2,4.0,0
2026-04-01,668678,Detroit Tigers,21,2,6.0,1
2026-04-07,668678,New York Mets,23,5,5.0,0
2026-04-12,668678,Philadelphia Phillies,22,2,5.0,0
2026-04-18,668678,Toronto Blue Jays,25,3,5.67,1
2026-04-25,668678,San Diego Padres,10,3,3.0,1
2026-05-01,668678,Chicago Cubs,21,3,3.67,0
2026-05-07,668678,Pittsburgh Pirates,28,5,6.0,1
2026-05-12,668678,Texas Rangers,24,4,4.67,0
2026-05-18,668678,San Francisco Giants,23,5,6.0,1
2026-05-23,668678,Colorado Rockies,24,6,5.33,1
2026-05-29,668678,Seattle Mariners,21,2,5.0,0
2026-06-03,668678,Los Angeles Dodgers,25,1,5.0,1
2026-06-09,668678,Miami Marlins,26,3,5.33,0
2026-06-14,668678,Cincinnati Reds,25,4,6.0,0
2026-06-20,668678,Minnesota Twins,26,2,4.0,1
2026-06-26,668678,Tampa Bay Rays,27,0,6.67,0
2026-07-01,668678,San Francisco Giants,24,4,5.67,1
2026-07-07,668678,San Diego Padres,26,5,6.0,0
2026-07-04,668881,Baltimore Orioles,20,7,3.33,1
2026-07-10,668881,Chicago Cubs,25,12,7.0,1
2026-07-19,668881,Colorado Rockies,23,7,6.0,0
2026-07-25,668881,St. Louis Cardinals,26,3,5.33,0
2026-07-31,668881,Pittsburgh Pirates,27,4,6.0,1
2026-03-27,668909,Seattle Mariners,22,7,5.0,0
2026-04-01,668909,Los Angeles Dodgers,23,10,7.0,0
2026-04-07,668909,Kansas City Royals,22,8,5.67,1
2026-04-13,668909,St. Louis Cardinals,22,4,5.0,0
2026-04-18,668909,Baltimore Orioles,26,11,7.0,1
2026-04-24,668909,Toronto Blue Jays,27,4,6.0,0
2026-04-29,668909,Tampa Bay Rays,29,9,7.67,1
2026-05-05,668909,Kansas City Royals,27,7,6.0,0
2026-05-10,668909,Minnesota Twins,27,6,6.0,1
2026-05-17,668909,Cincinnati Reds,25,7,6.0,1
2026-05-22,668909,Philadelphia Phillies,27,11,8.0,0
2026-05-27,668909,Washington Nationals,26,4,7.0,1
2026-06-03,668909,New York Yankees,21,6,5.33,0
2026-06-08,668909,New York Yankees,21,5,5.0,1
2026-06-17,668909,Milwaukee Brewers,24,4,5.0,0
2026-06-22,668909,Chicago White Sox,20,8,5.0,0
2026-06-28,668909,Seattle Mariners,25,6,5.0,1
2026-07-03,668909,Chicago White Sox,20,6,4.67,1
2026-07-09,668909,Minnesota Twins,26,11,7.0,0
2026-07-18,668909,Pittsburgh Pirates,25,11,6.0,1
2026-07-23,668909,Minnesota Twins,23,11,7.0,1
2026-07-28,668909,Cincinnati Reds,24,12,7.0,0
2026-08-02,668909,Arizona Diamondbacks,19,10,5.67,1
2026-08-08,668909,Chicago White Sox,22,7,5.67,0
2026-08-14,668909,San Diego Padres,24,5,4.33,1
2026-08-20,668909,San Francisco Giants,24,11,5.67,1
2026-08-25,668909,Los Angeles Angels,11,3,1.33,0
2026-09-01,668909,Toronto Blue Jays,25,13,7.0,1
2026-04-19,668964,Chicago Cubs,7,2,2.0,0
2026-05-22,668964,Miami Marlins,6,0,1.33,0
2026-06-15,668964,Cincinnati Reds,11,1,1.33,0
2026-06-14,668984,Los Angeles Angels,7,1,1.67,0
2026-06-25,668984,Kansas City Royals,4,0,1.33,1
2026-07-23,668984,Toronto Blue Jays,9,2,2.0,0
2026-07-29,668984,Texas Rangers,6,0,1.67,1
2026-08-08,668984,Seattle Mariners,5,1,1.33,0
2026-08-25,668984,Detroit Tigers,8,2,2.33,0
2026-06-14,669020,San Francisco Giants,4,0,1.33,0
2026-06-28,669020,Milwaukee Brewers,7,2,2.0,0
2026-03-29,669022,Philadelphia Phillies,22,7,5.33,0
2026-04-03,669022,Cincinnati Reds,24,9,6.0,1
2026-04-08,669022,Seattle Mariners,17,9,5.0,1
2026-04-14,669022,Athletics,22,5,4.67,0
2026-04-19,669022,Seattle Mariners,23,5,5.0,0
2026-04-25,669022,Athletics,25,7,5.0,1
2026-05-01,669022,Detroit Tigers,18,3,3.67,0
2026-05-07,669022,New York Yankees,25,3,5.33,0
2026-05-12,669022,Arizona Diamondbacks,28,5,8.0,1
2026-05-18,669022,Colorado Rockies,8,2,1.0,0
2026-05-24,669022,Los Angeles Angels,21,7,6.0,0
2026-05-29,669022,Kansas City Royals,24,3,6.33,1
2026-06-03,669022,St. Louis Cardinals,26,5,4.67,0
2026-06-10,669022,Kansas City Royals,26,6,5.0,0
2026-06-15,669022,Minnesota Twins,27,10,7.0,1
2026-06-20,669022,San Diego Padres,23,6,6.0,1
2026-06-25,669022,Toronto Blue Jays,25,5,7.0,0
2026-07-01,669022,Cleveland Guardians,24,7,5.0,0
2026-07-08,669022,Los Angeles Angels,25,7,5.0,1
2026-07-12,669022,Houston Astros,15,4,4.0,1
2026-07-18,669022,Atlanta Braves,27,7,5.67,0
2026-07-24,669022,Seattle Mariners,23,5,5.0,1
2026-07-29,669022,Tampa Bay Rays,25,9,7.0,0
2026-08-04,669022,San Francisco Giants,24,4,6.0,1
2026-08-10,669022,Los Angeles Angels,23,9,5.33,0
2026-08-15,669022,Athletics,27,5,5.67,0
2026-08-21,669022,Los Angeles Angels,22,7,6.0,1
2026-08-26,669022,Chicago White Sox,20,4,3.67,0
2026-09-01,669022,Athletics,25,4,5.33,1
2026-08-09,669062,Athletics,5,2,1.0,1
2026-04-22,669084,Detroit Tigers,7,2,2.0,0
2026-07-10,669165,Arizona Diamondbacks,9,1,1.67,1
2026-03-27,669194,Los Angeles Dodgers,19,4,4.67,0
2026-04-02,669194,Atlanta Braves,21,3,4.67,1
2026-04-08,669194,New York Mets,24,5,5.67,0
2026-04-13,669194,Baltimore Orioles,22,7,5.33,0
2026-04-19,669194,Toronto Blue Jays,10,1,0.33,1
2026-04-26,669194,San Diego Padres,24,4,5.0,1
2026-05-02,669194,Chicago Cubs,23,4,5.67,0
2026-05-08,669194,New York Mets,23,7,6.67,1
2026-05-13,669194,Texas Rangers,26,8,7.0,0
2026-05-19,669194,San Francisco Giants,31,3,7.0,1
2026-05-24,669194,Colorado Rockies,31,3,8.0,1
2026-05-30,669194,Seattle Mariners,24,3,5.33,0
2026-06-04,669194,Los Angeles Dodgers,26,3,7.0,1
2026-06-10,669194,Miami Marlins,22,2,4.0,0
2026-06-15,669194,Los Angeles Angels,29,5,7.0,1
2026-06-02,669199,Washington Nationals,9,3,2.67,0
2026-06-06,669199,Tampa Bay Rays,9,3,3.0,1
2026-06-13,669199,Pittsburgh Pirates,9,4,2.0,0
2026-06-19,669199,San Francisco Giants,9,1,1.33,1
2026-08-16,669199,Boston Red Sox,11,4,3.0,1
2026-08-23,669199,Los Angeles Dodgers,9,1,2.0,0
2026-08-29,669199,St. Louis Cardinals,8,2,2.33,0
2026-09-03,669199,San Francisco Giants,9,3,2.33,1
2026-05-10,669211,Athletics,3,2,1.0,1
2026-05-22,669211,Detroit Tigers,4,2,1.0,1
2026-03-26,669302,Cleveland Guardians,21,7,5.33,1
2026-03-31,669302,New York Yankees,23,6,5.33,1
2026-04-06,669302,Texas Rangers,23,5,6.0,0
2026-04-12,669302,Houston Astros,24,7,7.0,1
2026-04-17,669302,Texas Rangers,24,7,5.33,1
2026-04-22,669302,Athletics,21,3,4.0,1
2026-04-28,669302,Minnesota Twins,24,4,5.0,0
2026-05-04,669302,Atlanta Braves,25,4,6.0,1
2026-05-10,669302,Chicago White Sox,19,9,6.0,0
2026-05-16,669302,San Diego Padres,27,5,6.67,1
2026-05-22,669302,Kansas City Royals,21,6,5.67,0
2026-05-27,669302,Athletics,24,6,6.0,0
2026-06-02,669302,New York Mets,22,8,5.33,1
2026-06-09,669302,Baltimore Orioles,23,5,6.0,0
2026-06-16,669302,Baltimore Orioles,25,10,7.0,1
2026-06-21,669302,Boston Red Sox,22,8,6.33,1
2026-06-27,669302,Cleveland Guardians,28,7,7.0,0
2026-07-04,669302,Toronto Blue Jays,23,7,7.33,1
2026-07-11,669302,Tampa Bay Rays,30,5,6.67,0
2026-07-19,669302,San Francisco Giants,23,10,6.0,1
2026-07-26,669302,Texas Rangers,24,4,5.67,0
2026-08-01,669302,Minnesota Twins,26,6,7.0,1
2026-08-07,669302,Tampa Bay Rays,27,6,6.67,1
2026-08-13,669302,New York Yankees,22,7,6.0,0
2026-08-19,669302,Milwaukee Brewers,23,5,5.0,0
2026-08-24,669302,Philadelphia Phillies,22,5,5.0,1
2026-08-30,669302,Toronto Blue Jays,22,4,5.0,0
2026-09-04,669302,Athletics,23,10,4.67,1
2026-03-29,669358,Minnesota Twins,21,4,5.33,1
2026-04-04,669358,Pittsburgh Pirates,25,5,5.67,0
2026-04-10,669358,San Francisco Giants,25,4,5.0,1
2026-04-16,669358,Cleveland Guardians,26,6,6.0,0
2026-04-21,669358,Kansas City Royals,29,4,6.33,0
2026-04-28,669358,Houston Astros,24,6,5.67,1
2026-05-04,669358,New York Yankees,26,4,5.67,0
2026-05-09,669358,Athletics,22,5,4.67,1
2026-05-15,669358,Washington Nationals,30,4,7.0,0
2026-05-20,669358,Tampa Bay Rays,22,6,6.0,0
2026-05-26,669358,Tampa Bay Rays,29,9,7.0,1
2026-06-02,669358,Boston Red Sox,26,6,7.0,0
2026-06-07,669358,Toronto Blue Jays,26,3,5.67,0
2026-06-12,669358,San Diego Padres,24,1,5.0,1
2026-06-18,669358,Seattle Mariners,28,9,7.0,0
2026-06-23,669358,Los Angeles Angels,24,5,5.0,0
2026-06-29,669358,Chicago White Sox,27,6,7.0,1
2026-07-07,669358,Chicago Cubs,26,3,6.0,1
2026-07-12,669358,Kansas City Royals,22,9,4.67,1
2026-07-20,669358,Boston Red Sox,25,6,6.0,0
2026-07-26,669358,Atlanta Braves,19,2,4.33,1
2026-08-01,669358,Philadelphia Phillies,25,4,6.33,1
2026-08-07,669358,Texas Rangers,28,9,8.0,0
2026-08-12,669358,Minnesota Twins,19,2,3.0,0
2026-08-18,669358,New York Yankees,25,10,6.33,1
2026-08-23,669358,Tampa Bay Rays,22,3,5.67,1
2026-08-29,669358,Athletics,24,4,5.67,0
2026-09-04,669358,Boston Red Sox,26,6,6.33,1
2026-04-10,669372,New York Mets,14,4,4.0,0
2026-04-15,669372,Texas Rangers,21,3,5.33,1
2026-04-20,669372,Seattle Mariners,23,6,5.33,0
2026-04-26,669372,Texas Rangers,14,2,3.33,0
2026-05-01,669372,Cleveland Guardians,23,4,4.33,1
2026-05-07,669372,Philadelphia Phillies,27,8,8.0,0
2026-05-13,669372,St. Louis Cardinals,25,3,6.0,1
2026-05-18,669372,Los Angeles Angels,28,10,8.0,0
2026-05-23,669372,San Diego Padres,14,4,2.33,0
2026-05-30,669372,New York Yankees,24,4,6.0,1
2026-06-04,669372,Chicago Cubs,21,8,6.0,0
2026-06-09,669372,Milwaukee Brewers,28,5,5.67,1
2026-06-15,669372,Pittsburgh Pirates,26,3,6.0,1
2026-06-20,669372,Los Angeles Angels,26,5,5.33,1
2026-06-26,669372,Los Angeles Angels,26,5,6.0,0
2026-07-01,669372,Los Angeles Dodgers,25,4,6.0,1
2026-07-07,669372,Detroit Tigers,18,4,4.0,0
2026-07-12,669372,Chicago White Sox,23,7,4.33,0
2026-07-18,669372,Washington Nationals,23,7,6.33,1
2026-08-04,669372,Cincinnati Reds,24,5,6.0,0
2026-08-09,669372,Boston Red Sox,27,2,6.0,0
2026-08-15,669372,Texas Rangers,25,7,6.0,1
2026-08-21,669372,Houston Astros,22,4,5.0,0
2026-08-26,669372,Minnesota Twins,25,3,6.0,1
2026-03-26,669373,San Diego Padres,22,6,6.0,0
2026-04-01,669373,Arizona Diamondbacks,25,3,7.0,0
2026-04-07,669373,Minnesota Twins,24,7,4.67,0
2026-04-12,669373,Miami Marlins,24,7,6.67,1
2026-04-18,669373,Boston Red Sox,23,10,6.0,0
2026-04-23,669373,Milwaukee Brewers,24,5,6.0,1
2026-04-29,669373,Atlanta Braves,24,7,7.0,0
2026-06-13,669373,Cleveland Guardians,21,4,4.67,0
2026-06-19,669373,Chicago White Sox,25,8,5.67,1
2026-06-24,669373,New York Yankees,22,9,6.0,1
2026-06-30,669373,New York Yankees,20,9,6.0,0
2026-07-07,669373,Athletics,22,9,5.0,1
2026-07-12,669373,Philadelphia Phillies,21,5,5.0,1
2026-07-18,669373,Los Angeles Angels,24,9,7.0,0
2026-07-24,669373,Kansas City Royals,28,12,7.33,1
2026-07-29,669373,Baltimore Orioles,25,6,6.67,1
2026-08-04,669373,Chicago Cubs,24,6,6.0,0
2026-08-10,669373,Kansas City Royals,21,6,5.0,1
2026-08-16,669373,Milwaukee Brewers,27,7,6.0,1
2026-08-22,669373,Pittsburgh Pirates,27,11,7.0,1
2026-08-28,669373,Detroit Tigers,22,7,6.0,0
2026-09-03,669373,St. Louis Cardinals,26,6,5.67,1
2026-03-29,669387,New York Mets,20,8,4.33,0
2026-04-04,669387,Baltimore Orioles,21,5,4.67,1
2026-04-10,669387,Chicago Cubs,23,2,5.33,0
2026-04-21,669387,Texas Rangers,21,6,4.33,0
2026-04-26,669387,Milwaukee Brewers,18,4,3.67,0
2026-05-02,669387,Cincinnati Reds,28,10,5.67,1
2026-05-08,669387,San Francisco Giants,23,1,6.0,0
2026-05-20,669387,St. Louis Cardinals,19,1,5.0,0
2026-05-25,669387,Chicago Cubs,22,2,5.0,1
2026-08-07,669387,New York Mets,16,1,3.0,1
2026-08-12,669387,Miami Marlins,15,1,2.33,0
2026-08-17,669387,Detroit Tigers,18,3,3.0,1
2026-03-26,669432,Minnesota Twins,27,5,7.0,1
2026-04-01,669432,Texas Rangers,24,3,6.0,1
2026-04-07,669432,Chicago White Sox,25,6,6.0,0
2026-04-14,669432,Arizona Diamondbacks,22,6,4.67,1
2026-04-19,669432,Cleveland Guardians,24,5,5.0,0
2026-04-25,669432,Boston Red Sox,11,2,1.67,1
2026-05-12,669432,New York Yankees,21,3,4.0,1
2026-05-18,669432,Tampa Bay Rays,22,3,3.67,0
2026-05-24,669432,Detroit Tigers,20,2,4.67,1
2026-05-29,669432,Toronto Blue Jays,24,3,6.0,1
2026-06-04,669432,Boston Red Sox,22,3,5.67,0
2026-06-09,669432,Seattle Mariners,24,3,5.67,1
2026-06-14,669432,San Diego Padres,24,4,6.0,1
2026-06-20,669432,Los Angeles Dodgers,23,6,7.0,0
2026-06-26,669432,Washington Nationals,24,7,6.33,1
2026-07-03,669432,Cincinnati Reds,22,4,5.0,0
2026-07-09,669432,Chicago Cubs,23,4,6.0,1
2026-07-18,669432,Houston Astros,27,8,6.33,0
2026-07-24,669432,Atlanta Braves,26,6,7.0,1
2026-07-29,669432,Detroit Tigers,28,6,6.0,0
2026-08-05,669432,Los Angeles Angels,21,9,6.0,1
2026-08-10,669432,Minnesota Twins,19,4,4.0,0
2026-08-16,669432,Tampa Bay Rays,26,6,6.0,0
2026-08-21,669432,Tampa Bay Rays,27,6,7.0,1
2026-08-27,669432,St. Louis Cardinals,23,7,5.0,0
2026-09-02,669432,Colorado Rockies,24,11,6.67,0
2026-04-07,669438,Chicago Cubs,19,2,3.67,1
2026-07-05,669438,Houston Astros,24,9,5.67,0
2026-07-17,669438,Boston Red Sox,23,4,5.0,0
2026-06-23,669456,Houston Astros,19,2,3.67,1
2026-06-28,669456,Texas Rangers,24,4,5.33,1
2026-07-04,669456,Seattle Mariners,21,3,4.0,0
2026-07-10,669456,San Diego Padres,22,4,4.67,0
2026-07-18,669456,Chicago White Sox,22,6,6.0,1
2026-07-23,669456,Tampa Bay Rays,24,3,7.0,1
2026-07-28,669456,Washington Nationals,9,0,0.67,0
2026-08-03,669456,Houston Astros,28,6,5.67,0
2026-08-09,669456,Philadelphia Phillies,26,4,5.67,0
2026-08-14,669456,New York Yankees,22,5,6.0,1
2026-08-20,669456,Tampa Bay Rays,25,7,7.0,0
2026-03-26,669461,Tampa Bay Rays,24,2,5.0,1
2026-04-01,669461,New York Mets,22,2,6.0,1
2026-04-07,669461,Washington Nationals,25,6,5.0,0
2026-04-13,669461,Cleveland Guardians,23,2,5.0,1
2026-04-19,669461,Houston Astros,23,4,6.0,0
2026-04-25,669461,Seattle Mariners,18,3,3.33,1
2026-05-01,669461,Los Angeles Dodgers,23,4,5.67,1
2026-05-07,669461,San Diego Padres,21,6,6.0,0
2026-05-13,669461,Athletics,24,5,5.0,0
2026-05-19,669461,Pittsburgh Pirates,23,9,4.67,1
2026-05-25,669461,Milwaukee Brewers,22,10,5.0,0
2026-05-31,669461,Chicago Cubs,20,4,5.33,1
2026-06-06,669461,Cincinnati Reds,21,4,4.33,1
2026-06-13,669461,Minnesota Twins,18,4,4.33,0
2026-06-18,669461,Kansas City Royals,13,2,1.67,0
2026-06-24,669461,Arizona Diamondbacks,26,3,5.33,1
2026-06-30,669461,Atlanta Braves,21,9,5.0,0
2026-07-05,669461,Chicago Cubs,23,3,5.0,0
2026-07-11,669461,Atlanta Braves,22,6,6.0,1
2026-07-21,669461,Los Angeles Angels,25,7,5.33,0
2026-07-27,669461,Chicago Cubs,19,5,3.67,1
2026-08-02,669461,Toronto Blue Jays,20,7,6.0,0
2026-08-08,669461,Colorado Rockies,24,3,5.0,1
2026-08-14,669461,Chicago Cubs,19,6,5.33,0
2026-08-19,669461,Cincinnati Reds,22,9,6.0,0
2026-08-25,669461,Baltimore Orioles,22,7,4.0,1
2026-08-30,669461,Pittsburgh Pirates,26,9,5.67,1
2026-03-31,669467,New York Mets,21,3,5.0,1
2026-04-06,669467,Washington Nationals,22,2,5.0,0
2026-04-12,669467,Boston Red Sox,27,2,5.0,1
2026-04-18,669467,Houston Astros,21,5,5.0,0
2026-04-24,669467,Seattle Mariners,23,8,5.33,1
2026-04-29,669467,Pittsburgh Pirates,24,6,6.0,0
2026-05-06,669467,Milwaukee Brewers,27,3,6.0,1
2026-05-12,669467,Athletics,21,4,5.0,0
2026-05-17,669467,Kansas City Royals,27,7,6.67,1
2026-05-23,669467,Cincinnati Reds,20,3,6.0,0
2026-05-29,669467,Chicago Cubs,18,3,3.0,1
2026-06-03,669467,Texas Rangers,23,5,5.67,1
2026-06-10,669467,New York Mets,24,5,6.0,0
2026-06-16,669467,San Diego Padres,24,6,7.0,1
2026-06-22,669467,Arizona Diamondbacks,24,2,6.0,1
2026-06-27,669467,Miami Marlins,28,4,6.67,1
2026-07-03,669467,Chicago Cubs,24,2,5.67,0
2026-07-09,669467,Milwaukee Brewers,25,2,5.0,1
2026-07-19,669467,Arizona Diamondbacks,22,3,5.33,0
2026-07-25,669467,Cincinnati Reds,24,8,7.0,1
2026-07-30,669467,Chicago Cubs,27,3,6.33,1
2026-08-05,669467,New York Yankees,21,4,5.33,0
2026-08-11,669467,Philadelphia Phillies,22,2,6.0,1
2026-08-17,669467,Cincinnati Reds,25,5,6.0,0
2026-09-04,669467,Colorado Rockies,20,1,5.0,0
2026-07-25,669620,Minnesota Twins,10,3,2.33,0
2026-08-18,669620,Kansas City Royals,9,1,2.33,0
2026-08-23,669620,Houston Astros,7,0,1.0,0
2026-09-01,669620,Texas Rangers,11,2,2.33,0
2026-06-24,669684,Cleveland Guardians,4,2,1.33,1
2026-07-05,669684,Cleveland Guardians,6,1,0.67,0
2026-07-29,669713,Los Angeles Angels,25,4,5.67,0
2026-08-04,669713,Toronto Blue Jays,23,4,6.0,1
2026-08-10,669713,San Francisco Giants,27,4,7.0,0
2026-08-15,669713,Seattle Mariners,20,6,4.0,1
2026-08-21,669713,Athletics,18,4,5.0,1
2026-08-27,669713,New York Yankees,20,6,5.0,0
2026-09-02,669713,Chicago White Sox,25,5,7.0,1
2026-05-10,669724,Kansas City Royals,4,0,0.67,0
2026-05-15,669724,Toronto Blue Jays,4,1,1.0,1
2026-07-20,669854,Miami Marlins,19,8,4.67,1
2026-07-26,669854,Chicago White Sox,22,4,5.33,0
2026-08-01,669854,Texas Rangers,21,4,4.67,1
2026-08-07,669854,San Diego Padres,19,1,4.67,0
2026-09-01,669854,Chicago White Sox,17,3,4.0,1
2026-03-27,669923,Cleveland Guardians,22,6,6.0,1
2026-04-01,669923,New York Yankees,24,6,6.0,1
2026-04-07,669923,Texas Rangers,28,4,8.0,0
2026-04-13,669923,Houston Astros,29,6,7.67,1
2026-04-18,669923,Texas Rangers,26,5,5.67,1
2026-04-24,669923,St. Louis Cardinals,24,2,6.0,0
2026-04-29,669923,Minnesota Twins,25,5,5.67,0
2026-05-05,669923,Atlanta Braves,26,5,7.0,1
2026-05-11,669923,Houston Astros,23,7,5.0,0
2026-05-17,669923,San Diego Padres,24,6,5.67,1
2026-05-23,669923,Kansas City Royals,27,3,6.0,0
2026-05-29,669923,Arizona Diamondbacks,22,4,5.33,1
2026-06-03,669923,New York Mets,23,5,4.0,1
2026-06-10,669923,Baltimore Orioles,27,10,6.0,0
2026-06-17,669923,Baltimore Orioles,25,5,6.0,1
2026-06-23,669923,Pittsburgh Pirates,27,5,6.0,0
2026-06-29,669923,Los Angeles Angels,30,7,8.0,1
2026-07-08,669923,Miami Marlins,24,7,6.0,0
2026-07-20,669923,Cincinnati Reds,21,6,6.0,1
2026-07-27,669923,Texas Rangers,20,3,4.0,0
2026-08-02,669923,Minnesota Twins,26,3,7.0,1
2026-08-08,669923,Tampa Bay Rays,20,2,5.0,1
2026-08-14,669923,Houston Astros,24,2,4.67,0
2026-08-20,669923,Milwaukee Brewers,20,3,3.33,0
2026-08-25,669923,Philadelphia Phillies,30,9,7.67,1
2026-08-31,669923,Boston Red Sox,23,2,5.0,0
2026-04-20,669947,Cincinnati Reds,26,6,5.67,1
2026-05-08,669947,Boston Red Sox,21,4,4.67,0
2026-07-30,670990,Cincinnati Reds,8,4,2.0,0
2026-03-26,671096,Boston Red Sox,24,4,6.0,1
2026-04-01,671096,Pittsburgh Pirates,24,5,5.67,1
2026-04-07,671096,Miami Marlins,24,2,5.33,0
2026-04-12,671096,Los Angeles Angels,18,1,3.0,1
2026-04-18,671096,Minnesota Twins,24,3,4.67,0
2026-04-24,671096,Detroit Tigers,19,4,4.0,1
2026-04-30,671096,Colorado Rockies,25,5,6.0,1
2026-05-05,671096,Chicago Cubs,24,4,5.67,0
2026-05-10,671096,Houston Astros,21,5,6.0,1
2026-05-15,671096,Cleveland Guardians,22,2,5.0,0
2026-05-20,671096,Philadelphia Phillies,22,3,5.33,0
2026-05-27,671096,New York Mets,24,4,6.0,0
2026-06-02,671096,Kansas City Royals,27,5,6.0,1
2026-06-08,671096,San Diego Padres,24,6,6.0,0
2026-06-14,671096,Arizona Diamondbacks,21,5,5.0,1
2026-06-20,671096,New York Yankees,23,6,5.0,0
2026-06-26,671096,Pittsburgh Pirates,24,6,5.33,0
2026-07-01,671096,Milwaukee Brewers,25,3,5.0,0
2026-07-07,671096,Philadelphia Phillies,23,8,6.0,1
2026-07-12,671096,Chicago Cubs,19,3,4.0,1
2026-07-20,671096,Seattle Mariners,24,6,6.0,0
2026-07-26,671096,St. Louis Cardinals,24,4,6.0,0
2026-08-01,671096,Pittsburgh Pirates,23,1,5.0,1
2026-08-06,671096,Athletics,27,4,6.67,1
2026-08-13,671096,Chicago White Sox,23,3,4.33,0
2026-08-18,671096,St. Louis Cardinals,26,6,6.33,1
2026-08-23,671096,Arizona Diamondbacks,26,6,6.0,0
2026-08-29,671096,Chicago Cubs,19,1,3.0,0
2026-03-28,671737,Baltimore Orioles,19,9,4.33,0
2026-04-02,671737,Kansas City Royals,24,3,6.0,0
2026-04-07,671737,Detroit Tigers,27,10,6.33,1
2026-04-12,671737,Toronto Blue Jays,23,7,5.0,0
2026-04-18,671737,Cincinnati Reds,25,5,6.0,1
2026-04-24,671737,Tampa Bay Rays,29,3,6.33,0
2026-04-29,671737,Seattle Mariners,27,7,7.0,1
2026-05-05,671737,Washington Nationals,25,8,6.0,0
2026-05-23,671737,Boston Red Sox,18,7,5.0,0
2026-05-29,671737,Pittsburgh Pirates,19,6,4.0,0
2026-06-03,671737,Chicago White Sox,25,5,4.67,1
2026-06-09,671737,Detroit Tigers,23,3,4.33,0
2026-06-14,671737,St. Louis Cardinals,27,7,6.67,1
2026-06-20,671737,Arizona Diamondbacks,20,4,5.0,0
2026-06-26,671737,Colorado Rockies,27,7,7.0,1
2026-07-01,671737,Houston Astros,21,11,5.0,0
2026-07-07,671737,Cleveland Guardians,24,10,7.0,1
2026-07-12,671737,Los Angeles Angels,28,6,7.0,1
2026-07-18,671737,Chicago Cubs,25,6,5.0,0
2026-07-23,671737,Cleveland Guardians,25,5,7.0,0
2026-07-28,671737,Kansas City Royals,23,10,6.0,1
2026-08-02,671737,Seattle Mariners,29,2,6.0,0
2026-08-08,671737,Milwaukee Brewers,23,7,5.0,0
2026-08-13,671737,Philadelphia Phillies,23,3,4.0,1
2026-08-19,671737,Atlanta Braves,20,7,5.0,1
2026-08-25,671737,Athletics,28,11,6.67,0
2026-08-31,671737,Detroit Tigers,27,9,7.0,1
2026-05-29,671936,Baltimore Orioles,7,1,1.67,0
2026-03-28,672282,Houston Astros,21,9,4.67,0
2026-04-03,672282,Seattle Mariners,26,4,6.67,1
2026-04-08,672282,Atlanta Braves,22,4,4.33,1
2026-04-14,672282,New York Yankees,25,9,7.0,0
2026-04-20,672282,Toronto Blue Jays,26,5,6.0,1
2026-04-26,672282,Kansas City Royals,21,5,5.0,0
2026-05-02,672282,New York Mets,27,8,6.33,1
2026-05-08,672282,Toronto Blue Jays,20,3,3.67,0
2026-05-13,672282,Cleveland Guardians,25,6,5.67,0
2026-05-19,672282,Athletics,27,8,5.67,1
2026-05-24,672282,Texas Rangers,25,14,8.0,1
2026-05-30,672282,Tampa Bay Rays,23,7,5.0,0
2026-06-05,672282,Los Angeles Dodgers,21,6,6.0,0
2026-06-10,672282,Houston Astros,22,9,7.0,1
2026-06-16,672282,Arizona Diamondbacks,24,3,7.0,0
2026-06-21,672282,Athletics,27,4,6.0,0
2026-06-27,672282,Athletics,24,8,5.67,1
2026-07-03,672282,Boston Red Sox,26,5,5.0,1
2026-07-09,672282,Texas Rangers,20,6,4.0,0
2026-07-17,672282,Detroit Tigers,22,7,6.0,1
2026-07-22,672282,St. Louis Cardinals,19,6,5.33,1
2026-07-28,672282,Houston Astros,20,9,5.0,1
2026-08-05,672282,Baltimore Orioles,17,5,4.0,0
2026-08-10,672282,Texas Rangers,24,6,6.0,1
2026-08-15,672282,Kansas City Royals,25,11,8.0,1
2026-08-21,672282,Texas Rangers,24,5,6.0,0
2026-08-28,672282,Philadelphia Phillies,23,2,6.0,1
2026-09-02,672282,New York Yankees,25,8,7.0,1
2026-06-28,672335,Philadelphia Phillies,3,2,1.0,1
2026-07-07,672335,Kansas City Royals,5,1,1.0,1
2026-04-05,672456,St. Louis Cardinals,17,3,4.33,1
2026-04-10,672456,Miami Marlins,21,7,6.0,1
2026-04-16,672456,Kansas City Royals,25,5,6.0,1
2026-04-21,672456,Milwaukee Brewers,22,3,5.67,1
2026-04-26,672456,Cincinnati Reds,22,5,5.0,0
2026-05-02,672456,Texas Rangers,26,2,6.67,1
2026-05-08,672456,Kansas City Royals,22,4,6.0,0
2026-05-14,672456,New York Mets,20,2,4.67,0
2026-05-19,672456,Cleveland Guardians,21,1,5.0,1
2026-05-26,672456,Los Angeles Angels,26,7,5.67,1
2026-05-31,672456,Chicago White Sox,20,4,6.0,0
2026-06-06,672456,Seattle Mariners,22,1,5.0,1
2026-06-11,672456,Minnesota Twins,24,4,6.33,1
2026-06-21,672456,Chicago White Sox,27,3,7.0,1
2026-06-26,672456,Houston Astros,26,3,7.0,1
2026-07-22,672456,Chicago Cubs,20,8,5.33,0
2026-07-27,672456,Baltimore Orioles,24,1,4.33,1
2026-08-02,672456,Athletics,22,2,6.0,0
2026-08-07,672456,San Francisco Giants,27,5,6.0,0
2026-08-13,672456,Cleveland Guardians,23,0,6.33,1
2026-08-18,672456,Pittsburgh Pirates,20,3,5.0,0
2026-08-29,672456,Los Angeles Dodgers,21,3,5.33,1
2026-09-04,672456,Cleveland Guardians,21,4,4.0,0
2026-03-31,673540,St. Louis Cardinals,25,9,6.0,0
2026-04-05,673540,San Francisco Giants,22,7,5.67,0
2026-04-11,673540,Athletics,17,3,2.33,1
2026-04-17,673540,Chicago Cubs,18,3,3.33,0
2026-04-26,673540,Colorado Rockies,15,1,2.67,1
2026-06-16,673540,Cincinnati Reds,17,5,4.0,0
2026-06-23,673540,Chicago Cubs,20,6,3.67,1
2026-07-31,673540,Miami Marlins,16,4,4.0,1
2026-08-05,674003,San Francisco Giants,20,5,4.33,1
2026-08-11,674003,Los Angeles Angels,26,1,7.0,0
2026-08-16,674003,Athletics,19,4,4.0,0
2026-08-22,674003,Los Angeles Angels,22,3,5.33,1
2026-08-28,674003,Milwaukee Brewers,27,0,5.67,0
2026-09-02,674003,Athletics,20,3,4.0,1
2026-06-26,674444,Chicago White Sox,5,3,1.33,0
2026-07-08,674444,New York Mets,4,2,1.0,0
2026-06-03,674841,Miami Marlins,18,5,4.67,1
2026-06-09,674841,San Francisco Giants,21,4,4.0,0
2026-06-15,674841,Kansas City Royals,18,5,4.0,1
2026-06-21,674841,Tampa Bay Rays,16,6,4.0,0
2026-06-26,674841,Baltimore Orioles,20,5,4.33,0
2026-07-07,674841,Houston Astros,27,3,5.67,1
2026-07-20,674841,Colorado Rockies,21,2,4.33,0
2026-08-03,674841,Philadelphia Phillies,24,5,6.33,0
2026-08-08,674841,Cincinnati Reds,20,2,5.33,1
2026-08-14,674841,New York Mets,21,4,5.67,0
2026-08-20,674841,Texas Rangers,22,5,5.0,0
2026-08-25,674841,Colorado Rockies,20,6,4.67,1
2026-08-30,674841,Miami Marlins,23,6,6.0,1
2026-05-24,675512,Baltimore Orioles,22,3,5.67,0
2026-05-29,675512,Chicago White Sox,28,1,7.0,0
2026-06-03,675512,Tampa Bay Rays,29,5,8.0,0
2026-06-09,675512,Minnesota Twins,23,5,5.0,1
2026-06-20,675512,Chicago White Sox,23,5,6.0,1
2026-06-25,675512,Houston Astros,20,6,6.0,1
2026-07-01,675512,New York Yankees,22,7,6.33,0
2026-07-08,675512,Athletics,22,9,5.33,1
2026-07-17,675512,Los Angeles Angels,23,9,5.67,0
2026-07-23,675512,Kansas City Royals,24,5,5.0,1
2026-07-28,675512,Baltimore Orioles,24,5,7.0,1
2026-08-04,675512,Seattle Mariners,25,4,7.0,0
2026-08-09,675512,San Francisco Giants,22,5,6.0,0
2026-08-15,675512,Chicago White Sox,22,4,4.33,1
2026-08-21,675512,Kansas City Royals,26,3,5.67,0
2026-08-26,675512,Tampa Bay Rays,27,4,7.0,1
2026-09-01,675512,Minnesota Twins,25,4,5.33,0
2026-04-08,675660,Boston Red Sox,15,2,2.67,0
2026-06-01,675660,San Francisco Giants,17,5,4.0,1
2026-06-07,675660,Colorado Rockies,24,4,6.33,0
2026-06-13,675660,Philadelphia Phillies,23,7,5.0,1
2026-06-18,675660,Cleveland Guardians,21,3,5.0,1
2026-06-24,675660,Cincinnati Reds,20,5,4.33,0
2026-07-01,675660,Cincinnati Reds,23,7,5.67,1
2026-07-06,675660,St. Louis Cardinals,26,2,6.0,0
2026-07-11,675660,Pittsburgh Pirates,25,6,6.33,0
2026-07-18,675660,Miami Marlins,25,9,6.0,1
2026-07-24,675660,Colorado Rockies,25,6,6.0,1
2026-07-31,675660,Los Angeles Angels,22,7,6.0,0
2026-08-07,675660,Minnesota Twins,26,4,5.0,1
2026-08-13,675660,Los Angeles Dodgers,22,5,5.33,0
2026-08-23,675660,Atlanta Braves,23,5,5.0,1
2026-08-29,675660,Texas Rangers,22,6,5.0,1
2026-09-04,675660,Cincinnati Reds,18,5,4.0,0
2026-04-16,675848,Houston Astros,6,2,0.67,0
2026-05-03,675911,Colorado Rockies,19,6,3.33,0
2026-05-09,675911,Los Angeles Dodgers,21,8,6.0,0
2026-05-15,675911,Boston Red Sox,18,4,5.33,1
2026-05-21,675911,Miami Marlins,24,9,6.33,0
2026-05-26,675911,Boston Red Sox,21,5,5.0,0
2026-05-31,675911,Cincinnati Reds,24,8,5.0,0
2026-06-06,675911,Pittsburgh Pirates,21,3,5.0,1
2026-06-12,675911,New York Mets,17,3,3.0,0
2026-04-06,675989,Colorado Rockies,17,5,4.33,0
2026-04-12,675989,Seattle Mariners,9,1,1.0,0
2026-05-03,675989,Boston Red Sox,12,3,2.33,0
2026-03-31,676083,Chicago White Sox,19,5,4.33,1
2026-04-06,676083,Cincinnati Reds,28,3,7.33,1
2026-04-11,676083,Detroit Tigers,22,4,5.0,0
2026-04-17,676083,Milwaukee Brewers,24,3,5.33,1
2026-04-22,676083,St. Louis Cardinals,17,2,5.0,1
2026-04-28,676083,Los Angeles Dodgers,23,4,6.0,0
2026-05-04,676083,Philadelphia Phillies,22,6,5.33,1
2026-05-09,676083,Washington Nationals,26,6,6.0,1
2026-05-15,676083,Tampa Bay Rays,28,4,5.67,0
2026-05-20,676083,Atlanta Braves,23,3,5.0,1
2026-05-25,676083,Toronto Blue Jays,23,3,5.0,0
2026-07-09,676083,Seattle Mariners,21,5,5.0,1
2026-07-20,676083,Houston Astros,19,3,4.0,0
2026-07-26,676083,San Diego Padres,21,6,4.67,1
2026-07-31,676083,New York Mets,21,4,5.0,0
2026-08-06,676083,Atlanta Braves,13,1,3.0,0
2026-08-12,676083,Pittsburgh Pirates,23,2,6.0,1
2026-08-17,676083,Philadelphia Phillies,23,2,5.0,0
2026-08-23,676083,Washington Nationals,18,2,4.67,1
2026-08-30,676083,Washington Nationals,18,2,4.67,0
2026-09-04,676083,Chicago Cubs,18,4,5.0,1
2026-03-29,676106,Cleveland Guardians,19,9,6.0,1
2026-04-04,676106,Los Angeles Angels,24,5,6.67,0
2026-04-10,676106,Houston Astros,19,5,5.0,1
2026-04-15,676106,San Diego Padres,23,6,6.0,0
2026-04-20,676106,Athletics,20,3,5.0,1
2026-04-26,676106,St. Louis Cardinals,27,4,6.0,0
2026-05-02,676106,Kansas City Royals,27,14,7.0,1
2026-05-08,676106,Chicago White Sox,26,4,6.0,0
2026-05-15,676106,San Diego Padres,22,6,6.0,1
2026-05-20,676106,Chicago White Sox,22,4,5.0,1
2026-05-26,676106,Athletics,22,3,6.0,0
2026-06-01,676106,New York Mets,20,7,6.0,1
2026-06-08,676106,Baltimore Orioles,21,3,5.0,0
2026-06-14,676106,Washington Nationals,21,2,4.0,0
2026-06-20,676106,Boston Red Sox,22,6,5.33,1
2026-06-28,676106,Cleveland Guardians,25,6,5.67,0
2026-07-05,676106,Toronto Blue Jays,24,5,7.0,1
2026-07-12,676106,Tampa Bay Rays,6,2,1.67,0
2026-07-22,676106,Cincinnati Reds,24,3,6.0,1
2026-07-29,676106,Los Angeles Dodgers,24,5,5.0,0
2026-08-04,676106,Detroit Tigers,27,6,6.0,1
2026-08-09,676106,Tampa Bay Rays,25,3,4.67,1
2026-08-15,676106,Houston Astros,26,8,7.0,0
2026-08-21,676106,Chicago Cubs,27,6,5.67,1
2026-08-28,676106,Toronto Blue Jays,23,1,5.0,0
2026-07-01,676263,Athletics,3,3,1.0,0
2026-03-28,676282,Seattle Mariners,18,5,3.67,0
2026-04-03,676282,Chicago Cubs,21,6,5.33,1
2026-04-08,676282,Kansas City Royals,21,9,5.67,1
2026-04-14,676282,St. Louis Cardinals,21,4,6.0,0
2026-04-19,676282,Baltimore Orioles,22,6,4.67,1
2026-04-25,676282,Toronto Blue Jays,22,4,5.0,0
2026-05-01,676282,Athletics,20,2,4.0,0
2026-05-06,676282,Kansas City Royals,19,1,5.0,0
2026-05-11,676282,Los Angeles Angels,24,4,6.0,1
2026-05-16,676282,Cincinnati Reds,22,4,5.0,1
2026-05-21,676282,Detroit Tigers,23,6,5.67,0
2026-05-26,676282,Washington Nationals,12,1,2.0,1
2026-06-02,676282,New York Yankees,21,4,4.0,0
2026-06-07,676282,Texas Rangers,25,7,5.0,0
2026-06-13,676282,Detroit Tigers,21,4,5.0,1
2026-06-20,676282,Houston Astros,28,9,8.0,0
2026-06-26,676282,Seattle Mariners,20,9,6.0,1
2026-07-01,676282,Texas Rangers,23,4,5.0,1
2026-07-07,676282,Minnesota Twins,25,7,5.0,0
2026-07-12,676282,Miami Marlins,22,9,5.0,0
2026-07-19,676282,Pittsburgh Pirates,25,7,5.0,1
2026-07-24,676282,Tampa Bay Rays,20,4,3.67,0
2026-07-29,676282,Cincinnati Reds,17,8,4.0,0
2026-08-04,676282,New York Mets,24,5,5.0,1
2026-08-09,676282,Chicago White Sox,6,3,1.0,0
2026-08-15,676282,San Diego Padres,20,7,6.0,1
2026-08-21,676282,Colorado Rockies,22,5,4.67,0
2026-08-26,676282,Los Angeles Angels,25,1,6.0,0
2026-09-02,676282,Toronto Blue Jays,28,6,5.33,1
2026-03-26,676440,Seattle Mariners,20,7,5.0,0
2026-03-31,676440,Los Angeles Dodgers,18,4,4.0,0
2026-04-06,676440,Kansas City Royals,20,3,4.67,1
2026-04-12,676440,Atlanta Braves,24,4,4.67,0
2026-04-17,676440,Baltimore Orioles,25,5,6.0,1
2026-04-22,676440,Houston Astros,24,3,6.0,1
2026-04-28,676440,Tampa Bay Rays,22,6,5.0,1
2026-05-04,676440,Kansas City Royals,19,4,4.0,0
2026-05-09,676440,Minnesota Twins,22,9,6.0,1
2026-05-15,676440,Cincinnati Reds,28,2,6.67,1
2026-05-20,676440,Detroit Tigers,28,5,8.0,0
2026-05-25,676440,Washington Nationals,16,3,3.0,1
2026-05-31,676440,Boston Red Sox,24,5,6.0,1
2026-06-06,676440,Texas Rangers,27,3,8.0,0
2026-06-12,676440,Detroit Tigers,25,8,7.0,1
2026-06-19,676440,Houston Astros,22,7,5.33,0
2026-06-24,676440,Chicago White Sox,21,3,6.0,0
2026-06-30,676440,Texas Rangers,26,2,7.0,1
2026-07-05,676440,Chicago White Sox,19,1,4.0,1
2026-07-11,676440,Miami Marlins,27,3,6.67,0
2026-07-20,676440,Minnesota Twins,25,5,6.0,1
2026-07-25,676440,Tampa Bay Rays,28,5,6.0,0
2026-07-31,676440,Arizona Diamondbacks,27,3,7.33,1
2026-08-05,676440,New York Mets,22,10,5.67,1
2026-08-11,676440,Detroit Tigers,27,4,6.33,0
2026-08-16,676440,San Diego Padres,27,3,6.0,1
2026-08-22,676440,Colorado Rockies,24,6,6.0,0
2026-08-28,676440,Kansas City Royals,27,5,6.0,1
2026-09-03,676440,Toronto Blue Jays,20,4,4.0,1
2026-03-31,676571,Philadelphia Phillies,3,1,1.0,0
2026-04-14,676571,Pittsburgh Pirates,4,1,1.0,0
2026-04-19,676571,San Francisco Giants,4,0,0.67,1
2026-04-24,676571,Chicago White Sox,7,1,1.67,0
2026-05-03,676571,Milwaukee Brewers,8,2,2.0,1
2026-05-25,676571,Cleveland Guardians,7,0,2.0,0
2026-05-27,676571,Cleveland Guardians,3,1,1.0,0
2026-06-14,676571,Seattle Mariners,5,0,1.0,1
2026-06-19,676571,Tampa Bay Rays,7,1,2.0,0
2026-06-23,676571,Philadelphia Phillies,3,1,1.0,1
2026-07-11,676571,New York Yankees,7,3,1.67,1
2026-06-24,676664,Atlanta Braves,25,5,5.67,1
2026-06-30,676664,Chicago Cubs,25,4,4.67,0
2026-07-05,676664,Los Angeles Dodgers,17,5,5.0,0
2026-07-10,676664,Toronto Blue Jays,19,3,4.33,1
2026-07-20,676664,Atlanta Braves,18,3,5.0,0
2026-07-30,676664,San Francisco Giants,20,2,3.67,1
2026-04-10,676879,Washington Nationals,10,4,2.33,1
2026-03-26,676917,Chicago Cubs,17,5,3.67,0
2026-04-01,676917,Philadelphia Phillies,25,3,6.0,0
2026-04-07,676917,St. Louis Cardinals,20,3,4.67,1
2026-04-13,676917,Pittsburgh Pirates,12,2,1.33,0
2026-04-18,676917,San Francisco Giants,19,5,4.0,1
2026-04-23,676917,Atlanta Braves,23,10,5.0,1
2026-04-29,676917,New York Mets,27,10,6.0,0
2026-05-05,676917,Minnesota Twins,22,2,4.0,1
2026-05-10,676917,Miami Marlins,25,4,5.67,0
2026-05-16,676917,Baltimore Orioles,26,8,6.33,1
2026-05-21,676917,New York Mets,27,9,7.0,1
2026-05-26,676917,Cleveland Guardians,25,7,6.0,0
2026-06-01,676917,Miami Marlins,23,6,5.0,1
2026-06-07,676917,Arizona Diamondbacks,22,2,5.0,0
2026-06-13,676917,Seattle Mariners,20,5,5.0,1
2026-06-20,676917,Tampa Bay Rays,16,1,2.67,0
2026-06-25,676917,Philadelphia Phillies,25,7,6.0,1
2026-06-30,676917,Boston Red Sox,23,13,7.0,0
2026-07-05,676917,Pittsburgh Pirates,15,3,2.33,1
2026-07-12,676917,New York Yankees,21,5,6.0,1
2026-07-17,676917,Athletics,21,9,6.0,0
2026-07-22,676917,Colorado Rockies,24,8,6.0,0
2026-07-28,676917,Toronto Blue Jays,25,3,6.0,1
2026-08-02,676917,Atlanta Braves,23,3,6.0,0
2026-08-07,676917,Cincinnati Reds,26,8,6.0,1
2026-08-13,676917,Chicago Cubs,26,10,8.0,1
2026-08-19,676917,Texas Rangers,22,11,6.0,0
2026-08-24,676917,Colorado Rockies,24,7,6.0,1
2026-08-29,676917,Miami Marlins,16,8,4.0,1
2026-05-08,676962,Texas Rangers,13,3,4.0,0
2026-05-14,676962,Atlanta Braves,15,7,4.0,0
2026-05-19,676962,Milwaukee Brewers,25,6,5.0,1
2026-05-25,676962,Pittsburgh Pirates,24,7,6.0,0
2026-05-30,676962,St. Louis Cardinals,23,6,7.0,0
2026-06-06,676962,San Francisco Giants,19,5,5.33,1
2026-06-13,676962,San Francisco Giants,23,3,5.0,0
2026-06-19,676962,Toronto Blue Jays,22,4,6.0,1
2026-03-29,676974,Colorado Rockies,23,5,5.0,1
2026-04-04,676974,New York Yankees,21,6,4.67,0
2026-04-09,676974,Cincinnati Reds,23,4,5.0,1
2026-04-14,676974,Atlanta Braves,21,5,5.0,0
2026-04-20,676974,St. Louis Cardinals,23,8,5.33,1
2026-04-26,676974,San Francisco Giants,21,5,5.0,0
2026-05-02,676974,Philadelphia Phillies,22,7,7.0,1
2026-05-07,676974,Baltimore Orioles,22,5,5.0,1
2026-05-13,676974,Minnesota Twins,27,9,5.67,0
2026-05-18,676974,Atlanta Braves,22,6,6.0,1
2026-05-23,676974,New York Mets,25,8,7.0,1
2026-05-29,676974,New York Mets,27,6,6.0,0
2026-06-03,676974,Washington Nationals,24,7,7.0,0
2026-06-09,676974,Arizona Diamondbacks,24,5,5.33,1
2026-06-14,676974,Pittsburgh Pirates,28,9,6.0,0
2026-06-20,676974,San Francisco Giants,23,7,5.0,1
2026-06-26,676974,St. Louis Cardinals,25,5,7.0,0
2026-07-01,676974,Colorado Rockies,25,5,6.0,0
2026-07-07,676974,Seattle Mariners,20,4,5.0,1
2026-07-18,676974,Milwaukee Brewers,16,5,3.0,0
2026-03-26,676979,Cincinnati Reds,24,8,6.0,0
2026-04-01,676979,Houston Astros,23,7,5.0,0
2026-04-07,676979,Milwaukee Brewers,27,7,6.33,1
2026-04-13,676979,Minnesota Twins,18,0,1.67,0
2026-04-19,676979,Detroit Tigers,24,8,5.0,1
2026-04-25,676979,Baltimore Orioles,22,7,6.0,0
2026-03-29,677944,Seattle Mariners,24,5,4.33,0
2026-04-05,677944,Chicago Cubs,21,6,6.0,1
2026-04-10,677944,Atlanta Braves,23,3,5.33,0
2026-04-15,677944,St. Louis Cardinals,20,4,4.0,0
2026-04-20,677944,Houston Astros,27,2,5.0,1
2026-04-26,677944,Toronto Blue Jays,24,5,5.67,0
2026-05-02,677944,Athletics,25,3,5.33,0
2026-05-07,677944,Kansas City Royals,23,3,5.33,0
2026-05-12,677944,Los Angeles Angels,18,7,4.0,1
2026-05-18,677944,Detroit Tigers,26,4,7.33,0
2026-05-23,677944,Philadelphia Phillies,22,5,5.0,0
2026-05-29,677944,Boston Red Sox,19,3,4.33,1
2026-06-04,677944,New York Yankees,21,4,6.0,0
2026-06-09,677944,New York Yankees,23,7,5.0,1
2026-06-16,677944,Milwaukee Brewers,22,4,5.67,0
2026-06-21,677944,Houston Astros,25,1,6.0,0
2026-06-27,677944,Seattle Mariners,24,4,6.0,1
2026-07-02,677944,Chicago White Sox,25,3,5.0,1
2026-07-08,677944,Minnesota Twins,17,4,3.67,0
2026-07-22,677944,Minnesota Twins,26,5,4.67,1
2026-07-28,677944,Cincinnati Reds,18,2,3.67,0
2026-03-30,677952,Cincinnati Reds,25,3,6.0,0
2026-04-05,677952,Baltimore Orioles,21,8,6.0,1
2026-04-11,677952,Chicago Cubs,20,9,5.0,0
2026-04-16,677952,Washington Nationals,25,7,5.67,1
2026-04-22,677952,Texas Rangers,25,5,7.0,0
2026-04-28,677952,St. Louis Cardinals,22,7,4.33,1
2026-05-03,677952,Cincinnati Reds,27,6,7.67,1
2026-05-09,677952,San Francisco Giants,26,6,7.0,0
2026-05-15,677952,Philadelphia Phillies,28,5,6.67,1
2026-05-21,677952,St. Louis Cardinals,27,9,7.0,0
2026-05-26,677952,Chicago Cubs,29,5,6.33,1
2026-05-31,677952,Minnesota Twins,22,11,6.0,1
2026-06-06,677952,Atlanta Braves,25,5,5.0,0
2026-06-12,677952,Miami Marlins,22,4,5.0,1
2026-06-17,677952,Athletics,25,7,6.0,0
2026-06-24,677952,Seattle Mariners,23,10,6.0,1
2026-06-29,677952,Philadelphia Phillies,24,8,6.0,0
2026-07-04,677952,Washington Nationals,23,7,5.67,0
2026-07-11,677952,Milwaukee Brewers,22,6,5.0,1
2026-07-20,677952,New York Yankees,20,2,3.0,0
2026-07-26,677952,Chicago Cubs,26,5,6.0,1
2026-08-01,677952,Cincinnati Reds,19,5,5.0,0
2026-08-06,677952,Milwaukee Brewers,20,5,5.0,0
2026-08-13,677952,Miami Marlins,28,10,9.0,0
2026-08-18,677952,Detroit Tigers,28,4,8.0,1
2026-08-24,677952,San Diego Padres,21,2,6.0,0
2026-08-30,677952,St. Louis Cardinals,22,3,5.0,0
2026-04-04,677958,Cincinnati Reds,23,3,5.0,1
2026-04-10,677958,Los Angeles Dodgers,21,5,5.0,0
2026-04-15,677958,Athletics,23,6,4.67,0
2026-04-21,677958,Pittsburgh Pirates,23,5,6.0,1
2026-04-26,677958,Athletics,25,3,6.0,1
2026-05-02,677958,Detroit Tigers,12,2,2.0,0
2026-05-08,677958,Chicago Cubs,18,3,3.67,1
2026-05-13,677958,Arizona Diamondbacks,21,3,5.0,1
2026-05-25,677958,Houston Astros,22,5,5.0,1
2026-05-30,677958,Kansas City Royals,24,2,6.0,1
2026-06-05,677958,Cleveland Guardians,22,5,5.0,1
2026-06-11,677958,Kansas City Royals,20,3,4.67,0
2026-06-16,677958,Minnesota Twins,20,4,3.33,1
2026-06-28,677958,Toronto Blue Jays,23,5,6.0,0
2026-07-05,677958,Detroit Tigers,18,4,4.33,1
2026-07-11,677958,Houston Astros,28,6,5.67,1
2026-07-21,677958,Chicago White Sox,21,6,6.0,1
2026-07-27,677958,Seattle Mariners,25,7,6.67,1
2026-08-02,677958,Houston Astros,27,5,5.33,0
2026-08-09,677958,Baltimore Orioles,18,5,3.0,1
2026-08-14,677958,Athletics,25,3,5.0,0
2026-08-19,677958,Washington Nationals,22,3,5.0,1
2026-08-24,677958,Chicago White Sox,25,8,5.67,0
2026-08-30,677958,Milwaukee Brewers,17,7,3.0,0
2026-03-30,677960,Seattle Mariners,19,7,4.33,0
2026-04-04,677960,Miami Marlins,19,4,3.67,1
2026-04-09,677960,Athletics,30,7,8.0,1
2026-04-14,677960,Los Angeles Angels,22,10,5.0,1
2026-04-19,677960,Kansas City Royals,26,8,7.33,1
2026-04-25,677960,Houston Astros,21,4,5.33,0
2026-05-02,677960,Baltimore Orioles,21,5,5.0,1
2026-05-11,677960,Baltimore Orioles,23,9,6.33,0
2026-05-18,677960,Toronto Blue Jays,23,7,5.33,1
2026-05-24,677960,Tampa Bay Rays,26,4,7.0,1
2026-05-30,677960,Athletics,29,10,6.67,0
2026-06-05,677960,Boston Red Sox,26,4,6.0,1
2026-06-12,677960,Toronto Blue Jays,20,2,4.33,0
2026-06-18,677960,Chicago White Sox,22,8,6.33,1
2026-06-24,677960,Detroit Tigers,26,6,6.0,0
2026-06-29,677960,Detroit Tigers,14,3,1.67,1
2026-07-05,677960,Minnesota Twins,19,6,4.0,1
2026-07-10,677960,Washington Nationals,23,6,5.33,0
2026-07-20,677960,Pittsburgh Pirates,23,5,4.67,1
2026-07-25,677960,Philadelphia Phillies,24,7,5.67,0
2026-07-30,677960,Chicago White Sox,26,4,7.0,0
2026-08-04,677960,St. Louis Cardinals,21,6,6.0,1
2026-08-11,677960,Seattle Mariners,22,4,5.67,1
2026-08-16,677960,Toronto Blue Jays,26,4,7.33,0
2026-08-22,677960,Toronto Blue Jays,17,3,3.33,1
2026-07-18,677976,San Diego Padres,21,3,4.33,1
2026-07-23,677976,Detroit Tigers,18,3,5.0,0
2026-07-29,677976,Minnesota Twins,26,4,7.0,0
2026-08-04,677976,Minnesota Twins,21,1,5.0,1
2026-08-09,677976,Chicago Cubs,26,4,5.0,1
2026-08-15,677976,Los Angeles Angels,23,6,5.67,0
2026-08-20,677976,Athletics,20,4,4.0,1
2026-08-26,677976,Toronto Blue Jays,25,5,6.0,0
2026-09-01,677976,Miami Marlins,26,6,6.0,1
2026-06-05,678022,Houston Astros,19,6,4.0,0
2026-06-10,678022,Milwaukee Brewers,20,4,4.0,1
2026-06-16,678022,Pittsburgh Pirates,22,6,5.0,1
2026-06-21,678022,Los Angeles Angels,21,8,5.0,1
2026-06-27,678022,Los Angeles Angels,21,5,5.0,0
2026-07-03,678022,Miami Marlins,23,8,3.67,1
2026-07-21,678022,Arizona Diamondbacks,21,4,5.0,0
2026-07-27,678022,Boston Red Sox,21,4,5.67,1
2026-08-01,678022,Detroit Tigers,26,9,5.33,1
2026-08-07,678022,Boston Red Sox,17,3,3.0,0
2026-08-12,678022,Tampa Bay Rays,27,2,5.0,1
2026-08-29,678022,Baltimore Orioles,22,5,5.0,1
2026-09-03,678022,Seattle Mariners,19,7,3.0,0
2026-03-31,678394,Houston Astros,25,2,4.67,0
2026-04-06,678394,Milwaukee Brewers,20,5,3.33,1
2026-04-12,678394,St. Louis Cardinals,27,2,6.67,0
2026-04-18,678394,Detroit Tigers,20,4,4.0,1
2026-04-24,678394,Baltimore Orioles,23,2,3.33,0
2026-04-29,678394,Toronto Blue Jays,18,2,3.67,0
2026-05-17,678394,Atlanta Braves,26,1,5.0,0
2026-06-04,678394,Baltimore Orioles,26,4,5.0,1
2026-04-28,678906,Baltimore Orioles,13,2,3.0,0
2026-05-10,678906,Cincinnati Reds,15,1,3.0,0
2026-05-16,678906,Texas Rangers,21,7,5.0,1
2026-05-23,678906,Chicago Cubs,20,6,6.0,0
2026-05-29,678906,Milwaukee Brewers,22,7,5.0,1
2026-06-04,678906,Pittsburgh Pirates,23,1,5.0,1
2026-06-09,678906,Los Angeles Angels,25,5,4.0,0
2026-06-15,678906,Detroit Tigers,20,9,3.33,1
2026-06-21,678906,Cleveland Guardians,23,4,6.0,1
2026-06-27,678906,Detroit Tigers,22,1,3.67,0
2026-04-22,679775,Chicago Cubs,5,1,1.0,0
2026-04-04,679883,Milwaukee Brewers,18,4,3.0,1
2026-06-01,679883,Cincinnati Reds,21,5,5.0,0
2026-06-06,679883,Minnesota Twins,18,3,5.0,0
2026-06-12,679883,Houston Astros,10,0,0.67,1
2026-06-17,679883,Washington Nationals,21,5,5.67,0
2026-06-23,679883,Tampa Bay Rays,21,6,5.0,0
2026-06-28,679883,Chicago White Sox,20,4,4.0,0
2026-07-05,679883,Philadelphia Phillies,18,4,5.0,1
2026-07-10,679883,Baltimore Orioles,24,3,5.0,0
2026-07-21,679883,San Francisco Giants,25,7,6.33,1
2026-07-26,679883,Detroit Tigers,21,2,4.33,0
2026-08-01,679883,Colorado Rockies,15,2,2.67,0
2026-05-17,680570,Los Angeles Dodgers,21,4,3.67,1
2026-05-22,680570,Texas Rangers,25,5,5.67,1
2026-05-28,680570,Detroit Tigers,19,5,5.0,0
2026-06-02,680570,Colorado Rockies,21,3,3.67,1
2026-06-08,680570,Houston Astros,25,6,5.33,1
2026-06-14,680570,Tampa Bay Rays,12,1,2.33,1
2026-07-10,680570,Minnesota Twins,23,0,5.33,0
2026-07-18,680570,Detroit Tigers,22,3,4.0,1
2026-07-24,680570,San Francisco Giants,18,3,4.0,0
2026-07-29,680570,Houston Astros,22,6,5.0,1
2026-08-04,680570,Baltimore Orioles,26,6,7.0,0
2026-08-09,680570,Miami Marlins,20,8,4.0,0
2026-08-14,680570,Kansas City Royals,17,5,4.0,1
2026-08-20,680570,Houston Astros,27,6,7.0,0
2026-08-26,680570,Cleveland Guardians,24,4,5.67,1
2026-09-01,680570,New York Yankees,26,7,6.0,1
2026-03-30,680573,Kansas City Royals,20,2,5.0,0
2026-04-05,680573,Tampa Bay Rays,26,4,6.67,1
2026-04-10,680573,Toronto Blue Jays,19,2,4.0,0
2026-04-15,680573,Boston Red Sox,27,3,5.0,1
2026-04-21,680573,New York Mets,22,2,5.0,0
2026-04-26,680573,Tampa Bay Rays,22,2,4.33,0
2026-05-01,680573,Toronto Blue Jays,25,2,4.67,1
2026-05-07,680573,Washington Nationals,18,2,4.33,0
2026-05-13,680573,Miami Marlins,19,1,3.0,1
2026-05-28,680573,Chicago White Sox,16,4,2.67,0
2026-03-28,680694,Minnesota Twins,19,4,4.67,1
2026-04-03,680694,Pittsburgh Pirates,19,6,4.0,0
2026-04-08,680694,Chicago White Sox,23,7,5.0,0
2026-04-15,680694,Arizona Diamondbacks,27,4,6.0,1
2026-04-20,680694,Kansas City Royals,27,7,5.33,0
2026-04-26,680694,Boston Red Sox,21,3,5.0,1
2026-05-02,680694,New York Yankees,21,4,4.0,0
2026-05-08,680694,Athletics,28,10,7.0,1
2026-05-13,680694,New York Yankees,21,7,6.0,1
2026-05-19,680694,Tampa Bay Rays,23,6,5.33,0
2026-05-25,680694,Tampa Bay Rays,25,3,6.0,1
2026-05-31,680694,Toronto Blue Jays,27,4,7.0,1
2026-06-06,680694,Toronto Blue Jays,21,3,4.0,0
2026-06-11,680694,Seattle Mariners,21,5,4.0,1
2026-06-17,680694,Seattle Mariners,28,12,7.67,0
2026-06-22,680694,Los Angeles Angels,30,9,8.0,0
2026-06-28,680694,Washington Nationals,19,2,4.0,1
2026-07-05,680694,Cincinnati Reds,29,5,7.67,0
2026-07-11,680694,Kansas City Royals,25,5,6.67,1
2026-07-22,680694,Boston Red Sox,23,4,6.0,0
2026-07-27,680694,Detroit Tigers,24,4,4.67,0
2026-08-02,680694,Philadelphia Phillies,12,3,3.0,1
2026-08-08,680694,Texas Rangers,22,4,6.0,0
2026-08-15,680694,Tampa Bay Rays,27,3,6.0,0
2026-08-20,680694,New York Yankees,25,5,5.67,1
2026-08-26,680694,St. Louis Cardinals,23,4,4.33,0
2026-09-01,680694,Colorado Rockies,23,4,5.0,0
2026-03-28,680732,Milwaukee Brewers,20,5,4.0,0
2026-04-08,680732,Baltimore Orioles,20,3,5.0,1
2026-04-15,680732,Tampa Bay Rays,25,2,5.33,1
2026-04-21,680732,Arizona Diamondbacks,22,3,6.0,0
2026-05-02,680732,San Diego Padres,23,8,6.0,0
2026-05-08,680732,Seattle Mariners,23,4,4.33,1
2026-05-15,680732,Chicago Cubs,23,5,4.33,1
2026-05-20,680732,Seattle Mariners,22,5,4.67,0
2026-05-26,680732,Minnesota Twins,25,8,7.0,1
2026-05-31,680732,Detroit Tigers,21,6,5.33,1
2026-06-13,680732,Los Angeles Dodgers,22,6,4.0,1
2026-06-23,680732,Cleveland Guardians,26,6,6.33,1
2026-06-29,680732,Baltimore Orioles,23,8,5.33,0
2026-07-04,680732,Cleveland Guardians,24,11,6.0,0
2026-07-10,680732,Athletics,24,9,7.0,1
2026-07-19,680732,Toronto Blue Jays,23,5,6.67,0
2026-07-25,680732,Houston Astros,24,10,6.0,1
2026-07-30,680732,New York Yankees,23,10,6.0,1
2026-08-05,680732,Boston Red Sox,20,4,4.33,0
2026-08-11,680732,Cincinnati Reds,25,8,7.0,1
2026-08-16,680732,Detroit Tigers,21,2,4.33,0
2026-08-21,680732,New York Mets,25,4,6.0,1
2026-08-26,680732,Texas Rangers,17,3,3.0,1
2026-09-01,680732,Houston Astros,22,6,5.67,0
2026-04-06,680736,Toronto Blue Jays,21,2,5.0,0
2026-04-13,680736,New York Mets,25,2,8.0,1
2026-04-20,680736,Colorado Rockies,29,3,7.0,0
2026-04-26,680736,Chicago Cubs,27,6,6.0,1
2026-05-03,680736,St. Louis Cardinals,24,0,6.0,0
2026-05-10,680736,Atlanta Braves,34,7,8.67,1
2026-05-16,680736,Los Angeles Angels,26,5,6.0,0
2026-05-22,680736,Milwaukee Brewers,24,4,5.0,0
2026-05-29,680736,Philadelphia Phillies,23,9,7.0,1
2026-06-04,680736,Arizona Diamondbacks,24,4,6.0,0
2026-06-11,680736,Pittsburgh Pirates,21,1,4.67,0
2026-06-16,680736,Tampa Bay Rays,21,5,6.0,1
2026-06-23,680736,Minnesota Twins,28,3,7.0,0
2026-06-30,680736,Athletics,27,11,7.0,0
2026-07-07,680736,Colorado Rockies,28,9,7.0,1
2026-07-21,680736,Philadelphia Phillies,25,7,6.33,0
2026-07-28,680736,Seattle Mariners,25,7,6.0,1
2026-08-03,680736,Chicago Cubs,23,4,4.33,0
2026-08-09,680736,Arizona Diamondbacks,20,3,3.33,0
2026-08-15,680736,Milwaukee Brewers,24,6,6.0,1
2026-06-01,680744,Tampa Bay Rays,15,4,3.33,0
2026-04-17,680755,Arizona Diamondbacks,4,0,1.0,0
2026-05-21,680755,New York Yankees,5,4,1.33,0
2026-05-26,680755,Miami Marlins,4,1,1.0,1
2026-06-06,680755,Baltimore Orioles,5,2,1.0,1
2026-06-17,680755,Boston Red Sox,6,0,1.33,0
2026-07-01,680755,New York Mets,4,1,1.0,1
2026-07-22,680755,Tampa Bay Rays,5,1,1.33,1
2026-08-15,680755,New York Yankees,4,0,1.0,1
2026-04-16,680802,Colorado Rockies,16,3,3.67,1
2026-04-21,680802,Cleveland Guardians,19,4,3.33,0
2026-04-23,681035,Minnesota Twins,10,1,1.33,1
2026-05-01,681035,Los Angeles Angels,19,8,5.0,0
2026-05-07,681035,Colorado Rockies,19,6,4.67,0
2026-05-13,681035,Detroit Tigers,22,5,4.67,1
2026-05-18,681035,Washington Nationals,20,5,4.0,0
2026-05-24,681035,Miami Marlins,24,5,5.67,0
2026-05-30,681035,Miami Marlins,21,8,5.0,1
2026-06-05,681035,San Diego Padres,21,3,5.67,0
2026-06-11,681035,St. Louis Cardinals,22,6,4.67,1
2026-06-27,681035,Philadelphia Phillies,18,6,4.33,1
2026-07-03,681035,Atlanta Braves,18,7,4.0,0
2026-07-08,681035,Kansas City Royals,19,5,5.0,1
2026-07-16,681035,Philadelphia Phillies,20,7,5.67,0
2026-07-22,681035,Milwaukee Brewers,18,6,3.67,0
2026-07-29,681035,Atlanta Braves,24,7,6.0,1
2026-08-05,681035,Cleveland Guardians,24,7,5.0,0
2026-08-10,681035,Atlanta Braves,21,6,4.0,0
2026-08-16,681035,Washington Nationals,27,7,6.33,1
2026-08-22,681035,Chicago White Sox,23,6,4.67,0
2026-08-28,681035,Houston Astros,22,2,5.33,1
2026-03-28,681190,Detroit Tigers,23,8,6.0,1
2026-04-04,681190,Boston Red Sox,23,3,6.0,0
2026-04-09,681190,Colorado Rockies,23,8,5.67,1
2026-04-15,681190,Seattle Mariners,21,6,4.0,1
2026-04-21,681190,Colorado Rockies,24,5,7.0,0
2026-04-27,681190,Chicago Cubs,23,4,5.0,1
2026-05-04,681190,San Francisco Giants,24,2,5.67,0
2026-05-09,681190,St. Louis Cardinals,20,6,5.0,1
2026-05-15,681190,Seattle Mariners,22,3,6.0,0
2026-05-20,681190,Los Angeles Dodgers,21,0,4.33,1
2026-05-26,681190,Philadelphia Phillies,25,2,5.67,1
2026-06-02,681190,Philadelphia Phillies,20,3,5.0,0
2026-06-07,681190,New York Mets,22,3,4.0,1
2026-06-13,681190,Baltimore Orioles,22,5,5.0,0
2026-06-19,681190,Texas Rangers,21,1,3.33,0
2026-07-02,681190,Los Angeles Dodgers,16,0,3.0,0
2026-07-25,681190,Miami Marlins,10,0,2.67,0
2026-08-04,681190,Arizona Diamondbacks,20,1,6.0,0
2026-08-09,681190,Houston Astros,17,1,5.0,1
2026-08-21,681190,Minnesota Twins,24,3,7.0,1
2026-08-26,681190,Pittsburgh Pirates,18,2,5.0,1
2026-09-01,681190,Cincinnati Reds,19,3,4.67,0
2026-03-27,681347,Los Angeles Angels,26,6,5.67,1
2026-04-01,681347,Boston Red Sox,24,6,5.0,1
2026-04-07,681347,Colorado Rockies,23,3,5.33,0
2026-04-13,681347,Seattle Mariners,30,3,6.0,0
2026-04-19,681347,St. Louis Cardinals,19,7,4.67,1
2026-04-25,681347,New York Yankees,21,8,5.0,1
2026-05-01,681347,Boston Red Sox,26,3,6.0,0
2026-05-08,681347,Cincinnati Reds,25,6,7.0,0
2026-05-14,681347,Seattle Mariners,27,4,5.67,1
2026-05-20,681347,Minnesota Twins,27,2,6.0,0
2026-05-27,681347,Texas Rangers,27,6,7.0,0
2026-06-02,681347,Pittsburgh Pirates,25,3,5.0,1
2026-06-07,681347,Athletics,26,3,5.0,1
2026-06-13,681347,Kansas City Royals,24,5,5.0,0
2026-06-24,681347,Toronto Blue Jays,21,3,6.0,0
2026-06-30,681347,Minnesota Twins,23,3,5.0,1
2026-07-06,681347,Washington Nationals,25,3,4.33,0
2026-03-30,681517,New York Mets,24,1,5.0,1
2026-04-05,681517,Detroit Tigers,23,4,5.0,0
2026-04-11,681517,Boston Red Sox,17,2,4.0,1
2026-04-17,681517,Houston Astros,22,6,5.0,0
2026-04-22,681517,Miami Marlins,25,2,5.0,0
2026-04-28,681517,Pittsburgh Pirates,23,7,5.33,0
2026-05-04,681517,Milwaukee Brewers,25,5,5.33,1
2026-05-10,681517,San Diego Padres,21,5,5.0,0
2026-05-16,681517,Kansas City Royals,25,2,6.0,1
2026-05-23,681517,Cincinnati Reds,24,8,5.0,0
2026-05-30,681517,Chicago Cubs,21,4,4.33,1
2026-06-05,681517,Cincinnati Reds,19,1,4.0,1
2026-06-12,681517,Minnesota Twins,22,5,5.0,0
2026-06-17,681517,San Diego Padres,24,7,6.0,1
2026-06-23,681517,Arizona Diamondbacks,23,3,6.33,1
2026-06-28,681517,Miami Marlins,20,5,5.0,1
2026-07-04,681517,Chicago Cubs,20,6,5.0,0
2026-07-10,681517,Atlanta Braves,10,2,3.0,1
2026-07-20,681517,Los Angeles Angels,20,4,6.0,0
2026-07-26,681517,Cincinnati Reds,24,9,6.0,1
2026-07-31,681517,Toronto Blue Jays,24,3,6.0,0
2026-08-07,681517,Colorado Rockies,22,8,5.0,1
2026-08-12,681517,Philadelphia Phillies,20,6,5.0,1
2026-08-18,681517,Cincinnati Reds,18,6,5.0,0
2026-08-23,681517,Philadelphia Phillies,15,4,4.0,0
2026-08-29,681517,Pittsburgh Pirates,14,3,3.0,1
2026-06-01,681810,Seattle Mariners,4,0,1.0,0
2026-06-10,681810,St. Louis Cardinals,7,1,1.0,1
2026-03-30,682052,Atlanta Braves,22,0,4.0,0
2026-04-05,682052,Houston Astros,21,6,4.33,1
2026-04-11,682052,New York Mets,25,5,5.0,0
2026-04-16,682052,Texas Rangers,22,5,5.0,1
2026-04-21,682052,Seattle Mariners,24,1,5.33,0
2026-05-02,682052,Cleveland Guardians,25,5,5.33,1
2026-05-08,682052,Baltimore Orioles,21,5,5.33,0
2026-05-14,682052,St. Louis Cardinals,23,2,5.0,1
2026-05-19,682052,Los Angeles Angels,21,2,3.67,0
2026-05-31,682052,New York Yankees,13,3,2.0,1
2026-07-10,682052,Chicago White Sox,5,1,1.67,0
2026-07-19,682052,Washington Nationals,19,6,4.33,1
2026-07-24,682052,Minnesota Twins,21,4,5.0,0
2026-07-29,682052,Boston Red Sox,24,8,5.33,1
2026-08-05,682052,Cincinnati Reds,19,9,5.0,0
2026-08-10,682052,Tampa Bay Rays,27,5,7.0,1
2026-08-16,682052,Texas Rangers,24,6,6.0,1
2026-08-22,682052,Houston Astros,23,9,6.0,0
2026-08-28,682052,Baltimore Orioles,22,6,5.0,1
2026-09-02,682052,Texas Rangers,25,7,6.0,0
2026-03-31,682227,Pittsburgh Pirates,22,3,4.67,1
2026-04-06,682227,Miami Marlins,24,4,6.67,0
2026-04-11,682227,Los Angeles Angels,21,3,4.0,1
2026-04-17,682227,Minnesota Twins,23,2,5.33,0
2026-04-22,682227,Tampa Bay Rays,22,3,4.33,0
2026-04-29,682227,Colorado Rockies,16,4,3.0,1
2026-09-02,682227,San Diego Padres,24,5,5.33,1
2026-05-13,682243,Houston Astros,25,3,5.33,0
2026-05-19,682243,Chicago White Sox,19,7,5.67,1
2026-05-31,682243,Arizona Diamondbacks,17,6,5.0,1
2026-06-06,682243,Detroit Tigers,20,9,6.0,0
2026-06-12,682243,Washington Nationals,26,7,8.0,0
2026-06-19,682243,Boston Red Sox,16,7,5.0,1
2026-06-25,682243,Pittsburgh Pirates,22,11,5.67,0
2026-07-02,682243,Los Angeles Angels,24,8,7.0,1
2026-07-09,682243,Miami Marlins,28,3,5.0,0
2026-07-17,682243,San Francisco Giants,26,6,5.67,1
2026-07-24,682243,Texas Rangers,23,0,5.33,0
2026-07-31,682243,Minnesota Twins,20,3,5.33,1
2026-08-06,682243,Detroit Tigers,22,5,5.0,1
2026-08-12,682243,New York Yankees,25,5,6.0,0
2026-08-18,682243,Milwaukee Brewers,23,3,4.67,0
2026-08-23,682243,Chicago Cubs,22,5,4.33,1
2026-09-02,682243,Boston Red Sox,21,3,4.67,0
2026-04-15,682254,Washington Nationals,4,1,1.0,1
2026-04-27,682254,St. Louis Cardinals,3,1,1.0,1
2026-05-14,682254,Colorado Rockies,4,3,1.0,1
2026-06-07,682254,Atlanta Braves,6,2,1.0,0
2026-07-18,682254,Cleveland Guardians,4,1,1.0,0
2026-05-29,683003,Minnesota Twins,21,6,4.33,1
2026-06-04,683003,Houston Astros,21,4,5.0,0
2026-06-10,683003,Los Angeles Dodgers,16,4,4.0,1
2026-06-15,683003,Athletics,20,4,4.0,0
2026-06-21,683003,Colorado Rockies,12,3,3.0,0
2026-06-27,683003,Cincinnati Reds,20,4,4.67,1
2026-07-02,683003,Philadelphia Phillies,16,6,4.0,0
2026-07-08,683003,Atlanta Braves,18,8,6.0,1
2026-07-18,683003,Cleveland Guardians,19,9,5.0,0
2026-07-24,683003,Chicago Cubs,21,5,6.0,1
2026-07-29,683003,Arizona Diamondbacks,24,5,6.0,1
2026-08-04,683003,Milwaukee Brewers,21,4,4.0,0
2026-08-09,683003,New York Mets,20,3,3.0,1
2026-08-15,683003,Boston Red Sox,20,7,5.0,1
2026-08-22,683003,Los Angeles Dodgers,20,5,4.0,0
2026-08-28,683003,St. Louis Cardinals,23,6,4.67,0
2026-09-04,683003,Los Angeles Angels,21,9,6.0,1
2026-03-30,683004,Baltimore Orioles,24,8,6.0,0
2026-04-05,683004,Cincinnati Reds,20,9,5.0,1
2026-04-11,683004,Los Angeles Dodgers,19,4,3.67,0
2026-04-16,683004,Athletics,27,3,5.67,0
2026-04-22,683004,Pittsburgh Pirates,22,5,5.0,1
2026-04-27,683004,New York Yankees,26,4,6.0,1
2026-05-03,683004,Detroit Tigers,26,10,6.67,0
2026-05-09,683004,Chicago Cubs,23,6,4.67,1
2026-05-15,683004,Houston Astros,27,6,7.0,0
2026-05-20,683004,Colorado Rockies,24,5,5.0,0
2026-05-26,683004,Houston Astros,26,4,6.0,1
2026-05-31,683004,Kansas City Royals,23,10,5.67,1
2026-06-06,683004,Cleveland Guardians,23,2,4.67,1
2026-06-12,683004,Boston Red Sox,25,3,5.0,0
2026-06-18,683004,Minnesota Twins,20,4,4.0,1
2026-06-24,683352,St. Louis Cardinals,13,3,3.0,0
2026-07-12,683352,Los Angeles Dodgers,15,0,3.0,0
2026-07-20,683352,Athletics,23,4,4.67,1
2026-07-25,683352,Washington Nationals,26,3,5.0,0
2026-07-31,683352,Cleveland Guardians,21,2,5.0,0
2026-08-05,683352,San Diego Padres,24,9,7.0,1
2026-08-11,683352,Colorado Rockies,21,4,6.0,1
2026-08-17,683352,Boston Red Sox,16,0,3.0,0
2026-08-23,683352,Cincinnati Reds,17,3,3.0,1
2026-08-29,683352,San Francisco Giants,18,2,4.33,0
2026-07-31,683618,Boston Red Sox,4,1,1.0,1
2026-03-29,684007,Washington Nationals,22,7,5.0,1
2026-04-05,684007,Cleveland Guardians,19,4,5.0,0
2026-04-10,684007,Pittsburgh Pirates,19,9,6.0,1
2026-04-15,684007,Philadelphia Phillies,22,11,6.0,0
2026-04-21,684007,Philadelphia Phillies,26,1,7.0,1
2026-04-26,684007,Los Angeles Dodgers,25,6,5.33,0
2026-05-02,684007,Arizona Diamondbacks,26,5,7.0,1
2026-05-07,684007,Cincinnati Reds,28,10,6.0,1
2026-05-13,684007,Atlanta Braves,24,6,7.0,0
2026-05-18,684007,Milwaukee Brewers,24,2,4.33,1
2026-05-24,684007,Houston Astros,26,6,6.0,1
2026-05-29,684007,St. Louis Cardinals,23,2,5.33,0
2026-06-04,684007,Athletics,24,5,6.0,1
2026-06-10,684007,Colorado Rockies,19,7,5.0,0
2026-06-15,684007,Colorado Rockies,22,3,5.67,1
2026-06-24,684007,New York Mets,20,4,5.33,0
2026-06-29,684007,San Diego Padres,27,4,6.33,1
2026-07-04,684007,St. Louis Cardinals,19,8,4.67,1
2026-07-10,684007,Cincinnati Reds,23,5,5.0,0
2026-07-19,684007,Minnesota Twins,26,4,7.0,1
2026-07-25,684007,Pittsburgh Pirates,23,4,6.0,0
2026-07-31,684007,New York Yankees,23,6,6.67,1
2026-08-05,684007,Los Angeles Dodgers,23,6,5.0,1
2026-08-11,684007,Washington Nationals,21,5,4.67,0
2026-08-17,684007,Chicago White Sox,24,10,6.0,1
2026-08-23,684007,Seattle Mariners,14,4,2.0,0
2026-08-30,684007,Cincinnati Reds,24,4,5.0,1
2026-09-04,684007,Miami Marlins,21,4,6.0,0
2026-07-21,684442,Athletics,21,5,5.0,1
2026-07-26,684442,Washington Nationals,19,1,4.0,0
2026-08-01,684442,Cleveland Guardians,19,6,4.0,0
2026-08-06,684442,San Diego Padres,18,1,3.67,1
2026-08-28,684442,San Francisco Giants,18,4,4.0,0
2026-05-29,685126,Detroit Tigers,4,1,1.33,1
2026-06-06,685126,Philadelphia Phillies,5,2,1.33,0
2026-06-09,685126,Atlanta Braves,6,1,0.67,1
2026-06-19,685126,Detroit Tigers,6,2,1.33,0
2026-05-25,685299,Los Angeles Dodgers,21,3,5.0,0
2026-05-31,685299,San Francisco Giants,17,2,3.0,1
2026-06-30,685299,Miami Marlins,24,4,5.0,1
2026-07-05,685299,San Francisco Giants,23,7,5.0,1
2026-07-10,685299,San Francisco Giants,23,1,5.0,0
2026-08-21,685299,Cleveland Guardians,26,2,5.33,1
2026-08-26,685299,Washington Nationals,27,5,7.0,0
2026-08-31,685299,Baltimore Orioles,18,3,5.0,1
2026-03-27,686218,Arizona Diamondbacks,16,6,3.33,1
2026-04-03,686218,Washington Nationals,27,2,5.67,0
2026-04-11,686218,Texas Rangers,22,6,6.0,1
2026-04-18,686218,Colorado Rockies,21,4,5.0,0
2026-04-24,686218,Chicago Cubs,24,10,6.33,1
2026-05-01,686218,St. Louis Cardinals,22,8,4.67,0
2026-05-08,686218,Atlanta Braves,20,7,4.67,1
2026-05-14,686218,San Francisco Giants,23,6,6.0,1
2026-05-19,686218,San Diego Padres,18,2,4.0,0
2026-05-25,686218,Colorado Rockies,24,8,6.0,1
2026-06-01,686218,Arizona Diamondbacks,22,3,6.33,0
2026-06-07,686218,Los Angeles Angels,9,2,1.33,1
2026-06-14,686218,Chicago White Sox,21,8,5.0,0
2026-06-21,686218,Baltimore Orioles,21,4,3.33,1
2026-06-28,686218,San Diego Padres,20,5,5.0,0
2026-07-05,686218,San Diego Padres,19,5,4.33,1
2026-07-12,686218,Arizona Diamondbacks,21,7,5.33,1
2026-07-20,686218,Philadelphia Phillies,25,6,5.33,0
2026-07-26,686218,New York Mets,21,5,5.0,0
2026-08-02,686218,Boston Red Sox,16,4,2.67,1
2026-03-26,686613,Los Angeles Angels,22,9,4.67,1
2026-03-31,686613,Boston Red Sox,21,8,6.0,1
2026-06-16,686613,Detroit Tigers,21,7,5.67,1
2026-06-22,686613,Toronto Blue Jays,17,4,3.0,0
2026-06-28,686613,Detroit Tigers,25,4,6.0,0
2026-07-04,686613,Tampa Bay Rays,22,3,4.0,1
2026-07-10,686613,Texas Rangers,25,4,6.0,0
2026-07-19,686613,Baltimore Orioles,24,4,4.67,1
2026-07-25,686613,Chicago White Sox,23,7,7.0,0
2026-07-31,686613,Texas Rangers,23,5,5.67,1
2026-08-05,686613,Toronto Blue Jays,23,8,6.0,1
2026-08-11,686613,San Francisco Giants,23,4,5.0,0
2026-08-16,686613,Seattle Mariners,22,5,5.0,1
2026-08-22,686613,Athletics,24,4,5.67,1
2026-08-28,686613,New York Mets,25,10,6.67,0
2026-09-03,686613,Chicago White Sox,25,7,6.0,1
2026-05-04,686790,San Diego Padres,24,8,7.0,1
2026-05-11,686790,Los Angeles Dodgers,26,4,5.33,0
2026-05-16,686790,Athletics,26,5,6.67,0
2026-05-22,686790,Chicago White Sox,18,4,3.67,1
2026-05-27,686790,Arizona Diamondbacks,28,6,6.33,1
2026-06-02,686790,Milwaukee Brewers,22,4,5.0,0
2026-06-07,686790,Chicago Cubs,21,6,5.0,0
2026-06-13,686790,Chicago Cubs,20,4,3.67,1
2026-06-20,686790,Miami Marlins,20,1,3.0,0
2026-06-26,686790,Atlanta Braves,24,3,5.33,1
2026-07-01,686790,Arizona Diamondbacks,19,5,6.0,0
2026-07-07,686790,Toronto Blue Jays,18,0,2.33,1
2026-07-12,686790,Colorado Rockies,25,4,7.0,1
2026-07-20,686790,Kansas City Royals,19,3,4.0,0
2026-03-29,686799,Houston Astros,22,3,4.0,0
2026-04-04,686799,Seattle Mariners,23,7,5.67,1
2026-04-10,686799,Cincinnati Reds,27,2,7.0,0
2026-04-15,686799,New York Yankees,27,6,6.67,0
2026-04-21,686799,Toronto Blue Jays,23,1,5.67,1
2026-04-27,686799,Chicago White Sox,25,5,6.0,0
2026-05-03,686799,New York Mets,28,6,6.33,1
2026-05-09,686799,Toronto Blue Jays,25,0,4.0,0
2026-05-15,686799,Los Angeles Dodgers,27,4,6.0,1
2026-05-20,686799,Athletics,25,7,6.0,1
2026-05-26,686799,Detroit Tigers,20,4,4.0,0
2026-05-31,686799,Tampa Bay Rays,16,1,2.33,0
2026-06-06,686799,Los Angeles Dodgers,8,1,0.33,0
2026-07-30,686930,Boston Red Sox,21,6,5.0,1
2026-08-06,686930,Cincinnati Reds,21,7,4.33,0
2026-08-11,686930,Tampa Bay Rays,20,0,4.0,1
2026-08-17,686930,Kansas City Royals,18,2,2.67,0
2026-04-06,687064,Chicago White Sox,18,2,5.0,0
2026-04-24,687064,Boston Red Sox,25,5,5.67,1
2026-04-30,687064,Houston Astros,25,2,4.0,1
2026-05-06,687064,Miami Marlins,25,5,6.0,0
2026-05-11,687064,New York Yankees,22,5,5.33,1
2026-05-17,687064,Washington Nationals,19,3,3.67,0
2026-05-24,687064,Detroit Tigers,28,4,6.67,1
2026-05-30,687064,Toronto Blue Jays,27,7,6.67,1
2026-06-05,687064,Toronto Blue Jays,25,4,6.33,0
2026-06-10,687064,Seattle Mariners,25,5,7.0,1
2026-06-16,687064,Seattle Mariners,26,2,6.0,0
2026-06-21,687064,Los Angeles Dodgers,22,5,5.0,0
2026-06-27,687064,Washington Nationals,24,8,5.0,1
2026-07-04,687064,Cincinnati Reds,25,5,5.0,0
2026-07-10,687064,Kansas City Royals,27,5,7.0,1
2026-07-19,687064,Houston Astros,27,7,7.0,0
2026-07-25,687064,Atlanta Braves,25,6,6.33,1
2026-07-31,687064,Philadelphia Phillies,24,5,5.67,1
2026-08-06,687064,Los Angeles Angels,20,4,4.33,1
2026-08-11,687064,Minnesota Twins,28,4,6.0,0
2026-08-17,687064,Tampa Bay Rays,20,3,4.0,0
2026-08-22,687064,Tampa Bay Rays,22,3,5.67,1
2026-08-28,687064,Athletics,27,4,7.0,0
2026-09-03,687064,Boston Red Sox,27,7,6.67,1
2026-03-29,687075,Chicago White Sox,18,3,3.0,1
2026-04-16,687075,Toronto Blue Jays,24,6,6.67,1
2026-04-23,687075,Detroit Tigers,21,4,5.33,0
2026-04-29,687075,Arizona Diamondbacks,20,5,4.33,1
2026-05-06,687075,St. Louis Cardinals,16,5,4.0,0
2026-05-12,687075,San Diego Padres,23,6,5.33,1
2026-05-18,687075,Chicago Cubs,21,5,4.67,0
2026-05-24,687075,Los Angeles Dodgers,21,7,4.0,1
2026-05-30,687075,Houston Astros,21,4,4.33,0
2026-06-05,687075,Colorado Rockies,23,2,5.0,0
2026-06-10,687075,Athletics,21,3,6.0,0
2026-06-17,687075,Cleveland Guardians,15,6,3.67,1
2026-06-23,687075,Cincinnati Reds,19,10,6.0,0
2026-06-30,687075,Cincinnati Reds,21,7,5.33,1
2026-07-05,687075,Arizona Diamondbacks,20,4,4.0,0
2026-07-11,687075,Pittsburgh Pirates,16,3,3.0,0
2026-07-21,687075,New York Mets,21,4,4.67,1
2026-07-27,687075,San Francisco Giants,25,5,6.0,0
2026-08-03,687075,Pittsburgh Pirates,16,4,3.0,1
2026-08-01,687273,Toronto Blue Jays,24,3,5.0,0
2026-08-17,687273,Cincinnati Reds,17,7,4.0,0
2026-08-22,687273,Philadelphia Phillies,25,3,5.0,0
2026-08-28,687273,Pittsburgh Pirates,23,7,5.67,1
2026-09-03,687273,Los Angeles Dodgers,23,4,5.0,0
2026-07-08,687312,Los Angeles Dodgers,24,7,6.0,0
2026-07-17,687312,Cincinnati Reds,21,6,5.33,1
2026-07-22,687312,Washington Nationals,21,5,5.0,1
2026-07-29,687312,San Diego Padres,22,2,5.0,0
2026-08-04,687312,Tampa Bay Rays,22,7,5.33,1
2026-08-10,687312,Arizona Diamondbacks,22,3,4.0,0
2026-08-16,687312,San Francisco Giants,21,2,4.0,0
2026-08-22,687312,Cleveland Guardians,21,2,5.0,1
2026-08-27,687312,Washington Nationals,26,3,5.0,0
2026-09-01,687312,Baltimore Orioles,20,4,4.67,1
2026-06-05,687473,Tampa Bay Rays,10,1,2.0,1
2026-06-10,687473,Arizona Diamondbacks,16,4,4.0,1
2026-06-15,687473,Philadelphia Phillies,26,1,4.67,0
2026-06-21,687473,San Francisco Giants,18,6,4.33,1
2026-06-27,687473,St. Louis Cardinals,15,4,3.33,0
2026-07-02,687473,Colorado Rockies,16,2,3.0,0
2026-07-24,687473,San Diego Padres,13,4,3.33,1
2026-07-29,687473,Philadelphia Phillies,24,3,5.0,1
2026-08-04,687473,Atlanta Braves,23,5,6.0,0
2026-08-09,687473,Los Angeles Angels,18,4,4.0,1
2026-08-15,687473,Cincinnati Reds,21,6,4.67,0
2026-08-21,687473,Washington Nationals,18,2,4.0,1
2026-08-26,687473,Boston Red Sox,25,2,5.67,1
2026-08-31,687473,Washington Nationals,18,4,4.33,0
2026-05-01,687562,Houston Astros,20,3,5.0,1
2026-05-07,687562,Tampa Bay Rays,22,1,5.33,1
2026-06-10,687562,Tampa Bay Rays,23,4,5.0,0
2026-06-17,687562,Toronto Blue Jays,20,5,5.33,1
2026-06-22,687562,Colorado Rockies,21,9,6.0,0
2026-06-27,687562,New York Yankees,23,3,6.33,1
2026-07-03,687562,Los Angeles Angels,28,6,7.67,0
2026-07-08,687562,Chicago White Sox,25,4,7.0,0
2026-07-17,687562,Tampa Bay Rays,21,3,6.0,1
2026-07-22,687562,Baltimore Orioles,26,4,5.67,1
2026-07-28,687562,Athletics,27,4,6.33,0
2026-08-02,687562,Los Angeles Dodgers,24,4,5.67,0
2026-08-08,687562,Athletics,25,5,5.33,1
2026-08-14,687562,Pittsburgh Pirates,18,6,4.0,0
2026-08-23,687562,San Francisco Giants,29,6,7.0,1
2026-08-29,687562,New York Yankees,21,7,6.0,0
2026-09-03,687562,Baltimore Orioles,22,7,6.0,0
2026-04-22,687570,New York Mets,17,6,4.0,0
2026-04-27,687570,Seattle Mariners,19,5,5.0,1
2026-05-02,687570,Toronto Blue Jays,20,4,5.0,1
2026-05-08,687570,Cleveland Guardians,23,6,5.0,0
2026-05-16,687570,Milwaukee Brewers,23,8,6.0,1
2026-05-22,687570,Boston Red Sox,21,1,4.0,0
2026-05-27,687570,Chicago White Sox,23,5,4.33,0
2026-06-02,687570,Chicago White Sox,27,7,6.0,1
2026-06-07,687570,Kansas City Royals,18,7,4.33,1
2026-06-13,687570,St. Louis Cardinals,26,2,6.0,1
2026-06-19,687570,Arizona Diamondbacks,30,4,6.0,0
2026-06-28,687570,Colorado Rockies,26,10,6.0,1
2026-07-08,687570,Cleveland Guardians,21,6,5.0,1
2026-07-26,687570,Athletics,18,5,5.67,1
2026-08-01,687570,Seattle Mariners,24,5,5.33,0
2026-08-09,687570,Milwaukee Brewers,20,7,5.0,0
2026-08-15,687570,Philadelphia Phillies,26,6,5.0,1
2026-08-21,687570,San Diego Padres,26,7,6.0,0
2026-08-26,687570,Athletics,22,5,5.33,0
2026-05-29,687606,San Diego Padres,6,1,1.0,1
2026-08-12,687911,San Francisco Giants,4,1,0.67,0
2026-06-17,687931,Atlanta Braves,23,2,5.0,0
2026-07-09,687931,Colorado Rockies,23,4,5.67,1
2026-07-26,687931,Los Angeles Angels,21,7,5.0,1
2026-07-31,687931,San Diego Padres,20,3,3.33,0
2026-08-05,687931,Texas Rangers,18,4,3.33,0
2026-08-11,687931,Houston Astros,25,2,5.67,1
2026-08-18,687931,Cleveland Guardians,23,1,4.0,0
2026-08-24,687931,Cincinnati Reds,11,3,2.67,1
2026-08-17,687941,Arizona Diamondbacks,4,1,1.33,1
2026-08-29,687941,New York Yankees,5,1,1.33,0
2026-05-17,688107,Minnesota Twins,20,3,4.0,0
2026-05-23,688107,Los Angeles Dodgers,21,4,4.33,1
2026-06-03,688107,San Francisco Giants,21,5,5.0,1
2026-06-09,688107,Athletics,25,7,5.0,0
2026-06-16,688107,Cleveland Guardians,20,5,5.67,1
2026-06-21,688107,Atlanta Braves,23,7,6.0,0
2026-06-29,688107,Cincinnati Reds,24,5,5.67,1
2026-07-07,688107,St. Louis Cardinals,29,4,7.67,0
2026-07-12,688107,Pittsburgh Pirates,18,3,3.0,0
2026-07-19,688107,Miami Marlins,18,5,5.0,1
2026-07-25,688107,Colorado Rockies,23,4,6.0,1
2026-08-01,688107,Los Angeles Angels,21,6,5.0,0
2026-08-08,688107,Minnesota Twins,23,3,4.67,1
2026-08-14,688107,Los Angeles Dodgers,28,7,6.33,0
2026-08-20,688107,Seattle Mariners,20,4,3.67,1
2026-09-01,688107,Chicago Cubs,19,4,4.33,0
2026-05-21,688642,Arizona Diamondbacks,17,4,5.0,0
2026-06-06,688642,Milwaukee Brewers,15,1,3.0,1
2026-08-29,688642,Atlanta Braves,11,1,2.67,0
2026-04-04,689254,Chicago White Sox,6,0,1.0,0
2026-05-16,689254,Detroit Tigers,5,3,1.33,0
2026-06-04,689254,Atlanta Braves,6,1,1.33,0
2026-08-21,689254,New York Yankees,4,0,0.67,0
2026-05-27,689818,Minnesota Twins,19,4,6.0,1
2026-06-01,689818,Minnesota Twins,23,4,4.0,0
2026-06-26,689818,Kansas City Royals,22,6,6.0,1
2026-04-30,690928,Pittsburgh Pirates,19,4,4.33,0
2026-06-11,690928,New York Mets,20,5,4.33,0
2026-07-07,690928,Milwaukee Brewers,22,4,5.0,1
2026-07-22,690928,Los Angeles Angels,24,5,6.0,0
2026-08-04,690928,New York Yankees,26,4,6.33,0
2026-08-10,690928,Philadelphia Phillies,22,6,5.0,1
2026-08-16,690928,Chicago Cubs,21,7,5.0,0
2026-08-21,690928,Philadelphia Phillies,19,3,4.0,0
2026-04-04,690953,Tampa Bay Rays,22,3,4.0,1
2026-04-09,690953,Detroit Tigers,25,6,6.0,1
2026-04-14,690953,Boston Red Sox,26,10,7.0,1
2026-03-30,690986,Tampa Bay Rays,20,8,5.0,1
2026-04-05,690986,Kansas City Royals,21,6,5.33,0
2026-04-11,690986,Washington Nationals,19,1,4.33,1
2026-04-21,690986,Detroit Tigers,17,3,3.0,0
2026-04-26,690986,Pittsburgh Pirates,19,12,6.0,1
2026-05-02,690986,Washington Nationals,24,5,6.0,0
2026-05-09,690986,New York Yankees,20,6,4.0,1
2026-05-14,690986,San Diego Padres,20,7,5.0,1
2026-05-20,690986,Chicago Cubs,23,11,7.0,0
2026-05-26,690986,St. Louis Cardinals,23,2,6.0,1
2026-06-02,690986,San Francisco Giants,23,12,5.67,1
2026-06-08,690986,Athletics,17,4,2.33,0
2026-06-14,690986,Philadelphia Phillies,21,3,6.0,1
2026-06-20,690986,Atlanta Braves,23,7,6.33,0
2026-06-27,690986,Chicago Cubs,19,9,5.0,1
2026-07-03,690986,Arizona Diamondbacks,15,3,2.67,0
2026-07-08,690986,St. Louis Cardinals,17,2,4.0,0
2026-08-05,690986,Pittsburgh Pirates,16,10,5.0,1
2026-08-11,690986,San Diego Padres,27,3,4.67,0
2026-08-18,690986,Seattle Mariners,18,8,5.0,1
2026-08-25,690986,New York Mets,21,5,5.0,0
2026-08-31,690986,Chicago Cubs,24,3,3.67,0
2026-03-29,690997,Pittsburgh Pirates,22,8,5.0,1
2026-04-03,690997,San Francisco Giants,19,4,5.33,0
2026-04-09,690997,Arizona Diamondbacks,23,8,6.33,1
2026-04-14,690997,Los Angeles Dodgers,25,8,7.0,0
2026-04-21,690997,Minnesota Twins,25,10,6.67,1
2026-04-26,690997,Colorado Rockies,21,7,5.0,1
2026-05-02,690997,Los Angeles Angels,18,6,4.0,0
2026-05-08,690997,Arizona Diamondbacks,22,6,6.0,0
2026-05-14,690997,Detroit Tigers,28,7,7.0,1
2026-05-19,690997,Washington Nationals,31,5,5.67,0
2026-05-25,690997,Cincinnati Reds,19,6,3.33,1
2026-05-31,690997,Miami Marlins,23,2,5.0,1
2026-06-06,690997,San Diego Padres,23,5,6.0,0
2026-06-12,690997,Atlanta Braves,18,6,4.0,1
2026-06-17,690997,Cincinnati Reds,27,9,7.0,0
2026-06-24,690997,Chicago Cubs,28,9,6.0,1
2026-06-30,690997,Toronto Blue Jays,25,7,6.0,0
2026-07-05,690997,Atlanta Braves,25,5,6.0,0
2026-07-10,690997,Boston Red Sox,26,7,6.0,1
2026-07-19,690997,Philadelphia Phillies,21,10,6.0,0
2026-07-25,690997,Los Angeles Dodgers,27,7,6.0,1
2026-07-30,690997,Miami Marlins,26,6,6.33,1
2026-08-06,690997,Cleveland Guardians,26,8,5.0,0
2026-08-11,690997,Atlanta Braves,20,3,6.0,0
2026-08-17,690997,San Diego Padres,26,3,6.0,1
2026-08-23,690997,Chicago White Sox,24,6,6.0,0
2026-08-29,690997,Houston Astros,26,4,7.0,1
2026-09-04,690997,San Francisco Giants,27,7,6.0,1
2026-03-28,691587,Colorado Rockies,27,8,7.0,1
2026-04-03,691587,New York Yankees,20,4,4.0,0
2026-04-08,691587,Cincinnati Reds,24,6,5.0,1
2026-04-13,691587,Atlanta Braves,20,2,4.0,0
2026-04-19,691587,Milwaukee Brewers,21,7,6.0,1
2026-04-25,691587,San Francisco Giants,24,6,5.33,0
2026-05-01,691587,Philadelphia Phillies,22,6,5.0,1
2026-05-06,691587,Baltimore Orioles,24,6,5.0,1
2026-05-12,691587,Minnesota Twins,25,8,6.0,0
2026-05-17,691587,Tampa Bay Rays,23,5,5.0,0
2026-05-22,691587,New York Mets,20,5,6.33,1
2026-05-27,691587,Toronto Blue Jays,15,9,4.0,0
2026-06-24,691587,Texas Rangers,15,1,4.67,1
2026-06-30,691587,Colorado Rockies,22,8,5.33,0
2026-07-05,691587,Athletics,21,8,7.0,0
2026-07-11,691587,Cleveland Guardians,26,6,6.0,1
2026-07-19,691587,Milwaukee Brewers,22,9,6.0,0
2026-07-25,691587,San Diego Padres,28,2,7.0,1
2026-07-30,691587,New York Mets,24,6,6.0,0
2026-08-05,691587,Atlanta Braves,24,9,5.0,0
2026-08-11,691587,Pittsburgh Pirates,24,7,7.0,1
2026-08-16,691587,Cincinnati Reds,23,5,6.0,0
2026-08-22,691587,Washington Nationals,21,4,5.0,1
2026-08-28,691587,Washington Nationals,15,5,3.0,0
2026-09-02,691587,Kansas City Royals,26,3,4.67,0
2026-03-31,691725,Washington Nationals,21,8,5.33,1
2026-04-06,691725,San Francisco Giants,21,1,4.0,0
2026-04-19,691725,Atlanta Braves,19,4,4.0,1
2026-04-24,691725,Atlanta Braves,28,1,5.67,0
2026-05-02,691725,Miami Marlins,25,7,5.0,0
2026-05-07,691725,Athletics,20,2,3.67,1
2026-05-13,691725,Boston Red Sox,19,4,5.0,0
2026-05-18,691725,Cincinnati Reds,22,3,6.0,1
2026-05-24,691725,Cleveland Guardians,24,3,6.33,1
2026-05-31,691725,Los Angeles Dodgers,18,3,3.33,0
2026-06-06,691725,Chicago White Sox,25,4,4.67,1
2026-06-17,691725,Miami Marlins,14,3,2.0,1
2026-07-31,691725,Baltimore Orioles,23,6,6.0,0
2026-08-05,691725,Washington Nationals,17,4,4.0,1
2026-08-10,691725,St. Louis Cardinals,21,6,5.33,0
2026-08-16,691725,Minnesota Twins,23,2,5.0,0
2026-08-22,691725,St. Louis Cardinals,27,8,7.0,1
2026-08-28,691725,Los Angeles Angels,22,6,6.0,0
2026-09-02,691725,Arizona Diamondbacks,24,6,7.0,0
2026-04-03,691799,Toronto Blue Jays,3,1,1.0,1
2026-04-04,691799,Toronto Blue Jays,3,1,1.0,1
2026-04-06,691799,Baltimore Orioles,4,1,1.0,1
2026-04-12,691799,Kansas City Royals,6,2,2.0,0
2026-04-05,691946,Seattle Mariners,16,4,2.67,1
2026-04-11,691946,Cincinnati Reds,16,2,2.0,0
2026-08-07,691946,Miami Marlins,20,3,4.0,0
2026-08-12,691946,Texas Rangers,24,5,6.0,1
2026-08-18,691946,Houston Astros,25,7,7.0,0
2026-08-24,691946,Cleveland Guardians,24,3,5.33,1
2026-05-05,691951,Chicago White Sox,18,0,4.0,1
2026-06-12,691951,Tampa Bay Rays,21,4,5.0,1
2026-06-17,691951,Arizona Diamondbacks,19,1,3.0,0
2026-06-22,691951,Baltimore Orioles,21,3,4.67,1
2026-06-28,691951,Athletics,21,4,5.0,1
2026-07-04,691951,Boston Red Sox,18,2,4.0,1
2026-03-28,693433,Cleveland Guardians,23,9,6.0,1
2026-04-03,693433,Los Angeles Angels,23,6,7.0,0
2026-04-08,693433,Texas Rangers,22,2,5.0,0
2026-04-14,693433,San Diego Padres,29,3,7.0,0
2026-04-19,693433,Texas Rangers,26,6,7.0,1
2026-04-25,693433,St. Louis Cardinals,18,1,3.0,0
2026-05-01,693433,Kansas City Royals,25,2,6.0,1
2026-05-06,693433,Atlanta Braves,21,9,6.0,1
2026-05-12,693433,Houston Astros,24,9,6.0,0
2026-05-18,693433,Chicago White Sox,22,8,6.0,1
2026-05-24,693433,Kansas City Royals,23,4,4.67,0
2026-05-30,693433,Arizona Diamondbacks,23,9,7.0,1
2026-06-05,693433,Detroit Tigers,27,7,6.33,0
2026-06-11,693433,Baltimore Orioles,23,4,5.0,0
2026-06-18,693433,Baltimore Orioles,25,9,7.0,1
2026-06-24,693433,Pittsburgh Pirates,20,4,4.0,0
2026-06-30,693433,Los Angeles Angels,25,5,6.33,1
2026-07-07,693433,Miami Marlins,25,5,5.0,0
2026-07-18,693433,San Francisco Giants,26,7,6.0,1
2026-07-25,693433,Texas Rangers,25,5,5.0,0
2026-07-30,693433,Los Angeles Dodgers,22,8,5.0,0
2026-08-05,693433,Detroit Tigers,26,5,7.0,1
2026-08-11,693433,New York Yankees,18,5,5.0,0
2026-08-16,693433,Houston Astros,22,5,6.0,0
2026-08-26,693433,Philadelphia Phillies,18,5,4.0,1
2026-09-01,693433,Boston Red Sox,25,7,6.0,0
2026-03-27,693645,San Francisco Giants,17,8,5.33,0
2026-04-01,693645,Seattle Mariners,21,7,6.33,0
2026-04-07,693645,Athletics,20,7,5.0,1
2026-04-12,693645,Tampa Bay Rays,23,8,5.0,0
2026-04-17,693645,Kansas City Royals,24,6,6.0,1
2026-04-23,693645,Boston Red Sox,28,5,8.0,0
2026-04-28,693645,Texas Rangers,23,8,6.0,0
2026-05-04,693645,Baltimore Orioles,25,4,5.67,1
2026-05-09,693645,Milwaukee Brewers,21,6,6.0,0
2026-05-15,693645,New York Mets,24,9,6.67,0
2026-05-20,693645,Toronto Blue Jays,27,7,6.0,1
2026-05-26,693645,Kansas City Royals,22,6,6.0,0
2026-06-02,693645,Cleveland Guardians,20,3,4.33,1
2026-06-07,693645,Boston Red Sox,22,5,5.67,1
2026-06-13,693645,Toronto Blue Jays,29,7,7.0,0
2026-06-19,693645,Cincinnati Reds,23,13,6.0,1
2026-06-25,693645,Boston Red Sox,25,9,5.0,0
2026-06-30,693645,Detroit Tigers,20,5,4.0,1
2026-07-06,693645,Tampa Bay Rays,28,8,8.0,0
2026-07-11,693645,Washington Nationals,27,6,6.67,0
2026-07-19,693645,Los Angeles Dodgers,20,8,4.33,1
2026-07-24,693645,Philadelphia Phillies,26,12,7.33,0
2026-07-29,693645,Chicago White Sox,23,8,6.33,0
2026-08-03,693645,St. Louis Cardinals,17,6,3.0,1
2026-08-09,693645,Atlanta Braves,24,11,7.0,1
2026-08-15,693645,Toronto Blue Jays,23,7,5.33,0
2026-08-21,693645,Toronto Blue Jays,25,4,6.0,1
2026-08-28,693645,Boston Red Sox,24,8,5.67,1
2026-09-02,693645,Los Angeles Angels,26,9,8.0,0
2026-05-10,693686,Los Angeles Angels,11,2,3.0,1
2026-05-31,693686,Baltimore Orioles,17,2,3.0,0
2026-07-07,693686,San Francisco Giants,18,1,4.0,0
2026-07-17,693686,Chicago White Sox,18,4,4.0,1
2026-08-26,693686,Kansas City Royals,8,1,2.0,1
2026-09-01,693686,Cleveland Guardians,4,0,1.0,0
2026-03-30,693821,Athletics,23,5,6.0,1
2026-04-04,693821,Arizona Diamondbacks,24,8,7.0,0
2026-04-10,693821,Cleveland Guardians,21,3,4.67,1
2026-04-15,693821,Miami Marlins,23,7,5.67,1
2026-04-20,693821,Washington Nationals,27,6,6.67,0
2026-04-25,693821,Philadelphia Phillies,28,2,7.0,1
2026-04-30,693821,Detroit Tigers,26,5,6.0,1
2026-05-05,693821,Seattle Mariners,23,9,6.0,0
2026-05-10,693821,Los Angeles Dodgers,22,8,5.67,0
2026-05-16,693821,Boston Red Sox,32,3,8.0,1
2026-05-22,693821,Washington Nationals,24,4,6.0,1
2026-05-27,693821,Boston Red Sox,20,1,3.33,0
2026-06-02,693821,Toronto Blue Jays,27,6,6.67,1
2026-06-07,693821,Pittsburgh Pirates,22,4,6.0,1
2026-06-14,693821,New York Mets,24,2,4.0,0
2026-06-21,693821,Milwaukee Brewers,32,6,6.0,1
2026-06-27,693821,San Francisco Giants,17,4,4.0,0
2026-07-09,693821,Pittsburgh Pirates,20,3,4.0,0
2026-07-20,693821,San Diego Padres,22,4,6.0,1
2026-07-25,693821,Baltimore Orioles,22,8,5.0,0
2026-07-31,693821,Washington Nationals,25,3,6.0,1
2026-08-05,693821,Miami Marlins,25,3,7.0,1
2026-08-10,693821,New York Mets,27,4,5.0,1
2026-08-16,693821,Arizona Diamondbacks,23,5,6.0,1
2026-08-25,693821,Los Angeles Dodgers,27,5,6.0,1
2026-08-31,693821,San Francisco Giants,27,3,5.33,1
2026-05-15,693855,Miami Marlins,8,2,2.0,1
2026-06-08,693855,Boston Red Sox,14,5,4.0,1
2026-06-20,693855,Washington Nationals,22,4,5.0,1
2026-07-02,693855,Kansas City Royals,23,8,6.0,0
2026-07-07,693855,New York Yankees,21,12,5.33,1
2026-07-12,693855,Seattle Mariners,19,3,3.33,1
2026-07-18,693855,Boston Red Sox,13,4,3.0,0
2026-08-03,693855,Colorado Rockies,25,9,6.0,0
2026-08-09,693855,Seattle Mariners,25,7,6.0,0
2026-08-15,693855,Baltimore Orioles,26,9,6.0,1
2026-08-20,693855,Toronto Blue Jays,22,8,5.0,1
2026-08-31,693855,New York Mets,24,10,6.33,1
2026-03-31,694297,Detroit Tigers,24,3,6.0,1
2026-04-05,694297,Atlanta Braves,21,2,4.67,1
2026-04-11,694297,Philadelphia Phillies,28,6,6.0,0
2026-06-30,694297,San Francisco Giants,19,2,5.33,1
2026-07-06,694297,San Diego Padres,19,6,5.0,0
2026-07-11,694297,Los Angeles Dodgers,22,2,5.33,0
2026-07-18,694297,St. Louis Cardinals,23,3,5.33,1
2026-07-23,694297,St. Louis Cardinals,26,1,6.0,0
2026-07-28,694297,Pittsburgh Pirates,28,4,7.0,0
2026-08-03,694297,San Diego Padres,25,3,6.67,1
2026-08-08,694297,Los Angeles Dodgers,23,2,7.0,1
2026-08-14,694297,Atlanta Braves,23,7,7.0,0
2026-08-19,694297,Boston Red Sox,24,8,5.67,0
2026-08-25,694297,Chicago Cubs,28,3,6.67,1
2026-08-31,694297,Philadelphia Phillies,24,1,6.0,1
2026-07-07,694335,Milwaukee Brewers,4,1,1.0,1
2026-05-03,694346,New York Yankees,21,2,4.67,0
2026-05-27,694346,Tampa Bay Rays,24,1,5.67,1
2026-06-08,694346,Seattle Mariners,19,0,4.67,1
2026-06-13,694346,San Diego Padres,22,7,4.33,1
2026-06-19,694346,Los Angeles Dodgers,26,8,5.0,0
2026-06-24,694346,Los Angeles Angels,18,5,4.0,0
2026-06-30,694346,Chicago White Sox,21,5,2.67,1
2026-07-24,694360,Detroit Tigers,7,0,1.0,0
2026-05-15,694361,Los Angeles Angels,8,2,2.0,0
2026-06-22,694361,Minnesota Twins,6,2,1.0,0
2026-07-19,694361,New York Yankees,6,1,1.0,0
2026-03-28,694477,Chicago White Sox,19,4,4.33,1
2026-04-04,694477,Kansas City Royals,20,3,5.0,0
2026-04-15,694477,Toronto Blue Jays,24,2,6.67,1
2026-04-28,694477,Arizona Diamondbacks,20,5,5.0,1
2026-05-04,694477,St. Louis Cardinals,20,4,3.33,0
2026-05-27,694477,St. Louis Cardinals,17,4,4.0,1
2026-03-30,694738,San Diego Padres,21,7,6.0,0
2026-04-04,694738,New York Mets,23,7,4.67,1
2026-04-10,694738,Baltimore Orioles,25,4,6.0,0
2026-04-16,694738,Cincinnati Reds,21,6,6.0,0
2026-04-21,694738,Los Angeles Dodgers,20,7,5.0,1
2026-04-26,694738,Miami Marlins,27,6,7.67,1
2026-05-02,694738,Tampa Bay Rays,22,6,4.33,0
2026-05-09,694738,Pittsburgh Pirates,18,8,4.0,1
2026-05-14,694738,Los Angeles Dodgers,24,7,5.33,0
2026-05-19,694738,Arizona Diamondbacks,23,3,6.0,0
2026-05-25,694738,Arizona Diamondbacks,24,7,5.0,1
2026-06-01,694738,Milwaukee Brewers,23,4,4.0,0
2026-06-06,694738,Chicago Cubs,22,5,5.67,0
2026-06-12,694738,Chicago Cubs,20,5,4.67,1
2026-06-19,694738,Miami Marlins,25,7,6.0,0
2026-06-25,694738,Athletics,24,6,6.0,1
2026-06-30,694738,Arizona Diamondbacks,19,4,2.67,0
2026-07-06,694738,Toronto Blue Jays,30,5,8.0,1
2026-07-17,694738,Seattle Mariners,24,2,7.0,0
2026-07-22,694738,Kansas City Royals,22,7,6.0,0
2026-07-28,694738,Milwaukee Brewers,18,1,3.67,1
2026-08-02,694738,San Diego Padres,24,6,4.67,0
2026-08-08,694738,Detroit Tigers,23,3,5.33,1
2026-08-14,694738,Colorado Rockies,26,5,5.67,1
2026-08-20,694738,Cleveland Guardians,26,2,5.33,0
2026-08-27,694738,Arizona Diamondbacks,21,3,5.0,1
2026-09-02,694738,Pittsburgh Pirates,19,4,5.0,0
2026-03-26,694819,Chicago White Sox,20,11,5.0,1
2026-04-01,694819,Tampa Bay Rays,25,7,6.0,1
2026-04-07,694819,Boston Red Sox,22,10,5.33,0
2026-04-14,694819,Toronto Blue Jays,21,5,5.33,1
2026-04-19,694819,Miami Marlins,23,9,5.0,0
2026-04-25,694819,Pittsburgh Pirates,26,9,6.0,1
2026-05-01,694819,Washington Nationals,18,8,5.33,0
2026-05-08,694819,New York Yankees,22,11,6.0,1
2026-05-13,694819,San Diego Padres,25,10,7.0,1
2026-05-19,694819,Chicago Cubs,22,8,6.0,0
2026-05-25,694819,St. Louis Cardinals,24,12,7.0,1
2026-05-31,694819,Houston Astros,25,8,7.0,0
2026-06-06,694819,Colorado Rockies,29,8,7.0,0
2026-06-12,694819,Philadelphia Phillies,27,15,9.0,1
2026-06-19,694819,Atlanta Braves,24,7,6.0,0
2026-06-26,694819,Chicago Cubs,23,8,6.0,1
2026-07-02,694819,Cincinnati Reds,21,10,5.0,1
2026-07-07,694819,St. Louis Cardinals,25,11,7.0,0
2026-07-20,694819,New York Mets,17,6,4.0,1
2026-07-26,694819,Colorado Rockies,17,12,5.0,1
2026-08-02,694819,Los Angeles Angels,24,10,7.0,0
2026-08-09,694819,Minnesota Twins,23,9,6.0,1
2026-08-15,694819,Los Angeles Dodgers,24,6,6.0,0
2026-08-21,694819,Atlanta Braves,23,6,6.0,1
2026-08-27,694819,New York Mets,21,6,6.0,0
2026-09-02,694819,Chicago Cubs,21,5,4.0,0
2026-08-04,694918,Texas Rangers,22,3,5.0,0
2026-08-10,694918,Houston Astros,22,6,5.67,1
2026-08-16,694918,Colorado Rockies,19,1,4.33,1
2026-08-22,694918,Boston Red Sox,21,7,5.67,0
2026-08-28,694918,Arizona Diamondbacks,23,4,5.0,1
2026-09-03,694918,Pittsburgh Pirates,22,5,5.0,0
2026-03-26,694973,New York Mets,9,1,0.67,0
2026-04-01,694973,Cincinnati Reds,20,5,5.0,0
2026-04-07,694973,San Diego Padres,23,6,6.33,1
2026-04-13,694973,Washington Nationals,20,6,6.0,1
2026-04-18,694973,Tampa Bay Rays,16,5,4.0,1
2026-04-24,694973,Milwaukee Brewers,22,7,7.0,0
2026-04-30,694973,St. Louis Cardinals,23,9,5.0,1
2026-05-06,694973,Arizona Diamondbacks,26,7,8.0,0
2026-05-12,694973,Colorado Rockies,26,10,8.0,1
2026-05-17,694973,Philadelphia Phillies,23,7,5.0,1
2026-05-23,694973,Toronto Blue Jays,24,2,5.0,0
2026-05-28,694973,Chicago Cubs,23,10,5.33,1
2026-06-03,694973,Houston Astros,23,7,4.67,0
2026-06-09,694973,Los Angeles Dodgers,25,7,6.0,1
2026-06-14,694973,Miami Marlins,23,10,6.0,1
2026-06-20,694973,Colorado Rockies,24,8,6.0,0
2026-06-26,694973,Cincinnati Reds,23,7,5.0,1
2026-07-01,694973,Philadelphia Phillies,22,5,4.0,0
2026-07-07,694973,Atlanta Braves,25,4,6.0,1
2026-07-12,694973,Milwaukee Brewers,20,7,5.33,1
2026-07-19,694973,Cleveland Guardians,25,8,7.0,0
2026-07-25,694973,Chicago Cubs,25,11,5.33,1
2026-07-31,694973,Cincinnati Reds,22,7,4.0,0
2026-08-05,694973,Milwaukee Brewers,20,6,5.0,0
2026-08-11,694973,Miami Marlins,21,4,5.0,0
2026-08-19,694973,Detroit Tigers,20,5,4.33,1
2026-08-25,694973,San Diego Padres,21,4,6.0,0
2026-09-01,694973,San Francisco Giants,25,4,4.67,1
2026-03-29,695076,Boston Red Sox,20,5,5.0,1
2026-04-04,695076,Texas Rangers,23,4,6.0,0
2026-04-09,695076,Miami Marlins,26,2,5.33,0
2026-04-15,695076,San Francisco Giants,25,4,6.67,1
2026-04-20,695076,Tampa Bay Rays,24,3,6.0,0
2026-04-26,695076,Detroit Tigers,22,7,5.0,1
2026-05-02,695076,Pittsburgh Pirates,13,1,1.33,0
2026-05-07,695076,Chicago Cubs,13,1,3.0,0
2026-06-07,695076,St. Louis Cardinals,16,4,3.0,0
2026-06-13,695076,Arizona Diamondbacks,25,6,5.67,1
2026-06-19,695076,New York Yankees,25,5,5.33,0
2026-06-24,695076,Milwaukee Brewers,27,6,5.67,1
2026-06-30,695076,Milwaukee Brewers,26,8,4.67,0
2026-07-18,695076,Colorado Rockies,18,2,2.33,0
2026-07-24,695076,St. Louis Cardinals,18,4,5.0,0
2026-07-30,695076,Pittsburgh Pirates,23,5,6.0,1
2026-08-05,695076,Athletics,24,3,6.0,1
2026-08-12,695076,Chicago White Sox,23,4,5.33,0
2026-08-17,695076,St. Louis Cardinals,29,5,6.67,1
2026-08-22,695076,Arizona Diamondbacks,26,1,6.0,0
2026-08-28,695076,Chicago Cubs,21,5,5.0,0
2026-09-04,695076,Milwaukee Brewers,23,2,4.0,1
2026-07-01,695418,Boston Red Sox,11,1,2.33,0
2026-08-09,695418,Cincinnati Reds,11,4,2.67,1
2026-08-15,695418,New York Mets,7,1,0.67,0
2026-08-21,695418,Miami Marlins,10,1,2.67,0
2026-09-02,695418,Atlanta Braves,14,6,3.33,1
2026-03-30,695505,Pittsburgh Pirates,19,7,5.0,1
2026-04-05,695505,Texas Rangers,24,9,6.0,0
2026-04-10,695505,Los Angeles Angels,27,2,5.33,1
2026-04-16,695505,San Francisco Giants,18,4,6.0,1
2026-04-21,695505,Tampa Bay Rays,23,8,5.67,0
2026-04-28,695505,Colorado Rockies,26,9,6.0,1
2026-05-03,695505,Pittsburgh Pirates,24,7,7.0,0
2026-05-09,695505,Houston Astros,23,2,6.0,1
2026-05-14,695505,Washington Nationals,23,7,6.0,1
2026-05-19,695505,Philadelphia Phillies,20,9,6.0,0
2026-05-26,695505,New York Mets,22,8,5.33,0
2026-06-03,695505,Kansas City Royals,24,9,6.0,1
2026-06-09,695505,San Diego Padres,24,7,5.33,0
2026-06-15,695505,New York Mets,22,7,5.0,1
2026-06-21,695505,New York Yankees,21,7,5.0,0
2026-06-27,695505,Pittsburgh Pirates,27,10,6.0,0
2026-07-02,695505,Milwaukee Brewers,23,4,6.0,0
2026-07-08,695505,Philadelphia Phillies,23,2,5.0,1
2026-07-21,695505,Seattle Mariners,20,6,5.0,0
2026-07-28,695505,Cleveland Guardians,22,4,5.0,1
2026-08-02,695505,Pittsburgh Pirates,22,9,6.0,1
2026-08-08,695505,Washington Nationals,25,6,5.33,0
2026-08-14,695505,Miami Marlins,24,8,7.0,1
2026-08-19,695505,St. Louis Cardinals,22,8,5.0,1
2026-08-24,695505,San Francisco Giants,19,5,3.67,0
2026-08-30,695505,Chicago Cubs,25,7,5.67,0
2026-05-04,695534,Chicago Cubs,23,1,5.67,0
2026-05-23,695534,St. Louis Cardinals,22,1,5.0,1
2026-08-07,695534,Washington Nationals,9,1,1.67,0
2026-08-08,695549,San Francisco Giants,16,4,5.0,0
2026-08-14,695549,Chicago White Sox,23,4,3.67,1
2026-08-19,695549,Pittsburgh Pirates,22,3,5.33,0
2026-08-25,695549,Tampa Bay Rays,19,4,4.33,1
2026-08-31,695549,Minnesota Twins,24,4,5.0,0
2026-05-26,695611,Seattle Mariners,25,5,5.0,1
2026-06-02,695611,Chicago Cubs,24,5,7.0,0
2026-06-07,695611,Houston Astros,24,3,6.33,0
2026-06-12,695611,Colorado Rockies,21,6,5.0,1
2026-06-18,695611,Los Angeles Angels,24,7,7.0,1
2026-06-24,695611,San Francisco Giants,18,9,5.0,0
2026-06-29,695611,Los Angeles Dodgers,24,5,4.67,1
2026-07-05,695611,Miami Marlins,21,1,3.0,1
2026-07-11,695611,Chicago White Sox,23,7,5.67,0
2026-07-17,695611,Washington Nationals,17,8,3.67,1
2026-07-22,695611,Arizona Diamondbacks,24,5,4.67,0
2026-07-28,695611,Boston Red Sox,22,7,6.0,1
2026-08-02,695611,Detroit Tigers,21,5,3.67,1
2026-08-08,695611,Boston Red Sox,27,11,6.0,0
2026-08-14,695611,Texas Rangers,23,1,5.33,1
2026-08-20,695611,Kansas City Royals,23,3,4.0,0
2026-08-25,695611,Minnesota Twins,24,9,6.33,1
2026-08-31,695611,Texas Rangers,22,2,4.33,0
2026-04-29,695684,Texas Rangers,20,3,4.0,0
2026-05-05,695684,Texas Rangers,24,2,4.67,1
2026-05-17,695684,New York Mets,20,1,4.33,0
2026-06-21,695684,Cincinnati Reds,19,4,4.0,1
2026-08-26,695684,Houston Astros,22,6,6.0,1
2026-08-31,695684,Los Angeles Angels,20,5,3.67,0
2026-05-18,696070,Houston Astros,15,3,4.0,1
2026-06-23,696070,Los Angeles Dodgers,10,4,2.0,1
2026-07-21,696070,Cleveland Guardians,10,2,2.33,0
2026-07-25,696070,Athletics,14,5,4.0,1
2026-03-31,696149,Cincinnati Reds,19,6,4.33,0
2026-04-06,696149,San Diego Padres,21,4,4.33,1
2026-04-12,696149,Chicago Cubs,23,4,5.33,0
2026-04-17,696149,Tampa Bay Rays,22,3,6.0,1
2026-04-23,696149,Texas Rangers,23,4,4.0,0
2026-04-29,696149,St. Louis Cardinals,22,6,5.0,1
2026-05-05,696149,Arizona Diamondbacks,22,4,5.0,0
2026-05-10,696149,San Francisco Giants,21,3,5.0,0
2026-05-16,696149,Philadelphia Phillies,16,2,3.0,1
2026-05-22,696149,Toronto Blue Jays,23,11,5.0,0
2026-05-27,696149,Chicago Cubs,24,5,5.0,1
2026-06-02,696149,Houston Astros,23,3,5.0,0
2026-06-13,696149,Miami Marlins,22,6,5.67,1
2026-06-19,696149,Colorado Rockies,26,1,6.0,0
2026-06-25,696149,Seattle Mariners,23,4,5.33,1
2026-06-30,696149,Philadelphia Phillies,29,6,6.33,0
2026-07-05,696149,Washington Nationals,21,0,4.0,0
2026-07-11,696149,Milwaukee Brewers,21,6,4.67,1
2026-07-22,696149,New York Yankees,21,5,6.33,0
2026-07-28,696149,Arizona Diamondbacks,21,3,4.0,1
2026-08-03,696149,Milwaukee Brewers,24,5,5.67,0
2026-08-08,696149,New York Mets,21,5,6.0,1
2026-08-14,696149,Boston Red Sox,20,5,5.0,1
2026-08-21,696149,Los Angeles Dodgers,19,6,4.0,0
2026-08-26,696149,San Diego Padres,22,3,5.67,0
2026-09-02,696149,San Francisco Giants,23,4,5.0,1
2026-03-30,696270,Chicago Cubs,21,2,3.33,0
2026-06-18,696270,Athletics,25,2,5.0,0
2026-06-23,696270,Baltimore Orioles,19,8,6.0,1
2026-06-29,696270,Seattle Mariners,20,3,5.0,0
2026-07-05,696270,Boston Red Sox,20,6,4.0,1
2026-07-11,696270,Minnesota Twins,18,1,5.0,0
2026-07-19,696270,Detroit Tigers,20,5,5.0,1
2026-07-25,696270,San Francisco Giants,20,4,3.33,0
2026-07-31,696270,Milwaukee Brewers,22,3,4.33,1
2026-08-06,696270,Baltimore Orioles,20,1,4.67,0
2026-08-11,696270,Texas Rangers,18,5,4.33,1
2026-08-16,696270,Kansas City Royals,22,4,5.33,1
2026-08-22,696270,Texas Rangers,24,3,7.0,0
2026-08-29,696270,Philadelphia Phillies,21,2,5.0,1
2026-09-04,696270,Pittsburgh Pirates,23,6,6.0,0
2026-05-06,699134,San Francisco Giants,3,0,1.0,0
2026-05-12,699134,Milwaukee Brewers,3,1,1.0,0
2026-06-17,699134,St. Louis Cardinals,4,1,1.0,0
2026-07-31,699134,San Francisco Giants,3,2,1.0,1
2026-03-28,700241,Tampa Bay Rays,21,5,6.0,1
2026-04-03,700241,Detroit Tigers,20,4,4.67,0
2026-04-08,700241,Washington Nationals,21,1,6.0,0
2026-04-14,700241,Cleveland Guardians,20,2,5.0,1
2026-04-20,700241,Miami Marlins,23,3,5.67,0
2026-04-26,700241,Seattle Mariners,22,6,6.0,1
2026-05-02,700241,Los Angeles Dodgers,20,3,6.0,1
2026-05-08,700241,San Diego Padres,21,9,6.0,0
2026-05-14,700241,Athletics,23,3,6.0,0
2026-05-20,700241,Pittsburgh Pirates,26,1,5.0,1
2026-05-26,700241,Milwaukee Brewers,22,6,4.0,0
2026-06-01,700241,Texas Rangers,23,1,6.0,1
2026-06-07,700241,Cincinnati Reds,23,5,6.0,1
2026-06-14,700241,Minnesota Twins,25,2,6.0,0
2026-06-19,700241,Kansas City Royals,23,2,5.0,0
2026-06-26,700241,Miami Marlins,22,4,6.0,1
2026-07-01,700241,Atlanta Braves,22,3,6.0,0
2026-07-08,700241,Milwaukee Brewers,24,6,6.33,1
2026-07-17,700241,Arizona Diamondbacks,26,5,6.33,0
2026-07-23,700241,Arizona Diamondbacks,27,3,6.33,1
2026-07-28,700241,Chicago Cubs,15,2,1.67,1
2026-08-03,700241,New York Yankees,18,5,4.33,0
2026-08-09,700241,Colorado Rockies,26,4,5.67,1
2026-08-15,700241,Chicago Cubs,25,6,6.0,0
2026-08-20,700241,Cincinnati Reds,20,4,5.33,0
2026-08-26,700241,Baltimore Orioles,28,3,5.0,1
2026-09-01,700241,Los Angeles Dodgers,22,4,5.0,0
2026-04-12,700249,San Francisco Giants,24,5,6.67,1
2026-05-01,700249,New York Yankees,20,4,4.0,0
2026-05-07,700249,Miami Marlins,14,1,3.0,0
2026-08-04,700249,Los Angeles Angels,23,7,6.0,1
2026-08-09,700249,Texas Rangers,15,2,3.0,0
2026-08-31,700249,Colorado Rockies,22,4,5.0,0
2026-08-27,700669,Baltimore Orioles,9,4,3.0,1
2026-04-19,700712,San Diego Padres,24,8,6.0,1
2026-04-25,700712,Kansas City Royals,21,3,3.67,0
2026-05-01,700712,New York Mets,19,4,5.0,1
2026-05-06,700712,Chicago White Sox,22,5,6.0,1
2026-05-12,700712,Cleveland Guardians,18,4,5.0,0
2026-05-18,700712,Athletics,26,4,6.0,1
2026-05-23,700712,Texas Rangers,23,6,5.0,1
2026-05-29,700712,Tampa Bay Rays,26,5,6.0,0
2026-06-03,700712,Colorado Rockies,24,7,6.0,1
2026-06-09,700712,Houston Astros,24,7,5.0,1
2026-06-15,700712,Arizona Diamondbacks,30,3,7.0,0
2026-06-20,700712,Athletics,20,6,5.0,0
2026-06-26,700712,Athletics,21,5,4.33,1
2026-07-02,700712,Seattle Mariners,24,6,5.67,0
2026-07-08,700712,Texas Rangers,17,3,4.0,0
2026-07-21,700712,St. Louis Cardinals,24,5,6.0,1
2026-07-27,700712,Houston Astros,23,5,6.0,1
2026-08-02,700712,Milwaukee Brewers,22,7,6.0,1
2026-08-08,700712,Miami Marlins,13,2,2.33,0
2026-08-13,700712,Texas Rangers,23,5,6.0,1
2026-08-19,700712,Houston Astros,20,7,5.0,0
2026-08-25,700712,Cleveland Guardians,21,3,3.67,1
2026-08-31,700712,New York Yankees,25,8,7.0,1
2026-03-28,701542,San Francisco Giants,19,3,4.33,0
2026-04-03,701542,Miami Marlins,21,6,5.67,1
2026-04-08,701542,Athletics,23,5,4.67,1
2026-04-13,701542,Los Angeles Angels,17,6,3.67,1
2026-04-18,701542,Kansas City Royals,25,11,7.0,1
2026-04-24,701542,Houston Astros,24,6,6.0,0
2026-05-01,701542,Baltimore Orioles,23,9,6.33,1
2026-05-06,701542,Texas Rangers,22,7,4.0,1
2026-05-12,701542,Baltimore Orioles,24,6,5.67,0
2026-05-19,701542,Toronto Blue Jays,22,3,5.0,1
2026-05-25,701542,Kansas City Royals,24,3,6.0,0
2026-05-31,701542,Athletics,27,5,6.0,0
2026-06-08,701542,Cleveland Guardians,20,5,4.33,0
2026-06-14,701542,Toronto Blue Jays,21,1,4.0,0
2026-06-20,701542,Cincinnati Reds,28,8,5.67,1
2026-06-26,701542,Boston Red Sox,27,0,5.67,0
2026-07-01,701542,Detroit Tigers,22,7,5.33,1
2026-07-07,701542,Tampa Bay Rays,21,3,4.0,0
2026-07-12,701542,Washington Nationals,19,2,5.0,0
2026-07-26,701542,Philadelphia Phillies,17,5,3.0,0
2026-07-31,701542,Chicago Cubs,23,7,6.67,0
2026-08-05,701542,St. Louis Cardinals,23,5,5.33,1
2026-08-12,701542,Seattle Mariners,21,3,4.0,1
2026-08-19,701542,Baltimore Orioles,18,5,4.0,0
2026-08-25,701542,Houston Astros,24,4,5.0,1
2026-08-30,701542,Boston Red Sox,27,7,7.0,1
2026-04-04,701656,Kansas City Royals,9,3,2.0,0
2026-05-03,701656,Washington Nationals,21,8,6.0,0
2026-05-10,701656,New York Yankees,19,5,5.0,1
2026-05-16,701656,Minnesota Twins,22,7,5.0,0
2026-05-22,701656,Los Angeles Dodgers,19,7,5.0,1
2026-07-09,701656,St. Louis Cardinals,21,4,5.33,0
2026-07-17,701656,Miami Marlins,17,4,5.0,1
2026-07-22,701656,New York Mets,20,9,5.0,1
2026-07-28,701656,San Francisco Giants,21,7,5.67,0
2026-08-04,701656,Pittsburgh Pirates,23,8,6.0,1
2026-08-10,701656,San Diego Padres,24,7,6.33,0
2026-08-16,701656,Los Angeles Dodgers,24,6,7.0,0
2026-08-22,701656,Atlanta Braves,24,4,6.0,1
2026-08-28,701656,Texas Rangers,22,7,7.0,1
2026-09-03,701656,Chicago Cubs,24,7,7.0,0
2026-05-29,701719,Cleveland Guardians,9,2,1.0,0
2026-04-28,702056,Boston Red Sox,20,3,5.33,1
2026-05-03,702056,Minnesota Twins,20,6,4.0,0
2026-05-09,702056,Los Angeles Angels,17,6,4.0,1
2026-05-15,702056,Detroit Tigers,24,6,6.0,0
2026-05-20,702056,New York Yankees,20,8,6.0,0
2026-05-25,702056,Miami Marlins,27,6,6.67,1
2026-05-30,702056,Baltimore Orioles,21,4,5.0,0
2026-06-05,702056,Baltimore Orioles,24,5,5.67,1
2026-06-12,702056,New York Yankees,25,3,5.0,1
2026-06-18,702056,Boston Red Sox,26,6,7.33,0
2026-06-24,702056,Houston Astros,25,5,5.67,1
2026-06-29,702056,New York Mets,25,3,6.67,1
2026-07-05,702056,Seattle Mariners,24,7,6.0,0
2026-07-11,702056,San Diego Padres,13,1,1.67,0
2026-07-19,702056,Chicago White Sox,24,9,6.0,1
2026-07-24,702056,Boston Red Sox,18,9,4.0,0
2026-07-29,702056,Washington Nationals,26,4,6.67,0
2026-08-04,702056,Houston Astros,7,0,2.0,0
2026-04-01,702070,Minnesota Twins,20,5,5.0,1
2026-04-07,702070,Cleveland Guardians,24,5,5.67,0
2026-04-12,702070,Chicago White Sox,23,4,5.33,1
2026-04-18,702070,New York Yankees,22,3,4.0,0
2026-04-24,702070,Los Angeles Angels,28,6,6.33,1
2026-04-30,702070,Athletics,27,5,5.33,0
2026-05-10,702070,Detroit Tigers,20,4,4.0,1
2026-05-16,702070,St. Louis Cardinals,23,4,6.0,0
2026-05-22,702070,Seattle Mariners,23,8,6.0,1
2026-05-27,702070,New York Yankees,20,4,5.0,1
2026-06-02,702070,Cincinnati Reds,22,8,7.0,0
2026-06-07,702070,Minnesota Twins,23,7,6.0,0
2026-06-13,702070,Houston Astros,20,1,4.33,1
2026-06-18,702070,St. Louis Cardinals,27,6,5.0,1
2026-06-24,702070,Tampa Bay Rays,27,5,5.0,0
2026-06-30,702070,Tampa Bay Rays,21,0,3.67,1
2026-07-06,702070,Philadelphia Phillies,26,7,5.0,1
2026-07-11,702070,Baltimore Orioles,27,9,7.0,0
2026-07-19,702070,San Diego Padres,26,1,5.0,1
2026-07-30,702070,Minnesota Twins,26,7,8.0,0
2026-08-05,702070,Minnesota Twins,28,9,8.0,1
2026-08-10,702070,Los Angeles Dodgers,24,2,5.67,0
2026-08-16,702070,Los Angeles Angels,29,8,9.0,0
2026-08-21,702070,Detroit Tigers,20,2,5.0,1
2026-08-27,702070,Toronto Blue Jays,25,3,6.0,0
2026-09-02,702070,Miami Marlins,22,7,5.0,1
2026-05-10,702193,Cleveland Guardians,3,0,1.0,0
2026-06-04,702193,Kansas City Royals,12,2,2.0,1
2026-09-01,702193,Detroit Tigers,5,0,1.0,1
2026-04-14,702273,Tampa Bay Rays,20,4,4.33,1
2026-04-19,702273,Athletics,18,6,5.0,0
2026-04-25,702273,Washington Nationals,25,8,6.0,1
2026-05-01,702273,San Diego Padres,22,2,6.0,0
2026-05-06,702273,Los Angeles Angels,21,3,3.67,0
2026-05-13,702273,Kansas City Royals,19,3,4.33,1
2026-05-18,702273,Seattle Mariners,23,6,5.33,0
2026-05-24,702273,San Francisco Giants,20,1,4.0,0
2026-07-01,702273,Baltimore Orioles,18,7,4.33,0
2026-07-07,702273,Boston Red Sox,24,3,5.0,1
2026-07-12,702273,Athletics,21,4,5.0,1
2026-07-21,702273,Texas Rangers,22,2,3.67,0
2026-07-27,702273,New York Yankees,14,5,3.33,1
2026-08-07,702273,Cleveland Guardians,5,1,0.33,1
2026-04-23,702275,Washington Nationals,26,7,7.0,0
2026-04-29,702275,Detroit Tigers,25,4,5.33,1
2026-05-04,702275,Seattle Mariners,24,2,5.0,0
2026-05-13,702275,Chicago Cubs,18,4,4.33,1
2026-05-18,702275,Miami Marlins,21,4,4.0,0
2026-06-17,702275,San Francisco Giants,22,4,5.0,1
2026-06-23,702275,San Diego Padres,24,7,5.0,0
2026-08-02,702275,Washington Nationals,20,4,4.0,1
2026-06-10,702474,Detroit Tigers,13,4,3.0,0
2026-06-15,702474,Texas Rangers,18,2,4.67,0
2026-06-21,702474,Arizona Diamondbacks,23,1,5.0,0
2026-06-27,702474,Colorado Rockies,24,2,5.33,1
2026-07-03,702474,New York Yankees,18,2,4.0,0
2026-06-21,703615,Minnesota Twins,18,3,5.0,1
2026-06-27,703615,Tampa Bay Rays,23,4,5.0,0
2026-07-03,703615,Milwaukee Brewers,19,3,3.33,1
2026-07-08,703615,San Diego Padres,21,2,4.33,0
2026-08-27,703615,San Francisco Giants,18,4,4.33,0
2026-03-30,800048,Los Angeles Dodgers,20,5,6.0,0
2026-04-05,800048,Chicago Cubs,20,6,5.0,1
2026-04-11,800048,Atlanta Braves,26,5,6.67,0
2026-04-16,800048,Baltimore Orioles,27,9,8.0,1
2026-04-21,800048,Houston Astros,20,4,5.0,1
2026-04-27,800048,Tampa Bay Rays,22,9,5.67,1
2026-05-03,800048,Athletics,21,6,5.0,0
2026-05-08,800048,Minnesota Twins,24,7,5.67,1
2026-05-13,800048,Los Angeles Angels,25,7,6.67,1
2026-05-19,800048,Detroit Tigers,21,6,5.0,0
2026-05-24,800048,Philadelphia Phillies,24,6,5.67,0
2026-05-30,800048,Boston Red Sox,22,4,5.0,1
2026-06-05,800048,Texas Rangers,23,4,5.67,0
2026-06-10,800048,New York Yankees,25,4,5.67,1
2026-06-18,800048,Milwaukee Brewers,25,9,6.0,0
2026-06-23,800048,Chicago White Sox,27,10,7.67,0
2026-06-29,800048,Texas Rangers,28,5,6.67,1
2026-07-04,800048,Chicago White Sox,23,3,5.0,1
2026-07-10,800048,Miami Marlins,22,1,6.0,0
2026-07-21,800048,Minnesota Twins,22,6,5.67,1
2026-07-26,800048,Tampa Bay Rays,29,6,7.67,0
2026-08-01,800048,Arizona Diamondbacks,20,6,4.33,1
2026-08-07,800048,Chicago White Sox,26,8,7.0,0
2026-08-13,800048,Detroit Tigers,23,6,5.67,0
2026-08-19,800048,San Francisco Giants,26,10,6.67,1
2026-08-24,800048,Los Angeles Angels,21,4,6.0,0
2026-08-30,800048,Kansas City Royals,25,5,6.0,1
2026-04-22,800311,Washington Nationals,18,7,3.0,0
2026-08-12,800600,Chicago Cubs,19,6,4.0,1
2026-08-18,800600,Texas Rangers,22,3,3.67,0
2026-08-23,800600,Miami Marlins,20,5,4.67,0
2026-08-28,800600,Miami Marlins,27,3,7.0,1
2026-09-04,800600,Los Angeles Dodgers,24,4,5.0,0
2026-04-23,801139,New York Yankees,22,11,6.0,1
2026-04-28,801139,Toronto Blue Jays,20,4,4.67,0
2026-05-04,801139,Detroit Tigers,25,8,7.0,0
2026-05-10,801139,Tampa Bay Rays,20,4,5.0,1
2026-05-16,801139,Atlanta Braves,28,3,8.0,0
2026-05-22,801139,Minnesota Twins,25,9,6.0,1
2026-05-28,801139,Atlanta Braves,21,7,4.67,1
2026-06-03,801139,Baltimore Orioles,26,5,6.0,1
2026-06-09,801139,Tampa Bay Rays,28,3,6.0,0
2026-06-16,801139,Toronto Blue Jays,21,6,5.0,1
2026-06-21,801139,Seattle Mariners,25,2,6.0,0
2026-06-26,801139,New York Yankees,24,7,7.0,1
2026-07-01,801139,Washington Nationals,20,5,3.0,1
2026-07-07,801139,Chicago White Sox,21,6,6.0,0
2026-07-12,801139,New York Mets,15,7,3.67,0
2026-07-20,801139,Baltimore Orioles,26,9,5.67,1
2026-07-27,801139,Athletics,22,7,5.33,0
2026-08-01,801139,Los Angeles Dodgers,26,7,6.0,0
2026-08-07,801139,Athletics,20,14,6.0,1
2026-08-13,801139,Toronto Blue Jays,26,4,8.0,0
2026-08-19,801139,Arizona Diamondbacks,22,6,5.0,1
2026-08-25,801139,Miami Marlins,22,7,5.33,0
2026-08-31,801139,Seattle Mariners,25,6,5.67,1
2026-04-26,801403,New York Mets,26,7,7.0,0
2026-05-08,801403,Philadelphia Phillies,24,5,5.67,0
2026-05-14,801403,Pittsburgh Pirates,9,0,1.0,0
2026-05-20,804267,Washington Nationals,19,3,4.33,0
2026-06-26,804267,Philadelphia Phillies,23,7,6.0,1
2026-07-12,804267,Boston Red Sox,25,5,7.0,1
2026-07-21,804267,Milwaukee Brewers,20,2,6.0,0
2026-07-27,804267,Atlanta Braves,23,5,6.33,1
2026-08-01,804267,Miami Marlins,24,2,4.67,1
2026-08-07,804267,Pittsburgh Pirates,19,3,5.0,0
2026-08-12,804267,Atlanta Braves,24,2,6.0,0
2026-08-18,804267,San Diego Padres,23,7,5.0,1
2026-08-25,804267,Milwaukee Brewers,23,4,6.0,1
2026-08-30,804267,Houston Astros,22,5,5.0,1
2026-05-14,805673,Miami Marlins,25,5,7.0,1
2026-05-19,805673,Houston Astros,23,6,6.0,1
2026-05-25,805673,Chicago White Sox,25,6,6.0,0
2026-05-31,805673,Pittsburgh Pirates,22,7,4.33,0
2026-06-05,805673,Kansas City Royals,27,2,7.0,1
2026-06-11,805673,Detroit Tigers,28,4,6.0,0
2026-06-16,805673,Texas Rangers,28,4,7.0,0
2026-06-22,805673,Los Angeles Dodgers,26,5,6.0,1
2026-06-29,805673,Houston Astros,25,7,7.0,0
2026-07-04,805673,New York Yankees,20,5,4.67,0
2026-07-10,805673,Los Angeles Angels,26,3,6.0,1
2026-07-19,805673,Chicago Cubs,22,4,3.0,0
2026-07-24,805673,Athletics,22,1,6.0,1
2026-07-31,805673,Seattle Mariners,22,10,5.0,0
2026-08-07,805673,Milwaukee Brewers,24,4,5.0,0
2026-08-12,805673,Baltimore Orioles,22,4,5.0,1
2026-08-18,805673,Atlanta Braves,23,4,5.67,1
2026-08-24,805673,Athletics,27,7,7.0,0
2026-08-30,805673,Chicago White Sox,30,5,8.33,1
2026-09-04,805673,Chicago White Sox,20,4,5.0,0
2026-08-18,806188,Philadelphia Phillies,7,1,1.33,0
2026-06-12,807743,Athletics,12,2,3.0,0
2026-06-17,807743,Chicago Cubs,23,2,4.0,0
2026-06-23,807743,Boston Red Sox,24,3,5.0,1
2026-06-29,807743,Miami Marlins,23,5,4.67,1
2026-07-04,807743,San Francisco Giants,32,4,5.67,1
2026-03-30,808963,Cleveland Guardians,18,4,4.0,1
2026-04-05,808963,Washington Nationals,23,5,5.0,0
2026-04-12,808963,Texas Rangers,22,6,4.0,1
2026-04-19,808963,Colorado Rockies,22,2,4.67,0
2026-04-25,808963,Chicago Cubs,23,5,5.0,1
2026-05-02,808963,St. Louis Cardinals,26,4,6.0,0
2026-05-11,808963,San Francisco Giants,23,5,5.0,1
2026-05-17,808963,Los Angeles Angels,24,8,7.0,0
2026-05-23,808963,Milwaukee Brewers,21,4,5.0,0
2026-05-30,808963,Philadelphia Phillies,20,7,5.33,1
2026-06-05,808963,Los Angeles Angels,25,10,7.0,1
2026-06-12,808963,Chicago White Sox,23,4,4.33,0
2026-06-19,808963,Baltimore Orioles,21,6,5.67,1
2026-06-26,808963,San Diego Padres,20,2,4.0,0
2026-07-02,808963,San Diego Padres,18,3,3.0,1
2026-07-08,808963,Colorado Rockies,23,5,6.0,1
2026-07-17,808963,New York Yankees,22,5,5.67,0
2026-07-24,808963,New York Mets,25,9,7.0,0
2026-07-30,808963,Seattle Mariners,24,7,5.33,1
2026-08-07,808963,Arizona Diamondbacks,23,5,6.0,0
2026-08-13,808963,Milwaukee Brewers,25,2,6.0,1
2026-08-19,808963,Colorado Rockies,22,6,5.0,0
2026-08-26,808963,Atlanta Braves,18,3,3.33,0
2026-03-26,808967,Arizona Diamondbacks,21,6,6.0,1
2026-04-01,808967,Cleveland Guardians,22,2,6.0,1
2026-04-07,808967,Toronto Blue Jays,24,6,6.0,0
2026-04-14,808967,New York Mets,28,7,7.67,1
2026-04-21,808967,San Francisco Giants,28,7,7.0,0
2026-04-27,808967,Miami Marlins,24,4,5.0,1
2026-05-04,808967,Houston Astros,23,8,6.0,0
2026-05-12,808967,San Francisco Giants,25,8,6.33,1
2026-05-18,808967,San Diego Padres,26,8,7.0,0
2026-05-24,808967,Milwaukee Brewers,27,3,7.0,0
2026-05-31,808967,Philadelphia Phillies,22,10,5.33,1
2026-06-06,808967,Los Angeles Angels,26,4,8.0,1
2026-06-13,808967,Chicago White Sox,27,7,8.33,0
2026-06-20,808967,Baltimore Orioles,26,6,6.0,1
2026-06-27,808967,San Diego Padres,24,4,6.0,0
2026-07-04,808967,San Diego Padres,25,10,7.0,1
2026-07-11,808967,Arizona Diamondbacks,27,6,6.0,1
2026-07-19,808967,New York Yankees,30,7,9.0,0
2026-07-25,808967,New York Mets,26,5,6.0,0
2026-08-01,808967,Boston Red Sox,28,3,8.0,1
2026-08-08,808967,Arizona Diamondbacks,24,6,5.67,0
2026-08-14,808967,Milwaukee Brewers,23,9,6.0,1
2026-08-21,808967,Pittsburgh Pirates,27,9,6.33,1
2026-08-27,808967,Atlanta Braves,24,8,6.33,0
2026-09-02,808967,St. Louis Cardinals,27,8,7.0,1
2026-03-29,813349,Cincinnati Reds,21,6,5.33,0
2026-04-04,813349,San Diego Padres,19,4,4.0,1
2026-04-10,813349,St. Louis Cardinals,21,5,4.33,0
2026-04-15,813349,Minnesota Twins,23,5,6.0,0
2026-04-21,813349,New York Yankees,23,4,5.33,1
2026-04-26,813349,Baltimore Orioles,24,4,6.67,0
2026-05-02,813349,Houston Astros,20,3,4.0,1
2026-05-08,813349,Tampa Bay Rays,26,8,7.0,1
2026-05-15,813349,Atlanta Braves,22,6,5.0,0
2026-05-20,813349,Kansas City Royals,27,5,6.33,0
2026-05-27,813349,Atlanta Braves,28,7,7.0,1
2026-06-02,813349,Baltimore Orioles,23,6,5.33,1
2026-06-08,813349,Tampa Bay Rays,23,6,4.67,0
2026-06-14,813349,Texas Rangers,27,3,4.67,1
2026-06-20,813349,Seattle Mariners,24,7,6.0,0
2026-06-25,813349,New York Yankees,24,9,6.0,1
2026-06-30,813349,Washington Nationals,15,5,4.0,1
2026-03-29,837227,Los Angeles Angels,15,4,2.67,1
2026-04-04,837227,Athletics,22,9,5.67,0
2026-04-10,837227,Seattle Mariners,7,0,0.33,0
2026-05-12,837227,Seattle Mariners,21,3,4.0,1
2026-05-18,837227,Minnesota Twins,18,5,4.67,0
2026-05-25,837227,Texas Rangers,20,2,6.0,0
2026-05-31,837227,Milwaukee Brewers,23,5,6.0,1
2026-06-06,837227,Athletics,24,8,5.0,1
2026-06-12,837227,Kansas City Royals,7,1,0.67,0
2026-06-19,837227,Cleveland Guardians,24,11,6.0,1
2026-06-25,837227,Detroit Tigers,21,10,6.0,0
2026-07-01,837227,Minnesota Twins,13,2,1.33,1
2026-07-07,837227,Washington Nationals,18,3,3.67,0
2026-07-21,837227,Miami Marlins,25,8,6.0,1
2026-07-27,837227,Los Angeles Angels,7,1,0.67,0
