Datum,GamePk,Park,Heim,Gast,HeimF5,GastF5,HeimI1,GastI1,HeimR,GastR,HeimHits,GastHits,HeimHitsF5,GastHitsF5,HeimStarterId,HeimStarter,GastStarterId,GastStarter
2024-03-20,745444,Gocheok Sky Dome,San Diego Padres,Los Angeles Dodgers,2,1,0,0,2,5,4,7,2,3,506433,Yu Darvish,607192,Tyler Glasnow
2024-03-21,746175,Gocheok Sky Dome,Los Angeles Dodgers,San Diego Padres,8,10,1,5,11,15,16,18,13,13,808967,Yoshinobu Yamamoto,605397,Joe Musgrove
2024-03-28,747060,Oriole Park at Camden Yards,Baltimore Orioles,Los Angeles Angels,7,1,2,1,11,3,10,2,8,1,669203,Corbin Burnes,663776,Patrick Sandoval
2024-03-28,746737,Great American Ball Park,Cincinnati Reds,Washington Nationals,7,0,0,0,8,2,10,6,8,4,593423,Frankie Montas,680686,Josiah Gray
2024-03-28,745445,Petco Park,San Diego Padres,San Francisco Giants,2,1,0,0,6,4,9,9,4,5,506433,Yu Darvish,657277,Logan Webb
2024-03-28,746165,Dodger Stadium,Los Angeles Dodgers,St. Louis Cardinals,5,1,2,0,7,1,10,3,7,2,607192,Tyler Glasnow,571945,Miles Mikolas
2024-03-28,745116,Tropicana Field,Tampa Bay Rays,Toronto Blue Jays,1,1,1,0,2,8,8,7,4,1,621107,Zach Eflin,621244,José Berríos
2024-03-28,746335,Kauffman Stadium,Kansas City Royals,Minnesota Twins,1,2,1,1,1,4,5,10,4,5,666142,Cole Ragans,641154,Pablo López
2024-03-28,746821,Guaranteed Rate Field,Chicago White Sox,Detroit Tigers,0,1,0,0,0,1,3,6,3,5,676979,Garrett Crochet,669373,Tarik Skubal
2024-03-28,746089,loanDepot park,Miami Marlins,Pittsburgh Pirates,5,2,0,0,5,6,8,9,7,2,666200,Jesús Luzardo,656605,Mitch Keller
2024-03-28,746418,Minute Maid Park,Houston Astros,New York Yankees,4,3,3,0,4,5,13,8,5,5,664285,Framber Valdez,641482,Nestor Cortes
2024-03-28,745039,Globe Life Field,Texas Rangers,Chicago Cubs,1,1,0,0,4,3,8,6,3,2,543135,Nathan Eovaldi,657006,Justin Steele
2024-03-28,745687,Oakland Coliseum,Oakland Athletics,Cleveland Guardians,0,6,0,0,0,8,4,11,3,8,622072,Alex Wood,669456,Shane Bieber
2024-03-28,747224,Chase Field,Arizona Diamondbacks,Colorado Rockies,16,1,2,0,16,1,18,4,16,3,668678,Zac Gallen,607536,Kyle Freeland
2024-03-28,745283,T-Mobile Park,Seattle Mariners,Boston Red Sox,2,4,0,0,4,6,8,11,5,6,622491,Luis Castillo,678394,Brayan Bello
2024-03-29,745848,Citi Field,New York Mets,Milwaukee Brewers,1,2,0,0,1,3,1,8,1,6,500779,Jose Quintana,642547,Freddy Peralta
2024-03-29,745604,Citizens Bank Park,Philadelphia Phillies,Atlanta Braves,2,0,0,0,3,9,5,13,3,4,554430,Zack Wheeler,675911,Spencer Strider
2024-03-29,745117,Tropicana Field,Tampa Bay Rays,Toronto Blue Jays,5,1,0,0,8,2,10,6,6,4,650644,Aaron Civale,605135,Chris Bassitt
2024-03-29,746091,loanDepot park,Miami Marlins,Pittsburgh Pirates,1,4,0,0,2,7,9,10,6,4,640462,A.J. Puk,527048,Martín Pérez
2024-03-29,746412,Minute Maid Park,Houston Astros,New York Yankees,1,0,1,0,1,7,7,12,5,4,664299,Cristian Javier,607074,Carlos Rodón
2024-03-29,747223,Chase Field,Arizona Diamondbacks,Colorado Rockies,3,1,2,0,7,3,14,7,8,3,518876,Merrill Kelly,615698,Cal Quantrill
2024-03-29,745682,Oakland Coliseum,Oakland Athletics,Cleveland Guardians,2,5,0,3,4,6,8,9,5,7,548389,Ross Stripling,671106,Logan Allen
2024-03-29,745276,T-Mobile Park,Seattle Mariners,Boston Red Sox,0,0,0,0,1,0,4,4,2,1,669923,George Kirby,601713,Nick Pivetta
2024-03-29,745435,Petco Park,San Diego Padres,San Francisco Giants,1,4,0,3,3,8,9,13,5,7,605397,Joe Musgrove,690986,Kyle Harrison
2024-03-29,746167,Dodger Stadium,Los Angeles Dodgers,St. Louis Cardinals,5,0,1,0,6,3,7,6,5,1,676272,Bobby Miller,668868,Zack Thompson
2024-03-30,745850,Citi Field,New York Mets,Milwaukee Brewers,2,6,0,3,6,7,12,15,6,11,622663,Luis Severino,669084,DL Hall
2024-03-30,746818,Guaranteed Rate Field,Chicago White Sox,Detroit Tigers,6,4,2,3,6,7,10,12,8,7,647336,Michael Soroka,628317,Kenta Maeda
2024-03-30,747063,Oriole Park at Camden Yards,Baltimore Orioles,Los Angeles Angels,3,1,2,0,13,4,14,9,6,4,680570,Grayson Rodriguez,656288,Griffin Canning
2024-03-30,745599,Citizens Bank Park,Philadelphia Phillies,Atlanta Braves,4,7,3,2,4,12,8,18,6,12,605400,Aaron Nola,608331,Max Fried
2024-03-30,745684,Oakland Coliseum,Oakland Athletics,Cleveland Guardians,3,7,0,0,3,12,6,15,6,7,676664,JP Sears,676440,Tanner Bibee
2024-03-30,746736,Great American Ball Park,Cincinnati Reds,Washington Nationals,4,2,0,0,6,7,10,11,8,5,668881,Hunter Greene,571578,Patrick Corbin
2024-03-30,745119,Tropicana Field,Tampa Bay Rays,Toronto Blue Jays,3,0,0,0,5,1,11,6,7,3,641793,Zack Littell,579328,Yusei Kikuchi
2024-03-30,746333,Kauffman Stadium,Kansas City Royals,Minnesota Twins,0,0,0,0,1,5,5,7,2,2,607625,Seth Lugo,657746,Joe Ryan
2024-03-30,746087,loanDepot park,Miami Marlins,Pittsburgh Pirates,2,5,0,0,3,9,5,16,2,9,677960,Ryan Weathers,683003,Jared Jones
2024-03-30,745037,Globe Life Field,Texas Rangers,Chicago Cubs,5,2,0,0,11,2,16,5,9,3,674003,Cody Bradford,543294,Kyle Hendricks
2024-03-30,745436,Petco Park,San Diego Padres,San Francisco Giants,0,3,0,0,6,9,7,9,3,2,656302,Dylan Cease,663855,Jordan Hicks
2024-03-30,746410,Minute Maid Park,Houston Astros,New York Yankees,3,1,0,0,3,5,4,8,3,5,686613,Hunter Brown,573186,Marcus Stroman
2024-03-30,747221,Chase Field,Arizona Diamondbacks,Colorado Rockies,4,7,2,0,4,9,8,10,6,7,674072,Tommy Henry,596295,Austin Gomber
2024-03-30,746168,Dodger Stadium,Los Angeles Dodgers,St. Louis Cardinals,2,0,0,0,5,6,14,7,6,2,808967,Yoshinobu Yamamoto,458681,Lance Lynn
2024-03-30,745278,T-Mobile Park,Seattle Mariners,Boston Red Sox,1,1,1,0,4,3,7,7,3,4,669302,Logan Gilbert,676710,Kutter Crawford
2024-03-31,747062,Oriole Park at Camden Yards,Baltimore Orioles,Los Angeles Angels,1,4,0,2,1,4,3,6,2,5,669330,Tyler Wells,672282,Reid Detmers
2024-03-31,745602,Citizens Bank Park,Philadelphia Phillies,Atlanta Braves,2,3,1,2,5,4,9,7,4,3,624133,Ranger Suarez,519242,Chris Sale
2024-03-31,746739,Great American Ball Park,Cincinnati Reds,Washington Nationals,3,3,0,0,6,5,14,9,7,6,607259,Nick Martinez,663623,Jake Irvin
2024-03-31,745115,Tropicana Field,Tampa Bay Rays,Toronto Blue Jays,1,7,1,2,2,9,3,10,2,9,542888,Shawn Armstrong,592332,Kevin Gausman
2024-03-31,746090,loanDepot park,Miami Marlins,Pittsburgh Pirates,6,4,5,0,7,9,7,11,5,7,669432,Trevor Rogers,663559,Bailey Falter
2024-03-31,745845,Citi Field,New York Mets,Milwaukee Brewers,1,3,0,1,1,4,7,9,5,5,656731,Tylor Megill,607067,Colin Rea
2024-03-31,746332,Kauffman Stadium,Kansas City Royals,Minnesota Twins,10,0,3,0,11,0,14,4,13,1,663903,Brady Singer,641927,Bailey Ober
2024-03-31,746815,Guaranteed Rate Field,Chicago White Sox,Detroit Tigers,1,2,0,0,2,3,5,8,4,5,607200,Erick Fedde,656427,Jack Flaherty
2024-03-31,746413,Minute Maid Park,Houston Astros,New York Yankees,1,3,0,0,3,4,12,10,5,6,641585,J.P. France,657376,Clarke Schmidt
2024-03-31,745035,Globe Life Field,Texas Rangers,Chicago Cubs,5,5,0,3,5,9,8,12,6,7,592351,Jon Gray,696136,Jordan Wicks
2024-03-31,745683,Oakland Coliseum,Oakland Athletics,Cleveland Guardians,3,0,2,0,4,3,9,7,6,2,621112,Paul Blackburn,471911,Carlos Carrasco
2024-03-31,747222,Chase Field,Arizona Diamondbacks,Colorado Rockies,5,1,3,0,5,1,5,8,5,5,694297,Brandon Pfaadt,663372,Ryan Feltner
2024-03-31,745279,T-Mobile Park,Seattle Mariners,Boston Red Sox,1,4,0,0,1,5,4,10,3,6,682243,Bryce Miller,676477,Garrett Whitlock
2024-03-31,745438,Petco Park,San Diego Padres,San Francisco Giants,12,2,5,0,13,4,16,5,13,2,650633,Michael King,641726,Daulton Jefferies
2024-03-31,746166,Dodger Stadium,Los Angeles Dodgers,St. Louis Cardinals,0,2,0,0,5,4,8,8,3,7,694813,Gavin Stone,571927,Steven Matz
2024-04-01,746817,Guaranteed Rate Field,Chicago White Sox,Atlanta Braves,0,4,0,0,0,9,3,11,3,6,623167,Chris Flexen,450203,Charlie Morton
2024-04-01,746899,Wrigley Field,Chicago Cubs,Colorado Rockies,0,0,0,0,5,0,9,3,1,0,684007,Shota Imanaga,641712,Dakota Hudson
2024-04-01,744875,Nationals Park,Washington Nationals,Pittsburgh Pirates,1,2,0,0,4,8,8,15,3,4,669022,MacKenzie Gore,594835,Marco Gonzales
2024-04-01,747058,Oriole Park at Camden Yards,Baltimore Orioles,Kansas City Royals,3,3,0,0,6,4,9,7,3,3,665152,Dean Kremer,608379,Michael Wacha
2024-04-01,745600,Citizens Bank Park,Philadelphia Phillies,Cincinnati Reds,2,0,2,0,3,6,7,8,3,4,650911,Cristopher Sánchez,671096,Andrew Abbott
2024-04-01,746085,loanDepot park,Miami Marlins,Los Angeles Angels,4,2,4,0,4,7,9,7,8,2,676974,Max Meyer,681217,Chase Silseth
2024-04-01,745109,Tropicana Field,Tampa Bay Rays,Texas Rangers,0,3,0,3,3,9,5,8,1,2,686752,Ryan Pepiot,641540,Dane Dunning
2024-04-01,745842,Citi Field,New York Mets,Detroit Tigers,0,0,0,0,0,5,5,4,2,0,640455,Sean Manaea,681857,Reese Olson
2024-04-01,746409,Minute Maid Park,Houston Astros,Toronto Blue Jays,5,0,3,0,10,0,12,0,7,0,669854,Ronel Blanco,670102,Bowden Francis
2024-04-01,745675,Oakland Coliseum,Oakland Athletics,Boston Red Sox,0,8,0,1,0,9,4,9,2,8,671212,Joe Boyle,656557,Tanner Houck
2024-04-01,745277,T-Mobile Park,Seattle Mariners,Cleveland Guardians,5,2,0,0,5,4,7,6,4,3,676106,Emerson Hancock,663474,Triston McKenzie
2024-04-01,745437,Petco Park,San Diego Padres,St. Louis Cardinals,1,4,0,3,2,6,5,14,3,10,663362,Matt Waldron,502043,Kyle Gibson
2024-04-01,747218,Chase Field,Arizona Diamondbacks,New York Yankees,1,5,0,0,2,5,4,8,2,7,669194,Ryne Nelson,661563,Luis Gil
2024-04-01,746170,Dodger Stadium,Los Angeles Dodgers,San Francisco Giants,3,0,1,0,8,3,9,8,4,4,572020,James Paxton,676775,Keaton Winn
2024-04-02,746009,American Family Field,Milwaukee Brewers,Minnesota Twins,3,1,0,0,3,2,7,3,7,3,596001,Jakob Junis,686973,Louis Varland
2024-04-02,747057,Oriole Park at Camden Yards,Baltimore Orioles,Kansas City Royals,1,4,0,0,1,4,3,8,2,7,608344,Cole Irvin,679525,Alec Marsh
2024-04-02,745598,Citizens Bank Park,Philadelphia Phillies,Cincinnati Reds,2,1,1,0,9,4,9,8,3,3,605513,Spencer Turnbull,668933,Graham Ashcraft
2024-04-02,746086,loanDepot park,Miami Marlins,Los Angeles Angels,0,1,0,0,1,3,5,7,2,2,666200,Jesús Luzardo,542881,Tyler Anderson
2024-04-02,745111,Tropicana Field,Tampa Bay Rays,Texas Rangers,5,0,0,0,5,2,7,7,6,2,621107,Zach Eflin,571760,Andrew Heaney
2024-04-02,746898,Wrigley Field,Chicago Cubs,Colorado Rockies,7,0,2,0,12,2,14,7,10,3,665871,Javier Assad,607536,Kyle Freeland
2024-04-02,746814,Guaranteed Rate Field,Chicago White Sox,Atlanta Braves,0,0,0,0,3,2,7,5,2,2,676979,Garrett Crochet,625643,Reynaldo López
2024-04-02,746411,Minute Maid Park,Houston Astros,Toronto Blue Jays,1,0,0,0,1,2,8,8,4,4,664285,Framber Valdez,621244,José Berríos
2024-04-02,745680,Oakland Coliseum,Oakland Athletics,Boston Red Sox,4,3,0,1,4,5,7,12,5,6,622072,Alex Wood,678394,Brayan Bello
2024-04-02,745273,T-Mobile Park,Seattle Mariners,Cleveland Guardians,0,4,0,0,2,5,9,12,5,8,622491,Luis Castillo,669456,Shane Bieber
2024-04-02,745439,Petco Park,San Diego Padres,St. Louis Cardinals,2,1,0,0,2,5,9,6,7,2,506433,Yu Darvish,571945,Miles Mikolas
2024-04-02,747220,Chase Field,Arizona Diamondbacks,New York Yankees,3,0,3,0,7,0,11,3,8,2,668678,Zac Gallen,641482,Nestor Cortes
2024-04-02,746169,Dodger Stadium,Los Angeles Dodgers,San Francisco Giants,5,2,1,0,5,4,9,9,7,4,518489,Ryan Brasier,657277,Logan Webb
2024-04-03,747059,Oriole Park at Camden Yards,Baltimore Orioles,Kansas City Royals,0,2,0,1,4,3,6,10,1,9,669203,Corbin Burnes,666142,Cole Ragans
2024-04-03,745114,Tropicana Field,Tampa Bay Rays,Texas Rangers,0,0,0,0,1,4,8,10,4,3,650644,Aaron Civale,543135,Nathan Eovaldi
2024-04-03,746083,loanDepot park,Miami Marlins,Los Angeles Angels,2,6,0,2,2,10,4,12,3,8,640462,A.J. Puk,663776,Patrick Sandoval
2024-04-03,746008,American Family Field,Milwaukee Brewers,Minnesota Twins,3,1,0,0,3,7,7,11,7,4,605452,Joe Ross,663978,Chris Paddack
2024-04-03,745678,Oakland Coliseum,Oakland Athletics,Boston Red Sox,0,1,0,0,0,1,8,10,5,7,548389,Ross Stripling,601713,Nick Pivetta
2024-04-03,747219,Chase Field,Arizona Diamondbacks,New York Yankees,2,2,0,0,5,6,9,8,6,5,518876,Merrill Kelly,607074,Carlos Rodón
2024-04-03,745603,Citizens Bank Park,Philadelphia Phillies,Cincinnati Reds,0,2,0,0,1,4,6,7,3,2,554430,Zack Wheeler,593423,Frankie Montas
2024-04-03,745275,T-Mobile Park,Seattle Mariners,Cleveland Guardians,0,8,0,3,0,8,5,11,3,10,669923,George Kirby,671106,Logan Allen
2024-04-03,745440,Petco Park,San Diego Padres,St. Louis Cardinals,3,1,1,0,3,2,7,6,5,4,605397,Joe Musgrove,668868,Zack Thompson
2024-04-03,744869,Nationals Park,Washington Nationals,Pittsburgh Pirates,4,2,0,0,5,3,10,4,6,3,592866,Trevor Williams,656605,Mitch Keller
2024-04-03,746900,Wrigley Field,Chicago Cubs,Colorado Rockies,5,0,0,0,9,8,10,11,5,2,681432,Luke Little,615698,Cal Quantrill
2024-04-03,746407,Minute Maid Park,Houston Astros,Toronto Blue Jays,4,0,0,0,8,0,15,1,11,1,664299,Cristian Javier,605135,Chris Bassitt
2024-04-03,746163,Dodger Stadium,Los Angeles Dodgers,San Francisco Giants,4,1,0,0,5,4,9,5,6,2,607192,Tyler Glasnow,690986,Kyle Harrison
2024-04-04,745844,Citi Field,New York Mets,Detroit Tigers,3,0,0,0,3,6,6,9,6,2,605288,Adrian Houser,663554,Casey Mize
2024-04-04,745843,Citi Field,New York Mets,Detroit Tigers,0,1,0,0,2,1,3,5,0,3,676130,José Buttó,666159,Matt Manning
2024-04-04,744870,Nationals Park,Washington Nationals,Pittsburgh Pirates,2,7,0,4,4,7,8,11,3,9,680686,Josiah Gray,527048,Martín Pérez
2024-04-04,745928,Target Field,Minnesota Twins,Cleveland Guardians,1,3,0,0,2,4,7,7,5,5,641154,Pablo López,676440,Tanner Bibee
2024-04-04,745200,Busch Stadium,St. Louis Cardinals,Miami Marlins,3,4,0,0,8,5,10,9,3,8,458681,Lance Lynn,677960,Ryan Weathers
2024-04-04,746327,Kauffman Stadium,Kansas City Royals,Chicago White Sox,2,0,0,0,10,1,10,8,5,5,607625,Seth Lugo,647336,Michael Soroka
2024-04-05,745764,Yankee Stadium,New York Yankees,Toronto Blue Jays,0,0,0,0,0,3,6,7,4,3,573186,Marcus Stroman,579328,Yusei Kikuchi
2024-04-05,746497,Comerica Park,Detroit Tigers,Oakland Athletics,3,0,0,0,5,4,8,5,4,1,669373,Tarik Skubal,676664,JP Sears
2024-04-05,746897,Wrigley Field,Chicago Cubs,Los Angeles Dodgers,6,5,0,2,9,7,9,12,6,8,543294,Kyle Hendricks,676272,Bobby Miller
2024-04-05,746576,Coors Field,Colorado Rockies,Tampa Bay Rays,1,2,1,1,10,7,12,13,5,4,596295,Austin Gomber,641793,Zack Littell
2024-04-05,745524,PNC Park,Pittsburgh Pirates,Baltimore Orioles,1,2,0,0,2,5,6,12,5,5,683003,Jared Jones,680570,Grayson Rodriguez
2024-04-05,745361,Oracle Park,San Francisco Giants,San Diego Padres,1,2,1,1,3,2,5,6,3,4,663855,Jordan Hicks,656302,Dylan Cease
2024-04-05,746733,Great American Ball Park,Cincinnati Reds,New York Mets,1,1,1,0,2,3,7,4,5,2,668881,Hunter Greene,500779,Jose Quintana
2024-04-05,744874,Nationals Park,Washington Nationals,Philadelphia Phillies,0,3,0,0,0,4,2,9,2,6,571578,Patrick Corbin,605400,Aaron Nola
2024-04-05,747143,Truist Park,Atlanta Braves,Arizona Diamondbacks,2,5,1,3,6,5,12,9,6,7,675911,Spencer Strider,674072,Tommy Henry
2024-04-05,746328,Kauffman Stadium,Kansas City Royals,Chicago White Sox,1,1,1,0,2,1,7,4,5,1,663903,Brady Singer,607200,Erick Fedde
2024-04-05,745033,Globe Life Field,Texas Rangers,Houston Astros,7,0,0,0,10,2,16,3,13,1,674003,Cody Bradford,686613,Hunter Brown
2024-04-05,746007,American Family Field,Milwaukee Brewers,Seattle Mariners,3,0,0,0,6,5,8,8,4,1,642547,Freddy Peralta,669302,Logan Gilbert
2024-04-05,746249,Angel Stadium,Los Angeles Angels,Boston Red Sox,1,4,0,0,6,8,6,9,2,5,656288,Griffin Canning,676710,Kutter Crawford
2024-04-06,746498,Comerica Park,Detroit Tigers,Oakland Athletics,0,2,0,2,0,4,5,5,2,2,628317,Kenta Maeda,621112,Paul Blackburn
2024-04-06,745926,Target Field,Minnesota Twins,Cleveland Guardians,1,3,1,0,1,3,2,7,1,5,657746,Joe Ryan,471911,Carlos Carrasco
2024-04-06,745197,Busch Stadium,St. Louis Cardinals,Miami Marlins,3,0,0,0,3,1,8,8,5,4,571927,Steven Matz,669432,Trevor Rogers
2024-04-06,746896,Wrigley Field,Chicago Cubs,Los Angeles Dodgers,0,3,0,0,1,4,7,9,3,7,696136,Jordan Wicks,808967,Yoshinobu Yamamoto
2024-04-06,745522,PNC Park,Pittsburgh Pirates,Baltimore Orioles,3,0,0,0,5,4,11,4,6,0,663559,Bailey Falter,669330,Tyler Wells
2024-04-06,744873,Nationals Park,Washington Nationals,Philadelphia Phillies,2,4,0,0,2,5,4,9,4,4,663623,Jake Irvin,624133,Ranger Suarez
2024-04-06,746731,Great American Ball Park,Cincinnati Reds,New York Mets,2,5,0,0,9,6,8,11,3,8,607259,Nick Martinez,622663,Luis Severino
2024-04-06,745031,Globe Life Field,Texas Rangers,Houston Astros,2,2,0,0,7,2,15,8,8,6,592351,Jon Gray,641585,J.P. France
2024-04-06,745766,Yankee Stadium,New York Yankees,Toronto Blue Jays,8,2,3,0,9,8,10,12,8,6,657376,Clarke Schmidt,592332,Kevin Gausman
2024-04-06,746329,Kauffman Stadium,Kansas City Royals,Chicago White Sox,0,0,0,0,3,0,10,3,3,1,608379,Michael Wacha,623167,Chris Flexen
2024-04-06,746006,American Family Field,Milwaukee Brewers,Seattle Mariners,0,3,0,0,3,5,5,10,1,8,669084,DL Hall,682243,Bryce Miller
2024-04-06,747140,Truist Park,Atlanta Braves,Arizona Diamondbacks,5,8,0,6,9,8,15,12,7,11,608331,Max Fried,694297,Brandon Pfaadt
2024-04-06,746575,Coors Field,Colorado Rockies,Tampa Bay Rays,4,1,0,1,6,8,11,9,8,1,663372,Ryan Feltner,641302,Tyler Alexander
2024-04-06,745359,Oracle Park,San Francisco Giants,San Diego Padres,0,4,0,4,0,4,4,5,2,3,676775,Keaton Winn,650633,Michael King
2024-04-06,746248,Angel Stadium,Los Angeles Angels,Boston Red Sox,0,1,0,0,2,1,6,3,4,3,672282,Reid Detmers,676477,Garrett Whitlock
2024-04-07,745523,PNC Park,Pittsburgh Pirates,Baltimore Orioles,1,2,0,0,3,2,7,6,4,5,594835,Marco Gonzales,665152,Dean Kremer
2024-04-07,744871,Nationals Park,Washington Nationals,Philadelphia Phillies,3,2,0,0,3,2,8,5,6,5,669022,MacKenzie Gore,650911,Cristopher Sánchez
2024-04-07,747141,Truist Park,Atlanta Braves,Arizona Diamondbacks,3,2,0,0,5,2,7,5,5,4,519242,Chris Sale,669194,Ryne Nelson
2024-04-07,745765,Yankee Stadium,New York Yankees,Toronto Blue Jays,5,2,0,0,8,3,8,5,4,3,661563,Luis Gil,670102,Bowden Francis
2024-04-07,746734,Great American Ball Park,Cincinnati Reds,New York Mets,1,3,0,1,1,3,3,9,3,7,671096,Andrew Abbott,640455,Sean Manaea
2024-04-07,746493,Comerica Park,Detroit Tigers,Oakland Athletics,0,6,0,2,1,7,7,14,2,9,656427,Jack Flaherty,671212,Joe Boyle
2024-04-07,746330,Kauffman Stadium,Kansas City Royals,Chicago White Sox,2,3,0,0,5,3,5,12,3,8,679525,Alec Marsh,676979,Garrett Crochet
2024-04-07,746003,American Family Field,Milwaukee Brewers,Seattle Mariners,10,2,3,1,12,4,14,8,13,6,607067,Colin Rea,676106,Emerson Hancock
2024-04-07,745198,Busch Stadium,St. Louis Cardinals,Miami Marlins,1,7,0,6,3,10,5,13,2,7,502043,Kyle Gibson,676974,Max Meyer
2024-04-07,746895,Wrigley Field,Chicago Cubs,Los Angeles Dodgers,7,0,3,0,8,1,9,4,7,2,684007,Shota Imanaga,694813,Gavin Stone
2024-04-07,746574,Coors Field,Colorado Rockies,Tampa Bay Rays,0,3,0,0,2,3,7,8,3,7,641712,Dakota Hudson,686752,Ryan Pepiot
2024-04-07,745362,Oracle Park,San Francisco Giants,San Diego Padres,0,1,0,1,3,2,6,11,2,5,657277,Logan Webb,663362,Matt Waldron
2024-04-07,746251,Angel Stadium,Los Angeles Angels,Boston Red Sox,0,3,0,0,2,12,8,12,4,3,681217,Chase Silseth,656557,Tanner Houck
2024-04-07,745032,Globe Life Field,Texas Rangers,Houston Astros,0,3,0,0,1,3,2,4,0,3,641540,Dane Dunning,669854,Ronel Blanco
2024-04-08,746654,Progressive Field,Cleveland Guardians,Chicago White Sox,4,0,0,0,4,0,10,4,7,2,663474,Triston McKenzie,621383,Tanner Banks
2024-04-08,745761,Yankee Stadium,New York Yankees,Miami Marlins,7,0,0,0,7,0,9,2,8,1,641482,Nestor Cortes,666200,Jesús Luzardo
2024-04-08,745520,PNC Park,Pittsburgh Pirates,Detroit Tigers,6,2,0,1,7,4,12,9,9,5,656605,Mitch Keller,681857,Reese Olson
2024-04-08,746735,Great American Ball Park,Cincinnati Reds,Milwaukee Brewers,9,3,0,0,10,8,10,12,8,5,668933,Graham Ashcraft,676879,Aaron Ashby
2024-04-08,744956,Rogers Centre,Toronto Blue Jays,Seattle Mariners,4,0,0,0,5,2,11,7,9,3,621244,José Berríos,622491,Luis Castillo
2024-04-08,747142,Truist Park,Atlanta Braves,New York Mets,4,4,0,0,7,8,12,11,7,5,450203,Charlie Morton,527054,Julio Teheran
2024-04-08,745925,Target Field,Minnesota Twins,Los Angeles Dodgers,2,1,0,1,2,4,3,10,3,3,641927,Bailey Ober,572020,James Paxton
2024-04-08,745194,Busch Stadium,St. Louis Cardinals,Philadelphia Phillies,0,2,0,0,3,5,6,10,2,6,571945,Miles Mikolas,605513,Spencer Turnbull
2024-04-08,745034,Globe Life Field,Texas Rangers,Houston Astros,5,10,5,2,5,10,8,11,6,10,571760,Andrew Heaney,668874,Blair Henley
2024-04-08,746569,Coors Field,Colorado Rockies,Arizona Diamondbacks,3,4,1,0,7,5,13,7,8,6,607536,Kyle Freeland,668678,Zac Gallen
2024-04-08,746252,Angel Stadium,Los Angeles Angels,Tampa Bay Rays,5,0,2,0,7,1,14,8,9,3,542881,Tyler Anderson,621107,Zach Eflin
2024-04-08,745432,Petco Park,San Diego Padres,Chicago Cubs,0,8,0,0,9,8,9,8,2,7,506433,Yu Darvish,665871,Javier Assad
2024-04-08,745363,Oracle Park,San Francisco Giants,Washington Nationals,1,6,1,0,1,8,6,10,3,7,605483,Blake Snell,592866,Trevor Williams
2024-04-09,745517,PNC Park,Pittsburgh Pirates,Detroit Tigers,2,1,0,1,3,5,8,9,5,4,527048,Martín Pérez,663554,Casey Mize
2024-04-09,746981,Fenway Park,Boston Red Sox,Baltimore Orioles,1,3,1,0,1,7,2,13,2,4,678394,Brayan Bello,669203,Corbin Burnes
2024-04-09,746653,Progressive Field,Cleveland Guardians,Chicago White Sox,5,5,2,5,5,7,8,12,7,7,671106,Logan Allen,647336,Michael Soroka
2024-04-09,746732,Great American Ball Park,Cincinnati Reds,Milwaukee Brewers,1,5,0,0,5,9,10,13,4,6,593423,Frankie Montas,605452,Joe Ross
2024-04-09,745762,Yankee Stadium,New York Yankees,Miami Marlins,2,0,0,0,3,2,7,5,4,3,607074,Carlos Rodón,640462,A.J. Puk
2024-04-09,744957,Rogers Centre,Toronto Blue Jays,Seattle Mariners,5,0,0,0,5,3,11,6,9,1,605135,Chris Bassitt,669923,George Kirby
2024-04-09,747138,Truist Park,Atlanta Braves,New York Mets,5,0,1,0,6,5,11,12,8,2,625643,Reynaldo López,605288,Adrian Houser
2024-04-09,746326,Kauffman Stadium,Kansas City Royals,Houston Astros,3,3,0,1,4,3,7,13,4,10,666142,Cole Ragans,664299,Cristian Javier
2024-04-09,745924,Target Field,Minnesota Twins,Los Angeles Dodgers,0,6,0,0,3,6,6,9,1,7,686973,Louis Varland,607192,Tyler Glasnow
2024-04-09,745195,Busch Stadium,St. Louis Cardinals,Philadelphia Phillies,3,0,0,0,3,0,7,8,5,5,543243,Sonny Gray,554430,Zack Wheeler
2024-04-09,745030,Globe Life Field,Texas Rangers,Oakland Athletics,2,1,1,0,3,4,7,5,6,1,543135,Nathan Eovaldi,622072,Alex Wood
2024-04-09,746571,Coors Field,Colorado Rockies,Arizona Diamondbacks,1,3,1,2,2,3,8,9,4,7,615698,Cal Quantrill,518876,Merrill Kelly
2024-04-09,746250,Angel Stadium,Los Angeles Angels,Tampa Bay Rays,3,4,2,0,4,6,7,11,4,5,663776,Patrick Sandoval,650644,Aaron Civale
2024-04-09,745357,Oracle Park,San Francisco Giants,Washington Nationals,1,3,0,0,3,5,10,8,4,5,690986,Kyle Harrison,672851,Joan Adon
2024-04-09,745433,Petco Park,San Diego Padres,Chicago Cubs,0,5,0,0,1,5,4,9,3,6,605397,Joe Musgrove,676962,Ben Brown
2024-04-10,745923,Target Field,Minnesota Twins,Los Angeles Dodgers,3,2,1,1,3,2,6,9,6,6,663978,Chris Paddack,676272,Bobby Miller
2024-04-10,745196,Busch Stadium,St. Louis Cardinals,Philadelphia Phillies,2,2,0,2,3,4,7,8,3,1,458681,Lance Lynn,605400,Aaron Nola
2024-04-10,744950,Rogers Centre,Toronto Blue Jays,Seattle Mariners,0,1,0,0,1,6,6,6,2,2,579328,Yusei Kikuchi,669302,Logan Gilbert
2024-04-10,746573,Coors Field,Colorado Rockies,Arizona Diamondbacks,3,2,1,1,3,5,6,10,4,5,596295,Austin Gomber,674072,Tommy Henry
2024-04-10,745355,Oracle Park,San Francisco Giants,Washington Nationals,5,1,0,0,7,1,12,4,8,4,663855,Jordan Hicks,571578,Patrick Corbin
2024-04-10,746247,Angel Stadium,Los Angeles Angels,Tampa Bay Rays,1,4,0,3,2,4,9,7,6,7,667755,José Soriano,641793,Zack Littell
2024-04-10,746655,Progressive Field,Cleveland Guardians,Chicago White Sox,4,5,0,2,7,6,8,10,4,6,676440,Tanner Bibee,607200,Erick Fedde
2024-04-10,745429,Petco Park,San Diego Padres,Chicago Cubs,4,2,0,0,10,2,12,3,6,2,656302,Dylan Cease,543294,Kyle Hendricks
2024-04-10,746728,Great American Ball Park,Cincinnati Reds,Milwaukee Brewers,2,6,0,2,2,7,4,6,2,5,668881,Hunter Greene,489119,Wade Miley
2024-04-10,745763,Yankee Stadium,New York Yankees,Miami Marlins,0,4,0,0,2,5,6,6,3,4,573186,Marcus Stroman,677960,Ryan Weathers
2024-04-10,746980,Fenway Park,Boston Red Sox,Baltimore Orioles,5,0,0,0,5,7,8,9,7,2,676710,Kutter Crawford,608344,Cole Irvin
2024-04-10,746323,Kauffman Stadium,Kansas City Royals,Houston Astros,8,2,0,0,11,2,11,9,8,5,607625,Seth Lugo,681293,Spencer Arrighetti
2024-04-10,745024,Globe Life Field,Texas Rangers,Oakland Athletics,6,1,3,1,6,2,12,9,10,3,674003,Cody Bradford,548389,Ross Stripling
2024-04-11,747137,Truist Park,Atlanta Braves,New York Mets,3,7,0,1,4,16,10,16,4,8,642216,Allan Winans,500779,Jose Quintana
2024-04-11,746322,Kauffman Stadium,Kansas City Royals,Houston Astros,9,1,9,0,13,3,16,11,12,5,663903,Brady Singer,686613,Hunter Brown
2024-04-11,745029,Globe Life Field,Texas Rangers,Oakland Athletics,0,1,0,0,0,1,1,4,0,3,592351,Jon Gray,676664,JP Sears
2024-04-11,745601,Citizens Bank Park,Philadelphia Phillies,Pittsburgh Pirates,1,0,0,0,5,1,7,7,4,2,624133,Ranger Suarez,683003,Jared Jones
2024-04-11,746977,Fenway Park,Boston Red Sox,Baltimore Orioles,2,1,2,0,4,9,8,9,5,4,676477,Garrett Whitlock,680570,Grayson Rodriguez
2024-04-12,746491,Comerica Park,Detroit Tigers,Minnesota Twins,5,0,1,0,8,2,10,6,7,2,669373,Tarik Skubal,641154,Pablo López
2024-04-12,745596,Citizens Bank Park,Philadelphia Phillies,Pittsburgh Pirates,1,2,0,0,2,5,7,9,4,4,650911,Cristopher Sánchez,663559,Bailey Falter
2024-04-12,745112,Tropicana Field,Tampa Bay Rays,San Francisco Giants,2,1,0,0,2,1,6,6,5,5,621097,Jacob Waguespack,676775,Keaton Winn
2024-04-12,747055,Oriole Park at Camden Yards,Baltimore Orioles,Milwaukee Brewers,1,7,0,0,1,11,6,15,5,9,669330,Tyler Wells,642547,Freddy Peralta
2024-04-12,744954,Rogers Centre,Toronto Blue Jays,Colorado Rockies,2,7,1,0,4,12,11,20,8,11,592332,Kevin Gausman,663372,Ryan Feltner
2024-04-12,746978,Fenway Park,Boston Red Sox,Los Angeles Angels,0,5,0,3,0,7,3,12,3,10,656557,Tanner Houck,672282,Reid Detmers
2024-04-12,745838,Citi Field,New York Mets,Kansas City Royals,5,1,0,0,6,1,14,3,9,1,622663,Luis Severino,608379,Michael Wacha
2024-04-12,746084,loanDepot park,Miami Marlins,Atlanta Braves,0,2,0,1,1,8,6,14,2,7,669432,Trevor Rogers,608331,Max Fried
2024-04-12,746812,Guaranteed Rate Field,Chicago White Sox,Cincinnati Reds,1,6,0,1,1,11,4,12,4,8,623167,Chris Flexen,671096,Andrew Abbott
2024-04-12,746408,Minute Maid Park,Houston Astros,Texas Rangers,3,8,1,1,8,12,11,12,5,8,641585,J.P. France,641540,Dane Dunning
2024-04-12,745679,Oakland Coliseum,Oakland Athletics,Washington Nationals,1,0,0,0,2,1,3,8,1,4,621112,Paul Blackburn,663623,Jake Irvin
2024-04-12,745274,T-Mobile Park,Seattle Mariners,Chicago Cubs,4,0,0,0,4,2,6,4,5,3,682243,Bryce Miller,696136,Jordan Wicks
2024-04-12,747217,Chase Field,Arizona Diamondbacks,St. Louis Cardinals,6,6,0,3,6,9,9,14,9,7,694297,Brandon Pfaadt,571927,Steven Matz
2024-04-12,746162,Dodger Stadium,Los Angeles Dodgers,San Diego Padres,7,3,1,2,7,8,7,10,6,4,808967,Yoshinobu Yamamoto,650633,Michael King
2024-04-13,746656,Progressive Field,Cleveland Guardians,New York Yankees,0,1,0,0,2,3,5,10,1,6,471911,Carlos Carrasco,657376,Clarke Schmidt
2024-04-13,746658,Progressive Field,Cleveland Guardians,New York Yankees,1,8,0,2,2,8,7,9,4,6,663474,Triston McKenzie,547001,Cody Poteet
2024-04-13,746489,Comerica Park,Detroit Tigers,Minnesota Twins,2,2,2,0,5,11,8,8,3,5,628317,Kenta Maeda,657746,Joe Ryan
2024-04-13,746490,Comerica Park,Detroit Tigers,Minnesota Twins,1,2,0,1,1,4,4,7,2,3,666159,Matt Manning,680573,Simeon Woods Richardson
2024-04-13,745839,Citi Field,New York Mets,Kansas City Royals,4,9,3,1,7,11,9,13,5,11,640455,Sean Manaea,679525,Alec Marsh
2024-04-13,746811,Guaranteed Rate Field,Chicago White Sox,Cincinnati Reds,0,5,0,0,0,5,2,4,0,4,676979,Garrett Crochet,666157,Nick Lodolo
2024-04-13,744953,Rogers Centre,Toronto Blue Jays,Colorado Rockies,5,1,5,0,5,3,9,7,5,5,684320,Yariel Rodríguez,641712,Dakota Hudson
2024-04-13,746405,Minute Maid Park,Houston Astros,Texas Rangers,2,2,0,2,9,2,14,8,6,4,669854,Ronel Blanco,571760,Andrew Heaney
2024-04-13,745594,Citizens Bank Park,Philadelphia Phillies,Pittsburgh Pirates,2,3,2,1,4,3,9,5,6,4,605513,Spencer Turnbull,594835,Marco Gonzales
2024-04-13,747054,Oriole Park at Camden Yards,Baltimore Orioles,Milwaukee Brewers,5,8,3,0,5,11,12,15,9,10,665152,Dean Kremer,669084,DL Hall
2024-04-13,745676,Oakland Coliseum,Oakland Athletics,Washington Nationals,0,1,0,0,1,3,8,10,4,5,671212,Joe Boyle,669022,MacKenzie Gore
2024-04-13,746979,Fenway Park,Boston Red Sox,Los Angeles Angels,7,2,4,0,7,2,11,8,9,6,681867,Cooper Criswell,656288,Griffin Canning
2024-04-13,745110,Tropicana Field,Tampa Bay Rays,San Francisco Giants,1,4,0,1,2,11,8,13,3,5,686752,Ryan Pepiot,657277,Logan Webb
2024-04-13,746082,loanDepot park,Miami Marlins,Atlanta Braves,5,0,1,0,5,1,8,6,6,5,676974,Max Meyer,519242,Chris Sale
2024-04-13,747215,Chase Field,Arizona Diamondbacks,St. Louis Cardinals,1,1,1,0,4,2,6,11,3,4,669194,Ryne Nelson,502043,Kyle Gibson
2024-04-13,746161,Dodger Stadium,Los Angeles Dodgers,San Diego Padres,1,0,0,0,5,2,8,7,3,0,694813,Gavin Stone,663362,Matt Waldron
2024-04-13,745272,T-Mobile Park,Seattle Mariners,Chicago Cubs,1,2,0,0,1,4,6,6,5,4,676106,Emerson Hancock,684007,Shota Imanaga
2024-04-14,746975,Fenway Park,Boston Red Sox,Los Angeles Angels,3,2,2,0,5,4,7,9,4,4,678394,Brayan Bello,542881,Tyler Anderson
2024-04-14,745595,Citizens Bank Park,Philadelphia Phillies,Pittsburgh Pirates,2,1,0,0,2,9,8,10,7,3,554430,Zack Wheeler,656605,Mitch Keller
2024-04-14,747056,Oriole Park at Camden Yards,Baltimore Orioles,Milwaukee Brewers,3,3,1,1,6,4,11,12,5,6,669203,Corbin Burnes,607067,Colin Rea
2024-04-14,744952,Rogers Centre,Toronto Blue Jays,Colorado Rockies,4,0,1,0,5,0,12,2,7,2,621244,José Berríos,607536,Kyle Freeland
2024-04-14,745841,Citi Field,New York Mets,Kansas City Royals,0,0,0,0,2,1,8,3,4,1,676130,José Buttó,666142,Cole Ragans
2024-04-14,745113,Tropicana Field,Tampa Bay Rays,San Francisco Giants,7,1,3,1,9,4,10,10,7,2,542888,Shawn Armstrong,605483,Blake Snell
2024-04-14,746492,Comerica Park,Detroit Tigers,Minnesota Twins,0,3,0,0,4,3,8,6,2,5,656427,Jack Flaherty,641927,Bailey Ober
2024-04-14,746079,loanDepot park,Miami Marlins,Atlanta Braves,4,5,0,0,7,9,9,12,6,7,666200,Jesús Luzardo,450203,Charlie Morton
2024-04-14,746648,Progressive Field,Cleveland Guardians,New York Yankees,4,4,0,0,8,7,9,12,6,5,671106,Logan Allen,641482,Nestor Cortes
2024-04-14,746404,Minute Maid Park,Houston Astros,Texas Rangers,5,2,1,0,8,5,10,10,8,4,664299,Cristian Javier,543135,Nathan Eovaldi
2024-04-14,746810,Guaranteed Rate Field,Chicago White Sox,Cincinnati Reds,2,6,0,0,4,11,8,10,3,6,647336,Michael Soroka,668933,Graham Ashcraft
2024-04-14,745681,Oakland Coliseum,Oakland Athletics,Washington Nationals,1,4,0,0,7,6,11,12,5,7,622072,Alex Wood,592866,Trevor Williams
2024-04-14,745271,T-Mobile Park,Seattle Mariners,Chicago Cubs,0,3,0,1,2,3,5,8,2,7,622491,Luis Castillo,665871,Javier Assad
2024-04-14,747216,Chase Field,Arizona Diamondbacks,St. Louis Cardinals,5,0,0,0,5,0,7,4,5,4,668678,Zac Gallen,571945,Miles Mikolas
2024-04-14,746164,Dodger Stadium,Los Angeles Dodgers,San Diego Padres,3,1,0,0,3,6,6,8,4,3,572020,James Paxton,506433,Yu Darvish
2024-04-15,746974,Fenway Park,Boston Red Sox,Cleveland Guardians,0,0,0,0,0,6,3,9,2,1,676710,Kutter Crawford,675540,Xzavion Curry
2024-04-15,747053,Oriole Park at Camden Yards,Baltimore Orioles,Minnesota Twins,6,2,2,0,7,4,12,11,11,7,608344,Cole Irvin,686973,Louis Varland
2024-04-15,746488,Comerica Park,Detroit Tigers,Texas Rangers,0,1,0,0,0,1,5,7,3,5,681857,Reese Olson,547179,Michael Lorenzen
2024-04-15,745597,Citizens Bank Park,Philadelphia Phillies,Colorado Rockies,1,1,0,0,2,1,6,5,3,4,605400,Aaron Nola,615698,Cal Quantrill
2024-04-15,746080,loanDepot park,Miami Marlins,San Francisco Giants,3,1,0,0,3,4,10,8,6,4,665795,Edward Cabrera,690986,Kyle Harrison
2024-04-15,745106,Tropicana Field,Tampa Bay Rays,Los Angeles Angels,1,0,0,0,3,7,6,13,4,3,621107,Zach Eflin,663776,Patrick Sandoval
2024-04-15,744951,Rogers Centre,Toronto Blue Jays,New York Yankees,3,1,0,0,3,1,4,4,3,4,605135,Chris Bassitt,661563,Luis Gil
2024-04-15,745840,Citi Field,New York Mets,Pittsburgh Pirates,0,0,0,0,6,3,8,3,3,1,605288,Adrian Houser,527048,Martín Pérez
2024-04-15,746813,Guaranteed Rate Field,Chicago White Sox,Kansas City Royals,0,2,0,0,0,2,4,5,3,3,680897,Nick Nastrini,607625,Seth Lugo
2024-04-15,746002,American Family Field,Milwaukee Brewers,San Diego Padres,3,7,1,0,3,7,10,12,7,9,605452,Joe Ross,605397,Joe Musgrove
2024-04-15,746406,Minute Maid Park,Houston Astros,Atlanta Braves,1,2,1,0,1,6,7,11,4,5,681293,Spencer Arrighetti,670241,Darius Vines
2024-04-15,747213,Chase Field,Arizona Diamondbacks,Chicago Cubs,1,1,0,0,2,3,3,9,1,3,518876,Merrill Kelly,676962,Ben Brown
2024-04-15,745677,Oakland Coliseum,Oakland Athletics,St. Louis Cardinals,0,1,0,1,1,3,5,8,3,4,548389,Ross Stripling,543243,Sonny Gray
2024-04-15,745268,T-Mobile Park,Seattle Mariners,Cincinnati Reds,5,2,3,0,9,3,10,7,3,4,669923,George Kirby,593423,Frankie Montas
2024-04-15,746158,Dodger Stadium,Los Angeles Dodgers,Washington Nationals,2,6,1,1,4,6,9,8,4,8,607192,Tyler Glasnow,680730,Mitchell Parker
2024-04-16,746486,Comerica Park,Detroit Tigers,Texas Rangers,1,2,0,0,4,2,5,6,2,5,663554,Casey Mize,592351,Jon Gray
2024-04-16,747051,Oriole Park at Camden Yards,Baltimore Orioles,Minnesota Twins,8,1,0,0,11,3,15,7,11,2,680570,Grayson Rodriguez,663978,Chris Paddack
2024-04-16,745593,Citizens Bank Park,Philadelphia Phillies,Colorado Rockies,2,0,2,0,5,0,7,7,4,2,624133,Ranger Suarez,596295,Austin Gomber
2024-04-16,746081,loanDepot park,Miami Marlins,San Francisco Giants,2,2,0,0,6,3,8,9,3,5,677960,Ryan Weathers,663855,Jordan Hicks
2024-04-16,745108,Tropicana Field,Tampa Bay Rays,Los Angeles Angels,1,3,0,0,7,6,7,6,1,5,650644,Aaron Civale,667755,José Soriano
2024-04-16,744944,Rogers Centre,Toronto Blue Jays,New York Yankees,3,1,0,0,5,4,8,6,6,3,579328,Yusei Kikuchi,607074,Carlos Rodón
2024-04-16,746976,Fenway Park,Boston Red Sox,Cleveland Guardians,1,5,0,0,7,10,11,14,5,7,676477,Garrett Whitlock,676440,Tanner Bibee
2024-04-16,745837,Citi Field,New York Mets,Pittsburgh Pirates,0,1,0,0,3,1,4,5,1,4,500779,Jose Quintana,683003,Jared Jones
2024-04-16,746004,American Family Field,Milwaukee Brewers,San Diego Padres,1,4,1,4,3,6,6,11,2,8,489119,Wade Miley,656302,Dylan Cease
2024-04-16,746400,Minute Maid Park,Houston Astros,Atlanta Braves,0,1,0,0,2,6,7,11,4,4,686613,Hunter Brown,625643,Reynaldo López
2024-04-16,747214,Chase Field,Arizona Diamondbacks,Chicago Cubs,8,5,0,0,12,11,12,14,7,9,674072,Tommy Henry,543294,Kyle Hendricks
2024-04-16,745270,T-Mobile Park,Seattle Mariners,Cincinnati Reds,2,1,0,0,3,1,8,4,6,3,669302,Logan Gilbert,668881,Hunter Greene
2024-04-16,745674,Oakland Coliseum,Oakland Athletics,St. Louis Cardinals,2,1,0,0,2,3,5,4,4,2,676664,JP Sears,458681,Lance Lynn
2024-04-16,746157,Dodger Stadium,Los Angeles Dodgers,Washington Nationals,4,2,1,0,6,2,13,6,8,5,669165,Kyle Hurt,571578,Patrick Corbin
2024-04-17,746076,loanDepot park,Miami Marlins,San Francisco Giants,0,1,0,0,1,3,6,9,3,2,669432,Trevor Rogers,676775,Keaton Winn
2024-04-17,747049,Oriole Park at Camden Yards,Baltimore Orioles,Minnesota Twins,1,0,1,0,4,2,8,5,2,3,544150,Albert Suárez,641154,Pablo López
2024-04-17,745836,Citi Field,New York Mets,Pittsburgh Pirates,2,1,0,0,9,1,10,5,4,5,622663,Luis Severino,663559,Bailey Falter
2024-04-17,746487,Comerica Park,Detroit Tigers,Texas Rangers,1,1,0,1,4,5,7,7,2,1,669373,Tarik Skubal,641540,Dane Dunning
2024-04-17,746005,American Family Field,Milwaukee Brewers,San Diego Padres,0,0,0,0,1,0,3,5,0,2,669060,Bryse Wilson,650633,Michael King
2024-04-17,746401,Minute Maid Park,Houston Astros,Atlanta Braves,3,2,1,0,4,5,9,7,7,4,641585,J.P. France,608331,Max Fried
2024-04-17,746807,Guaranteed Rate Field,Chicago White Sox,Kansas City Royals,2,1,0,0,2,4,5,7,3,3,686563,Jonathan Cannon,663903,Brady Singer
2024-04-17,746809,Guaranteed Rate Field,Chicago White Sox,Kansas City Royals,1,0,0,0,2,1,6,5,3,1,607200,Erick Fedde,608379,Michael Wacha
2024-04-17,744948,Rogers Centre,Toronto Blue Jays,New York Yankees,2,1,0,0,4,6,9,11,5,4,592332,Kevin Gausman,573186,Marcus Stroman
2024-04-17,746159,Dodger Stadium,Los Angeles Dodgers,Washington Nationals,0,2,0,2,0,2,5,4,3,4,689017,Landon Knack,663623,Jake Irvin
2024-04-17,745671,Oakland Coliseum,Oakland Athletics,St. Louis Cardinals,5,3,0,0,6,3,10,6,7,5,621112,Paul Blackburn,571927,Steven Matz
2024-04-17,747212,Chase Field,Arizona Diamondbacks,Chicago Cubs,2,2,1,0,3,5,7,9,5,4,694297,Brandon Pfaadt,696136,Jordan Wicks
2024-04-17,745267,T-Mobile Park,Seattle Mariners,Cincinnati Reds,1,1,0,0,5,1,7,1,3,1,682243,Bryce Miller,671096,Andrew Abbott
2024-04-17,745591,Citizens Bank Park,Philadelphia Phillies,Colorado Rockies,5,1,4,1,7,6,12,12,8,6,650911,Cristopher Sánchez,663372,Ryan Feltner
2024-04-17,745105,Tropicana Field,Tampa Bay Rays,Los Angeles Angels,1,2,0,1,4,5,11,12,4,6,641793,Zack Littell,672282,Reid Detmers
2024-04-17,746973,Fenway Park,Boston Red Sox,Cleveland Guardians,2,0,0,0,2,0,5,3,3,3,656557,Tanner Houck,594902,Ben Lively
2024-04-18,745104,Tropicana Field,Tampa Bay Rays,Los Angeles Angels,2,0,2,0,2,1,5,6,2,3,686752,Ryan Pepiot,656288,Griffin Canning
2024-04-18,746485,Comerica Park,Detroit Tigers,Texas Rangers,7,7,0,1,7,9,11,13,9,8,628317,Kenta Maeda,683004,Jack Leiter
2024-04-18,746970,Fenway Park,Boston Red Sox,Cleveland Guardians,1,4,1,0,4,5,6,8,3,4,657514,Brennan Bernardino,471911,Carlos Carrasco
2024-04-18,745356,Oracle Park,San Francisco Giants,Arizona Diamondbacks,1,0,0,0,5,0,8,3,5,2,657277,Logan Webb,669194,Ryne Nelson
2024-04-19,746892,Wrigley Field,Chicago Cubs,Miami Marlins,8,1,2,0,8,3,10,6,9,3,592791,Jameson Taillon,640462,A.J. Puk
2024-04-19,746729,Great American Ball Park,Cincinnati Reds,Los Angeles Angels,1,1,0,0,7,1,5,7,2,5,666157,Nick Lodolo,542881,Tyler Anderson
2024-04-19,745518,PNC Park,Pittsburgh Pirates,Boston Red Sox,0,5,0,2,1,8,4,12,1,8,682990,Quinn Priester,678394,Brayan Bello
2024-04-19,745592,Citizens Bank Park,Philadelphia Phillies,Chicago White Sox,7,0,3,0,7,0,7,2,6,0,605513,Spencer Turnbull,676979,Garrett Crochet
2024-04-19,744872,Nationals Park,Washington Nationals,Houston Astros,2,4,0,0,3,5,8,13,4,9,669022,MacKenzie Gore,434378,Justin Verlander
2024-04-19,745758,Yankee Stadium,New York Yankees,Tampa Bay Rays,0,0,0,0,5,3,5,14,2,5,657376,Clarke Schmidt,641302,Tyler Alexander
2024-04-19,746650,Progressive Field,Cleveland Guardians,Oakland Athletics,7,1,0,1,10,2,9,6,5,3,663474,Triston McKenzie,671212,Joe Boyle
2024-04-19,747136,Truist Park,Atlanta Braves,Texas Rangers,3,1,1,1,8,3,6,6,3,2,519242,Chris Sale,571760,Andrew Heaney
2024-04-19,746325,Kauffman Stadium,Kansas City Royals,Baltimore Orioles,1,0,0,0,9,4,9,8,2,2,679525,Alec Marsh,665152,Dean Kremer
2024-04-19,745922,Target Field,Minnesota Twins,Detroit Tigers,2,3,2,1,4,5,5,12,3,4,657746,Joe Ryan,656427,Jack Flaherty
2024-04-19,745189,Busch Stadium,St. Louis Cardinals,Milwaukee Brewers,0,1,0,0,1,2,5,5,2,2,502043,Kyle Gibson,642547,Freddy Peralta
2024-04-19,745430,Petco Park,San Diego Padres,Toronto Blue Jays,1,5,0,1,1,5,5,11,3,7,663362,Matt Waldron,684320,Yariel Rodríguez
2024-04-19,746160,Dodger Stadium,Los Angeles Dodgers,New York Mets,2,4,0,0,4,9,6,14,4,6,808967,Yoshinobu Yamamoto,640455,Sean Manaea
2024-04-19,745352,Oracle Park,San Francisco Giants,Arizona Diamondbacks,1,5,0,0,1,17,4,22,4,9,605483,Blake Snell,656756,Jordan Montgomery
2024-04-20,745760,Yankee Stadium,New York Yankees,Tampa Bay Rays,0,0,0,0,0,2,4,9,2,4,641482,Nestor Cortes,621107,Zach Eflin
2024-04-20,745921,Target Field,Minnesota Twins,Detroit Tigers,4,0,0,0,4,3,7,5,5,1,641927,Bailey Ober,681857,Reese Olson
2024-04-20,745190,Busch Stadium,St. Louis Cardinals,Milwaukee Brewers,4,5,1,2,5,12,6,18,5,9,571945,Miles Mikolas,669084,DL Hall
2024-04-20,746893,Wrigley Field,Chicago Cubs,Miami Marlins,2,1,0,0,2,3,7,8,3,3,665871,Javier Assad,666200,Jesús Luzardo
2024-04-20,746891,Wrigley Field,Chicago Cubs,Miami Marlins,1,2,1,0,5,3,7,8,1,4,684007,Shota Imanaga,682610,Roddery Muñoz
2024-04-20,744865,Nationals Park,Washington Nationals,Houston Astros,2,1,1,1,5,4,9,10,4,3,592866,Trevor Williams,669854,Ronel Blanco
2024-04-20,746156,Dodger Stadium,Los Angeles Dodgers,New York Mets,2,2,1,1,4,6,6,8,3,5,694813,Gavin Stone,676130,José Buttó
2024-04-20,745515,PNC Park,Pittsburgh Pirates,Boston Red Sox,1,2,0,2,2,4,9,6,7,3,656605,Mitch Keller,676710,Kutter Crawford
2024-04-20,745354,Oracle Park,San Francisco Giants,Arizona Diamondbacks,5,3,2,1,7,3,16,7,9,6,690986,Kyle Harrison,668678,Zac Gallen
2024-04-20,745590,Citizens Bank Park,Philadelphia Phillies,Chicago White Sox,5,0,0,0,9,5,12,7,7,0,554430,Zack Wheeler,647336,Michael Soroka
2024-04-20,746651,Progressive Field,Cleveland Guardians,Oakland Athletics,4,2,2,0,6,3,14,6,8,4,671106,Logan Allen,622072,Alex Wood
2024-04-20,746726,Great American Ball Park,Cincinnati Reds,Los Angeles Angels,7,2,5,2,7,5,9,7,6,4,668933,Graham Ashcraft,663776,Patrick Sandoval
2024-04-20,746324,Kauffman Stadium,Kansas City Royals,Baltimore Orioles,0,7,0,0,7,9,8,15,2,10,666142,Cole Ragans,669203,Corbin Burnes
2024-04-20,747135,Truist Park,Atlanta Braves,Texas Rangers,3,2,0,0,5,2,8,5,5,3,450203,Charlie Morton,543135,Nathan Eovaldi
2024-04-20,746570,Coors Field,Colorado Rockies,Seattle Mariners,0,7,0,0,0,7,3,16,2,11,641712,Dakota Hudson,622491,Luis Castillo
2024-04-20,745431,Petco Park,San Diego Padres,Toronto Blue Jays,0,4,0,3,2,5,9,8,5,5,681190,Randy Vásquez,621244,José Berríos
2024-04-21,744866,Nationals Park,Washington Nationals,Houston Astros,5,0,3,0,6,0,11,4,7,2,680730,Mitchell Parker,686613,Hunter Brown
2024-04-21,745514,PNC Park,Pittsburgh Pirates,Boston Red Sox,1,4,1,0,1,6,7,8,5,7,527048,Martín Pérez,670174,Josh Winckowski
2024-04-21,745588,Citizens Bank Park,Philadelphia Phillies,Chicago White Sox,6,2,3,2,8,2,11,4,7,4,605400,Aaron Nola,680897,Nick Nastrini
2024-04-21,745759,Yankee Stadium,New York Yankees,Tampa Bay Rays,5,1,1,0,5,4,9,5,8,2,661563,Luis Gil,650644,Aaron Civale
2024-04-21,746727,Great American Ball Park,Cincinnati Reds,Los Angeles Angels,0,0,0,0,3,0,5,6,0,4,593423,Frankie Montas,667755,José Soriano
2024-04-21,746652,Progressive Field,Cleveland Guardians,Oakland Athletics,3,1,0,0,6,2,7,7,5,3,676440,Tanner Bibee,548389,Ross Stripling
2024-04-21,746316,Kauffman Stadium,Kansas City Royals,Baltimore Orioles,0,2,0,0,0,5,5,11,4,6,607625,Seth Lugo,608344,Cole Irvin
2024-04-21,745920,Target Field,Minnesota Twins,Detroit Tigers,0,4,0,2,1,6,7,7,5,4,686973,Louis Varland,663554,Casey Mize
2024-04-21,745192,Busch Stadium,St. Louis Cardinals,Milwaukee Brewers,0,0,0,0,0,2,6,6,5,2,543243,Sonny Gray,607067,Colin Rea
2024-04-21,746894,Wrigley Field,Chicago Cubs,Miami Marlins,3,5,0,0,3,6,8,11,7,9,543294,Kyle Hendricks,665795,Edward Cabrera
2024-04-21,746568,Coors Field,Colorado Rockies,Seattle Mariners,0,0,0,0,2,1,10,6,5,3,615698,Cal Quantrill,669923,George Kirby
2024-04-21,746572,Coors Field,Colorado Rockies,Seattle Mariners,2,6,2,0,2,10,6,13,2,8,663567,Peter Lambert,676106,Emerson Hancock
2024-04-21,745353,Oracle Park,San Francisco Giants,Arizona Diamondbacks,2,1,0,0,3,5,5,7,2,1,663855,Jordan Hicks,677944,Slade Cecconi
2024-04-21,746154,Dodger Stadium,Los Angeles Dodgers,New York Mets,10,0,0,0,10,0,9,7,8,2,607192,Tyler Glasnow,605288,Adrian Houser
2024-04-21,745434,Petco Park,San Diego Padres,Toronto Blue Jays,2,2,1,0,6,3,6,6,5,3,605397,Joe Musgrove,605135,Chris Bassitt
2024-04-21,747133,Truist Park,Atlanta Braves,Texas Rangers,3,4,3,0,4,6,5,11,3,6,670241,Darius Vines,547179,Michael Lorenzen
2024-04-22,745757,Yankee Stadium,New York Yankees,Oakland Athletics,0,0,0,0,0,2,3,4,3,1,607074,Carlos Rodón,676664,JP Sears
2024-04-22,746723,Great American Ball Park,Cincinnati Reds,Philadelphia Phillies,0,4,0,0,0,7,2,9,2,7,668881,Hunter Greene,624133,Ranger Suarez
2024-04-22,745519,PNC Park,Pittsburgh Pirates,Milwaukee Brewers,1,1,1,0,4,2,9,5,5,2,683003,Jared Jones,605452,Joe Ross
2024-04-22,745107,Tropicana Field,Tampa Bay Rays,Detroit Tigers,0,5,0,1,1,7,6,11,3,8,641793,Zack Littell,669373,Tarik Skubal
2024-04-22,747134,Truist Park,Atlanta Braves,Miami Marlins,3,0,0,0,3,0,8,8,4,6,693821,Bryce Elder,677960,Ryan Weathers
2024-04-22,746319,Kauffman Stadium,Kansas City Royals,Toronto Blue Jays,0,3,0,0,3,5,8,6,1,4,663903,Brady Singer,579328,Yusei Kikuchi
2024-04-22,745916,Target Field,Minnesota Twins,Chicago White Sox,6,0,2,0,7,0,11,8,10,5,663978,Chris Paddack,686563,Jonathan Cannon
2024-04-22,745191,Busch Stadium,St. Louis Cardinals,Arizona Diamondbacks,0,3,0,0,5,3,7,9,1,7,458681,Lance Lynn,694297,Brandon Pfaadt
2024-04-22,746565,Coors Field,Colorado Rockies,San Diego Padres,1,1,0,0,1,3,4,9,1,4,596295,Austin Gomber,656302,Dylan Cease
2024-04-22,746242,Angel Stadium,Los Angeles Angels,Baltimore Orioles,0,3,0,0,2,4,8,6,3,4,672282,Reid Detmers,544150,Albert Suárez
2024-04-22,745351,Oracle Park,San Francisco Giants,New York Mets,4,1,0,0,5,2,8,4,6,3,676775,Keaton Winn,500779,Jose Quintana
2024-04-23,746647,Progressive Field,Cleveland Guardians,Boston Red Sox,0,0,0,0,4,1,7,6,3,3,594902,Ben Lively,656557,Tanner Houck
2024-04-23,746722,Great American Ball Park,Cincinnati Reds,Philadelphia Phillies,7,1,1,1,8,1,9,6,8,2,671096,Andrew Abbott,650911,Cristopher Sánchez
2024-04-23,745516,PNC Park,Pittsburgh Pirates,Milwaukee Brewers,1,0,1,0,2,1,7,3,4,2,663559,Bailey Falter,668964,Tobias Myers
2024-04-23,744863,Nationals Park,Washington Nationals,Los Angeles Dodgers,1,0,0,0,1,4,7,9,5,3,571578,Patrick Corbin,572020,James Paxton
2024-04-23,745102,Tropicana Field,Tampa Bay Rays,Detroit Tigers,0,1,0,0,2,4,7,6,3,2,686752,Ryan Pepiot,628317,Kenta Maeda
2024-04-23,745754,Yankee Stadium,New York Yankees,Oakland Athletics,4,3,4,1,4,3,5,7,5,6,573186,Marcus Stroman,621112,Paul Blackburn
2024-04-23,747130,Truist Park,Atlanta Braves,Miami Marlins,2,0,0,0,5,0,10,3,3,1,608331,Max Fried,669432,Trevor Rogers
2024-04-23,746888,Wrigley Field,Chicago Cubs,Houston Astros,5,2,5,0,7,2,6,6,5,5,696136,Jordan Wicks,641585,J.P. France
2024-04-23,746321,Kauffman Stadium,Kansas City Royals,Toronto Blue Jays,3,2,0,0,3,2,8,9,6,8,608379,Michael Wacha,592332,Kevin Gausman
2024-04-23,745917,Target Field,Minnesota Twins,Chicago White Sox,1,3,1,0,6,5,10,8,3,4,641154,Pablo López,607200,Erick Fedde
2024-04-23,745193,Busch Stadium,St. Louis Cardinals,Arizona Diamondbacks,1,10,1,0,1,14,6,15,5,10,571927,Steven Matz,674072,Tommy Henry
2024-04-23,745026,Globe Life Field,Texas Rangers,Seattle Mariners,0,4,0,2,0,4,3,6,1,5,641540,Dane Dunning,669302,Logan Gilbert
2024-04-23,746566,Coors Field,Colorado Rockies,San Diego Padres,7,4,0,2,7,4,13,12,10,10,663372,Ryan Feltner,650633,Michael King
2024-04-23,746246,Angel Stadium,Los Angeles Angels,Baltimore Orioles,7,3,1,0,7,4,11,8,11,5,656288,Griffin Canning,680570,Grayson Rodriguez
2024-04-23,745348,Oracle Park,San Francisco Giants,New York Mets,3,0,0,0,5,1,8,9,4,3,657277,Logan Webb,622663,Luis Severino
2024-04-24,745188,Busch Stadium,St. Louis Cardinals,Arizona Diamondbacks,0,1,0,1,5,1,9,7,2,5,502043,Kyle Gibson,656756,Jordan Montgomery
2024-04-24,745346,Oracle Park,San Francisco Giants,New York Mets,0,6,0,0,2,8,8,11,4,7,676254,Ryan Walker,640455,Sean Manaea
2024-04-24,746244,Angel Stadium,Los Angeles Angels,Baltimore Orioles,0,2,0,0,5,6,6,9,1,4,542881,Tyler Anderson,665152,Dean Kremer
2024-04-24,746649,Progressive Field,Cleveland Guardians,Boston Red Sox,0,3,0,1,0,8,4,16,3,7,471911,Carlos Carrasco,681867,Cooper Criswell
2024-04-24,746725,Great American Ball Park,Cincinnati Reds,Philadelphia Phillies,1,2,0,1,7,4,10,11,3,4,666157,Nick Lodolo,605513,Spencer Turnbull
2024-04-24,745513,PNC Park,Pittsburgh Pirates,Milwaukee Brewers,2,3,0,0,2,3,4,7,3,3,676596,Josh Fleming,669060,Bryse Wilson
2024-04-24,744864,Nationals Park,Washington Nationals,Los Angeles Dodgers,2,6,0,1,2,11,3,20,3,12,663623,Jake Irvin,689017,Landon Knack
2024-04-24,745099,Tropicana Field,Tampa Bay Rays,Detroit Tigers,4,3,1,1,7,5,11,7,7,4,542888,Shawn Armstrong,656427,Jack Flaherty
2024-04-24,745753,Yankee Stadium,New York Yankees,Oakland Athletics,5,0,2,0,7,3,11,4,6,2,657376,Clarke Schmidt,671212,Joe Boyle
2024-04-24,747132,Truist Park,Atlanta Braves,Miami Marlins,3,1,2,0,4,3,10,7,7,2,625643,Reynaldo López,664350,Sixto Sánchez
2024-04-24,746889,Wrigley Field,Chicago Cubs,Houston Astros,4,2,4,0,4,3,8,10,7,6,592791,Jameson Taillon,681293,Spencer Arrighetti
2024-04-24,746317,Kauffman Stadium,Kansas City Royals,Toronto Blue Jays,3,1,1,0,3,2,9,6,6,4,679525,Alec Marsh,684320,Yariel Rodríguez
2024-04-24,745919,Target Field,Minnesota Twins,Chicago White Sox,6,3,0,0,6,3,13,4,9,4,657746,Joe Ryan,676979,Garrett Crochet
2024-04-24,745028,Globe Life Field,Texas Rangers,Seattle Mariners,2,1,0,1,5,1,8,8,4,7,592351,Jon Gray,682243,Bryce Miller
2024-04-24,746567,Coors Field,Colorado Rockies,San Diego Padres,0,4,0,4,2,5,5,8,2,5,621389,Ty Blach,663362,Matt Waldron
2024-04-25,745512,PNC Park,Pittsburgh Pirates,Milwaukee Brewers,5,4,3,1,5,7,8,12,5,6,656605,Mitch Keller,642547,Freddy Peralta
2024-04-25,746646,Progressive Field,Cleveland Guardians,Boston Red Sox,5,2,0,0,6,4,8,10,5,8,663474,Triston McKenzie,502624,Chase Anderson
2024-04-25,746724,Great American Ball Park,Cincinnati Reds,Philadelphia Phillies,0,4,0,0,0,5,3,11,1,8,607259,Nick Martinez,554430,Zack Wheeler
2024-04-25,745918,Target Field,Minnesota Twins,Chicago White Sox,0,2,0,0,6,3,10,9,2,7,680573,Simeon Woods Richardson,647336,Michael Soroka
2024-04-25,746320,Kauffman Stadium,Kansas City Royals,Toronto Blue Jays,2,1,2,0,2,1,3,3,3,3,666142,Cole Ragans,621244,José Berríos
2024-04-25,746887,Wrigley Field,Chicago Cubs,Houston Astros,0,1,0,1,3,1,7,4,3,2,665871,Javier Assad,434378,Justin Verlander
2024-04-25,745027,Globe Life Field,Texas Rangers,Seattle Mariners,2,4,1,2,3,4,7,5,4,5,571760,Andrew Heaney,622491,Luis Castillo
2024-04-25,746564,Coors Field,Colorado Rockies,San Diego Padres,4,6,1,0,10,9,14,11,7,6,641712,Dakota Hudson,681190,Randy Vásquez
2024-04-25,744867,Nationals Park,Washington Nationals,Los Angeles Dodgers,0,1,0,0,1,2,7,9,2,6,669022,MacKenzie Gore,808967,Yoshinobu Yamamoto
2024-04-25,745755,Yankee Stadium,New York Yankees,Oakland Athletics,1,3,0,0,1,3,11,6,7,5,641482,Nestor Cortes,622072,Alex Wood
2024-04-26,746482,Comerica Park,Detroit Tigers,Kansas City Royals,0,1,0,0,0,8,5,7,2,3,681857,Reese Olson,607625,Seth Lugo
2024-04-26,747050,Oriole Park at Camden Yards,Baltimore Orioles,Oakland Athletics,2,1,0,1,2,3,6,7,5,2,669203,Corbin Burnes,548389,Ross Stripling
2024-04-26,744949,Rogers Centre,Toronto Blue Jays,Los Angeles Dodgers,1,9,0,1,2,12,5,19,2,13,605135,Chris Bassitt,694813,Gavin Stone
2024-04-26,746972,Fenway Park,Boston Red Sox,Chicago Cubs,1,4,0,0,1,7,7,14,2,9,676710,Kutter Crawford,684007,Shota Imanaga
2024-04-26,745835,Citi Field,New York Mets,St. Louis Cardinals,1,4,0,0,2,4,8,5,5,3,676130,José Buttó,571945,Miles Mikolas
2024-04-26,746078,loanDepot park,Miami Marlins,Washington Nationals,1,0,0,0,1,3,6,8,5,3,687424,Anthony Maldonado,592866,Trevor Williams
2024-04-26,747129,Truist Park,Atlanta Braves,Cleveland Guardians,4,1,0,1,6,2,8,5,5,2,519242,Chris Sale,671106,Logan Allen
2024-04-26,746808,Guaranteed Rate Field,Chicago White Sox,Tampa Bay Rays,2,0,0,0,9,4,12,9,6,2,623167,Chris Flexen,621107,Zach Eflin
2024-04-26,745025,Globe Life Field,Texas Rangers,Cincinnati Reds,1,1,0,1,2,1,8,3,5,2,543135,Nathan Eovaldi,668933,Graham Ashcraft
2024-04-26,746000,American Family Field,Milwaukee Brewers,New York Yankees,4,5,0,1,7,6,10,6,6,4,607067,Colin Rea,661563,Luis Gil
2024-04-26,746243,Angel Stadium,Los Angeles Angels,Minnesota Twins,0,3,0,0,3,5,5,11,0,7,663776,Patrick Sandoval,641927,Bailey Ober
2024-04-26,745269,T-Mobile Park,Seattle Mariners,Arizona Diamondbacks,2,0,1,0,6,1,5,3,3,1,676106,Emerson Hancock,668678,Zac Gallen
2024-04-26,745424,Petco Park,San Diego Padres,Philadelphia Phillies,1,7,0,2,3,9,7,13,3,9,605397,Joe Musgrove,605400,Aaron Nola
2024-04-26,745347,Oracle Park,San Francisco Giants,Pittsburgh Pirates,0,0,0,0,3,0,6,8,2,5,690986,Kyle Harrison,682990,Quinn Priester
2024-04-27,744946,Rogers Centre,Toronto Blue Jays,Los Angeles Dodgers,0,4,0,1,2,4,4,11,1,9,579328,Yusei Kikuchi,607192,Tyler Glasnow
2024-04-27,747052,Oriole Park at Camden Yards,Baltimore Orioles,Oakland Athletics,5,0,0,0,7,0,9,5,7,2,608344,Cole Irvin,676664,JP Sears
2024-04-27,745833,Citi Field,New York Mets,St. Louis Cardinals,4,6,0,4,4,7,7,10,4,9,605288,Adrian Houser,543243,Sonny Gray
2024-04-27,745020,Globe Life Field,Texas Rangers,Cincinnati Reds,0,3,0,0,4,8,7,10,1,5,547179,Michael Lorenzen,668881,Hunter Greene
2024-04-27,746971,Fenway Park,Boston Red Sox,Chicago Cubs,9,0,2,0,17,0,21,5,11,4,670174,Josh Winckowski,676962,Ben Brown
2024-04-27,746075,loanDepot park,Miami Marlins,Washington Nationals,1,6,1,0,4,11,13,11,7,4,665795,Edward Cabrera,680730,Mitchell Parker
2024-04-27,746560,Estadio Alfredo Harp Helu,Colorado Rockies,Houston Astros,2,4,2,0,4,12,8,15,3,4,615698,Cal Quantrill,669854,Ronel Blanco
2024-04-27,746484,Comerica Park,Detroit Tigers,Kansas City Royals,1,3,0,2,6,5,8,9,4,6,663554,Casey Mize,663903,Brady Singer
2024-04-27,746803,Guaranteed Rate Field,Chicago White Sox,Tampa Bay Rays,6,4,0,0,8,7,10,11,9,8,686563,Jonathan Cannon,650644,Aaron Civale
2024-04-27,745998,American Family Field,Milwaukee Brewers,New York Yankees,1,7,1,3,3,15,5,19,2,8,605452,Joe Ross,607074,Carlos Rodón
2024-04-27,747131,Truist Park,Atlanta Braves,Cleveland Guardians,0,0,0,0,2,4,7,8,2,2,450203,Charlie Morton,676440,Tanner Bibee
2024-04-27,745425,Petco Park,San Diego Padres,Philadelphia Phillies,0,5,0,2,1,5,3,8,2,6,656302,Dylan Cease,624133,Ranger Suarez
2024-04-27,745350,Oracle Park,San Francisco Giants,Pittsburgh Pirates,0,0,0,0,3,4,7,11,2,3,663855,Jordan Hicks,527048,Martín Pérez
2024-04-27,746245,Angel Stadium,Los Angeles Angels,Minnesota Twins,4,10,0,1,5,16,11,17,8,10,667755,José Soriano,663978,Chris Paddack
2024-04-27,745266,T-Mobile Park,Seattle Mariners,Arizona Diamondbacks,1,0,0,0,3,1,4,3,3,2,669923,George Kirby,677944,Slade Cecconi
2024-04-28,747045,Oriole Park at Camden Yards,Baltimore Orioles,Oakland Athletics,6,4,0,0,6,7,9,10,8,7,544150,Albert Suárez,621112,Paul Blackburn
2024-04-28,747125,Truist Park,Atlanta Braves,Cleveland Guardians,1,2,0,0,4,3,9,10,4,4,693821,Bryce Elder,594902,Ben Lively
2024-04-28,744947,Rogers Centre,Toronto Blue Jays,Los Angeles Dodgers,3,0,0,0,3,1,8,6,6,3,592332,Kevin Gausman,675627,Michael Grove
2024-04-28,746483,Comerica Park,Detroit Tigers,Kansas City Royals,3,1,2,1,4,1,10,5,7,3,669373,Tarik Skubal,608379,Michael Wacha
2024-04-28,745834,Citi Field,New York Mets,St. Louis Cardinals,0,1,0,0,4,2,8,4,3,3,500779,Jose Quintana,458681,Lance Lynn
2024-04-28,746077,loanDepot park,Miami Marlins,Washington Nationals,7,9,6,0,9,12,12,14,8,8,677960,Ryan Weathers,571578,Patrick Corbin
2024-04-28,746805,Guaranteed Rate Field,Chicago White Sox,Tampa Bay Rays,2,1,0,0,4,2,12,7,7,5,607200,Erick Fedde,641793,Zack Littell
2024-04-28,746001,American Family Field,Milwaukee Brewers,New York Yankees,4,4,0,1,5,15,11,18,6,5,668964,Tobias Myers,573186,Marcus Stroman
2024-04-28,745022,Globe Life Field,Texas Rangers,Cincinnati Reds,4,0,4,0,4,3,6,6,5,1,641540,Dane Dunning,671096,Andrew Abbott
2024-04-28,746561,Estadio Alfredo Harp Helu,Colorado Rockies,Houston Astros,2,4,0,2,2,8,7,8,5,6,596295,Austin Gomber,664285,Framber Valdez
2024-04-28,745349,Oracle Park,San Francisco Giants,Pittsburgh Pirates,3,1,0,0,3,2,8,5,6,2,676775,Keaton Winn,683003,Jared Jones
2024-04-28,746237,Angel Stadium,Los Angeles Angels,Minnesota Twins,4,5,0,0,5,11,6,17,4,8,672282,Reid Detmers,641154,Pablo López
2024-04-28,745265,T-Mobile Park,Seattle Mariners,Arizona Diamondbacks,2,1,1,0,2,3,5,6,5,2,669302,Logan Gilbert,694297,Brandon Pfaadt
2024-04-28,745428,Petco Park,San Diego Padres,Philadelphia Phillies,3,4,0,0,6,8,9,12,5,4,650633,Michael King,592836,Taijuan Walker
2024-04-28,746967,Fenway Park,Boston Red Sox,Chicago Cubs,2,0,1,0,5,4,9,7,5,2,656557,Tanner Houck,669713,Hayden Wesneski
2024-04-29,747046,Oriole Park at Camden Yards,Baltimore Orioles,New York Yankees,1,0,1,0,2,0,4,7,3,4,680570,Grayson Rodriguez,657376,Clarke Schmidt
2024-04-29,746074,loanDepot park,Miami Marlins,Washington Nationals,0,3,0,0,2,7,4,7,2,4,669432,Trevor Rogers,663623,Jake Irvin
2024-04-29,744945,Rogers Centre,Toronto Blue Jays,Kansas City Royals,5,3,2,2,6,5,12,11,8,7,684320,Yariel Rodríguez,680742,Jonathan Bowlan
2024-04-29,745832,Citi Field,New York Mets,Chicago Cubs,1,0,1,0,1,3,4,3,2,0,622663,Luis Severino,592791,Jameson Taillon
2024-04-29,746804,Guaranteed Rate Field,Chicago White Sox,Minnesota Twins,2,2,2,0,2,3,8,4,6,2,676979,Garrett Crochet,657746,Joe Ryan
2024-04-29,745999,American Family Field,Milwaukee Brewers,Tampa Bay Rays,0,1,0,1,0,1,3,6,1,3,669060,Bryse Wilson,686752,Ryan Pepiot
2024-04-29,746236,Angel Stadium,Los Angeles Angels,Philadelphia Phillies,2,4,1,3,6,5,11,6,5,3,656288,Griffin Canning,650911,Cristopher Sánchez
2024-04-29,747211,Chase Field,Arizona Diamondbacks,Los Angeles Dodgers,4,6,1,0,4,8,7,10,6,7,674072,Tommy Henry,572020,James Paxton
2024-04-29,745672,Oakland Coliseum,Oakland Athletics,Pittsburgh Pirates,5,1,1,1,5,1,8,2,6,1,671212,Joe Boyle,663559,Bailey Falter
2024-04-29,745427,Petco Park,San Diego Padres,Cincinnati Reds,1,4,1,1,2,5,4,8,1,6,663362,Matt Waldron,666157,Nick Lodolo
2024-04-29,745263,T-Mobile Park,Seattle Mariners,Atlanta Braves,0,0,0,0,2,1,4,3,,,682243,Bryce Miller,608331,Max Fried
2024-04-30,746477,Comerica Park,Detroit Tigers,St. Louis Cardinals,1,0,0,0,1,2,4,7,2,2,656427,Jack Flaherty,502043,Kyle Gibson
2024-04-30,746481,Comerica Park,Detroit Tigers,St. Louis Cardinals,7,5,2,0,11,6,14,11,10,8,666159,Matt Manning,571927,Steven Matz
2024-04-30,747047,Oriole Park at Camden Yards,Baltimore Orioles,New York Yankees,4,1,0,0,4,2,9,5,8,2,665152,Dean Kremer,641482,Nestor Cortes
2024-04-30,746073,loanDepot park,Miami Marlins,Colorado Rockies,0,5,0,5,7,6,9,9,2,7,664350,Sixto Sánchez,663372,Ryan Feltner
2024-04-30,744942,Rogers Centre,Toronto Blue Jays,Kansas City Royals,0,2,0,0,1,4,4,8,1,4,621244,José Berríos,666142,Cole Ragans
2024-04-30,745831,Citi Field,New York Mets,Chicago Cubs,1,1,1,0,4,2,7,4,5,3,640455,Sean Manaea,665871,Javier Assad
2024-04-30,746968,Fenway Park,Boston Red Sox,San Francisco Giants,4,0,1,0,4,0,11,4,10,2,681867,Cooper Criswell,657277,Logan Webb
2024-04-30,746806,Guaranteed Rate Field,Chicago White Sox,Minnesota Twins,4,2,0,0,5,6,12,9,9,3,647336,Michael Soroka,680573,Simeon Woods Richardson
2024-04-30,745997,American Family Field,Milwaukee Brewers,Tampa Bay Rays,6,1,1,0,8,2,10,5,8,1,642547,Freddy Peralta,641302,Tyler Alexander
2024-04-30,745018,Globe Life Field,Texas Rangers,Washington Nationals,2,1,0,1,7,1,10,3,5,3,592351,Jon Gray,669022,MacKenzie Gore
2024-04-30,746398,Minute Maid Park,Houston Astros,Cleveland Guardians,8,3,0,3,10,9,12,7,8,3,686613,Hunter Brown,471911,Carlos Carrasco
2024-04-30,746239,Angel Stadium,Los Angeles Angels,Philadelphia Phillies,1,3,0,0,5,7,9,11,3,4,542881,Tyler Anderson,605513,Spencer Turnbull
2024-04-30,747210,Chase Field,Arizona Diamondbacks,Los Angeles Dodgers,1,1,0,0,4,3,10,5,3,3,676714,Brandon Hughes,689017,Landon Knack
2024-04-30,745673,Oakland Coliseum,Oakland Athletics,Pittsburgh Pirates,3,2,0,1,5,2,8,5,5,5,622072,Alex Wood,656605,Mitch Keller
2024-04-30,745426,Petco Park,San Diego Padres,Cincinnati Reds,5,0,0,0,6,4,10,8,6,3,506433,Yu Darvish,607259,Nick Martinez
2024-04-30,745260,T-Mobile Park,Seattle Mariners,Atlanta Braves,3,0,0,0,3,2,7,6,6,3,622491,Luis Castillo,625643,Reynaldo López
2024-05-01,746478,Comerica Park,Detroit Tigers,St. Louis Cardinals,3,1,0,0,4,1,8,7,6,3,628317,Kenta Maeda,571945,Miles Mikolas
2024-05-01,745996,American Family Field,Milwaukee Brewers,Tampa Bay Rays,2,0,0,0,7,1,10,5,4,4,607067,Colin Rea,621107,Zach Eflin
2024-05-01,746800,Guaranteed Rate Field,Chicago White Sox,Minnesota Twins,4,2,2,0,5,10,7,12,6,4,623167,Chris Flexen,641927,Bailey Ober
2024-05-01,744939,Rogers Centre,Toronto Blue Jays,Kansas City Royals,0,0,0,0,1,6,4,7,1,0,605135,Chris Bassitt,607625,Seth Lugo
2024-05-01,745670,Oakland Coliseum,Oakland Athletics,Pittsburgh Pirates,3,0,0,0,4,0,6,4,5,3,548389,Ross Stripling,682990,Quinn Priester
2024-05-01,745261,T-Mobile Park,Seattle Mariners,Atlanta Braves,1,5,0,0,2,5,10,6,6,6,676106,Emerson Hancock,519242,Chris Sale
2024-05-01,746238,Angel Stadium,Los Angeles Angels,Philadelphia Phillies,1,2,0,0,1,2,10,7,5,4,663776,Patrick Sandoval,554430,Zack Wheeler
2024-05-01,745423,Petco Park,San Diego Padres,Cincinnati Reds,2,2,0,1,6,2,8,4,5,4,605397,Joe Musgrove,668933,Graham Ashcraft
2024-05-01,747048,Oriole Park at Camden Yards,Baltimore Orioles,New York Yankees,0,2,0,0,0,2,3,4,2,4,669203,Corbin Burnes,661563,Luis Gil
2024-05-01,746072,loanDepot park,Miami Marlins,Colorado Rockies,2,0,0,0,4,1,7,4,4,2,682610,Roddery Muñoz,641712,Dakota Hudson
2024-05-01,745829,Citi Field,New York Mets,Chicago Cubs,0,1,0,0,0,1,5,5,3,3,676130,José Buttó,684007,Shota Imanaga
2024-05-01,746966,Fenway Park,Boston Red Sox,San Francisco Giants,5,2,0,0,6,2,10,5,8,4,676710,Kutter Crawford,669062,Erik Miller
2024-05-01,745023,Globe Life Field,Texas Rangers,Washington Nationals,0,1,0,0,0,1,6,5,5,3,571760,Andrew Heaney,592866,Trevor Williams
2024-05-01,746399,Minute Maid Park,Houston Astros,Cleveland Guardians,0,2,0,0,2,3,7,9,2,5,434378,Justin Verlander,663474,Triston McKenzie
2024-05-01,747207,Chase Field,Arizona Diamondbacks,Los Angeles Dodgers,0,6,0,0,0,8,7,10,4,7,656756,Jordan Montgomery,808967,Yoshinobu Yamamoto
2024-05-02,746070,loanDepot park,Miami Marlins,Colorado Rockies,4,4,2,0,5,4,9,5,6,3,665795,Edward Cabrera,663567,Peter Lambert
2024-05-02,747044,Oriole Park at Camden Yards,Baltimore Orioles,New York Yankees,7,1,0,0,7,2,8,6,8,4,680694,Kyle Bradish,607074,Carlos Rodón
2024-05-02,745830,Citi Field,New York Mets,Chicago Cubs,2,4,0,0,7,6,8,9,3,4,605288,Adrian Houser,676962,Ben Brown
2024-05-02,746969,Fenway Park,Boston Red Sox,San Francisco Giants,1,1,0,0,1,3,4,6,3,2,670174,Josh Winckowski,690986,Kyle Harrison
2024-05-02,745021,Globe Life Field,Texas Rangers,Washington Nationals,3,0,0,0,6,0,9,4,5,2,543135,Nathan Eovaldi,680730,Mitchell Parker
2024-05-02,746403,Minute Maid Park,Houston Astros,Cleveland Guardians,1,2,0,0,8,2,10,7,5,3,681293,Spencer Arrighetti,671106,Logan Allen
2024-05-03,746890,Wrigley Field,Chicago Cubs,Milwaukee Brewers,0,0,0,0,1,3,8,8,5,3,669713,Hayden Wesneski,605452,Joe Ross
2024-05-03,746721,Great American Ball Park,Cincinnati Reds,Baltimore Orioles,0,0,0,0,0,3,2,9,1,4,668881,Hunter Greene,608344,Cole Irvin
2024-05-03,745510,PNC Park,Pittsburgh Pirates,Colorado Rockies,0,0,0,0,2,3,4,12,3,5,527048,Martín Pérez,615698,Cal Quantrill
2024-05-03,745589,Citizens Bank Park,Philadelphia Phillies,San Francisco Giants,4,2,0,0,4,3,6,8,4,4,605400,Aaron Nola,663855,Jordan Hicks
2024-05-03,744868,Nationals Park,Washington Nationals,Toronto Blue Jays,1,3,0,0,9,3,12,7,5,6,571578,Patrick Corbin,579328,Yusei Kikuchi
2024-05-03,745101,Tropicana Field,Tampa Bay Rays,New York Mets,9,7,0,0,10,8,13,10,11,7,650644,Aaron Civale,500779,Jose Quintana
2024-05-03,745756,Yankee Stadium,New York Yankees,Detroit Tigers,0,0,0,0,2,1,6,5,2,2,573186,Marcus Stroman,681857,Reese Olson
2024-05-03,746645,Progressive Field,Cleveland Guardians,Los Angeles Angels,0,6,0,0,0,6,6,11,4,8,676440,Tanner Bibee,667755,José Soriano
2024-05-03,746318,Kauffman Stadium,Kansas City Royals,Texas Rangers,1,1,0,0,7,1,11,7,3,4,663903,Brady Singer,547179,Michael Lorenzen
2024-05-03,745914,Target Field,Minnesota Twins,Boston Red Sox,1,0,0,0,5,2,8,4,3,2,663978,Chris Paddack,656557,Tanner Houck
2024-05-03,745187,Busch Stadium,St. Louis Cardinals,Chicago White Sox,3,0,2,0,3,0,6,3,5,3,543243,Sonny Gray,641745,Brad Keller
2024-05-03,747208,Chase Field,Arizona Diamondbacks,San Diego Padres,1,7,0,0,1,7,3,12,3,7,677944,Slade Cecconi,656302,Dylan Cease
2024-05-03,745665,Oakland Coliseum,Oakland Athletics,Miami Marlins,3,0,0,0,3,1,5,7,4,3,676664,JP Sears,677960,Ryan Weathers
2024-05-03,746152,Dodger Stadium,Los Angeles Dodgers,Atlanta Braves,2,1,0,1,4,3,9,6,5,4,694813,Gavin Stone,450203,Charlie Morton
2024-05-04,745750,Yankee Stadium,New York Yankees,Detroit Tigers,5,3,1,1,5,3,9,7,7,4,657376,Clarke Schmidt,663554,Casey Mize
2024-05-04,745911,Target Field,Minnesota Twins,Boston Red Sox,2,1,1,1,3,1,8,8,4,5,641154,Pablo López,657514,Brennan Bernardino
2024-05-04,745183,Busch Stadium,St. Louis Cardinals,Chicago White Sox,5,3,0,2,5,6,5,8,4,4,458681,Lance Lynn,607200,Erick Fedde
2024-05-04,746884,Wrigley Field,Chicago Cubs,Milwaukee Brewers,4,0,2,0,6,5,8,8,4,2,592791,Jameson Taillon,668964,Tobias Myers
2024-05-04,745511,PNC Park,Pittsburgh Pirates,Colorado Rockies,0,0,0,0,1,0,6,1,3,1,683003,Jared Jones,596295,Austin Gomber
2024-05-04,744862,Nationals Park,Washington Nationals,Toronto Blue Jays,0,4,0,4,3,6,6,9,2,5,663623,Jake Irvin,592332,Kevin Gausman
2024-05-04,745666,Oakland Coliseum,Oakland Athletics,Miami Marlins,13,0,0,0,20,4,21,7,12,2,621112,Paul Blackburn,669432,Trevor Rogers
2024-05-04,745583,Citizens Bank Park,Philadelphia Phillies,San Francisco Giants,9,3,5,0,14,3,12,10,9,7,624133,Ranger Suarez,676775,Keaton Winn
2024-05-04,746644,Progressive Field,Cleveland Guardians,Los Angeles Angels,3,1,0,0,7,1,6,4,4,3,594902,Ben Lively,672282,Reid Detmers
2024-05-04,746720,Great American Ball Park,Cincinnati Reds,Baltimore Orioles,0,2,0,0,1,2,6,7,2,7,671096,Andrew Abbott,607644,John Means
2024-05-04,746311,Kauffman Stadium,Kansas City Royals,Texas Rangers,2,7,0,1,4,15,9,17,4,10,608379,Michael Wacha,641540,Dane Dunning
2024-05-04,746394,Minute Maid Park,Houston Astros,Seattle Mariners,0,3,0,0,0,5,3,10,1,7,664285,Framber Valdez,669302,Logan Gilbert
2024-05-04,745100,Tropicana Field,Tampa Bay Rays,New York Mets,1,1,1,1,3,1,7,6,4,5,641793,Zack Littell,681035,Christian Scott
2024-05-04,747209,Chase Field,Arizona Diamondbacks,San Diego Padres,0,3,0,1,1,13,8,18,5,8,694297,Brandon Pfaadt,650633,Michael King
2024-05-04,746155,Dodger Stadium,Los Angeles Dodgers,Atlanta Braves,7,1,0,0,11,2,16,6,9,3,607192,Tyler Glasnow,693821,Bryce Elder
2024-05-05,745504,PNC Park,Pittsburgh Pirates,Colorado Rockies,1,3,0,0,5,3,9,7,3,5,663559,Bailey Falter,663372,Ryan Feltner
2024-05-05,744861,Nationals Park,Washington Nationals,Toronto Blue Jays,7,8,1,0,11,8,11,10,6,8,669022,MacKenzie Gore,666201,Alek Manoah
2024-05-05,745751,Yankee Stadium,New York Yankees,Detroit Tigers,2,0,1,0,5,2,9,5,5,1,641482,Nestor Cortes,669373,Tarik Skubal
2024-05-05,746643,Progressive Field,Cleveland Guardians,Los Angeles Angels,0,1,0,0,4,1,5,6,2,5,471911,Carlos Carrasco,656288,Griffin Canning
2024-05-05,745103,Tropicana Field,Tampa Bay Rays,New York Mets,4,5,0,2,7,6,9,8,4,7,686752,Ryan Pepiot,622663,Luis Severino
2024-05-05,746395,Minute Maid Park,Houston Astros,Seattle Mariners,0,2,0,0,4,5,8,10,2,5,686613,Hunter Brown,682243,Bryce Miller
2024-05-05,746314,Kauffman Stadium,Kansas City Royals,Texas Rangers,2,0,1,0,2,3,7,8,5,2,663738,Daniel Lynch IV,592351,Jon Gray
2024-05-05,745913,Target Field,Minnesota Twins,Boston Red Sox,1,3,0,0,2,9,9,11,5,4,657746,Joe Ryan,681867,Cooper Criswell
2024-05-05,745185,Busch Stadium,St. Louis Cardinals,Chicago White Sox,1,1,0,0,1,5,4,9,2,3,669461,Matthew Liberatore,676979,Garrett Crochet
2024-05-05,746883,Wrigley Field,Chicago Cubs,Milwaukee Brewers,3,0,0,0,5,0,7,5,3,4,665871,Javier Assad,642547,Freddy Peralta
2024-05-05,745667,Oakland Coliseum,Oakland Athletics,Miami Marlins,2,5,0,4,3,12,5,14,3,4,671212,Joe Boyle,664350,Sixto Sánchez
2024-05-05,746719,Great American Ball Park,Cincinnati Reds,Baltimore Orioles,0,4,0,3,1,11,3,11,1,4,666157,Nick Lodolo,665152,Dean Kremer
2024-05-05,747206,Chase Field,Arizona Diamondbacks,San Diego Padres,11,4,4,0,11,4,13,12,13,8,669194,Ryne Nelson,663362,Matt Waldron
2024-05-05,746153,Dodger Stadium,Los Angeles Dodgers,Atlanta Braves,2,0,2,0,5,1,5,5,2,2,572020,James Paxton,608331,Max Fried
2024-05-05,745587,Citizens Bank Park,Philadelphia Phillies,San Francisco Giants,5,1,0,1,5,4,10,7,8,3,592836,Taijuan Walker,657277,Logan Webb
2024-05-06,745585,Citizens Bank Park,Philadelphia Phillies,San Francisco Giants,5,0,0,0,6,1,10,5,8,3,554430,Zack Wheeler,696131,Mason Black
2024-05-06,746639,Progressive Field,Cleveland Guardians,Detroit Tigers,1,1,1,1,2,1,7,6,5,3,663474,Triston McKenzie,656427,Jack Flaherty
2024-05-06,745509,PNC Park,Pittsburgh Pirates,Los Angeles Angels,4,0,0,0,4,1,6,5,4,2,656605,Mitch Keller,542881,Tyler Anderson
2024-05-06,745098,Tropicana Field,Tampa Bay Rays,Chicago White Sox,7,2,0,0,8,2,13,4,11,4,641302,Tyler Alexander,605182,Mike Clevinger
2024-05-06,746313,Kauffman Stadium,Kansas City Royals,Milwaukee Brewers,0,2,0,0,3,2,5,3,1,2,666142,Cole Ragans,669060,Bryse Wilson
2024-05-06,746886,Wrigley Field,Chicago Cubs,San Diego Padres,0,0,0,0,3,6,7,11,3,3,657006,Justin Steele,506433,Yu Darvish
2024-05-06,745912,Target Field,Minnesota Twins,Seattle Mariners,1,0,0,0,3,1,4,3,1,1,680573,Simeon Woods Richardson,622491,Luis Castillo
2024-05-06,745182,Busch Stadium,St. Louis Cardinals,New York Mets,0,3,0,1,3,4,8,10,3,6,502043,Kyle Gibson,640455,Sean Manaea
2024-05-06,745669,Oakland Coliseum,Oakland Athletics,Texas Rangers,2,0,0,0,2,4,7,5,4,2,622072,Alex Wood,571760,Andrew Heaney
2024-05-06,746149,Dodger Stadium,Los Angeles Dodgers,Miami Marlins,6,3,3,2,6,3,9,7,7,6,621111,Walker Buehler,682610,Roddery Muñoz
2024-05-07,745668,Oakland Coliseum,Oakland Athletics,Texas Rangers,2,15,0,1,8,15,7,19,4,18,548389,Ross Stripling,570632,José Ureña
2024-05-07,746638,Progressive Field,Cleveland Guardians,Detroit Tigers,7,8,2,1,7,11,8,15,7,10,671106,Logan Allen,628317,Kenta Maeda
2024-05-07,746718,Great American Ball Park,Cincinnati Reds,Arizona Diamondbacks,0,2,0,0,2,6,3,8,1,4,593423,Frankie Montas,668678,Zac Gallen
2024-05-07,745508,PNC Park,Pittsburgh Pirates,Los Angeles Angels,0,5,0,0,0,9,3,15,2,7,682990,Quinn Priester,663776,Patrick Sandoval
2024-05-07,745586,Citizens Bank Park,Philadelphia Phillies,Toronto Blue Jays,8,0,1,0,10,1,11,6,7,3,650911,Cristopher Sánchez,621244,José Berríos
2024-05-07,744859,Nationals Park,Washington Nationals,Baltimore Orioles,1,0,0,0,3,0,6,3,2,2,592866,Trevor Williams,669203,Corbin Burnes
2024-05-07,745095,Tropicana Field,Tampa Bay Rays,Chicago White Sox,4,0,0,0,5,1,8,6,3,3,621107,Zach Eflin,647336,Michael Soroka
2024-05-07,745752,Yankee Stadium,New York Yankees,Houston Astros,7,1,3,1,10,3,13,3,8,1,661563,Luis Gil,434378,Justin Verlander
2024-05-07,747126,Truist Park,Atlanta Braves,Boston Red Sox,2,0,0,0,4,2,7,8,4,6,625643,Reynaldo López,676710,Kutter Crawford
2024-05-07,746885,Wrigley Field,Chicago Cubs,San Diego Padres,1,0,0,0,3,2,10,9,6,2,684007,Shota Imanaga,681190,Randy Vásquez
2024-05-07,745915,Target Field,Minnesota Twins,Seattle Mariners,4,2,0,0,6,10,9,10,5,3,641927,Bailey Ober,676106,Emerson Hancock
2024-05-07,746315,Kauffman Stadium,Kansas City Royals,Milwaukee Brewers,4,2,0,0,5,6,12,12,7,5,607625,Seth Lugo,607067,Colin Rea
2024-05-07,745186,Busch Stadium,St. Louis Cardinals,New York Mets,3,6,3,0,5,7,11,14,5,11,571945,Miles Mikolas,676130,José Buttó
2024-05-07,746559,Coors Field,Colorado Rockies,San Francisco Giants,0,4,0,0,0,5,4,10,3,6,641712,Dakota Hudson,690986,Kyle Harrison
2024-05-07,746147,Dodger Stadium,Los Angeles Dodgers,Miami Marlins,8,1,4,1,8,2,5,6,3,3,808967,Yoshinobu Yamamoto,665795,Edward Cabrera
2024-05-08,745507,PNC Park,Pittsburgh Pirates,Los Angeles Angels,4,2,0,0,4,5,6,10,6,6,527048,Martín Pérez,667755,José Soriano
2024-05-08,745584,Citizens Bank Park,Philadelphia Phillies,Toronto Blue Jays,1,1,0,0,3,5,7,12,1,5,605400,Aaron Nola,605135,Chris Bassitt
2024-05-08,746640,Progressive Field,Cleveland Guardians,Detroit Tigers,2,4,0,0,5,4,5,7,1,5,676440,Tanner Bibee,681857,Reese Olson
2024-05-08,746312,Kauffman Stadium,Kansas City Royals,Milwaukee Brewers,2,1,2,1,6,4,9,8,3,4,663903,Brady Singer,605452,Joe Ross
2024-05-08,746879,Wrigley Field,Chicago Cubs,San Diego Padres,0,3,0,1,0,3,1,8,1,6,669713,Hayden Wesneski,656302,Dylan Cease
2024-05-08,746151,Dodger Stadium,Los Angeles Dodgers,Miami Marlins,1,1,1,0,3,1,6,6,3,4,694813,Gavin Stone,677960,Ryan Weathers
2024-05-08,745664,Oakland Coliseum,Oakland Athletics,Texas Rangers,5,4,0,1,9,4,10,9,8,7,676664,JP Sears,547179,Michael Lorenzen
2024-05-08,745659,Oakland Coliseum,Oakland Athletics,Texas Rangers,6,7,0,0,11,12,14,16,8,8,674370,Osvaldo Bido,683004,Jack Leiter
2024-05-08,746717,Great American Ball Park,Cincinnati Reds,Arizona Diamondbacks,2,2,0,0,3,4,9,8,7,4,668933,Graham Ashcraft,656756,Jordan Montgomery
2024-05-08,744858,Nationals Park,Washington Nationals,Baltimore Orioles,1,1,0,0,6,7,9,10,4,4,680730,Mitchell Parker,680694,Kyle Bradish
2024-05-08,745097,Tropicana Field,Tampa Bay Rays,Chicago White Sox,1,2,0,0,1,4,4,12,3,6,650644,Aaron Civale,623167,Chris Flexen
2024-05-08,745749,Yankee Stadium,New York Yankees,Houston Astros,5,1,2,1,9,4,11,11,8,4,607074,Carlos Rodón,681293,Spencer Arrighetti
2024-05-08,747127,Truist Park,Atlanta Braves,Boston Red Sox,5,0,4,0,5,0,9,7,8,6,519242,Chris Sale,601713,Nick Pivetta
2024-05-08,745906,Target Field,Minnesota Twins,Seattle Mariners,4,1,2,0,6,3,7,10,4,7,663978,Chris Paddack,669923,George Kirby
2024-05-08,746562,Coors Field,Colorado Rockies,San Francisco Giants,3,7,0,0,6,8,12,13,7,9,663567,Peter Lambert,663855,Jordan Hicks
2024-05-09,746715,Great American Ball Park,Cincinnati Reds,Arizona Diamondbacks,1,1,0,1,4,5,9,9,3,3,668881,Hunter Greene,677944,Slade Cecconi
2024-05-09,745910,Target Field,Minnesota Twins,Seattle Mariners,9,1,5,0,11,1,11,6,10,3,641154,Pablo López,669302,Logan Gilbert
2024-05-09,746563,Coors Field,Colorado Rockies,San Francisco Giants,7,1,0,0,9,1,14,7,10,5,615698,Cal Quantrill,676775,Keaton Winn
2024-05-09,745748,Yankee Stadium,New York Yankees,Houston Astros,2,4,0,3,3,4,6,11,4,8,573186,Marcus Stroman,669854,Ronel Blanco
2024-05-09,746802,Guaranteed Rate Field,Chicago White Sox,Cleveland Guardians,3,0,1,0,3,2,8,9,8,3,607200,Erick Fedde,594902,Ben Lively
2024-05-09,745995,American Family Field,Milwaukee Brewers,St. Louis Cardinals,6,1,3,0,7,1,10,6,7,3,668964,Tobias Myers,543243,Sonny Gray
2024-05-09,746241,Angel Stadium,Los Angeles Angels,Kansas City Royals,0,6,0,0,4,10,5,12,2,7,672282,Reid Detmers,608379,Michael Wacha
2024-05-10,746479,Comerica Park,Detroit Tigers,Houston Astros,2,0,0,0,2,5,7,8,5,3,663554,Casey Mize,664285,Framber Valdez
2024-05-10,745506,PNC Park,Pittsburgh Pirates,Chicago Cubs,2,2,2,1,2,7,7,14,5,5,683003,Jared Jones,665871,Javier Assad
2024-05-10,745094,Tropicana Field,Tampa Bay Rays,New York Yankees,0,1,0,0,0,2,6,9,4,3,671737,Taj Bradley,657376,Clarke Schmidt
2024-05-10,747043,Oriole Park at Camden Yards,Baltimore Orioles,Arizona Diamondbacks,3,1,0,0,4,2,7,7,5,3,608344,Cole Irvin,694297,Brandon Pfaadt
2024-05-10,744940,Rogers Centre,Toronto Blue Jays,Minnesota Twins,1,2,0,1,2,3,8,7,6,4,579328,Yusei Kikuchi,657746,Joe Ryan
2024-05-10,746964,Fenway Park,Boston Red Sox,Washington Nationals,1,3,0,0,1,5,9,8,7,6,656557,Tanner Houck,571578,Patrick Corbin
2024-05-10,745827,Citi Field,New York Mets,Atlanta Braves,0,4,0,0,2,4,4,7,2,6,500779,Jose Quintana,450203,Charlie Morton
2024-05-10,746071,loanDepot park,Miami Marlins,Philadelphia Phillies,0,6,0,0,2,8,5,15,2,10,669432,Trevor Rogers,624133,Ranger Suarez
2024-05-10,746801,Guaranteed Rate Field,Chicago White Sox,Cleveland Guardians,3,0,0,0,6,3,8,8,4,3,676979,Garrett Crochet,471911,Carlos Carrasco
2024-05-10,745993,American Family Field,Milwaukee Brewers,St. Louis Cardinals,7,0,0,0,11,2,12,5,8,2,688107,Robert Gasser,458681,Lance Lynn
2024-05-10,746553,Coors Field,Colorado Rockies,Texas Rangers,1,0,0,0,4,2,10,5,7,2,596295,Austin Gomber,592351,Jon Gray
2024-05-10,746240,Angel Stadium,Los Angeles Angels,Kansas City Royals,1,0,0,0,1,2,5,7,4,2,656288,Griffin Canning,679525,Alec Marsh
2024-05-10,745421,Petco Park,San Diego Padres,Los Angeles Dodgers,1,0,0,0,2,1,3,4,1,1,650633,Michael King,607192,Tyler Glasnow
2024-05-10,745264,T-Mobile Park,Seattle Mariners,Oakland Athletics,7,0,0,0,8,1,11,7,8,2,693433,Bryan Woo,621112,Paul Blackburn
2024-05-10,745340,Oracle Park,San Francisco Giants,Cincinnati Reds,2,3,1,1,2,4,7,9,6,7,657277,Logan Webb,671096,Andrew Abbott
2024-05-11,744943,Rogers Centre,Toronto Blue Jays,Minnesota Twins,6,8,0,3,10,8,16,13,9,12,592332,Kevin Gausman,680573,Simeon Woods Richardson
2024-05-11,747041,Oriole Park at Camden Yards,Baltimore Orioles,Arizona Diamondbacks,3,4,0,0,5,4,13,7,10,6,607644,John Means,669194,Ryne Nelson
2024-05-11,745505,PNC Park,Pittsburgh Pirates,Chicago Cubs,9,8,0,0,10,9,11,10,8,7,694973,Paul Skenes,657006,Justin Steele
2024-05-11,746963,Fenway Park,Boston Red Sox,Washington Nationals,2,2,0,0,4,2,6,4,4,3,681867,Cooper Criswell,663623,Jake Irvin
2024-05-11,745828,Citi Field,New York Mets,Atlanta Braves,0,3,0,0,1,4,2,7,0,5,681035,Christian Scott,608331,Max Fried
2024-05-11,746069,loanDepot park,Miami Marlins,Philadelphia Phillies,1,0,0,0,3,8,11,12,7,2,666200,Jesús Luzardo,592836,Taijuan Walker
2024-05-11,745096,Tropicana Field,Tampa Bay Rays,New York Yankees,4,2,1,0,7,2,8,5,4,3,641793,Zack Littell,641482,Nestor Cortes
2024-05-11,746480,Comerica Park,Detroit Tigers,Houston Astros,8,2,0,0,8,2,11,8,9,6,669373,Tarik Skubal,664299,Cristian Javier
2024-05-11,746797,Guaranteed Rate Field,Chicago White Sox,Cleveland Guardians,2,1,0,0,3,1,7,4,4,4,605182,Mike Clevinger,663474,Triston McKenzie
2024-05-11,745344,Oracle Park,San Francisco Giants,Cincinnati Reds,4,1,4,0,5,1,7,8,5,4,696131,Mason Black,666157,Nick Lodolo
2024-05-11,745994,American Family Field,Milwaukee Brewers,St. Louis Cardinals,1,2,0,0,5,3,6,12,2,6,642547,Freddy Peralta,502043,Kyle Gibson
2024-05-11,746554,Coors Field,Colorado Rockies,Texas Rangers,1,2,0,0,8,3,14,8,6,5,663372,Ryan Feltner,571760,Andrew Heaney
2024-05-11,745422,Petco Park,San Diego Padres,Los Angeles Dodgers,0,1,0,1,0,5,6,5,3,2,663362,Matt Waldron,572020,James Paxton
2024-05-11,746232,Angel Stadium,Los Angeles Angels,Kansas City Royals,5,1,0,1,9,3,10,8,6,2,542881,Tyler Anderson,666142,Cole Ragans
2024-05-11,745262,T-Mobile Park,Seattle Mariners,Oakland Athletics,1,2,0,0,1,8,3,9,2,4,682243,Bryce Miller,683155,Joey Estes
2024-05-12,747042,Oriole Park at Camden Yards,Baltimore Orioles,Arizona Diamondbacks,1,3,0,0,2,9,4,8,2,3,665152,Dean Kremer,668678,Zac Gallen
2024-05-12,746965,Fenway Park,Boston Red Sox,Washington Nationals,3,2,0,0,3,2,7,5,5,4,678394,Brayan Bello,669022,MacKenzie Gore
2024-05-12,745499,PNC Park,Pittsburgh Pirates,Chicago Cubs,1,2,0,2,4,5,8,9,2,5,663559,Bailey Falter,543294,Kyle Hendricks
2024-05-12,744941,Rogers Centre,Toronto Blue Jays,Minnesota Twins,0,0,0,0,1,5,2,6,1,2,666201,Alek Manoah,641927,Bailey Ober
2024-05-12,746476,Comerica Park,Detroit Tigers,Houston Astros,0,0,0,0,3,9,6,18,1,4,656427,Jack Flaherty,434378,Justin Verlander
2024-05-12,746068,loanDepot park,Miami Marlins,Philadelphia Phillies,6,3,0,3,7,6,8,6,6,4,666129,Braxton Garrett,554430,Zack Wheeler
2024-05-12,745092,Tropicana Field,Tampa Bay Rays,New York Yankees,0,6,0,1,6,10,8,11,2,7,641302,Tyler Alexander,661563,Luis Gil
2024-05-12,746798,Guaranteed Rate Field,Chicago White Sox,Cleveland Guardians,0,4,0,0,0,7,6,5,5,4,647336,Michael Soroka,671106,Logan Allen
2024-05-12,745990,American Family Field,Milwaukee Brewers,St. Louis Cardinals,3,2,3,0,3,4,7,11,6,5,669060,Bryse Wilson,571945,Miles Mikolas
2024-05-12,746555,Coors Field,Colorado Rockies,Texas Rangers,2,1,2,1,3,1,7,9,5,7,621389,Ty Blach,570632,José Ureña
2024-05-12,745345,Oracle Park,San Francisco Giants,Cincinnati Reds,5,3,0,3,6,5,9,10,8,3,690986,Kyle Harrison,593423,Frankie Montas
2024-05-12,746234,Angel Stadium,Los Angeles Angels,Kansas City Royals,0,4,0,0,2,4,6,11,3,8,663776,Patrick Sandoval,607625,Seth Lugo
2024-05-12,745419,Petco Park,San Diego Padres,Los Angeles Dodgers,4,0,2,0,4,0,9,4,8,1,506433,Yu Darvish,621111,Walker Buehler
2024-05-12,745255,T-Mobile Park,Seattle Mariners,Oakland Athletics,7,1,1,0,8,4,8,9,7,4,622491,Luis Castillo,622072,Alex Wood
2024-05-12,745825,Citi Field,New York Mets,Atlanta Braves,1,1,0,0,4,3,10,6,5,3,622663,Luis Severino,693821,Bryce Elder
2024-05-13,747040,Oriole Park at Camden Yards,Baltimore Orioles,Toronto Blue Jays,1,0,0,0,2,3,3,8,2,4,669203,Corbin Burnes,621244,José Berríos
2024-05-13,746471,Comerica Park,Detroit Tigers,Miami Marlins,3,3,0,0,6,5,8,12,5,8,666159,Matt Manning,664350,Sixto Sánchez
2024-05-13,746961,Fenway Park,Boston Red Sox,Tampa Bay Rays,3,4,3,3,3,5,8,10,6,7,676710,Kutter Crawford,621107,Zach Eflin
2024-05-13,745826,Citi Field,New York Mets,Philadelphia Phillies,3,1,0,0,4,5,9,8,6,4,640455,Sean Manaea,650911,Cristopher Sánchez
2024-05-13,747128,Truist Park,Atlanta Braves,Chicago Cubs,0,0,0,0,2,0,10,5,7,2,625643,Reynaldo López,684007,Shota Imanaga
2024-05-13,745991,American Family Field,Milwaukee Brewers,Pittsburgh Pirates,0,3,0,2,6,8,13,13,6,6,607067,Colin Rea,656605,Mitch Keller
2024-05-13,745019,Globe Life Field,Texas Rangers,Cleveland Guardians,0,0,0,0,0,7,4,9,2,1,547179,Michael Lorenzen,676440,Tanner Bibee
2024-05-13,746393,Minute Maid Park,Houston Astros,Oakland Athletics,3,2,0,0,9,2,10,9,4,5,681293,Spencer Arrighetti,548389,Ross Stripling
2024-05-13,746233,Angel Stadium,Los Angeles Angels,St. Louis Cardinals,4,0,0,0,5,10,7,10,5,1,667755,José Soriano,669461,Matthew Liberatore
2024-05-13,747204,Chase Field,Arizona Diamondbacks,Cincinnati Reds,3,2,0,0,6,5,11,11,7,4,656756,Jordan Montgomery,668933,Graham Ashcraft
2024-05-13,745420,Petco Park,San Diego Padres,Colorado Rockies,1,5,0,0,4,5,4,9,2,8,681190,Randy Vásquez,641712,Dakota Hudson
2024-05-13,745256,T-Mobile Park,Seattle Mariners,Kansas City Royals,4,0,0,0,6,2,11,6,9,2,669923,George Kirby,663903,Brady Singer
2024-05-13,745343,Oracle Park,San Francisco Giants,Los Angeles Dodgers,3,2,0,1,4,6,6,11,4,7,663855,Jordan Hicks,808967,Yoshinobu Yamamoto
2024-05-14,745821,Citi Field,New York Mets,Philadelphia Phillies,0,2,0,0,0,4,4,7,0,1,676130,José Buttó,605400,Aaron Nola
2024-05-14,746796,Guaranteed Rate Field,Chicago White Sox,Washington Nationals,3,3,0,0,3,6,8,10,4,7,623167,Chris Flexen,592866,Trevor Williams
2024-05-14,746799,Guaranteed Rate Field,Chicago White Sox,Washington Nationals,3,0,0,0,4,0,7,4,3,2,607200,Erick Fedde,680730,Mitchell Parker
2024-05-14,746473,Comerica Park,Detroit Tigers,Miami Marlins,0,0,0,0,0,1,4,4,0,2,681857,Reese Olson,677960,Ryan Weathers
2024-05-14,746962,Fenway Park,Boston Red Sox,Tampa Bay Rays,3,1,0,1,5,4,7,8,5,3,601713,Nick Pivetta,650644,Aaron Civale
2024-05-14,747124,Truist Park,Atlanta Braves,Chicago Cubs,7,0,1,0,7,0,9,3,7,1,519242,Chris Sale,592791,Jameson Taillon
2024-05-14,745909,Target Field,Minnesota Twins,New York Yankees,1,5,1,0,1,5,7,13,5,12,663978,Chris Paddack,607074,Carlos Rodón
2024-05-14,745989,American Family Field,Milwaukee Brewers,Pittsburgh Pirates,4,2,0,0,4,3,10,3,9,2,605452,Joe Ross,682990,Quinn Priester
2024-05-14,745014,Globe Life Field,Texas Rangers,Cleveland Guardians,3,6,0,0,4,7,7,7,5,6,683004,Jack Leiter,594902,Ben Lively
2024-05-14,746396,Minute Maid Park,Houston Astros,Oakland Athletics,1,0,0,0,2,1,6,7,5,4,669854,Ronel Blanco,676664,JP Sears
2024-05-14,746235,Angel Stadium,Los Angeles Angels,St. Louis Cardinals,5,5,0,0,6,7,12,12,8,8,672282,Reid Detmers,543243,Sonny Gray
2024-05-14,747205,Chase Field,Arizona Diamondbacks,Cincinnati Reds,2,4,0,0,2,6,6,13,3,5,677944,Slade Cecconi,668881,Hunter Greene
2024-05-14,745418,Petco Park,San Diego Padres,Colorado Rockies,0,1,0,0,3,6,11,10,6,3,656302,Dylan Cease,615698,Cal Quantrill
2024-05-14,745257,T-Mobile Park,Seattle Mariners,Kansas City Royals,1,0,0,0,2,4,7,5,2,2,669302,Logan Gilbert,608379,Michael Wacha
2024-05-14,745342,Oracle Park,San Francisco Giants,Los Angeles Dodgers,0,5,0,0,2,10,9,13,4,6,676775,Keaton Winn,694813,Gavin Stone
2024-05-15,747038,Oriole Park at Camden Yards,Baltimore Orioles,Toronto Blue Jays,1,2,1,0,3,2,11,5,6,4,680694,Kyle Bradish,579328,Yusei Kikuchi
2024-05-15,746472,Comerica Park,Detroit Tigers,Miami Marlins,0,2,0,2,0,2,7,4,3,2,663554,Casey Mize,669432,Trevor Rogers
2024-05-15,745992,American Family Field,Milwaukee Brewers,Pittsburgh Pirates,7,1,0,0,10,2,13,8,9,6,688107,Robert Gasser,527048,Martín Pérez
2024-05-15,746795,Guaranteed Rate Field,Chicago White Sox,Washington Nationals,1,0,0,0,2,0,9,3,5,3,676979,Garrett Crochet,571578,Patrick Corbin
2024-05-15,747203,Chase Field,Arizona Diamondbacks,Cincinnati Reds,1,1,0,0,2,1,6,3,3,1,694297,Brandon Pfaadt,671096,Andrew Abbott
2024-05-15,745417,Petco Park,San Diego Padres,Colorado Rockies,0,5,0,0,0,8,4,12,2,7,650633,Michael King,596295,Austin Gomber
2024-05-15,745259,T-Mobile Park,Seattle Mariners,Kansas City Royals,2,0,0,0,4,2,9,6,5,1,693433,Bryan Woo,679525,Alec Marsh
2024-05-15,745582,Citizens Bank Park,Philadelphia Phillies,New York Mets,5,2,1,1,10,5,10,9,5,4,624133,Ranger Suarez,664192,Joey Lucchesi
2024-05-15,746960,Fenway Park,Boston Red Sox,Tampa Bay Rays,2,1,1,0,3,4,8,7,4,3,656557,Tanner Houck,671737,Taj Bradley
2024-05-15,747123,Truist Park,Atlanta Braves,Chicago Cubs,0,5,0,3,1,7,8,13,3,9,450203,Charlie Morton,665871,Javier Assad
2024-05-15,745908,Target Field,Minnesota Twins,New York Yankees,0,3,0,1,0,4,4,13,2,10,641154,Pablo López,573186,Marcus Stroman
2024-05-15,745015,Globe Life Field,Texas Rangers,Cleveland Guardians,2,0,0,0,4,0,7,6,5,1,592351,Jon Gray,471911,Carlos Carrasco
2024-05-15,746397,Minute Maid Park,Houston Astros,Oakland Athletics,3,0,2,0,3,0,8,2,6,1,664285,Framber Valdez,605156,Aaron Brooks
2024-05-15,746231,Angel Stadium,Los Angeles Angels,St. Louis Cardinals,4,0,4,0,7,2,14,9,8,4,656288,Griffin Canning,458681,Lance Lynn
2024-05-15,745341,Oracle Park,San Francisco Giants,Los Angeles Dodgers,2,0,0,0,4,1,7,7,2,3,657277,Logan Webb,622694,Elieser Hernández
2024-05-16,745907,Target Field,Minnesota Twins,New York Yankees,0,3,0,3,0,5,3,9,2,5,657746,Joe Ryan,657376,Clarke Schmidt
2024-05-16,745580,Citizens Bank Park,Philadelphia Phillies,New York Mets,0,2,0,1,5,6,9,8,2,4,592836,Taijuan Walker,500779,Jose Quintana
2024-05-16,746959,Fenway Park,Boston Red Sox,Tampa Bay Rays,4,5,0,0,5,7,9,8,7,5,681867,Cooper Criswell,641793,Zack Littell
2024-05-16,746881,Wrigley Field,Chicago Cubs,Pittsburgh Pirates,3,4,0,2,4,5,7,7,7,5,657006,Justin Steele,683003,Jared Jones
2024-05-16,746391,Minute Maid Park,Houston Astros,Oakland Athletics,8,0,0,0,8,1,8,4,8,1,664299,Cristian Javier,683155,Joey Estes
2024-05-16,746150,Dodger Stadium,Los Angeles Dodgers,Cincinnati Reds,0,4,0,2,2,7,4,11,2,6,607192,Tyler Glasnow,608718,Brent Suter
2024-05-17,746878,Wrigley Field,Chicago Cubs,Pittsburgh Pirates,0,8,0,0,3,9,4,15,0,11,543294,Kyle Hendricks,694973,Paul Skenes
2024-05-17,745579,Citizens Bank Park,Philadelphia Phillies,Washington Nationals,4,2,1,0,4,2,5,4,5,3,554430,Zack Wheeler,663623,Jake Irvin
2024-05-17,747037,Oriole Park at Camden Yards,Baltimore Orioles,Seattle Mariners,5,2,5,1,9,2,10,9,5,6,607644,John Means,682243,Bryce Miller
2024-05-17,745747,Yankee Stadium,New York Yankees,Chicago White Sox,3,1,1,0,4,2,9,8,5,5,641482,Nestor Cortes,605182,Mike Clevinger
2024-05-17,744934,Rogers Centre,Toronto Blue Jays,Tampa Bay Rays,0,0,0,0,3,4,4,8,0,3,605135,Chris Bassitt,641302,Tyler Alexander
2024-05-17,746641,Progressive Field,Cleveland Guardians,Minnesota Twins,0,1,0,0,3,2,7,4,3,1,663474,Triston McKenzie,680573,Simeon Woods Richardson
2024-05-17,746065,loanDepot park,Miami Marlins,New York Mets,4,0,0,0,8,0,13,6,8,4,666200,Jesús Luzardo,681035,Christian Scott
2024-05-17,747122,Truist Park,Atlanta Braves,San Diego Padres,1,3,1,0,1,3,7,13,4,9,608331,Max Fried,663362,Matt Waldron
2024-05-17,746310,Kauffman Stadium,Kansas City Royals,Oakland Athletics,1,0,1,0,6,2,11,4,5,2,666142,Cole Ragans,687765,Mitch Spence
2024-05-17,745016,Globe Life Field,Texas Rangers,Los Angeles Angels,1,6,0,0,3,9,5,14,2,8,571760,Andrew Heaney,542881,Tyler Anderson
2024-05-17,746388,Minute Maid Park,Houston Astros,Milwaukee Brewers,5,4,0,0,5,4,10,7,8,4,686613,Hunter Brown,642547,Freddy Peralta
2024-05-17,745178,Busch Stadium,St. Louis Cardinals,Boston Red Sox,5,3,2,0,10,6,14,12,8,7,502043,Kyle Gibson,678394,Brayan Bello
2024-05-17,747201,Chase Field,Arizona Diamondbacks,Detroit Tigers,0,11,0,0,0,13,3,17,1,14,669194,Ryne Nelson,669373,Tarik Skubal
2024-05-17,746148,Dodger Stadium,Los Angeles Dodgers,Cincinnati Reds,3,2,1,0,7,3,9,8,4,5,572020,James Paxton,593423,Frankie Montas
2024-05-17,745335,Oracle Park,San Francisco Giants,Colorado Rockies,6,4,1,3,10,5,14,11,10,9,696131,Mason Black,663372,Ryan Feltner
2024-05-18,745744,Yankee Stadium,New York Yankees,Chicago White Sox,6,1,2,1,6,1,9,6,7,4,661563,Luis Gil,641745,Brad Keller
2024-05-18,746882,Wrigley Field,Chicago Cubs,Pittsburgh Pirates,0,0,0,0,1,0,5,4,1,1,684007,Shota Imanaga,663559,Bailey Falter
2024-05-18,744938,Rogers Centre,Toronto Blue Jays,Tampa Bay Rays,4,0,0,0,4,5,10,12,9,4,592332,Kevin Gausman,621107,Zach Eflin
2024-05-18,747036,Oriole Park at Camden Yards,Baltimore Orioles,Seattle Mariners,2,0,0,0,3,4,6,7,4,0,680570,Grayson Rodriguez,622491,Luis Castillo
2024-05-18,745339,Oracle Park,San Francisco Giants,Colorado Rockies,6,3,3,0,14,4,18,10,8,5,690986,Kyle Harrison,621389,Ty Blach
2024-05-18,746067,loanDepot park,Miami Marlins,New York Mets,2,7,0,2,10,9,13,15,3,10,666129,Braxton Garrett,622663,Luis Severino
2024-05-18,745581,Citizens Bank Park,Philadelphia Phillies,Washington Nationals,1,2,0,1,4,3,7,11,2,8,650911,Cristopher Sánchez,669022,MacKenzie Gore
2024-05-18,746642,Progressive Field,Cleveland Guardians,Minnesota Twins,7,0,2,0,11,4,16,10,11,4,671106,Logan Allen,641927,Bailey Ober
2024-05-18,746308,Kauffman Stadium,Kansas City Royals,Oakland Athletics,3,2,2,0,5,3,11,11,7,5,607625,Seth Lugo,548389,Ross Stripling
2024-05-18,746389,Minute Maid Park,Houston Astros,Milwaukee Brewers,2,4,0,0,2,4,8,6,5,4,434378,Justin Verlander,669060,Bryse Wilson
2024-05-18,745177,Busch Stadium,St. Louis Cardinals,Boston Red Sox,1,1,0,0,7,2,14,6,4,2,571945,Miles Mikolas,676710,Kutter Crawford
2024-05-18,745013,Globe Life Field,Texas Rangers,Los Angeles Angels,0,1,0,0,3,2,6,5,2,3,570632,José Ureña,663776,Patrick Sandoval
2024-05-18,747202,Chase Field,Arizona Diamondbacks,Detroit Tigers,0,0,0,0,3,8,8,15,2,4,668678,Zac Gallen,656427,Jack Flaherty
2024-05-18,746142,Dodger Stadium,Los Angeles Dodgers,Cincinnati Reds,3,0,0,0,4,0,6,3,3,2,621111,Walker Buehler,668933,Graham Ashcraft
2024-05-19,745179,Busch Stadium,St. Louis Cardinals,Boston Red Sox,1,7,0,1,3,11,6,14,1,10,669461,Matthew Liberatore,601713,Nick Pivetta
2024-05-19,747035,Oriole Park at Camden Yards,Baltimore Orioles,Seattle Mariners,5,1,2,0,6,3,12,8,9,5,669203,Corbin Burnes,669923,George Kirby
2024-05-19,745577,Citizens Bank Park,Philadelphia Phillies,Washington Nationals,6,3,0,0,11,5,12,7,8,2,605400,Aaron Nola,592866,Trevor Williams
2024-05-19,745745,Yankee Stadium,New York Yankees,Chicago White Sox,7,2,0,0,7,2,10,6,9,3,607074,Carlos Rodón,623167,Chris Flexen
2024-05-19,744937,Rogers Centre,Toronto Blue Jays,Tampa Bay Rays,3,0,0,0,5,2,7,4,5,1,666201,Alek Manoah,650644,Aaron Civale
2024-05-19,746636,Progressive Field,Cleveland Guardians,Minnesota Twins,2,1,2,0,5,2,4,4,3,3,676440,Tanner Bibee,663978,Chris Paddack
2024-05-19,746064,loanDepot park,Miami Marlins,New York Mets,2,4,0,4,3,7,8,12,5,6,664350,Sixto Sánchez,640455,Sean Manaea
2024-05-19,746306,Kauffman Stadium,Kansas City Royals,Oakland Athletics,4,1,2,0,8,4,10,11,6,4,663903,Brady Singer,676664,JP Sears
2024-05-19,746392,Minute Maid Park,Houston Astros,Milwaukee Brewers,5,1,4,1,9,4,14,10,9,5,681293,Spencer Arrighetti,607067,Colin Rea
2024-05-19,746880,Wrigley Field,Chicago Cubs,Pittsburgh Pirates,1,3,0,0,2,3,2,10,1,7,592791,Jameson Taillon,656605,Mitch Keller
2024-05-19,745012,Globe Life Field,Texas Rangers,Los Angeles Angels,1,0,0,0,1,4,7,6,2,2,547179,Michael Lorenzen,667755,José Soriano
2024-05-19,745336,Oracle Park,San Francisco Giants,Colorado Rockies,3,1,0,1,4,1,9,3,5,3,663855,Jordan Hicks,641712,Dakota Hudson
2024-05-19,747198,Chase Field,Arizona Diamondbacks,Detroit Tigers,4,2,2,0,6,4,12,8,10,4,656756,Jordan Montgomery,666159,Matt Manning
2024-05-19,746144,Dodger Stadium,Los Angeles Dodgers,Cincinnati Reds,2,1,0,0,3,2,7,6,3,3,689017,Landon Knack,668881,Hunter Greene
2024-05-19,747120,Truist Park,Atlanta Braves,San Diego Padres,0,8,0,3,1,9,4,14,2,10,693821,Bryce Elder,506433,Yu Darvish
2024-05-20,747119,Truist Park,Atlanta Braves,San Diego Padres,5,1,2,0,5,6,12,10,11,3,625643,Reynaldo López,656302,Dylan Cease
2024-05-20,747121,Truist Park,Atlanta Braves,San Diego Padres,3,0,1,0,3,0,11,7,10,5,519242,Chris Sale,681190,Randy Vásquez
2024-05-20,744935,Rogers Centre,Toronto Blue Jays,Chicago White Sox,4,2,0,0,9,3,12,9,6,7,621244,José Berríos,607200,Erick Fedde
2024-05-20,746637,Progressive Field,Cleveland Guardians,New York Mets,3,1,2,0,3,1,4,6,4,4,594902,Ben Lively,656731,Tylor Megill
2024-05-20,746066,loanDepot park,Miami Marlins,Milwaukee Brewers,0,1,0,0,3,2,7,4,2,2,677960,Ryan Weathers,605452,Joe Ross
2024-05-20,744857,Nationals Park,Washington Nationals,Minnesota Twins,7,1,0,0,12,3,14,8,8,4,680730,Mitchell Parker,641154,Pablo López
2024-05-20,745093,Tropicana Field,Tampa Bay Rays,Boston Red Sox,0,5,0,0,0,5,3,7,1,5,671737,Taj Bradley,656557,Tanner Houck
2024-05-20,745746,Yankee Stadium,New York Yankees,Seattle Mariners,3,0,2,0,4,5,12,7,7,1,573186,Marcus Stroman,669302,Logan Gilbert
2024-05-20,746307,Kauffman Stadium,Kansas City Royals,Detroit Tigers,2,1,0,0,8,3,11,7,5,4,608379,Michael Wacha,681857,Reese Olson
2024-05-20,745181,Busch Stadium,St. Louis Cardinals,Baltimore Orioles,5,0,0,0,6,3,8,3,6,0,543243,Sonny Gray,665152,Dean Kremer
2024-05-20,746390,Minute Maid Park,Houston Astros,Los Angeles Angels,6,8,0,1,7,9,10,13,8,10,664285,Framber Valdez,672282,Reid Detmers
2024-05-20,746146,Dodger Stadium,Los Angeles Dodgers,Arizona Diamondbacks,6,1,0,0,6,4,8,10,6,5,808967,Yoshinobu Yamamoto,573009,Joe Mantiply
2024-05-21,746633,Progressive Field,Cleveland Guardians,New York Mets,5,2,0,0,7,6,7,11,5,7,675540,Xzavion Curry,605288,Adrian Houser
2024-05-21,746716,Great American Ball Park,Cincinnati Reds,San Diego Padres,2,0,0,0,2,0,3,5,3,3,671096,Andrew Abbott,605397,Joe Musgrove
2024-05-21,745503,PNC Park,Pittsburgh Pirates,San Francisco Giants,2,4,0,2,7,6,11,9,5,6,527048,Martín Pérez,657277,Logan Webb
2024-05-21,745578,Citizens Bank Park,Philadelphia Phillies,Texas Rangers,2,1,0,0,5,2,8,9,4,4,624133,Ranger Suarez,592351,Jon Gray
2024-05-21,746058,loanDepot park,Miami Marlins,Milwaukee Brewers,2,4,0,1,5,7,12,11,6,7,669432,Trevor Rogers,688107,Robert Gasser
2024-05-21,744860,Nationals Park,Washington Nationals,Minnesota Twins,0,6,0,0,0,10,3,10,2,8,571578,Patrick Corbin,657746,Joe Ryan
2024-05-21,745090,Tropicana Field,Tampa Bay Rays,Boston Red Sox,2,1,2,0,2,5,7,7,5,2,641793,Zack Littell,681867,Cooper Criswell
2024-05-21,745742,Yankee Stadium,New York Yankees,Seattle Mariners,0,2,0,0,3,6,5,10,2,4,657376,Clarke Schmidt,693433,Bryan Woo
2024-05-21,744936,Rogers Centre,Toronto Blue Jays,Chicago White Sox,0,3,0,0,0,5,2,8,1,5,579328,Yusei Kikuchi,676979,Garrett Crochet
2024-05-21,746309,Kauffman Stadium,Kansas City Royals,Detroit Tigers,8,3,2,0,10,3,15,6,11,3,679525,Alec Marsh,663554,Casey Mize
2024-05-21,746875,Wrigley Field,Chicago Cubs,Atlanta Braves,2,3,0,0,4,3,7,5,4,4,665871,Javier Assad,450203,Charlie Morton
2024-05-21,745180,Busch Stadium,St. Louis Cardinals,Baltimore Orioles,1,1,0,0,3,1,5,3,4,2,458681,Lance Lynn,680694,Kyle Bradish
2024-05-21,746385,Minute Maid Park,Houston Astros,Los Angeles Angels,2,4,2,2,6,5,10,11,5,8,664299,Cristian Javier,656288,Griffin Canning
2024-05-21,745662,Oakland Coliseum,Oakland Athletics,Colorado Rockies,1,3,0,2,5,4,6,8,2,4,605156,Aaron Brooks,615698,Cal Quantrill
2024-05-21,746145,Dodger Stadium,Los Angeles Dodgers,Arizona Diamondbacks,1,3,0,0,3,7,6,12,1,6,694813,Gavin Stone,694297,Brandon Pfaadt
2024-05-21,745180,Busch Stadium,St. Louis Cardinals,Baltimore Orioles,1,1,0,0,3,1,5,3,4,2,458681,Lance Lynn,680694,Kyle Bradish
2024-05-22,744856,Nationals Park,Washington Nationals,Minnesota Twins,0,1,0,0,2,3,7,7,3,3,663623,Jake Irvin,680573,Simeon Woods Richardson
2024-05-22,746634,Progressive Field,Cleveland Guardians,New York Mets,0,3,0,1,6,3,8,8,1,5,663474,Triston McKenzie,500779,Jose Quintana
2024-05-22,745173,Busch Stadium,St. Louis Cardinals,Baltimore Orioles,1,3,0,0,5,4,8,8,4,5,502043,Kyle Gibson,607644,John Means
2024-05-22,746386,Minute Maid Park,Houston Astros,Los Angeles Angels,1,2,0,0,1,2,6,3,4,2,686613,Hunter Brown,542881,Tyler Anderson
2024-05-22,746304,Kauffman Stadium,Kansas City Royals,Detroit Tigers,4,0,0,0,8,3,9,6,6,0,666142,Cole Ragans,669373,Tarik Skubal
2024-05-22,746712,Great American Ball Park,Cincinnati Reds,San Diego Padres,1,5,1,1,3,7,6,14,1,9,607259,Nick Martinez,650633,Michael King
2024-05-22,745502,PNC Park,Pittsburgh Pirates,San Francisco Giants,5,1,0,0,5,9,6,12,6,3,683003,Jared Jones,605483,Blake Snell
2024-05-22,745576,Citizens Bank Park,Philadelphia Phillies,Texas Rangers,6,3,0,1,11,4,8,7,5,6,592836,Taijuan Walker,641540,Dane Dunning
2024-05-22,746063,loanDepot park,Miami Marlins,Milwaukee Brewers,1,0,1,0,1,0,4,4,4,2,666200,Jesús Luzardo,642547,Freddy Peralta
2024-05-22,745089,Tropicana Field,Tampa Bay Rays,Boston Red Sox,3,5,0,0,5,8,8,8,4,6,686752,Ryan Pepiot,678394,Brayan Bello
2024-05-22,745743,Yankee Stadium,New York Yankees,Seattle Mariners,4,0,2,0,7,3,7,6,4,3,641482,Nestor Cortes,682243,Bryce Miller
2024-05-22,744933,Rogers Centre,Toronto Blue Jays,Chicago White Sox,9,0,0,0,9,2,10,6,8,4,605135,Chris Bassitt,680897,Nick Nastrini
2024-05-22,746876,Wrigley Field,Chicago Cubs,Atlanta Braves,0,2,0,0,2,9,3,9,0,3,657006,Justin Steele,608331,Max Fried
2024-05-22,745661,Oakland Coliseum,Oakland Athletics,Colorado Rockies,1,2,0,2,3,4,8,12,2,7,687765,Mitch Spence,596295,Austin Gomber
2024-05-22,746143,Dodger Stadium,Los Angeles Dodgers,Arizona Diamondbacks,0,3,0,0,0,6,6,9,4,4,607192,Tyler Glasnow,676714,Brandon Hughes
2024-05-23,745500,PNC Park,Pittsburgh Pirates,San Francisco Giants,5,1,1,0,6,7,9,13,5,5,694973,Paul Skenes,669062,Erik Miller
2024-05-23,745741,Yankee Stadium,New York Yankees,Seattle Mariners,2,0,0,0,5,0,11,3,7,1,661563,Luis Gil,622491,Luis Castillo
2024-05-23,745573,Citizens Bank Park,Philadelphia Phillies,Texas Rangers,4,1,0,0,5,2,12,6,10,2,554430,Zack Wheeler,571760,Andrew Heaney
2024-05-23,746714,Great American Ball Park,Cincinnati Reds,San Diego Padres,2,4,1,2,4,6,8,12,6,8,593423,Frankie Montas,663362,Matt Waldron
2024-05-23,746874,Wrigley Field,Chicago Cubs,Atlanta Braves,0,1,0,0,0,3,4,6,3,2,676962,Ben Brown,700363,AJ Smith-Shawver
2024-05-23,745660,Oakland Coliseum,Oakland Athletics,Colorado Rockies,0,2,0,2,10,9,17,11,4,3,683155,Joey Estes,663372,Ryan Feltner
2024-05-23,746474,Comerica Park,Detroit Tigers,Toronto Blue Jays,0,1,0,0,1,9,5,13,0,5,656427,Jack Flaherty,592332,Kevin Gausman
2024-05-23,746792,Guaranteed Rate Field,Chicago White Sox,Baltimore Orioles,2,5,1,0,6,8,7,13,3,7,605182,Mike Clevinger,680570,Grayson Rodriguez
2024-05-24,746475,Comerica Park,Detroit Tigers,Toronto Blue Jays,6,0,0,0,6,2,7,10,6,4,628317,Kenta Maeda,666201,Alek Manoah
2024-05-24,745501,PNC Park,Pittsburgh Pirates,Atlanta Braves,7,0,2,0,11,5,14,7,8,4,663559,Bailey Falter,678061,Ray Kerr
2024-05-24,744853,Nationals Park,Washington Nationals,Seattle Mariners,3,1,0,1,6,1,8,5,5,2,669022,MacKenzie Gore,669923,George Kirby
2024-05-24,745087,Tropicana Field,Tampa Bay Rays,Kansas City Royals,1,5,1,0,1,8,4,12,3,7,542888,Shawn Armstrong,607625,Seth Lugo
2024-05-24,746713,Great American Ball Park,Cincinnati Reds,Los Angeles Dodgers,9,5,3,0,9,6,6,11,6,8,668933,Graham Ashcraft,572020,James Paxton
2024-05-24,745822,Citi Field,New York Mets,San Francisco Giants,5,2,1,0,7,8,9,9,6,2,681035,Christian Scott,690986,Kyle Harrison
2024-05-24,745905,Target Field,Minnesota Twins,Texas Rangers,3,2,0,2,3,2,10,4,9,4,641927,Bailey Ober,570632,José Ureña
2024-05-24,746956,Fenway Park,Boston Red Sox,Milwaukee Brewers,1,6,0,0,2,7,9,11,5,7,676710,Kutter Crawford,657649,Jared Koenig
2024-05-24,746793,Guaranteed Rate Field,Chicago White Sox,Baltimore Orioles,3,4,0,0,4,6,9,8,6,6,623167,Chris Flexen,669203,Corbin Burnes
2024-05-24,746558,Coors Field,Colorado Rockies,Philadelphia Phillies,1,2,0,0,3,2,11,7,6,3,621389,Ty Blach,650911,Cristopher Sánchez
2024-05-24,746227,Angel Stadium,Los Angeles Angels,Cleveland Guardians,2,10,1,0,4,10,9,10,6,9,663776,Patrick Sandoval,671106,Logan Allen
2024-05-24,745663,Oakland Coliseum,Oakland Athletics,Houston Astros,2,6,1,0,3,6,10,12,7,9,548389,Ross Stripling,434378,Justin Verlander
2024-05-24,747200,Chase Field,Arizona Diamondbacks,Miami Marlins,0,3,0,0,0,3,4,9,4,8,668678,Zac Gallen,666129,Braxton Garrett
2024-05-24,745415,Petco Park,San Diego Padres,New York Yankees,0,7,0,1,0,8,3,10,2,8,506433,Yu Darvish,607074,Carlos Rodón
2024-05-25,746470,Comerica Park,Detroit Tigers,Toronto Blue Jays,2,0,2,0,2,1,8,6,5,3,681857,Reese Olson,621244,José Berríos
2024-05-25,745823,Citi Field,New York Mets,San Francisco Giants,1,0,0,0,2,7,4,8,2,0,622663,Luis Severino,663855,Jordan Hicks
2024-05-25,745901,Target Field,Minnesota Twins,Texas Rangers,1,2,1,0,5,3,7,5,3,4,663978,Chris Paddack,547179,Michael Lorenzen
2024-05-25,746794,Guaranteed Rate Field,Chicago White Sox,Baltimore Orioles,3,0,0,0,3,5,5,8,4,2,607200,Erick Fedde,544150,Albert Suárez
2024-05-25,744851,Nationals Park,Washington Nationals,Seattle Mariners,1,1,0,0,3,1,6,5,3,4,592866,Trevor Williams,669302,Logan Gilbert
2024-05-25,745493,PNC Park,Pittsburgh Pirates,Atlanta Braves,3,1,0,0,4,1,7,9,5,6,656605,Mitch Keller,625643,Reynaldo López
2024-05-25,745658,Oakland Coliseum,Oakland Athletics,Houston Astros,2,0,2,0,3,1,6,4,3,1,676664,JP Sears,681293,Spencer Arrighetti
2024-05-25,745086,Tropicana Field,Tampa Bay Rays,Kansas City Royals,2,2,0,0,4,7,7,11,4,4,650644,Aaron Civale,663903,Brady Singer
2024-05-25,746958,Fenway Park,Boston Red Sox,Milwaukee Brewers,0,5,0,0,3,6,5,11,0,9,601713,Nick Pivetta,657649,Jared Koenig
2024-05-25,746710,Great American Ball Park,Cincinnati Reds,Los Angeles Dodgers,2,1,1,0,3,1,9,5,4,4,668881,Hunter Greene,621111,Walker Buehler
2024-05-25,745176,Busch Stadium,St. Louis Cardinals,Chicago Cubs,2,3,0,0,7,6,15,12,7,4,571945,Miles Mikolas,592791,Jameson Taillon
2024-05-25,746556,Coors Field,Colorado Rockies,Philadelphia Phillies,3,2,1,1,4,8,9,12,5,4,641712,Dakota Hudson,605400,Aaron Nola
2024-05-25,746226,Angel Stadium,Los Angeles Angels,Cleveland Guardians,3,4,0,0,3,4,8,6,6,4,667755,José Soriano,676440,Tanner Bibee
2024-05-25,745411,Petco Park,San Diego Padres,New York Yankees,0,4,0,2,1,4,4,9,3,5,656302,Dylan Cease,573186,Marcus Stroman
2024-05-25,747199,Chase Field,Arizona Diamondbacks,Miami Marlins,3,1,2,1,3,2,5,11,5,6,656756,Jordan Montgomery,664350,Sixto Sánchez
2024-05-26,746469,Comerica Park,Detroit Tigers,Toronto Blue Jays,8,3,0,0,14,11,17,14,10,8,663554,Casey Mize,579328,Yusei Kikuchi
2024-05-26,746711,Great American Ball Park,Cincinnati Reds,Los Angeles Dodgers,4,0,0,0,4,1,8,5,6,2,608718,Brent Suter,808967,Yoshinobu Yamamoto
2024-05-26,744855,Nationals Park,Washington Nationals,Seattle Mariners,1,4,0,0,5,9,8,10,2,4,571578,Patrick Corbin,693433,Bryan Woo
2024-05-26,745498,PNC Park,Pittsburgh Pirates,Atlanta Braves,1,4,0,0,1,8,5,14,2,7,527048,Martín Pérez,519242,Chris Sale
2024-05-26,746957,Fenway Park,Boston Red Sox,Milwaukee Brewers,1,1,0,0,2,1,9,8,6,6,656557,Tanner Houck,668964,Tobias Myers
2024-05-26,745824,Citi Field,New York Mets,San Francisco Giants,1,2,0,0,4,3,8,7,3,5,640455,Sean Manaea,657277,Logan Webb
2024-05-26,745088,Tropicana Field,Tampa Bay Rays,Kansas City Royals,0,0,0,0,4,1,6,7,0,1,671737,Taj Bradley,608379,Michael Wacha
2024-05-26,745902,Target Field,Minnesota Twins,Texas Rangers,2,6,0,0,2,6,3,9,3,8,641154,Pablo López,642520,Gerson Garabito
2024-05-26,746789,Guaranteed Rate Field,Chicago White Sox,Baltimore Orioles,0,0,0,0,1,4,1,6,0,1,676979,Garrett Crochet,680694,Kyle Bradish
2024-05-26,746557,Coors Field,Colorado Rockies,Philadelphia Phillies,5,2,2,0,5,2,6,5,3,3,615698,Cal Quantrill,624133,Ranger Suarez
2024-05-26,746230,Angel Stadium,Los Angeles Angels,Cleveland Guardians,2,2,0,0,4,5,9,6,4,3,672282,Reid Detmers,594902,Ben Lively
2024-05-26,745653,Oakland Coliseum,Oakland Athletics,Houston Astros,0,5,0,0,2,5,6,11,2,9,605156,Aaron Brooks,669854,Ronel Blanco
2024-05-26,747197,Chase Field,Arizona Diamondbacks,Miami Marlins,0,0,0,0,1,3,6,9,3,4,686796,Blake Walston,677960,Ryan Weathers
2024-05-26,745413,Petco Park,San Diego Padres,New York Yankees,0,0,0,0,5,2,9,8,3,4,605397,Joe Musgrove,657376,Clarke Schmidt
2024-05-26,745172,Busch Stadium,St. Louis Cardinals,Chicago Cubs,4,0,0,0,4,3,6,8,5,1,543243,Sonny Gray,665871,Javier Assad
2024-05-27,747034,Oriole Park at Camden Yards,Baltimore Orioles,Boston Red Sox,7,0,0,0,11,3,14,8,7,4,608344,Cole Irvin,681867,Cooper Criswell
2024-05-27,745904,Target Field,Minnesota Twins,Kansas City Royals,5,0,0,0,6,5,7,10,4,1,657746,Joe Ryan,679525,Alec Marsh
2024-05-27,746788,Guaranteed Rate Field,Chicago White Sox,Toronto Blue Jays,0,3,0,0,1,5,10,6,5,3,680897,Nick Nastrini,605135,Chris Bassitt
2024-05-27,746549,Coors Field,Colorado Rockies,Cleveland Guardians,7,4,0,1,8,6,8,10,6,5,683627,Anthony Molina,675540,Xzavion Curry
2024-05-27,746708,Great American Ball Park,Cincinnati Reds,St. Louis Cardinals,3,1,1,1,3,1,5,5,4,4,666157,Nick Lodolo,458681,Lance Lynn
2024-05-27,747118,Truist Park,Atlanta Braves,Washington Nationals,0,6,0,4,4,8,8,15,2,9,450203,Charlie Morton,680730,Mitchell Parker
2024-05-27,745986,American Family Field,Milwaukee Brewers,Chicago Cubs,0,0,0,0,5,1,6,5,2,1,688107,Robert Gasser,657006,Justin Steele
2024-05-27,745338,Oracle Park,San Francisco Giants,Philadelphia Phillies,5,4,0,0,8,4,12,7,8,5,605483,Blake Snell,592836,Taijuan Walker
2024-05-27,745416,Petco Park,San Diego Padres,Miami Marlins,1,1,0,0,2,1,8,4,5,3,650633,Michael King,669432,Trevor Rogers
2024-05-27,745254,T-Mobile Park,Seattle Mariners,Houston Astros,3,2,3,0,3,2,6,6,6,4,682243,Bryce Miller,664285,Framber Valdez
2024-05-28,745818,Citi Field,New York Mets,Los Angeles Dodgers,2,0,0,0,2,5,4,11,2,3,656731,Tylor Megill,607192,Tyler Glasnow
2024-05-28,745816,Citi Field,New York Mets,Los Angeles Dodgers,0,2,0,1,0,3,3,10,2,7,500779,Jose Quintana,694813,Gavin Stone
2024-05-28,747033,Oriole Park at Camden Yards,Baltimore Orioles,Boston Red Sox,3,4,3,2,3,8,8,11,4,7,680570,Grayson Rodriguez,678394,Brayan Bello
2024-05-28,746709,Great American Ball Park,Cincinnati Reds,St. Louis Cardinals,0,3,0,0,1,7,4,13,0,4,671096,Andrew Abbott,502043,Kyle Gibson
2024-05-28,745091,Tropicana Field,Tampa Bay Rays,Oakland Athletics,0,0,0,0,0,3,3,6,0,3,641793,Zack Littell,687765,Mitch Spence
2024-05-28,747115,Truist Park,Atlanta Braves,Washington Nationals,0,0,0,0,2,0,5,7,2,5,608331,Max Fried,663623,Jake Irvin
2024-05-28,745903,Target Field,Minnesota Twins,Kansas City Royals,3,2,2,0,4,2,10,5,8,3,680573,Simeon Woods Richardson,666142,Cole Ragans
2024-05-28,746791,Guaranteed Rate Field,Chicago White Sox,Toronto Blue Jays,1,3,0,0,2,7,8,13,3,6,663765,Jake Woodford,592332,Kevin Gausman
2024-05-28,745987,American Family Field,Milwaukee Brewers,Chicago Cubs,0,1,0,0,3,6,3,9,0,1,642547,Freddy Peralta,676962,Ben Brown
2024-05-28,745017,Globe Life Field,Texas Rangers,Arizona Diamondbacks,4,2,0,0,4,2,6,8,6,5,543135,Nathan Eovaldi,694297,Brandon Pfaadt
2024-05-28,746552,Coors Field,Colorado Rockies,Cleveland Guardians,4,7,0,2,7,13,10,13,6,8,663372,Ryan Feltner,663474,Triston McKenzie
2024-05-28,746229,Angel Stadium,Los Angeles Angels,New York Yankees,2,3,2,1,4,3,9,9,4,9,656288,Griffin Canning,641482,Nestor Cortes
2024-05-28,745258,T-Mobile Park,Seattle Mariners,Houston Astros,1,2,1,0,4,2,7,5,4,4,622491,Luis Castillo,686613,Hunter Brown
2024-05-28,745412,Petco Park,San Diego Padres,Miami Marlins,3,0,2,0,4,0,9,6,6,4,663362,Matt Waldron,666200,Jesús Luzardo
2024-05-28,745337,Oracle Park,San Francisco Giants,Philadelphia Phillies,0,0,0,0,1,0,4,7,2,4,669062,Erik Miller,554430,Zack Wheeler
2024-05-29,746467,Comerica Park,Detroit Tigers,Pittsburgh Pirates,7,0,3,0,8,0,10,3,7,3,669373,Tarik Skubal,683003,Jared Jones
2024-05-29,746468,Comerica Park,Detroit Tigers,Pittsburgh Pirates,1,4,0,0,2,10,4,13,2,5,672456,Keider Montero,694973,Paul Skenes
2024-05-29,746706,Great American Ball Park,Cincinnati Reds,St. Louis Cardinals,0,3,0,0,3,5,8,12,1,6,593423,Frankie Montas,669467,Andre Pallante
2024-05-29,745011,Globe Life Field,Texas Rangers,Arizona Diamondbacks,4,0,0,0,6,1,8,9,5,3,641540,Dane Dunning,669194,Ryne Nelson
2024-05-29,745333,Oracle Park,San Francisco Giants,Philadelphia Phillies,0,4,0,1,1,6,6,14,4,12,690986,Kyle Harrison,650911,Cristopher Sánchez
2024-05-29,745817,Citi Field,New York Mets,Los Angeles Dodgers,3,3,0,0,3,10,9,16,6,7,656849,David Peterson,572020,James Paxton
2024-05-29,745414,Petco Park,San Diego Padres,Miami Marlins,1,6,0,0,1,9,8,16,6,12,506433,Yu Darvish,666129,Braxton Garrett
2024-05-29,747031,Oriole Park at Camden Yards,Baltimore Orioles,Boston Red Sox,5,1,0,0,6,1,6,6,4,1,669203,Corbin Burnes,676710,Kutter Crawford
2024-05-29,745084,Tropicana Field,Tampa Bay Rays,Oakland Athletics,1,1,0,0,4,3,9,6,2,2,686752,Ryan Pepiot,683155,Joey Estes
2024-05-29,747117,Truist Park,Atlanta Braves,Washington Nationals,1,3,0,0,2,7,8,13,4,5,680885,Spencer Schwellenbach,669022,MacKenzie Gore
2024-05-29,745900,Target Field,Minnesota Twins,Kansas City Royals,1,6,0,0,1,6,8,10,5,9,641927,Bailey Ober,607625,Seth Lugo
2024-05-29,746790,Guaranteed Rate Field,Chicago White Sox,Toronto Blue Jays,0,2,0,0,1,3,4,7,2,4,623167,Chris Flexen,666201,Alek Manoah
2024-05-29,745988,American Family Field,Milwaukee Brewers,Chicago Cubs,7,4,2,0,10,6,10,9,8,6,669060,Bryse Wilson,684007,Shota Imanaga
2024-05-29,746551,Coors Field,Colorado Rockies,Cleveland Guardians,7,2,1,2,7,4,9,8,8,5,621389,Ty Blach,671106,Logan Allen
2024-05-29,746228,Angel Stadium,Los Angeles Angels,New York Yankees,0,1,0,0,1,2,3,6,1,4,542881,Tyler Anderson,661563,Luis Gil
2024-05-29,745250,T-Mobile Park,Seattle Mariners,Houston Astros,1,1,0,0,2,1,4,7,3,4,669923,George Kirby,434378,Justin Verlander
2024-05-30,745081,Tropicana Field,Tampa Bay Rays,Oakland Athletics,3,4,2,0,6,5,6,11,4,7,542888,Shawn Armstrong,663687,Hogan Harris
2024-05-30,745898,Target Field,Minnesota Twins,Kansas City Royals,3,4,0,2,7,6,9,7,5,5,663978,Chris Paddack,663738,Daniel Lynch IV
2024-05-30,745985,American Family Field,Milwaukee Brewers,Chicago Cubs,3,1,0,1,6,4,9,9,6,4,607067,Colin Rea,592791,Jameson Taillon
2024-05-30,745249,T-Mobile Park,Seattle Mariners,Houston Astros,0,3,0,0,0,4,4,9,2,7,669302,Logan Gilbert,681293,Spencer Arrighetti
2024-05-30,746954,Fenway Park,Boston Red Sox,Detroit Tigers,0,1,0,0,0,5,2,8,0,1,601713,Nick Pivetta,656427,Jack Flaherty
2024-05-30,745819,Citi Field,New York Mets,Arizona Diamondbacks,1,2,0,0,3,2,9,4,5,4,681035,Christian Scott,668678,Zac Gallen
2024-05-30,747114,Truist Park,Atlanta Braves,Washington Nationals,1,3,0,0,1,3,5,8,3,5,678061,Ray Kerr,592866,Trevor Williams
2024-05-30,746225,Angel Stadium,Los Angeles Angels,New York Yankees,1,2,0,0,3,8,4,5,1,2,663776,Patrick Sandoval,607074,Carlos Rodón
2024-05-31,746877,Wrigley Field,Chicago Cubs,Cincinnati Reds,3,2,0,0,4,5,8,8,5,5,665871,Javier Assad,668933,Graham Ashcraft
2024-05-31,745574,Citizens Bank Park,Philadelphia Phillies,St. Louis Cardinals,3,1,0,0,4,2,7,3,4,2,605400,Aaron Nola,571945,Miles Mikolas
2024-05-31,747032,Oriole Park at Camden Yards,Baltimore Orioles,Tampa Bay Rays,0,1,0,0,3,1,11,5,5,4,544150,Albert Suárez,650644,Aaron Civale
2024-05-31,744928,Rogers Centre,Toronto Blue Jays,Pittsburgh Pirates,0,1,0,0,5,3,6,6,1,5,621244,José Berríos,663559,Bailey Falter
2024-05-31,746955,Fenway Park,Boston Red Sox,Detroit Tigers,5,1,0,1,7,3,12,7,8,3,656557,Tanner Houck,628317,Kenta Maeda
2024-05-31,746635,Progressive Field,Cleveland Guardians,Washington Nationals,2,0,0,0,7,1,9,4,5,1,676440,Tanner Bibee,571578,Patrick Corbin
2024-05-31,745820,Citi Field,New York Mets,Arizona Diamondbacks,8,4,4,3,10,9,15,9,12,5,622663,Luis Severino,656756,Jordan Montgomery
2024-05-31,746059,loanDepot park,Miami Marlins,Texas Rangers,4,2,0,0,8,2,12,6,6,4,664350,Sixto Sánchez,570632,José Ureña
2024-05-31,747116,Truist Park,Atlanta Braves,Oakland Athletics,3,1,1,0,4,2,6,6,4,4,625643,Reynaldo López,676664,JP Sears
2024-05-31,746303,Kauffman Stadium,Kansas City Royals,San Diego Padres,0,0,0,0,8,11,13,18,2,2,608379,Michael Wacha,656302,Dylan Cease
2024-05-31,746387,Minute Maid Park,Houston Astros,Minnesota Twins,1,4,0,0,1,6,6,6,6,3,669854,Ronel Blanco,641154,Pablo López
2024-05-31,745983,American Family Field,Milwaukee Brewers,Chicago White Sox,4,5,0,0,12,5,23,9,9,8,668964,Tobias Myers,607200,Erick Fedde
2024-05-31,746140,Dodger Stadium,Los Angeles Dodgers,Colorado Rockies,0,4,0,0,1,4,5,7,3,6,621111,Walker Buehler,641712,Dakota Hudson
2024-05-31,745253,T-Mobile Park,Seattle Mariners,Los Angeles Angels,4,0,3,0,5,4,9,7,6,1,693433,Bryan Woo,667755,José Soriano
2024-05-31,745331,Oracle Park,San Francisco Giants,New York Yankees,1,3,0,0,2,6,6,8,4,5,663855,Jordan Hicks,573186,Marcus Stroman
2024-06-01,744932,Rogers Centre,Toronto Blue Jays,Pittsburgh Pirates,0,5,0,3,1,8,6,11,3,7,579328,Yusei Kikuchi,656605,Mitch Keller
2024-06-01,747029,Oriole Park at Camden Yards,Baltimore Orioles,Tampa Bay Rays,9,5,3,0,9,5,10,10,10,7,680694,Kyle Bradish,671737,Taj Bradley
2024-06-01,746952,Fenway Park,Boston Red Sox,Detroit Tigers,3,1,0,1,6,3,10,7,5,3,681867,Cooper Criswell,681857,Reese Olson
2024-06-01,746629,Progressive Field,Cleveland Guardians,Washington Nationals,3,2,2,0,3,2,5,6,3,4,594902,Ben Lively,680730,Mitchell Parker
2024-06-01,745812,Citi Field,New York Mets,Arizona Diamondbacks,1,4,0,0,5,10,12,11,5,4,640455,Sean Manaea,677944,Slade Cecconi
2024-06-01,746305,Kauffman Stadium,Kansas City Royals,San Diego Padres,3,5,2,1,3,7,8,11,4,7,679525,Alec Marsh,681190,Randy Vásquez
2024-06-01,746384,Minute Maid Park,Houston Astros,Minnesota Twins,5,0,2,0,5,2,10,4,8,0,664285,Framber Valdez,657746,Joe Ryan
2024-06-01,747111,Truist Park,Atlanta Braves,Oakland Athletics,9,8,2,2,9,11,13,16,9,10,519242,Chris Sale,605156,Aaron Brooks
2024-06-01,746062,loanDepot park,Miami Marlins,Texas Rangers,0,4,0,0,0,7,7,13,5,9,677960,Ryan Weathers,547179,Michael Lorenzen
2024-06-01,745980,American Family Field,Milwaukee Brewers,Chicago White Sox,1,3,0,0,4,3,7,8,4,7,688107,Robert Gasser,676979,Garrett Crochet
2024-06-01,746870,Wrigley Field,Chicago Cubs,Cincinnati Reds,5,5,0,0,7,5,6,10,3,7,657006,Justin Steele,668881,Hunter Greene
2024-06-01,745251,T-Mobile Park,Seattle Mariners,Los Angeles Angels,5,0,0,0,9,0,9,6,4,3,682243,Bryce Miller,672282,Reid Detmers
2024-06-01,745575,Citizens Bank Park,Philadelphia Phillies,St. Louis Cardinals,4,1,3,0,6,1,7,5,5,2,624133,Ranger Suarez,543243,Sonny Gray
2024-06-01,745332,Oracle Park,San Francisco Giants,New York Yankees,3,4,0,2,3,7,5,11,3,6,657277,Logan Webb,547001,Cody Poteet
2024-06-01,746138,Dodger Stadium,Los Angeles Dodgers,Colorado Rockies,4,1,0,0,4,1,11,9,9,5,808967,Yoshinobu Yamamoto,615698,Cal Quantrill
2024-06-02,746383,Minute Maid Park,Houston Astros,Minnesota Twins,3,2,0,1,3,4,6,7,3,4,686613,Hunter Brown,680573,Simeon Woods Richardson
2024-06-02,746953,Fenway Park,Boston Red Sox,Detroit Tigers,3,1,1,0,4,8,8,14,5,5,678394,Brayan Bello,663554,Casey Mize
2024-06-02,747030,Oriole Park at Camden Yards,Baltimore Orioles,Tampa Bay Rays,3,1,1,0,3,4,15,13,9,6,608344,Cole Irvin,641793,Zack Littell
2024-06-02,747110,Truist Park,Atlanta Braves,Oakland Athletics,1,0,1,0,3,1,7,2,1,1,450203,Charlie Morton,665622,Luis Medina
2024-06-02,744929,Rogers Centre,Toronto Blue Jays,Pittsburgh Pirates,4,3,0,0,5,4,11,11,9,8,605135,Chris Bassitt,682990,Quinn Priester
2024-06-02,746632,Progressive Field,Cleveland Guardians,Washington Nationals,2,5,0,0,2,5,6,8,5,7,471911,Carlos Carrasco,663623,Jake Irvin
2024-06-02,745813,Citi Field,New York Mets,Arizona Diamondbacks,4,3,0,2,4,5,5,9,4,5,500779,Jose Quintana,694297,Brandon Pfaadt
2024-06-02,746061,loanDepot park,Miami Marlins,Texas Rangers,0,3,0,3,0,6,7,10,3,5,669432,Trevor Rogers,571760,Andrew Heaney
2024-06-02,746301,Kauffman Stadium,Kansas City Royals,San Diego Padres,1,1,0,0,4,3,7,10,2,4,666142,Cole Ragans,650633,Michael King
2024-06-02,745984,American Family Field,Milwaukee Brewers,Chicago White Sox,4,3,0,2,6,3,9,5,3,4,642547,Freddy Peralta,680897,Nick Nastrini
2024-06-02,746871,Wrigley Field,Chicago Cubs,Cincinnati Reds,1,5,0,0,2,5,8,10,5,6,676962,Ben Brown,666157,Nick Lodolo
2024-06-02,745330,Oracle Park,San Francisco Giants,New York Yankees,3,3,0,1,5,7,11,11,7,6,605483,Blake Snell,641482,Nestor Cortes
2024-06-02,746141,Dodger Stadium,Los Angeles Dodgers,Colorado Rockies,3,0,2,0,4,0,8,5,5,4,694813,Gavin Stone,596295,Austin Gomber
2024-06-02,745252,T-Mobile Park,Seattle Mariners,Los Angeles Angels,1,0,0,0,5,1,5,4,4,2,622491,Luis Castillo,656288,Griffin Canning
2024-06-02,745572,Citizens Bank Park,Philadelphia Phillies,St. Louis Cardinals,4,4,0,2,4,5,7,9,3,5,592836,Taijuan Walker,458681,Lance Lynn
2024-06-03,745569,Citizens Bank Park,Philadelphia Phillies,Milwaukee Brewers,3,0,0,0,3,1,7,5,5,3,554430,Zack Wheeler,657649,Jared Koenig
2024-06-03,744854,Nationals Park,Washington Nationals,New York Mets,5,7,0,0,7,8,11,13,7,9,669022,MacKenzie Gore,656731,Tylor Megill
2024-06-03,744930,Rogers Centre,Toronto Blue Jays,Baltimore Orioles,2,5,0,0,2,7,8,10,4,5,592332,Kevin Gausman,680570,Grayson Rodriguez
2024-06-03,745009,Globe Life Field,Texas Rangers,Detroit Tigers,1,1,1,0,1,2,8,4,6,2,543135,Nathan Eovaldi,669373,Tarik Skubal
2024-06-03,746382,Minute Maid Park,Houston Astros,St. Louis Cardinals,2,4,0,2,7,4,9,8,2,7,434378,Justin Verlander,502043,Kyle Gibson
2024-06-03,746548,Coors Field,Colorado Rockies,Cincinnati Reds,3,8,1,0,3,13,9,18,6,10,663372,Ryan Feltner,671096,Andrew Abbott
2024-06-03,746224,Angel Stadium,Los Angeles Angels,San Diego Padres,1,1,0,1,2,1,4,6,2,3,542881,Tyler Anderson,663362,Matt Waldron
2024-06-03,747194,Chase Field,Arizona Diamondbacks,San Francisco Giants,2,1,0,0,4,2,9,8,6,3,669194,Ryne Nelson,669062,Erik Miller
2024-06-04,746630,Progressive Field,Cleveland Guardians,Kansas City Royals,3,5,0,0,8,5,7,10,4,8,663474,Triston McKenzie,607625,Seth Lugo
2024-06-04,745497,PNC Park,Pittsburgh Pirates,Los Angeles Dodgers,1,0,0,0,1,0,4,5,2,3,683003,Jared Jones,607192,Tyler Glasnow
2024-06-04,746060,loanDepot park,Miami Marlins,Tampa Bay Rays,3,9,3,0,5,9,12,12,6,10,666200,Jesús Luzardo,686752,Ryan Pepiot
2024-06-04,745568,Citizens Bank Park,Philadelphia Phillies,Milwaukee Brewers,0,1,0,0,2,1,8,7,4,3,650911,Cristopher Sánchez,657649,Jared Koenig
2024-06-04,744850,Nationals Park,Washington Nationals,New York Mets,1,5,0,0,3,6,6,13,3,8,687792,DJ Herz,656849,David Peterson
2024-06-04,745739,Yankee Stadium,New York Yankees,Minnesota Twins,3,0,0,0,5,1,6,2,3,1,661563,Luis Gil,641927,Bailey Ober
2024-06-04,744931,Rogers Centre,Toronto Blue Jays,Baltimore Orioles,0,7,0,0,1,10,5,9,3,6,670950,Trevor Richards,669203,Corbin Burnes
2024-06-04,746949,Fenway Park,Boston Red Sox,Atlanta Braves,3,3,0,0,3,8,5,8,4,3,676710,Kutter Crawford,608331,Max Fried
2024-06-04,745010,Globe Life Field,Texas Rangers,Detroit Tigers,0,3,0,0,1,3,5,6,2,4,641540,Dane Dunning,656427,Jack Flaherty
2024-06-04,746872,Wrigley Field,Chicago Cubs,Chicago White Sox,1,5,0,0,7,6,8,9,3,7,684007,Shota Imanaga,623167,Chris Flexen
2024-06-04,746380,Minute Maid Park,Houston Astros,St. Louis Cardinals,7,2,2,1,8,5,10,11,8,6,681293,Spencer Arrighetti,669467,Andre Pallante
2024-06-04,746550,Coors Field,Colorado Rockies,Cincinnati Reds,0,4,0,1,1,4,3,12,0,10,621389,Ty Blach,593423,Frankie Montas
2024-06-04,746222,Angel Stadium,Los Angeles Angels,San Diego Padres,1,1,0,0,4,2,5,7,2,3,663776,Patrick Sandoval,800049,Adam Mazur
2024-06-04,745656,Oakland Coliseum,Oakland Athletics,Seattle Mariners,1,4,0,0,3,4,8,10,4,9,687765,Mitch Spence,669923,George Kirby
2024-06-04,747196,Chase Field,Arizona Diamondbacks,San Francisco Giants,4,2,0,0,8,5,13,6,8,3,686796,Blake Walston,690986,Kyle Harrison
2024-06-05,746950,Fenway Park,Boston Red Sox,Atlanta Braves,6,0,0,0,9,0,13,1,8,1,601713,Nick Pivetta,680885,Spencer Schwellenbach
2024-06-05,746379,Minute Maid Park,Houston Astros,St. Louis Cardinals,2,3,0,0,2,4,5,5,5,4,669854,Ronel Blanco,571945,Miles Mikolas
2024-06-05,746544,Coors Field,Colorado Rockies,Cincinnati Reds,5,4,4,0,7,12,13,12,8,5,641712,Dakota Hudson,668933,Graham Ashcraft
2024-06-05,747195,Chase Field,Arizona Diamondbacks,San Francisco Giants,3,6,1,0,3,9,9,14,7,8,656756,Jordan Montgomery,663855,Jordan Hicks
2024-06-05,744852,Nationals Park,Washington Nationals,New York Mets,0,2,0,0,1,9,7,11,3,3,571578,Patrick Corbin,622663,Luis Severino
2024-06-05,745570,Citizens Bank Park,Philadelphia Phillies,Milwaukee Brewers,2,0,0,0,2,0,3,3,2,1,605400,Aaron Nola,676879,Aaron Ashby
2024-06-05,745494,PNC Park,Pittsburgh Pirates,Los Angeles Dodgers,8,3,0,0,10,6,9,11,7,6,694973,Paul Skenes,572020,James Paxton
2024-06-05,746056,loanDepot park,Miami Marlins,Tampa Bay Rays,3,5,2,3,3,5,7,8,5,6,666129,Braxton Garrett,621107,Zach Eflin
2024-06-05,745740,Yankee Stadium,New York Yankees,Minnesota Twins,8,0,4,0,9,5,9,6,8,0,607074,Carlos Rodón,663978,Chris Paddack
2024-06-05,744927,Rogers Centre,Toronto Blue Jays,Baltimore Orioles,2,2,0,0,3,2,9,6,5,5,621244,José Berríos,544150,Albert Suárez
2024-06-05,745007,Globe Life Field,Texas Rangers,Detroit Tigers,4,0,0,0,9,1,12,2,6,0,570632,José Ureña,628317,Kenta Maeda
2024-06-05,746873,Wrigley Field,Chicago Cubs,Chicago White Sox,3,5,0,1,7,6,8,13,6,10,592791,Jameson Taillon,607200,Erick Fedde
2024-06-05,746221,Angel Stadium,Los Angeles Angels,San Diego Padres,3,0,1,0,3,2,6,8,3,3,667755,José Soriano,656302,Dylan Cease
2024-06-05,745654,Oakland Coliseum,Oakland Athletics,Seattle Mariners,2,0,0,0,2,1,5,4,4,0,683155,Joey Estes,669302,Logan Gilbert
2024-06-06,744923,Rogers Centre,Toronto Blue Jays,Baltimore Orioles,4,0,0,0,6,5,7,6,4,3,579328,Yusei Kikuchi,700249,Cade Povich
2024-06-06,746631,Progressive Field,Cleveland Guardians,Kansas City Royals,3,1,1,1,3,4,9,10,9,5,676440,Tanner Bibee,663903,Brady Singer
2024-06-06,745657,Oakland Coliseum,Oakland Athletics,Seattle Mariners,0,2,0,0,0,3,2,4,2,3,676664,JP Sears,693433,Bryan Woo
2024-06-06,745495,PNC Park,Pittsburgh Pirates,Los Angeles Dodgers,4,10,0,4,7,11,13,14,7,12,663559,Bailey Falter,621111,Walker Buehler
2024-06-06,744844,Nationals Park,Washington Nationals,Atlanta Braves,0,0,0,0,2,5,6,7,2,0,680730,Mitchell Parker,625643,Reynaldo López
2024-06-06,745738,Yankee Stadium,New York Yankees,Minnesota Twins,8,5,0,1,8,5,7,10,6,7,573186,Marcus Stroman,641154,Pablo López
2024-06-06,746707,Great American Ball Park,Cincinnati Reds,Chicago Cubs,3,2,0,0,8,4,9,5,5,3,668881,Hunter Greene,665871,Javier Assad
2024-06-06,745174,Busch Stadium,St. Louis Cardinals,Colorado Rockies,0,3,0,0,2,3,8,4,3,2,543243,Sonny Gray,615698,Cal Quantrill
2024-06-06,746784,Guaranteed Rate Field,Chicago White Sox,Boston Red Sox,0,7,0,1,2,14,4,24,0,11,663765,Jake Woodford,656557,Tanner Houck
2024-06-06,745408,Petco Park,San Diego Padres,Arizona Diamondbacks,3,3,0,1,3,4,10,9,8,6,681190,Randy Vásquez,677944,Slade Cecconi
2024-06-07,745169,Busch Stadium,St. Louis Cardinals,Colorado Rockies,4,5,3,0,8,5,12,10,6,8,458681,Lance Lynn,596295,Austin Gomber
2024-06-07,745496,PNC Park,Pittsburgh Pirates,Minnesota Twins,2,0,0,0,3,0,4,8,2,5,656605,Mitch Keller,657746,Joe Ryan
2024-06-07,746466,Comerica Park,Detroit Tigers,Milwaukee Brewers,0,10,0,0,0,10,2,16,1,14,681857,Reese Olson,668964,Tobias Myers
2024-06-07,744845,Nationals Park,Washington Nationals,Atlanta Braves,2,0,0,0,2,1,5,6,3,2,663623,Jake Irvin,519242,Chris Sale
2024-06-07,745083,Tropicana Field,Tampa Bay Rays,Baltimore Orioles,2,4,0,0,3,6,9,9,5,7,650644,Aaron Civale,608344,Cole Irvin
2024-06-07,745737,Yankee Stadium,New York Yankees,Los Angeles Dodgers,0,0,0,0,1,2,5,4,2,2,547001,Cody Poteet,808967,Yoshinobu Yamamoto
2024-06-07,746704,Great American Ball Park,Cincinnati Reds,Chicago Cubs,3,0,0,0,3,2,5,6,3,3,666157,Nick Lodolo,657006,Justin Steele
2024-06-07,746053,loanDepot park,Miami Marlins,Cleveland Guardians,2,2,0,0,3,2,7,6,4,5,677960,Ryan Weathers,671106,Logan Allen
2024-06-07,745008,Globe Life Field,Texas Rangers,San Francisco Giants,2,2,0,0,2,5,5,11,5,7,547179,Michael Lorenzen,657277,Logan Webb
2024-06-07,746302,Kauffman Stadium,Kansas City Royals,Seattle Mariners,4,8,0,7,10,9,10,10,5,6,663738,Daniel Lynch IV,682243,Bryce Miller
2024-06-07,746785,Guaranteed Rate Field,Chicago White Sox,Boston Red Sox,4,2,1,0,7,2,8,6,5,3,676979,Garrett Crochet,681867,Cooper Criswell
2024-06-07,746220,Angel Stadium,Los Angeles Angels,Houston Astros,1,1,0,1,1,7,4,11,3,4,656288,Griffin Canning,664285,Framber Valdez
2024-06-07,745406,Petco Park,San Diego Padres,Arizona Diamondbacks,3,0,2,0,10,3,14,9,8,5,650633,Michael King,694297,Brandon Pfaadt
2024-06-07,745655,Oakland Coliseum,Oakland Athletics,Toronto Blue Jays,0,0,0,0,2,1,5,5,2,3,663687,Hogan Harris,605135,Chris Bassitt
2024-06-08,745814,London Stadium,New York Mets,Philadelphia Phillies,2,6,1,0,2,7,10,11,6,8,640455,Sean Manaea,624133,Ranger Suarez
2024-06-08,745001,Globe Life Field,Texas Rangers,San Francisco Giants,1,3,1,1,1,3,5,6,3,3,571760,Andrew Heaney,675921,Spencer Howard
2024-06-08,745492,PNC Park,Pittsburgh Pirates,Minnesota Twins,0,0,0,0,4,0,10,6,5,2,669387,Carmen Mlodzinski,680573,Simeon Woods Richardson
2024-06-08,744848,Nationals Park,Washington Nationals,Atlanta Braves,5,1,2,0,7,3,12,7,7,4,669022,MacKenzie Gore,450203,Charlie Morton
2024-06-08,745652,Oakland Coliseum,Oakland Athletics,Toronto Blue Jays,0,6,0,1,0,7,5,10,2,6,665622,Luis Medina,592332,Kevin Gausman
2024-06-08,746703,Great American Ball Park,Cincinnati Reds,Chicago Cubs,4,1,1,1,4,3,6,10,5,5,671096,Andrew Abbott,676962,Ben Brown
2024-06-08,746300,Kauffman Stadium,Kansas City Royals,Seattle Mariners,5,3,1,1,8,4,9,7,6,5,679525,Alec Marsh,622491,Luis Castillo
2024-06-08,745082,Tropicana Field,Tampa Bay Rays,Baltimore Orioles,0,1,0,0,0,5,2,9,1,3,671737,Taj Bradley,680694,Kyle Bradish
2024-06-08,746786,Guaranteed Rate Field,Chicago White Sox,Boston Red Sox,5,1,0,0,6,1,10,5,9,2,680897,Nick Nastrini,678394,Brayan Bello
2024-06-08,746461,Comerica Park,Detroit Tigers,Milwaukee Brewers,4,3,1,1,4,5,5,10,4,7,663554,Casey Mize,642547,Freddy Peralta
2024-06-08,745166,Busch Stadium,St. Louis Cardinals,Colorado Rockies,0,1,0,1,5,6,5,12,1,5,502043,Kyle Gibson,663372,Ryan Feltner
2024-06-08,746057,loanDepot park,Miami Marlins,Cleveland Guardians,0,8,0,1,0,8,4,12,3,9,682610,Roddery Muñoz,594902,Ben Lively
2024-06-08,745735,Yankee Stadium,New York Yankees,Los Angeles Dodgers,2,3,0,0,3,11,10,11,6,5,641482,Nestor Cortes,694813,Gavin Stone
2024-06-08,745410,Petco Park,San Diego Padres,Arizona Diamondbacks,12,1,0,0,13,1,14,5,13,3,663362,Matt Waldron,669194,Ryne Nelson
2024-06-08,746223,Angel Stadium,Los Angeles Angels,Houston Astros,0,4,0,0,1,6,6,11,2,7,542881,Tyler Anderson,686613,Hunter Brown
2024-06-09,745571,London Stadium,Philadelphia Phillies,New York Mets,3,0,1,0,5,6,10,7,7,1,592836,Taijuan Walker,500779,Jose Quintana
2024-06-09,745003,Globe Life Field,Texas Rangers,San Francisco Giants,7,2,3,0,7,2,9,5,7,4,543135,Nathan Eovaldi,676775,Keaton Winn
2024-06-09,745491,PNC Park,Pittsburgh Pirates,Minnesota Twins,4,3,0,3,5,11,10,13,7,6,683003,Jared Jones,641927,Bailey Ober
2024-06-09,744849,Nationals Park,Washington Nationals,Atlanta Braves,8,2,0,0,8,5,7,8,7,4,687792,DJ Herz,694462,Hurston Waldrep
2024-06-09,746705,Great American Ball Park,Cincinnati Reds,Chicago Cubs,1,4,0,3,2,4,5,11,2,8,593423,Frankie Montas,684007,Shota Imanaga
2024-06-09,745085,Tropicana Field,Tampa Bay Rays,Baltimore Orioles,0,2,0,0,2,9,6,13,0,5,641793,Zack Littell,680570,Grayson Rodriguez
2024-06-09,746054,loanDepot park,Miami Marlins,Cleveland Guardians,2,1,0,0,3,6,5,10,4,2,669432,Trevor Rogers,471911,Carlos Carrasco
2024-06-09,746463,Comerica Park,Detroit Tigers,Milwaukee Brewers,10,0,2,0,10,2,12,7,10,2,669373,Tarik Skubal,669060,Bryse Wilson
2024-06-09,746297,Kauffman Stadium,Kansas City Royals,Seattle Mariners,1,1,0,1,5,6,9,10,4,2,666142,Cole Ragans,669923,George Kirby
2024-06-09,746787,Guaranteed Rate Field,Chicago White Sox,Boston Red Sox,3,2,0,0,4,6,8,8,3,2,623167,Chris Flexen,677161,Zack Kelly
2024-06-09,745167,Busch Stadium,St. Louis Cardinals,Colorado Rockies,4,0,0,0,5,1,10,5,8,3,669467,Andre Pallante,621389,Ty Blach
2024-06-09,746216,Angel Stadium,Los Angeles Angels,Houston Astros,4,3,0,0,9,7,13,14,7,6,663776,Patrick Sandoval,434378,Justin Verlander
2024-06-09,745651,Oakland Coliseum,Oakland Athletics,Toronto Blue Jays,0,2,0,0,4,6,7,7,3,5,687765,Mitch Spence,670102,Bowden Francis
2024-06-09,745407,Petco Park,San Diego Padres,Arizona Diamondbacks,3,9,1,1,3,9,7,15,5,13,800049,Adam Mazur,543518,Scott McGough
2024-06-09,745736,Yankee Stadium,New York Yankees,Los Angeles Dodgers,2,2,0,0,6,4,9,9,4,4,661563,Luis Gil,607192,Tyler Glasnow
2024-06-10,745080,Tropicana Field,Tampa Bay Rays,Baltimore Orioles,2,4,0,1,2,5,5,11,4,8,686752,Ryan Pepiot,669203,Corbin Burnes
2024-06-10,745897,Target Field,Minnesota Twins,Colorado Rockies,2,0,0,0,5,0,7,6,3,5,663978,Chris Paddack,641712,Dakota Hudson
2024-06-10,746295,Kauffman Stadium,Kansas City Royals,New York Yankees,0,4,0,2,2,4,7,9,2,8,607625,Seth Lugo,607074,Carlos Rodón
2024-06-10,745982,American Family Field,Milwaukee Brewers,Toronto Blue Jays,2,1,0,0,3,1,6,4,4,3,607067,Colin Rea,621244,José Berríos
2024-06-10,745409,Petco Park,San Diego Padres,Oakland Athletics,3,1,0,0,6,1,10,8,8,7,656302,Dylan Cease,683155,Joey Estes
2024-06-10,745248,T-Mobile Park,Seattle Mariners,Chicago White Sox,0,0,0,0,8,4,11,9,3,2,669302,Logan Gilbert,607200,Erick Fedde
2024-06-10,745334,Oracle Park,San Francisco Giants,Houston Astros,0,0,0,0,4,3,9,9,3,2,690986,Kyle Harrison,681293,Spencer Arrighetti
2024-06-11,747027,Oriole Park at Camden Yards,Baltimore Orioles,Atlanta Braves,3,0,0,0,4,0,6,5,4,2,544150,Albert Suárez,608331,Max Fried
2024-06-11,746464,Comerica Park,Detroit Tigers,Washington Nationals,4,3,0,0,4,5,6,5,5,3,628317,Kenta Maeda,680730,Mitchell Parker
2024-06-11,745077,Tropicana Field,Tampa Bay Rays,Chicago Cubs,0,1,0,0,5,2,8,10,4,5,621107,Zach Eflin,592791,Jameson Taillon
2024-06-11,746702,Great American Ball Park,Cincinnati Reds,Cleveland Guardians,1,3,1,0,3,5,6,9,3,5,608718,Brent Suter,663474,Triston McKenzie
2024-06-11,746951,Fenway Park,Boston Red Sox,Philadelphia Phillies,1,4,1,1,1,4,4,7,3,6,676710,Kutter Crawford,554430,Zack Wheeler
2024-06-11,745815,Citi Field,New York Mets,Miami Marlins,2,3,0,0,2,4,4,6,3,5,656731,Tylor Megill,666200,Jesús Luzardo
2024-06-11,745899,Target Field,Minnesota Twins,Colorado Rockies,0,0,0,0,4,5,8,7,2,1,686973,Louis Varland,615698,Cal Quantrill
2024-06-11,745170,Busch Stadium,St. Louis Cardinals,Pittsburgh Pirates,0,0,0,0,1,2,8,3,3,0,571945,Miles Mikolas,694973,Paul Skenes
2024-06-11,746296,Kauffman Stadium,Kansas City Royals,New York Yankees,0,6,0,2,1,10,5,10,3,5,663903,Brady Singer,573186,Marcus Stroman
2024-06-11,745981,American Family Field,Milwaukee Brewers,Toronto Blue Jays,0,2,0,0,0,3,5,9,3,8,692230,Carlos Rodriguez,579328,Yusei Kikuchi
2024-06-11,747190,Chase Field,Arizona Diamondbacks,Los Angeles Angels,5,2,0,0,9,4,15,11,8,5,656756,Jordan Montgomery,660761,José Suarez
2024-06-11,745404,Petco Park,San Diego Padres,Oakland Athletics,3,1,0,1,4,3,10,9,7,7,681190,Randy Vásquez,676664,JP Sears
2024-06-11,745244,T-Mobile Park,Seattle Mariners,Chicago White Sox,2,3,0,0,4,3,5,10,3,7,646242,Jhonathan Díaz,689672,Drew Thorpe
2024-06-11,745327,Oracle Park,San Francisco Giants,Houston Astros,1,3,0,0,1,3,3,7,2,6,663855,Jordan Hicks,669854,Ronel Blanco
2024-06-11,746139,Dodger Stadium,Los Angeles Dodgers,Texas Rangers,7,1,3,0,15,2,14,5,8,2,572020,James Paxton,641540,Dane Dunning
2024-06-12,745896,Target Field,Minnesota Twins,Colorado Rockies,8,2,5,1,17,9,24,12,13,5,641154,Pablo López,596295,Austin Gomber
2024-06-12,745978,American Family Field,Milwaukee Brewers,Toronto Blue Jays,0,1,0,1,5,4,11,7,5,2,668964,Tobias Myers,605135,Chris Bassitt
2024-06-12,745328,Oracle Park,San Francisco Giants,Houston Astros,5,1,0,0,5,3,10,9,9,5,657277,Logan Webb,664285,Framber Valdez
2024-06-12,745405,Petco Park,San Diego Padres,Oakland Athletics,2,0,0,0,5,4,6,10,4,2,650633,Michael King,663687,Hogan Harris
2024-06-12,747028,Oriole Park at Camden Yards,Baltimore Orioles,Atlanta Braves,2,0,0,0,4,2,9,7,4,3,700249,Cade Povich,680885,Spencer Schwellenbach
2024-06-12,746462,Comerica Park,Detroit Tigers,Washington Nationals,1,5,1,0,5,7,12,13,6,8,681857,Reese Olson,663623,Jake Irvin
2024-06-12,745079,Tropicana Field,Tampa Bay Rays,Chicago Cubs,2,1,0,0,3,4,7,9,5,4,650644,Aaron Civale,665871,Javier Assad
2024-06-12,746701,Great American Ball Park,Cincinnati Reds,Cleveland Guardians,1,2,1,0,4,2,6,7,1,7,666157,Nick Lodolo,676440,Tanner Bibee
2024-06-12,746948,Fenway Park,Boston Red Sox,Philadelphia Phillies,6,4,0,2,8,6,13,9,10,6,601713,Nick Pivetta,650911,Cristopher Sánchez
2024-06-12,745811,Citi Field,New York Mets,Miami Marlins,6,4,2,0,10,4,14,9,8,8,656849,David Peterson,666129,Braxton Garrett
2024-06-12,745171,Busch Stadium,St. Louis Cardinals,Pittsburgh Pirates,4,1,0,0,4,2,11,6,11,3,543243,Sonny Gray,663559,Bailey Falter
2024-06-12,746294,Kauffman Stadium,Kansas City Royals,New York Yankees,0,8,0,6,5,11,11,11,2,6,656186,Dan Altavilla,547001,Cody Poteet
2024-06-12,747193,Chase Field,Arizona Diamondbacks,Los Angeles Angels,0,7,0,1,3,8,6,14,3,13,677944,Slade Cecconi,667755,José Soriano
2024-06-12,745246,T-Mobile Park,Seattle Mariners,Chicago White Sox,0,0,0,0,2,1,6,3,3,2,682243,Bryce Miller,686563,Jonathan Cannon
2024-06-12,746137,Dodger Stadium,Los Angeles Dodgers,Texas Rangers,1,3,1,0,2,3,7,8,5,7,621111,Walker Buehler,592351,Jon Gray
2024-06-13,747026,Oriole Park at Camden Yards,Baltimore Orioles,Atlanta Braves,0,3,0,2,3,6,6,12,2,7,608344,Cole Irvin,625643,Reynaldo López
2024-06-13,746465,Comerica Park,Detroit Tigers,Washington Nationals,1,1,0,0,7,2,10,5,4,4,663554,Casey Mize,571578,Patrick Corbin
2024-06-13,746299,Kauffman Stadium,Kansas City Royals,New York Yankees,2,0,0,0,4,3,9,5,4,0,679525,Alec Marsh,641482,Nestor Cortes
2024-06-13,745168,Busch Stadium,St. Louis Cardinals,Pittsburgh Pirates,3,3,0,0,4,3,8,7,6,5,458681,Lance Lynn,656605,Mitch Keller
2024-06-13,745075,Tropicana Field,Tampa Bay Rays,Chicago Cubs,0,2,0,0,3,2,7,3,1,3,671737,Taj Bradley,657006,Justin Steele
2024-06-13,746944,Fenway Park,Boston Red Sox,Philadelphia Phillies,8,3,0,0,9,3,14,10,12,7,656557,Tanner Houck,605400,Aaron Nola
2024-06-13,745809,Citi Field,New York Mets,Miami Marlins,0,0,0,0,3,2,3,8,0,5,622663,Luis Severino,682610,Roddery Muñoz
2024-06-13,745894,Target Field,Minnesota Twins,Oakland Athletics,4,2,0,0,6,2,13,4,8,3,657746,Joe Ryan,665622,Luis Medina
2024-06-13,747192,Chase Field,Arizona Diamondbacks,Los Angeles Angels,4,1,3,0,11,1,9,6,4,5,694297,Brandon Pfaadt,656288,Griffin Canning
2024-06-13,745245,T-Mobile Park,Seattle Mariners,Chicago White Sox,1,2,0,0,2,3,3,8,2,5,676106,Emerson Hancock,676979,Garrett Crochet
2024-06-13,746136,Dodger Stadium,Los Angeles Dodgers,Texas Rangers,0,3,0,2,1,3,5,7,3,6,675627,Michael Grove,547179,Michael Lorenzen
2024-06-14,746869,Wrigley Field,Chicago Cubs,St. Louis Cardinals,0,0,0,0,0,3,3,9,2,2,696136,Jordan Wicks,502043,Kyle Gibson
2024-06-14,746947,Fenway Park,Boston Red Sox,New York Yankees,1,5,0,2,1,8,5,10,4,7,678394,Brayan Bello,661563,Luis Gil
2024-06-14,744847,Nationals Park,Washington Nationals,Miami Marlins,7,1,0,0,8,1,12,7,10,5,669022,MacKenzie Gore,641312,Shaun Anderson
2024-06-14,747025,Oriole Park at Camden Yards,Baltimore Orioles,Philadelphia Phillies,1,2,0,1,3,5,8,7,4,3,680694,Kyle Bradish,624133,Ranger Suarez
2024-06-14,744924,Rogers Centre,Toronto Blue Jays,Cleveland Guardians,0,3,0,0,1,3,3,9,1,7,592332,Kevin Gausman,671106,Logan Allen
2024-06-14,745810,Citi Field,New York Mets,San Diego Padres,2,1,0,0,2,1,4,5,3,3,640455,Sean Manaea,663362,Matt Waldron
2024-06-14,747112,Truist Park,Atlanta Braves,Tampa Bay Rays,7,1,5,1,7,3,12,8,10,3,519242,Chris Sale,641793,Zack Littell
2024-06-14,746378,Minute Maid Park,Houston Astros,Detroit Tigers,0,0,0,0,4,0,6,5,1,3,686613,Hunter Brown,669373,Tarik Skubal
2024-06-14,745892,Target Field,Minnesota Twins,Oakland Athletics,1,4,0,4,6,5,10,5,5,4,680573,Simeon Woods Richardson,687765,Mitch Spence
2024-06-14,745979,American Family Field,Milwaukee Brewers,Cincinnati Reds,2,5,0,0,5,6,8,10,3,9,642547,Freddy Peralta,668881,Hunter Greene
2024-06-14,746545,Coors Field,Colorado Rockies,Pittsburgh Pirates,1,1,0,1,2,5,9,9,8,4,663372,Ryan Feltner,669387,Carmen Mlodzinski
2024-06-14,747191,Chase Field,Arizona Diamondbacks,Chicago White Sox,6,1,0,0,7,1,10,8,9,5,669194,Ryne Nelson,623167,Chris Flexen
2024-06-14,746134,Dodger Stadium,Los Angeles Dodgers,Kansas City Royals,3,3,0,0,4,3,8,5,4,4,694813,Gavin Stone,666142,Cole Ragans
2024-06-14,745247,T-Mobile Park,Seattle Mariners,Texas Rangers,3,2,2,2,3,2,8,5,6,3,622491,Luis Castillo,571760,Andrew Heaney
2024-06-14,745326,Oracle Park,San Francisco Giants,Los Angeles Angels,1,8,0,0,6,8,10,11,4,10,675921,Spencer Howard,542881,Tyler Anderson
2024-06-15,746865,Wrigley Field,Chicago Cubs,St. Louis Cardinals,2,1,0,0,5,1,9,4,6,2,684007,Shota Imanaga,669467,Andre Pallante
2024-06-15,744925,Rogers Centre,Toronto Blue Jays,Cleveland Guardians,5,0,0,0,5,0,7,8,6,5,670950,Trevor Richards,471911,Carlos Carrasco
2024-06-15,745329,Oracle Park,San Francisco Giants,Los Angeles Angels,3,1,2,0,3,4,10,6,8,4,676775,Keaton Winn,663776,Patrick Sandoval
2024-06-15,747024,Oriole Park at Camden Yards,Baltimore Orioles,Philadelphia Phillies,2,2,0,1,6,2,11,7,4,4,680570,Grayson Rodriguez,592836,Taijuan Walker
2024-06-15,744846,Nationals Park,Washington Nationals,Miami Marlins,2,0,1,0,4,0,9,4,6,1,687792,DJ Herz,669432,Trevor Rogers
2024-06-15,746381,Minute Maid Park,Houston Astros,Detroit Tigers,0,10,0,2,5,13,10,19,3,13,681293,Spencer Arrighetti,656427,Jack Flaherty
2024-06-15,745805,Citi Field,New York Mets,San Diego Padres,3,1,0,0,5,1,10,2,5,2,500779,Jose Quintana,800049,Adam Mazur
2024-06-15,747113,Truist Park,Atlanta Braves,Tampa Bay Rays,5,1,0,1,9,2,11,6,6,3,450203,Charlie Morton,686752,Ryan Pepiot
2024-06-15,745976,American Family Field,Milwaukee Brewers,Cincinnati Reds,3,0,0,0,3,1,4,5,4,4,657649,Jared Koenig,671096,Andrew Abbott
2024-06-15,745241,T-Mobile Park,Seattle Mariners,Texas Rangers,4,1,1,0,7,5,7,9,4,3,669923,George Kirby,543135,Nathan Eovaldi
2024-06-15,746946,Fenway Park,Boston Red Sox,New York Yankees,5,2,3,0,8,4,12,6,7,3,681867,Cooper Criswell,607074,Carlos Rodón
2024-06-15,746135,Dodger Stadium,Los Angeles Dodgers,Kansas City Royals,2,1,0,0,2,7,6,7,5,3,808967,Yoshinobu Yamamoto,607625,Seth Lugo
2024-06-15,746547,Coors Field,Colorado Rockies,Pittsburgh Pirates,6,1,0,0,16,4,16,10,6,5,621389,Ty Blach,683003,Jared Jones
2024-06-15,747187,Chase Field,Arizona Diamondbacks,Chicago White Sox,2,4,1,0,2,9,10,12,8,7,543518,Scott McGough,607200,Erick Fedde
2024-06-16,746866,Wrigley Field,Chicago Cubs,St. Louis Cardinals,0,2,0,0,1,2,5,9,3,6,592791,Jameson Taillon,571945,Miles Mikolas
2024-06-16,747023,Oriole Park at Camden Yards,Baltimore Orioles,Philadelphia Phillies,8,2,1,0,8,3,10,10,9,6,669203,Corbin Burnes,554430,Zack Wheeler
2024-06-16,747109,Truist Park,Atlanta Braves,Tampa Bay Rays,2,6,1,1,6,8,9,8,3,5,694462,Hurston Waldrep,621107,Zach Eflin
2024-06-16,744839,Nationals Park,Washington Nationals,Miami Marlins,2,1,1,0,3,1,9,8,5,4,680730,Mitchell Parker,666200,Jesús Luzardo
2024-06-16,744926,Rogers Centre,Toronto Blue Jays,Cleveland Guardians,7,2,0,0,7,6,11,13,9,6,621244,José Berríos,594902,Ben Lively
2024-06-16,745807,Citi Field,New York Mets,San Diego Padres,7,2,4,1,11,6,14,10,8,5,656731,Tylor Megill,656302,Dylan Cease
2024-06-16,746377,Minute Maid Park,Houston Astros,Detroit Tigers,4,0,1,0,4,1,5,3,5,0,669854,Ronel Blanco,628317,Kenta Maeda
2024-06-16,745895,Target Field,Minnesota Twins,Oakland Athletics,4,0,3,0,6,2,12,9,9,4,641927,Bailey Ober,676664,JP Sears
2024-06-16,745891,Target Field,Minnesota Twins,Oakland Athletics,6,5,2,0,8,7,14,11,10,6,663978,Chris Paddack,683155,Joey Estes
2024-06-16,745977,American Family Field,Milwaukee Brewers,Cincinnati Reds,1,3,0,1,5,4,8,8,3,3,607067,Colin Rea,593423,Frankie Montas
2024-06-16,746546,Coors Field,Colorado Rockies,Pittsburgh Pirates,0,1,0,0,2,8,9,15,4,5,641712,Dakota Hudson,676596,Josh Fleming
2024-06-16,745321,Oracle Park,San Francisco Giants,Los Angeles Angels,9,2,0,1,13,6,16,9,10,3,669062,Erik Miller,690829,Ben Joyce
2024-06-16,746130,Dodger Stadium,Los Angeles Dodgers,Kansas City Royals,1,0,0,0,3,0,5,3,3,2,607192,Tyler Glasnow,663903,Brady Singer
2024-06-16,745242,T-Mobile Park,Seattle Mariners,Texas Rangers,2,0,0,0,5,0,6,2,4,2,669302,Logan Gilbert,641540,Dane Dunning
2024-06-16,747189,Chase Field,Arizona Diamondbacks,Chicago White Sox,10,1,3,0,12,5,9,11,7,4,656756,Jordan Montgomery,689672,Drew Thorpe
2024-06-16,746945,Fenway Park,Boston Red Sox,New York Yankees,4,1,0,1,9,3,14,6,7,1,676710,Kutter Crawford,573186,Marcus Stroman
2024-06-17,745490,PNC Park,Pittsburgh Pirates,Cincinnati Reds,4,1,3,1,4,1,8,7,7,4,694973,Paul Skenes,686730,Carson Spiers
2024-06-17,745567,Citizens Bank Park,Philadelphia Phillies,San Diego Padres,6,1,0,0,9,2,18,7,12,4,650911,Cristopher Sánchez,681190,Randy Vásquez
2024-06-17,746055,loanDepot park,Miami Marlins,St. Louis Cardinals,0,1,0,0,6,7,8,10,2,5,666129,Braxton Garrett,543243,Sonny Gray
2024-06-17,744918,Rogers Centre,Toronto Blue Jays,Boston Red Sox,1,5,0,2,3,7,10,11,6,7,579328,Yusei Kikuchi,601713,Nick Pivetta
2024-06-17,747108,Truist Park,Atlanta Braves,Detroit Tigers,0,0,0,0,2,1,7,5,4,2,608331,Max Fried,681857,Reese Olson
2024-06-17,746868,Wrigley Field,Chicago Cubs,San Francisco Giants,0,1,0,0,6,7,10,9,4,5,665871,Javier Assad,663855,Jordan Hicks
2024-06-17,745005,Globe Life Field,Texas Rangers,New York Mets,2,11,0,1,2,14,6,22,3,15,592351,Jon Gray,656849,David Peterson
2024-06-17,746543,Coors Field,Colorado Rockies,Los Angeles Dodgers,1,3,0,1,5,9,6,14,1,7,615698,Cal Quantrill,572020,James Paxton
2024-06-17,746215,Angel Stadium,Los Angeles Angels,Milwaukee Brewers,5,3,0,0,5,3,7,5,6,4,668676,Zach Plesac,692230,Carlos Rodriguez
2024-06-18,746049,loanDepot park,Miami Marlins,St. Louis Cardinals,5,7,3,2,9,8,15,10,9,9,682610,Roddery Muñoz,458681,Lance Lynn
2024-06-18,745488,PNC Park,Pittsburgh Pirates,Cincinnati Reds,0,2,0,0,1,2,4,9,3,5,663559,Bailey Falter,666157,Nick Lodolo
2024-06-18,746627,Progressive Field,Cleveland Guardians,Seattle Mariners,1,6,0,0,5,8,10,11,3,7,663474,Triston McKenzie,682243,Bryce Miller
2024-06-18,745563,Citizens Bank Park,Philadelphia Phillies,San Diego Padres,1,0,0,0,4,3,13,4,6,1,605400,Aaron Nola,650633,Michael King
2024-06-18,744843,Nationals Park,Washington Nationals,Arizona Diamondbacks,0,4,0,2,0,5,4,14,2,8,663623,Jake Irvin,677944,Slade Cecconi
2024-06-18,745733,Yankee Stadium,New York Yankees,Baltimore Orioles,4,0,0,0,4,2,6,8,6,4,641482,Nestor Cortes,544150,Albert Suárez
2024-06-18,744917,Rogers Centre,Toronto Blue Jays,Boston Red Sox,2,1,0,0,3,4,7,12,5,5,605135,Chris Bassitt,656557,Tanner Houck
2024-06-18,747107,Truist Park,Atlanta Braves,Detroit Tigers,2,0,2,0,2,1,5,5,5,1,680885,Spencer Schwellenbach,663554,Casey Mize
2024-06-18,745893,Target Field,Minnesota Twins,Tampa Bay Rays,6,6,0,3,7,6,13,8,9,8,641154,Pablo López,650644,Aaron Civale
2024-06-18,746867,Wrigley Field,Chicago Cubs,San Francisco Giants,2,2,0,0,5,2,11,4,6,3,657006,Justin Steele,657277,Logan Webb
2024-06-18,745004,Globe Life Field,Texas Rangers,New York Mets,6,2,0,0,6,7,9,10,8,3,547179,Michael Lorenzen,622663,Luis Severino
2024-06-18,746783,Guaranteed Rate Field,Chicago White Sox,Houston Astros,2,0,0,0,2,0,2,7,2,4,686563,Jonathan Cannon,664285,Framber Valdez
2024-06-18,746542,Coors Field,Colorado Rockies,Los Angeles Dodgers,7,2,4,0,9,11,11,9,8,3,596295,Austin Gomber,621111,Walker Buehler
2024-06-18,746217,Angel Stadium,Los Angeles Angels,Milwaukee Brewers,0,5,0,1,3,6,9,8,3,6,656288,Griffin Canning,668964,Tobias Myers
2024-06-18,745650,Oakland Coliseum,Oakland Athletics,Kansas City Royals,7,3,2,0,7,5,11,7,10,4,663687,Hogan Harris,679525,Alec Marsh
2024-06-19,747106,Truist Park,Atlanta Braves,Detroit Tigers,7,0,0,0,7,0,12,8,10,7,625643,Reynaldo López,669373,Tarik Skubal
2024-06-19,745489,PNC Park,Pittsburgh Pirates,Cincinnati Reds,0,0,0,0,1,0,3,2,1,1,656605,Mitch Keller,668881,Hunter Greene
2024-06-19,746050,loanDepot park,Miami Marlins,St. Louis Cardinals,2,2,2,0,4,3,8,10,4,7,630023,Yonny Chirinos,669461,Matthew Liberatore
2024-06-19,745561,Citizens Bank Park,Philadelphia Phillies,San Diego Padres,1,1,0,0,2,5,6,12,4,4,624133,Ranger Suarez,663362,Matt Waldron
2024-06-19,746864,Wrigley Field,Chicago Cubs,San Francisco Giants,3,0,0,0,6,5,11,6,6,0,543294,Kyle Hendricks,669062,Erik Miller
2024-06-19,744842,Nationals Park,Washington Nationals,Arizona Diamondbacks,0,1,0,0,3,1,6,4,2,3,571578,Patrick Corbin,694297,Brandon Pfaadt
2024-06-19,746625,Progressive Field,Cleveland Guardians,Seattle Mariners,6,0,1,0,8,0,9,3,6,3,676440,Tanner Bibee,693433,Bryan Woo
2024-06-19,745732,Yankee Stadium,New York Yankees,Baltimore Orioles,1,4,1,1,6,7,9,11,1,6,543037,Gerrit Cole,700249,Cade Povich
2024-06-19,744920,Rogers Centre,Toronto Blue Jays,Boston Red Sox,2,3,0,0,3,7,10,10,7,4,592332,Kevin Gausman,678394,Brayan Bello
2024-06-19,745887,Target Field,Minnesota Twins,Tampa Bay Rays,2,1,0,0,2,3,9,8,7,5,657746,Joe Ryan,671737,Taj Bradley
2024-06-19,745002,Globe Life Field,Texas Rangers,New York Mets,1,1,1,0,5,3,5,5,0,3,571760,Andrew Heaney,640455,Sean Manaea
2024-06-19,746781,Guaranteed Rate Field,Chicago White Sox,Houston Astros,1,2,0,0,1,4,8,12,6,7,676979,Garrett Crochet,686613,Hunter Brown
2024-06-19,746538,Coors Field,Colorado Rockies,Los Angeles Dodgers,4,6,3,0,7,6,10,10,5,7,663372,Ryan Feltner,676272,Bobby Miller
2024-06-19,746219,Angel Stadium,Los Angeles Angels,Milwaukee Brewers,0,1,0,1,0,2,4,6,2,3,542881,Tyler Anderson,642547,Freddy Peralta
2024-06-19,745646,Oakland Coliseum,Oakland Athletics,Kansas City Royals,2,1,0,0,5,1,8,8,4,6,665622,Luis Medina,666142,Cole Ragans
2024-06-20,744841,Nationals Park,Washington Nationals,Arizona Diamondbacks,1,4,0,0,2,5,4,12,2,9,669022,MacKenzie Gore,669194,Ryne Nelson
2024-06-20,746626,Progressive Field,Cleveland Guardians,Seattle Mariners,5,3,1,2,6,3,9,5,8,4,671106,Logan Allen,622491,Luis Castillo
2024-06-20,745889,Target Field,Minnesota Twins,Tampa Bay Rays,2,2,0,0,6,7,10,11,5,4,680573,Simeon Woods Richardson,641793,Zack Littell
2024-06-20,746782,Guaranteed Rate Field,Chicago White Sox,Houston Astros,3,1,0,1,3,5,6,11,5,5,623167,Chris Flexen,681293,Spencer Arrighetti
2024-06-20,746539,Coors Field,Colorado Rockies,Los Angeles Dodgers,0,5,0,1,3,5,6,12,3,10,621389,Ty Blach,694813,Gavin Stone
2024-06-20,745645,Oakland Coliseum,Oakland Athletics,Kansas City Royals,0,2,0,0,2,3,9,7,3,5,687765,Mitch Spence,607625,Seth Lugo
2024-06-20,745734,Yankee Stadium,New York Yankees,Baltimore Orioles,5,11,0,1,5,17,6,20,6,13,661563,Luis Gil,608344,Cole Irvin
2024-06-20,745164,Rickwood Field,St. Louis Cardinals,San Francisco Giants,6,3,3,0,6,5,7,11,7,6,669467,Andre Pallante,676775,Keaton Winn
2024-06-20,745401,Petco Park,San Diego Padres,Milwaukee Brewers,5,3,4,1,7,6,10,9,7,5,800049,Adam Mazur,669060,Bryse Wilson
2024-06-21,746861,Wrigley Field,Chicago Cubs,New York Mets,1,11,1,3,1,11,6,14,3,13,684007,Shota Imanaga,500779,Jose Quintana
2024-06-21,745483,PNC Park,Pittsburgh Pirates,Tampa Bay Rays,2,4,0,0,3,10,5,17,3,10,669387,Carmen Mlodzinski,686752,Ryan Pepiot
2024-06-21,745562,Citizens Bank Park,Philadelphia Phillies,Arizona Diamondbacks,2,4,0,0,4,5,7,9,4,6,592836,Taijuan Walker,656756,Jordan Montgomery
2024-06-21,746460,Comerica Park,Detroit Tigers,Chicago White Sox,2,1,0,0,2,1,5,6,5,4,656427,Jack Flaherty,607200,Erick Fedde
2024-06-21,745729,Yankee Stadium,New York Yankees,Atlanta Braves,1,8,0,3,1,8,3,14,1,11,607074,Carlos Rodón,519242,Chris Sale
2024-06-21,746698,Great American Ball Park,Cincinnati Reds,Boston Red Sox,3,2,1,0,5,2,7,6,4,3,671096,Andrew Abbott,676710,Kutter Crawford
2024-06-21,746624,Progressive Field,Cleveland Guardians,Toronto Blue Jays,7,1,0,0,7,1,5,6,4,2,471911,Carlos Carrasco,684320,Yariel Rodríguez
2024-06-21,746052,loanDepot park,Miami Marlins,Seattle Mariners,0,2,0,1,3,2,7,6,2,4,669432,Trevor Rogers,669923,George Kirby
2024-06-21,745006,Globe Life Field,Texas Rangers,Kansas City Royals,1,2,0,0,6,2,9,6,3,4,543135,Nathan Eovaldi,663903,Brady Singer
2024-06-21,746375,Minute Maid Park,Houston Astros,Baltimore Orioles,5,3,1,0,14,11,14,18,8,9,814005,Jake Bloss,680570,Grayson Rodriguez
2024-06-21,746540,Coors Field,Colorado Rockies,Washington Nationals,5,9,0,0,5,11,11,19,10,12,641712,Dakota Hudson,687792,DJ Herz
2024-06-21,745649,Oakland Coliseum,Oakland Athletics,Minnesota Twins,4,1,1,1,6,5,9,10,7,4,683155,Joey Estes,663978,Chris Paddack
2024-06-21,745403,Petco Park,San Diego Padres,Milwaukee Brewers,3,4,0,0,9,5,15,11,4,7,656302,Dylan Cease,607067,Colin Rea
2024-06-21,746131,Dodger Stadium,Los Angeles Dodgers,Los Angeles Angels,2,0,0,0,2,3,5,4,4,2,689017,Landon Knack,663776,Patrick Sandoval
2024-06-22,746459,Comerica Park,Detroit Tigers,Chicago White Sox,0,3,0,0,1,5,5,12,2,9,628317,Kenta Maeda,689672,Drew Thorpe
2024-06-22,745163,Busch Stadium,St. Louis Cardinals,San Francisco Giants,5,4,2,3,9,4,14,10,8,6,571945,Miles Mikolas,663855,Jordan Hicks
2024-06-22,746863,Wrigley Field,Chicago Cubs,New York Mets,6,1,5,0,8,1,9,7,6,4,592791,Jameson Taillon,656731,Tylor Megill
2024-06-22,745486,PNC Park,Pittsburgh Pirates,Tampa Bay Rays,4,2,1,1,4,3,5,5,5,3,683003,Jared Jones,621107,Zach Eflin
2024-06-22,744997,Globe Life Field,Texas Rangers,Kansas City Royals,1,0,0,0,6,0,7,3,3,2,592351,Jon Gray,608379,Michael Wacha
2024-06-22,745564,Citizens Bank Park,Philadelphia Phillies,Arizona Diamondbacks,8,1,2,0,12,1,14,2,8,2,554430,Zack Wheeler,674072,Tommy Henry
2024-06-22,745644,Oakland Coliseum,Oakland Athletics,Minnesota Twins,2,9,1,1,2,10,4,16,4,13,676664,JP Sears,641927,Bailey Ober
2024-06-22,746700,Great American Ball Park,Cincinnati Reds,Boston Red Sox,3,1,2,0,3,4,11,9,6,3,593423,Frankie Montas,601713,Nick Pivetta
2024-06-22,746376,Minute Maid Park,Houston Astros,Baltimore Orioles,4,1,0,0,5,1,6,4,5,3,669854,Ronel Blanco,669203,Corbin Burnes
2024-06-22,746622,Progressive Field,Cleveland Guardians,Toronto Blue Jays,5,2,0,0,6,3,8,4,6,2,594902,Ben Lively,621244,José Berríos
2024-06-22,746048,loanDepot park,Miami Marlins,Seattle Mariners,0,7,0,2,0,9,4,15,2,9,641312,Shaun Anderson,669302,Logan Gilbert
2024-06-22,745731,Yankee Stadium,New York Yankees,Atlanta Braves,4,1,2,1,8,3,9,4,5,2,573186,Marcus Stroman,450203,Charlie Morton
2024-06-22,745402,Petco Park,San Diego Padres,Milwaukee Brewers,4,0,0,0,6,4,10,10,7,5,681190,Randy Vásquez,692230,Carlos Rodriguez
2024-06-22,746541,Coors Field,Colorado Rockies,Washington Nationals,4,3,1,0,8,7,12,11,6,7,615698,Cal Quantrill,680730,Mitchell Parker
2024-06-22,746132,Dodger Stadium,Los Angeles Dodgers,Los Angeles Angels,7,1,0,0,7,2,9,3,9,1,607192,Tyler Glasnow,668676,Zach Plesac
2024-06-23,745566,Citizens Bank Park,Philadelphia Phillies,Arizona Diamondbacks,1,0,0,0,4,1,11,6,7,3,650911,Cristopher Sánchez,677944,Slade Cecconi
2024-06-23,745485,PNC Park,Pittsburgh Pirates,Tampa Bay Rays,1,1,0,1,1,3,3,9,3,6,694973,Paul Skenes,650644,Aaron Civale
2024-06-23,745727,Yankee Stadium,New York Yankees,Atlanta Braves,0,3,0,0,1,3,7,6,3,5,641482,Nestor Cortes,608331,Max Fried
2024-06-23,746699,Great American Ball Park,Cincinnati Reds,Boston Red Sox,1,4,0,0,4,7,10,10,5,5,666157,Nick Lodolo,677161,Zack Kelly
2024-06-23,746621,Progressive Field,Cleveland Guardians,Toronto Blue Jays,6,5,1,2,6,5,13,9,10,6,663474,Triston McKenzie,579328,Yusei Kikuchi
2024-06-23,746457,Comerica Park,Detroit Tigers,Chicago White Sox,9,0,5,0,11,2,16,6,11,2,681857,Reese Olson,686563,Jonathan Cannon
2024-06-23,746051,loanDepot park,Miami Marlins,Seattle Mariners,6,2,4,0,6,4,7,7,7,3,667725,Kyle Tyler,682243,Bryce Miller
2024-06-23,746373,Minute Maid Park,Houston Astros,Baltimore Orioles,5,0,4,0,8,1,15,7,10,4,664285,Framber Valdez,544150,Albert Suárez
2024-06-23,745165,Busch Stadium,St. Louis Cardinals,San Francisco Giants,4,0,3,0,5,3,11,2,9,0,543243,Sonny Gray,657277,Logan Webb
2024-06-23,745000,Globe Life Field,Texas Rangers,Kansas City Royals,3,0,0,0,4,0,10,2,6,1,453286,Max Scherzer,679525,Alec Marsh
2024-06-23,746536,Coors Field,Colorado Rockies,Washington Nationals,1,0,0,0,1,2,5,4,3,0,607536,Kyle Freeland,663623,Jake Irvin
2024-06-23,745648,Oakland Coliseum,Oakland Athletics,Minnesota Twins,0,1,0,0,0,3,3,6,0,2,663687,Hogan Harris,641154,Pablo López
2024-06-23,745396,Petco Park,San Diego Padres,Milwaukee Brewers,1,5,0,0,2,6,8,14,5,7,650633,Michael King,668964,Tobias Myers
2024-06-23,746862,Wrigley Field,Chicago Cubs,New York Mets,0,4,0,0,2,5,7,9,2,7,665871,Javier Assad,622663,Luis Severino
2024-06-24,747021,Oriole Park at Camden Yards,Baltimore Orioles,Cleveland Guardians,2,2,1,1,2,3,5,8,5,5,700249,Cade Povich,676440,Tanner Bibee
2024-06-24,746458,Comerica Park,Detroit Tigers,Philadelphia Phillies,1,4,0,4,1,8,7,15,5,9,663554,Casey Mize,605400,Aaron Nola
2024-06-24,745078,Tropicana Field,Tampa Bay Rays,Seattle Mariners,1,1,0,0,4,3,11,3,7,2,671737,Taj Bradley,693433,Bryan Woo
2024-06-24,746696,Great American Ball Park,Cincinnati Reds,Pittsburgh Pirates,7,3,0,0,11,5,12,10,8,6,686730,Carson Spiers,663559,Bailey Falter
2024-06-24,746941,Fenway Park,Boston Red Sox,Toronto Blue Jays,2,1,0,0,7,6,12,9,3,3,656557,Tanner Houck,605135,Chris Bassitt
2024-06-24,745160,Busch Stadium,St. Louis Cardinals,Atlanta Braves,4,1,0,0,4,3,11,6,8,3,458681,Lance Lynn,680885,Spencer Schwellenbach
2024-06-24,746780,Guaranteed Rate Field,Chicago White Sox,Los Angeles Dodgers,0,0,0,0,0,3,5,9,3,5,676979,Garrett Crochet,572020,James Paxton
2024-06-24,746298,Kauffman Stadium,Kansas City Royals,Miami Marlins,3,1,0,0,4,1,6,4,5,4,666142,Cole Ragans,682610,Roddery Muñoz
2024-06-24,745974,American Family Field,Milwaukee Brewers,Texas Rangers,1,2,0,0,6,3,8,7,4,4,642547,Freddy Peralta,547179,Michael Lorenzen
2024-06-24,746218,Angel Stadium,Los Angeles Angels,Oakland Athletics,4,1,2,0,5,1,9,6,5,4,656288,Griffin Canning,665622,Luis Medina
2024-06-24,745397,Petco Park,San Diego Padres,Washington Nationals,3,2,0,0,7,6,8,11,5,5,663362,Matt Waldron,571578,Patrick Corbin
2024-06-24,745323,Oracle Park,San Francisco Giants,Chicago Cubs,1,4,0,0,5,4,9,10,2,6,669062,Erik Miller,657006,Justin Steele
2024-06-25,747022,Oriole Park at Camden Yards,Baltimore Orioles,Cleveland Guardians,6,8,2,1,8,10,16,14,9,10,608344,Cole Irvin,671106,Logan Allen
2024-06-25,746454,Comerica Park,Detroit Tigers,Philadelphia Phillies,4,0,0,0,4,1,8,4,7,3,669373,Tarik Skubal,624133,Ranger Suarez
2024-06-25,745076,Tropicana Field,Tampa Bay Rays,Seattle Mariners,2,2,1,0,11,3,11,6,5,4,641793,Zack Littell,622491,Luis Castillo
2024-06-25,746697,Great American Ball Park,Cincinnati Reds,Pittsburgh Pirates,3,8,0,3,5,9,9,10,5,9,668881,Hunter Greene,656605,Mitch Keller
2024-06-25,746943,Fenway Park,Boston Red Sox,Toronto Blue Jays,2,9,0,0,4,9,5,11,3,7,678394,Brayan Bello,592332,Kevin Gausman
2024-06-25,745806,Citi Field,New York Mets,New York Yankees,6,1,1,0,9,7,12,7,8,3,656849,David Peterson,543037,Gerrit Cole
2024-06-25,746372,Minute Maid Park,Houston Astros,Colorado Rockies,5,0,5,0,5,2,9,6,7,2,686613,Hunter Brown,596295,Austin Gomber
2024-06-25,746775,Guaranteed Rate Field,Chicago White Sox,Los Angeles Dodgers,3,4,3,1,3,4,8,7,7,6,623167,Chris Flexen,676272,Bobby Miller
2024-06-25,746293,Kauffman Stadium,Kansas City Royals,Miami Marlins,1,0,1,0,1,2,4,7,3,1,607625,Seth Lugo,630023,Yonny Chirinos
2024-06-25,745973,American Family Field,Milwaukee Brewers,Texas Rangers,2,1,0,1,3,1,8,5,6,3,571948,Hoby Milner,571760,Andrew Heaney
2024-06-25,746213,Angel Stadium,Los Angeles Angels,Oakland Athletics,5,3,0,0,7,5,9,9,7,5,542881,Tyler Anderson,687765,Mitch Spence
2024-06-25,745399,Petco Park,San Diego Padres,Washington Nationals,5,4,2,0,9,7,9,9,5,6,800049,Adam Mazur,669022,MacKenzie Gore
2024-06-25,747188,Chase Field,Arizona Diamondbacks,Minnesota Twins,4,1,2,0,5,4,8,6,5,3,694297,Brandon Pfaadt,657746,Joe Ryan
2024-06-25,745322,Oracle Park,San Francisco Giants,Chicago Cubs,2,1,0,0,5,1,8,4,4,3,678495,Randy Rodríguez,543294,Kyle Hendricks
2024-06-26,745073,Tropicana Field,Tampa Bay Rays,Seattle Mariners,1,0,0,0,2,5,5,5,4,1,686752,Ryan Pepiot,669923,George Kirby
2024-06-26,746695,Great American Ball Park,Cincinnati Reds,Pittsburgh Pirates,1,4,0,0,1,6,4,10,4,7,668933,Graham Ashcraft,682847,Luis Ortiz
2024-06-26,746456,Comerica Park,Detroit Tigers,Philadelphia Phillies,1,5,1,1,2,6,4,12,1,8,663947,Tyler Holton,605513,Spencer Turnbull
2024-06-26,745157,Busch Stadium,St. Louis Cardinals,Atlanta Braves,2,4,0,0,2,6,4,9,4,4,502043,Kyle Gibson,625643,Reynaldo López
2024-06-26,745158,Busch Stadium,St. Louis Cardinals,Atlanta Braves,2,0,0,0,4,1,8,6,4,2,669461,Matthew Liberatore,693821,Bryce Elder
2024-06-26,746374,Minute Maid Park,Houston Astros,Colorado Rockies,2,0,0,0,7,1,10,4,5,2,681293,Spencer Arrighetti,663372,Ryan Feltner
2024-06-26,746291,Kauffman Stadium,Kansas City Royals,Miami Marlins,0,1,0,0,5,1,10,5,2,5,663903,Brady Singer,678368,Valente Bellozo
2024-06-26,745975,American Family Field,Milwaukee Brewers,Texas Rangers,5,5,0,0,6,5,11,10,7,8,572971,Dallas Keuchel,543135,Nathan Eovaldi
2024-06-26,746212,Angel Stadium,Los Angeles Angels,Oakland Athletics,0,1,0,0,5,2,7,7,2,4,672710,Roansy Contreras,683155,Joey Estes
2024-06-26,745400,Petco Park,San Diego Padres,Washington Nationals,4,0,0,0,8,5,9,5,6,1,656302,Dylan Cease,687792,DJ Herz
2024-06-26,747019,Oriole Park at Camden Yards,Baltimore Orioles,Cleveland Guardians,2,2,0,0,4,2,9,5,6,5,680570,Grayson Rodriguez,471911,Carlos Carrasco
2024-06-26,746942,Fenway Park,Boston Red Sox,Toronto Blue Jays,0,0,0,0,1,4,4,6,1,1,601713,Nick Pivetta,621114,Ryan Burr
2024-06-26,745808,Citi Field,New York Mets,New York Yankees,7,0,0,0,12,2,12,6,6,2,640455,Sean Manaea,661563,Luis Gil
2024-06-26,746777,Guaranteed Rate Field,Chicago White Sox,Los Angeles Dodgers,0,4,0,1,0,4,4,6,2,5,607200,Erick Fedde,694813,Gavin Stone
2024-06-26,747184,Chase Field,Arizona Diamondbacks,Minnesota Twins,1,8,0,0,3,8,4,14,3,12,669194,Ryne Nelson,680573,Simeon Woods Richardson
2024-06-26,745325,Oracle Park,San Francisco Giants,Chicago Cubs,4,3,0,0,4,3,6,9,3,6,806185,Hayden Birdsong,669713,Hayden Wesneski
2024-06-27,747185,Chase Field,Arizona Diamondbacks,Minnesota Twins,5,13,0,0,6,13,9,14,7,13,656756,Jordan Montgomery,701581,David Festa
2024-06-27,745324,Oracle Park,San Francisco Giants,Chicago Cubs,0,3,0,0,3,5,6,10,1,5,663855,Jordan Hicks,684007,Shota Imanaga
2024-06-27,746816,Guaranteed Rate Field,Chicago White Sox,Atlanta Braves,1,0,1,0,1,0,4,3,3,2,641771,Chad Kuhl,519242,Chris Sale
2024-06-27,745565,Citizens Bank Park,Philadelphia Phillies,Miami Marlins,3,0,1,0,4,7,8,13,6,4,554430,Zack Wheeler,669432,Trevor Rogers
2024-06-27,747020,Oriole Park at Camden Yards,Baltimore Orioles,Texas Rangers,8,1,3,0,11,2,14,12,9,7,669203,Corbin Burnes,592351,Jon Gray
2024-06-27,744919,Rogers Centre,Toronto Blue Jays,New York Yankees,8,2,5,0,9,2,11,3,10,2,621244,José Berríos,607074,Carlos Rodón
2024-06-27,745162,Busch Stadium,St. Louis Cardinals,Cincinnati Reds,2,10,0,1,4,11,7,16,2,12,571945,Miles Mikolas,671096,Andrew Abbott
2024-06-27,746288,Kauffman Stadium,Kansas City Royals,Cleveland Guardians,0,1,0,0,2,1,6,7,3,5,608379,Michael Wacha,594902,Ben Lively
2024-06-27,746210,Angel Stadium,Los Angeles Angels,Detroit Tigers,5,0,0,0,5,0,8,4,6,3,669721,Davis Daniel,656427,Jack Flaherty
2024-06-28,745560,Citizens Bank Park,Philadelphia Phillies,Miami Marlins,1,0,0,0,2,0,7,3,4,2,650911,Cristopher Sánchez,667725,Kyle Tyler
2024-06-28,745070,Tropicana Field,Tampa Bay Rays,Washington Nationals,2,0,0,0,3,1,9,5,6,3,621107,Zach Eflin,680730,Mitchell Parker
2024-06-28,747017,Oriole Park at Camden Yards,Baltimore Orioles,Texas Rangers,2,0,0,0,2,1,5,4,4,3,544150,Albert Suárez,453286,Max Scherzer
2024-06-28,744922,Rogers Centre,Toronto Blue Jays,New York Yankees,3,1,1,0,5,16,10,18,5,1,579328,Yusei Kikuchi,573186,Marcus Stroman
2024-06-28,745804,Citi Field,New York Mets,Houston Astros,2,2,1,1,7,2,9,12,3,6,500779,Jose Quintana,669854,Ronel Blanco
2024-06-28,746939,Fenway Park,Boston Red Sox,San Diego Padres,1,9,0,0,2,9,8,12,5,11,601713,Nick Pivetta,681190,Randy Vásquez
2024-06-28,746776,Guaranteed Rate Field,Chicago White Sox,Colorado Rockies,1,0,0,0,5,3,8,3,4,1,689672,Drew Thorpe,641712,Dakota Hudson
2024-06-28,747105,Truist Park,Atlanta Braves,Pittsburgh Pirates,6,0,0,0,6,1,10,6,8,1,450203,Charlie Morton,527048,Martín Pérez
2024-06-28,746292,Kauffman Stadium,Kansas City Royals,Cleveland Guardians,7,1,0,1,10,3,13,8,10,4,679525,Alec Marsh,663474,Triston McKenzie
2024-06-28,745970,American Family Field,Milwaukee Brewers,Chicago Cubs,4,2,0,0,4,2,5,5,4,3,607067,Colin Rea,592791,Jameson Taillon
2024-06-28,745161,Busch Stadium,St. Louis Cardinals,Cincinnati Reds,1,0,0,0,1,0,4,4,2,4,669467,Andre Pallante,593423,Frankie Montas
2024-06-28,746214,Angel Stadium,Los Angeles Angels,Detroit Tigers,2,2,2,0,5,2,10,2,5,2,668676,Zach Plesac,628317,Kenta Maeda
2024-06-28,747183,Chase Field,Arizona Diamondbacks,Oakland Athletics,2,3,2,0,4,9,7,14,4,6,677944,Slade Cecconi,676664,JP Sears
2024-06-28,745238,T-Mobile Park,Seattle Mariners,Minnesota Twins,1,0,0,0,3,2,5,6,2,3,669302,Logan Gilbert,641927,Bailey Ober
2024-06-28,745319,Oracle Park,San Francisco Giants,Los Angeles Dodgers,1,2,0,0,5,3,8,7,5,5,657277,Logan Webb,689017,Landon Knack
2024-06-29,746778,Guaranteed Rate Field,Chicago White Sox,Colorado Rockies,2,3,0,0,11,3,12,4,5,2,686563,Jonathan Cannon,615698,Cal Quantrill
2024-06-29,745159,Busch Stadium,St. Louis Cardinals,Cincinnati Reds,1,8,0,0,4,9,8,13,2,10,543243,Sonny Gray,686730,Carson Spiers
2024-06-29,744921,Rogers Centre,Toronto Blue Jays,New York Yankees,3,1,2,0,9,3,14,8,7,5,605135,Chris Bassitt,641482,Nestor Cortes
2024-06-29,745559,Citizens Bank Park,Philadelphia Phillies,Miami Marlins,2,1,0,0,2,3,5,8,5,4,605400,Aaron Nola,682610,Roddery Muñoz
2024-06-29,746289,Kauffman Stadium,Kansas City Royals,Cleveland Guardians,2,6,1,1,2,7,6,9,4,8,666142,Cole Ragans,676440,Tanner Bibee
2024-06-29,745801,Citi Field,New York Mets,Houston Astros,6,4,0,0,6,9,9,10,8,5,656731,Tylor Megill,664285,Framber Valdez
2024-06-29,747186,Chase Field,Arizona Diamondbacks,Oakland Athletics,3,0,0,0,3,0,12,2,11,1,668678,Zac Gallen,663687,Hogan Harris
2024-06-29,746940,Fenway Park,Boston Red Sox,San Diego Padres,0,10,0,0,1,11,6,16,3,11,656557,Tanner Houck,650633,Michael King
2024-06-29,745071,Tropicana Field,Tampa Bay Rays,Washington Nationals,1,2,1,1,1,8,2,13,1,5,650644,Aaron Civale,663623,Jake Irvin
2024-06-29,747104,Truist Park,Atlanta Braves,Pittsburgh Pirates,1,1,1,0,2,1,7,7,6,5,608331,Max Fried,694973,Paul Skenes
2024-06-29,745972,American Family Field,Milwaukee Brewers,Chicago Cubs,3,3,0,2,3,5,11,8,7,7,668964,Tobias Myers,657006,Justin Steele
2024-06-29,745317,Oracle Park,San Francisco Giants,Los Angeles Dodgers,6,6,1,0,7,14,13,16,10,7,669062,Erik Miller,607192,Tyler Glasnow
2024-06-29,747018,Oriole Park at Camden Yards,Baltimore Orioles,Texas Rangers,5,2,0,1,6,5,7,9,4,5,700249,Cade Povich,547179,Michael Lorenzen
2024-06-29,746211,Angel Stadium,Los Angeles Angels,Detroit Tigers,2,3,0,1,6,5,9,7,5,5,656288,Griffin Canning,681857,Reese Olson
2024-06-29,745239,T-Mobile Park,Seattle Mariners,Minnesota Twins,1,2,0,0,1,5,6,10,4,5,682243,Bryce Miller,641154,Pablo López
2024-06-30,747101,Truist Park,Atlanta Braves,Pittsburgh Pirates,1,4,0,0,2,4,6,6,2,5,680885,Spencer Schwellenbach,663559,Bailey Falter
2024-06-30,746938,Fenway Park,Boston Red Sox,San Diego Padres,4,0,2,0,4,1,8,8,7,4,670174,Josh Winckowski,663362,Matt Waldron
2024-06-30,745555,Citizens Bank Park,Philadelphia Phillies,Miami Marlins,3,6,2,1,7,6,14,12,9,11,624133,Ranger Suarez,630023,Yonny Chirinos
2024-06-30,744916,Rogers Centre,Toronto Blue Jays,New York Yankees,1,7,0,2,1,8,4,12,3,8,592332,Kevin Gausman,543037,Gerrit Cole
2024-06-30,745802,Citi Field,New York Mets,Houston Astros,0,4,0,0,5,10,5,15,0,6,622663,Luis Severino,681869,Shawn Dubin
2024-06-30,745072,Tropicana Field,Tampa Bay Rays,Washington Nationals,4,0,0,0,5,0,9,3,7,2,671737,Taj Bradley,571578,Patrick Corbin
2024-06-30,746290,Kauffman Stadium,Kansas City Royals,Cleveland Guardians,4,0,1,0,6,2,11,8,8,3,607625,Seth Lugo,671106,Logan Allen
2024-06-30,746779,Guaranteed Rate Field,Chicago White Sox,Colorado Rockies,1,2,0,0,4,5,10,6,3,5,676979,Garrett Crochet,607536,Kyle Freeland
2024-06-30,745971,American Family Field,Milwaukee Brewers,Chicago Cubs,7,1,0,1,7,1,10,2,8,2,642547,Freddy Peralta,543294,Kyle Hendricks
2024-06-30,745154,Busch Stadium,St. Louis Cardinals,Cincinnati Reds,1,0,0,0,2,0,7,2,4,2,458681,Lance Lynn,668881,Hunter Greene
2024-06-30,745320,Oracle Park,San Francisco Giants,Los Angeles Dodgers,9,1,1,0,10,4,16,8,12,4,702352,Spencer Bivens,572020,James Paxton
2024-06-30,746209,Angel Stadium,Los Angeles Angels,Detroit Tigers,0,7,0,1,6,7,9,8,3,8,542881,Tyler Anderson,663554,Casey Mize
2024-06-30,747182,Chase Field,Arizona Diamondbacks,Oakland Athletics,1,1,0,0,5,1,8,5,3,3,694297,Brandon Pfaadt,665622,Luis Medina
2024-06-30,745243,T-Mobile Park,Seattle Mariners,Minnesota Twins,2,3,0,1,3,5,9,8,6,6,622491,Luis Castillo,657746,Joe Ryan
2024-06-30,747016,Oriole Park at Camden Yards,Baltimore Orioles,Texas Rangers,2,8,0,0,2,11,7,13,4,10,608344,Cole Irvin,571760,Andrew Heaney
2024-07-01,744914,Rogers Centre,Toronto Blue Jays,Houston Astros,0,1,0,0,1,3,4,4,2,1,684320,Yariel Rodríguez,686613,Hunter Brown
2024-07-01,744840,Nationals Park,Washington Nationals,New York Mets,2,0,0,0,7,9,11,12,6,4,669022,MacKenzie Gore,656849,David Peterson
2024-07-01,746535,Coors Field,Colorado Rockies,Milwaukee Brewers,5,4,0,0,8,7,13,14,7,8,596295,Austin Gomber,642239,Rob Zastryzny
2024-07-02,745482,PNC Park,Pittsburgh Pirates,St. Louis Cardinals,4,6,0,0,4,7,7,13,5,9,656605,Mitch Keller,502043,Kyle Gibson
2024-07-02,746623,Progressive Field,Cleveland Guardians,Chicago White Sox,3,1,0,1,7,6,7,9,4,2,471911,Carlos Carrasco,623167,Chris Flexen
2024-07-02,746047,loanDepot park,Miami Marlins,Boston Red Sox,1,5,0,2,3,8,7,13,3,7,678368,Valente Bellozo,676710,Kutter Crawford
2024-07-02,744838,Nationals Park,Washington Nationals,New York Mets,2,0,0,0,2,7,6,11,4,3,687792,DJ Herz,640455,Sean Manaea
2024-07-02,745730,Yankee Stadium,New York Yankees,Cincinnati Reds,0,5,0,0,4,5,6,5,2,4,661563,Luis Gil,668933,Graham Ashcraft
2024-07-02,744913,Rogers Centre,Toronto Blue Jays,Houston Astros,7,5,1,0,7,6,6,8,6,5,621244,José Berríos,681293,Spencer Arrighetti
2024-07-02,747102,Truist Park,Atlanta Braves,San Francisco Giants,2,2,0,0,3,5,6,9,4,4,625643,Reynaldo López,806185,Hayden Birdsong
2024-07-02,745886,Target Field,Minnesota Twins,Detroit Tigers,3,3,0,0,5,3,7,5,4,4,680573,Simeon Woods Richardson,669373,Tarik Skubal
2024-07-02,744999,Globe Life Field,Texas Rangers,San Diego Padres,6,0,2,0,7,0,10,2,9,1,543135,Nathan Eovaldi,656302,Dylan Cease
2024-07-02,746860,Wrigley Field,Chicago Cubs,Philadelphia Phillies,1,5,0,0,4,6,5,9,2,5,669713,Hayden Wesneski,675650,Michael Mercado
2024-07-02,746282,Kauffman Stadium,Kansas City Royals,Tampa Bay Rays,0,1,0,0,1,5,6,9,4,3,663903,Brady Singer,641793,Zack Littell
2024-07-02,746537,Coors Field,Colorado Rockies,Milwaukee Brewers,2,1,0,0,3,4,7,12,4,6,663372,Ryan Feltner,572971,Dallas Keuchel
2024-07-02,745647,Oakland Coliseum,Oakland Athletics,Los Angeles Angels,4,1,0,0,7,5,7,11,4,5,687765,Mitch Spence,667755,José Soriano
2024-07-02,745240,T-Mobile Park,Seattle Mariners,Baltimore Orioles,0,1,0,0,0,2,2,9,1,3,669923,George Kirby,680570,Grayson Rodriguez
2024-07-02,746133,Dodger Stadium,Los Angeles Dodgers,Arizona Diamondbacks,2,2,1,0,6,5,12,10,6,4,676272,Bobby Miller,573009,Joe Mantiply
2024-07-03,745487,PNC Park,Pittsburgh Pirates,St. Louis Cardinals,2,1,0,0,5,4,11,8,4,4,683003,Jared Jones,571945,Miles Mikolas
2024-07-03,746617,Progressive Field,Cleveland Guardians,Chicago White Sox,1,5,0,1,2,8,5,12,3,8,668909,Gavin Williams,607200,Erick Fedde
2024-07-03,746045,loanDepot park,Miami Marlins,Boston Red Sox,1,2,1,0,2,7,9,12,5,7,669432,Trevor Rogers,678394,Brayan Bello
2024-07-03,744837,Nationals Park,Washington Nationals,New York Mets,1,5,0,0,7,5,9,5,3,5,680730,Mitchell Parker,681035,Christian Scott
2024-07-03,745728,Yankee Stadium,New York Yankees,Cincinnati Reds,0,3,0,0,2,3,5,3,2,3,607074,Carlos Rodón,671096,Andrew Abbott
2024-07-03,744915,Rogers Centre,Toronto Blue Jays,Houston Astros,1,1,1,0,2,9,5,11,3,3,579328,Yusei Kikuchi,669854,Ronel Blanco
2024-07-03,747100,Truist Park,Atlanta Braves,San Francisco Giants,3,0,0,0,3,1,10,4,8,1,519242,Chris Sale,663855,Jordan Hicks
2024-07-03,744998,Globe Life Field,Texas Rangers,San Diego Padres,4,3,0,0,4,6,9,13,8,8,592351,Jon Gray,800049,Adam Mazur
2024-07-03,746858,Wrigley Field,Chicago Cubs,Philadelphia Phillies,2,1,0,0,3,5,9,9,5,4,684007,Shota Imanaga,554430,Zack Wheeler
2024-07-03,746283,Kauffman Stadium,Kansas City Royals,Tampa Bay Rays,2,1,0,1,4,2,7,5,6,2,608379,Michael Wacha,686752,Ryan Pepiot
2024-07-03,745888,Target Field,Minnesota Twins,Detroit Tigers,1,7,0,0,2,9,8,11,4,9,701581,David Festa,672456,Keider Montero
2024-07-03,746534,Coors Field,Colorado Rockies,Milwaukee Brewers,0,3,0,1,0,3,8,9,5,7,641712,Dakota Hudson,607067,Colin Rea
2024-07-03,745643,Oakland Coliseum,Oakland Athletics,Los Angeles Angels,3,0,0,0,5,0,10,5,5,3,683155,Joey Estes,669721,Davis Daniel
2024-07-03,746128,Dodger Stadium,Los Angeles Dodgers,Arizona Diamondbacks,4,6,4,1,4,12,6,16,4,9,694813,Gavin Stone,691441,Cristian Mena
2024-07-03,745234,T-Mobile Park,Seattle Mariners,Baltimore Orioles,0,4,0,0,1,4,5,6,2,5,669302,Logan Gilbert,665152,Dean Kremer
2024-07-04,744834,Nationals Park,Washington Nationals,New York Mets,0,0,0,0,1,0,5,1,3,1,663623,Jake Irvin,500779,Jose Quintana
2024-07-04,745484,PNC Park,Pittsburgh Pirates,St. Louis Cardinals,1,1,0,0,2,3,7,11,4,5,527048,Martín Pérez,669467,Andre Pallante
2024-07-04,745726,Yankee Stadium,New York Yankees,Cincinnati Reds,2,5,0,0,4,8,7,9,3,5,573186,Marcus Stroman,593423,Frankie Montas
2024-07-04,744912,Rogers Centre,Toronto Blue Jays,Houston Astros,3,4,3,3,3,5,10,9,7,8,605135,Chris Bassitt,664285,Framber Valdez
2024-07-04,745890,Target Field,Minnesota Twins,Detroit Tigers,9,3,0,1,12,3,14,7,10,7,641927,Bailey Ober,628317,Kenta Maeda
2024-07-04,746619,Progressive Field,Cleveland Guardians,Chicago White Sox,7,1,1,0,8,4,12,8,9,4,594902,Ben Lively,694363,Jared Shuster
2024-07-04,746043,loanDepot park,Miami Marlins,Boston Red Sox,0,1,0,1,5,6,8,8,0,2,667725,Kyle Tyler,601713,Nick Pivetta
2024-07-04,746857,Wrigley Field,Chicago Cubs,Philadelphia Phillies,8,2,0,1,10,2,12,6,8,3,592791,Jameson Taillon,650911,Cristopher Sánchez
2024-07-04,744996,Globe Life Field,Texas Rangers,San Diego Padres,0,1,0,0,1,3,6,9,3,4,453286,Max Scherzer,650633,Michael King
2024-07-04,745641,Oakland Coliseum,Oakland Athletics,Los Angeles Angels,3,0,0,0,5,0,4,4,3,2,676664,JP Sears,672710,Roansy Contreras
2024-07-04,745236,T-Mobile Park,Seattle Mariners,Baltimore Orioles,2,2,0,0,7,3,7,10,4,7,682243,Bryce Miller,669203,Corbin Burnes
2024-07-04,747103,Truist Park,Atlanta Braves,San Francisco Giants,2,3,2,0,2,4,8,6,5,3,450203,Charlie Morton,657277,Logan Webb
2024-07-04,746285,Kauffman Stadium,Kansas City Royals,Tampa Bay Rays,4,8,0,2,8,10,10,16,6,7,679525,Alec Marsh,621107,Zach Eflin
2024-07-04,746532,Coors Field,Colorado Rockies,Milwaukee Brewers,3,2,1,0,4,3,8,8,6,5,615698,Cal Quantrill,668964,Tobias Myers
2024-07-04,746126,Dodger Stadium,Los Angeles Dodgers,Arizona Diamondbacks,3,5,0,2,3,9,6,12,6,6,689017,Landon Knack,668678,Zac Gallen
2024-07-05,746859,Wrigley Field,Chicago Cubs,Los Angeles Angels,4,1,2,0,5,1,9,2,7,2,657006,Justin Steele,656288,Griffin Canning
2024-07-05,745479,PNC Park,Pittsburgh Pirates,New York Mets,4,2,0,0,14,2,16,5,7,3,694973,Paul Skenes,622663,Luis Severino
2024-07-05,744836,Nationals Park,Washington Nationals,St. Louis Cardinals,5,3,2,0,6,7,14,14,8,6,571578,Patrick Corbin,543243,Sonny Gray
2024-07-05,745725,Yankee Stadium,New York Yankees,Boston Red Sox,3,1,0,0,3,5,6,8,3,3,641482,Nestor Cortes,656557,Tanner Houck
2024-07-05,746693,Great American Ball Park,Cincinnati Reds,Detroit Tigers,1,4,0,0,4,5,7,11,1,8,686730,Carson Spiers,681857,Reese Olson
2024-07-05,746620,Progressive Field,Cleveland Guardians,San Francisco Giants,1,4,0,3,2,4,11,6,6,6,676440,Tanner Bibee,669062,Erik Miller
2024-07-05,746046,loanDepot park,Miami Marlins,Chicago White Sox,0,3,0,0,2,3,7,10,1,9,663773,Bryan Hoeing,689672,Drew Thorpe
2024-07-05,747097,Truist Park,Atlanta Braves,Philadelphia Phillies,2,3,0,0,6,8,8,15,3,10,608331,Max Fried,605400,Aaron Nola
2024-07-05,744992,Globe Life Field,Texas Rangers,Tampa Bay Rays,3,0,0,0,3,0,10,3,7,1,547179,Michael Lorenzen,669358,Shane Baz
2024-07-05,746533,Coors Field,Colorado Rockies,Kansas City Royals,1,2,0,1,4,2,8,10,2,6,607536,Kyle Freeland,666142,Cole Ragans
2024-07-05,745884,Target Field,Minnesota Twins,Houston Astros,4,3,0,0,12,13,17,16,8,5,641154,Pablo López,681869,Shawn Dubin
2024-07-05,745639,Oakland Coliseum,Oakland Athletics,Baltimore Orioles,1,3,1,1,2,3,5,8,2,5,663687,Hogan Harris,544150,Albert Suárez
2024-07-05,745398,Petco Park,San Diego Padres,Arizona Diamondbacks,5,2,0,2,10,8,14,12,8,5,681190,Randy Vásquez,677944,Slade Cecconi
2024-07-05,745237,T-Mobile Park,Seattle Mariners,Toronto Blue Jays,2,0,0,0,2,1,8,2,5,0,622491,Luis Castillo,592332,Kevin Gausman
2024-07-05,746127,Dodger Stadium,Los Angeles Dodgers,Milwaukee Brewers,4,5,1,0,8,5,10,4,5,3,607192,Tyler Glasnow,650644,Aaron Civale
2024-07-06,745724,Yankee Stadium,New York Yankees,Boston Red Sox,10,4,1,0,14,4,14,8,10,7,543037,Gerrit Cole,670174,Josh Winckowski
2024-07-06,745885,Target Field,Minnesota Twins,Houston Astros,7,3,2,0,9,3,14,7,12,4,657746,Joe Ryan,686613,Hunter Brown
2024-07-06,746856,Wrigley Field,Chicago Cubs,Los Angeles Angels,0,7,0,1,0,7,4,12,2,9,543294,Kyle Hendricks,542881,Tyler Anderson
2024-07-06,745476,PNC Park,Pittsburgh Pirates,New York Mets,2,3,0,0,2,5,6,11,5,7,663559,Bailey Falter,656849,David Peterson
2024-07-06,744835,Nationals Park,Washington Nationals,St. Louis Cardinals,13,5,4,0,14,6,15,11,12,7,669022,MacKenzie Gore,458681,Lance Lynn
2024-07-06,744995,Globe Life Field,Texas Rangers,Tampa Bay Rays,2,0,0,0,4,3,8,7,5,3,571760,Andrew Heaney,671737,Taj Bradley
2024-07-06,745642,Oakland Coliseum,Oakland Athletics,Baltimore Orioles,14,1,3,0,19,8,18,16,14,6,665622,Luis Medina,700249,Cade Povich
2024-07-06,746694,Great American Ball Park,Cincinnati Reds,Detroit Tigers,2,0,0,0,3,5,6,7,2,2,668881,Hunter Greene,656412,Alex Faedo
2024-07-06,746615,Progressive Field,Cleveland Guardians,San Francisco Giants,4,3,3,0,5,4,6,6,4,4,671106,Logan Allen,690986,Kyle Harrison
2024-07-06,745235,T-Mobile Park,Seattle Mariners,Toronto Blue Jays,0,2,0,0,4,5,6,11,1,7,676106,Emerson Hancock,684320,Yariel Rodríguez
2024-07-06,746044,loanDepot park,Miami Marlins,Chicago White Sox,2,3,0,1,4,3,9,6,7,6,630023,Yonny Chirinos,676979,Garrett Crochet
2024-07-06,747099,Truist Park,Atlanta Braves,Philadelphia Phillies,5,1,3,0,5,1,6,7,6,6,680885,Spencer Schwellenbach,624133,Ranger Suarez
2024-07-06,746129,Dodger Stadium,Los Angeles Dodgers,Milwaukee Brewers,3,2,3,1,5,3,9,5,5,4,572020,James Paxton,642547,Freddy Peralta
2024-07-06,746529,Coors Field,Colorado Rockies,Kansas City Royals,3,0,0,0,3,1,8,8,5,3,596295,Austin Gomber,607625,Seth Lugo
2024-07-06,745395,Petco Park,San Diego Padres,Arizona Diamondbacks,1,2,1,0,5,7,14,9,7,4,663362,Matt Waldron,694297,Brandon Pfaadt
2024-07-07,745477,PNC Park,Pittsburgh Pirates,New York Mets,0,0,0,0,2,3,6,9,2,3,682847,Luis Ortiz,640455,Sean Manaea
2024-07-07,744832,Nationals Park,Washington Nationals,St. Louis Cardinals,2,6,0,0,3,8,11,13,7,8,687792,DJ Herz,502043,Kyle Gibson
2024-07-07,747098,Truist Park,Atlanta Braves,Philadelphia Phillies,5,0,0,0,6,0,9,5,6,1,625643,Reynaldo López,675650,Michael Mercado
2024-07-07,746691,Great American Ball Park,Cincinnati Reds,Detroit Tigers,0,1,0,0,1,5,4,12,1,6,668933,Graham Ashcraft,669373,Tarik Skubal
2024-07-07,746616,Progressive Field,Cleveland Guardians,San Francisco Giants,2,3,0,0,5,4,10,7,5,6,471911,Carlos Carrasco,806185,Hayden Birdsong
2024-07-07,746039,loanDepot park,Miami Marlins,Chicago White Sox,1,2,0,0,7,4,7,9,3,6,665795,Edward Cabrera,686563,Jonathan Cannon
2024-07-07,745883,Target Field,Minnesota Twins,Houston Astros,2,2,0,0,3,2,11,5,7,3,680573,Simeon Woods Richardson,681293,Spencer Arrighetti
2024-07-07,746855,Wrigley Field,Chicago Cubs,Los Angeles Angels,3,0,0,0,5,0,7,3,6,1,669713,Hayden Wesneski,667755,José Soriano
2024-07-07,744993,Globe Life Field,Texas Rangers,Tampa Bay Rays,10,2,1,0,13,2,19,5,14,3,543135,Nathan Eovaldi,641793,Zack Littell
2024-07-07,746530,Coors Field,Colorado Rockies,Kansas City Royals,0,4,0,0,1,10,6,12,3,5,685299,Tanner Gordon,663903,Brady Singer
2024-07-07,745637,Oakland Coliseum,Oakland Athletics,Baltimore Orioles,0,5,0,4,3,6,7,8,3,7,687765,Mitch Spence,680570,Grayson Rodriguez
2024-07-07,745391,Petco Park,San Diego Padres,Arizona Diamondbacks,1,1,1,1,1,9,4,12,3,4,656302,Dylan Cease,669194,Ryne Nelson
2024-07-07,745233,T-Mobile Park,Seattle Mariners,Toronto Blue Jays,4,1,0,0,4,5,10,10,6,5,669923,George Kirby,621244,José Berríos
2024-07-07,746122,Dodger Stadium,Los Angeles Dodgers,Milwaukee Brewers,0,4,0,0,2,9,7,12,4,5,680736,Justin Wrobleski,572971,Dallas Keuchel
2024-07-07,745723,Yankee Stadium,New York Yankees,Boston Red Sox,0,0,0,0,0,3,4,6,1,2,661563,Luis Gil,676710,Kutter Crawford
2024-07-08,745480,PNC Park,Pittsburgh Pirates,New York Mets,2,0,0,0,8,2,8,8,1,2,656605,Mitch Keller,681035,Christian Scott
2024-07-08,744833,Nationals Park,Washington Nationals,St. Louis Cardinals,0,2,0,0,0,6,8,11,5,4,680730,Mitchell Parker,571945,Miles Mikolas
2024-07-08,746455,Comerica Park,Detroit Tigers,Cleveland Guardians,0,0,0,0,1,0,7,3,4,2,672456,Keider Montero,668909,Gavin Williams
2024-07-08,746692,Great American Ball Park,Cincinnati Reds,Colorado Rockies,2,0,0,0,6,0,8,4,3,2,671096,Andrew Abbott,663372,Ryan Feltner
2024-07-08,746771,Guaranteed Rate Field,Chicago White Sox,Minnesota Twins,2,2,0,1,6,8,7,15,3,6,623167,Chris Flexen,663978,Chris Paddack
2024-07-08,746208,Angel Stadium,Los Angeles Angels,Texas Rangers,3,7,0,2,4,9,8,12,5,9,669721,Davis Daniel,592351,Jon Gray
2024-07-08,747181,Chase Field,Arizona Diamondbacks,Atlanta Braves,0,1,0,1,4,5,4,8,2,3,700270,Yilber Díaz,693821,Bryce Elder
2024-07-09,747014,Oriole Park at Camden Yards,Baltimore Orioles,Chicago Cubs,2,7,0,1,2,9,5,14,4,7,665152,Dean Kremer,592791,Jameson Taillon
2024-07-09,746451,Comerica Park,Detroit Tigers,Cleveland Guardians,3,6,0,3,8,9,11,14,4,8,628317,Kenta Maeda,594902,Ben Lively
2024-07-09,745557,Citizens Bank Park,Philadelphia Phillies,Los Angeles Dodgers,9,1,0,0,10,1,12,7,10,3,554430,Zack Wheeler,676272,Bobby Miller
2024-07-09,745074,Tropicana Field,Tampa Bay Rays,New York Yankees,4,1,4,1,5,3,7,7,5,4,686752,Ryan Pepiot,607074,Carlos Rodón
2024-07-09,746690,Great American Ball Park,Cincinnati Reds,Colorado Rockies,7,4,0,0,12,6,13,10,7,6,666157,Nick Lodolo,615698,Cal Quantrill
2024-07-09,745803,Citi Field,New York Mets,Washington Nationals,4,0,0,0,7,5,11,6,7,1,500779,Jose Quintana,663623,Jake Irvin
2024-07-09,746937,Fenway Park,Boston Red Sox,Oakland Athletics,11,2,3,2,12,9,13,13,12,6,678394,Brayan Bello,683155,Joey Estes
2024-07-09,746368,Minute Maid Park,Houston Astros,Miami Marlins,2,1,0,1,4,3,7,6,5,2,669854,Ronel Blanco,669432,Trevor Rogers
2024-07-09,745968,American Family Field,Milwaukee Brewers,Pittsburgh Pirates,2,2,0,0,2,12,7,11,4,1,607067,Colin Rea,676596,Josh Fleming
2024-07-09,746206,Angel Stadium,Los Angeles Angels,Texas Rangers,4,4,0,1,4,5,9,8,6,6,672710,Roansy Contreras,453286,Max Scherzer
2024-07-09,745393,Petco Park,San Diego Padres,Seattle Mariners,0,5,0,1,3,8,4,13,1,7,800049,Adam Mazur,669302,Logan Gilbert
2024-07-09,747180,Chase Field,Arizona Diamondbacks,Atlanta Braves,0,2,0,0,2,6,6,11,3,4,668678,Zac Gallen,519242,Chris Sale
2024-07-09,745316,Oracle Park,San Francisco Giants,Toronto Blue Jays,1,0,0,0,4,3,9,3,4,1,605483,Blake Snell,579328,Yusei Kikuchi
2024-07-10,745155,Busch Stadium,St. Louis Cardinals,Kansas City Royals,3,3,0,0,4,6,6,9,3,5,669467,Andre Pallante,679525,Alec Marsh
2024-07-10,745156,Busch Stadium,St. Louis Cardinals,Kansas City Royals,4,5,0,0,5,8,10,12,7,7,700669,Gordon Graceffo,608379,Michael Wacha
2024-07-10,746772,Guaranteed Rate Field,Chicago White Sox,Minnesota Twins,1,0,0,0,3,1,4,6,2,4,607200,Erick Fedde,641927,Bailey Ober
2024-07-10,746773,Guaranteed Rate Field,Chicago White Sox,Minnesota Twins,2,0,0,0,2,3,4,5,4,1,689672,Drew Thorpe,641154,Pablo López
2024-07-10,747015,Oriole Park at Camden Yards,Baltimore Orioles,Chicago Cubs,0,3,0,0,0,4,9,11,4,8,669203,Corbin Burnes,684007,Shota Imanaga
2024-07-10,746453,Comerica Park,Detroit Tigers,Cleveland Guardians,4,3,2,0,5,4,7,7,5,5,681857,Reese Olson,676440,Tanner Bibee
2024-07-10,745394,Petco Park,San Diego Padres,Seattle Mariners,0,2,0,0,0,2,6,4,4,3,650633,Michael King,682243,Bryce Miller
2024-07-10,745069,Tropicana Field,Tampa Bay Rays,New York Yankees,1,2,0,0,1,2,10,6,7,3,621107,Zach Eflin,573186,Marcus Stroman
2024-07-10,745556,Citizens Bank Park,Philadelphia Phillies,Los Angeles Dodgers,4,2,1,0,4,3,10,9,10,5,650911,Cristopher Sánchez,694813,Gavin Stone
2024-07-10,746689,Great American Ball Park,Cincinnati Reds,Colorado Rockies,1,4,0,0,5,6,12,12,4,6,593423,Frankie Montas,607536,Kyle Freeland
2024-07-10,745796,Citi Field,New York Mets,Washington Nationals,1,2,1,0,6,2,12,5,5,4,622663,Luis Severino,571578,Patrick Corbin
2024-07-10,746934,Fenway Park,Boston Red Sox,Oakland Athletics,0,3,0,0,2,5,8,8,2,4,601713,Nick Pivetta,676664,JP Sears
2024-07-10,746366,Minute Maid Park,Houston Astros,Miami Marlins,6,1,1,0,9,1,13,6,10,5,664285,Framber Valdez,663773,Bryan Hoeing
2024-07-10,745969,American Family Field,Milwaukee Brewers,Pittsburgh Pirates,5,0,2,0,9,0,14,4,9,1,668964,Tobias Myers,527048,Martín Pérez
2024-07-10,746205,Angel Stadium,Los Angeles Angels,Texas Rangers,5,2,0,0,7,2,8,8,5,7,656288,Griffin Canning,547179,Michael Lorenzen
2024-07-10,747179,Chase Field,Arizona Diamondbacks,Atlanta Braves,3,3,0,0,7,5,9,8,4,5,677944,Slade Cecconi,450203,Charlie Morton
2024-07-10,745318,Oracle Park,San Francisco Giants,Toronto Blue Jays,3,3,2,0,6,10,9,14,5,4,657277,Logan Webb,605135,Chris Bassitt
2024-07-11,746688,Great American Ball Park,Cincinnati Reds,Colorado Rockies,4,1,0,0,8,1,14,3,7,2,668881,Hunter Greene,596295,Austin Gomber
2024-07-11,746452,Comerica Park,Detroit Tigers,Cleveland Guardians,6,1,1,0,10,1,11,3,9,2,656427,Jack Flaherty,675921,Spencer Howard
2024-07-11,745799,Citi Field,New York Mets,Washington Nationals,5,0,0,0,7,0,9,6,5,4,656849,David Peterson,669022,MacKenzie Gore
2024-07-11,745967,American Family Field,Milwaukee Brewers,Pittsburgh Pirates,0,0,0,0,0,1,2,6,0,2,650644,Aaron Civale,694973,Paul Skenes
2024-07-11,745313,Oracle Park,San Francisco Giants,Toronto Blue Jays,2,5,2,3,3,5,7,10,5,8,663855,Jordan Hicks,592332,Kevin Gausman
2024-07-11,745558,Citizens Bank Park,Philadelphia Phillies,Los Angeles Dodgers,2,1,1,0,5,1,10,5,6,4,605400,Aaron Nola,607455,Anthony Banda
2024-07-11,747011,Oriole Park at Camden Yards,Baltimore Orioles,Chicago Cubs,0,4,0,0,0,8,5,13,2,6,544150,Albert Suárez,657006,Justin Steele
2024-07-11,745065,Tropicana Field,Tampa Bay Rays,New York Yankees,5,3,2,0,5,4,9,8,7,6,669358,Shane Baz,641482,Nestor Cortes
2024-07-11,746935,Fenway Park,Boston Red Sox,Oakland Athletics,5,0,3,0,7,0,10,4,6,1,656557,Tanner Houck,665622,Luis Medina
2024-07-11,746367,Minute Maid Park,Houston Astros,Miami Marlins,6,3,2,1,6,3,5,11,5,6,814005,Jake Bloss,682610,Roddery Muñoz
2024-07-11,746204,Angel Stadium,Los Angeles Angels,Seattle Mariners,0,7,0,4,0,11,5,15,4,8,686799,Jack Kochanowicz,622491,Luis Castillo
2024-07-11,747178,Chase Field,Arizona Diamondbacks,Atlanta Braves,1,0,0,0,1,0,6,5,5,2,694297,Brandon Pfaadt,608331,Max Fried
2024-07-12,746450,Comerica Park,Detroit Tigers,Los Angeles Dodgers,3,2,2,0,3,4,8,9,6,2,669373,Tarik Skubal,572020,James Paxton
2024-07-12,745552,Citizens Bank Park,Philadelphia Phillies,Oakland Athletics,2,4,0,0,2,6,6,8,4,6,624133,Ranger Suarez,663687,Hogan Harris
2024-07-12,745064,Tropicana Field,Tampa Bay Rays,Cleveland Guardians,2,0,0,0,2,0,9,5,6,3,671737,Taj Bradley,471911,Carlos Carrasco
2024-07-12,747012,Oriole Park at Camden Yards,Baltimore Orioles,New York Yankees,1,3,0,0,1,4,6,7,4,5,700249,Cade Povich,543037,Gerrit Cole
2024-07-12,746936,Fenway Park,Boston Red Sox,Kansas City Royals,1,5,0,1,1,6,5,10,4,9,681867,Cooper Criswell,666142,Cole Ragans
2024-07-12,745800,Citi Field,New York Mets,Colorado Rockies,7,2,0,0,7,6,10,8,10,3,640455,Sean Manaea,685299,Tanner Gordon
2024-07-12,746685,Great American Ball Park,Cincinnati Reds,Miami Marlins,7,3,2,0,7,4,11,11,7,6,686730,Carson Spiers,630023,Yonny Chirinos
2024-07-12,746371,Minute Maid Park,Houston Astros,Texas Rangers,3,0,0,0,6,3,9,7,5,2,686613,Hunter Brown,571760,Andrew Heaney
2024-07-12,746774,Guaranteed Rate Field,Chicago White Sox,Pittsburgh Pirates,1,2,0,0,1,4,8,8,7,3,676979,Garrett Crochet,594835,Marco Gonzales
2024-07-12,745965,American Family Field,Milwaukee Brewers,Washington Nationals,2,4,0,1,2,5,4,12,3,10,642547,Freddy Peralta,671131,Jackson Rutledge
2024-07-12,745153,Busch Stadium,St. Louis Cardinals,Chicago Cubs,0,2,0,0,1,5,6,13,4,6,543243,Sonny Gray,543294,Kyle Hendricks
2024-07-12,746207,Angel Stadium,Los Angeles Angels,Seattle Mariners,4,4,2,2,6,5,11,10,10,5,542881,Tyler Anderson,693433,Bryan Woo
2024-07-12,747175,Chase Field,Arizona Diamondbacks,Toronto Blue Jays,2,1,0,0,5,4,6,8,5,3,669194,Ryne Nelson,684320,Yariel Rodríguez
2024-07-12,745390,Petco Park,San Diego Padres,Atlanta Braves,1,4,0,0,1,6,5,9,3,5,663362,Matt Waldron,680885,Spencer Schwellenbach
2024-07-12,745312,Oracle Park,San Francisco Giants,Minnesota Twins,4,0,1,0,7,1,9,10,6,3,690986,Kyle Harrison,657746,Joe Ryan
2024-07-13,746447,Comerica Park,Detroit Tigers,Los Angeles Dodgers,4,5,0,1,11,9,16,12,5,7,672456,Keider Montero,680736,Justin Wrobleski
2024-07-13,746766,Guaranteed Rate Field,Chicago White Sox,Pittsburgh Pirates,0,1,0,1,2,6,5,9,2,4,623167,Chris Flexen,682847,Luis Ortiz
2024-07-13,745152,Busch Stadium,St. Louis Cardinals,Chicago Cubs,11,2,9,1,11,3,13,7,11,5,458681,Lance Lynn,669713,Hayden Wesneski
2024-07-13,745175,Busch Stadium,St. Louis Cardinals,Chicago Cubs,3,4,2,0,5,4,11,12,9,10,502043,Kyle Gibson,665871,Javier Assad
2024-07-13,745549,Citizens Bank Park,Philadelphia Phillies,Oakland Athletics,6,2,0,0,11,5,9,10,5,4,663969,Tyler Phillips,687765,Mitch Spence
2024-07-13,747013,Oriole Park at Camden Yards,Baltimore Orioles,New York Yankees,1,6,0,4,1,6,8,10,5,8,680570,Grayson Rodriguez,661563,Luis Gil
2024-07-13,746930,Fenway Park,Boston Red Sox,Kansas City Royals,5,0,0,0,5,0,12,5,10,1,676710,Kutter Crawford,607625,Seth Lugo
2024-07-13,745798,Citi Field,New York Mets,Colorado Rockies,4,3,0,0,7,3,6,8,3,7,681035,Christian Scott,663372,Ryan Feltner
2024-07-13,745067,Tropicana Field,Tampa Bay Rays,Cleveland Guardians,2,2,0,0,2,4,8,10,3,6,641793,Zack Littell,668909,Gavin Williams
2024-07-13,746369,Minute Maid Park,Houston Astros,Texas Rangers,1,1,1,1,1,2,9,4,5,1,681293,Spencer Arrighetti,543135,Nathan Eovaldi
2024-07-13,746687,Great American Ball Park,Cincinnati Reds,Miami Marlins,7,5,0,0,10,6,10,15,7,10,671096,Andrew Abbott,665795,Edward Cabrera
2024-07-13,745963,American Family Field,Milwaukee Brewers,Washington Nationals,5,3,5,0,5,6,6,12,6,9,572971,Dallas Keuchel,680730,Mitchell Parker
2024-07-13,745311,Oracle Park,San Francisco Giants,Minnesota Twins,2,2,0,0,2,4,8,10,7,2,806185,Hayden Birdsong,680573,Simeon Woods Richardson
2024-07-13,745392,Petco Park,San Diego Padres,Atlanta Braves,2,0,0,0,4,0,13,5,8,1,656302,Dylan Cease,625643,Reynaldo López
2024-07-13,746202,Angel Stadium,Los Angeles Angels,Seattle Mariners,2,1,0,1,2,1,5,6,3,5,667755,José Soriano,669923,George Kirby
2024-07-13,747177,Chase Field,Arizona Diamondbacks,Toronto Blue Jays,5,1,1,0,12,1,15,5,7,3,700270,Yilber Díaz,621244,José Berríos
2024-07-14,747009,Oriole Park at Camden Yards,Baltimore Orioles,New York Yankees,3,2,0,0,6,5,8,7,5,4,665152,Dean Kremer,607074,Carlos Rodón
2024-07-14,746932,Fenway Park,Boston Red Sox,Kansas City Royals,4,2,2,1,5,4,14,9,10,6,678394,Brayan Bello,663903,Brady Singer
2024-07-14,745551,Citizens Bank Park,Philadelphia Phillies,Oakland Athletics,1,4,1,0,3,18,4,15,2,4,689147,Orion Kerkering,683155,Joey Estes
2024-07-14,746449,Comerica Park,Detroit Tigers,Los Angeles Dodgers,1,3,0,3,4,3,9,7,5,6,689225,Beau Brieske,641703,Brent Honeywell
2024-07-14,745797,Citi Field,New York Mets,Colorado Rockies,3,3,0,2,5,8,11,10,5,4,500779,Jose Quintana,608566,Germán Márquez
2024-07-14,745066,Tropicana Field,Tampa Bay Rays,Cleveland Guardians,1,0,0,0,2,0,5,4,2,2,686752,Ryan Pepiot,594902,Ben Lively
2024-07-14,746686,Great American Ball Park,Cincinnati Reds,Miami Marlins,0,2,0,0,2,3,4,9,0,3,666157,Nick Lodolo,669432,Trevor Rogers
2024-07-14,746370,Minute Maid Park,Houston Astros,Texas Rangers,1,2,0,2,2,4,6,3,4,2,669854,Ronel Blanco,453286,Max Scherzer
2024-07-14,746769,Guaranteed Rate Field,Chicago White Sox,Pittsburgh Pirates,3,4,1,0,4,9,10,12,7,5,694363,Jared Shuster,656605,Mitch Keller
2024-07-14,745962,American Family Field,Milwaukee Brewers,Washington Nationals,7,2,1,0,9,3,12,7,9,4,642239,Rob Zastryzny,663623,Jake Irvin
2024-07-14,745151,Busch Stadium,St. Louis Cardinals,Chicago Cubs,2,4,0,0,3,8,8,11,5,6,571945,Miles Mikolas,592791,Jameson Taillon
2024-07-14,745314,Oracle Park,San Francisco Giants,Minnesota Twins,2,0,0,0,3,2,8,3,5,0,605483,Blake Snell,663978,Chris Paddack
2024-07-14,746201,Angel Stadium,Los Angeles Angels,Seattle Mariners,0,0,0,0,3,2,3,4,2,0,608334,Carson Fulmer,669302,Logan Gilbert
2024-07-14,747176,Chase Field,Arizona Diamondbacks,Toronto Blue Jays,7,7,0,0,7,8,9,14,7,10,668678,Zac Gallen,579328,Yusei Kikuchi
2024-07-14,745385,Petco Park,San Diego Padres,Atlanta Braves,1,2,1,0,3,6,8,9,4,4,681190,Randy Vásquez,519242,Chris Sale
2024-07-19,746854,Wrigley Field,Chicago Cubs,Arizona Diamondbacks,0,5,0,0,2,5,8,12,2,9,657006,Justin Steele,669194,Ryne Nelson
2024-07-19,745481,PNC Park,Pittsburgh Pirates,Philadelphia Phillies,4,7,3,3,8,7,13,13,6,9,527048,Martín Pérez,605400,Aaron Nola
2024-07-19,744829,Nationals Park,Washington Nationals,Cincinnati Reds,7,1,0,0,8,5,7,7,6,2,571578,Patrick Corbin,593423,Frankie Montas
2024-07-19,745721,Yankee Stadium,New York Yankees,Tampa Bay Rays,5,0,0,0,6,1,9,7,7,4,543037,Gerrit Cole,621107,Zach Eflin
2024-07-19,744911,Rogers Centre,Toronto Blue Jays,Detroit Tigers,0,3,0,0,4,5,7,7,2,5,605135,Chris Bassitt,656427,Jack Flaherty
2024-07-19,746618,Progressive Field,Cleveland Guardians,San Diego Padres,1,0,0,0,7,0,11,4,4,2,676440,Tanner Bibee,663362,Matt Waldron
2024-07-19,746040,loanDepot park,Miami Marlins,New York Mets,5,2,0,0,6,4,10,8,8,5,665795,Edward Cabrera,640455,Sean Manaea
2024-07-19,744990,Globe Life Field,Texas Rangers,Baltimore Orioles,1,6,0,4,1,9,2,11,2,8,543135,Nathan Eovaldi,669203,Corbin Burnes
2024-07-19,746284,Kauffman Stadium,Kansas City Royals,Chicago White Sox,7,0,1,0,7,1,7,7,5,3,608379,Michael Wacha,623167,Chris Flexen
2024-07-19,746531,Coors Field,Colorado Rockies,San Francisco Giants,0,3,0,0,7,3,8,7,1,4,615698,Cal Quantrill,690986,Kyle Harrison
2024-07-19,745640,Oakland Coliseum,Oakland Athletics,Los Angeles Angels,6,2,0,0,13,3,14,9,7,6,676664,JP Sears,656288,Griffin Canning
2024-07-19,746123,Dodger Stadium,Los Angeles Dodgers,Boston Red Sox,0,1,0,0,4,1,4,9,2,5,694813,Gavin Stone,601713,Nick Pivetta
2024-07-19,745228,T-Mobile Park,Seattle Mariners,Houston Astros,0,3,0,0,0,3,4,6,4,6,622491,Luis Castillo,686613,Hunter Brown
2024-07-20,745720,Yankee Stadium,New York Yankees,Tampa Bay Rays,0,6,0,0,1,9,5,11,1,8,641482,Nestor Cortes,671737,Taj Bradley
2024-07-20,747093,Truist Park,Atlanta Braves,St. Louis Cardinals,0,0,0,0,3,2,6,9,2,4,450203,Charlie Morton,502043,Kyle Gibson
2024-07-20,747096,Truist Park,Atlanta Braves,St. Louis Cardinals,2,6,1,1,5,9,9,14,5,8,693821,Bryce Elder,543243,Sonny Gray
2024-07-20,744910,Rogers Centre,Toronto Blue Jays,Detroit Tigers,0,1,0,0,3,7,6,9,2,4,579328,Yusei Kikuchi,681857,Reese Olson
2024-07-20,745638,Oakland Coliseum,Oakland Athletics,Los Angeles Angels,7,1,3,0,8,2,11,6,8,3,687765,Mitch Spence,686799,Jack Kochanowicz
2024-07-20,746041,loanDepot park,Miami Marlins,New York Mets,0,1,0,0,0,1,4,6,2,3,682610,Roddery Muñoz,622663,Luis Severino
2024-07-20,745478,PNC Park,Pittsburgh Pirates,Philadelphia Phillies,0,0,0,0,4,1,10,4,4,2,682847,Luis Ortiz,650911,Cristopher Sánchez
2024-07-20,744830,Nationals Park,Washington Nationals,Cincinnati Reds,3,4,2,2,5,4,9,7,5,4,669022,MacKenzie Gore,666157,Nick Lodolo
2024-07-20,744994,Globe Life Field,Texas Rangers,Baltimore Orioles,2,5,0,0,4,8,6,12,3,6,453286,Max Scherzer,680570,Grayson Rodriguez
2024-07-20,746613,Progressive Field,Cleveland Guardians,San Diego Padres,0,3,0,0,0,7,1,11,1,7,668909,Gavin Williams,656302,Dylan Cease
2024-07-20,746286,Kauffman Stadium,Kansas City Royals,Chicago White Sox,4,0,3,0,6,1,9,7,7,3,663903,Brady Singer,686563,Jonathan Cannon
2024-07-20,745880,Target Field,Minnesota Twins,Milwaukee Brewers,0,1,0,0,4,8,7,11,2,3,641154,Pablo López,642547,Freddy Peralta
2024-07-20,746852,Wrigley Field,Chicago Cubs,Arizona Diamondbacks,0,3,0,0,0,3,4,6,3,3,543294,Kyle Hendricks,668678,Zac Gallen
2024-07-20,746121,Dodger Stadium,Los Angeles Dodgers,Boston Red Sox,1,2,0,0,7,6,12,10,3,6,680736,Justin Wrobleski,678394,Brayan Bello
2024-07-20,746527,Coors Field,Colorado Rockies,San Francisco Giants,4,2,2,0,4,3,8,5,7,4,607536,Kyle Freeland,657277,Logan Webb
2024-07-20,745229,T-Mobile Park,Seattle Mariners,Houston Astros,0,1,0,0,2,4,3,7,2,3,669923,George Kirby,664285,Framber Valdez
2024-07-21,745882,Target Field,Minnesota Twins,Milwaukee Brewers,5,4,0,0,7,8,8,11,3,5,657746,Joe Ryan,650644,Aaron Civale
2024-07-21,744831,Nationals Park,Washington Nationals,Cincinnati Reds,2,2,0,0,5,2,9,5,5,4,663623,Jake Irvin,671096,Andrew Abbott
2024-07-21,745470,PNC Park,Pittsburgh Pirates,Philadelphia Phillies,0,2,0,0,0,6,6,11,4,6,594835,Marco Gonzales,663969,Tyler Phillips
2024-07-21,747094,Truist Park,Atlanta Braves,St. Louis Cardinals,2,4,0,0,2,6,9,9,5,6,680885,Spencer Schwellenbach,571945,Miles Mikolas
2024-07-21,745722,Yankee Stadium,New York Yankees,Tampa Bay Rays,0,3,0,1,4,6,9,7,4,5,573186,Marcus Stroman,669358,Shane Baz
2024-07-21,744909,Rogers Centre,Toronto Blue Jays,Detroit Tigers,4,4,1,0,5,4,11,6,7,5,592332,Kevin Gausman,672456,Keider Montero
2024-07-21,746610,Progressive Field,Cleveland Guardians,San Diego Padres,0,2,0,0,1,2,2,8,0,5,594902,Ben Lively,650633,Michael King
2024-07-21,746042,loanDepot park,Miami Marlins,New York Mets,3,2,0,0,4,2,9,8,7,5,669432,Trevor Rogers,681035,Christian Scott
2024-07-21,746287,Kauffman Stadium,Kansas City Royals,Chicago White Sox,0,0,0,0,4,1,10,3,1,1,607625,Seth Lugo,689672,Drew Thorpe
2024-07-21,746853,Wrigley Field,Chicago Cubs,Arizona Diamondbacks,0,0,0,0,2,1,4,2,1,0,684007,Shota Imanaga,694297,Brandon Pfaadt
2024-07-21,744991,Globe Life Field,Texas Rangers,Baltimore Orioles,3,0,0,0,3,2,6,5,3,2,571760,Andrew Heaney,665152,Dean Kremer
2024-07-21,746528,Coors Field,Colorado Rockies,San Francisco Giants,2,3,0,1,2,3,4,7,2,6,663372,Ryan Feltner,806185,Hayden Birdsong
2024-07-21,745633,Oakland Coliseum,Oakland Athletics,Los Angeles Angels,3,2,0,0,5,8,8,15,5,7,683155,Joey Estes,608334,Carson Fulmer
2024-07-21,745230,T-Mobile Park,Seattle Mariners,Houston Astros,3,1,0,0,6,4,9,9,5,2,693433,Bryan Woo,669854,Ronel Blanco
2024-07-21,746125,Dodger Stadium,Los Angeles Dodgers,Boston Red Sox,6,2,2,2,9,6,10,9,7,3,572020,James Paxton,676710,Kutter Crawford
2024-07-22,745717,Yankee Stadium,New York Yankees,Tampa Bay Rays,5,1,0,0,9,1,15,3,7,1,607074,Carlos Rodón,641793,Zack Littell
2024-07-22,746612,Progressive Field,Cleveland Guardians,Detroit Tigers,1,4,0,2,2,8,12,12,8,7,471911,Carlos Carrasco,669373,Tarik Skubal
2024-07-22,745473,PNC Park,Pittsburgh Pirates,St. Louis Cardinals,1,1,0,0,2,1,8,7,3,6,656605,Mitch Keller,669467,Andre Pallante
2024-07-22,746034,loanDepot park,Miami Marlins,New York Mets,2,5,0,0,4,6,9,11,6,9,630023,Yonny Chirinos,656849,David Peterson
2024-07-22,747095,Truist Park,Atlanta Braves,Cincinnati Reds,0,4,0,1,1,4,3,9,2,5,625643,Reynaldo López,668881,Hunter Greene
2024-07-22,745881,Target Field,Minnesota Twins,Philadelphia Phillies,3,2,0,2,7,2,12,4,6,4,641927,Bailey Ober,624133,Ranger Suarez
2024-07-22,744988,Globe Life Field,Texas Rangers,Chicago White Sox,2,2,0,1,4,3,6,7,3,6,547179,Michael Lorenzen,607200,Erick Fedde
2024-07-22,746850,Wrigley Field,Chicago Cubs,Milwaukee Brewers,2,0,0,0,3,1,8,5,4,2,665871,Javier Assad,668964,Tobias Myers
2024-07-22,746280,Kauffman Stadium,Kansas City Royals,Arizona Diamondbacks,9,3,0,0,10,4,15,8,11,6,666142,Cole Ragans,700270,Yilber Díaz
2024-07-22,746526,Coors Field,Colorado Rockies,Boston Red Sox,4,4,0,0,9,8,15,13,9,6,596295,Austin Gomber,656557,Tanner Houck
2024-07-22,745635,Oakland Coliseum,Oakland Athletics,Houston Astros,4,0,0,0,4,0,8,8,7,4,663687,Hogan Harris,681293,Spencer Arrighetti
2024-07-22,745232,T-Mobile Park,Seattle Mariners,Los Angeles Angels,1,0,1,0,1,3,4,4,2,2,682243,Bryce Miller,542881,Tyler Anderson
2024-07-22,746124,Dodger Stadium,Los Angeles Dodgers,San Francisco Giants,1,1,0,0,3,2,6,5,3,2,689981,River Ryan,605483,Blake Snell
2024-07-23,746614,Progressive Field,Cleveland Guardians,Detroit Tigers,3,2,0,0,5,4,11,6,7,4,675540,Xzavion Curry,663947,Tyler Holton
2024-07-23,745475,PNC Park,Pittsburgh Pirates,St. Louis Cardinals,0,1,0,0,1,2,7,4,4,2,694973,Paul Skenes,458681,Lance Lynn
2024-07-23,746036,loanDepot park,Miami Marlins,Baltimore Orioles,6,3,0,1,6,3,10,9,9,9,667725,Kyle Tyler,544150,Albert Suárez
2024-07-23,744828,Nationals Park,Washington Nationals,San Diego Padres,0,2,0,0,0,4,6,9,3,5,687792,DJ Herz,681190,Randy Vásquez
2024-07-23,745715,Yankee Stadium,New York Yankees,New York Mets,1,1,0,0,2,3,5,9,3,4,661563,Luis Gil,500779,Jose Quintana
2024-07-23,744904,Rogers Centre,Toronto Blue Jays,Tampa Bay Rays,0,3,0,0,2,4,6,4,4,3,621244,José Berríos,542888,Shawn Armstrong
2024-07-23,745878,Target Field,Minnesota Twins,Philadelphia Phillies,0,0,0,0,0,3,3,6,3,1,680573,Simeon Woods Richardson,554430,Zack Wheeler
2024-07-23,744985,Globe Life Field,Texas Rangers,Chicago White Sox,2,1,2,0,3,2,6,5,4,4,592351,Jon Gray,676979,Garrett Crochet
2024-07-23,746848,Wrigley Field,Chicago Cubs,Milwaukee Brewers,0,0,0,0,0,1,7,7,4,1,592791,Jameson Taillon,607067,Colin Rea
2024-07-23,746281,Kauffman Stadium,Kansas City Royals,Arizona Diamondbacks,1,5,1,3,2,6,7,8,3,5,679525,Alec Marsh,656756,Jordan Montgomery
2024-07-23,746524,Coors Field,Colorado Rockies,Boston Red Sox,0,6,0,3,0,6,7,11,4,7,621389,Ty Blach,681867,Cooper Criswell
2024-07-23,745632,Oakland Coliseum,Oakland Athletics,Houston Astros,6,1,2,0,8,2,13,9,9,4,674370,Osvaldo Bido,814005,Jake Bloss
2024-07-23,745227,T-Mobile Park,Seattle Mariners,Los Angeles Angels,1,5,0,0,1,5,3,4,2,3,669302,Logan Gilbert,667755,José Soriano
2024-07-23,746118,Dodger Stadium,Los Angeles Dodgers,San Francisco Giants,4,1,2,0,5,2,9,5,5,2,689017,Landon Knack,663855,Jordan Hicks
2024-07-24,747091,Truist Park,Atlanta Braves,Cincinnati Reds,4,9,1,4,4,9,10,12,10,9,642216,Allan Winans,593423,Frankie Montas
2024-07-24,745472,PNC Park,Pittsburgh Pirates,St. Louis Cardinals,5,0,0,0,5,0,5,6,5,3,527048,Martín Pérez,669461,Matthew Liberatore
2024-07-24,745877,Target Field,Minnesota Twins,Philadelphia Phillies,1,1,0,0,5,4,9,9,5,5,595345,Steven Okert,605400,Aaron Nola
2024-07-24,746851,Wrigley Field,Chicago Cubs,Milwaukee Brewers,2,1,1,1,2,3,6,10,5,4,657006,Justin Steele,642239,Rob Zastryzny
2024-07-24,746525,Coors Field,Colorado Rockies,Boston Red Sox,13,3,3,0,20,7,21,11,14,5,615698,Cal Quantrill,601713,Nick Pivetta
2024-07-24,745634,Oakland Coliseum,Oakland Athletics,Houston Astros,1,3,1,1,1,8,9,11,7,4,676664,JP Sears,686613,Hunter Brown
2024-07-24,745231,T-Mobile Park,Seattle Mariners,Los Angeles Angels,1,0,0,0,1,2,6,9,4,5,622491,Luis Castillo,656288,Griffin Canning
2024-07-24,746611,Progressive Field,Cleveland Guardians,Detroit Tigers,1,1,0,1,2,1,4,2,3,2,676440,Tanner Bibee,656427,Jack Flaherty
2024-07-24,746035,loanDepot park,Miami Marlins,Baltimore Orioles,3,0,0,0,6,3,9,4,5,1,665795,Edward Cabrera,694646,Chayce McDermott
2024-07-24,744824,Nationals Park,Washington Nationals,San Diego Padres,3,12,3,0,3,12,6,20,4,15,680730,Mitchell Parker,663362,Matt Waldron
2024-07-24,745716,Yankee Stadium,New York Yankees,New York Mets,2,5,1,0,3,12,6,14,3,6,543037,Gerrit Cole,640455,Sean Manaea
2024-07-24,744905,Rogers Centre,Toronto Blue Jays,Tampa Bay Rays,2,1,1,0,6,3,8,4,4,2,684320,Yariel Rodríguez,621107,Zach Eflin
2024-07-24,744989,Globe Life Field,Texas Rangers,Chicago White Sox,3,2,1,0,10,2,15,4,8,3,543135,Nathan Eovaldi,623167,Chris Flexen
2024-07-24,746279,Kauffman Stadium,Kansas City Royals,Arizona Diamondbacks,4,3,0,0,6,8,12,10,9,6,608379,Michael Wacha,669194,Ryne Nelson
2024-07-24,746119,Dodger Stadium,Los Angeles Dodgers,San Francisco Giants,1,2,1,0,3,8,5,9,0,4,607192,Tyler Glasnow,592662,Robbie Ray
2024-07-25,744827,Nationals Park,Washington Nationals,San Diego Padres,0,3,0,3,0,3,0,6,0,3,571578,Patrick Corbin,656302,Dylan Cease
2024-07-25,746037,loanDepot park,Miami Marlins,Baltimore Orioles,0,6,0,1,6,7,9,12,2,6,682610,Roddery Muñoz,669203,Corbin Burnes
2024-07-25,746609,Progressive Field,Cleveland Guardians,Detroit Tigers,0,3,0,0,0,3,4,8,3,6,668909,Gavin Williams,663947,Tyler Holton
2024-07-25,744984,Globe Life Field,Texas Rangers,Chicago White Sox,2,1,0,0,2,1,10,5,8,3,453286,Max Scherzer,686563,Jonathan Cannon
2024-07-25,744907,Rogers Centre,Toronto Blue Jays,Tampa Bay Rays,0,3,0,1,0,13,2,16,2,5,605135,Chris Bassitt,671737,Taj Bradley
2024-07-25,746117,Dodger Stadium,Los Angeles Dodgers,San Francisco Giants,4,2,0,0,6,4,14,11,9,7,477132,Clayton Kershaw,657277,Logan Webb
2024-07-25,745794,Citi Field,New York Mets,Atlanta Braves,2,1,0,0,3,2,3,7,2,5,622663,Luis Severino,519242,Chris Sale
2024-07-25,746199,Angel Stadium,Los Angeles Angels,Oakland Athletics,5,6,0,2,5,6,7,9,5,6,670046,Kenny Rosenberg,548389,Ross Stripling
2024-07-26,746448,Comerica Park,Detroit Tigers,Minnesota Twins,2,6,0,2,3,9,8,13,3,8,672456,Keider Montero,641154,Pablo López
2024-07-26,745554,Citizens Bank Park,Philadelphia Phillies,Cleveland Guardians,1,3,0,1,1,3,6,9,3,7,650911,Cristopher Sánchez,594902,Ben Lively
2024-07-26,745068,Tropicana Field,Tampa Bay Rays,Cincinnati Reds,2,2,0,2,2,3,7,3,5,2,669358,Shane Baz,666157,Nick Lodolo
2024-07-26,747010,Oriole Park at Camden Yards,Baltimore Orioles,San Diego Padres,2,0,0,0,4,6,8,13,2,5,680570,Grayson Rodriguez,800049,Adam Mazur
2024-07-26,744906,Rogers Centre,Toronto Blue Jays,Texas Rangers,4,5,3,1,6,5,12,10,7,9,579328,Yusei Kikuchi,571760,Andrew Heaney
2024-07-26,745792,Citi Field,New York Mets,Atlanta Braves,8,2,0,0,8,4,8,7,7,2,673540,Kodai Senga,450203,Charlie Morton
2024-07-26,746933,Fenway Park,Boston Red Sox,New York Yankees,4,3,1,0,9,7,14,13,9,5,678394,Brayan Bello,641482,Nestor Cortes
2024-07-26,746277,Kauffman Stadium,Kansas City Royals,Chicago Cubs,6,0,0,0,6,0,10,4,8,1,663903,Brady Singer,543294,Kyle Hendricks
2024-07-26,746361,Minute Maid Park,Houston Astros,Los Angeles Dodgers,4,0,0,0,5,0,11,6,7,1,664285,Framber Valdez,694813,Gavin Stone
2024-07-26,746767,Guaranteed Rate Field,Chicago White Sox,Seattle Mariners,0,10,0,8,0,10,7,11,4,9,689672,Drew Thorpe,669923,George Kirby
2024-07-26,745964,American Family Field,Milwaukee Brewers,Miami Marlins,2,5,0,3,2,6,7,11,5,5,642547,Freddy Peralta,669432,Trevor Rogers
2024-07-26,745146,Busch Stadium,St. Louis Cardinals,Washington Nationals,6,5,0,0,8,10,11,11,9,7,543243,Sonny Gray,669022,MacKenzie Gore
2024-07-26,746200,Angel Stadium,Los Angeles Angels,Oakland Athletics,4,2,4,0,4,5,8,7,5,2,608334,Carson Fulmer,621112,Paul Blackburn
2024-07-26,747174,Chase Field,Arizona Diamondbacks,Pittsburgh Pirates,1,3,0,2,4,3,9,7,4,5,668678,Zac Gallen,682847,Luis Ortiz
2024-07-26,745315,Oracle Park,San Francisco Giants,Colorado Rockies,6,1,1,0,11,4,14,5,9,1,690986,Kyle Harrison,607536,Kyle Freeland
2024-07-27,744908,Rogers Centre,Toronto Blue Jays,Texas Rangers,5,3,4,1,7,3,15,4,10,4,592332,Kevin Gausman,547179,Michael Lorenzen
2024-07-27,747006,Oriole Park at Camden Yards,Baltimore Orioles,San Diego Padres,0,4,0,0,4,9,7,14,1,7,665152,Dean Kremer,650633,Michael King
2024-07-27,745059,Tropicana Field,Tampa Bay Rays,Cincinnati Reds,4,0,0,0,4,0,8,4,8,3,641793,Zack Littell,671096,Andrew Abbott
2024-07-27,745793,Citi Field,New York Mets,Atlanta Braves,0,3,0,0,0,4,4,6,2,4,656731,Tylor Megill,680885,Spencer Schwellenbach
2024-07-27,745553,Citizens Bank Park,Philadelphia Phillies,Cleveland Guardians,7,0,0,0,8,0,12,4,8,4,663969,Tyler Phillips,471911,Carlos Carrasco
2024-07-27,746446,Comerica Park,Detroit Tigers,Minnesota Twins,1,2,1,2,7,2,7,6,1,4,669373,Tarik Skubal,657746,Joe Ryan
2024-07-27,745307,Oracle Park,San Francisco Giants,Colorado Rockies,1,0,0,0,4,1,6,4,3,2,605483,Blake Snell,663372,Ryan Feltner
2024-07-27,745310,Oracle Park,San Francisco Giants,Colorado Rockies,4,0,1,0,5,0,11,4,9,3,806185,Hayden Birdsong,685299,Tanner Gordon
2024-07-27,746278,Kauffman Stadium,Kansas City Royals,Chicago Cubs,1,3,0,2,4,9,9,9,3,3,607625,Seth Lugo,684007,Shota Imanaga
2024-07-27,746362,Minute Maid Park,Houston Astros,Los Angeles Dodgers,0,4,0,0,7,6,12,7,2,5,669854,Ronel Blanco,680736,Justin Wrobleski
2024-07-27,745966,American Family Field,Milwaukee Brewers,Miami Marlins,3,2,0,0,3,7,8,11,4,6,650644,Aaron Civale,676974,Max Meyer
2024-07-27,745150,Busch Stadium,St. Louis Cardinals,Washington Nationals,0,2,0,0,3,14,8,16,2,6,502043,Kyle Gibson,663623,Jake Irvin
2024-07-27,746768,Guaranteed Rate Field,Chicago White Sox,Seattle Mariners,1,5,0,0,3,6,9,12,6,9,607200,Erick Fedde,693433,Bryan Woo
2024-07-27,746931,Fenway Park,Boston Red Sox,New York Yankees,6,5,3,3,8,11,13,16,10,8,676710,Kutter Crawford,573186,Marcus Stroman
2024-07-27,747171,Chase Field,Arizona Diamondbacks,Pittsburgh Pirates,6,4,1,1,9,5,13,8,9,5,694297,Brandon Pfaadt,594835,Marco Gonzales
2024-07-27,746203,Angel Stadium,Los Angeles Angels,Oakland Athletics,1,3,0,3,1,3,4,7,3,6,542881,Tyler Anderson,687765,Mitch Spence
2024-07-28,745063,Tropicana Field,Tampa Bay Rays,Cincinnati Reds,0,1,0,0,2,1,3,6,0,4,542888,Shawn Armstrong,668881,Hunter Greene
2024-07-28,747008,Oriole Park at Camden Yards,Baltimore Orioles,San Diego Padres,6,3,0,0,8,6,9,10,7,5,544150,Albert Suárez,681190,Randy Vásquez
2024-07-28,745550,Citizens Bank Park,Philadelphia Phillies,Cleveland Guardians,3,3,1,0,3,4,5,9,4,6,663465,Kolby Allard,676282,Joey Cantillo
2024-07-28,744902,Rogers Centre,Toronto Blue Jays,Texas Rangers,6,0,3,0,7,3,9,10,6,4,621244,José Berríos,592351,Jon Gray
2024-07-28,746445,Comerica Park,Detroit Tigers,Minnesota Twins,0,2,0,0,0,5,1,12,1,6,656412,Alex Faedo,641927,Bailey Ober
2024-07-28,745795,Citi Field,New York Mets,Atlanta Braves,0,4,0,0,2,9,7,8,6,4,656849,David Peterson,625643,Reynaldo López
2024-07-28,746274,Kauffman Stadium,Kansas City Royals,Chicago Cubs,3,2,2,0,3,7,5,12,5,5,666142,Cole Ragans,665871,Javier Assad
2024-07-28,746364,Minute Maid Park,Houston Astros,Los Angeles Dodgers,0,1,0,0,2,6,4,8,1,2,681293,Spencer Arrighetti,689981,River Ryan
2024-07-28,746770,Guaranteed Rate Field,Chicago White Sox,Seattle Mariners,1,6,0,2,3,6,7,8,5,8,676979,Garrett Crochet,682243,Bryce Miller
2024-07-28,745961,American Family Field,Milwaukee Brewers,Miami Marlins,6,1,2,1,6,2,9,7,9,5,668964,Tobias Myers,667725,Kyle Tyler
2024-07-28,745145,Busch Stadium,St. Louis Cardinals,Washington Nationals,2,2,1,0,4,3,7,9,3,4,571945,Miles Mikolas,687792,DJ Herz
2024-07-28,745305,Oracle Park,San Francisco Giants,Colorado Rockies,3,1,1,0,5,4,13,9,8,2,669062,Erik Miller,596295,Austin Gomber
2024-07-28,746195,Angel Stadium,Los Angeles Angels,Oakland Athletics,8,6,0,0,8,6,10,7,7,7,667755,José Soriano,674370,Osvaldo Bido
2024-07-28,747173,Chase Field,Arizona Diamondbacks,Pittsburgh Pirates,2,0,0,0,5,6,5,7,2,1,700270,Yilber Díaz,656605,Mitch Keller
2024-07-28,746929,Fenway Park,Boston Red Sox,New York Yankees,2,4,0,3,2,8,7,10,4,5,656557,Tanner Houck,607074,Carlos Rodón
2024-07-29,747007,Oriole Park at Camden Yards,Baltimore Orioles,Toronto Blue Jays,10,3,4,0,11,5,13,13,10,10,621107,Zach Eflin,684320,Yariel Rodríguez
2024-07-29,747039,Oriole Park at Camden Yards,Baltimore Orioles,Toronto Blue Jays,3,6,1,1,4,8,9,13,5,8,700249,Cade Povich,670102,Bowden Francis
2024-07-29,746444,Comerica Park,Detroit Tigers,Cleveland Guardians,0,4,0,3,4,8,8,9,2,6,689225,Beau Brieske,676440,Tanner Bibee
2024-07-29,745547,Citizens Bank Park,Philadelphia Phillies,New York Yankees,2,7,0,1,4,14,8,14,3,7,554430,Zack Wheeler,661563,Luis Gil
2024-07-29,746684,Great American Ball Park,Cincinnati Reds,Chicago Cubs,6,0,0,0,7,1,9,3,6,1,686730,Carson Spiers,592791,Jameson Taillon
2024-07-29,746928,Fenway Park,Boston Red Sox,Seattle Mariners,12,1,0,0,14,7,16,10,14,4,601713,Nick Pivetta,669302,Logan Gilbert
2024-07-29,745791,Citi Field,New York Mets,Minnesota Twins,6,1,0,1,15,2,17,9,8,3,500779,Jose Quintana,680573,Simeon Woods Richardson
2024-07-29,745147,Busch Stadium,St. Louis Cardinals,Texas Rangers,2,3,0,0,3,6,7,13,3,7,669467,Andre Pallante,543135,Nathan Eovaldi
2024-07-29,746360,Minute Maid Park,Houston Astros,Pittsburgh Pirates,2,0,0,0,3,5,9,6,5,0,605463,Tayler Scott,694973,Paul Skenes
2024-07-29,746765,Guaranteed Rate Field,Chicago White Sox,Kansas City Royals,2,2,1,0,5,8,11,15,6,9,623167,Chris Flexen,679525,Alec Marsh
2024-07-29,745959,American Family Field,Milwaukee Brewers,Atlanta Braves,1,2,0,0,8,3,11,4,3,3,607067,Colin Rea,656550,Grant Holmes
2024-07-29,747172,Chase Field,Arizona Diamondbacks,Washington Nationals,2,6,0,5,9,8,14,15,4,11,656756,Jordan Montgomery,680730,Mitchell Parker
2024-07-30,746441,Comerica Park,Detroit Tigers,Cleveland Guardians,0,2,0,0,0,5,4,8,2,4,663947,Tyler Holton,668909,Gavin Williams
2024-07-30,747005,Oriole Park at Camden Yards,Baltimore Orioles,Toronto Blue Jays,6,1,1,0,6,2,11,5,10,2,669203,Corbin Burnes,605135,Chris Bassitt
2024-07-30,745546,Citizens Bank Park,Philadelphia Phillies,New York Yankees,4,1,1,1,6,7,9,11,4,5,605400,Aaron Nola,701542,Will Warren
2024-07-30,745060,Tropicana Field,Tampa Bay Rays,Miami Marlins,1,3,0,2,9,3,11,10,3,7,605488,Jeffrey Springs,665795,Edward Cabrera
2024-07-30,746683,Great American Ball Park,Cincinnati Reds,Chicago Cubs,5,0,2,0,6,3,12,7,6,4,663574,Tony Santillan,657006,Justin Steele
2024-07-30,746926,Fenway Park,Boston Red Sox,Seattle Mariners,3,7,0,1,6,10,11,10,6,7,572020,James Paxton,622491,Luis Castillo
2024-07-30,745787,Citi Field,New York Mets,Minnesota Twins,2,0,0,0,2,0,5,2,3,2,640455,Sean Manaea,701581,David Festa
2024-07-30,745149,Busch Stadium,St. Louis Cardinals,Texas Rangers,8,1,1,0,8,1,9,4,9,3,458681,Lance Lynn,453286,Max Scherzer
2024-07-30,746365,Minute Maid Park,Houston Astros,Pittsburgh Pirates,1,3,0,0,2,6,10,11,5,8,686613,Hunter Brown,663559,Bailey Falter
2024-07-30,746763,Guaranteed Rate Field,Chicago White Sox,Kansas City Royals,2,1,1,0,3,4,7,4,3,1,686563,Jonathan Cannon,608379,Michael Wacha
2024-07-30,745958,American Family Field,Milwaukee Brewers,Atlanta Braves,0,5,0,0,1,5,6,14,4,8,605452,Joe Ross,693821,Bryce Elder
2024-07-30,746197,Angel Stadium,Los Angeles Angels,Colorado Rockies,7,6,2,2,10,7,14,7,10,6,656288,Griffin Canning,615698,Cal Quantrill
2024-07-30,747167,Chase Field,Arizona Diamondbacks,Washington Nationals,11,0,2,0,17,0,22,4,15,2,669194,Ryne Nelson,571578,Patrick Corbin
2024-07-30,745389,Petco Park,San Diego Padres,Los Angeles Dodgers,3,5,0,5,6,5,9,7,5,5,663362,Matt Waldron,607192,Tyler Glasnow
2024-07-30,745309,Oracle Park,San Francisco Giants,Oakland Athletics,0,4,0,0,2,5,5,10,2,8,592662,Robbie Ray,676664,JP Sears
2024-07-31,745061,Tropicana Field,Tampa Bay Rays,Miami Marlins,2,4,1,0,2,6,7,8,4,4,671737,Taj Bradley,682610,Roddery Muñoz
2024-07-31,747003,Oriole Park at Camden Yards,Baltimore Orioles,Toronto Blue Jays,9,3,2,0,10,4,13,7,9,6,680570,Grayson Rodriguez,502179,Paolo Espino
2024-07-31,745543,Citizens Bank Park,Philadelphia Phillies,New York Yankees,3,4,0,0,5,6,9,9,3,6,650911,Cristopher Sánchez,641482,Nestor Cortes
2024-07-31,745789,Citi Field,New York Mets,Minnesota Twins,2,7,0,0,3,8,6,10,3,9,622663,Luis Severino,641154,Pablo López
2024-07-31,746764,Guaranteed Rate Field,Chicago White Sox,Kansas City Royals,3,6,0,1,3,10,6,16,5,7,689672,Drew Thorpe,663903,Brady Singer
2024-07-31,745960,American Family Field,Milwaukee Brewers,Atlanta Braves,2,2,2,0,2,6,8,8,5,3,642547,Freddy Peralta,519242,Chris Sale
2024-07-31,745148,Busch Stadium,St. Louis Cardinals,Texas Rangers,8,0,0,0,10,1,14,5,9,1,700241,Michael McGreevy,571760,Andrew Heaney
2024-07-31,747170,Chase Field,Arizona Diamondbacks,Washington Nationals,1,1,0,0,5,4,12,10,6,5,668678,Zac Gallen,669022,MacKenzie Gore
2024-07-31,746925,Fenway Park,Boston Red Sox,Seattle Mariners,1,2,1,0,3,2,10,7,5,5,678394,Brayan Bello,669923,George Kirby
2024-07-31,746678,Great American Ball Park,Cincinnati Reds,Chicago Cubs,3,6,0,0,4,13,6,17,4,9,666157,Nick Lodolo,543294,Kyle Hendricks
2024-07-31,746363,Minute Maid Park,Houston Astros,Pittsburgh Pirates,3,4,0,0,5,4,4,9,2,6,664285,Framber Valdez,663765,Jake Woodford
2024-07-31,745386,Petco Park,San Diego Padres,Los Angeles Dodgers,7,1,0,0,8,1,12,3,7,3,656302,Dylan Cease,477132,Clayton Kershaw
2024-07-31,746198,Angel Stadium,Los Angeles Angels,Colorado Rockies,1,1,0,1,1,2,6,8,3,5,669721,Davis Daniel,607536,Kyle Freeland
2024-07-31,745306,Oracle Park,San Francisco Giants,Oakland Athletics,1,0,0,0,1,0,4,5,4,3,657277,Logan Webb,548389,Ross Stripling
2024-08-01,746607,Progressive Field,Cleveland Guardians,Baltimore Orioles,5,2,2,1,10,3,11,5,6,3,594902,Ben Lively,669432,Trevor Rogers
2024-08-01,746442,Comerica Park,Detroit Tigers,Kansas City Royals,1,3,0,3,1,7,4,10,3,4,672456,Keider Montero,607625,Seth Lugo
2024-08-01,747092,Truist Park,Atlanta Braves,Miami Marlins,4,1,3,0,4,2,7,6,7,4,450203,Charlie Morton,676974,Max Meyer
2024-08-01,746849,Wrigley Field,Chicago Cubs,St. Louis Cardinals,1,1,0,1,5,4,9,12,4,6,684007,Shota Imanaga,543243,Sonny Gray
2024-08-01,746196,Angel Stadium,Los Angeles Angels,Colorado Rockies,2,2,0,0,4,5,9,6,6,3,608334,Carson Fulmer,663372,Ryan Feltner
2024-08-02,746845,Wrigley Field,Chicago Cubs,St. Louis Cardinals,5,1,0,0,6,3,8,4,6,4,665871,Javier Assad,607200,Erick Fedde
2024-08-02,746443,Comerica Park,Detroit Tigers,Kansas City Royals,2,3,2,0,2,9,3,14,1,4,669373,Tarik Skubal,666142,Cole Ragans
2024-08-02,745471,PNC Park,Pittsburgh Pirates,Arizona Diamondbacks,3,5,0,5,8,9,13,11,7,5,682847,Luis Ortiz,694297,Brandon Pfaadt
2024-08-02,744825,Nationals Park,Washington Nationals,Milwaukee Brewers,3,3,0,0,3,8,10,11,7,5,663623,Jake Irvin,593423,Frankie Montas
2024-08-02,745719,Yankee Stadium,New York Yankees,Toronto Blue Jays,5,7,2,3,5,8,10,13,8,10,573186,Marcus Stroman,592332,Kevin Gausman
2024-08-02,746605,Progressive Field,Cleveland Guardians,Baltimore Orioles,4,1,0,0,8,4,10,4,6,1,471911,Carlos Carrasco,665152,Dean Kremer
2024-08-02,746679,Great American Ball Park,Cincinnati Reds,San Francisco Giants,0,2,0,0,0,3,0,9,0,7,671096,Andrew Abbott,605483,Blake Snell
2024-08-02,747089,Truist Park,Atlanta Braves,Miami Marlins,1,3,0,2,5,3,5,8,1,6,680885,Spencer Schwellenbach,678368,Valente Bellozo
2024-08-02,744986,Globe Life Field,Texas Rangers,Boston Red Sox,3,7,1,0,6,11,8,16,3,8,570632,José Ureña,676710,Kutter Crawford
2024-08-02,746354,Minute Maid Park,Houston Astros,Tampa Bay Rays,2,2,0,2,3,2,10,5,6,3,579328,Yusei Kikuchi,669358,Shane Baz
2024-08-02,745875,Target Field,Minnesota Twins,Chicago White Sox,4,2,2,0,10,2,9,3,6,3,657746,Joe Ryan,663436,Davis Martin
2024-08-02,746193,Angel Stadium,Los Angeles Angels,New York Mets,1,3,0,0,1,5,6,13,5,8,542881,Tyler Anderson,621112,Paul Blackburn
2024-08-02,745631,Oakland Coliseum,Oakland Athletics,Los Angeles Dodgers,6,2,0,2,6,5,11,6,9,2,683155,Joey Estes,694813,Gavin Stone
2024-08-02,745387,Petco Park,San Diego Padres,Colorado Rockies,2,1,0,0,2,5,5,8,4,3,681190,Randy Vásquez,596295,Austin Gomber
2024-08-02,745224,T-Mobile Park,Seattle Mariners,Philadelphia Phillies,9,0,1,0,10,2,9,9,8,2,693433,Bryan Woo,663969,Tyler Phillips
2024-08-03,745714,Yankee Stadium,New York Yankees,Toronto Blue Jays,6,1,2,1,8,3,10,8,7,2,607074,Carlos Rodón,621244,José Berríos
2024-08-03,746846,Wrigley Field,Chicago Cubs,St. Louis Cardinals,4,1,2,1,4,5,5,9,5,4,592791,Jameson Taillon,502043,Kyle Gibson
2024-08-03,744823,Nationals Park,Washington Nationals,Milwaukee Brewers,6,1,4,0,6,4,10,7,9,2,687792,DJ Herz,650644,Aaron Civale
2024-08-03,746440,Comerica Park,Detroit Tigers,Kansas City Royals,0,0,0,0,6,5,11,9,3,2,663947,Tyler Holton,547179,Michael Lorenzen
2024-08-03,745474,PNC Park,Pittsburgh Pirates,Arizona Diamondbacks,1,1,0,0,4,2,6,6,1,3,656605,Mitch Keller,656756,Jordan Montgomery
2024-08-03,744987,Globe Life Field,Texas Rangers,Boston Red Sox,4,3,0,1,7,4,13,11,5,5,674003,Cody Bradford,656557,Tanner Houck
2024-08-03,745876,Target Field,Minnesota Twins,Chicago White Sox,2,1,0,0,6,2,8,3,3,1,641927,Bailey Ober,676979,Garrett Crochet
2024-08-03,746608,Progressive Field,Cleveland Guardians,Baltimore Orioles,2,3,0,0,4,7,6,15,3,8,676282,Joey Cantillo,621107,Zach Eflin
2024-08-03,746681,Great American Ball Park,Cincinnati Reds,San Francisco Giants,6,0,0,0,6,4,8,5,7,1,668881,Hunter Greene,690986,Kyle Harrison
2024-08-03,746358,Minute Maid Park,Houston Astros,Tampa Bay Rays,1,2,0,0,1,6,5,13,4,6,669854,Ronel Blanco,641793,Zack Littell
2024-08-03,747087,Truist Park,Atlanta Braves,Miami Marlins,3,3,1,0,3,4,7,10,5,7,656550,Grant Holmes,667725,Kyle Tyler
2024-08-03,745388,Petco Park,San Diego Padres,Colorado Rockies,1,1,0,0,3,2,5,5,1,3,527048,Martín Pérez,685299,Tanner Gordon
2024-08-03,745636,Oakland Coliseum,Oakland Athletics,Los Angeles Dodgers,0,2,0,0,0,10,6,14,4,4,687765,Mitch Spence,656427,Jack Flaherty
2024-08-03,746194,Angel Stadium,Los Angeles Angels,New York Mets,2,0,1,0,5,4,9,8,5,4,667755,José Soriano,656849,David Peterson
2024-08-03,745225,T-Mobile Park,Seattle Mariners,Philadelphia Phillies,1,5,0,1,6,5,8,8,3,8,682243,Bryce Miller,689147,Orion Kerkering
2024-08-04,746680,Great American Ball Park,Cincinnati Reds,San Francisco Giants,2,2,0,0,2,8,4,12,3,4,686730,Carson Spiers,592662,Robbie Ray
2024-08-04,745468,PNC Park,Pittsburgh Pirates,Arizona Diamondbacks,4,0,1,0,5,6,10,9,6,3,694973,Paul Skenes,669194,Ryne Nelson
2024-08-04,747088,Truist Park,Atlanta Braves,Miami Marlins,0,6,0,0,0,7,6,9,3,6,608331,Max Fried,665795,Edward Cabrera
2024-08-04,745718,Yankee Stadium,New York Yankees,Toronto Blue Jays,0,2,0,0,4,3,10,7,4,6,543037,Gerrit Cole,684320,Yariel Rodríguez
2024-08-04,744826,Nationals Park,Washington Nationals,Milwaukee Brewers,1,0,1,0,4,3,9,7,4,3,680730,Mitchell Parker,668964,Tobias Myers
2024-08-04,746606,Progressive Field,Cleveland Guardians,Baltimore Orioles,5,6,0,1,5,9,10,15,7,9,668909,Gavin Williams,669203,Corbin Burnes
2024-08-04,746439,Comerica Park,Detroit Tigers,Kansas City Royals,2,0,0,0,2,3,9,9,6,3,656412,Alex Faedo,608379,Michael Wacha
2024-08-04,746356,Minute Maid Park,Houston Astros,Tampa Bay Rays,0,1,0,0,0,1,3,6,2,4,681293,Spencer Arrighetti,685801,Hunter Bigge
2024-08-04,745879,Target Field,Minnesota Twins,Chicago White Sox,8,3,2,0,13,7,14,12,10,7,680573,Simeon Woods Richardson,623167,Chris Flexen
2024-08-04,744979,Globe Life Field,Texas Rangers,Boston Red Sox,2,3,1,0,2,7,3,10,2,5,543135,Nathan Eovaldi,601713,Nick Pivetta
2024-08-04,746191,Angel Stadium,Los Angeles Angels,New York Mets,3,2,0,0,3,2,4,5,3,3,656288,Griffin Canning,500779,Jose Quintana
2024-08-04,745627,Oakland Coliseum,Oakland Athletics,Los Angeles Dodgers,2,3,2,2,2,3,6,6,5,5,674370,Osvaldo Bido,689981,River Ryan
2024-08-04,745384,Petco Park,San Diego Padres,Colorado Rockies,3,1,0,0,10,2,12,5,5,2,663362,Matt Waldron,615698,Cal Quantrill
2024-08-04,745222,T-Mobile Park,Seattle Mariners,Philadelphia Phillies,0,1,0,1,0,6,3,10,2,3,669302,Logan Gilbert,554430,Zack Wheeler
2024-08-04,746844,Wrigley Field,Chicago Cubs,St. Louis Cardinals,4,2,0,0,6,2,11,5,8,3,657006,Justin Steele,571945,Miles Mikolas
2024-08-05,745184,Busch Stadium,St. Louis Cardinals,New York Mets,0,5,0,0,0,6,6,9,6,5,669467,Andre Pallante,640455,Sean Manaea
2024-08-05,746600,Progressive Field,Cleveland Guardians,Arizona Diamondbacks,3,2,2,2,6,7,10,10,5,5,671106,Logan Allen,668678,Zac Gallen
2024-08-05,746038,loanDepot park,Miami Marlins,Cincinnati Reds,0,7,0,2,3,10,11,15,4,8,682610,Roddery Muñoz,607259,Nick Martinez
2024-08-05,744821,Nationals Park,Washington Nationals,San Francisco Giants,0,4,0,1,1,4,6,9,2,6,571578,Patrick Corbin,657277,Logan Webb
2024-08-05,744982,Globe Life Field,Texas Rangers,Houston Astros,1,1,0,0,4,3,5,4,3,1,571760,Andrew Heaney,686613,Hunter Brown
2024-08-05,746847,Wrigley Field,Chicago Cubs,Minnesota Twins,0,2,0,0,0,3,4,8,2,5,543294,Kyle Hendricks,701581,David Festa
2024-08-05,746276,Kauffman Stadium,Kansas City Royals,Boston Red Sox,2,2,0,0,5,9,9,18,5,8,663903,Brady Singer,572020,James Paxton
2024-08-05,745628,Oakland Coliseum,Oakland Athletics,Chicago White Sox,3,1,1,0,5,1,4,4,2,3,676664,JP Sears,681066,Ky Bush
2024-08-05,746116,Dodger Stadium,Los Angeles Dodgers,Philadelphia Phillies,4,2,0,0,5,3,9,8,8,3,607192,Tyler Glasnow,605400,Aaron Nola
2024-08-06,745467,PNC Park,Pittsburgh Pirates,San Diego Padres,0,4,0,0,0,6,5,14,2,7,663559,Bailey Falter,656302,Dylan Cease
2024-08-06,746033,loanDepot park,Miami Marlins,Cincinnati Reds,2,7,0,0,2,8,4,13,2,9,676974,Max Meyer,666157,Nick Lodolo
2024-08-06,744817,Nationals Park,Washington Nationals,San Francisco Giants,8,5,0,4,11,5,15,9,11,8,669022,MacKenzie Gore,806185,Hayden Birdsong
2024-08-06,744901,Rogers Centre,Toronto Blue Jays,Baltimore Orioles,0,0,0,0,5,2,9,3,2,0,605135,Chris Bassitt,544150,Albert Suárez
2024-08-06,747086,Truist Park,Atlanta Braves,Milwaukee Brewers,0,7,0,3,0,10,6,16,3,8,693821,Bryce Elder,607067,Colin Rea
2024-08-06,745141,Busch Stadium,St. Louis Cardinals,Tampa Bay Rays,4,2,0,2,4,3,8,6,6,3,543243,Sonny Gray,605488,Jeffrey Springs
2024-08-06,744983,Globe Life Field,Texas Rangers,Houston Astros,0,1,0,0,2,4,1,11,0,5,641816,Tyler Mahle,664285,Framber Valdez
2024-08-06,746840,Wrigley Field,Chicago Cubs,Minnesota Twins,4,2,3,0,7,3,11,3,7,1,684007,Shota Imanaga,641154,Pablo López
2024-08-06,746273,Kauffman Stadium,Kansas City Royals,Boston Red Sox,3,3,1,0,5,6,8,7,5,4,607625,Seth Lugo,678394,Brayan Bello
2024-08-06,746519,Coors Field,Colorado Rockies,New York Mets,5,3,0,0,6,3,10,9,8,4,607536,Kyle Freeland,622663,Luis Severino
2024-08-06,745221,T-Mobile Park,Seattle Mariners,Detroit Tigers,1,3,0,0,2,4,5,10,3,7,622491,Luis Castillo,672456,Keider Montero
2024-08-06,745629,Oakland Coliseum,Oakland Athletics,Chicago White Sox,1,2,0,0,1,5,6,7,6,3,548389,Ross Stripling,686563,Jonathan Cannon
2024-08-06,746120,Dodger Stadium,Los Angeles Dodgers,Philadelphia Phillies,0,1,0,0,2,6,7,14,3,5,477132,Clayton Kershaw,650911,Cristopher Sánchez
2024-08-07,746604,Progressive Field,Cleveland Guardians,Arizona Diamondbacks,2,4,0,0,3,7,8,7,4,4,594902,Ben Lively,694297,Brandon Pfaadt
2024-08-07,746602,Progressive Field,Cleveland Guardians,Arizona Diamondbacks,2,4,0,0,3,5,7,8,3,5,471911,Carlos Carrasco,593958,Eduardo Rodriguez
2024-08-07,746842,Wrigley Field,Chicago Cubs,Minnesota Twins,6,2,1,1,8,2,8,6,4,4,665871,Javier Assad,657746,Joe Ryan
2024-08-07,744981,Globe Life Field,Texas Rangers,Houston Astros,0,2,0,1,4,6,9,13,3,6,570632,José Ureña,579328,Yusei Kikuchi
2024-08-07,745630,Oakland Coliseum,Oakland Athletics,Chicago White Sox,0,2,0,0,3,2,6,7,2,6,683155,Joey Estes,663436,Davis Martin
2024-08-07,745709,Yankee Stadium,New York Yankees,Los Angeles Angels,5,0,2,0,5,2,9,5,9,2,661563,Luis Gil,669721,Davis Daniel
2024-08-07,745713,Yankee Stadium,New York Yankees,Los Angeles Angels,2,8,0,0,2,8,9,13,8,8,701542,Will Warren,608334,Carson Fulmer
2024-08-07,745469,PNC Park,Pittsburgh Pirates,San Diego Padres,4,5,2,0,8,9,11,14,6,9,594835,Marco Gonzales,650633,Michael King
2024-08-07,746031,loanDepot park,Miami Marlins,Cincinnati Reds,6,0,5,0,6,4,8,10,6,4,678368,Valente Bellozo,671096,Andrew Abbott
2024-08-07,744822,Nationals Park,Washington Nationals,San Francisco Giants,3,5,0,0,4,7,8,10,4,8,663623,Jake Irvin,605483,Blake Snell
2024-08-07,744903,Rogers Centre,Toronto Blue Jays,Baltimore Orioles,3,2,1,2,3,7,10,7,7,3,670102,Bowden Francis,669432,Trevor Rogers
2024-08-07,747085,Truist Park,Atlanta Braves,Milwaukee Brewers,4,3,2,0,5,8,10,16,8,9,519242,Chris Sale,642547,Freddy Peralta
2024-08-07,745142,Busch Stadium,St. Louis Cardinals,Tampa Bay Rays,5,1,1,0,5,2,9,8,9,4,607200,Erick Fedde,671737,Taj Bradley
2024-08-07,746272,Kauffman Stadium,Kansas City Royals,Boston Red Sox,7,4,1,0,8,4,7,6,6,4,666142,Cole Ragans,676710,Kutter Crawford
2024-08-07,746521,Coors Field,Colorado Rockies,New York Mets,2,2,1,1,3,5,7,11,4,6,663372,Ryan Feltner,621112,Paul Blackburn
2024-08-07,745223,T-Mobile Park,Seattle Mariners,Detroit Tigers,2,3,0,1,2,6,5,13,3,7,669923,George Kirby,669373,Tarik Skubal
2024-08-07,746115,Dodger Stadium,Los Angeles Dodgers,Philadelphia Phillies,4,3,2,1,4,9,8,10,6,6,694813,Gavin Stone,663969,Tyler Phillips
2024-08-08,744819,Nationals Park,Washington Nationals,San Francisco Giants,2,2,1,1,5,9,7,13,5,6,687792,DJ Herz,690986,Kyle Harrison
2024-08-08,747081,Truist Park,Atlanta Braves,Milwaukee Brewers,3,13,0,3,7,16,10,20,2,13,450203,Charlie Morton,593423,Frankie Montas
2024-08-08,745466,PNC Park,Pittsburgh Pirates,San Diego Padres,0,4,0,2,6,7,12,7,2,4,682847,Luis Ortiz,681190,Randy Vásquez
2024-08-08,746522,Coors Field,Colorado Rockies,New York Mets,1,7,0,4,1,9,7,13,4,10,596295,Austin Gomber,656849,David Peterson
2024-08-08,746030,loanDepot park,Miami Marlins,Cincinnati Reds,3,3,0,2,4,10,9,12,5,5,667725,Kyle Tyler,668881,Hunter Greene
2024-08-08,745710,Yankee Stadium,New York Yankees,Los Angeles Angels,1,8,0,1,4,9,8,14,3,11,641482,Nestor Cortes,542881,Tyler Anderson
2024-08-08,744899,Rogers Centre,Toronto Blue Jays,Baltimore Orioles,5,2,3,0,7,6,7,8,4,2,592332,Kevin Gausman,665152,Dean Kremer
2024-08-08,745143,Busch Stadium,St. Louis Cardinals,Tampa Bay Rays,4,2,3,2,4,6,9,12,6,7,502043,Kyle Gibson,669358,Shane Baz
2024-08-08,745226,T-Mobile Park,Seattle Mariners,Detroit Tigers,0,3,0,0,4,3,7,5,1,4,693433,Bryan Woo,669724,Brenan Hanifee
2024-08-08,747169,Chase Field,Arizona Diamondbacks,Philadelphia Phillies,1,0,0,0,4,6,11,14,6,7,656756,Jordan Montgomery,663465,Kolby Allard
2024-08-09,745927,Target Field,Minnesota Twins,Cleveland Guardians,3,0,1,0,4,2,8,5,4,2,641927,Bailey Ober,676282,Joey Cantillo
2024-08-09,745871,Target Field,Minnesota Twins,Cleveland Guardians,5,3,1,0,6,3,11,8,9,8,686973,Louis Varland,502171,Alex Cobb
2024-08-09,744818,Nationals Park,Washington Nationals,Los Angeles Angels,1,2,1,0,3,2,7,10,4,4,680730,Mitchell Parker,667755,José Soriano
2024-08-09,745062,Tropicana Field,Tampa Bay Rays,Baltimore Orioles,0,3,0,1,1,4,5,10,3,7,641793,Zack Littell,621107,Zach Eflin
2024-08-09,744900,Rogers Centre,Toronto Blue Jays,Oakland Athletics,1,1,1,0,3,1,10,6,5,3,621244,José Berríos,687765,Mitch Spence
2024-08-09,746927,Fenway Park,Boston Red Sox,Houston Astros,3,1,0,1,4,8,6,16,4,3,656557,Tanner Houck,669854,Ronel Blanco
2024-08-09,746032,loanDepot park,Miami Marlins,San Diego Padres,2,0,0,0,2,6,4,11,2,1,665795,Edward Cabrera,527048,Martín Pérez
2024-08-09,746275,Kauffman Stadium,Kansas City Royals,St. Louis Cardinals,5,3,0,2,5,8,10,13,8,6,547179,Michael Lorenzen,571945,Miles Mikolas
2024-08-09,746760,Guaranteed Rate Field,Chicago White Sox,Chicago Cubs,5,7,0,3,6,7,14,16,9,14,676979,Garrett Crochet,592791,Jameson Taillon
2024-08-09,745957,American Family Field,Milwaukee Brewers,Cincinnati Reds,8,0,3,0,8,3,7,9,7,2,650644,Aaron Civale,686730,Carson Spiers
2024-08-09,746523,Coors Field,Colorado Rockies,Atlanta Braves,5,2,0,1,6,5,10,12,6,6,685299,Tanner Gordon,656550,Grant Holmes
2024-08-09,747168,Chase Field,Arizona Diamondbacks,Philadelphia Phillies,2,0,1,0,3,2,9,5,6,1,669194,Ryne Nelson,554430,Zack Wheeler
2024-08-09,746113,Dodger Stadium,Los Angeles Dodgers,Pittsburgh Pirates,9,4,1,0,9,5,8,11,8,8,656427,Jack Flaherty,656605,Mitch Keller
2024-08-09,745220,T-Mobile Park,Seattle Mariners,New York Mets,2,0,0,0,6,0,6,7,2,3,682243,Bryce Miller,500779,Jose Quintana
2024-08-09,745308,Oracle Park,San Francisco Giants,Detroit Tigers,0,2,0,0,3,2,4,5,0,4,592662,Robbie Ray,689225,Beau Brieske
2024-08-10,745712,Yankee Stadium,New York Yankees,Texas Rangers,7,0,1,0,8,0,12,5,11,2,607074,Carlos Rodón,543135,Nathan Eovaldi
2024-08-10,745708,Yankee Stadium,New York Yankees,Texas Rangers,1,1,0,0,4,9,8,16,5,6,543037,Gerrit Cole,674003,Cody Bradford
2024-08-10,744897,Rogers Centre,Toronto Blue Jays,Oakland Athletics,0,0,0,0,0,1,2,8,2,3,684320,Yariel Rodríguez,674370,Osvaldo Bido
2024-08-10,745304,Oracle Park,San Francisco Giants,Detroit Tigers,3,1,0,0,3,1,6,5,4,2,657277,Logan Webb,656412,Alex Faedo
2024-08-10,746922,Fenway Park,Boston Red Sox,Houston Astros,1,1,0,1,4,5,6,10,1,4,670174,Josh Winckowski,681293,Spencer Arrighetti
2024-08-10,746026,loanDepot park,Miami Marlins,San Diego Padres,7,3,0,1,8,9,11,12,7,6,682610,Roddery Muñoz,663362,Matt Waldron
2024-08-10,744820,Nationals Park,Washington Nationals,Los Angeles Angels,2,4,0,0,5,4,9,11,4,9,571578,Patrick Corbin,656288,Griffin Canning
2024-08-10,746269,Kauffman Stadium,Kansas City Royals,St. Louis Cardinals,1,2,0,0,8,3,12,10,2,4,608379,Michael Wacha,669467,Andre Pallante
2024-08-10,745955,American Family Field,Milwaukee Brewers,Cincinnati Reds,0,0,0,0,1,0,2,3,1,1,668964,Tobias Myers,607259,Nick Martinez
2024-08-10,745056,Tropicana Field,Tampa Bay Rays,Baltimore Orioles,3,4,0,3,5,7,7,15,4,9,656876,Drew Rasmussen,669203,Corbin Burnes
2024-08-10,746761,Guaranteed Rate Field,Chicago White Sox,Chicago Cubs,1,1,0,0,1,3,7,9,6,5,623167,Chris Flexen,657006,Justin Steele
2024-08-10,747164,Chase Field,Arizona Diamondbacks,Philadelphia Phillies,4,1,1,0,11,1,15,5,9,5,668678,Zac Gallen,605400,Aaron Nola
2024-08-10,746520,Coors Field,Colorado Rockies,Atlanta Braves,5,6,0,0,8,11,12,11,7,6,641712,Dakota Hudson,608331,Max Fried
2024-08-10,746112,Dodger Stadium,Los Angeles Dodgers,Pittsburgh Pirates,4,0,1,0,4,1,8,9,6,5,689981,River Ryan,694973,Paul Skenes
2024-08-10,745219,T-Mobile Park,Seattle Mariners,New York Mets,3,0,3,0,4,0,6,4,4,1,669302,Logan Gilbert,640455,Sean Manaea
2024-08-11,744816,Nationals Park,Washington Nationals,Los Angeles Angels,0,5,0,0,4,6,9,9,2,6,669022,MacKenzie Gore,686799,Jack Kochanowicz
2024-08-11,746923,Fenway Park,Boston Red Sox,Houston Astros,0,6,0,0,2,10,6,13,3,9,572020,James Paxton,686613,Hunter Brown
2024-08-11,745711,Yankee Stadium,New York Yankees,Texas Rangers,5,0,1,0,8,7,12,12,6,3,573186,Marcus Stroman,571760,Andrew Heaney
2024-08-11,744895,Rogers Centre,Toronto Blue Jays,Oakland Athletics,1,7,0,6,4,8,5,12,1,9,605135,Chris Bassitt,676664,JP Sears
2024-08-11,745057,Tropicana Field,Tampa Bay Rays,Baltimore Orioles,0,1,0,0,2,1,6,9,4,5,605488,Jeffrey Springs,544150,Albert Suárez
2024-08-11,746025,loanDepot park,Miami Marlins,San Diego Padres,5,1,2,0,7,6,10,10,6,3,676974,Max Meyer,656302,Dylan Cease
2024-08-11,745872,Target Field,Minnesota Twins,Cleveland Guardians,1,1,0,0,3,5,11,9,5,3,701581,David Festa,676440,Tanner Bibee
2024-08-11,745956,American Family Field,Milwaukee Brewers,Cincinnati Reds,2,3,0,0,3,4,5,5,2,4,669084,DL Hall,666157,Nick Lodolo
2024-08-11,746517,Coors Field,Colorado Rockies,Atlanta Braves,2,3,0,1,9,8,16,13,6,4,607536,Kyle Freeland,680885,Spencer Schwellenbach
2024-08-11,745303,Oracle Park,San Francisco Giants,Detroit Tigers,2,5,2,1,4,5,8,9,3,6,806185,Hayden Birdsong,672456,Keider Montero
2024-08-11,746114,Dodger Stadium,Los Angeles Dodgers,Pittsburgh Pirates,4,2,2,0,6,5,13,9,7,4,607192,Tyler Glasnow,663559,Bailey Falter
2024-08-11,747166,Chase Field,Arizona Diamondbacks,Philadelphia Phillies,8,2,1,2,12,5,18,8,13,3,518876,Merrill Kelly,650911,Cristopher Sánchez
2024-08-11,745216,T-Mobile Park,Seattle Mariners,New York Mets,4,0,0,0,12,1,12,6,6,3,622491,Luis Castillo,622663,Luis Severino
2024-08-12,746603,Progressive Field,Cleveland Guardians,Chicago Cubs,7,3,0,0,9,8,11,9,7,5,594902,Ben Lively,684007,Shota Imanaga
2024-08-12,746682,Great American Ball Park,Cincinnati Reds,St. Louis Cardinals,6,1,0,0,6,1,6,5,5,4,671096,Andrew Abbott,543243,Sonny Gray
2024-08-12,745058,Tropicana Field,Tampa Bay Rays,Houston Astros,1,6,0,1,1,6,4,10,3,8,671737,Taj Bradley,664285,Framber Valdez
2024-08-12,746921,Fenway Park,Boston Red Sox,Texas Rangers,3,1,0,0,5,4,9,6,3,4,678394,Brayan Bello,641816,Tyler Mahle
2024-08-12,745874,Target Field,Minnesota Twins,Kansas City Royals,6,2,0,1,8,3,10,8,8,4,641154,Pablo López,663903,Brady Singer
2024-08-12,746762,Guaranteed Rate Field,Chicago White Sox,New York Yankees,5,2,2,1,12,2,18,9,10,6,681066,Ky Bush,661563,Luis Gil
2024-08-12,745953,American Family Field,Milwaukee Brewers,Los Angeles Dodgers,0,4,0,0,2,5,6,6,2,5,642547,Freddy Peralta,477132,Clayton Kershaw
2024-08-12,746192,Angel Stadium,Los Angeles Angels,Toronto Blue Jays,1,4,0,0,2,4,2,9,1,8,669721,Davis Daniel,670102,Bowden Francis
2024-08-12,747165,Chase Field,Arizona Diamondbacks,Colorado Rockies,1,3,0,0,5,4,8,9,3,6,694297,Brandon Pfaadt,687134,Bradley Blalock
2024-08-12,745383,Petco Park,San Diego Padres,Pittsburgh Pirates,0,0,0,0,2,1,6,7,2,2,605397,Joe Musgrove,663765,Jake Woodford
2024-08-12,745300,Oracle Park,San Francisco Giants,Atlanta Braves,0,0,0,0,0,1,4,4,3,0,605483,Blake Snell,519242,Chris Sale
2024-08-13,747004,Oriole Park at Camden Yards,Baltimore Orioles,Washington Nationals,2,4,0,2,3,9,10,14,7,6,669432,Trevor Rogers,663623,Jake Irvin
2024-08-13,746601,Progressive Field,Cleveland Guardians,Chicago Cubs,1,1,0,0,2,1,6,5,5,3,571510,Matthew Boyd,665871,Javier Assad
2024-08-13,746435,Comerica Park,Detroit Tigers,Seattle Mariners,11,1,1,0,15,1,20,3,13,3,669373,Tarik Skubal,669923,George Kirby
2024-08-13,746673,Great American Ball Park,Cincinnati Reds,St. Louis Cardinals,2,0,1,0,4,1,6,4,4,1,668881,Hunter Greene,607200,Erick Fedde
2024-08-13,745548,Citizens Bank Park,Philadelphia Phillies,Miami Marlins,0,3,0,2,0,5,4,8,3,4,592836,Taijuan Walker,678368,Valente Bellozo
2024-08-13,745055,Tropicana Field,Tampa Bay Rays,Houston Astros,1,2,0,0,2,3,5,9,3,5,669358,Shane Baz,579328,Yusei Kikuchi
2024-08-13,745788,Citi Field,New York Mets,Oakland Athletics,4,7,0,3,4,9,9,11,7,8,621112,Paul Blackburn,671212,Joe Boyle
2024-08-13,746924,Fenway Park,Boston Red Sox,Texas Rangers,6,0,1,0,9,4,12,6,7,0,676710,Kutter Crawford,570632,José Ureña
2024-08-13,745867,Target Field,Minnesota Twins,Kansas City Royals,8,2,3,0,13,3,15,7,10,5,805673,Zebby Matthews,607625,Seth Lugo
2024-08-13,746757,Guaranteed Rate Field,Chicago White Sox,New York Yankees,0,3,0,0,1,4,5,9,2,5,686563,Jonathan Cannon,641482,Nestor Cortes
2024-08-13,745954,American Family Field,Milwaukee Brewers,Los Angeles Dodgers,1,7,0,0,2,7,6,13,3,10,607067,Colin Rea,694813,Gavin Stone
2024-08-13,746187,Angel Stadium,Los Angeles Angels,Toronto Blue Jays,0,5,0,3,1,6,7,7,6,5,608334,Carson Fulmer,592332,Kevin Gausman
2024-08-13,747160,Chase Field,Arizona Diamondbacks,Colorado Rockies,2,3,0,0,4,3,9,6,5,6,593958,Eduardo Rodriguez,596295,Austin Gomber
2024-08-13,745382,Petco Park,San Diego Padres,Pittsburgh Pirates,2,0,1,0,3,0,7,9,3,6,650633,Michael King,682847,Luis Ortiz
2024-08-13,745302,Oracle Park,San Francisco Giants,Atlanta Braves,2,3,0,0,3,4,7,10,6,6,690986,Kyle Harrison,450203,Charlie Morton
2024-08-14,745869,Target Field,Minnesota Twins,Kansas City Royals,1,2,0,0,1,4,7,11,5,7,686973,Louis Varland,666142,Cole Ragans
2024-08-14,747163,Chase Field,Arizona Diamondbacks,Colorado Rockies,6,1,4,0,11,4,9,8,7,2,656756,Jordan Montgomery,685299,Tanner Gordon
2024-08-14,745381,Petco Park,San Diego Padres,Pittsburgh Pirates,8,0,3,0,8,2,10,8,8,3,527048,Martín Pérez,656605,Mitch Keller
2024-08-14,746919,Fenway Park,Boston Red Sox,Texas Rangers,2,1,0,0,7,9,10,15,3,4,656557,Tanner Houck,641540,Dane Dunning
2024-08-14,747000,Oriole Park at Camden Yards,Baltimore Orioles,Washington Nationals,2,1,2,0,4,1,7,5,4,5,665152,Dean Kremer,687792,DJ Herz
2024-08-14,746598,Progressive Field,Cleveland Guardians,Chicago Cubs,4,1,0,0,6,1,7,5,5,3,502171,Alex Cobb,592791,Jameson Taillon
2024-08-14,746436,Comerica Park,Detroit Tigers,Seattle Mariners,0,1,0,0,3,2,7,5,3,4,689225,Beau Brieske,693433,Bryan Woo
2024-08-14,746677,Great American Ball Park,Cincinnati Reds,St. Louis Cardinals,7,0,0,0,9,2,13,10,9,4,641941,Emilio Pagán,502043,Kyle Gibson
2024-08-14,745544,Citizens Bank Park,Philadelphia Phillies,Miami Marlins,6,5,0,3,9,5,13,11,7,9,663969,Tyler Phillips,665795,Edward Cabrera
2024-08-14,745053,Tropicana Field,Tampa Bay Rays,Houston Astros,0,1,0,0,1,2,2,2,1,1,641793,Zack Littell,669854,Ronel Blanco
2024-08-14,745790,Citi Field,New York Mets,Oakland Athletics,3,0,0,0,9,1,11,6,6,1,656849,David Peterson,683155,Joey Estes
2024-08-14,746759,Guaranteed Rate Field,Chicago White Sox,New York Yankees,2,1,0,1,2,10,9,12,7,4,663436,Davis Martin,701542,Will Warren
2024-08-14,745951,American Family Field,Milwaukee Brewers,Los Angeles Dodgers,4,3,0,3,5,4,5,9,4,5,593423,Frankie Montas,621111,Walker Buehler
2024-08-14,746188,Angel Stadium,Los Angeles Angels,Toronto Blue Jays,1,6,0,0,2,9,3,8,2,5,542881,Tyler Anderson,621244,José Berríos
2024-08-14,745301,Oracle Park,San Francisco Giants,Atlanta Braves,1,7,1,5,2,13,9,11,6,3,592662,Robbie Ray,656550,Grant Holmes
2024-08-15,745783,Citi Field,New York Mets,Oakland Athletics,6,5,0,0,6,7,9,12,7,8,500779,Jose Quintana,687765,Mitch Spence
2024-08-15,746437,Comerica Park,Detroit Tigers,Seattle Mariners,0,1,0,1,2,1,3,1,2,1,656412,Alex Faedo,682243,Bryce Miller
2024-08-15,745950,American Family Field,Milwaukee Brewers,Los Angeles Dodgers,3,3,3,0,6,4,7,10,4,7,668964,Tobias Myers,656427,Jack Flaherty
2024-08-15,745298,Oracle Park,San Francisco Giants,Atlanta Braves,2,0,0,0,6,0,10,4,5,2,657277,Logan Webb,608331,Max Fried
2024-08-15,747002,Oriole Park at Camden Yards,Baltimore Orioles,Boston Red Sox,3,1,0,0,5,1,8,7,3,4,621107,Zach Eflin,601713,Nick Pivetta
2024-08-15,745545,Citizens Bank Park,Philadelphia Phillies,Washington Nationals,9,1,4,0,13,3,17,8,12,2,554430,Zack Wheeler,680730,Mitchell Parker
2024-08-15,744980,Globe Life Field,Texas Rangers,Minnesota Twins,2,2,2,0,2,3,8,6,7,5,674003,Cody Bradford,641927,Bailey Ober
2024-08-16,746843,Wrigley Field,Chicago Cubs,Toronto Blue Jays,4,2,2,0,6,5,7,10,4,5,543294,Kyle Hendricks,684320,Yariel Rodríguez
2024-08-16,746674,Great American Ball Park,Cincinnati Reds,Kansas City Royals,0,1,0,0,1,7,4,13,1,4,607259,Nick Martinez,547179,Michael Lorenzen
2024-08-16,745462,PNC Park,Pittsburgh Pirates,Seattle Mariners,3,2,0,0,5,3,8,5,4,2,694973,Paul Skenes,669302,Logan Gilbert
2024-08-16,745542,Citizens Bank Park,Philadelphia Phillies,Washington Nationals,2,0,0,0,3,2,10,11,7,6,605400,Aaron Nola,571578,Patrick Corbin
2024-08-16,746438,Comerica Park,Detroit Tigers,New York Yankees,0,2,0,1,0,3,5,5,2,3,689225,Beau Brieske,543037,Gerrit Cole
2024-08-16,745054,Tropicana Field,Tampa Bay Rays,Arizona Diamondbacks,1,2,0,2,5,4,10,10,3,6,686752,Ryan Pepiot,669194,Ryne Nelson
2024-08-16,747001,Oriole Park at Camden Yards,Baltimore Orioles,Boston Red Sox,6,8,0,2,10,12,17,14,10,10,669203,Corbin Burnes,657514,Brennan Bernardino
2024-08-16,745784,Citi Field,New York Mets,Miami Marlins,7,3,1,0,7,3,10,6,9,5,640455,Sean Manaea,682610,Roddery Muñoz
2024-08-16,744974,Globe Life Field,Texas Rangers,Minnesota Twins,2,4,0,0,3,4,8,5,3,5,571760,Andrew Heaney,680573,Simeon Woods Richardson
2024-08-16,746357,Minute Maid Park,Houston Astros,Chicago White Sox,1,4,0,0,4,5,8,11,4,7,681293,Spencer Arrighetti,676979,Garrett Crochet
2024-08-16,745949,American Family Field,Milwaukee Brewers,Cleveland Guardians,5,0,3,0,5,3,6,7,6,4,650644,Aaron Civale,668909,Gavin Williams
2024-08-16,745144,Busch Stadium,St. Louis Cardinals,Los Angeles Dodgers,4,2,0,0,6,7,6,12,4,4,571945,Miles Mikolas,680736,Justin Wrobleski
2024-08-16,746518,Coors Field,Colorado Rockies,San Diego Padres,6,3,4,0,7,3,10,10,7,6,615698,Cal Quantrill,663362,Matt Waldron
2024-08-16,746189,Angel Stadium,Los Angeles Angels,Atlanta Braves,2,2,0,0,3,2,6,8,4,4,667755,José Soriano,680885,Spencer Schwellenbach
2024-08-17,745463,PNC Park,Pittsburgh Pirates,Seattle Mariners,3,2,1,0,7,2,9,8,3,8,663559,Bailey Falter,622491,Luis Castillo
2024-08-17,746434,Comerica Park,Detroit Tigers,New York Yankees,4,0,1,0,4,0,10,4,7,2,672456,Keider Montero,607074,Carlos Rodón
2024-08-17,746841,Wrigley Field,Chicago Cubs,Toronto Blue Jays,3,0,1,0,3,2,5,7,5,2,657006,Justin Steele,605135,Chris Bassitt
2024-08-17,745049,Tropicana Field,Tampa Bay Rays,Arizona Diamondbacks,4,1,2,0,6,1,13,5,9,4,605488,Jeffrey Springs,668678,Zac Gallen
2024-08-17,745785,Citi Field,New York Mets,Miami Marlins,4,0,1,0,4,0,7,4,6,3,622663,Luis Severino,676974,Max Meyer
2024-08-17,745537,Citizens Bank Park,Philadelphia Phillies,Washington Nationals,1,1,0,0,5,1,10,2,4,1,650911,Cristopher Sánchez,669022,MacKenzie Gore
2024-08-17,746675,Great American Ball Park,Cincinnati Reds,Kansas City Royals,0,13,0,1,1,13,7,15,4,14,666157,Nick Lodolo,608379,Michael Wacha
2024-08-17,746997,Oriole Park at Camden Yards,Baltimore Orioles,Boston Red Sox,0,0,0,0,1,5,5,10,0,2,700249,Cade Povich,678394,Brayan Bello
2024-08-17,744977,Globe Life Field,Texas Rangers,Minnesota Twins,2,1,0,0,2,5,8,8,6,3,543135,Nathan Eovaldi,701581,David Festa
2024-08-17,745626,Oakland Coliseum,Oakland Athletics,San Francisco Giants,1,0,0,0,2,0,6,4,3,0,674370,Osvaldo Bido,806185,Hayden Birdsong
2024-08-17,746355,Minute Maid Park,Houston Astros,Chicago White Sox,4,1,0,1,6,1,13,5,7,3,686613,Hunter Brown,623167,Chris Flexen
2024-08-17,745140,Busch Stadium,St. Louis Cardinals,Los Angeles Dodgers,4,2,1,1,5,2,11,4,8,4,669467,Andre Pallante,676272,Bobby Miller
2024-08-17,745952,American Family Field,Milwaukee Brewers,Cleveland Guardians,2,1,1,0,2,1,4,4,3,4,642547,Freddy Peralta,676440,Tanner Bibee
2024-08-17,746515,Coors Field,Colorado Rockies,San Diego Padres,0,5,0,0,3,8,5,15,1,8,607536,Kyle Freeland,656302,Dylan Cease
2024-08-17,746190,Angel Stadium,Los Angeles Angels,Atlanta Braves,0,9,0,3,3,11,11,12,3,10,656288,Griffin Canning,519242,Chris Sale
2024-08-18,745786,Citi Field,New York Mets,Miami Marlins,1,1,0,0,2,3,9,8,5,3,621112,Paul Blackburn,678368,Valente Bellozo
2024-08-18,746999,Oriole Park at Camden Yards,Baltimore Orioles,Boston Red Sox,1,0,0,0,4,2,3,11,2,5,544150,Albert Suárez,676710,Kutter Crawford
2024-08-18,745464,PNC Park,Pittsburgh Pirates,Seattle Mariners,0,8,0,2,3,10,5,13,2,10,663765,Jake Woodford,669923,George Kirby
2024-08-18,745539,Citizens Bank Park,Philadelphia Phillies,Washington Nationals,2,3,1,0,4,6,10,11,6,4,592836,Taijuan Walker,663623,Jake Irvin
2024-08-18,746676,Great American Ball Park,Cincinnati Reds,Kansas City Royals,0,4,0,0,1,8,7,13,4,6,671096,Andrew Abbott,663903,Brady Singer
2024-08-18,745051,Tropicana Field,Tampa Bay Rays,Arizona Diamondbacks,5,0,0,0,8,7,11,10,8,0,656876,Drew Rasmussen,518876,Merrill Kelly
2024-08-18,746359,Minute Maid Park,Houston Astros,Chicago White Sox,0,0,0,0,2,0,5,3,3,2,664285,Framber Valdez,681066,Ky Bush
2024-08-18,745948,American Family Field,Milwaukee Brewers,Cleveland Guardians,2,0,1,0,2,0,6,2,5,0,607067,Colin Rea,594902,Ben Lively
2024-08-18,745139,Busch Stadium,St. Louis Cardinals,Los Angeles Dodgers,0,2,0,0,1,2,6,9,2,7,543243,Sonny Gray,477132,Clayton Kershaw
2024-08-18,746838,Wrigley Field,Chicago Cubs,Toronto Blue Jays,0,1,0,0,0,1,4,8,2,4,684007,Shota Imanaga,670102,Bowden Francis
2024-08-18,744975,Globe Life Field,Texas Rangers,Minnesota Twins,0,4,0,3,6,5,12,7,5,6,641816,Tyler Mahle,641154,Pablo López
2024-08-18,746516,Coors Field,Colorado Rockies,San Diego Padres,1,1,0,0,3,2,6,7,3,5,687134,Bradley Blalock,605397,Joe Musgrove
2024-08-18,745621,Oakland Coliseum,Oakland Athletics,San Francisco Giants,0,0,0,0,2,4,8,9,2,4,676664,JP Sears,605483,Blake Snell
2024-08-18,746186,Angel Stadium,Los Angeles Angels,Atlanta Braves,1,2,0,1,1,3,3,8,2,7,686799,Jack Kochanowicz,450203,Charlie Morton
2024-08-18,746431,Journey Bank Ballpark,Detroit Tigers,New York Yankees,0,0,0,0,3,2,8,6,3,3,669373,Tarik Skubal,573186,Marcus Stroman
2024-08-19,746027,loanDepot park,Miami Marlins,Arizona Diamondbacks,2,5,0,0,6,9,12,8,7,3,670124,Adam Oller,694297,Brandon Pfaadt
2024-08-19,744898,Rogers Centre,Toronto Blue Jays,Cincinnati Reds,2,2,1,0,3,6,6,9,4,4,592332,Kevin Gausman,687924,Julian Aguiar
2024-08-19,745780,Citi Field,New York Mets,Baltimore Orioles,3,1,2,0,4,3,6,6,5,4,656849,David Peterson,669432,Trevor Rogers
2024-08-19,744976,Globe Life Field,Texas Rangers,Pittsburgh Pirates,4,3,1,0,4,3,5,7,5,6,641540,Dane Dunning,682847,Luis Ortiz
2024-08-19,746351,Minute Maid Park,Houston Astros,Boston Red Sox,2,2,0,2,5,4,13,7,6,6,579328,Yusei Kikuchi,656557,Tanner Houck
2024-08-19,746270,Kauffman Stadium,Kansas City Royals,Los Angeles Angels,3,0,0,0,5,3,9,6,6,2,607625,Seth Lugo,608334,Carson Fulmer
2024-08-19,745620,Oakland Coliseum,Oakland Athletics,Tampa Bay Rays,3,0,2,0,3,0,6,2,5,1,671212,Joe Boyle,671737,Taj Bradley
2024-08-19,745380,Petco Park,San Diego Padres,Minnesota Twins,5,2,2,1,5,3,4,5,4,4,650633,Michael King,805673,Zebby Matthews
2024-08-19,745294,Oracle Park,San Francisco Giants,Chicago White Sox,4,1,0,0,5,3,12,11,7,5,690986,Kyle Harrison,686563,Jonathan Cannon
2024-08-19,746109,Dodger Stadium,Los Angeles Dodgers,Seattle Mariners,0,0,0,0,3,0,4,2,1,2,694813,Gavin Stone,693433,Bryan Woo
2024-08-20,746029,loanDepot park,Miami Marlins,Arizona Diamondbacks,1,2,0,1,1,3,7,4,5,3,665795,Edward Cabrera,593958,Eduardo Rodriguez
2024-08-20,744814,Nationals Park,Washington Nationals,Colorado Rockies,0,1,0,1,1,3,5,10,2,3,687792,DJ Herz,596295,Austin Gomber
2024-08-20,745707,Yankee Stadium,New York Yankees,Cleveland Guardians,3,3,2,0,5,9,7,12,4,5,661563,Luis Gil,571510,Matthew Boyd
2024-08-20,744896,Rogers Centre,Toronto Blue Jays,Cincinnati Reds,10,1,1,0,10,3,13,9,13,3,621244,José Berríos,686730,Carson Spiers
2024-08-20,745782,Citi Field,New York Mets,Baltimore Orioles,1,7,0,2,5,9,5,11,2,8,500779,Jose Quintana,665152,Dean Kremer
2024-08-20,747083,Truist Park,Atlanta Braves,Philadelphia Phillies,1,1,0,0,3,1,7,5,5,5,625643,Reynaldo López,554430,Zack Wheeler
2024-08-20,745136,Busch Stadium,St. Louis Cardinals,Milwaukee Brewers,0,2,0,0,2,3,6,8,1,5,607200,Erick Fedde,593423,Frankie Montas
2024-08-20,746839,Wrigley Field,Chicago Cubs,Detroit Tigers,2,1,0,0,3,1,5,9,4,5,665871,Javier Assad,656412,Alex Faedo
2024-08-20,744978,Globe Life Field,Texas Rangers,Pittsburgh Pirates,0,3,0,0,0,4,3,7,1,4,674003,Cody Bradford,656605,Mitch Keller
2024-08-20,746349,Minute Maid Park,Houston Astros,Boston Red Sox,5,5,3,3,5,6,7,9,6,6,669854,Ronel Blanco,601713,Nick Pivetta
2024-08-20,746266,Kauffman Stadium,Kansas City Royals,Los Angeles Angels,2,2,0,0,5,9,11,11,5,2,666142,Cole Ragans,542881,Tyler Anderson
2024-08-20,745624,Oakland Coliseum,Oakland Athletics,Tampa Bay Rays,0,0,0,0,0,1,3,3,1,1,683155,Joey Estes,669358,Shane Baz
2024-08-20,745374,Petco Park,San Diego Padres,Minnesota Twins,1,3,0,0,7,5,10,13,2,7,527048,Martín Pérez,641927,Bailey Ober
2024-08-20,745295,Oracle Park,San Francisco Giants,Chicago White Sox,3,1,0,0,4,1,7,3,5,2,592662,Robbie Ray,663436,Davis Martin
2024-08-20,746107,Dodger Stadium,Los Angeles Dodgers,Seattle Mariners,2,3,0,2,6,3,10,8,5,7,621111,Walker Buehler,682243,Bryce Miller
2024-08-21,745781,Citi Field,New York Mets,Baltimore Orioles,2,0,0,0,4,3,8,3,5,0,640455,Sean Manaea,608344,Cole Irvin
2024-08-21,746350,Minute Maid Park,Houston Astros,Boston Red Sox,1,2,1,1,1,4,8,7,4,4,434378,Justin Verlander,681867,Cooper Criswell
2024-08-21,744973,Globe Life Field,Texas Rangers,Pittsburgh Pirates,0,0,0,0,1,0,6,8,2,5,571760,Andrew Heaney,593334,Domingo Germán
2024-08-21,745297,Oracle Park,San Francisco Giants,Chicago White Sox,2,2,0,1,2,6,6,8,4,4,657277,Logan Webb,676979,Garrett Crochet
2024-08-21,745375,Petco Park,San Diego Padres,Minnesota Twins,1,10,0,0,4,11,8,18,4,13,663362,Matt Waldron,680573,Simeon Woods Richardson
2024-08-21,746028,loanDepot park,Miami Marlins,Arizona Diamondbacks,6,3,2,1,8,10,14,12,9,5,682610,Roddery Muñoz,656756,Jordan Montgomery
2024-08-21,744812,Nationals Park,Washington Nationals,Colorado Rockies,5,0,0,0,6,1,12,6,9,3,680730,Mitchell Parker,685299,Tanner Gordon
2024-08-21,745704,Yankee Stadium,New York Yankees,Cleveland Guardians,7,0,2,0,8,1,9,4,7,3,641482,Nestor Cortes,676282,Joey Cantillo
2024-08-21,744893,Rogers Centre,Toronto Blue Jays,Cincinnati Reds,6,7,3,0,7,11,10,11,6,7,684320,Yariel Rodríguez,607259,Nick Martinez
2024-08-21,747084,Truist Park,Atlanta Braves,Philadelphia Phillies,2,0,0,0,2,3,9,5,6,2,608331,Max Fried,605400,Aaron Nola
2024-08-21,745138,Busch Stadium,St. Louis Cardinals,Milwaukee Brewers,2,1,0,0,10,6,13,11,7,5,502043,Kyle Gibson,668964,Tobias Myers
2024-08-21,746837,Wrigley Field,Chicago Cubs,Detroit Tigers,2,4,0,0,2,8,6,10,3,6,592791,Jameson Taillon,689225,Beau Brieske
2024-08-21,746267,Kauffman Stadium,Kansas City Royals,Los Angeles Angels,2,0,0,0,3,0,8,4,4,3,547179,Michael Lorenzen,456501,Johnny Cueto
2024-08-21,745622,Oakland Coliseum,Oakland Athletics,Tampa Bay Rays,1,2,1,0,2,4,5,7,1,5,687765,Mitch Spence,686752,Ryan Pepiot
2024-08-21,746110,Dodger Stadium,Los Angeles Dodgers,Seattle Mariners,8,1,0,0,8,4,10,9,8,4,656427,Jack Flaherty,669302,Logan Gilbert
2024-08-22,744815,Nationals Park,Washington Nationals,Colorado Rockies,2,0,0,0,8,3,11,6,2,3,571578,Patrick Corbin,615698,Cal Quantrill
2024-08-22,745705,Yankee Stadium,New York Yankees,Cleveland Guardians,5,0,0,0,6,0,6,1,5,1,543037,Gerrit Cole,668909,Gavin Williams
2024-08-22,745137,Busch Stadium,St. Louis Cardinals,Milwaukee Brewers,0,0,0,0,3,0,9,3,3,2,571945,Miles Mikolas,642547,Freddy Peralta
2024-08-22,746836,Wrigley Field,Chicago Cubs,Detroit Tigers,6,0,0,0,10,2,13,5,8,2,657006,Justin Steele,663947,Tyler Holton
2024-08-22,745623,Oakland Coliseum,Oakland Athletics,Tampa Bay Rays,3,1,0,0,3,1,9,6,7,2,674370,Osvaldo Bido,605488,Jeffrey Springs
2024-08-22,745465,PNC Park,Pittsburgh Pirates,Cincinnati Reds,6,0,0,0,7,0,7,5,4,2,694973,Paul Skenes,666157,Nick Lodolo
2024-08-22,744894,Rogers Centre,Toronto Blue Jays,Los Angeles Angels,5,0,0,0,5,3,8,9,6,4,621114,Ryan Burr,656271,Brock Burke
2024-08-22,746998,Oriole Park at Camden Yards,Baltimore Orioles,Houston Astros,0,2,0,0,0,6,3,8,3,3,669203,Corbin Burnes,681293,Spencer Arrighetti
2024-08-22,747082,Truist Park,Atlanta Braves,Philadelphia Phillies,2,1,0,1,3,2,10,3,8,1,680885,Spencer Schwellenbach,650911,Cristopher Sánchez
2024-08-22,745379,Petco Park,San Diego Padres,New York Mets,1,3,0,1,3,8,7,17,5,8,656302,Dylan Cease,622663,Luis Severino
2024-08-23,745460,PNC Park,Pittsburgh Pirates,Cincinnati Reds,4,5,0,1,6,5,8,9,4,6,663559,Bailey Falter,571656,Buck Farmer
2024-08-23,746995,Oriole Park at Camden Yards,Baltimore Orioles,Houston Astros,2,4,0,0,7,5,8,10,2,6,700249,Cade Povich,686613,Hunter Brown
2024-08-23,745702,Yankee Stadium,New York Yankees,Colorado Rockies,2,0,0,0,3,0,5,4,3,4,607074,Carlos Rodón,607536,Kyle Freeland
2024-08-23,744889,Rogers Centre,Toronto Blue Jays,Los Angeles Angels,2,4,0,0,5,4,10,6,4,4,605135,Chris Bassitt,686799,Jack Kochanowicz
2024-08-23,746920,Fenway Park,Boston Red Sox,Arizona Diamondbacks,1,2,1,2,2,12,6,16,4,4,678394,Brayan Bello,669194,Ryne Nelson
2024-08-23,746597,Progressive Field,Cleveland Guardians,Texas Rangers,3,4,0,0,3,5,7,10,7,7,676440,Tanner Bibee,543135,Nathan Eovaldi
2024-08-23,746024,loanDepot park,Miami Marlins,Chicago Cubs,3,3,0,0,3,6,8,9,7,5,676974,Max Meyer,543294,Kyle Hendricks
2024-08-23,747080,Truist Park,Atlanta Braves,Washington Nationals,1,2,1,0,3,2,8,10,5,7,519242,Chris Sale,669022,MacKenzie Gore
2024-08-23,745870,Target Field,Minnesota Twins,St. Louis Cardinals,1,3,0,0,1,6,5,9,5,4,701581,David Festa,669467,Andre Pallante
2024-08-23,746268,Kauffman Stadium,Kansas City Royals,Philadelphia Phillies,7,2,1,0,7,4,12,11,10,5,608379,Michael Wacha,592836,Taijuan Walker
2024-08-23,746758,Guaranteed Rate Field,Chicago White Sox,Detroit Tigers,2,2,0,1,2,5,9,10,6,5,623167,Chris Flexen,672456,Keider Montero
2024-08-23,745378,Petco Park,San Diego Padres,New York Mets,6,0,1,0,7,0,16,2,12,1,605397,Joe Musgrove,621112,Paul Blackburn
2024-08-23,745625,Oakland Coliseum,Oakland Athletics,Milwaukee Brewers,3,7,1,0,3,11,6,14,4,9,676664,JP Sears,650644,Aaron Civale
2024-08-23,745217,T-Mobile Park,Seattle Mariners,San Francisco Giants,1,3,0,1,6,5,8,8,2,4,622491,Luis Castillo,806185,Hayden Birdsong
2024-08-23,746111,Dodger Stadium,Los Angeles Dodgers,Tampa Bay Rays,3,3,0,1,7,3,9,8,5,7,676272,Bobby Miller,641302,Tyler Alexander
2024-08-24,745703,Yankee Stadium,New York Yankees,Colorado Rockies,2,7,0,1,2,9,5,13,4,9,701542,Will Warren,687134,Bradley Blalock
2024-08-24,744890,Rogers Centre,Toronto Blue Jays,Los Angeles Angels,2,0,2,0,3,1,8,1,7,0,670102,Bowden Francis,608334,Carson Fulmer
2024-08-24,746996,Oriole Park at Camden Yards,Baltimore Orioles,Houston Astros,0,1,0,1,3,2,7,6,3,3,544150,Albert Suárez,664285,Framber Valdez
2024-08-24,745617,Oakland Coliseum,Oakland Athletics,Milwaukee Brewers,1,5,1,0,5,9,12,10,4,5,671212,Joe Boyle,607067,Colin Rea
2024-08-24,746917,Fenway Park,Boston Red Sox,Arizona Diamondbacks,0,2,0,0,1,4,5,6,1,3,676710,Kutter Crawford,668678,Zac Gallen
2024-08-24,745218,T-Mobile Park,Seattle Mariners,San Francisco Giants,2,3,0,1,3,4,4,11,2,9,669923,George Kirby,605483,Blake Snell
2024-08-24,746022,loanDepot park,Miami Marlins,Chicago Cubs,2,7,0,1,2,14,4,17,3,8,678368,Valente Bellozo,684007,Shota Imanaga
2024-08-24,745457,PNC Park,Pittsburgh Pirates,Cincinnati Reds,2,8,0,4,2,10,3,12,3,7,663765,Jake Woodford,687924,Julian Aguiar
2024-08-24,746599,Progressive Field,Cleveland Guardians,Texas Rangers,9,1,1,1,13,5,16,9,11,3,594902,Ben Lively,592351,Jon Gray
2024-08-24,745868,Target Field,Minnesota Twins,St. Louis Cardinals,5,0,0,0,6,0,9,5,7,4,641154,Pablo López,543243,Sonny Gray
2024-08-24,746271,Kauffman Stadium,Kansas City Royals,Philadelphia Phillies,1,2,0,0,2,11,5,18,4,8,663903,Brady Singer,624133,Ranger Suarez
2024-08-24,746756,Guaranteed Rate Field,Chicago White Sox,Detroit Tigers,3,9,0,1,4,13,12,14,8,10,681066,Ky Bush,669373,Tarik Skubal
2024-08-24,747077,Truist Park,Atlanta Braves,Washington Nationals,1,2,0,0,4,2,11,10,3,7,450203,Charlie Morton,663623,Jake Irvin
2024-08-24,745377,Petco Park,San Diego Padres,New York Mets,1,5,0,1,1,7,6,5,3,3,650633,Michael King,656849,David Peterson
2024-08-24,746108,Dodger Stadium,Los Angeles Dodgers,Tampa Bay Rays,6,5,0,4,8,9,8,15,6,9,477132,Clayton Kershaw,671737,Taj Bradley
2024-08-25,747078,Truist Park,Atlanta Braves,Washington Nationals,0,1,0,1,1,5,4,8,1,3,625643,Reynaldo López,687792,DJ Herz
2024-08-25,746918,Fenway Park,Boston Red Sox,Arizona Diamondbacks,4,3,1,0,5,7,9,10,7,5,656557,Tanner Houck,518876,Merrill Kelly
2024-08-25,745459,PNC Park,Pittsburgh Pirates,Cincinnati Reds,2,0,1,0,4,3,10,8,7,2,682847,Luis Ortiz,607259,Nick Martinez
2024-08-25,745706,Yankee Stadium,New York Yankees,Colorado Rockies,4,3,2,1,10,3,12,6,6,5,573186,Marcus Stroman,596295,Austin Gomber
2024-08-25,744892,Rogers Centre,Toronto Blue Jays,Los Angeles Angels,2,1,0,0,8,2,7,3,4,2,592332,Kevin Gausman,542881,Tyler Anderson
2024-08-25,746595,Progressive Field,Cleveland Guardians,Texas Rangers,2,1,1,0,4,2,5,4,2,3,571510,Matthew Boyd,674003,Cody Bradford
2024-08-25,746023,loanDepot park,Miami Marlins,Chicago Cubs,3,1,2,0,7,2,11,6,5,4,670124,Adam Oller,665871,Javier Assad
2024-08-25,745863,Target Field,Minnesota Twins,St. Louis Cardinals,1,1,1,0,2,3,6,8,2,4,805673,Zebby Matthews,607200,Erick Fedde
2024-08-25,746263,Kauffman Stadium,Kansas City Royals,Philadelphia Phillies,2,3,0,0,3,11,10,16,8,8,607625,Seth Lugo,663465,Kolby Allard
2024-08-25,746754,Guaranteed Rate Field,Chicago White Sox,Detroit Tigers,3,5,2,0,4,9,9,14,5,9,686563,Jonathan Cannon,689225,Beau Brieske
2024-08-25,745618,Oakland Coliseum,Oakland Athletics,Milwaukee Brewers,4,2,0,0,4,3,5,4,4,2,683155,Joey Estes,593423,Frankie Montas
2024-08-25,745376,Petco Park,San Diego Padres,New York Mets,0,1,0,0,3,2,7,7,2,6,527048,Martín Pérez,500779,Jose Quintana
2024-08-25,745212,T-Mobile Park,Seattle Mariners,San Francisco Giants,2,2,1,2,4,3,7,5,4,3,693433,Bryan Woo,592662,Robbie Ray
2024-08-25,746106,Dodger Stadium,Los Angeles Dodgers,Tampa Bay Rays,1,0,0,0,3,1,5,5,2,1,694813,Gavin Stone,682052,Jacob Lopez
2024-08-25,746994,Oriole Park at Camden Yards,Baltimore Orioles,Houston Astros,3,3,0,0,3,6,2,10,2,7,665152,Dean Kremer,579328,Yusei Kikuchi
2024-08-26,746628,Progressive Field,Cleveland Guardians,Kansas City Royals,2,3,0,0,3,4,7,6,3,3,680704,Nick Sandlin,666142,Cole Ragans
2024-08-26,746596,Progressive Field,Cleveland Guardians,Kansas City Royals,4,5,3,0,4,9,7,15,5,8,671106,Logan Allen,679525,Alec Marsh
2024-06-26,746942,Fenway Park,Boston Red Sox,Toronto Blue Jays,0,0,0,0,1,4,4,6,1,1,601713,Nick Pivetta,621114,Ryan Burr
2024-08-26,745458,PNC Park,Pittsburgh Pirates,Chicago Cubs,2,3,0,0,8,18,13,21,4,7,656605,Mitch Keller,592791,Jameson Taillon
2024-08-26,745538,Citizens Bank Park,Philadelphia Phillies,Houston Astros,1,2,0,0,3,2,9,8,4,6,554430,Zack Wheeler,669854,Ronel Blanco
2024-08-26,744813,Nationals Park,Washington Nationals,New York Yankees,0,2,0,1,2,5,5,12,1,5,680730,Mitchell Parker,641482,Nestor Cortes
2024-08-26,746915,Fenway Park,Boston Red Sox,Toronto Blue Jays,1,5,0,0,3,7,9,9,6,5,677161,Zack Kelly,621244,José Berríos
2024-08-26,745865,Target Field,Minnesota Twins,Atlanta Braves,3,9,1,4,6,10,9,13,4,9,641927,Bailey Ober,608331,Max Fried
2024-08-26,745133,Busch Stadium,St. Louis Cardinals,San Diego Padres,2,7,0,2,4,7,11,8,6,6,502043,Kyle Gibson,681190,Randy Vásquez
2024-08-26,746753,Guaranteed Rate Field,Chicago White Sox,Detroit Tigers,2,1,1,0,3,6,6,13,4,7,663436,Davis Martin,680744,Ty Madden
2024-08-26,746513,Coors Field,Colorado Rockies,Miami Marlins,2,2,0,0,3,2,6,9,5,7,663372,Ryan Feltner,665795,Edward Cabrera
2024-08-26,745215,T-Mobile Park,Seattle Mariners,Tampa Bay Rays,5,1,0,0,5,1,7,2,7,2,682243,Bryce Miller,686752,Ryan Pepiot
2024-08-27,746429,Comerica Park,Detroit Tigers,Los Angeles Angels,3,2,0,1,6,2,6,5,4,4,676428,Brant Hurter,456501,Johnny Cueto
2024-08-27,746594,Progressive Field,Cleveland Guardians,Kansas City Royals,1,2,0,0,1,6,3,9,3,3,668909,Gavin Williams,547179,Michael Lorenzen
2024-08-27,746671,Great American Ball Park,Cincinnati Reds,Oakland Athletics,1,0,0,0,4,5,11,8,4,0,596001,Jakob Junis,687765,Mitch Spence
2024-08-27,745461,PNC Park,Pittsburgh Pirates,Chicago Cubs,2,9,2,0,5,9,10,7,6,7,683003,Jared Jones,657006,Justin Steele
2024-08-27,745540,Citizens Bank Park,Philadelphia Phillies,Houston Astros,4,0,0,0,5,0,11,6,7,4,605400,Aaron Nola,434378,Justin Verlander
2024-08-27,744811,Nationals Park,Washington Nationals,New York Yankees,3,0,0,0,4,2,7,8,6,2,571578,Patrick Corbin,543037,Gerrit Cole
2024-08-27,746916,Fenway Park,Boston Red Sox,Toronto Blue Jays,6,1,3,0,6,3,9,11,8,7,681867,Cooper Criswell,684320,Yariel Rodríguez
2024-08-27,745864,Target Field,Minnesota Twins,Atlanta Braves,0,4,0,0,6,8,14,11,5,4,680573,Simeon Woods Richardson,680885,Spencer Schwellenbach
2024-08-27,745132,Busch Stadium,St. Louis Cardinals,San Diego Padres,5,4,2,0,5,7,11,10,9,6,571945,Miles Mikolas,656302,Dylan Cease
2024-08-27,746755,Guaranteed Rate Field,Chicago White Sox,Texas Rangers,1,1,0,1,1,3,7,11,5,5,623167,Chris Flexen,571760,Andrew Heaney
2024-08-27,745946,American Family Field,Milwaukee Brewers,San Francisco Giants,2,3,0,0,4,5,7,6,3,3,668964,Tobias Myers,657277,Logan Webb
2024-08-27,746510,Coors Field,Colorado Rockies,Miami Marlins,6,2,4,0,8,9,13,12,10,5,615698,Cal Quantrill,682610,Roddery Muñoz
2024-08-27,747162,Chase Field,Arizona Diamondbacks,New York Mets,0,8,0,0,3,8,7,13,1,8,694297,Brandon Pfaadt,640455,Sean Manaea
2024-08-27,745213,T-Mobile Park,Seattle Mariners,Tampa Bay Rays,0,0,0,0,2,3,5,8,1,2,669302,Logan Gilbert,605488,Jeffrey Springs
2024-08-27,746105,Dodger Stadium,Los Angeles Dodgers,Baltimore Orioles,2,3,0,0,2,3,7,7,5,5,656427,Jack Flaherty,608344,Cole Irvin
2024-08-28,745452,PNC Park,Pittsburgh Pirates,Chicago Cubs,10,3,1,1,10,14,16,16,14,5,694973,Paul Skenes,543294,Kyle Hendricks
2024-08-28,746589,Progressive Field,Cleveland Guardians,Kansas City Royals,2,3,1,2,7,5,13,11,5,6,676440,Tanner Bibee,608379,Michael Wacha
2024-08-28,745541,Citizens Bank Park,Philadelphia Phillies,Houston Astros,0,6,0,1,0,10,3,18,0,12,592836,Taijuan Walker,681293,Spencer Arrighetti
2024-08-28,745211,T-Mobile Park,Seattle Mariners,Tampa Bay Rays,5,1,0,0,6,2,9,6,7,3,622491,Luis Castillo,656876,Drew Rasmussen
2024-08-27,746755,Guaranteed Rate Field,Chicago White Sox,Texas Rangers,1,1,0,1,1,3,7,11,5,5,623167,Chris Flexen,571760,Andrew Heaney
2024-08-28,746430,Comerica Park,Detroit Tigers,Los Angeles Angels,3,0,0,0,3,2,5,6,5,4,669438,Mason Englert,656288,Griffin Canning
2024-08-28,746672,Great American Ball Park,Cincinnati Reds,Oakland Athletics,0,2,0,1,6,9,8,13,1,4,518585,Fernando Cruz,674370,Osvaldo Bido
2024-08-28,744809,Nationals Park,Washington Nationals,New York Yankees,5,2,2,0,5,2,10,7,8,5,669022,MacKenzie Gore,607074,Carlos Rodón
2024-08-28,746913,Fenway Park,Boston Red Sox,Toronto Blue Jays,1,0,1,0,3,0,7,2,3,1,678394,Brayan Bello,605135,Chris Bassitt
2024-08-28,745866,Target Field,Minnesota Twins,Atlanta Braves,0,1,0,1,1,5,7,8,2,2,701581,David Festa,519242,Chris Sale
2024-08-28,745134,Busch Stadium,St. Louis Cardinals,San Diego Padres,3,2,0,2,4,3,11,10,6,8,669467,Andre Pallante,605397,Joe Musgrove
2024-08-28,746752,Guaranteed Rate Field,Chicago White Sox,Texas Rangers,3,3,2,0,3,4,10,10,7,7,641582,Matt Foster,683004,Jack Leiter
2024-08-28,745943,American Family Field,Milwaukee Brewers,San Francisco Giants,5,0,0,0,5,3,7,7,4,1,642547,Freddy Peralta,690986,Kyle Harrison
2024-08-28,746512,Coors Field,Colorado Rockies,Miami Marlins,3,2,0,0,8,2,9,8,4,6,607536,Kyle Freeland,676974,Max Meyer
2024-08-28,747161,Chase Field,Arizona Diamondbacks,New York Mets,4,4,0,0,8,5,9,6,8,4,593958,Eduardo Rodriguez,622663,Luis Severino
2024-08-28,746103,Dodger Stadium,Los Angeles Dodgers,Baltimore Orioles,6,4,1,0,6,4,5,7,5,5,621111,Walker Buehler,669203,Corbin Burnes
2024-08-29,746432,Comerica Park,Detroit Tigers,Los Angeles Angels,0,3,0,0,0,3,8,7,3,5,672456,Keider Montero,686799,Jack Kochanowicz
2024-08-29,746748,Guaranteed Rate Field,Chicago White Sox,Texas Rangers,0,1,0,0,1,2,3,7,1,2,680897,Nick Nastrini,543135,Nathan Eovaldi
2024-08-29,745945,American Family Field,Milwaukee Brewers,San Francisco Giants,6,0,0,0,6,0,8,2,7,2,650644,Aaron Civale,806185,Hayden Birdsong
2024-08-29,745135,Busch Stadium,St. Louis Cardinals,San Diego Padres,2,1,0,0,4,1,11,3,7,3,543243,Sonny Gray,650633,Michael King
2024-08-29,746514,Coors Field,Colorado Rockies,Miami Marlins,6,8,0,0,8,12,12,18,8,10,687134,Bradley Blalock,678368,Valente Bellozo
2024-08-29,747159,Chase Field,Arizona Diamondbacks,New York Mets,2,1,0,0,2,3,7,10,5,5,669194,Ryne Nelson,656849,David Peterson
2024-08-29,746670,Great American Ball Park,Cincinnati Reds,Oakland Athletics,4,6,0,2,10,9,8,14,4,10,687924,Julian Aguiar,669372,J.T. Ginn
2024-08-29,745531,Citizens Bank Park,Philadelphia Phillies,Atlanta Braves,0,3,0,0,5,4,7,7,2,5,650911,Cristopher Sánchez,450203,Charlie Morton
2024-08-29,746914,Fenway Park,Boston Red Sox,Toronto Blue Jays,0,1,0,0,0,2,2,7,0,4,676710,Kutter Crawford,670102,Bowden Francis
2024-08-29,746352,Minute Maid Park,Houston Astros,Kansas City Royals,2,0,0,0,6,3,8,4,4,2,686613,Hunter Brown,663903,Brady Singer
2024-08-29,746102,Dodger Stadium,Los Angeles Dodgers,Baltimore Orioles,5,3,0,0,6,3,14,4,12,2,676272,Bobby Miller,700249,Cade Povich
2024-08-30,746730,Great American Ball Park,Cincinnati Reds,Milwaukee Brewers,4,4,1,0,4,5,9,11,6,6,607259,Nick Martinez,607067,Colin Rea
2024-08-30,746665,Great American Ball Park,Cincinnati Reds,Milwaukee Brewers,0,1,0,0,0,14,5,15,3,2,695076,Rhett Lowder,669084,DL Hall
2024-08-30,746433,Comerica Park,Detroit Tigers,Boston Red Sox,0,3,0,1,5,7,7,8,2,4,663554,Casey Mize,656557,Tanner Houck
2024-08-30,745533,Citizens Bank Park,Philadelphia Phillies,Atlanta Braves,1,4,0,0,2,7,7,9,4,5,624133,Ranger Suarez,625643,Reynaldo López
2024-08-30,744810,Nationals Park,Washington Nationals,Chicago Cubs,3,7,2,0,6,7,8,9,3,8,663623,Jake Irvin,684007,Shota Imanaga
2024-08-30,745052,Tropicana Field,Tampa Bay Rays,San Diego Padres,4,10,0,3,5,13,10,13,7,9,671737,Taj Bradley,527048,Martín Pérez
2024-08-30,745700,Yankee Stadium,New York Yankees,St. Louis Cardinals,4,2,0,0,6,3,6,10,4,8,573186,Marcus Stroman,607200,Erick Fedde
2024-08-30,746593,Progressive Field,Cleveland Guardians,Pittsburgh Pirates,8,6,2,0,10,8,16,12,11,9,594902,Ben Lively,663559,Bailey Falter
2024-08-30,744969,Globe Life Field,Texas Rangers,Oakland Athletics,1,4,0,1,2,9,7,11,4,3,592351,Jon Gray,676664,JP Sears
2024-08-30,746353,Minute Maid Park,Houston Astros,Kansas City Royals,1,0,0,0,3,2,10,2,4,0,664285,Framber Valdez,607625,Seth Lugo
2024-08-30,745862,Target Field,Minnesota Twins,Toronto Blue Jays,2,0,0,0,2,0,4,7,3,2,641154,Pablo López,592332,Kevin Gausman
2024-08-30,746749,Guaranteed Rate Field,Chicago White Sox,New York Mets,1,4,1,0,1,5,5,10,4,5,686563,Jonathan Cannon,656731,Tylor Megill
2024-08-30,746511,Coors Field,Colorado Rockies,Baltimore Orioles,2,3,0,0,3,5,10,11,7,6,596295,Austin Gomber,544150,Albert Suárez
2024-08-30,746184,Angel Stadium,Los Angeles Angels,Seattle Mariners,4,7,2,5,5,9,7,9,4,6,691951,Sam Aldegheri,669923,George Kirby
2024-08-30,747156,Chase Field,Arizona Diamondbacks,Los Angeles Dodgers,5,5,2,2,9,10,13,10,7,6,668678,Zac Gallen,477132,Clayton Kershaw
2024-08-30,745299,Oracle Park,San Francisco Giants,Miami Marlins,0,0,0,0,3,1,6,4,2,2,605483,Blake Snell,670124,Adam Oller
2024-08-31,745699,Yankee Stadium,New York Yankees,St. Louis Cardinals,1,4,0,0,5,6,12,7,4,5,701542,Will Warren,502043,Kyle Gibson
2024-08-31,744808,Nationals Park,Washington Nationals,Chicago Cubs,3,4,0,0,3,5,10,7,6,4,687792,DJ Herz,665871,Javier Assad
2024-08-31,745050,Tropicana Field,Tampa Bay Rays,San Diego Padres,9,2,1,2,11,4,13,10,11,2,669358,Shane Baz,681190,Randy Vásquez
2024-08-31,746424,Comerica Park,Detroit Tigers,Boston Red Sox,2,1,0,1,2,1,9,4,6,4,669373,Tarik Skubal,601713,Nick Pivetta
2024-08-31,746590,Progressive Field,Cleveland Guardians,Pittsburgh Pirates,0,1,0,0,0,3,2,9,1,4,571510,Matthew Boyd,682847,Luis Ortiz
2024-08-31,744971,Globe Life Field,Texas Rangers,Oakland Athletics,2,1,0,0,3,2,9,5,5,2,674003,Cody Bradford,683155,Joey Estes
2024-08-31,746348,Minute Maid Park,Houston Astros,Kansas City Royals,0,0,0,0,5,2,5,7,1,2,579328,Yusei Kikuchi,666142,Cole Ragans
2024-08-31,745859,Target Field,Minnesota Twins,Toronto Blue Jays,0,11,0,7,0,15,4,23,1,15,805673,Zebby Matthews,621244,José Berríos
2024-08-31,746751,Guaranteed Rate Field,Chicago White Sox,New York Mets,2,4,0,3,3,5,9,10,6,5,663436,Davis Martin,500779,Jose Quintana
2024-08-31,745532,Citizens Bank Park,Philadelphia Phillies,Atlanta Braves,1,0,0,0,3,0,5,6,3,4,554430,Zack Wheeler,608331,Max Fried
2024-08-31,746667,Great American Ball Park,Cincinnati Reds,Milwaukee Brewers,2,3,0,0,4,5,8,8,6,3,518585,Fernando Cruz,593423,Frankie Montas
2024-08-31,746507,Coors Field,Colorado Rockies,Baltimore Orioles,5,5,0,0,7,5,9,7,7,6,663372,Ryan Feltner,665152,Dean Kremer
2024-08-31,747158,Chase Field,Arizona Diamondbacks,Los Angeles Dodgers,5,6,4,3,6,8,5,16,5,10,518876,Merrill Kelly,694813,Gavin Stone
2024-08-31,745296,Oracle Park,San Francisco Giants,Miami Marlins,1,2,0,0,3,4,7,7,4,4,696131,Mason Black,665795,Edward Cabrera
2024-08-31,746182,Angel Stadium,Los Angeles Angels,Seattle Mariners,1,4,0,0,5,4,7,8,2,7,542881,Tyler Anderson,693433,Bryan Woo
2024-09-01,746669,Great American Ball Park,Cincinnati Reds,Milwaukee Brewers,3,3,0,0,4,3,10,5,7,5,682227,Brandon Williamson,668964,Tobias Myers
2024-09-01,744806,Nationals Park,Washington Nationals,Chicago Cubs,1,4,0,0,1,14,5,17,4,7,680730,Mitchell Parker,696136,Jordan Wicks
2024-09-01,745701,Yankee Stadium,New York Yankees,St. Louis Cardinals,5,7,0,0,7,14,11,21,7,12,641482,Nestor Cortes,571945,Miles Mikolas
2024-09-01,746426,Comerica Park,Detroit Tigers,Boston Red Sox,2,1,0,0,4,1,3,6,1,4,689225,Beau Brieske,681867,Cooper Criswell
2024-09-01,746592,Progressive Field,Cleveland Guardians,Pittsburgh Pirates,3,0,2,0,6,1,13,2,8,0,502171,Alex Cobb,656605,Mitch Keller
2024-09-01,745048,Tropicana Field,Tampa Bay Rays,San Diego Padres,0,3,0,0,3,4,4,6,1,5,686752,Ryan Pepiot,656302,Dylan Cease
2024-09-01,746347,Minute Maid Park,Houston Astros,Kansas City Royals,3,0,0,0,7,2,9,7,4,3,669854,Ronel Blanco,679525,Alec Marsh
2024-09-01,745861,Target Field,Minnesota Twins,Toronto Blue Jays,0,1,0,1,4,3,6,3,3,1,641927,Bailey Ober,684320,Yariel Rodríguez
2024-09-01,746750,Guaranteed Rate Field,Chicago White Sox,New York Mets,0,1,0,0,0,2,2,7,1,5,676979,Garrett Crochet,640455,Sean Manaea
2024-09-01,744970,Globe Life Field,Texas Rangers,Oakland Athletics,2,1,1,0,6,4,10,16,5,8,679156,Walter Pennington,687765,Mitch Spence
2024-09-01,746505,Coors Field,Colorado Rockies,Baltimore Orioles,0,5,0,1,1,6,6,9,0,5,621389,Ty Blach,621107,Zach Eflin
2024-09-01,745292,Oracle Park,San Francisco Giants,Miami Marlins,5,4,1,0,5,7,6,10,6,5,657277,Logan Webb,670766,Darren McCaughan
2024-09-01,746183,Angel Stadium,Los Angeles Angels,Seattle Mariners,3,2,1,0,3,2,4,5,4,2,702674,Caden Dana,682243,Bryce Miller
2024-09-01,747157,Chase Field,Arizona Diamondbacks,Los Angeles Dodgers,9,1,0,0,14,3,17,9,8,6,694297,Brandon Pfaadt,680736,Justin Wrobleski
2024-09-01,745536,Citizens Bank Park,Philadelphia Phillies,Atlanta Braves,0,2,0,0,3,2,6,6,2,4,605400,Aaron Nola,680885,Spencer Schwellenbach
2024-09-02,745947,American Family Field,Milwaukee Brewers,St. Louis Cardinals,5,2,3,0,9,3,7,6,5,4,642547,Freddy Peralta,669467,Andre Pallante
2024-09-02,746992,Oriole Park at Camden Yards,Baltimore Orioles,Chicago White Sox,5,2,1,2,13,3,18,8,9,6,669203,Corbin Burnes,623167,Chris Flexen
2024-09-02,746668,Great American Ball Park,Cincinnati Reds,Houston Astros,5,2,2,0,5,3,13,6,9,2,687924,Julian Aguiar,434378,Justin Verlander
2024-09-02,746265,Kauffman Stadium,Kansas City Royals,Cleveland Guardians,1,2,0,0,2,4,2,9,1,5,608379,Michael Wacha,668909,Gavin Williams
2024-09-02,747155,Chase Field,Arizona Diamondbacks,Los Angeles Dodgers,1,3,0,0,6,11,12,17,4,8,593958,Eduardo Rodriguez,656427,Jack Flaherty
2024-09-02,745373,Petco Park,San Diego Padres,Detroit Tigers,1,0,0,0,3,0,8,6,4,2,605397,Joe Musgrove,663947,Tyler Holton
2024-09-02,745046,Tropicana Field,Tampa Bay Rays,Minnesota Twins,3,4,2,1,4,5,10,10,8,7,641793,Zack Littell,680573,Simeon Woods Richardson
2024-09-02,745619,Oakland Coliseum,Oakland Athletics,Seattle Mariners,4,3,0,2,5,4,5,6,4,3,674370,Osvaldo Bido,669302,Logan Gilbert
2024-09-02,745779,Citi Field,New York Mets,Boston Red Sox,4,1,0,0,4,1,8,6,7,4,622663,Luis Severino,678394,Brayan Bello
2024-09-02,746833,Wrigley Field,Chicago Cubs,Pittsburgh Pirates,3,0,0,0,3,5,6,8,4,2,592791,Jameson Taillon,683003,Jared Jones
2024-09-02,744972,Globe Life Field,Texas Rangers,New York Yankees,1,2,0,0,4,8,9,12,4,4,683004,Jack Leiter,543037,Gerrit Cole
2024-09-03,746991,Oriole Park at Camden Yards,Baltimore Orioles,Chicago White Sox,9,0,3,0,9,0,8,6,6,4,700249,Cade Povich,680897,Nick Nastrini
2024-09-03,746020,loanDepot park,Miami Marlins,Washington Nationals,1,4,0,0,2,6,8,11,5,8,676974,Max Meyer,571578,Patrick Corbin
2024-09-03,745047,Tropicana Field,Tampa Bay Rays,Minnesota Twins,2,1,0,0,2,1,6,6,5,4,605488,Jeffrey Springs,701581,David Festa
2024-09-03,744891,Rogers Centre,Toronto Blue Jays,Philadelphia Phillies,6,4,6,1,9,10,16,18,12,10,605135,Chris Bassitt,663969,Tyler Phillips
2024-09-03,745778,Citi Field,New York Mets,Boston Red Sox,2,1,0,0,7,2,7,6,1,5,656849,David Peterson,676710,Kutter Crawford
2024-09-03,747079,Truist Park,Atlanta Braves,Colorado Rockies,2,0,0,0,3,0,7,6,6,3,519242,Chris Sale,607536,Kyle Freeland
2024-09-03,746264,Kauffman Stadium,Kansas City Royals,Cleveland Guardians,0,2,0,0,1,7,4,10,1,4,663903,Brady Singer,676440,Tanner Bibee
2024-09-03,746834,Wrigley Field,Chicago Cubs,Pittsburgh Pirates,0,2,0,0,0,5,5,8,4,5,543294,Kyle Hendricks,694973,Paul Skenes
2024-09-03,745944,American Family Field,Milwaukee Brewers,St. Louis Cardinals,3,3,0,2,4,7,5,9,4,6,650644,Aaron Civale,571927,Steven Matz
2024-09-03,744968,Globe Life Field,Texas Rangers,New York Yankees,1,0,0,0,7,4,6,10,1,3,571760,Andrew Heaney,607074,Carlos Rodón
2024-09-03,746185,Angel Stadium,Los Angeles Angels,Los Angeles Dodgers,2,2,0,0,2,6,5,6,5,3,672282,Reid Detmers,621111,Walker Buehler
2024-09-03,745615,Oakland Coliseum,Oakland Athletics,Seattle Mariners,2,2,1,2,3,2,6,5,3,5,669372,J.T. Ginn,622491,Luis Castillo
2024-09-03,745293,Oracle Park,San Francisco Giants,Arizona Diamondbacks,1,7,1,3,7,8,11,11,2,9,690986,Kyle Harrison,669194,Ryne Nelson
2024-09-04,744887,Rogers Centre,Toronto Blue Jays,Philadelphia Phillies,2,3,2,1,2,4,6,8,5,6,670102,Bowden Francis,650911,Cristopher Sánchez
2024-09-04,746990,Oriole Park at Camden Yards,Baltimore Orioles,Chicago White Sox,1,6,1,1,1,8,7,15,4,9,544150,Albert Suárez,686563,Jonathan Cannon
2024-09-04,746666,Great American Ball Park,Cincinnati Reds,Houston Astros,12,1,9,0,12,5,13,9,12,4,607259,Nick Martinez,681293,Spencer Arrighetti
2024-09-04,746019,loanDepot park,Miami Marlins,Washington Nationals,0,0,0,0,4,3,7,5,0,2,678368,Valente Bellozo,669022,MacKenzie Gore
2024-09-04,745045,Tropicana Field,Tampa Bay Rays,Minnesota Twins,8,0,0,0,9,4,9,11,7,4,642121,Cole Sulser,678692,Ronny Henriquez
2024-09-04,745776,Citi Field,New York Mets,Boston Red Sox,4,3,4,0,8,3,7,9,5,6,656731,Tylor Megill,656557,Tanner Houck
2024-09-04,747075,Truist Park,Atlanta Braves,Colorado Rockies,4,2,4,0,5,2,7,5,4,5,450203,Charlie Morton,687134,Bradley Blalock
2024-09-04,746262,Kauffman Stadium,Kansas City Royals,Cleveland Guardians,4,1,0,0,4,1,10,7,8,5,607625,Seth Lugo,594902,Ben Lively
2024-09-04,746835,Wrigley Field,Chicago Cubs,Pittsburgh Pirates,9,0,1,0,12,0,17,0,12,0,684007,Shota Imanaga,593334,Domingo Germán
2024-09-04,745938,American Family Field,Milwaukee Brewers,St. Louis Cardinals,0,2,0,2,2,3,6,5,2,4,607067,Colin Rea,543243,Sonny Gray
2024-09-04,744964,Globe Life Field,Texas Rangers,New York Yankees,5,2,1,0,10,6,14,8,9,3,543135,Nathan Eovaldi,573186,Marcus Stroman
2024-09-04,746178,Angel Stadium,Los Angeles Angels,Los Angeles Dodgers,7,0,5,0,10,1,11,6,5,2,656288,Griffin Canning,676272,Bobby Miller
2024-09-04,745370,Petco Park,San Diego Padres,Detroit Tigers,5,5,0,1,6,5,10,7,7,6,506433,Yu Darvish,672456,Keider Montero
2024-09-04,745614,Oakland Coliseum,Oakland Athletics,Seattle Mariners,1,5,1,0,3,16,7,16,4,5,676664,JP Sears,669923,George Kirby
2024-09-04,745290,Oracle Park,San Francisco Giants,Arizona Diamondbacks,0,3,0,1,4,6,4,7,0,4,806185,Hayden Birdsong,668678,Zac Gallen
2024-09-05,746664,Great American Ball Park,Cincinnati Reds,Houston Astros,0,0,0,0,1,0,6,4,4,3,695076,Rhett Lowder,686613,Hunter Brown
2024-09-05,745042,Tropicana Field,Tampa Bay Rays,Minnesota Twins,2,4,0,0,3,4,8,7,5,5,671737,Taj Bradley,641154,Pablo López
2024-09-05,745612,Oakland Coliseum,Oakland Athletics,Seattle Mariners,2,4,0,2,4,6,10,11,8,7,683155,Joey Estes,693433,Bryan Woo
2024-09-05,745289,Oracle Park,San Francisco Giants,Arizona Diamondbacks,2,2,0,2,3,2,9,4,5,3,605483,Blake Snell,518876,Merrill Kelly
2024-09-05,745451,PNC Park,Pittsburgh Pirates,Washington Nationals,6,3,0,3,9,4,8,10,7,7,663559,Bailey Falter,663623,Jake Irvin
2024-09-05,746021,loanDepot park,Miami Marlins,Philadelphia Phillies,0,1,0,1,2,5,7,7,3,3,670124,Adam Oller,624133,Ranger Suarez
2024-09-05,747073,Truist Park,Atlanta Braves,Colorado Rockies,1,1,1,0,1,3,5,6,4,3,625643,Reynaldo López,596295,Austin Gomber
2024-09-05,744966,Globe Life Field,Texas Rangers,Los Angeles Angels,3,1,3,0,3,1,10,4,8,2,674003,Cody Bradford,686799,Jack Kochanowicz
2024-09-05,745369,Petco Park,San Diego Padres,Detroit Tigers,3,0,1,0,3,4,7,8,6,3,527048,Martín Pérez,663554,Casey Mize
2024-09-06,746832,Wrigley Field,Chicago Cubs,New York Yankees,0,3,0,0,0,3,1,7,1,5,696136,Jordan Wicks,661563,Luis Gil
2024-09-06,745941,American Family Field,Milwaukee Brewers,Colorado Rockies,1,0,0,0,2,3,4,3,2,0,593423,Frankie Montas,663372,Ryan Feltner
2024-09-06,746993,Oriole Park at Camden Yards,Baltimore Orioles,Tampa Bay Rays,1,0,0,0,2,0,4,3,1,0,665152,Dean Kremer,669358,Shane Baz
2024-09-06,745777,Citi Field,New York Mets,Cincinnati Reds,2,2,2,0,6,4,9,3,2,2,640455,Sean Manaea,518585,Fernando Cruz
2024-09-06,746912,Fenway Park,Boston Red Sox,Chicago White Sox,1,1,0,0,3,1,5,6,3,5,601713,Nick Pivetta,663436,Davis Martin
2024-09-06,746016,loanDepot park,Miami Marlins,Philadelphia Phillies,1,10,0,3,2,16,5,22,2,15,685116,Austin Kitchen,554430,Zack Wheeler
2024-09-06,747074,Truist Park,Atlanta Braves,Toronto Blue Jays,3,1,0,0,3,1,7,7,5,2,608331,Max Fried,592332,Kevin Gausman
2024-09-06,744967,Globe Life Field,Texas Rangers,Los Angeles Angels,0,2,0,0,1,5,4,7,1,4,642520,Gerson Garabito,691951,Sam Aldegheri
2024-09-06,746343,Minute Maid Park,Houston Astros,Arizona Diamondbacks,4,0,0,0,8,0,12,2,8,1,664285,Framber Valdez,694297,Brandon Pfaadt
2024-09-06,746257,Kauffman Stadium,Kansas City Royals,Minnesota Twins,4,0,0,0,5,0,10,4,9,4,666142,Cole Ragans,805673,Zebby Matthews
2024-09-06,745131,Busch Stadium,St. Louis Cardinals,Seattle Mariners,0,1,0,0,1,6,5,11,3,5,607200,Erick Fedde,682243,Bryce Miller
2024-09-06,745611,Oakland Coliseum,Oakland Athletics,Detroit Tigers,1,1,0,0,7,6,15,12,6,8,687765,Mitch Spence,669373,Tarik Skubal
2024-09-06,745371,Petco Park,San Diego Padres,San Francisco Giants,4,0,3,0,5,1,9,6,7,4,650633,Michael King,696131,Mason Black
2024-09-06,746104,Dodger Stadium,Los Angeles Dodgers,Cleveland Guardians,0,0,0,0,1,3,6,5,1,1,689017,Landon Knack,571510,Matthew Boyd
2024-09-07,745455,PNC Park,Pittsburgh Pirates,Washington Nationals,0,2,0,0,3,5,5,7,0,3,682847,Luis Ortiz,687792,DJ Herz
2024-09-07,745456,PNC Park,Pittsburgh Pirates,Washington Nationals,4,2,2,0,6,8,11,13,8,5,656605,Mitch Keller,680730,Mitchell Parker
2024-09-07,746829,Wrigley Field,Chicago Cubs,New York Yankees,0,1,0,1,0,2,4,4,4,2,665871,Javier Assad,657376,Clarke Schmidt
2024-09-07,746986,Oriole Park at Camden Yards,Baltimore Orioles,Tampa Bay Rays,0,2,0,1,1,7,6,12,5,5,621107,Zach Eflin,686752,Ryan Pepiot
2024-09-07,745613,Oakland Coliseum,Oakland Athletics,Detroit Tigers,1,0,0,0,1,2,6,5,5,2,669620,Brady Basso,669724,Brenan Hanifee
2024-09-07,746344,Minute Maid Park,Houston Astros,Arizona Diamondbacks,5,3,0,0,11,5,13,10,7,6,579328,Yusei Kikuchi,593958,Eduardo Rodriguez
2024-09-07,745775,Citi Field,New York Mets,Cincinnati Reds,0,0,0,0,4,0,7,6,1,4,500779,Jose Quintana,596001,Jakob Junis
2024-09-07,746018,loanDepot park,Miami Marlins,Philadelphia Phillies,5,3,2,1,9,5,14,11,9,6,670766,Darren McCaughan,605400,Aaron Nola
2024-09-07,744963,Globe Life Field,Texas Rangers,Los Angeles Angels,2,2,0,2,6,4,7,3,1,2,683004,Jack Leiter,542881,Tyler Anderson
2024-09-07,745942,American Family Field,Milwaukee Brewers,Colorado Rockies,5,1,2,0,5,2,10,6,7,3,668964,Tobias Myers,621389,Ty Blach
2024-09-07,745125,Busch Stadium,St. Louis Cardinals,Seattle Mariners,0,0,0,0,2,0,2,5,1,3,502043,Kyle Gibson,669302,Logan Gilbert
2024-09-07,746259,Kauffman Stadium,Kansas City Royals,Minnesota Twins,0,2,0,0,4,2,6,5,1,4,679525,Alec Marsh,641927,Bailey Ober
2024-09-07,746911,Fenway Park,Boston Red Sox,Chicago White Sox,7,2,4,2,7,5,10,10,10,6,681867,Cooper Criswell,676979,Garrett Crochet
2024-09-07,747076,Truist Park,Atlanta Braves,Toronto Blue Jays,1,6,0,0,5,9,10,17,4,10,680885,Spencer Schwellenbach,621244,José Berríos
2024-09-07,745372,Petco Park,San Diego Padres,San Francisco Giants,3,4,2,0,3,6,11,8,8,6,656302,Dylan Cease,657277,Logan Webb
2024-09-07,746099,Dodger Stadium,Los Angeles Dodgers,Cleveland Guardians,7,2,6,0,7,2,8,7,7,5,518489,Ryan Brasier,668909,Gavin Williams
2024-09-08,746989,Oriole Park at Camden Yards,Baltimore Orioles,Tampa Bay Rays,0,0,0,0,0,2,5,8,3,4,669203,Corbin Burnes,641793,Zack Littell
2024-09-08,745453,PNC Park,Pittsburgh Pirates,Washington Nationals,6,2,4,1,7,3,12,6,9,4,683003,Jared Jones,571578,Patrick Corbin
2024-09-08,747072,Truist Park,Atlanta Braves,Toronto Blue Jays,1,0,0,0,4,3,8,8,2,1,519242,Chris Sale,684320,Yariel Rodríguez
2024-09-08,746910,Fenway Park,Boston Red Sox,Chicago White Sox,1,0,0,0,2,7,8,12,5,5,690916,Richard Fitts,623167,Chris Flexen
2024-09-08,745774,Citi Field,New York Mets,Cincinnati Reds,0,0,0,0,1,3,4,7,2,2,622663,Luis Severino,687924,Julian Aguiar
2024-09-08,746017,loanDepot park,Miami Marlins,Philadelphia Phillies,10,0,2,0,10,1,11,5,10,0,665795,Edward Cabrera,686751,Seth Johnson
2024-09-08,746258,Kauffman Stadium,Kansas City Royals,Minnesota Twins,2,0,0,0,2,0,6,5,4,3,608379,Michael Wacha,680573,Simeon Woods Richardson
2024-09-08,745940,American Family Field,Milwaukee Brewers,Colorado Rockies,1,4,1,0,1,4,3,12,3,8,642547,Freddy Peralta,607536,Kyle Freeland
2024-09-08,745128,Busch Stadium,St. Louis Cardinals,Seattle Mariners,2,9,0,5,4,10,9,14,6,11,571945,Miles Mikolas,622491,Luis Castillo
2024-09-08,746827,Wrigley Field,Chicago Cubs,New York Yankees,2,1,2,0,2,1,3,6,3,5,592791,Jameson Taillon,543037,Gerrit Cole
2024-09-08,744965,Globe Life Field,Texas Rangers,Los Angeles Angels,5,3,3,0,7,4,10,5,7,3,571760,Andrew Heaney,702674,Caden Dana
2024-09-08,745616,Oakland Coliseum,Oakland Athletics,Detroit Tigers,0,3,0,0,1,9,8,16,1,7,669372,J.T. Ginn,689225,Beau Brieske
2024-09-08,746098,Dodger Stadium,Los Angeles Dodgers,Cleveland Guardians,2,0,0,0,4,0,9,6,4,3,656427,Jack Flaherty,676440,Tanner Bibee
2024-09-08,745368,Petco Park,San Diego Padres,San Francisco Giants,1,6,0,0,6,7,8,9,5,8,605397,Joe Musgrove,702352,Spencer Bivens
2024-09-08,746345,Minute Maid Park,Houston Astros,Arizona Diamondbacks,5,9,0,0,6,12,12,15,6,10,434378,Justin Verlander,669194,Ryne Nelson
2024-09-09,745534,Citizens Bank Park,Philadelphia Phillies,Tampa Bay Rays,0,0,0,0,2,1,5,8,0,4,650911,Cristopher Sánchez,642121,Cole Sulser
2024-09-09,747090,Truist Park,Atlanta Braves,Cincinnati Reds,0,1,0,0,0,1,2,8,1,3,450203,Charlie Morton,607259,Nick Martinez
2024-09-09,745454,PNC Park,Pittsburgh Pirates,Miami Marlins,3,1,1,0,3,2,7,8,5,6,694973,Paul Skenes,678368,Valente Bellozo
2024-09-09,745698,Yankee Stadium,New York Yankees,Kansas City Royals,3,3,0,1,10,4,12,6,5,4,607074,Carlos Rodón,663903,Brady Singer
2024-09-09,744888,Rogers Centre,Toronto Blue Jays,New York Mets,0,1,0,0,2,3,4,3,1,1,621114,Ryan Burr,656731,Tylor Megill
2024-09-09,746909,Fenway Park,Boston Red Sox,Baltimore Orioles,4,2,1,1,12,3,15,6,6,3,678394,Brayan Bello,700249,Cade Povich
2024-09-09,745860,Target Field,Minnesota Twins,Los Angeles Angels,2,4,0,2,2,6,5,9,4,5,701581,David Festa,672282,Reid Detmers
2024-09-09,746746,Guaranteed Rate Field,Chicago White Sox,Cleveland Guardians,0,5,0,2,3,5,5,8,0,6,694363,Jared Shuster,676282,Joey Cantillo
2024-09-09,746101,Dodger Stadium,Los Angeles Dodgers,Chicago Cubs,2,4,0,3,4,10,10,16,4,8,621111,Walker Buehler,543294,Kyle Hendricks
2024-09-10,746428,Comerica Park,Detroit Tigers,Colorado Rockies,5,0,1,0,11,0,10,3,5,1,672456,Keider Montero,687134,Bradley Blalock
2024-09-10,745535,Citizens Bank Park,Philadelphia Phillies,Tampa Bay Rays,4,3,1,0,9,4,13,13,6,10,624133,Ranger Suarez,671737,Taj Bradley
2024-09-10,745446,PNC Park,Pittsburgh Pirates,Miami Marlins,6,1,2,0,6,4,8,9,7,3,669387,Carmen Mlodzinski,670124,Adam Oller
2024-09-10,744807,Nationals Park,Washington Nationals,Atlanta Braves,0,8,0,0,0,12,3,15,2,8,669022,MacKenzie Gore,625643,Reynaldo López
2024-09-10,745694,Yankee Stadium,New York Yankees,Kansas City Royals,0,3,0,0,0,5,3,11,1,7,573186,Marcus Stroman,607625,Seth Lugo
2024-09-10,744886,Rogers Centre,Toronto Blue Jays,New York Mets,5,1,0,1,6,2,12,6,8,4,605135,Chris Bassitt,656849,David Peterson
2024-09-10,746907,Fenway Park,Boston Red Sox,Baltimore Orioles,1,3,0,1,3,5,7,10,4,5,676710,Kutter Crawford,544150,Albert Suárez
2024-09-10,745856,Target Field,Minnesota Twins,Los Angeles Angels,8,4,0,0,10,5,10,10,7,6,641154,Pablo López,656288,Griffin Canning
2024-09-10,746747,Guaranteed Rate Field,Chicago White Sox,Cleveland Guardians,0,1,0,0,0,5,5,11,3,6,686563,Jonathan Cannon,594902,Ben Lively
2024-09-10,745126,Busch Stadium,St. Louis Cardinals,Cincinnati Reds,0,3,0,0,0,3,8,7,5,6,669467,Andre Pallante,695076,Rhett Lowder
2024-09-10,746346,Minute Maid Park,Houston Astros,Oakland Athletics,0,2,0,1,3,4,10,9,4,6,681293,Spencer Arrighetti,676664,JP Sears
2024-09-10,745210,T-Mobile Park,Seattle Mariners,San Diego Padres,2,3,1,0,3,7,10,11,7,5,669923,George Kirby,506433,Yu Darvish
2024-09-10,747152,Chase Field,Arizona Diamondbacks,Texas Rangers,4,0,2,0,6,0,10,3,7,2,668678,Zac Gallen,543135,Nathan Eovaldi
2024-09-10,745291,Oracle Park,San Francisco Giants,Milwaukee Brewers,1,2,1,2,2,3,4,9,2,5,694738,Landen Roupp,650644,Aaron Civale
2024-09-10,746097,Dodger Stadium,Los Angeles Dodgers,Chicago Cubs,3,1,0,0,3,6,8,10,5,4,808967,Yoshinobu Yamamoto,684007,Shota Imanaga
2024-09-11,745450,PNC Park,Pittsburgh Pirates,Miami Marlins,3,0,2,0,3,1,6,6,5,0,663559,Bailey Falter,642834,Jonathan Bermúdez
2024-09-11,746745,Guaranteed Rate Field,Chicago White Sox,Cleveland Guardians,4,5,0,2,4,6,8,10,6,6,663436,Davis Martin,571510,Matthew Boyd
2024-09-11,744881,Rogers Centre,Toronto Blue Jays,New York Mets,1,0,0,0,2,6,6,4,3,0,670102,Bowden Francis,640455,Sean Manaea
2024-09-11,747154,Chase Field,Arizona Diamondbacks,Texas Rangers,11,4,3,0,14,4,16,9,11,7,518876,Merrill Kelly,674003,Cody Bradford
2024-09-11,746425,Comerica Park,Detroit Tigers,Colorado Rockies,7,4,6,0,7,4,14,7,11,6,663554,Casey Mize,685299,Tanner Gordon
2024-09-11,745525,Citizens Bank Park,Philadelphia Phillies,Tampa Bay Rays,2,1,2,0,3,2,5,5,3,3,554430,Zack Wheeler,669358,Shane Baz
2024-09-11,744804,Nationals Park,Washington Nationals,Atlanta Braves,4,0,0,0,5,1,13,6,11,0,663623,Jake Irvin,608331,Max Fried
2024-09-11,745697,Yankee Stadium,New York Yankees,Kansas City Royals,0,1,0,0,4,3,6,8,2,5,661563,Luis Gil,666142,Cole Ragans
2024-09-11,746908,Fenway Park,Boston Red Sox,Baltimore Orioles,2,1,0,0,5,3,8,8,5,4,601713,Nick Pivetta,665152,Dean Kremer
2024-09-11,745857,Target Field,Minnesota Twins,Los Angeles Angels,4,2,1,1,6,4,11,10,6,6,805673,Zebby Matthews,686799,Jack Kochanowicz
2024-09-11,745127,Busch Stadium,St. Louis Cardinals,Cincinnati Reds,1,1,0,0,2,1,6,5,3,5,458681,Lance Lynn,682227,Brandon Williamson
2024-09-11,746342,Minute Maid Park,Houston Astros,Oakland Athletics,3,2,0,0,4,5,9,10,6,6,686613,Hunter Brown,683155,Joey Estes
2024-09-11,745214,T-Mobile Park,Seattle Mariners,San Diego Padres,3,0,0,0,5,2,5,4,4,0,693433,Bryan Woo,650633,Michael King
2024-09-11,745285,Oracle Park,San Francisco Giants,Milwaukee Brewers,10,1,4,0,13,2,17,7,13,4,605483,Blake Snell,607067,Colin Rea
2024-09-11,746100,Dodger Stadium,Los Angeles Dodgers,Chicago Cubs,7,7,5,2,10,8,12,6,8,6,676272,Bobby Miller,696136,Jordan Wicks
2024-09-12,746427,Comerica Park,Detroit Tigers,Colorado Rockies,2,1,0,0,2,4,4,9,3,4,669373,Tarik Skubal,663372,Ryan Feltner
2024-09-12,745129,Busch Stadium,St. Louis Cardinals,Cincinnati Reds,1,0,0,0,6,1,10,4,3,0,543243,Sonny Gray,596001,Jakob Junis
2024-09-12,746337,Minute Maid Park,Houston Astros,Oakland Athletics,2,0,0,0,6,3,12,7,6,2,664285,Framber Valdez,687765,Mitch Spence
2024-09-12,744805,Nationals Park,Washington Nationals,Miami Marlins,3,2,3,0,3,6,6,8,6,1,680730,Mitchell Parker,670766,Darren McCaughan
2024-09-12,746591,Progressive Field,Cleveland Guardians,Tampa Bay Rays,2,3,1,1,2,5,5,10,4,6,668909,Gavin Williams,686752,Ryan Pepiot
2024-09-12,745695,Yankee Stadium,New York Yankees,Boston Red Sox,1,1,1,0,2,1,7,4,3,3,641482,Nestor Cortes,681867,Cooper Criswell
2024-09-12,745208,T-Mobile Park,Seattle Mariners,Texas Rangers,4,1,0,0,4,5,6,9,5,4,682243,Bryce Miller,677958,Kumar Rocker
2024-09-12,745288,Oracle Park,San Francisco Giants,Milwaukee Brewers,0,0,0,0,0,3,5,4,2,2,806185,Hayden Birdsong,593423,Frankie Montas
2024-09-13,746423,Comerica Park,Detroit Tigers,Baltimore Orioles,1,0,1,0,1,0,6,1,4,0,689225,Beau Brieske,621107,Zach Eflin
2024-09-13,745447,PNC Park,Pittsburgh Pirates,Kansas City Royals,0,7,0,0,3,8,9,8,3,6,682847,Luis Ortiz,679525,Alec Marsh
2024-09-13,745529,Citizens Bank Park,Philadelphia Phillies,New York Mets,0,6,0,0,3,11,4,14,2,7,605400,Aaron Nola,500779,Jose Quintana
2024-09-13,744800,Nationals Park,Washington Nationals,Miami Marlins,2,1,2,0,4,1,4,8,1,4,687792,DJ Herz,665795,Edward Cabrera
2024-09-13,745696,Yankee Stadium,New York Yankees,Boston Red Sox,0,0,0,0,5,4,7,9,2,3,657376,Clarke Schmidt,690916,Richard Fitts
2024-09-13,744882,Rogers Centre,Toronto Blue Jays,St. Louis Cardinals,3,2,0,2,4,3,10,12,6,7,592332,Kevin Gausman,607200,Erick Fedde
2024-09-13,746586,Progressive Field,Cleveland Guardians,Tampa Bay Rays,0,3,0,0,1,3,4,8,2,8,676440,Tanner Bibee,641793,Zack Littell
2024-09-13,747069,Truist Park,Atlanta Braves,Los Angeles Dodgers,5,2,1,0,6,2,10,5,8,4,680885,Spencer Schwellenbach,689017,Landon Knack
2024-09-13,746744,Guaranteed Rate Field,Chicago White Sox,Oakland Athletics,0,2,0,0,0,2,6,9,4,6,676979,Garrett Crochet,669620,Brady Basso
2024-09-13,745855,Target Field,Minnesota Twins,Cincinnati Reds,1,1,0,0,4,8,5,9,2,3,641927,Bailey Ober,687924,Julian Aguiar
2024-09-13,746509,Coors Field,Colorado Rockies,Chicago Cubs,4,2,0,2,9,5,12,13,7,7,596295,Austin Gomber,665871,Javier Assad
2024-09-13,746181,Angel Stadium,Los Angeles Angels,Houston Astros,3,4,0,0,3,5,3,14,3,8,691951,Sam Aldegheri,579328,Yusei Kikuchi
2024-09-13,747153,Chase Field,Arizona Diamondbacks,Milwaukee Brewers,1,2,1,0,1,2,6,6,6,5,593958,Eduardo Rodriguez,642547,Freddy Peralta
2024-09-13,745207,T-Mobile Park,Seattle Mariners,Texas Rangers,0,3,0,2,5,4,10,7,5,6,676106,Emerson Hancock,594798,Jacob deGrom
2024-09-13,745286,Oracle Park,San Francisco Giants,San Diego Padres,0,4,0,3,0,5,4,12,2,8,657277,Logan Webb,656302,Dylan Cease
2024-09-14,745448,PNC Park,Pittsburgh Pirates,Kansas City Royals,1,3,0,1,1,5,9,7,4,3,656605,Mitch Keller,608379,Michael Wacha
2024-09-14,745689,Yankee Stadium,New York Yankees,Boston Red Sox,1,7,0,0,1,7,5,9,4,5,543037,Gerrit Cole,678394,Brayan Bello
2024-09-14,744884,Rogers Centre,Toronto Blue Jays,St. Louis Cardinals,1,1,0,0,7,2,10,3,3,2,621244,José Berríos,502043,Kyle Gibson
2024-09-14,745528,Citizens Bank Park,Philadelphia Phillies,New York Mets,1,4,0,1,6,4,8,10,2,9,663465,Kolby Allard,622663,Luis Severino
2024-09-14,744803,Nationals Park,Washington Nationals,Miami Marlins,2,1,0,0,4,1,8,6,5,3,571578,Patrick Corbin,678368,Valente Bellozo
2024-09-14,746422,Comerica Park,Detroit Tigers,Baltimore Orioles,0,1,0,0,2,4,7,8,1,3,689225,Beau Brieske,669203,Corbin Burnes
2024-09-14,746584,Progressive Field,Cleveland Guardians,Tampa Bay Rays,1,0,0,0,6,1,8,6,3,3,676282,Joey Cantillo,656876,Drew Rasmussen
2024-09-14,745858,Target Field,Minnesota Twins,Cincinnati Reds,1,10,1,0,1,11,5,15,3,11,680573,Simeon Woods Richardson,607259,Nick Martinez
2024-09-14,746740,Guaranteed Rate Field,Chicago White Sox,Oakland Athletics,3,0,0,0,7,6,16,11,10,6,623167,Chris Flexen,669372,J.T. Ginn
2024-09-14,747070,Truist Park,Atlanta Braves,Los Angeles Dodgers,4,1,1,0,10,1,10,7,5,4,519242,Chris Sale,656427,Jack Flaherty
2024-09-14,746508,Coors Field,Colorado Rockies,Chicago Cubs,0,2,0,1,6,5,8,11,1,5,607536,Kyle Freeland,592791,Jameson Taillon
2024-09-14,747148,Chase Field,Arizona Diamondbacks,Milwaukee Brewers,0,12,0,1,8,15,14,16,3,12,694297,Brandon Pfaadt,668964,Tobias Myers
2024-09-14,745284,Oracle Park,San Francisco Giants,San Diego Padres,0,2,0,1,0,8,5,17,3,7,696131,Mason Black,605397,Joe Musgrove
2024-09-14,746177,Angel Stadium,Los Angeles Angels,Houston Astros,2,4,1,1,3,5,6,10,4,7,542881,Tyler Anderson,434378,Justin Verlander
2024-09-14,745209,T-Mobile Park,Seattle Mariners,Texas Rangers,4,4,0,0,5,4,10,7,6,6,669302,Logan Gilbert,453286,Max Scherzer
2024-09-15,746419,Comerica Park,Detroit Tigers,Baltimore Orioles,2,0,0,0,4,2,5,7,2,5,672456,Keider Montero,700249,Cade Povich
2024-09-15,745852,Target Field,Minnesota Twins,Cincinnati Reds,1,2,0,0,9,2,12,7,5,5,701581,David Festa,695076,Rhett Lowder
2024-09-15,745449,PNC Park,Pittsburgh Pirates,Kansas City Royals,4,2,1,0,4,3,7,8,6,6,683003,Jared Jones,663903,Brady Singer
2024-09-15,745530,Citizens Bank Park,Philadelphia Phillies,New York Mets,0,0,0,0,2,1,6,7,1,3,650911,Cristopher Sánchez,656849,David Peterson
2024-09-15,744801,Nationals Park,Washington Nationals,Miami Marlins,3,1,0,0,4,3,8,6,6,1,669022,MacKenzie Gore,670124,Adam Oller
2024-09-15,745693,Yankee Stadium,New York Yankees,Boston Red Sox,4,2,0,0,5,2,9,8,6,5,607074,Carlos Rodón,676710,Kutter Crawford
2024-09-15,744883,Rogers Centre,Toronto Blue Jays,St. Louis Cardinals,2,1,0,0,3,2,6,7,3,3,684320,Yariel Rodríguez,571945,Miles Mikolas
2024-09-15,746585,Progressive Field,Cleveland Guardians,Tampa Bay Rays,2,0,0,0,2,0,7,4,5,2,594902,Ben Lively,671737,Taj Bradley
2024-09-15,746741,Guaranteed Rate Field,Chicago White Sox,Oakland Athletics,3,2,3,0,4,3,8,7,5,5,680732,Sean Burke,676664,JP Sears
2024-09-15,746506,Coors Field,Colorado Rockies,Chicago Cubs,1,2,0,0,2,6,4,11,2,4,615698,Cal Quantrill,543294,Kyle Hendricks
2024-09-15,745287,Oracle Park,San Francisco Giants,San Diego Padres,0,0,0,0,3,4,4,6,1,2,694738,Landen Roupp,527048,Martín Pérez
2024-09-15,746180,Angel Stadium,Los Angeles Angels,Houston Astros,0,5,0,0,4,6,8,8,3,5,702674,Caden Dana,669854,Ronel Blanco
2024-09-15,745206,T-Mobile Park,Seattle Mariners,Texas Rangers,3,0,3,0,7,0,14,1,7,1,669923,George Kirby,571760,Andrew Heaney
2024-09-15,747151,Chase Field,Arizona Diamondbacks,Milwaukee Brewers,5,3,2,0,11,10,14,13,6,6,668678,Zac Gallen,669084,DL Hall
2024-09-15,747071,Truist Park,Atlanta Braves,Los Angeles Dodgers,2,1,0,0,2,9,4,11,3,3,450203,Charlie Morton,621111,Walker Buehler
2024-09-16,746588,Progressive Field,Cleveland Guardians,Minnesota Twins,1,3,0,0,4,3,10,8,5,6,571510,Matthew Boyd,641154,Pablo López
2024-09-16,745773,Citi Field,New York Mets,Washington Nationals,0,1,0,0,2,1,6,5,2,4,640455,Sean Manaea,663623,Jake Irvin
2024-09-16,747067,Truist Park,Atlanta Braves,Los Angeles Dodgers,0,3,0,0,0,9,4,4,4,2,608331,Max Fried,808967,Yoshinobu Yamamoto
2024-09-16,746260,Kauffman Stadium,Kansas City Royals,Detroit Tigers,6,4,0,0,6,7,11,14,8,8,607625,Seth Lugo,681857,Reese Olson
2024-09-16,746828,Wrigley Field,Chicago Cubs,Oakland Athletics,9,2,1,0,9,2,18,9,14,4,684007,Shota Imanaga,683155,Joey Estes
2024-09-16,745939,American Family Field,Milwaukee Brewers,Philadelphia Phillies,3,1,0,0,6,2,8,11,4,5,650644,Aaron Civale,624133,Ranger Suarez
2024-09-16,745130,Busch Stadium,St. Louis Cardinals,Pittsburgh Pirates,1,0,0,0,4,0,7,4,3,3,669467,Andre Pallante,694973,Paul Skenes
2024-09-16,746502,Coors Field,Colorado Rockies,Arizona Diamondbacks,1,2,0,2,3,2,4,8,2,5,622608,Antonio Senzatela,518876,Merrill Kelly
2024-09-16,746179,Angel Stadium,Los Angeles Angels,Chicago White Sox,2,7,0,3,4,8,5,9,3,7,672282,Reid Detmers,686563,Jonathan Cannon
2024-09-16,745367,Petco Park,San Diego Padres,Houston Astros,2,0,1,0,3,1,13,6,8,2,506433,Yu Darvish,681293,Spencer Arrighetti
2024-09-17,746987,Oriole Park at Camden Yards,Baltimore Orioles,San Francisco Giants,0,4,0,1,0,10,5,10,1,6,544150,Albert Suárez,605483,Blake Snell
2024-09-17,746587,Progressive Field,Cleveland Guardians,Minnesota Twins,1,2,0,0,1,4,8,8,5,5,668909,Gavin Williams,805673,Zebby Matthews
2024-09-17,746659,Great American Ball Park,Cincinnati Reds,Atlanta Braves,2,5,1,3,6,5,10,12,5,8,682227,Brandon Williamson,656550,Grant Holmes
2024-09-17,746015,loanDepot park,Miami Marlins,Los Angeles Dodgers,7,6,2,0,11,9,15,12,11,7,670766,Darren McCaughan,676272,Bobby Miller
2024-09-17,745044,Tropicana Field,Tampa Bay Rays,Boston Red Sox,5,2,0,0,8,3,12,3,7,2,669358,Shane Baz,601713,Nick Pivetta
2024-09-17,745772,Citi Field,New York Mets,Washington Nationals,6,1,0,0,10,1,14,4,9,2,656731,Tylor Megill,680730,Mitchell Parker
2024-09-17,746261,Kauffman Stadium,Kansas City Royals,Detroit Tigers,1,1,0,1,1,3,7,7,6,3,666142,Cole Ragans,663554,Casey Mize
2024-09-17,746830,Wrigley Field,Chicago Cubs,Oakland Athletics,2,4,0,2,3,4,11,9,7,7,696136,Jordan Wicks,687765,Mitch Spence
2024-09-17,745935,American Family Field,Milwaukee Brewers,Philadelphia Phillies,1,1,0,0,1,5,5,10,3,3,593423,Frankie Montas,554430,Zack Wheeler
2024-09-17,745122,Busch Stadium,St. Louis Cardinals,Pittsburgh Pirates,2,1,0,0,3,1,4,8,4,3,458681,Lance Lynn,663559,Bailey Falter
2024-09-17,744961,Globe Life Field,Texas Rangers,Toronto Blue Jays,7,7,0,2,13,8,13,13,7,11,543135,Nathan Eovaldi,605135,Chris Bassitt
2024-09-17,746503,Coors Field,Colorado Rockies,Arizona Diamondbacks,3,1,0,0,8,2,12,6,6,4,663372,Ryan Feltner,656756,Jordan Montgomery
2024-09-17,746176,Angel Stadium,Los Angeles Angels,Chicago White Sox,3,0,0,0,5,0,10,6,7,3,656288,Griffin Canning,663436,Davis Martin
2024-09-17,745366,Petco Park,San Diego Padres,Houston Astros,0,2,0,0,3,4,6,9,3,4,650633,Michael King,686613,Hunter Brown
2024-09-17,745205,T-Mobile Park,Seattle Mariners,New York Yankees,1,7,0,2,2,11,9,12,4,9,693433,Bryan Woo,661563,Luis Gil
2024-09-18,746831,Wrigley Field,Chicago Cubs,Oakland Athletics,3,1,0,0,3,5,6,9,6,3,657006,Justin Steele,669620,Brady Basso
2024-09-18,746500,Coors Field,Colorado Rockies,Arizona Diamondbacks,2,6,0,3,4,9,8,12,5,9,596295,Austin Gomber,593958,Eduardo Rodriguez
2024-09-18,746172,Angel Stadium,Los Angeles Angels,Chicago White Sox,0,1,0,0,4,3,7,6,1,3,686799,Jack Kochanowicz,694363,Jared Shuster
2024-09-18,746988,Oriole Park at Camden Yards,Baltimore Orioles,San Francisco Giants,2,4,0,1,3,5,7,9,3,6,665152,Dean Kremer,806185,Hayden Birdsong
2024-09-18,745365,Petco Park,San Diego Padres,Houston Astros,0,0,0,0,4,0,9,2,4,0,656302,Dylan Cease,664285,Framber Valdez
2024-09-18,746582,Progressive Field,Cleveland Guardians,Minnesota Twins,1,2,0,1,5,4,7,8,3,5,676440,Tanner Bibee,641927,Bailey Ober
2024-09-18,746662,Great American Ball Park,Cincinnati Reds,Atlanta Braves,0,1,0,0,1,7,5,11,3,2,596001,Jakob Junis,680885,Spencer Schwellenbach
2024-09-18,746014,loanDepot park,Miami Marlins,Los Angeles Dodgers,0,6,0,0,4,8,8,11,2,8,677960,Ryan Weathers,689017,Landon Knack
2024-09-18,745040,Tropicana Field,Tampa Bay Rays,Boston Red Sox,1,0,0,0,1,2,8,6,5,1,686752,Ryan Pepiot,656557,Tanner Houck
2024-09-18,745771,Citi Field,New York Mets,Washington Nationals,9,0,0,0,10,0,11,3,9,2,500779,Jose Quintana,687792,DJ Herz
2024-09-18,746254,Kauffman Stadium,Kansas City Royals,Detroit Tigers,1,4,1,0,2,4,7,7,3,5,679525,Alec Marsh,669373,Tarik Skubal
2024-09-18,745933,American Family Field,Milwaukee Brewers,Philadelphia Phillies,1,1,0,0,2,1,5,4,3,2,642547,Freddy Peralta,605400,Aaron Nola
2024-09-18,745121,Busch Stadium,St. Louis Cardinals,Pittsburgh Pirates,4,2,0,0,10,5,14,13,8,7,543243,Sonny Gray,663765,Jake Woodford
2024-09-18,744959,Globe Life Field,Texas Rangers,Toronto Blue Jays,0,0,0,0,2,0,5,5,3,2,674003,Cody Bradford,670102,Bowden Francis
2024-09-18,745199,T-Mobile Park,Seattle Mariners,New York Yankees,0,1,0,0,1,2,6,3,4,2,682243,Bryce Miller,641482,Nestor Cortes
2024-09-19,746985,Oriole Park at Camden Yards,Baltimore Orioles,San Francisco Giants,3,2,0,0,5,3,10,8,4,4,621107,Zach Eflin,657277,Logan Webb
2024-09-19,746579,Progressive Field,Cleveland Guardians,Minnesota Twins,1,2,1,0,3,2,11,3,6,3,676282,Joey Cantillo,680573,Simeon Woods Richardson
2024-09-19,746663,Great American Ball Park,Cincinnati Reds,Atlanta Braves,2,8,0,0,3,15,10,18,5,8,687924,Julian Aguiar,519242,Chris Sale
2024-09-19,744962,Globe Life Field,Texas Rangers,Toronto Blue Jays,0,2,0,0,0,4,2,7,0,5,677958,Kumar Rocker,592332,Kevin Gausman
2024-09-19,745204,T-Mobile Park,Seattle Mariners,New York Yankees,3,2,3,0,3,2,6,6,6,6,669302,Logan Gilbert,657376,Clarke Schmidt
2024-09-19,746011,loanDepot park,Miami Marlins,Los Angeles Dodgers,3,7,0,1,4,20,9,16,4,6,665795,Edward Cabrera,656427,Jack Flaherty
2024-09-19,745041,Tropicana Field,Tampa Bay Rays,Boston Red Sox,1,0,0,0,2,0,7,1,4,1,641793,Zack Littell,678394,Brayan Bello
2024-09-19,745120,Busch Stadium,St. Louis Cardinals,Pittsburgh Pirates,1,1,0,0,2,3,6,8,3,3,607200,Erick Fedde,682847,Luis Ortiz
2024-09-19,745769,Citi Field,New York Mets,Philadelphia Phillies,9,3,2,0,10,6,11,8,8,5,622663,Luis Severino,592836,Taijuan Walker
2024-09-19,745937,American Family Field,Milwaukee Brewers,Arizona Diamondbacks,0,3,0,0,1,5,2,7,1,4,668964,Tobias Myers,694297,Brandon Pfaadt
2024-09-19,746823,Wrigley Field,Chicago Cubs,Washington Nationals,5,3,1,1,7,6,12,13,8,7,665871,Javier Assad,571578,Patrick Corbin
2024-09-19,746341,Minute Maid Park,Houston Astros,Los Angeles Angels,1,1,0,1,3,1,6,6,3,4,579328,Yusei Kikuchi,660761,José Suarez
2024-09-20,746824,Wrigley Field,Chicago Cubs,Washington Nationals,1,0,1,0,3,1,6,5,3,2,592791,Jameson Taillon,592866,Trevor Williams
2024-09-20,746661,Great American Ball Park,Cincinnati Reds,Pittsburgh Pirates,8,0,1,0,8,3,8,9,8,2,607259,Nick Martinez,656605,Mitch Keller
2024-09-20,745043,Tropicana Field,Tampa Bay Rays,Toronto Blue Jays,0,0,0,0,1,0,6,5,5,2,641302,Tyler Alexander,621244,José Berríos
2024-09-20,746984,Oriole Park at Camden Yards,Baltimore Orioles,Detroit Tigers,5,0,2,0,7,1,9,7,7,1,669203,Corbin Burnes,663947,Tyler Holton
2024-09-20,746905,Fenway Park,Boston Red Sox,Minnesota Twins,1,0,0,0,2,4,9,13,4,5,690916,Richard Fitts,701581,David Festa
2024-09-20,745770,Citi Field,New York Mets,Philadelphia Phillies,2,8,2,0,2,12,4,17,3,10,656849,David Peterson,650911,Cristopher Sánchez
2024-09-20,746013,loanDepot park,Miami Marlins,Atlanta Braves,4,2,3,0,4,3,8,9,7,6,678368,Valente Bellozo,450203,Charlie Morton
2024-09-20,744960,Globe Life Field,Texas Rangers,Seattle Mariners,2,4,0,0,2,8,9,10,5,5,594798,Jacob deGrom,669923,George Kirby
2024-09-20,746340,Minute Maid Park,Houston Astros,Los Angeles Angels,8,6,0,0,9,7,14,13,12,9,434378,Justin Verlander,542881,Tyler Anderson
2024-09-20,746256,Kauffman Stadium,Kansas City Royals,San Francisco Giants,0,1,0,1,1,2,5,8,3,4,608379,Michael Wacha,696131,Mason Black
2024-09-20,745934,American Family Field,Milwaukee Brewers,Arizona Diamondbacks,4,4,0,1,4,7,12,12,7,7,607067,Colin Rea,668678,Zac Gallen
2024-09-20,745123,Busch Stadium,St. Louis Cardinals,Cleveland Guardians,1,3,0,0,1,5,7,8,3,5,502043,Kyle Gibson,594902,Ben Lively
2024-09-20,745364,Petco Park,San Diego Padres,Chicago White Sox,0,0,0,0,3,2,10,6,2,3,605397,Joe Musgrove,676979,Garrett Crochet
2024-09-20,745606,Oakland Coliseum,Oakland Athletics,New York Yankees,1,1,0,0,2,4,3,8,2,4,669372,J.T. Ginn,543037,Gerrit Cole
2024-09-20,746094,Dodger Stadium,Los Angeles Dodgers,Colorado Rockies,3,2,0,0,6,4,9,5,5,3,518489,Ryan Brasier,607536,Kyle Freeland
2024-09-21,746660,Great American Ball Park,Cincinnati Reds,Pittsburgh Pirates,6,0,0,0,7,1,9,7,6,5,695076,Rhett Lowder,683003,Jared Jones
2024-09-21,746826,Wrigley Field,Chicago Cubs,Washington Nationals,0,1,0,0,1,5,2,12,0,6,543294,Kyle Hendricks,669022,MacKenzie Gore
2024-09-21,746983,Oriole Park at Camden Yards,Baltimore Orioles,Detroit Tigers,1,2,0,0,4,6,10,11,5,2,700249,Cade Povich,681857,Reese Olson
2024-09-21,745038,Tropicana Field,Tampa Bay Rays,Toronto Blue Jays,3,1,0,0,3,2,7,9,4,6,671737,Taj Bradley,684320,Yariel Rodríguez
2024-09-21,745768,Citi Field,New York Mets,Philadelphia Phillies,2,2,0,1,6,3,9,4,5,2,640455,Sean Manaea,624133,Ranger Suarez
2024-09-21,746012,loanDepot park,Miami Marlins,Atlanta Braves,1,2,1,0,2,6,6,14,4,7,670124,Adam Oller,608331,Max Fried
2024-09-21,746255,Kauffman Stadium,Kansas City Royals,San Francisco Giants,0,3,0,1,0,9,5,9,3,4,663903,Brady Singer,694738,Landen Roupp
2024-09-21,744958,Globe Life Field,Texas Rangers,Seattle Mariners,2,2,0,2,4,8,12,16,5,8,641540,Dane Dunning,676106,Emerson Hancock
2024-09-21,746338,Minute Maid Park,Houston Astros,Los Angeles Angels,8,2,1,0,10,4,20,10,16,6,669854,Ronel Blanco,672282,Reid Detmers
2024-09-21,745936,American Family Field,Milwaukee Brewers,Arizona Diamondbacks,0,3,0,2,0,5,2,6,2,3,650644,Aaron Civale,518876,Merrill Kelly
2024-09-21,745124,Busch Stadium,St. Louis Cardinals,Cleveland Guardians,2,1,0,0,6,5,8,10,5,4,571945,Miles Mikolas,571510,Matthew Boyd
2024-09-21,745360,Petco Park,San Diego Padres,Chicago White Sox,4,0,0,0,6,2,11,4,8,1,527048,Martín Pérez,623167,Chris Flexen
2024-09-21,745610,Oakland Coliseum,Oakland Athletics,New York Yankees,0,6,0,2,0,10,5,14,4,9,676664,JP Sears,607074,Carlos Rodón
2024-09-21,746096,Dodger Stadium,Los Angeles Dodgers,Colorado Rockies,3,4,0,1,3,6,7,8,6,4,621111,Walker Buehler,615698,Cal Quantrill
2024-09-22,746903,Fenway Park,Boston Red Sox,Minnesota Twins,8,1,3,0,8,1,11,4,11,4,601713,Nick Pivetta,641154,Pablo López
2024-09-22,746906,Fenway Park,Boston Red Sox,Minnesota Twins,3,2,0,0,9,3,10,8,3,5,676710,Kutter Crawford,805673,Zebby Matthews
2024-09-22,746657,Great American Ball Park,Cincinnati Reds,Pittsburgh Pirates,0,2,0,1,0,2,3,7,2,4,668881,Hunter Greene,694973,Paul Skenes
2024-09-22,746982,Oriole Park at Camden Yards,Baltimore Orioles,Detroit Tigers,3,3,0,0,3,4,6,5,5,4,544150,Albert Suárez,663947,Tyler Holton
2024-09-22,745036,Tropicana Field,Tampa Bay Rays,Toronto Blue Jays,0,1,0,0,4,3,7,11,2,3,669358,Shane Baz,621114,Ryan Burr
2024-09-22,746010,loanDepot park,Miami Marlins,Atlanta Braves,2,3,0,1,4,5,9,11,3,7,670766,Darren McCaughan,656550,Grant Holmes
2024-09-22,746339,Minute Maid Park,Houston Astros,Los Angeles Angels,4,0,0,0,8,9,12,12,6,3,681293,Spencer Arrighetti,656288,Griffin Canning
2024-09-22,746253,Kauffman Stadium,Kansas City Royals,San Francisco Giants,0,2,0,0,0,2,3,3,1,3,607625,Seth Lugo,605483,Blake Snell
2024-09-22,745929,American Family Field,Milwaukee Brewers,Arizona Diamondbacks,3,8,0,1,10,9,16,9,6,7,593423,Frankie Montas,656756,Jordan Montgomery
2024-09-22,745118,Busch Stadium,St. Louis Cardinals,Cleveland Guardians,0,0,0,0,2,1,5,2,2,0,669467,Andre Pallante,668909,Gavin Williams
2024-09-22,746825,Wrigley Field,Chicago Cubs,Washington Nationals,5,0,2,0,5,0,7,8,5,4,684007,Shota Imanaga,663623,Jake Irvin
2024-09-22,744955,Globe Life Field,Texas Rangers,Seattle Mariners,0,2,0,0,6,5,10,8,2,5,571760,Andrew Heaney,693433,Bryan Woo
2024-09-22,745608,Oakland Coliseum,Oakland Athletics,New York Yankees,2,5,2,0,4,7,7,9,3,7,683155,Joey Estes,661563,Luis Gil
2024-09-22,746092,Dodger Stadium,Los Angeles Dodgers,Colorado Rockies,1,4,0,3,6,5,11,9,5,6,808967,Yoshinobu Yamamoto,622608,Antonio Senzatela
2024-09-22,745358,Petco Park,San Diego Padres,Chicago White Sox,1,1,0,0,4,2,5,5,2,2,506433,Yu Darvish,680732,Sean Burke
2024-09-22,745767,Citi Field,New York Mets,Philadelphia Phillies,1,1,0,1,2,1,7,5,5,4,656731,Tylor Megill,554430,Zack Wheeler
2024-09-23,745527,Citizens Bank Park,Philadelphia Phillies,Chicago Cubs,5,0,0,0,6,2,11,7,7,2,605400,Aaron Nola,663878,Nate Pearson
2024-09-23,744885,Rogers Centre,Toronto Blue Jays,Boston Red Sox,0,3,0,0,1,4,6,5,1,4,605135,Chris Bassitt,656557,Tanner Houck
2024-09-23,746334,Minute Maid Park,Houston Astros,Seattle Mariners,0,1,0,0,1,6,4,13,1,2,686613,Hunter Brown,682243,Bryce Miller
2024-09-23,747150,Chase Field,Arizona Diamondbacks,San Francisco Giants,2,5,1,0,3,6,7,9,4,7,593958,Eduardo Rodriguez,806185,Hayden Birdsong
2024-09-24,746421,Comerica Park,Detroit Tigers,Tampa Bay Rays,2,0,0,0,2,1,3,3,3,2,669373,Tarik Skubal,686752,Ryan Pepiot
2024-09-24,746581,Progressive Field,Cleveland Guardians,Cincinnati Reds,4,1,3,0,6,1,10,4,7,4,676440,Tanner Bibee,686730,Carson Spiers
2024-09-24,745526,Citizens Bank Park,Philadelphia Phillies,Chicago Cubs,2,6,1,0,4,10,7,15,4,7,621383,Tanner Banks,657006,Justin Steele
2024-09-24,745441,PNC Park,Pittsburgh Pirates,Milwaukee Brewers,2,4,0,0,2,7,10,6,6,5,663559,Bailey Falter,668964,Tobias Myers
2024-09-24,744802,Nationals Park,Washington Nationals,Kansas City Royals,0,0,0,0,0,1,5,8,2,5,680730,Mitchell Parker,666142,Cole Ragans
2024-09-24,745688,Yankee Stadium,New York Yankees,Baltimore Orioles,1,2,0,0,3,5,7,8,3,3,657376,Clarke Schmidt,665152,Dean Kremer
2024-09-24,744876,Rogers Centre,Toronto Blue Jays,Boston Red Sox,3,0,0,0,5,6,5,11,3,3,670102,Bowden Francis,678394,Brayan Bello
2024-09-24,747068,Truist Park,Atlanta Braves,New York Mets,5,0,0,0,5,1,10,4,9,2,680885,Spencer Schwellenbach,622663,Luis Severino
2024-09-24,746743,Guaranteed Rate Field,Chicago White Sox,Los Angeles Angels,0,0,0,0,3,2,6,5,2,3,686563,Jonathan Cannon,686799,Jack Kochanowicz
2024-09-24,745851,Target Field,Minnesota Twins,Miami Marlins,1,4,0,0,1,4,8,10,6,8,641927,Bailey Ober,677960,Ryan Weathers
2024-09-24,746336,Minute Maid Park,Houston Astros,Seattle Mariners,4,3,1,0,4,3,6,9,4,6,664285,Framber Valdez,669302,Logan Gilbert
2024-09-24,746504,Coors Field,Colorado Rockies,St. Louis Cardinals,3,2,0,0,3,7,8,11,4,6,663372,Ryan Feltner,700241,Michael McGreevy
2024-09-24,747149,Chase Field,Arizona Diamondbacks,San Francisco Giants,0,10,0,0,0,11,6,14,3,10,694297,Brandon Pfaadt,657277,Logan Webb
2024-09-24,745605,Oakland Coliseum,Oakland Athletics,Texas Rangers,3,3,2,1,5,4,6,10,3,7,687765,Mitch Spence,543135,Nathan Eovaldi
2024-09-24,746093,Dodger Stadium,Los Angeles Dodgers,San Diego Padres,1,4,1,0,2,4,9,8,3,5,689017,Landon Knack,650633,Michael King
2024-09-25,746331,Minute Maid Park,Houston Astros,Seattle Mariners,1,0,0,0,1,8,4,8,4,2,579328,Yusei Kikuchi,669923,George Kirby
2024-09-25,745521,Citizens Bank Park,Philadelphia Phillies,Chicago Cubs,8,4,3,0,9,6,13,9,9,5,650911,Cristopher Sánchez,665871,Javier Assad
2024-09-25,746583,Progressive Field,Cleveland Guardians,Cincinnati Reds,2,0,1,0,5,2,8,6,4,0,689958,Andrew Walters,596001,Jakob Junis
2024-09-25,746420,Comerica Park,Detroit Tigers,Tampa Bay Rays,3,1,2,0,7,1,13,7,7,4,672456,Keider Montero,641793,Zack Littell
2024-09-25,745442,PNC Park,Pittsburgh Pirates,Milwaukee Brewers,2,1,0,0,2,1,3,5,2,3,682847,Luis Ortiz,642547,Freddy Peralta
2024-09-25,744795,Nationals Park,Washington Nationals,Kansas City Royals,0,1,0,0,0,3,2,7,2,3,687792,DJ Herz,547179,Michael Lorenzen
2024-09-25,745690,Yankee Stadium,New York Yankees,Baltimore Orioles,3,8,0,3,7,9,10,17,5,13,573186,Marcus Stroman,621107,Zach Eflin
2024-09-25,744877,Rogers Centre,Toronto Blue Jays,Boston Red Sox,4,0,0,0,6,1,11,7,6,2,592332,Kevin Gausman,690916,Richard Fitts
2024-09-25,746742,Guaranteed Rate Field,Chicago White Sox,Los Angeles Angels,3,2,0,0,4,3,9,8,5,4,663436,Davis Martin,660761,José Suarez
2024-09-25,745854,Target Field,Minnesota Twins,Miami Marlins,3,3,0,3,8,3,8,11,4,9,680573,Simeon Woods Richardson,665795,Edward Cabrera
2024-09-25,746501,Coors Field,Colorado Rockies,St. Louis Cardinals,1,4,0,0,2,5,9,9,4,7,596295,Austin Gomber,607200,Erick Fedde
2024-09-25,747144,Chase Field,Arizona Diamondbacks,San Francisco Giants,5,1,0,0,8,2,11,6,8,1,668678,Zac Gallen,696131,Mason Black
2024-09-25,745607,Oakland Coliseum,Oakland Athletics,Texas Rangers,1,5,0,3,1,5,9,8,7,7,669620,Brady Basso,674003,Cody Bradford
2024-09-25,746095,Dodger Stadium,Los Angeles Dodgers,San Diego Padres,3,3,1,0,4,3,8,4,5,4,656427,Jack Flaherty,656302,Dylan Cease
2024-09-26,745443,PNC Park,Pittsburgh Pirates,Milwaukee Brewers,0,3,0,0,2,5,5,14,3,6,656605,Mitch Keller,650644,Aaron Civale
2024-09-26,744796,Nationals Park,Washington Nationals,Kansas City Royals,4,4,1,0,4,7,7,8,5,6,571578,Patrick Corbin,608379,Michael Wacha
2024-09-26,746415,Comerica Park,Detroit Tigers,Tampa Bay Rays,0,3,0,0,4,3,8,7,4,6,681857,Reese Olson,641302,Tyler Alexander
2024-09-26,746738,Guaranteed Rate Field,Chicago White Sox,Los Angeles Angels,7,0,0,0,7,0,12,6,8,3,623167,Chris Flexen,542881,Tyler Anderson
2024-09-26,746495,Coors Field,Colorado Rockies,St. Louis Cardinals,5,6,2,2,10,8,14,14,6,10,607536,Kyle Freeland,502043,Kyle Gibson
2024-09-26,745609,Oakland Coliseum,Oakland Athletics,Texas Rangers,3,0,0,0,3,2,9,5,8,3,669372,J.T. Ginn,677958,Kumar Rocker
2024-09-26,745691,Yankee Stadium,New York Yankees,Baltimore Orioles,1,0,0,0,10,1,8,7,2,1,543037,Gerrit Cole,669203,Corbin Burnes
2024-09-26,745853,Target Field,Minnesota Twins,Miami Marlins,0,4,0,1,6,8,12,13,4,7,701581,David Festa,678368,Valente Bellozo
2024-09-26,746088,Dodger Stadium,Los Angeles Dodgers,San Diego Padres,0,1,0,0,7,2,11,8,3,5,621111,Walker Buehler,605397,Joe Musgrove
2024-09-27,746822,Wrigley Field,Chicago Cubs,Cincinnati Reds,1,0,0,0,1,0,5,4,3,2,592791,Jameson Taillon,607259,Nick Martinez
2024-09-27,746417,Comerica Park,Detroit Tigers,Chicago White Sox,2,0,0,0,4,1,8,3,5,2,669724,Brenan Hanifee,676979,Garrett Crochet
2024-09-27,744797,Nationals Park,Washington Nationals,Philadelphia Phillies,7,0,4,0,9,1,16,4,10,3,592866,Trevor Williams,624133,Ranger Suarez
2024-09-27,745692,Yankee Stadium,New York Yankees,Pittsburgh Pirates,2,0,0,0,2,4,6,6,6,2,607074,Carlos Rodón,683003,Jared Jones
2024-09-27,744879,Rogers Centre,Toronto Blue Jays,Miami Marlins,4,9,0,3,5,15,12,17,8,10,621244,José Berríos,670124,Adam Oller
2024-09-27,746580,Progressive Field,Cleveland Guardians,Houston Astros,0,5,0,1,2,5,3,13,1,8,676282,Joey Cantillo,669854,Ronel Blanco
2024-09-27,746904,Fenway Park,Boston Red Sox,Tampa Bay Rays,0,0,0,0,1,2,6,5,2,2,601713,Nick Pivetta,671737,Taj Bradley
2024-09-27,747065,Truist Park,Atlanta Braves,Kansas City Royals,2,0,0,0,3,0,4,3,3,1,608331,Max Fried,663903,Brady Singer
2024-09-27,746494,Coors Field,Colorado Rockies,Los Angeles Dodgers,2,6,1,2,4,11,8,15,4,9,615698,Cal Quantrill,518489,Ryan Brasier
2024-09-27,745847,Target Field,Minnesota Twins,Baltimore Orioles,0,2,0,0,2,7,4,12,1,4,641154,Pablo López,700249,Cade Povich
2024-09-27,745930,American Family Field,Milwaukee Brewers,New York Mets,6,2,4,0,8,4,8,7,7,3,593423,Frankie Montas,640455,Sean Manaea
2024-09-27,746173,Angel Stadium,Los Angeles Angels,Texas Rangers,2,4,1,3,2,5,7,10,6,8,672282,Reid Detmers,594798,Jacob deGrom
2024-09-27,747145,Chase Field,Arizona Diamondbacks,San Diego Padres,2,5,2,4,3,5,6,10,3,7,518876,Merrill Kelly,506433,Yu Darvish
2024-09-27,745202,T-Mobile Park,Seattle Mariners,Oakland Athletics,2,0,0,0,2,0,4,5,3,3,693433,Bryan Woo,676664,JP Sears
2024-09-27,745280,Oracle Park,San Francisco Giants,St. Louis Cardinals,3,6,0,1,3,6,9,13,7,10,694738,Landen Roupp,571945,Miles Mikolas
2024-09-28,745685,Yankee Stadium,New York Yankees,Pittsburgh Pirates,1,4,0,0,4,9,7,8,2,5,661563,Luis Gil,694973,Paul Skenes
2024-09-28,746414,Comerica Park,Detroit Tigers,Chicago White Sox,0,1,0,0,0,4,3,5,2,1,689225,Beau Brieske,680732,Sean Burke
2024-09-28,746819,Wrigley Field,Chicago Cubs,Cincinnati Reds,0,0,0,0,3,0,8,3,3,1,543294,Kyle Hendricks,695076,Rhett Lowder
2024-09-28,744878,Rogers Centre,Toronto Blue Jays,Miami Marlins,1,2,1,2,1,8,4,11,2,3,684320,Yariel Rodríguez,675540,Xzavion Curry
2024-09-28,745281,Oracle Park,San Francisco Giants,St. Louis Cardinals,4,2,2,1,6,5,11,13,7,7,663941,Tristan Beck,669467,Andre Pallante
2024-09-28,744799,Nationals Park,Washington Nationals,Philadelphia Phillies,0,0,0,0,6,3,9,5,1,3,669022,MacKenzie Gore,554430,Zack Wheeler
2024-09-28,746902,Fenway Park,Boston Red Sox,Tampa Bay Rays,1,6,1,0,2,7,5,10,2,6,676710,Kutter Crawford,669358,Shane Baz
2024-09-28,746578,Progressive Field,Cleveland Guardians,Houston Astros,3,4,2,1,3,4,9,9,6,6,594902,Ben Lively,434378,Justin Verlander
2024-09-28,745849,Target Field,Minnesota Twins,Baltimore Orioles,0,8,0,2,2,9,7,16,3,11,805673,Zebby Matthews,621199,Matt Bowman
2024-09-28,745931,American Family Field,Milwaukee Brewers,New York Mets,2,0,0,0,6,0,9,2,5,2,657649,Jared Koenig,500779,Jose Quintana
2024-09-28,747066,Truist Park,Atlanta Braves,Kansas City Royals,1,1,0,0,2,1,5,3,3,2,625643,Reynaldo López,607625,Seth Lugo
2024-09-28,746499,Coors Field,Colorado Rockies,Los Angeles Dodgers,2,8,1,0,2,13,6,18,4,8,622608,Antonio Senzatela,808967,Yoshinobu Yamamoto
2024-09-28,747146,Chase Field,Arizona Diamondbacks,San Diego Padres,0,0,0,0,0,5,2,10,0,4,593958,Eduardo Rodriguez,681190,Randy Vásquez
2024-09-28,746171,Angel Stadium,Los Angeles Angels,Texas Rangers,7,2,0,0,8,9,13,9,11,4,656288,Griffin Canning,571760,Andrew Heaney
2024-09-28,745203,T-Mobile Park,Seattle Mariners,Oakland Athletics,3,2,0,0,7,6,9,10,5,4,676106,Emerson Hancock,683155,Joey Estes
2024-09-29,745282,Oracle Park,San Francisco Giants,St. Louis Cardinals,0,3,0,0,1,6,7,7,1,4,806185,Hayden Birdsong,700241,Michael McGreevy
2024-09-29,746901,Fenway Park,Boston Red Sox,Tampa Bay Rays,3,1,0,0,3,1,7,8,5,4,682990,Quinn Priester,686752,Ryan Pepiot
2024-09-29,744798,Nationals Park,Washington Nationals,Philadelphia Phillies,3,6,1,2,3,6,11,9,8,5,663623,Jake Irvin,605400,Aaron Nola
2024-09-29,745686,Yankee Stadium,New York Yankees,Pittsburgh Pirates,4,4,2,0,6,4,5,5,4,4,657376,Clarke Schmidt,663559,Bailey Falter
2024-09-29,746174,Angel Stadium,Los Angeles Angels,Texas Rangers,0,1,0,0,0,8,4,11,1,4,686799,Jack Kochanowicz,543135,Nathan Eovaldi
2024-09-29,744880,Rogers Centre,Toronto Blue Jays,Miami Marlins,0,2,0,2,1,3,4,9,2,7,621114,Ryan Burr,677960,Ryan Weathers
2024-09-29,746496,Coors Field,Colorado Rockies,Los Angeles Dodgers,1,0,0,0,1,2,6,5,5,1,663372,Ryan Feltner,607455,Anthony Banda
2024-09-29,747147,Chase Field,Arizona Diamondbacks,San Diego Padres,7,1,0,0,11,2,16,4,9,2,694297,Brandon Pfaadt,527048,Martín Pérez
2024-09-29,745201,T-Mobile Park,Seattle Mariners,Oakland Athletics,6,0,0,0,6,4,9,7,7,0,669302,Logan Gilbert,687765,Mitch Spence
2024-09-29,745846,Target Field,Minnesota Twins,Baltimore Orioles,2,3,0,0,2,6,7,9,3,5,641927,Bailey Ober,544150,Albert Suárez
2024-09-29,746416,Comerica Park,Detroit Tigers,Chicago White Sox,4,5,0,0,5,9,6,11,4,5,628317,Kenta Maeda,686563,Jonathan Cannon
2024-09-29,745932,American Family Field,Milwaukee Brewers,New York Mets,0,4,0,1,0,5,3,12,1,8,607067,Colin Rea,656849,David Peterson
2024-09-29,746820,Wrigley Field,Chicago Cubs,Cincinnati Reds,0,0,0,0,0,3,3,9,1,3,668873,Caleb Kilian,668881,Hunter Greene
2024-09-29,747061,Truist Park,Atlanta Braves,Kansas City Royals,2,4,0,3,2,4,8,5,5,5,450203,Charlie Morton,679525,Alec Marsh
2024-09-30,747139,Truist Park,Atlanta Braves,New York Mets,2,0,0,0,7,8,12,11,6,3,680885,Spencer Schwellenbach,656731,Tylor Megill
2024-09-30,747064,Truist Park,Atlanta Braves,New York Mets,1,0,0,0,3,0,6,3,2,1,656550,Grant Holmes,664192,Joey Lucchesi
2025-03-18,778563,Tokyo Dome,Chicago Cubs,Los Angeles Dodgers,1,3,0,0,1,4,3,7,3,3,684007,Shota Imanaga,808967,Yoshinobu Yamamoto
2025-03-19,778564,Tokyo Dome,Chicago Cubs,Los Angeles Dodgers,3,6,0,0,3,6,8,7,5,6,657006,Justin Steele,808963,Roki Sasaki
2025-03-27,778557,Yankee Stadium,New York Yankees,Milwaukee Brewers,2,1,1,0,4,2,7,7,4,4,607074,Carlos Rodón,642547,Freddy Peralta
2025-03-27,778556,Rogers Centre,Toronto Blue Jays,Baltimore Orioles,2,6,0,1,2,12,4,14,1,9,621244,José Berríos,621107,Zach Eflin
2025-03-27,778553,Globe Life Field,Texas Rangers,Boston Red Sox,2,2,0,0,2,5,7,6,5,3,543135,Nathan Eovaldi,676979,Garrett Crochet
2025-03-27,778555,Nationals Park,Washington Nationals,Philadelphia Phillies,1,0,0,0,3,7,5,8,2,1,669022,MacKenzie Gore,554430,Zack Wheeler
2025-03-27,778558,Kauffman Stadium,Kansas City Royals,Cleveland Guardians,3,2,0,0,4,7,7,10,4,4,666142,Cole Ragans,594902,Ben Lively
2025-03-27,778559,Daikin Park,Houston Astros,New York Mets,3,0,0,0,3,1,7,6,5,2,664285,Framber Valdez,605280,Clay Holmes
2025-03-27,778561,Great American Ball Park,Cincinnati Reds,San Francisco Giants,3,2,1,0,4,6,8,6,6,3,668881,Hunter Greene,657277,Logan Webb
2025-03-27,778545,Petco Park,San Diego Padres,Atlanta Braves,3,4,2,1,7,4,10,7,6,7,650633,Michael King,519242,Chris Sale
2025-03-27,778554,Rate Field,Chicago White Sox,Los Angeles Angels,3,0,0,0,8,1,9,5,5,3,680732,Sean Burke,579328,Yusei Kikuchi
2025-03-27,778562,loanDepot park,Miami Marlins,Pittsburgh Pirates,1,2,0,0,5,4,7,4,3,2,645261,Sandy Alcantara,694973,Paul Skenes
2025-03-27,778551,Busch Stadium,St. Louis Cardinals,Minnesota Twins,4,2,1,0,5,3,10,8,8,4,543243,Sonny Gray,641154,Pablo López
2025-03-27,778546,Dodger Stadium,Los Angeles Dodgers,Detroit Tigers,4,2,0,0,5,4,7,9,6,5,605483,Blake Snell,669373,Tarik Skubal
2025-03-27,778552,Chase Field,Arizona Diamondbacks,Chicago Cubs,3,7,1,0,6,10,9,12,6,7,668678,Zac Gallen,657006,Justin Steele
2025-03-27,778547,T-Mobile Park,Seattle Mariners,Athletics,0,1,0,0,4,2,5,3,2,2,669302,Logan Gilbert,622663,Luis Severino
2025-03-28,778560,George M. Steinbrenner Field,Tampa Bay Rays,Colorado Rockies,0,2,0,0,3,2,7,7,2,5,686752,Ryan Pepiot,607536,Kyle Freeland
2025-03-28,778549,Rogers Centre,Toronto Blue Jays,Baltimore Orioles,5,2,0,0,8,2,14,3,10,3,592332,Kevin Gausman,450203,Charlie Morton
2025-03-28,778548,loanDepot park,Miami Marlins,Pittsburgh Pirates,1,4,0,0,3,4,7,7,4,4,687362,Connor Gillispie,656605,Mitch Keller
2025-03-28,778550,Globe Life Field,Texas Rangers,Boston Red Sox,2,1,0,0,4,1,8,8,4,5,683004,Jack Leiter,656557,Tanner Houck
2025-03-28,778518,Daikin Park,Houston Astros,New York Mets,1,3,0,0,1,3,3,5,2,4,686613,Hunter Brown,656731,Tylor Megill
2025-03-28,778543,Chase Field,Arizona Diamondbacks,Chicago Cubs,6,1,0,0,8,1,14,3,10,2,518876,Merrill Kelly,592791,Jameson Taillon
2025-03-28,778541,T-Mobile Park,Seattle Mariners,Athletics,0,2,0,0,0,7,5,12,3,3,622491,Luis Castillo,605488,Jeffrey Springs
2025-03-28,778542,Petco Park,San Diego Padres,Atlanta Braves,3,3,1,0,4,3,10,5,9,4,656302,Dylan Cease,625643,Reynaldo López
2025-03-28,778544,Dodger Stadium,Los Angeles Dodgers,Detroit Tigers,0,2,0,0,8,5,8,10,1,5,808967,Yoshinobu Yamamoto,656427,Jack Flaherty
2025-03-29,778538,Yankee Stadium,New York Yankees,Milwaukee Brewers,16,6,4,0,20,9,16,13,12,8,608331,Max Fried,641482,Nestor Cortes
2025-03-29,778534,Rate Field,Chicago White Sox,Los Angeles Angels,0,0,0,0,0,1,2,8,1,4,686563,Jonathan Cannon,667755,José Soriano
2025-03-29,778528,Busch Stadium,St. Louis Cardinals,Minnesota Twins,1,1,1,0,5,1,10,3,5,2,607200,Erick Fedde,657746,Joe Ryan
2025-03-29,778536,Rogers Centre,Toronto Blue Jays,Baltimore Orioles,5,8,2,2,5,9,8,12,5,8,453286,Max Scherzer,665152,Dean Kremer
2025-03-29,778535,Nationals Park,Washington Nationals,Philadelphia Phillies,2,2,0,0,6,11,12,14,5,7,663623,Jake Irvin,666200,Jesús Luzardo
2025-03-29,778529,Kauffman Stadium,Kansas City Royals,Cleveland Guardians,1,3,0,0,4,3,10,5,3,4,607625,Seth Lugo,668909,Gavin Williams
2025-03-29,778540,Great American Ball Park,Cincinnati Reds,San Francisco Giants,2,2,0,0,3,2,8,8,6,4,666157,Nick Lodolo,434378,Justin Verlander
2025-03-29,778537,George M. Steinbrenner Field,Tampa Bay Rays,Colorado Rockies,0,1,0,0,1,2,12,6,9,3,641793,Zack Littell,622608,Antonio Senzatela
2025-03-29,778539,loanDepot park,Miami Marlins,Pittsburgh Pirates,1,1,0,1,5,4,13,9,5,4,678368,Valente Bellozo,663559,Bailey Falter
2025-03-29,778531,Globe Life Field,Texas Rangers,Boston Red Sox,4,2,2,0,4,3,8,7,7,4,641816,Tyler Mahle,621111,Walker Buehler
2025-03-29,778530,Daikin Park,Houston Astros,New York Mets,1,0,0,0,2,1,5,1,2,1,681293,Spencer Arrighetti,656288,Griffin Canning
2025-03-29,778520,Petco Park,San Diego Padres,Atlanta Braves,0,0,0,0,1,0,4,5,1,3,681190,Randy Vásquez,680885,Spencer Schwellenbach
2025-03-29,778532,Chase Field,Arizona Diamondbacks,Chicago Cubs,1,3,0,0,3,4,9,8,3,6,694297,Brandon Pfaadt,684007,Shota Imanaga
2025-03-29,778533,Dodger Stadium,Los Angeles Dodgers,Detroit Tigers,4,2,1,2,7,3,7,6,4,3,808963,Roki Sasaki,681857,Reese Olson
2025-03-29,778521,T-Mobile Park,Seattle Mariners,Athletics,1,2,0,0,2,4,5,9,3,5,682243,Bryce Miller,674370,Osvaldo Bido
2025-03-30,778526,Nationals Park,Washington Nationals,Philadelphia Phillies,3,0,0,0,5,1,9,8,4,5,680730,Mitchell Parker,605400,Aaron Nola
2025-03-30,778523,Yankee Stadium,New York Yankees,Milwaukee Brewers,5,3,2,1,12,3,11,6,4,5,573186,Marcus Stroman,650644,Aaron Civale
2025-03-30,778525,Rogers Centre,Toronto Blue Jays,Baltimore Orioles,2,1,2,1,3,1,7,9,4,8,605135,Chris Bassitt,608372,Tomoyuki Sugano
2025-03-30,778522,Great American Ball Park,Cincinnati Reds,San Francisco Giants,0,1,0,0,3,6,5,7,0,1,607259,Nick Martinez,592662,Robbie Ray
2025-03-30,778524,George M. Steinbrenner Field,Tampa Bay Rays,Colorado Rockies,2,1,2,0,6,4,9,9,4,3,671737,Taj Bradley,663372,Ryan Feltner
2025-03-30,778519,loanDepot park,Miami Marlins,Pittsburgh Pirates,1,2,0,0,3,2,7,5,4,3,676974,Max Meyer,571760,Andrew Heaney
2025-03-30,778510,Kauffman Stadium,Kansas City Royals,Cleveland Guardians,0,3,0,0,2,6,5,11,2,6,608379,Michael Wacha,676440,Tanner Bibee
2025-03-30,778527,Rate Field,Chicago White Sox,Los Angeles Angels,2,2,2,2,2,3,7,6,4,2,663436,Davis Martin,686799,Jack Kochanowicz
2025-03-30,778517,Busch Stadium,St. Louis Cardinals,Minnesota Twins,8,2,0,1,9,2,10,5,9,4,669467,Andre Pallante,641927,Bailey Ober
2025-03-30,778516,Globe Life Field,Texas Rangers,Boston Red Sox,1,0,0,0,3,2,6,5,4,2,594798,Jacob deGrom,690916,Richard Fitts
2025-03-30,778515,Chase Field,Arizona Diamondbacks,Chicago Cubs,0,1,0,0,10,6,14,9,4,2,593958,Eduardo Rodriguez,571510,Matthew Boyd
2025-03-30,778513,T-Mobile Park,Seattle Mariners,Athletics,0,1,0,0,2,1,5,4,2,3,693433,Bryan Woo,676664,JP Sears
2025-03-30,778514,Petco Park,San Diego Padres,Atlanta Braves,2,0,1,0,5,0,9,1,6,1,601713,Nick Pivetta,700363,AJ Smith-Shawver
2025-03-31,778506,Rate Field,Chicago White Sox,Minnesota Twins,9,0,3,0,9,0,8,2,6,0,527048,Martín Pérez,663978,Chris Paddack
2025-03-31,778504,American Family Field,Milwaukee Brewers,Kansas City Royals,0,4,0,3,1,11,6,14,3,6,660730,Elvin Rodríguez,663460,Kris Bubic
2025-03-31,778512,Oriole Park at Camden Yards,Baltimore Orioles,Boston Red Sox,4,3,4,0,8,5,15,8,9,6,700249,Cade Povich,656794,Sean Newcomb
2025-03-31,778502,Citizens Bank Park,Philadelphia Phillies,Colorado Rockies,0,0,0,0,6,1,11,6,4,3,650911,Cristopher Sánchez,608566,Germán Márquez
2025-03-31,778511,Great American Ball Park,Cincinnati Reds,Texas Rangers,6,0,3,0,14,3,14,5,7,1,663903,Brady Singer,677958,Kumar Rocker
2025-03-31,778509,loanDepot park,Miami Marlins,New York Mets,1,8,1,0,4,10,9,11,3,10,615698,Cal Quantrill,656849,David Peterson
2025-03-31,778508,George M. Steinbrenner Field,Tampa Bay Rays,Pittsburgh Pirates,4,0,0,0,6,1,10,4,7,2,656876,Drew Rasmussen,669387,Carmen Mlodzinski
2025-03-31,778507,Rogers Centre,Toronto Blue Jays,Washington Nationals,4,0,0,0,5,2,10,5,5,0,670102,Bowden Francis,647336,Michael Soroka
2025-03-31,778503,Busch Stadium,St. Louis Cardinals,Los Angeles Angels,3,1,1,0,4,5,11,4,6,1,571945,Miles Mikolas,542881,Tyler Anderson
2025-03-31,778505,Daikin Park,Houston Astros,San Francisco Giants,0,2,0,0,2,7,3,9,1,3,669854,Ronel Blanco,663855,Jordan Hicks
2025-03-31,778499,Petco Park,San Diego Padres,Cleveland Guardians,7,2,0,1,7,2,12,8,9,5,606996,Kyle Hart,682847,Luis Ortiz
2025-03-31,778496,T-Mobile Park,Seattle Mariners,Detroit Tigers,4,8,0,6,6,9,8,18,5,12,676106,Emerson Hancock,695549,Jackson Jobe
2025-03-31,778501,Sutter Health Park,Athletics,Chicago Cubs,3,10,0,4,3,18,10,21,6,12,683155,Joey Estes,676962,Ben Brown
2025-03-31,778500,Dodger Stadium,Los Angeles Dodgers,Atlanta Braves,5,0,2,0,6,1,9,4,7,2,607192,Tyler Glasnow,656550,Grant Holmes
2025-04-01,778498,Great American Ball Park,Cincinnati Reds,Texas Rangers,0,1,0,1,0,1,4,4,1,3,686730,Carson Spiers,543135,Nathan Eovaldi
2025-04-01,778497,loanDepot park,Miami Marlins,New York Mets,4,2,2,0,4,2,3,5,3,3,645261,Sandy Alcantara,673540,Kodai Senga
2025-04-01,778493,George M. Steinbrenner Field,Tampa Bay Rays,Pittsburgh Pirates,6,0,3,0,7,0,10,9,7,6,669358,Shane Baz,802419,Thomas Harrington
2025-04-01,778492,Yankee Stadium,New York Yankees,Arizona Diamondbacks,4,2,0,0,5,7,5,5,4,1,701542,Will Warren,669203,Corbin Burnes
2025-04-01,778491,Rogers Centre,Toronto Blue Jays,Washington Nationals,3,0,0,0,5,3,12,6,10,1,621244,José Berríos,592866,Trevor Williams
2025-04-01,778490,Rate Field,Chicago White Sox,Minnesota Twins,3,0,0,0,3,8,9,10,6,2,681343,Shane Smith,680573,Simeon Woods Richardson
2025-04-01,778488,American Family Field,Milwaukee Brewers,Kansas City Royals,2,0,0,0,5,0,7,4,4,3,694477,Chad Patrick,547179,Michael Lorenzen
2025-04-01,778495,Busch Stadium,St. Louis Cardinals,Los Angeles Angels,2,3,0,0,7,9,11,10,7,5,669461,Matthew Liberatore,543294,Kyle Hendricks
2025-04-01,778489,Daikin Park,Houston Astros,San Francisco Giants,1,3,0,0,1,3,7,4,3,2,669713,Hayden Wesneski,657277,Logan Webb
2025-04-01,778485,Petco Park,San Diego Padres,Cleveland Guardians,3,0,0,0,7,0,10,2,7,2,650633,Michael King,671106,Logan Allen
2025-04-01,778486,T-Mobile Park,Seattle Mariners,Detroit Tigers,0,3,0,2,1,4,1,8,1,5,669302,Logan Gilbert,663554,Casey Mize
2025-04-01,778494,Sutter Health Park,Athletics,Chicago Cubs,4,6,2,3,4,7,8,9,7,6,622663,Luis Severino,657006,Justin Steele
2025-04-01,778487,Dodger Stadium,Los Angeles Dodgers,Atlanta Braves,0,1,0,0,3,1,5,3,1,1,669160,Dustin May,519242,Chris Sale
2025-04-02,778480,Great American Ball Park,Cincinnati Reds,Texas Rangers,0,1,0,0,0,1,3,3,1,3,668881,Hunter Greene,683004,Jack Leiter
2025-04-02,778479,George M. Steinbrenner Field,Tampa Bay Rays,Pittsburgh Pirates,0,2,0,0,2,4,4,8,2,5,686752,Ryan Pepiot,694973,Paul Skenes
2025-04-02,778477,American Family Field,Milwaukee Brewers,Kansas City Royals,1,1,1,0,3,2,8,4,5,2,642547,Freddy Peralta,666142,Cole Ragans
2025-04-02,778473,Busch Stadium,St. Louis Cardinals,Los Angeles Angels,1,1,0,1,12,5,12,6,2,2,543243,Sonny Gray,579328,Yusei Kikuchi
2025-04-02,778474,Rate Field,Chicago White Sox,Minnesota Twins,0,6,0,1,1,6,6,8,2,8,680732,Sean Burke,641154,Pablo López
2025-04-02,778478,Rogers Centre,Toronto Blue Jays,Washington Nationals,3,0,1,0,4,2,10,5,9,1,687922,Easton Lucas,669022,MacKenzie Gore
2025-04-02,778471,Sutter Health Park,Athletics,Chicago Cubs,2,8,0,0,2,10,5,11,3,8,605488,Jeffrey Springs,592791,Jameson Taillon
2025-04-02,778476,Petco Park,San Diego Padres,Cleveland Guardians,4,0,0,0,5,2,10,8,8,3,656302,Dylan Cease,594902,Ben Lively
2025-04-02,778469,T-Mobile Park,Seattle Mariners,Detroit Tigers,3,2,0,0,3,2,6,6,6,5,622491,Luis Castillo,669373,Tarik Skubal
2025-04-02,778475,Daikin Park,Houston Astros,San Francisco Giants,3,5,0,2,3,6,7,6,5,4,664285,Framber Valdez,694738,Landen Roupp
2025-04-02,778481,loanDepot park,Miami Marlins,New York Mets,2,1,0,1,5,6,13,9,6,4,687362,Connor Gillispie,605280,Clay Holmes
2025-04-02,778483,Oriole Park at Camden Yards,Baltimore Orioles,Boston Red Sox,0,3,0,0,0,3,4,10,3,7,621107,Zach Eflin,676979,Garrett Crochet
2025-04-02,778482,Citizens Bank Park,Philadelphia Phillies,Colorado Rockies,2,0,0,0,5,1,12,4,7,2,554430,Zack Wheeler,607536,Kyle Freeland
2025-04-02,778484,Yankee Stadium,New York Yankees,Arizona Diamondbacks,0,4,0,2,3,4,6,3,2,3,607074,Carlos Rodón,668678,Zac Gallen
2025-04-02,778472,Dodger Stadium,Los Angeles Dodgers,Atlanta Braves,3,5,0,2,6,5,9,8,4,5,605483,Blake Snell,693821,Bryce Elder
2025-04-03,778470,Oriole Park at Camden Yards,Baltimore Orioles,Boston Red Sox,3,5,1,2,4,8,8,11,5,6,450203,Charlie Morton,656557,Tanner Houck
2025-04-03,778467,Citizens Bank Park,Philadelphia Phillies,Colorado Rockies,1,0,0,0,3,1,11,8,9,3,592836,Taijuan Walker,622608,Antonio Senzatela
2025-04-03,778462,Target Field,Minnesota Twins,Houston Astros,2,4,2,0,2,5,5,9,5,5,657746,Joe Ryan,686613,Hunter Brown
2025-04-03,778466,Yankee Stadium,New York Yankees,Arizona Diamondbacks,9,3,4,0,9,7,12,8,9,4,471911,Carlos Carrasco,518876,Merrill Kelly
2025-04-03,778468,American Family Field,Milwaukee Brewers,Cincinnati Reds,1,0,0,0,1,0,5,2,2,1,641482,Nestor Cortes,666157,Nick Lodolo
2025-04-04,778458,Comerica Park,Detroit Tigers,Chicago White Sox,6,1,1,0,7,4,10,7,8,2,656427,Jack Flaherty,686563,Jonathan Cannon
2025-04-04,778463,Fenway Park,Boston Red Sox,St. Louis Cardinals,8,5,5,0,13,9,16,14,7,7,621111,Walker Buehler,607200,Erick Fedde
2025-04-04,778460,Wrigley Field,Chicago Cubs,San Diego Padres,3,1,1,0,3,1,3,6,3,4,684007,Shota Imanaga,681190,Randy Vásquez
2025-04-04,778465,Citi Field,New York Mets,Toronto Blue Jays,2,0,2,0,5,0,4,4,2,2,656731,Tylor Megill,592332,Kevin Gausman
2025-04-04,778456,Coors Field,Colorado Rockies,Athletics,2,2,1,1,3,6,11,11,6,6,663372,Ryan Feltner,674370,Osvaldo Bido
2025-04-04,778461,PNC Park,Pittsburgh Pirates,New York Yankees,1,7,0,0,4,9,9,13,5,9,656605,Mitch Keller,608331,Max Fried
2025-04-04,778444,Oracle Park,San Francisco Giants,Seattle Mariners,6,5,1,1,10,9,17,15,11,7,434378,Justin Verlander,622379,Luis F. Castillo
2025-04-04,778457,Nationals Park,Washington Nationals,Arizona Diamondbacks,3,4,3,1,4,6,8,11,5,7,663623,Jake Irvin,694297,Brandon Pfaadt
2025-04-04,778459,Citizens Bank Park,Philadelphia Phillies,Los Angeles Dodgers,1,0,1,0,3,2,5,5,3,1,666200,Jesús Luzardo,808967,Yoshinobu Yamamoto
2025-04-04,778464,Truist Park,Atlanta Braves,Miami Marlins,3,0,0,0,10,0,16,4,8,1,680885,Spencer Schwellenbach,676974,Max Meyer
2025-04-04,778455,Kauffman Stadium,Kansas City Royals,Baltimore Orioles,3,2,1,0,8,2,11,6,8,5,607625,Seth Lugo,665152,Dean Kremer
2025-04-04,778454,Globe Life Field,Texas Rangers,Tampa Bay Rays,4,0,0,0,5,2,6,6,5,1,641816,Tyler Mahle,641793,Zack Littell
2025-04-04,778453,American Family Field,Milwaukee Brewers,Cincinnati Reds,3,0,0,0,3,2,5,5,5,0,641302,Tyler Alexander,607259,Nick Martinez
2025-04-04,778447,Angel Stadium,Los Angeles Angels,Cleveland Guardians,4,4,1,1,6,8,12,10,6,5,667755,José Soriano,668909,Gavin Williams
2025-04-05,778445,Comerica Park,Detroit Tigers,Chicago White Sox,7,2,2,1,7,2,10,8,9,6,681857,Reese Olson,663436,Davis Martin
2025-04-05,778440,Target Field,Minnesota Twins,Houston Astros,6,1,0,1,6,1,6,9,6,5,641927,Bailey Ober,681293,Spencer Arrighetti
2025-04-05,778450,Wrigley Field,Chicago Cubs,San Diego Padres,4,0,0,0,7,1,11,8,9,4,571510,Matthew Boyd,601713,Nick Pivetta
2025-04-05,778452,Nationals Park,Washington Nationals,Arizona Diamondbacks,4,0,3,0,4,3,6,5,5,1,680730,Mitchell Parker,593958,Eduardo Rodriguez
2025-04-05,778448,Citizens Bank Park,Philadelphia Phillies,Los Angeles Dodgers,1,2,1,0,1,3,4,7,3,5,605400,Aaron Nola,808963,Roki Sasaki
2025-04-05,778449,PNC Park,Pittsburgh Pirates,New York Yankees,4,8,0,0,4,10,4,14,3,8,663559,Bailey Falter,573186,Marcus Stroman
2025-04-05,778441,Kauffman Stadium,Kansas City Royals,Baltimore Orioles,0,2,0,0,1,8,5,12,3,4,608379,Michael Wacha,608372,Tomoyuki Sugano
2025-04-05,778438,Globe Life Field,Texas Rangers,Tampa Bay Rays,4,1,4,0,6,4,4,10,2,5,594798,Jacob deGrom,671737,Taj Bradley
2025-04-05,778446,Citi Field,New York Mets,Toronto Blue Jays,0,1,0,0,3,2,8,10,3,5,656288,Griffin Canning,605135,Chris Bassitt
2025-04-05,778439,American Family Field,Milwaukee Brewers,Cincinnati Reds,5,7,0,1,7,11,12,14,9,8,660730,Elvin Rodríguez,663903,Brady Singer
2025-04-05,778451,Truist Park,Atlanta Braves,Miami Marlins,0,3,0,2,0,4,7,10,4,7,700363,AJ Smith-Shawver,615698,Cal Quantrill
2025-04-05,778442,Coors Field,Colorado Rockies,Athletics,3,1,0,0,4,7,9,11,5,4,608566,Germán Márquez,676664,JP Sears
2025-04-05,778436,Oracle Park,San Francisco Giants,Seattle Mariners,2,1,0,0,4,1,10,7,5,4,592662,Robbie Ray,682243,Bryce Miller
2025-04-05,778437,Angel Stadium,Los Angeles Angels,Cleveland Guardians,10,3,3,1,10,4,12,7,12,4,686799,Jack Kochanowicz,676440,Tanner Bibee
2025-04-06,778429,Nationals Park,Washington Nationals,Arizona Diamondbacks,4,3,2,1,5,4,9,9,7,5,592866,Trevor Williams,669203,Corbin Burnes
2025-04-06,778443,Fenway Park,Boston Red Sox,St. Louis Cardinals,2,1,0,0,5,4,8,11,4,6,656794,Sean Newcomb,669467,Andre Pallante
2025-04-06,778432,Fenway Park,Boston Red Sox,St. Louis Cardinals,11,2,1,1,18,7,21,12,14,8,690928,Hunter Dobbins,571945,Miles Mikolas
2025-04-06,778434,Citizens Bank Park,Philadelphia Phillies,Los Angeles Dodgers,6,4,0,2,8,7,6,9,4,6,650911,Cristopher Sánchez,607192,Tyler Glasnow
2025-04-06,778428,PNC Park,Pittsburgh Pirates,New York Yankees,4,1,0,1,5,4,7,8,6,5,571760,Andrew Heaney,701542,Will Warren
2025-04-06,778435,Citi Field,New York Mets,Toronto Blue Jays,2,1,0,0,2,1,7,4,4,3,656849,David Peterson,670102,Bowden Francis
2025-04-06,778433,Comerica Park,Detroit Tigers,Chicago White Sox,1,3,0,2,4,3,7,4,4,4,695549,Jackson Jobe,527048,Martín Pérez
2025-04-06,778422,Kauffman Stadium,Kansas City Royals,Baltimore Orioles,4,0,3,0,4,1,12,4,11,3,663460,Kris Bubic,700249,Cade Povich
2025-04-06,778419,Target Field,Minnesota Twins,Houston Astros,7,4,3,1,7,9,12,13,10,7,663978,Chris Paddack,669854,Ronel Blanco
2025-04-06,778421,American Family Field,Milwaukee Brewers,Cincinnati Reds,7,1,0,0,8,2,8,5,7,2,694477,Chad Patrick,686730,Carson Spiers
2025-04-06,778430,Wrigley Field,Chicago Cubs,San Diego Padres,7,6,5,3,7,8,6,13,5,8,676962,Ben Brown,606996,Kyle Hart
2025-04-06,778420,Globe Life Field,Texas Rangers,Tampa Bay Rays,1,1,0,0,4,3,7,7,3,6,677958,Kumar Rocker,656876,Drew Rasmussen
2025-04-06,778423,Coors Field,Colorado Rockies,Athletics,7,4,2,2,12,5,14,9,8,7,801403,Chase Dollander,683155,Joey Estes
2025-04-06,778427,Oracle Park,San Francisco Giants,Seattle Mariners,4,2,0,1,5,4,7,11,5,5,663855,Jordan Hicks,693433,Bryan Woo
2025-04-06,778425,Angel Stadium,Los Angeles Angels,Cleveland Guardians,2,2,0,1,6,2,9,3,6,1,542881,Tyler Anderson,682847,Luis Ortiz
2025-04-07,778424,Comerica Park,Detroit Tigers,New York Yankees,5,1,0,0,6,2,5,7,2,4,663554,Casey Mize,607074,Carlos Rodón
2025-04-07,778415,PNC Park,Pittsburgh Pirates,St. Louis Cardinals,4,1,1,0,8,4,10,9,7,5,669387,Carmen Mlodzinski,669461,Matthew Liberatore
2025-04-07,778418,Nationals Park,Washington Nationals,Los Angeles Dodgers,3,2,0,0,6,4,9,9,3,5,669022,MacKenzie Gore,669160,Dustin May
2025-04-07,778426,Fenway Park,Boston Red Sox,Toronto Blue Jays,1,3,0,0,2,6,5,13,2,5,690916,Richard Fitts,621244,José Berríos
2025-04-07,778416,Citi Field,New York Mets,Miami Marlins,1,0,0,0,2,0,9,7,6,5,673540,Kodai Senga,678368,Valente Bellozo
2025-04-07,778411,Wrigley Field,Chicago Cubs,Texas Rangers,3,0,0,0,7,0,10,3,4,3,657006,Justin Steele,543135,Nathan Eovaldi
2025-04-07,778412,Kauffman Stadium,Kansas City Royals,Minnesota Twins,3,1,1,0,4,2,9,7,7,5,547179,Michael Lorenzen,680573,Simeon Woods Richardson
2025-04-07,778413,Chase Field,Arizona Diamondbacks,Baltimore Orioles,1,5,0,1,1,5,5,7,4,7,668678,Zac Gallen,621107,Zach Eflin
2025-04-07,778405,T-Mobile Park,Seattle Mariners,Houston Astros,2,0,0,0,4,3,4,2,3,0,669302,Logan Gilbert,669713,Hayden Wesneski
2025-04-07,778410,Oracle Park,San Francisco Giants,Cincinnati Reds,0,0,0,0,0,2,4,5,2,3,657277,Logan Webb,668881,Hunter Greene
2025-04-07,778414,Sutter Health Park,Athletics,San Diego Padres,3,4,0,3,4,5,10,9,7,6,622663,Luis Severino,650633,Michael King
2025-04-08,778403,Comerica Park,Detroit Tigers,New York Yankees,5,0,0,0,5,0,9,6,7,2,669373,Tarik Skubal,471911,Carlos Carrasco
2025-04-08,778402,Progressive Field,Cleveland Guardians,Chicago White Sox,0,0,0,0,1,0,3,2,0,2,594902,Ben Lively,681343,Shane Smith
2025-04-08,778407,Citi Field,New York Mets,Miami Marlins,6,2,1,2,10,5,13,7,6,4,605280,Clay Holmes,687362,Connor Gillispie
2025-04-08,778408,PNC Park,Pittsburgh Pirates,St. Louis Cardinals,1,3,0,0,3,5,6,7,3,4,694973,Paul Skenes,543243,Sonny Gray
2025-04-08,778409,Nationals Park,Washington Nationals,Los Angeles Dodgers,8,1,2,0,8,2,11,8,8,3,695418,Brad Lord,680736,Justin Wrobleski
2025-04-08,778404,Fenway Park,Boston Red Sox,Toronto Blue Jays,0,0,0,0,1,6,8,9,2,3,676979,Garrett Crochet,687922,Easton Lucas
2025-04-08,778417,George M. Steinbrenner Field,Tampa Bay Rays,Los Angeles Angels,0,2,0,0,3,4,9,6,2,2,669358,Shane Baz,543294,Kyle Hendricks
2025-04-08,778406,Truist Park,Atlanta Braves,Philadelphia Phillies,3,5,0,1,7,5,11,9,5,9,519242,Chris Sale,554430,Zack Wheeler
2025-04-08,778401,Wrigley Field,Chicago Cubs,Texas Rangers,6,3,0,0,10,6,12,12,9,4,592791,Jameson Taillon,571578,Patrick Corbin
2025-04-08,778400,Kauffman Stadium,Kansas City Royals,Minnesota Twins,1,1,0,0,2,1,3,7,3,3,666142,Cole Ragans,641154,Pablo López
2025-04-08,778394,Coors Field,Colorado Rockies,Milwaukee Brewers,1,4,0,0,1,7,5,11,3,7,607536,Kyle Freeland,642547,Freddy Peralta
2025-04-08,778396,Chase Field,Arizona Diamondbacks,Baltimore Orioles,4,2,1,2,4,3,5,4,4,2,518876,Merrill Kelly,450203,Charlie Morton
2025-04-08,778398,T-Mobile Park,Seattle Mariners,Houston Astros,0,0,0,0,1,2,5,8,2,4,622491,Luis Castillo,664285,Framber Valdez
2025-04-08,778397,Oracle Park,San Francisco Giants,Cincinnati Reds,0,1,0,0,0,1,4,8,3,6,694738,Landen Roupp,666157,Nick Lodolo
2025-04-08,778395,Sutter Health Park,Athletics,San Diego Padres,9,4,6,3,10,4,13,11,10,6,605488,Jeffrey Springs,656302,Dylan Cease
2025-04-09,778389,PNC Park,Pittsburgh Pirates,St. Louis Cardinals,0,0,0,0,2,1,5,7,0,2,656605,Mitch Keller,607200,Erick Fedde
2025-04-09,778390,Citi Field,New York Mets,Miami Marlins,0,2,0,0,0,5,2,10,0,7,656731,Tylor Megill,676974,Max Meyer
2025-04-09,778387,Comerica Park,Detroit Tigers,New York Yankees,0,0,0,0,3,4,8,7,4,2,656427,Jack Flaherty,608331,Max Fried
2025-04-09,778385,Wrigley Field,Chicago Cubs,Texas Rangers,1,5,0,1,2,6,4,11,2,7,684007,Shota Imanaga,641816,Tyler Mahle
2025-04-09,778381,Sutter Health Park,Athletics,San Diego Padres,1,2,0,0,1,2,2,12,1,9,674370,Osvaldo Bido,681190,Randy Vásquez
2025-04-09,778380,Chase Field,Arizona Diamondbacks,Baltimore Orioles,7,0,1,0,9,0,14,4,10,2,694297,Brandon Pfaadt,665152,Dean Kremer
2025-04-09,778376,Oracle Park,San Francisco Giants,Cincinnati Reds,1,5,0,0,8,6,12,6,4,5,434378,Justin Verlander,607259,Nick Martinez
2025-04-09,778392,Nationals Park,Washington Nationals,Los Angeles Dodgers,5,4,3,4,5,6,5,8,4,4,663623,Jake Irvin,689017,Landon Knack
2025-04-09,778383,T-Mobile Park,Seattle Mariners,Houston Astros,0,4,0,0,7,6,7,10,2,6,622379,Luis F. Castillo,686613,Hunter Brown
2025-04-09,778391,Progressive Field,Cleveland Guardians,Chicago White Sox,3,1,2,1,3,2,3,8,3,4,671106,Logan Allen,680732,Sean Burke
2025-04-09,778386,Fenway Park,Boston Red Sox,Toronto Blue Jays,1,1,1,1,1,2,4,6,2,3,656557,Tanner Houck,592332,Kevin Gausman
2025-04-09,778399,George M. Steinbrenner Field,Tampa Bay Rays,Los Angeles Angels,4,3,4,0,5,4,7,7,5,6,686752,Ryan Pepiot,579328,Yusei Kikuchi
2025-04-09,778393,Truist Park,Atlanta Braves,Philadelphia Phillies,0,0,0,0,3,4,10,9,5,3,656550,Grant Holmes,592836,Taijuan Walker
2025-04-09,778388,Kauffman Stadium,Kansas City Royals,Minnesota Twins,0,1,0,0,0,4,3,7,2,3,607625,Seth Lugo,657746,Joe Ryan
2025-04-09,778379,Coors Field,Colorado Rockies,Milwaukee Brewers,2,10,0,0,2,17,8,13,6,9,622608,Antonio Senzatela,641302,Tyler Alexander
2025-04-10,778382,George M. Steinbrenner Field,Tampa Bay Rays,Los Angeles Angels,1,10,0,1,1,11,6,14,3,10,641793,Zack Littell,667755,José Soriano
2025-04-10,778378,Progressive Field,Cleveland Guardians,Chicago White Sox,5,1,2,1,6,1,10,5,6,3,668909,Gavin Williams,686563,Jonathan Cannon
2025-04-10,778373,Kauffman Stadium,Kansas City Royals,Minnesota Twins,1,1,1,0,3,2,7,5,5,3,608379,Michael Wacha,641927,Bailey Ober
2025-04-10,778371,Coors Field,Colorado Rockies,Milwaukee Brewers,1,1,1,0,7,2,12,4,6,3,663372,Ryan Feltner,682990,Quinn Priester
2025-04-10,778377,Fenway Park,Boston Red Sox,Toronto Blue Jays,0,0,0,0,4,3,8,8,3,4,621111,Walker Buehler,605135,Chris Bassitt
2025-04-10,778384,Truist Park,Atlanta Braves,Philadelphia Phillies,1,1,1,0,4,2,9,7,6,6,680885,Spencer Schwellenbach,666200,Jesús Luzardo
2025-04-11,778375,Progressive Field,Cleveland Guardians,Kansas City Royals,3,0,0,0,7,0,11,5,5,3,676440,Tanner Bibee,663460,Kris Bubic
2025-04-11,778374,Great American Ball Park,Cincinnati Reds,Pittsburgh Pirates,5,3,3,0,5,3,4,4,3,2,663903,Brady Singer,663559,Bailey Falter
2025-04-11,778367,George M. Steinbrenner Field,Tampa Bay Rays,Atlanta Braves,3,1,0,1,6,3,11,8,6,5,671737,Taj Bradley,693821,Bryce Elder
2025-04-11,778370,Yankee Stadium,New York Yankees,San Francisco Giants,1,8,0,5,1,9,2,6,2,6,573186,Marcus Stroman,592662,Robbie Ray
2025-04-11,778369,loanDepot park,Miami Marlins,Washington Nationals,4,0,0,0,4,7,7,9,5,2,665795,Edward Cabrera,680730,Mitchell Parker
2025-04-11,778366,Rate Field,Chicago White Sox,Boston Red Sox,7,0,0,0,11,1,12,7,7,4,663436,Davis Martin,656794,Sean Newcomb
2025-04-11,778368,Daikin Park,Houston Astros,Los Angeles Angels,7,2,0,0,14,3,17,8,9,5,669854,Ronel Blanco,686799,Jack Kochanowicz
2025-04-11,778363,Target Field,Minnesota Twins,Detroit Tigers,4,1,0,0,6,7,12,10,7,3,701581,David Festa,681857,Reese Olson
2025-04-11,778365,Busch Stadium,St. Louis Cardinals,Philadelphia Phillies,2,0,0,0,2,0,9,3,5,2,669467,Andre Pallante,605400,Aaron Nola
2025-04-11,778361,Petco Park,San Diego Padres,Colorado Rockies,6,0,0,0,8,0,10,3,8,2,601713,Nick Pivetta,608566,Germán Márquez
2025-04-11,778360,T-Mobile Park,Seattle Mariners,Texas Rangers,3,1,1,0,5,3,6,8,4,2,682243,Bryce Miller,594798,Jacob deGrom
2025-04-11,778364,Chase Field,Arizona Diamondbacks,Milwaukee Brewers,0,3,0,0,0,7,4,10,3,5,593958,Eduardo Rodriguez,500779,Jose Quintana
2025-04-11,778358,Sutter Health Park,Athletics,New York Mets,1,3,0,0,6,7,9,9,4,6,676664,JP Sears,656288,Griffin Canning
2025-04-11,778356,Dodger Stadium,Los Angeles Dodgers,Chicago Cubs,0,0,0,0,3,0,6,2,2,2,808967,Yoshinobu Yamamoto,571510,Matthew Boyd
2025-04-12,778348,Target Field,Minnesota Twins,Detroit Tigers,0,2,0,1,0,4,4,5,2,2,663978,Chris Paddack,695549,Jackson Jobe
2025-04-12,778347,Busch Stadium,St. Louis Cardinals,Philadelphia Phillies,0,3,0,2,1,4,9,8,5,3,571945,Miles Mikolas,650911,Cristopher Sánchez
2025-04-12,778355,Yankee Stadium,New York Yankees,San Francisco Giants,7,2,2,0,8,4,11,6,9,2,701542,Will Warren,663855,Jordan Hicks
2025-04-12,778346,Sutter Health Park,Athletics,New York Mets,2,0,0,0,3,1,9,6,6,4,669372,J.T. Ginn,656849,David Peterson
2025-04-12,778362,Oriole Park at Camden Yards,Baltimore Orioles,Toronto Blue Jays,2,3,0,1,5,4,4,10,1,8,608372,Tomoyuki Sugano,670102,Bowden Francis
2025-04-12,778353,George M. Steinbrenner Field,Tampa Bay Rays,Atlanta Braves,2,0,1,0,4,5,12,15,6,4,656876,Drew Rasmussen,700363,AJ Smith-Shawver
2025-04-12,778349,Rate Field,Chicago White Sox,Boston Red Sox,0,2,0,0,3,2,4,7,2,5,527048,Martín Pérez,690916,Richard Fitts
2025-04-12,778354,loanDepot park,Miami Marlins,Washington Nationals,6,3,0,0,7,6,11,7,9,3,645261,Sandy Alcantara,592866,Trevor Williams
2025-04-12,778359,Progressive Field,Cleveland Guardians,Kansas City Royals,2,1,0,0,6,3,9,6,5,1,682847,Luis Ortiz,547179,Michael Lorenzen
2025-04-12,778357,Great American Ball Park,Cincinnati Reds,Pittsburgh Pirates,4,1,0,0,5,2,4,4,3,2,671096,Andrew Abbott,571760,Andrew Heaney
2025-04-12,778351,Daikin Park,Houston Astros,Los Angeles Angels,0,4,0,2,1,4,3,8,0,6,687473,Ryan Gusto,542881,Tyler Anderson
2025-04-12,778350,Chase Field,Arizona Diamondbacks,Milwaukee Brewers,0,2,0,0,5,4,10,6,6,3,669203,Corbin Burnes,694477,Chad Patrick
2025-04-12,778352,Petco Park,San Diego Padres,Colorado Rockies,2,0,1,0,2,0,3,4,2,1,606996,Kyle Hart,801403,Chase Dollander
2025-04-12,778345,Dodger Stadium,Los Angeles Dodgers,Chicago Cubs,0,1,0,0,0,16,6,21,4,4,808963,Roki Sasaki,676962,Ben Brown
2025-04-12,778341,T-Mobile Park,Seattle Mariners,Texas Rangers,5,1,0,1,9,2,11,9,6,6,693433,Bryan Woo,677958,Kumar Rocker
2025-04-13,778344,Oriole Park at Camden Yards,Baltimore Orioles,Toronto Blue Jays,4,2,1,0,6,7,9,16,7,7,700249,Cade Povich,621244,José Berríos
2025-04-13,778339,Yankee Stadium,New York Yankees,San Francisco Giants,3,1,1,0,4,5,6,4,5,1,607074,Carlos Rodón,657277,Logan Webb
2025-04-13,778342,Progressive Field,Cleveland Guardians,Kansas City Royals,2,4,0,0,2,4,5,9,4,7,594902,Ben Lively,666142,Cole Ragans
2025-04-13,778343,Great American Ball Park,Cincinnati Reds,Pittsburgh Pirates,4,0,0,0,4,0,6,2,6,2,668881,Hunter Greene,669387,Carmen Mlodzinski
2025-04-13,778340,George M. Steinbrenner Field,Tampa Bay Rays,Atlanta Braves,4,0,2,0,8,3,9,4,6,0,671212,Joe Boyle,519242,Chris Sale
2025-04-13,778337,loanDepot park,Miami Marlins,Washington Nationals,3,3,0,0,11,4,14,10,7,7,615698,Cal Quantrill,669022,MacKenzie Gore
2025-04-13,778329,Daikin Park,Houston Astros,Los Angeles Angels,5,2,0,1,7,3,6,9,4,4,669713,Hayden Wesneski,543294,Kyle Hendricks
2025-04-13,778335,Target Field,Minnesota Twins,Detroit Tigers,2,1,1,0,5,1,9,5,3,5,680573,Simeon Woods Richardson,663554,Casey Mize
2025-04-13,778338,Rate Field,Chicago White Sox,Boston Red Sox,0,0,0,0,1,3,4,9,0,3,681343,Shane Smith,676979,Garrett Crochet
2025-04-13,778336,Busch Stadium,St. Louis Cardinals,Philadelphia Phillies,2,0,0,0,7,0,10,3,4,3,669461,Matthew Liberatore,554430,Zack Wheeler
2025-04-13,778333,Sutter Health Park,Athletics,New York Mets,0,0,0,0,0,8,5,11,4,3,622663,Luis Severino,673540,Kodai Senga
2025-04-13,778330,Petco Park,San Diego Padres,Colorado Rockies,5,0,4,0,6,0,11,2,8,1,650633,Michael King,607536,Kyle Freeland
2025-04-13,778334,T-Mobile Park,Seattle Mariners,Texas Rangers,2,1,2,0,3,1,6,4,4,3,669302,Logan Gilbert,543135,Nathan Eovaldi
2025-04-13,778332,Chase Field,Arizona Diamondbacks,Milwaukee Brewers,1,2,0,2,5,2,7,6,3,5,668678,Zac Gallen,642547,Freddy Peralta
2025-04-13,778331,Dodger Stadium,Los Angeles Dodgers,Chicago Cubs,1,1,0,0,2,4,7,8,5,2,607192,Tyler Glasnow,607067,Colin Rea
2025-04-14,778321,PNC Park,Pittsburgh Pirates,Washington Nationals,5,0,1,0,10,3,14,6,8,1,694973,Paul Skenes,695418,Brad Lord
2025-04-14,778320,Citizens Bank Park,Philadelphia Phillies,San Francisco Giants,4,6,3,0,4,10,8,12,6,6,592836,Taijuan Walker,694738,Landen Roupp
2025-04-14,778328,George M. Steinbrenner Field,Tampa Bay Rays,Boston Red Sox,15,1,1,0,16,1,16,6,14,1,669358,Shane Baz,656557,Tanner Houck
2025-04-14,778327,Yankee Stadium,New York Yankees,Kansas City Royals,4,1,0,0,4,1,9,2,7,1,471911,Carlos Carrasco,607625,Seth Lugo
2025-04-14,778322,Rogers Centre,Toronto Blue Jays,Atlanta Braves,0,8,0,2,4,8,5,6,0,6,687922,Easton Lucas,656550,Grant Holmes
2025-04-14,778324,Target Field,Minnesota Twins,New York Mets,1,1,0,0,1,5,3,7,2,3,657746,Joe Ryan,605280,Clay Holmes
2025-04-14,778323,American Family Field,Milwaukee Brewers,Detroit Tigers,0,9,0,2,1,9,5,9,1,8,641302,Tyler Alexander,669373,Tarik Skubal
2025-04-14,778325,Busch Stadium,St. Louis Cardinals,Houston Astros,7,0,0,0,8,3,14,7,10,1,543243,Sonny Gray,664285,Framber Valdez
2025-04-14,778315,Petco Park,San Diego Padres,Chicago Cubs,1,3,0,0,10,4,12,11,4,6,656302,Dylan Cease,592791,Jameson Taillon
2025-04-14,778326,Dodger Stadium,Los Angeles Dodgers,Colorado Rockies,4,0,2,0,5,3,10,8,9,1,669160,Dustin May,622608,Antonio Senzatela
2025-04-15,778314,PNC Park,Pittsburgh Pirates,Washington Nationals,0,1,0,1,0,3,4,8,2,4,656605,Mitch Keller,663623,Jake Irvin
2025-04-15,778316,Great American Ball Park,Cincinnati Reds,Seattle Mariners,6,4,0,1,8,4,9,6,7,6,666157,Nick Lodolo,622491,Luis Castillo
2025-04-15,778318,loanDepot park,Miami Marlins,Arizona Diamondbacks,1,5,0,0,4,10,9,12,3,5,687362,Connor Gillispie,518876,Merrill Kelly
2025-04-15,778313,Citizens Bank Park,Philadelphia Phillies,San Francisco Giants,2,2,0,0,6,4,10,8,4,4,666200,Jesús Luzardo,434378,Justin Verlander
2025-04-15,778317,Oriole Park at Camden Yards,Baltimore Orioles,Cleveland Guardians,0,4,0,0,3,6,8,11,1,6,450203,Charlie Morton,671106,Logan Allen
2025-04-15,778319,George M. Steinbrenner Field,Tampa Bay Rays,Boston Red Sox,2,6,0,1,4,7,7,12,3,9,686752,Ryan Pepiot,621111,Walker Buehler
2025-04-15,778312,Yankee Stadium,New York Yankees,Kansas City Royals,0,2,0,0,4,2,6,5,3,5,608331,Max Fried,608379,Michael Wacha
2025-04-15,778311,Rogers Centre,Toronto Blue Jays,Atlanta Braves,6,1,0,1,6,3,6,8,6,5,592332,Kevin Gausman,680885,Spencer Schwellenbach
2025-04-15,778307,Target Field,Minnesota Twins,New York Mets,4,2,0,1,6,3,13,7,8,2,641927,Bailey Ober,656731,Tylor Megill
2025-04-15,778309,Rate Field,Chicago White Sox,Athletics,3,5,3,3,3,12,6,13,3,7,680732,Sean Burke,605488,Jeffrey Springs
2025-04-15,778310,American Family Field,Milwaukee Brewers,Detroit Tigers,3,0,0,0,5,0,9,1,5,0,682990,Quinn Priester,656427,Jack Flaherty
2025-04-15,778308,Busch Stadium,St. Louis Cardinals,Houston Astros,0,0,0,0,0,2,6,7,4,4,607200,Erick Fedde,686613,Hunter Brown
2025-04-15,778306,Globe Life Field,Texas Rangers,Los Angeles Angels,0,0,0,0,4,0,8,5,1,2,641816,Tyler Mahle,579328,Yusei Kikuchi
2025-04-15,778305,Petco Park,San Diego Padres,Chicago Cubs,1,0,0,0,1,2,5,10,4,5,681190,Randy Vásquez,684007,Shota Imanaga
2025-04-15,778302,Dodger Stadium,Los Angeles Dodgers,Colorado Rockies,5,2,0,0,6,2,10,5,6,4,689017,Landon Knack,663372,Ryan Feltner
2025-04-16,778297,Rogers Centre,Toronto Blue Jays,Atlanta Braves,1,0,0,0,3,1,6,5,4,3,605135,Chris Bassitt,675911,Spencer Strider
2025-04-16,778299,Target Field,Minnesota Twins,New York Mets,2,0,0,0,4,3,9,10,5,5,701581,David Festa,623211,Huascar Brazobán
2025-04-16,778295,American Family Field,Milwaukee Brewers,Detroit Tigers,4,0,0,0,5,1,8,7,6,3,500779,Jose Quintana,672456,Keider Montero
2025-04-16,778290,Busch Stadium,St. Louis Cardinals,Houston Astros,3,1,0,1,4,1,8,4,5,2,571927,Steven Matz,669854,Ronel Blanco
2025-04-16,778288,Petco Park,San Diego Padres,Chicago Cubs,2,1,0,0,4,2,7,6,5,3,601713,Nick Pivetta,571510,Matthew Boyd
2025-04-16,778301,Oriole Park at Camden Yards,Baltimore Orioles,Cleveland Guardians,4,1,0,0,9,1,7,8,3,3,665152,Dean Kremer,668909,Gavin Williams
2025-04-16,778293,PNC Park,Pittsburgh Pirates,Washington Nationals,1,0,0,0,6,1,8,3,3,2,663559,Bailey Falter,680730,Mitchell Parker
2025-04-16,778304,Great American Ball Park,Cincinnati Reds,Seattle Mariners,0,4,0,1,3,5,10,10,3,7,607259,Nick Martinez,682243,Bryce Miller
2025-04-16,778303,loanDepot park,Miami Marlins,Arizona Diamondbacks,1,2,0,0,2,6,7,9,5,4,676974,Max Meyer,694297,Brandon Pfaadt
2025-04-16,778296,Citizens Bank Park,Philadelphia Phillies,San Francisco Giants,4,5,2,4,4,11,7,13,6,8,605400,Aaron Nola,592662,Robbie Ray
2025-04-16,778298,George M. Steinbrenner Field,Tampa Bay Rays,Boston Red Sox,0,1,0,0,0,1,5,5,4,4,641793,Zack Littell,656794,Sean Newcomb
2025-04-16,778300,Yankee Stadium,New York Yankees,Kansas City Royals,3,3,0,1,4,3,8,5,7,4,657376,Clarke Schmidt,663460,Kris Bubic
2025-04-16,778294,Rate Field,Chicago White Sox,Athletics,1,0,0,0,1,3,7,8,5,3,686563,Jonathan Cannon,674370,Osvaldo Bido
2025-04-16,778289,Globe Life Field,Texas Rangers,Los Angeles Angels,3,0,0,0,3,1,11,6,8,2,571578,Patrick Corbin,667755,José Soriano
2025-04-16,778287,Dodger Stadium,Los Angeles Dodgers,Colorado Rockies,8,6,7,1,8,7,10,11,10,8,676272,Bobby Miller,608566,Germán Márquez
2025-04-17,778291,loanDepot park,Miami Marlins,Arizona Diamondbacks,3,6,1,2,4,6,13,5,9,5,665795,Edward Cabrera,593958,Eduardo Rodriguez
2025-04-17,778280,PNC Park,Pittsburgh Pirates,Washington Nationals,1,0,1,0,1,0,5,5,3,3,571760,Andrew Heaney,592866,Trevor Williams
2025-04-17,778285,Great American Ball Park,Cincinnati Reds,Seattle Mariners,2,4,2,0,7,11,10,14,5,6,663903,Brady Singer,676106,Emerson Hancock
2025-04-17,778283,Rate Field,Chicago White Sox,Athletics,0,2,0,1,0,8,4,13,1,5,663436,Davis Martin,676664,JP Sears
2025-04-17,778279,Citizens Bank Park,Philadelphia Phillies,San Francisco Giants,5,1,5,1,6,4,6,6,6,3,650911,Cristopher Sánchez,663855,Jordan Hicks
2025-04-17,778292,Oriole Park at Camden Yards,Baltimore Orioles,Cleveland Guardians,4,2,1,0,6,2,7,7,3,4,608372,Tomoyuki Sugano,676440,Tanner Bibee
2025-04-17,778286,Comerica Park,Detroit Tigers,Kansas City Royals,4,0,0,0,6,1,12,7,7,4,681857,Reese Olson,547179,Michael Lorenzen
2025-04-17,778282,George M. Steinbrenner Field,Tampa Bay Rays,New York Yankees,3,3,0,1,3,6,12,11,11,8,671737,Taj Bradley,701542,Will Warren
2025-04-17,778278,Citi Field,New York Mets,St. Louis Cardinals,4,1,0,0,4,1,8,3,7,3,656288,Griffin Canning,669467,Andre Pallante
2025-04-17,778281,Globe Life Field,Texas Rangers,Los Angeles Angels,4,3,1,1,5,3,11,5,8,5,677958,Kumar Rocker,686799,Jack Kochanowicz
2025-04-18,778268,Wrigley Field,Chicago Cubs,Arizona Diamondbacks,2,1,0,0,13,11,18,15,6,5,607067,Colin Rea,669203,Corbin Burnes
2025-04-18,778277,Comerica Park,Detroit Tigers,Kansas City Royals,5,1,0,1,7,3,12,10,7,5,695549,Jackson Jobe,666142,Cole Ragans
2025-04-18,778271,PNC Park,Pittsburgh Pirates,Cleveland Guardians,2,5,1,0,7,10,11,14,4,9,669387,Carmen Mlodzinski,682847,Luis Ortiz
2025-04-18,778274,Citizens Bank Park,Philadelphia Phillies,Miami Marlins,7,0,2,0,7,2,9,5,8,3,554430,Zack Wheeler,645261,Sandy Alcantara
2025-04-18,778276,Oriole Park at Camden Yards,Baltimore Orioles,Cincinnati Reds,1,7,0,0,3,8,4,11,2,8,700249,Cade Povich,671096,Andrew Abbott
2025-04-18,778272,George M. Steinbrenner Field,Tampa Bay Rays,New York Yankees,0,1,0,0,0,1,3,5,2,3,656876,Drew Rasmussen,607074,Carlos Rodón
2025-04-18,778273,Rogers Centre,Toronto Blue Jays,Seattle Mariners,3,1,1,0,3,1,7,5,7,4,670102,Bowden Francis,693433,Bryan Woo
2025-04-18,778270,Citi Field,New York Mets,St. Louis Cardinals,2,2,0,0,5,4,9,8,5,5,656849,David Peterson,571945,Miles Mikolas
2025-04-18,778275,Fenway Park,Boston Red Sox,Chicago White Sox,6,1,3,0,10,3,11,6,8,2,690928,Hunter Dobbins,527048,Martín Pérez
2025-04-18,778284,Truist Park,Atlanta Braves,Minnesota Twins,1,4,0,0,6,4,8,6,3,6,693821,Bryce Elder,663978,Chris Paddack
2025-04-18,778263,Globe Life Field,Texas Rangers,Los Angeles Dodgers,0,1,0,1,0,3,7,5,4,2,594798,Jacob deGrom,808967,Yoshinobu Yamamoto
2025-04-18,778269,Daikin Park,Houston Astros,San Diego Padres,5,2,0,0,6,4,12,12,9,9,687473,Ryan Gusto,606996,Kyle Hart
2025-04-18,778261,American Family Field,Milwaukee Brewers,Athletics,3,0,0,0,5,3,8,10,5,7,642547,Freddy Peralta,669372,J.T. Ginn
2025-04-18,778260,Angel Stadium,Los Angeles Angels,San Francisco Giants,2,0,0,0,2,0,5,4,4,3,542881,Tyler Anderson,657277,Logan Webb
2025-04-19,778252,Citizens Bank Park,Philadelphia Phillies,Miami Marlins,9,1,0,0,11,10,18,15,12,3,592836,Taijuan Walker,615698,Cal Quantrill
2025-04-19,778265,Comerica Park,Detroit Tigers,Kansas City Royals,3,0,0,0,3,1,5,6,5,3,663554,Casey Mize,607625,Seth Lugo
2025-04-19,778257,Wrigley Field,Chicago Cubs,Arizona Diamondbacks,6,1,2,1,6,2,8,4,7,3,676962,Ben Brown,668678,Zac Gallen
2025-04-19,778258,Rogers Centre,Toronto Blue Jays,Seattle Mariners,2,2,1,0,4,8,12,10,7,3,621244,José Berríos,669302,Logan Gilbert
2025-04-19,778262,Oriole Park at Camden Yards,Baltimore Orioles,Cincinnati Reds,5,3,2,1,9,5,11,13,6,7,687064,Brandon Young,668881,Hunter Greene
2025-04-19,778254,PNC Park,Pittsburgh Pirates,Cleveland Guardians,0,1,0,0,0,3,6,9,3,4,694973,Paul Skenes,594902,Ben Lively
2025-04-19,778256,Citi Field,New York Mets,St. Louis Cardinals,2,0,0,0,3,0,8,3,4,2,673540,Kodai Senga,669461,Matthew Liberatore
2025-04-19,778251,Globe Life Field,Texas Rangers,Los Angeles Dodgers,2,3,0,0,4,3,5,6,2,5,543135,Nathan Eovaldi,808963,Roki Sasaki
2025-04-19,778247,Coors Field,Colorado Rockies,Washington Nationals,2,9,0,0,11,12,8,12,3,9,801403,Chase Dollander,669022,MacKenzie Gore
2025-04-19,778264,Fenway Park,Boston Red Sox,Chicago White Sox,3,0,0,0,4,3,7,7,4,4,676979,Garrett Crochet,681343,Shane Smith
2025-04-19,778255,George M. Steinbrenner Field,Tampa Bay Rays,New York Yankees,4,6,0,2,10,8,10,10,6,5,669358,Shane Baz,471911,Carlos Carrasco
2025-04-19,778259,Daikin Park,Houston Astros,San Diego Padres,0,2,0,0,3,2,7,7,3,6,669713,Hayden Wesneski,650633,Michael King
2025-04-19,778253,American Family Field,Milwaukee Brewers,Athletics,1,1,0,0,1,3,3,8,2,6,694477,Chad Patrick,622663,Luis Severino
2025-04-19,778267,Truist Park,Atlanta Braves,Minnesota Twins,2,2,1,1,4,3,12,7,7,6,519242,Chris Sale,623437,Justin Topa
2025-04-19,778243,Angel Stadium,Los Angeles Angels,San Francisco Giants,1,3,0,2,2,3,6,5,4,4,543294,Kyle Hendricks,694738,Landen Roupp
2025-04-20,778250,Oriole Park at Camden Yards,Baltimore Orioles,Cincinnati Reds,1,12,0,0,2,24,7,25,4,13,450203,Charlie Morton,608718,Brent Suter
2025-04-20,778242,PNC Park,Pittsburgh Pirates,Cleveland Guardians,0,2,0,0,4,5,11,8,3,5,656605,Mitch Keller,671106,Logan Allen
2025-04-20,778249,Truist Park,Atlanta Braves,Minnesota Twins,6,1,2,0,6,2,8,5,8,4,656550,Grant Holmes,657746,Joe Ryan
2025-04-20,778245,Fenway Park,Boston Red Sox,Chicago White Sox,4,2,3,2,4,8,6,9,5,3,656557,Tanner Houck,680732,Sean Burke
2025-04-20,778248,Citizens Bank Park,Philadelphia Phillies,Miami Marlins,4,1,3,0,5,7,10,13,7,5,666200,Jesús Luzardo,687362,Connor Gillispie
2025-04-20,778241,Rogers Centre,Toronto Blue Jays,Seattle Mariners,3,6,0,3,3,8,11,12,10,8,687922,Easton Lucas,622491,Luis Castillo
2025-04-20,778246,Comerica Park,Detroit Tigers,Kansas City Royals,2,2,0,0,3,4,10,9,7,7,669373,Tarik Skubal,608379,Michael Wacha
2025-04-20,778244,Citi Field,New York Mets,St. Louis Cardinals,3,0,1,0,7,4,11,8,6,3,605280,Clay Holmes,543243,Sonny Gray
2025-04-20,778240,George M. Steinbrenner Field,Tampa Bay Rays,New York Yankees,0,2,0,1,0,4,2,9,0,4,686752,Ryan Pepiot,608331,Max Fried
2025-04-20,778239,American Family Field,Milwaukee Brewers,Athletics,8,1,4,0,14,1,17,4,8,3,701656,Logan Henderson,605488,Jeffrey Springs
2025-04-20,778236,Wrigley Field,Chicago Cubs,Arizona Diamondbacks,1,1,1,0,2,3,4,8,2,3,592791,Jameson Taillon,518876,Merrill Kelly
2025-04-20,778234,Globe Life Field,Texas Rangers,Los Angeles Dodgers,0,0,0,0,0,1,5,3,3,2,641816,Tyler Mahle,607192,Tyler Glasnow
2025-04-20,778235,Coors Field,Colorado Rockies,Washington Nationals,1,3,0,0,2,3,4,6,1,4,607536,Kyle Freeland,663623,Jake Irvin
2025-04-20,778266,Coors Field,Colorado Rockies,Washington Nationals,2,1,0,1,3,1,7,8,5,5,622608,Antonio Senzatela,695418,Brad Lord
2025-04-20,778232,Angel Stadium,Los Angeles Angels,San Francisco Giants,1,1,0,0,5,4,6,8,2,5,579328,Yusei Kikuchi,434378,Justin Verlander
2025-04-20,778237,Daikin Park,Houston Astros,San Diego Padres,2,2,0,1,2,3,7,10,6,5,664285,Framber Valdez,656302,Dylan Cease
2025-04-21,778238,Fenway Park,Boston Red Sox,Chicago White Sox,4,1,0,1,4,2,8,5,6,3,621111,Walker Buehler,686563,Jonathan Cannon
2025-04-21,778227,Progressive Field,Cleveland Guardians,New York Yankees,5,0,0,0,6,4,10,10,8,4,668909,Gavin Williams,657376,Clarke Schmidt
2025-04-21,778228,Comerica Park,Detroit Tigers,San Diego Padres,6,4,2,1,6,4,11,7,9,6,672456,Keider Montero,681190,Randy Vásquez
2025-04-21,778230,loanDepot park,Miami Marlins,Cincinnati Reds,3,0,0,0,6,3,10,8,6,4,676974,Max Meyer,666157,Nick Lodolo
2025-04-21,778225,Citi Field,New York Mets,Philadelphia Phillies,2,0,1,0,5,4,8,7,4,1,656731,Tylor Megill,605400,Aaron Nola
2025-04-21,778233,Truist Park,Atlanta Braves,St. Louis Cardinals,2,2,0,0,7,6,8,11,4,6,680885,Spencer Schwellenbach,607200,Erick Fedde
2025-04-21,778231,Daikin Park,Houston Astros,Toronto Blue Jays,4,0,0,0,7,0,10,2,6,1,686613,Hunter Brown,592332,Kevin Gausman
2025-04-21,778226,Oracle Park,San Francisco Giants,Milwaukee Brewers,2,2,0,0,5,2,8,6,4,5,592662,Robbie Ray,682990,Quinn Priester
2025-04-22,778218,Progressive Field,Cleveland Guardians,New York Yankees,0,1,0,1,3,2,6,6,1,3,676440,Tanner Bibee,701542,Will Warren
2025-04-22,778221,Comerica Park,Detroit Tigers,San Diego Padres,0,2,0,0,0,2,3,6,2,4,656427,Jack Flaherty,601713,Nick Pivetta
2025-04-22,778219,loanDepot park,Miami Marlins,Cincinnati Reds,1,2,1,0,4,3,9,7,3,4,665795,Edward Cabrera,607259,Nick Martinez
2025-04-22,778222,Nationals Park,Washington Nationals,Baltimore Orioles,5,0,2,0,7,0,14,1,9,1,680730,Mitchell Parker,665152,Dean Kremer
2025-04-22,778224,Fenway Park,Boston Red Sox,Seattle Mariners,4,1,1,1,8,3,11,6,5,4,678394,Brayan Bello,682243,Bryce Miller
2025-04-22,778223,Citi Field,New York Mets,Philadelphia Phillies,2,1,1,0,5,1,9,8,5,7,656288,Griffin Canning,650911,Cristopher Sánchez
2025-04-22,778229,Truist Park,Atlanta Braves,St. Louis Cardinals,4,2,0,0,4,10,8,12,7,4,656240,Scott Blewett,669467,Andre Pallante
2025-04-22,778215,Kauffman Stadium,Kansas City Royals,Colorado Rockies,0,0,0,0,4,3,9,5,1,3,663460,Kris Bubic,663372,Ryan Feltner
2025-04-22,778220,Wrigley Field,Chicago Cubs,Los Angeles Dodgers,7,4,5,3,11,10,17,10,10,6,684007,Shota Imanaga,669160,Dustin May
2025-04-22,778216,Target Field,Minnesota Twins,Chicago White Sox,2,1,0,0,4,2,5,10,3,7,641927,Bailey Ober,663436,Davis Martin
2025-04-22,778217,Daikin Park,Houston Astros,Toronto Blue Jays,3,1,3,0,5,1,10,2,5,2,669854,Ronel Blanco,605135,Chris Bassitt
2025-04-22,778211,Angel Stadium,Los Angeles Angels,Pittsburgh Pirates,3,6,0,0,3,9,5,18,5,11,667755,José Soriano,663559,Bailey Falter
2025-04-22,778212,Chase Field,Arizona Diamondbacks,Tampa Bay Rays,3,1,0,0,5,1,7,6,5,4,694297,Brandon Pfaadt,641793,Zack Littell
2025-04-22,778210,Oracle Park,San Francisco Giants,Milwaukee Brewers,1,3,0,0,3,11,11,13,5,7,663855,Jordan Hicks,500779,Jose Quintana
2025-04-22,778213,Sutter Health Park,Athletics,Texas Rangers,2,7,0,2,5,8,11,10,5,7,674370,Osvaldo Bido,571578,Patrick Corbin
2025-04-23,778214,Truist Park,Atlanta Braves,St. Louis Cardinals,0,1,0,1,4,1,11,7,6,4,693821,Bryce Elder,571945,Miles Mikolas
2025-04-23,778209,Comerica Park,Detroit Tigers,San Diego Padres,2,0,1,0,6,0,10,2,5,1,681857,Reese Olson,606996,Kyle Hart
2025-04-23,778203,Citi Field,New York Mets,Philadelphia Phillies,2,2,0,0,4,3,10,11,5,7,656849,David Peterson,554430,Zack Wheeler
2025-04-23,778208,loanDepot park,Miami Marlins,Cincinnati Reds,2,3,2,1,2,5,6,8,3,5,645261,Sandy Alcantara,663903,Brady Singer
2025-04-23,778206,Progressive Field,Cleveland Guardians,New York Yankees,1,4,1,2,1,5,5,11,4,6,682847,Luis Ortiz,607074,Carlos Rodón
2025-04-23,778204,Nationals Park,Washington Nationals,Baltimore Orioles,3,1,3,0,4,3,6,10,4,6,592866,Trevor Williams,608372,Tomoyuki Sugano
2025-04-23,778207,Fenway Park,Boston Red Sox,Seattle Mariners,2,4,0,1,5,8,7,13,5,8,656794,Sean Newcomb,676106,Emerson Hancock
2025-04-23,778205,Wrigley Field,Chicago Cubs,Los Angeles Dodgers,7,5,0,0,7,6,8,11,6,7,571510,Matthew Boyd,676508,Ben Casparius
2025-04-23,778200,Daikin Park,Houston Astros,Toronto Blue Jays,3,1,0,0,3,1,13,5,8,3,687473,Ryan Gusto,670102,Bowden Francis
2025-04-23,778201,Target Field,Minnesota Twins,Chicago White Sox,3,3,0,0,6,3,12,6,10,5,701581,David Festa,669060,Bryse Wilson
2025-04-23,778202,Angel Stadium,Los Angeles Angels,Pittsburgh Pirates,0,2,0,0,0,3,2,11,1,7,686799,Jack Kochanowicz,571760,Andrew Heaney
2025-04-23,778199,Chase Field,Arizona Diamondbacks,Tampa Bay Rays,3,2,1,0,6,7,9,13,6,4,593958,Eduardo Rodriguez,671737,Taj Bradley
2025-04-23,778198,Oracle Park,San Francisco Giants,Milwaukee Brewers,0,0,0,0,4,2,8,9,3,3,657277,Logan Webb,642547,Freddy Peralta
2025-04-23,778197,Sutter Health Park,Athletics,Texas Rangers,5,1,4,0,5,2,10,7,9,4,676664,JP Sears,677958,Kumar Rocker
2025-04-24,778189,Target Field,Minnesota Twins,Chicago White Sox,0,2,0,0,0,3,6,8,4,5,663978,Chris Paddack,681343,Shane Smith
2025-04-24,778196,Fenway Park,Boston Red Sox,Seattle Mariners,2,4,1,2,3,4,4,9,3,5,676979,Garrett Crochet,693433,Bryan Woo
2025-04-24,778190,Kauffman Stadium,Kansas City Royals,Colorado Rockies,6,4,2,1,7,4,13,4,9,4,666142,Cole Ragans,608566,Germán Márquez
2025-04-24,778195,Kauffman Stadium,Kansas City Royals,Colorado Rockies,5,0,0,0,6,2,9,9,7,3,547179,Michael Lorenzen,801403,Chase Dollander
2025-04-24,778194,Oracle Park,San Francisco Giants,Milwaukee Brewers,4,5,1,1,6,5,7,9,5,6,694738,Landen Roupp,668964,Tobias Myers
2025-04-24,778193,Nationals Park,Washington Nationals,Baltimore Orioles,1,2,0,0,1,2,5,4,4,4,669022,MacKenzie Gore,700249,Cade Povich
2025-04-24,778191,Angel Stadium,Los Angeles Angels,Pittsburgh Pirates,3,3,0,2,4,3,6,9,5,6,542881,Tyler Anderson,669387,Carmen Mlodzinski
2025-04-24,778188,Chase Field,Arizona Diamondbacks,Tampa Bay Rays,4,1,1,0,4,7,6,9,5,2,669203,Corbin Burnes,656876,Drew Rasmussen
2025-04-24,778192,Sutter Health Park,Athletics,Texas Rangers,2,3,0,0,4,3,10,7,5,6,669372,J.T. Ginn,594798,Jacob deGrom
2025-04-25,778182,Wrigley Field,Chicago Cubs,Philadelphia Phillies,3,0,0,0,4,0,11,5,8,3,607067,Colin Rea,592836,Taijuan Walker
2025-04-25,778183,Nationals Park,Washington Nationals,New York Mets,2,0,0,0,5,4,13,8,6,4,663623,Jake Irvin,673540,Kodai Senga
2025-04-25,778185,Yankee Stadium,New York Yankees,Toronto Blue Jays,0,0,0,0,2,4,10,9,5,3,471911,Carlos Carrasco,621244,José Berríos
2025-04-25,778187,Kauffman Stadium,Kansas City Royals,Houston Astros,1,0,0,0,2,0,9,3,6,1,607625,Seth Lugo,669713,Hayden Wesneski
2025-04-25,778186,Target Field,Minnesota Twins,Los Angeles Angels,9,2,1,0,11,4,8,10,6,5,641154,Pablo López,543294,Kyle Hendricks
2025-04-25,778184,Busch Stadium,St. Louis Cardinals,Milwaukee Brewers,3,0,0,0,3,2,9,9,7,2,669461,Matthew Liberatore,694477,Chad Patrick
2025-04-25,778181,Coors Field,Colorado Rockies,Cincinnati Reds,6,6,0,1,7,8,10,13,8,11,607536,Kyle Freeland,671096,Andrew Abbott
2025-04-25,778172,Petco Park,San Diego Padres,Tampa Bay Rays,0,1,0,0,0,1,5,6,4,4,650633,Michael King,669358,Shane Baz
2025-04-25,778177,Chase Field,Arizona Diamondbacks,Atlanta Braves,1,3,0,0,2,8,7,11,5,4,668678,Zac Gallen,519242,Chris Sale
2025-04-25,778175,T-Mobile Park,Seattle Mariners,Miami Marlins,1,6,0,0,4,8,7,10,1,6,669302,Logan Gilbert,615698,Cal Quantrill
2025-04-25,778178,Sutter Health Park,Athletics,Chicago White Sox,1,1,0,0,6,5,11,9,4,3,622663,Luis Severino,656457,Tyler Gilbert
2025-04-25,778176,Dodger Stadium,Los Angeles Dodgers,Pittsburgh Pirates,0,3,0,1,0,3,6,6,4,5,808967,Yoshinobu Yamamoto,694973,Paul Skenes
2025-04-25,778171,Oracle Park,San Francisco Giants,Texas Rangers,0,1,0,0,0,2,4,6,3,2,434378,Justin Verlander,543135,Nathan Eovaldi
2025-04-26,778179,Progressive Field,Cleveland Guardians,Boston Red Sox,4,4,4,3,5,4,10,7,8,6,594902,Ben Lively,656557,Tanner Houck
2025-04-26,778169,Progressive Field,Cleveland Guardians,Boston Red Sox,3,6,0,1,3,7,7,11,6,7,680951,Doug Nikhazy,621111,Walker Buehler
2025-04-26,778168,Comerica Park,Detroit Tigers,Baltimore Orioles,3,1,0,0,4,3,8,11,6,6,663554,Casey Mize,687064,Brandon Young
2025-04-26,778180,Comerica Park,Detroit Tigers,Baltimore Orioles,3,1,0,0,6,2,6,6,2,4,672456,Keider Montero,669211,Keegan Akin
2025-04-26,778166,Target Field,Minnesota Twins,Los Angeles Angels,4,1,3,0,5,1,13,5,11,3,680573,Simeon Woods Richardson,579328,Yusei Kikuchi
2025-04-26,778164,Busch Stadium,St. Louis Cardinals,Milwaukee Brewers,5,2,0,0,6,5,11,10,8,5,543243,Sonny Gray,682990,Quinn Priester
2025-04-26,778161,Coors Field,Colorado Rockies,Cincinnati Reds,3,3,0,0,4,6,8,13,6,6,622608,Antonio Senzatela,668881,Hunter Greene
2025-04-26,778173,Nationals Park,Washington Nationals,New York Mets,0,2,0,0,0,2,7,8,4,7,695418,Brad Lord,605280,Clay Holmes
2025-04-26,778159,Oracle Park,San Francisco Giants,Texas Rangers,2,2,0,1,3,2,11,8,8,4,592662,Robbie Ray,641816,Tyler Mahle
2025-04-26,778174,Wrigley Field,Chicago Cubs,Philadelphia Phillies,2,6,0,0,4,10,8,12,2,9,676962,Ben Brown,666200,Jesús Luzardo
2025-04-26,778165,Sutter Health Park,Athletics,Chicago White Sox,1,6,0,4,3,10,6,11,3,6,605488,Jeffrey Springs,656457,Tyler Gilbert
2025-04-26,778167,Kauffman Stadium,Kansas City Royals,Houston Astros,2,0,1,0,2,0,3,6,2,3,608379,Michael Wacha,664285,Framber Valdez
2025-04-26,778162,Chase Field,Arizona Diamondbacks,Atlanta Braves,5,2,0,1,7,8,7,9,4,4,518876,Merrill Kelly,656550,Grant Holmes
2025-04-26,778160,Petco Park,San Diego Padres,Tampa Bay Rays,0,3,0,0,1,4,5,9,1,6,656302,Dylan Cease,686752,Ryan Pepiot
2025-04-26,778163,Dodger Stadium,Los Angeles Dodgers,Pittsburgh Pirates,3,3,2,1,8,4,11,8,5,5,808963,Roki Sasaki,656605,Mitch Keller
2025-04-26,778154,T-Mobile Park,Seattle Mariners,Miami Marlins,10,0,6,0,14,0,15,4,8,1,622491,Luis Castillo,687362,Connor Gillispie
2025-04-27,778153,Nationals Park,Washington Nationals,New York Mets,1,7,0,5,8,7,9,9,1,7,680730,Mitchell Parker,656731,Tylor Megill
2025-04-27,778156,Yankee Stadium,New York Yankees,Toronto Blue Jays,9,1,0,1,11,2,12,10,7,5,608331,Max Fried,592332,Kevin Gausman
2025-04-27,778170,Yankee Stadium,New York Yankees,Toronto Blue Jays,1,1,1,0,5,1,9,3,3,1,657376,Clarke Schmidt,605135,Chris Bassitt
2025-04-27,778157,Progressive Field,Cleveland Guardians,Boston Red Sox,0,8,0,0,3,13,8,15,3,11,671106,Logan Allen,678394,Brayan Bello
2025-04-27,778155,Comerica Park,Detroit Tigers,Baltimore Orioles,3,0,0,0,7,0,9,5,2,4,669373,Tarik Skubal,665152,Dean Kremer
2025-04-27,778144,Target Field,Minnesota Twins,Los Angeles Angels,1,0,1,0,5,0,9,4,3,2,657746,Joe Ryan,667755,José Soriano
2025-04-27,778152,Kauffman Stadium,Kansas City Royals,Houston Astros,1,4,0,0,3,7,11,9,6,5,663460,Kris Bubic,686613,Hunter Brown
2025-04-27,778150,Busch Stadium,St. Louis Cardinals,Milwaukee Brewers,1,7,0,3,1,7,7,11,5,9,607200,Erick Fedde,500779,Jose Quintana
2025-04-27,778148,Coors Field,Colorado Rockies,Cincinnati Reds,0,7,0,3,1,8,3,14,0,9,687134,Bradley Blalock,666157,Nick Lodolo
2025-04-27,778151,Oracle Park,San Francisco Giants,Texas Rangers,2,2,1,2,3,2,5,10,3,7,663855,Jordan Hicks,683004,Jack Leiter
2025-04-27,778149,Sutter Health Park,Athletics,Chicago White Sox,1,1,1,1,3,2,6,9,5,4,674370,Osvaldo Bido,685126,Brandon Eisert
2025-04-27,778145,Dodger Stadium,Los Angeles Dodgers,Pittsburgh Pirates,8,2,4,2,9,2,14,9,10,4,607192,Tyler Glasnow,663559,Bailey Falter
2025-04-27,778146,Petco Park,San Diego Padres,Tampa Bay Rays,2,3,0,0,2,4,5,10,5,5,681190,Randy Vásquez,641793,Zack Littell
2025-04-27,778147,Chase Field,Arizona Diamondbacks,Atlanta Braves,4,1,1,0,6,4,9,11,5,6,694297,Brandon Pfaadt,680885,Spencer Schwellenbach
2025-04-27,778136,T-Mobile Park,Seattle Mariners,Miami Marlins,7,2,1,1,7,6,9,9,8,2,688138,Logan Evans,676974,Max Meyer
2025-04-27,778158,Wrigley Field,Chicago Cubs,Philadelphia Phillies,1,1,0,0,1,3,3,6,3,4,592791,Jameson Taillon,605400,Aaron Nola
2025-04-28,778138,Nationals Park,Washington Nationals,New York Mets,0,3,0,0,5,19,12,21,4,5,592866,Trevor Williams,656288,Griffin Canning
2025-04-28,778139,Progressive Field,Cleveland Guardians,Minnesota Twins,1,6,0,2,1,11,8,17,5,11,668909,Gavin Williams,641927,Bailey Ober
2025-04-28,778140,Oriole Park at Camden Yards,Baltimore Orioles,New York Yankees,4,0,0,0,4,3,8,10,6,5,608372,Tomoyuki Sugano,701542,Will Warren
2025-04-28,778141,Great American Ball Park,Cincinnati Reds,St. Louis Cardinals,2,1,0,1,3,1,8,5,5,5,607259,Nick Martinez,669467,Andre Pallante
2025-04-28,778143,Globe Life Field,Texas Rangers,Athletics,0,2,0,0,1,2,6,8,3,7,571578,Patrick Corbin,676664,JP Sears
2025-04-28,778142,Daikin Park,Houston Astros,Detroit Tigers,2,3,0,0,8,5,10,5,4,3,669854,Ronel Blanco,656427,Jack Flaherty
2025-04-28,778137,Coors Field,Colorado Rockies,Atlanta Braves,3,5,3,0,3,6,7,14,4,10,663372,Ryan Feltner,693821,Bryce Elder
2025-04-28,778132,Dodger Stadium,Los Angeles Dodgers,Miami Marlins,5,0,1,0,7,6,12,8,9,3,669160,Dustin May,665795,Edward Cabrera
2025-04-29,778129,Progressive Field,Cleveland Guardians,Minnesota Twins,1,1,0,0,2,1,6,7,4,4,676440,Tanner Bibee,663978,Chris Paddack
2025-04-29,778133,Oriole Park at Camden Yards,Baltimore Orioles,New York Yankees,0,12,0,5,3,15,3,19,0,14,502043,Kyle Gibson,607074,Carlos Rodón
2025-04-29,778135,PNC Park,Pittsburgh Pirates,Chicago Cubs,0,4,0,0,0,9,7,13,5,5,571760,Andrew Heaney,684007,Shota Imanaga
2025-04-29,778131,Citizens Bank Park,Philadelphia Phillies,Washington Nationals,3,0,2,0,7,6,9,11,5,3,554430,Zack Wheeler,669022,MacKenzie Gore
2025-04-29,778128,George M. Steinbrenner Field,Tampa Bay Rays,Kansas City Royals,1,2,0,1,1,3,8,8,4,4,671737,Taj Bradley,547179,Michael Lorenzen
2025-04-29,778127,Rogers Centre,Toronto Blue Jays,Boston Red Sox,2,7,0,2,2,10,4,14,3,8,670102,Bowden Francis,676979,Garrett Crochet
2025-04-29,778130,Citi Field,New York Mets,Arizona Diamondbacks,8,1,0,0,8,3,9,8,9,5,656849,David Peterson,593958,Eduardo Rodriguez
2025-04-29,778125,Rate Field,Chicago White Sox,Milwaukee Brewers,2,1,2,1,2,7,4,8,3,1,669060,Bryse Wilson,642547,Freddy Peralta
2025-04-29,778122,Globe Life Field,Texas Rangers,Athletics,4,0,0,0,15,2,18,8,9,3,594798,Jacob deGrom,682052,Jacob Lopez
2025-04-29,778124,Daikin Park,Houston Astros,Detroit Tigers,0,2,0,1,6,4,10,8,3,5,687473,Ryan Gusto,681857,Reese Olson
2025-04-29,778120,Coors Field,Colorado Rockies,Atlanta Braves,1,6,0,0,2,8,6,14,3,10,608566,Germán Márquez,700363,AJ Smith-Shawver
2025-04-29,778121,T-Mobile Park,Seattle Mariners,Los Angeles Angels,3,0,0,0,5,3,7,6,3,2,682243,Bryce Miller,686799,Jack Kochanowicz
2025-04-29,778126,Petco Park,San Diego Padres,San Francisco Giants,5,1,3,0,7,4,11,7,9,3,601713,Nick Pivetta,657277,Logan Webb
2025-04-29,778123,Dodger Stadium,Los Angeles Dodgers,Miami Marlins,7,1,3,1,15,2,18,9,7,4,676263,Jack Dreyer,645261,Sandy Alcantara
2025-04-30,778134,Great American Ball Park,Cincinnati Reds,St. Louis Cardinals,0,1,0,1,0,6,3,7,2,2,663903,Brady Singer,571945,Miles Mikolas
2025-04-30,778119,Great American Ball Park,Cincinnati Reds,St. Louis Cardinals,0,9,0,3,1,9,7,8,5,8,695534,Chase Petty,571927,Steven Matz
2025-04-30,778110,Daikin Park,Houston Astros,Detroit Tigers,3,7,1,0,4,7,9,11,5,7,805123,AJ Blubaugh,695549,Jackson Jobe
2025-04-30,778102,Coors Field,Colorado Rockies,Atlanta Braves,2,1,0,0,2,1,5,3,4,2,801403,Chase Dollander,519242,Chris Sale
2025-04-30,778109,Dodger Stadium,Los Angeles Dodgers,Miami Marlins,4,2,0,0,12,7,17,9,7,4,664062,Tony Gonsolin,615698,Cal Quantrill
2025-04-30,778104,T-Mobile Park,Seattle Mariners,Los Angeles Angels,3,3,0,1,9,3,12,10,3,8,676106,Emerson Hancock,542881,Tyler Anderson
2025-04-30,778105,Petco Park,San Diego Padres,San Francisco Giants,4,0,0,0,5,3,10,5,8,1,650633,Michael King,694738,Landen Roupp
2025-04-30,778116,Progressive Field,Cleveland Guardians,Minnesota Twins,0,0,0,0,4,2,5,6,1,1,682847,Luis Ortiz,641154,Pablo López
2025-04-30,778115,Oriole Park at Camden Yards,Baltimore Orioles,New York Yankees,5,3,0,2,5,4,10,7,8,4,700249,Cade Povich,471911,Carlos Carrasco
2025-04-30,778112,PNC Park,Pittsburgh Pirates,Chicago Cubs,2,3,1,0,4,3,9,9,6,7,669387,Carmen Mlodzinski,571510,Matthew Boyd
2025-04-30,778118,Citizens Bank Park,Philadelphia Phillies,Washington Nationals,5,2,3,0,7,2,10,5,7,5,650911,Cristopher Sánchez,663623,Jake Irvin
2025-04-30,778113,George M. Steinbrenner Field,Tampa Bay Rays,Kansas City Royals,0,3,0,2,0,3,4,11,0,6,656876,Drew Rasmussen,702070,Noah Cameron
2025-04-30,778114,Rogers Centre,Toronto Blue Jays,Boston Red Sox,0,4,0,2,7,6,10,7,3,5,684320,Yariel Rodríguez,608337,Lucas Giolito
2025-04-30,778117,Citi Field,New York Mets,Arizona Diamondbacks,1,0,0,0,3,4,7,8,4,3,623211,Huascar Brazobán,669203,Corbin Burnes
2025-04-30,778111,Rate Field,Chicago White Sox,Milwaukee Brewers,3,3,0,2,4,6,10,8,4,6,681343,Shane Smith,668964,Tobias Myers
2025-04-30,778106,Globe Life Field,Texas Rangers,Athletics,1,1,0,0,1,7,9,11,6,4,543135,Nathan Eovaldi,622663,Luis Severino
2025-05-01,778100,PNC Park,Pittsburgh Pirates,Chicago Cubs,2,3,1,0,3,8,5,11,3,5,694973,Paul Skenes,607067,Colin Rea
2025-05-01,778107,Great American Ball Park,Cincinnati Reds,St. Louis Cardinals,4,1,0,0,9,1,9,3,4,3,671096,Andrew Abbott,669461,Matthew Liberatore
2025-05-01,778103,Citi Field,New York Mets,Arizona Diamondbacks,0,2,0,0,2,4,5,9,1,6,673540,Kodai Senga,668678,Zac Gallen
2025-05-01,778097,George M. Steinbrenner Field,Tampa Bay Rays,Kansas City Royals,1,4,1,0,2,8,8,15,3,8,669358,Shane Baz,607625,Seth Lugo
2025-05-01,778108,Progressive Field,Cleveland Guardians,Minnesota Twins,2,0,1,0,4,3,6,13,2,5,594902,Ben Lively,680573,Simeon Woods Richardson
2025-05-01,778094,Rate Field,Chicago White Sox,Milwaukee Brewers,1,0,1,0,8,0,9,2,4,2,680732,Sean Burke,694477,Chad Patrick
2025-05-01,778096,Globe Life Field,Texas Rangers,Athletics,0,1,0,1,0,3,3,8,2,3,641816,Tyler Mahle,605488,Jeffrey Springs
2025-05-01,778099,Citizens Bank Park,Philadelphia Phillies,Washington Nationals,1,0,0,0,2,4,9,6,4,1,592836,Taijuan Walker,695418,Brad Lord
2025-05-01,778095,Rogers Centre,Toronto Blue Jays,Boston Red Sox,0,2,0,0,4,2,7,7,3,6,621244,José Berríos,656557,Tanner Houck
2025-05-01,778101,Angel Stadium,Los Angeles Angels,Detroit Tigers,4,2,0,0,4,10,8,13,7,5,579328,Yusei Kikuchi,663554,Casey Mize
2025-05-01,778098,Oracle Park,San Francisco Giants,Colorado Rockies,1,1,1,0,3,4,9,8,4,4,434378,Justin Verlander,607536,Kyle Freeland
2025-05-02,778087,Great American Ball Park,Cincinnati Reds,Washington Nationals,5,1,2,0,6,1,7,4,4,2,668881,Hunter Greene,680730,Mitchell Parker
2025-05-02,778090,PNC Park,Pittsburgh Pirates,San Diego Padres,3,5,0,0,4,9,7,14,4,8,656605,Mitch Keller,656302,Dylan Cease
2025-05-02,778086,Citizens Bank Park,Philadelphia Phillies,Arizona Diamondbacks,1,1,1,0,3,2,6,10,4,7,666200,Jesús Luzardo,518876,Merrill Kelly
2025-05-02,778093,Oriole Park at Camden Yards,Baltimore Orioles,Kansas City Royals,0,0,0,0,3,0,9,4,4,2,665152,Dean Kremer,608379,Michael Wacha
2025-05-02,778088,Yankee Stadium,New York Yankees,Tampa Bay Rays,3,0,0,0,3,0,6,1,6,1,608331,Max Fried,686752,Ryan Pepiot
2025-05-02,778081,Rogers Centre,Toronto Blue Jays,Cleveland Guardians,3,2,0,0,5,3,9,9,6,5,605135,Chris Bassitt,671106,Logan Allen
2025-05-02,778089,Fenway Park,Boston Red Sox,Minnesota Twins,1,1,1,0,6,1,13,6,2,3,678394,Brayan Bello,657746,Joe Ryan
2025-05-02,778091,loanDepot park,Miami Marlins,Athletics,0,6,0,0,1,6,7,7,4,5,678368,Valente Bellozo,680684,Gunnar Hoglund
2025-05-02,778092,Truist Park,Atlanta Braves,Los Angeles Dodgers,0,1,0,0,1,2,2,4,0,2,656550,Grant Holmes,808967,Yoshinobu Yamamoto
2025-05-02,778079,Rate Field,Chicago White Sox,Houston Astros,4,1,1,0,7,3,9,10,7,6,686563,Jonathan Cannon,664285,Framber Valdez
2025-05-02,778083,Globe Life Field,Texas Rangers,Seattle Mariners,0,8,0,0,1,13,3,17,1,11,683004,Jack Leiter,693433,Bryan Woo
2025-05-02,778080,American Family Field,Milwaukee Brewers,Chicago Cubs,0,9,0,2,0,10,5,12,4,9,641302,Tyler Alexander,676962,Ben Brown
2025-05-02,778084,Busch Stadium,St. Louis Cardinals,New York Mets,3,6,1,0,3,9,9,17,7,11,543243,Sonny Gray,605280,Clay Holmes
2025-05-02,778085,Angel Stadium,Los Angeles Angels,Detroit Tigers,1,0,1,0,1,9,4,14,4,6,667755,José Soriano,669373,Tarik Skubal
2025-05-02,778082,Oracle Park,San Francisco Giants,Colorado Rockies,4,0,0,0,4,0,7,3,7,1,592662,Robbie Ray,622608,Antonio Senzatela
2025-05-03,778074,Yankee Stadium,New York Yankees,Tampa Bay Rays,2,1,1,0,2,3,5,5,2,2,642232,Ryan Yarbrough,641793,Zack Littell
2025-05-03,778066,Rate Field,Chicago White Sox,Houston Astros,3,3,3,0,3,8,6,13,4,8,663436,Davis Martin,686613,Hunter Brown
2025-05-03,778064,Rogers Centre,Toronto Blue Jays,Cleveland Guardians,3,0,1,0,3,5,8,4,8,1,592332,Kevin Gausman,668909,Gavin Williams
2025-05-03,778065,PNC Park,Pittsburgh Pirates,San Diego Padres,1,0,0,0,1,2,6,3,6,1,663559,Bailey Falter,681190,Randy Vásquez
2025-05-03,778069,Oracle Park,San Francisco Giants,Colorado Rockies,1,0,0,0,6,3,5,5,2,1,663855,Jordan Hicks,687134,Bradley Blalock
2025-05-03,778073,Fenway Park,Boston Red Sox,Minnesota Twins,1,1,0,0,3,4,12,10,5,5,690928,Hunter Dobbins,641927,Bailey Ober
2025-05-03,778075,loanDepot park,Miami Marlins,Athletics,4,4,0,1,9,6,5,11,3,8,676974,Max Meyer,674370,Osvaldo Bido
2025-05-03,778078,Citizens Bank Park,Philadelphia Phillies,Arizona Diamondbacks,7,0,0,0,7,2,11,7,10,4,605400,Aaron Nola,694297,Brandon Pfaadt
2025-05-03,778077,Great American Ball Park,Cincinnati Reds,Washington Nationals,3,3,2,2,6,11,12,15,7,7,666157,Nick Lodolo,592866,Trevor Williams
2025-05-03,778070,Globe Life Field,Texas Rangers,Seattle Mariners,1,1,0,1,1,2,5,10,4,4,571578,Patrick Corbin,622491,Luis Castillo
2025-05-03,778071,American Family Field,Milwaukee Brewers,Chicago Cubs,2,6,0,1,2,6,4,8,3,7,500779,Jose Quintana,592791,Jameson Taillon
2025-05-03,778072,Oriole Park at Camden Yards,Baltimore Orioles,Kansas City Royals,0,2,0,0,0,4,6,8,4,4,608372,Tomoyuki Sugano,663460,Kris Bubic
2025-05-03,778076,Truist Park,Atlanta Braves,Los Angeles Dodgers,3,7,0,0,3,10,10,12,6,10,680885,Spencer Schwellenbach,808963,Roki Sasaki
2025-05-03,778067,Angel Stadium,Los Angeles Angels,Detroit Tigers,1,0,0,0,5,2,10,6,4,1,543294,Kyle Hendricks,656427,Jack Flaherty
2025-05-04,778053,Busch Stadium,St. Louis Cardinals,New York Mets,6,2,0,1,6,5,11,10,10,5,607200,Erick Fedde,694918,Blade Tidwell
2025-05-04,778068,Busch Stadium,St. Louis Cardinals,New York Mets,4,4,0,0,5,4,9,10,4,9,669467,Andre Pallante,656731,Tylor Megill
2025-05-04,778062,Oriole Park at Camden Yards,Baltimore Orioles,Kansas City Royals,5,4,0,0,6,11,11,17,7,7,502043,Kyle Gibson,547179,Michael Lorenzen
2025-05-04,778051,PNC Park,Pittsburgh Pirates,San Diego Padres,0,4,0,1,0,4,8,10,4,8,571760,Andrew Heaney,663568,Stephen Kolek
2025-05-04,778063,Fenway Park,Boston Red Sox,Minnesota Twins,3,1,0,1,4,5,7,9,5,4,676979,Garrett Crochet,663978,Chris Paddack
2025-05-04,778057,Yankee Stadium,New York Yankees,Tampa Bay Rays,0,5,0,0,5,7,8,16,2,9,701542,Will Warren,671737,Taj Bradley
2025-05-04,778056,Rogers Centre,Toronto Blue Jays,Cleveland Guardians,3,4,0,0,4,5,7,10,5,6,670102,Bowden Francis,676440,Tanner Bibee
2025-05-04,778061,loanDepot park,Miami Marlins,Athletics,2,2,0,0,2,3,5,10,4,6,665795,Edward Cabrera,676664,JP Sears
2025-05-04,778059,Citizens Bank Park,Philadelphia Phillies,Arizona Diamondbacks,2,7,1,0,9,11,14,12,4,7,624133,Ranger Suarez,593958,Eduardo Rodriguez
2025-05-04,778055,Rate Field,Chicago White Sox,Houston Astros,3,4,0,0,5,4,7,9,5,9,669060,Bryse Wilson,621121,Lance McCullers Jr.
2025-05-04,778054,American Family Field,Milwaukee Brewers,Chicago Cubs,0,0,0,0,4,0,6,5,3,3,642547,Freddy Peralta,684007,Shota Imanaga
2025-05-04,778052,Globe Life Field,Texas Rangers,Seattle Mariners,6,1,0,0,8,1,11,4,10,3,594798,Jacob deGrom,688138,Logan Evans
2025-05-04,778048,Oracle Park,San Francisco Giants,Colorado Rockies,5,1,1,0,9,3,13,10,7,4,657277,Logan Webb,608566,Germán Márquez
2025-05-04,778050,Angel Stadium,Los Angeles Angels,Detroit Tigers,0,5,0,0,1,13,5,16,3,7,686799,Jack Kochanowicz,681857,Reese Olson
2025-05-04,778058,Great American Ball Park,Cincinnati Reds,Washington Nationals,1,1,0,0,1,4,5,9,4,3,607259,Nick Martinez,669022,MacKenzie Gore
2025-05-04,778060,Truist Park,Atlanta Braves,Los Angeles Dodgers,4,1,2,0,4,3,8,7,5,3,693821,Bryce Elder,669160,Dustin May
2025-05-05,778047,loanDepot park,Miami Marlins,Los Angeles Dodgers,0,5,0,1,4,7,10,13,2,6,645261,Sandy Alcantara,676263,Jack Dreyer
2025-05-05,778045,Yankee Stadium,New York Yankees,San Diego Padres,2,0,0,0,3,4,6,6,4,2,607074,Carlos Rodón,601713,Nick Pivetta
2025-05-05,778049,Truist Park,Atlanta Braves,Cincinnati Reds,4,0,0,0,4,0,7,1,6,0,700363,AJ Smith-Shawver,663903,Brady Singer
2025-05-05,778044,Wrigley Field,Chicago Cubs,San Francisco Giants,4,2,0,0,9,2,9,7,5,4,571510,Matthew Boyd,694738,Landen Roupp
2025-05-05,778043,Kauffman Stadium,Kansas City Royals,Chicago White Sox,2,0,0,0,3,0,7,6,5,3,666142,Cole Ragans,681343,Shane Smith
2025-05-05,778042,American Family Field,Milwaukee Brewers,Houston Astros,3,0,0,0,5,1,10,9,7,3,668964,Tobias Myers,669854,Ronel Blanco
2025-05-05,778036,Busch Stadium,St. Louis Cardinals,Pittsburgh Pirates,2,3,0,2,6,3,11,7,4,4,571945,Miles Mikolas,669387,Carmen Mlodzinski
2025-05-05,778039,Chase Field,Arizona Diamondbacks,New York Mets,1,2,1,0,4,5,9,8,6,3,669194,Ryne Nelson,656288,Griffin Canning
2025-05-05,778038,Sutter Health Park,Athletics,Seattle Mariners,4,4,1,0,7,6,13,8,7,5,622663,Luis Severino,682243,Bryce Miller
2025-05-06,778026,Nationals Park,Washington Nationals,Cleveland Guardians,4,2,1,1,10,9,10,14,4,3,663623,Jake Irvin,682847,Luis Ortiz
2025-05-06,778046,Nationals Park,Washington Nationals,Cleveland Guardians,0,0,0,0,1,9,4,8,1,1,695418,Brad Lord,594902,Ben Lively
2025-05-06,778035,loanDepot park,Miami Marlins,Los Angeles Dodgers,2,1,0,1,5,4,11,8,4,4,615698,Cal Quantrill,664062,Tony Gonsolin
2025-05-06,778037,Fenway Park,Boston Red Sox,Texas Rangers,0,6,0,1,1,6,6,16,3,12,608337,Lucas Giolito,543135,Nathan Eovaldi
2025-05-06,778040,George M. Steinbrenner Field,Tampa Bay Rays,Philadelphia Phillies,2,3,0,0,4,8,6,13,3,5,656876,Drew Rasmussen,554430,Zack Wheeler
2025-05-06,778041,Yankee Stadium,New York Yankees,San Diego Padres,2,2,0,0,12,3,10,10,3,7,657376,Clarke Schmidt,650633,Michael King
2025-05-06,778034,Truist Park,Atlanta Braves,Cincinnati Reds,0,0,0,0,2,1,8,7,4,4,519242,Chris Sale,671096,Andrew Abbott
2025-05-06,778027,Wrigley Field,Chicago Cubs,San Francisco Giants,3,5,0,0,5,14,8,16,5,8,607067,Colin Rea,434378,Justin Verlander
2025-05-06,778028,Target Field,Minnesota Twins,Baltimore Orioles,5,1,0,0,9,1,10,3,6,2,641154,Pablo López,700249,Cade Povich
2025-05-06,778033,Kauffman Stadium,Kansas City Royals,Chicago White Sox,0,1,0,0,4,3,8,10,2,5,607625,Seth Lugo,680732,Sean Burke
2025-05-06,778031,American Family Field,Milwaukee Brewers,Houston Astros,4,0,4,0,4,3,6,5,5,1,694477,Chad Patrick,669713,Hayden Wesneski
2025-05-06,778030,Busch Stadium,St. Louis Cardinals,Pittsburgh Pirates,0,0,0,0,2,1,4,4,1,1,669461,Matthew Liberatore,694973,Paul Skenes
2025-05-06,778025,Angel Stadium,Los Angeles Angels,Toronto Blue Jays,2,2,2,2,8,3,9,9,4,5,542881,Tyler Anderson,570632,José Ureña
2025-05-06,778032,Chase Field,Arizona Diamondbacks,New York Mets,2,1,0,0,5,1,7,4,3,1,668678,Zac Gallen,656849,David Peterson
2025-05-06,778024,Sutter Health Park,Athletics,Seattle Mariners,2,2,1,1,3,5,10,10,3,5,605488,Jeffrey Springs,676106,Emerson Hancock
2025-05-07,778022,Nationals Park,Washington Nationals,Cleveland Guardians,3,0,0,0,6,8,13,10,7,2,647336,Michael Soroka,671106,Logan Allen
2025-05-07,778015,American Family Field,Milwaukee Brewers,Houston Astros,1,3,0,0,1,9,4,8,3,3,682990,Quinn Priester,664285,Framber Valdez
2025-05-07,778016,Busch Stadium,St. Louis Cardinals,Pittsburgh Pirates,3,0,0,0,5,0,11,4,6,1,543243,Sonny Gray,656605,Mitch Keller
2025-05-07,778020,Wrigley Field,Chicago Cubs,San Francisco Giants,1,3,0,1,1,3,4,9,3,6,676962,Ben Brown,592662,Robbie Ray
2025-05-07,778010,Sutter Health Park,Athletics,Seattle Mariners,5,1,3,0,5,6,10,11,8,5,680684,Gunnar Hoglund,693433,Bryan Woo
2025-05-07,778014,Chase Field,Arizona Diamondbacks,New York Mets,0,0,0,0,1,7,6,8,1,2,518876,Merrill Kelly,673540,Kodai Senga
2025-05-07,778017,loanDepot park,Miami Marlins,Los Angeles Dodgers,0,0,0,0,1,10,5,12,2,1,678368,Valente Bellozo,689017,Landon Knack
2025-05-07,778018,Fenway Park,Boston Red Sox,Texas Rangers,2,3,0,0,6,4,11,8,4,6,656557,Tanner Houck,641816,Tyler Mahle
2025-05-07,778021,George M. Steinbrenner Field,Tampa Bay Rays,Philadelphia Phillies,0,6,0,0,0,7,2,11,1,8,669358,Shane Baz,650911,Cristopher Sánchez
2025-05-07,778019,Yankee Stadium,New York Yankees,San Diego Padres,0,1,0,0,4,3,3,6,0,4,608331,Max Fried,656302,Dylan Cease
2025-05-07,778023,Truist Park,Atlanta Braves,Cincinnati Reds,1,4,0,2,3,4,6,7,3,6,656550,Grant Holmes,668881,Hunter Greene
2025-05-07,778011,Target Field,Minnesota Twins,Baltimore Orioles,3,2,0,0,5,2,8,10,5,5,680573,Simeon Woods Richardson,450203,Charlie Morton
2025-05-07,778012,Kauffman Stadium,Kansas City Royals,Chicago White Sox,2,0,0,0,2,1,10,6,8,2,608379,Michael Wacha,686563,Jonathan Cannon
2025-05-07,778013,Coors Field,Colorado Rockies,Detroit Tigers,6,6,2,0,6,8,13,10,10,6,801403,Chase Dollander,695549,Jackson Jobe
2025-05-07,778009,Angel Stadium,Los Angeles Angels,Toronto Blue Jays,0,0,0,0,5,4,9,12,3,3,579328,Yusei Kikuchi,621244,José Berríos
2025-05-08,778007,Target Field,Minnesota Twins,Baltimore Orioles,1,2,1,0,5,2,5,10,2,8,641927,Bailey Ober,665152,Dean Kremer
2025-05-08,778006,Fenway Park,Boston Red Sox,Texas Rangers,3,0,0,0,5,0,6,5,3,4,678394,Brayan Bello,683004,Jack Leiter
2025-05-08,778008,Kauffman Stadium,Kansas City Royals,Chicago White Sox,4,0,1,0,10,0,17,6,8,5,663460,Kris Bubic,663436,Davis Martin
2025-05-08,778004,Coors Field,Colorado Rockies,Detroit Tigers,1,9,0,2,2,10,4,14,3,11,607536,Kyle Freeland,663554,Casey Mize
2025-05-08,778029,Coors Field,Colorado Rockies,Detroit Tigers,1,6,0,0,1,11,5,14,5,8,685299,Tanner Gordon,672456,Keider Montero
2025-05-08,778005,George M. Steinbrenner Field,Tampa Bay Rays,Philadelphia Phillies,2,1,1,1,6,7,14,9,5,2,686752,Ryan Pepiot,666200,Jesús Luzardo
2025-05-08,778003,Truist Park,Atlanta Braves,Cincinnati Reds,2,1,1,0,5,4,10,9,4,3,680885,Spencer Schwellenbach,666157,Nick Lodolo
2025-05-08,778000,Angel Stadium,Los Angeles Angels,Toronto Blue Jays,4,3,2,0,5,8,9,14,7,8,667755,José Soriano,605135,Chris Bassitt
2025-05-08,777999,Chase Field,Arizona Diamondbacks,Los Angeles Dodgers,5,0,0,0,5,3,9,9,6,2,694297,Brandon Pfaadt,808967,Yoshinobu Yamamoto
2025-05-09,777996,Comerica Park,Detroit Tigers,Texas Rangers,2,0,0,0,2,1,3,3,2,0,669373,Tarik Skubal,571578,Patrick Corbin
2025-05-09,777998,PNC Park,Pittsburgh Pirates,Atlanta Braves,1,0,0,0,3,2,5,7,2,2,663559,Bailey Falter,693821,Bryce Elder
2025-05-09,777995,Nationals Park,Washington Nationals,St. Louis Cardinals,0,6,0,2,0,10,6,11,3,10,680730,Mitchell Parker,607200,Erick Fedde
2025-05-09,778002,George M. Steinbrenner Field,Tampa Bay Rays,Milwaukee Brewers,2,2,0,1,4,3,7,8,4,5,641793,Zack Littell,500779,Jose Quintana
2025-05-09,778001,Citi Field,New York Mets,Chicago Cubs,6,1,1,0,7,2,13,5,10,3,605280,Clay Holmes,592791,Jameson Taillon
2025-05-09,777997,Progressive Field,Cleveland Guardians,Philadelphia Phillies,4,0,0,0,6,0,9,6,6,4,668909,Gavin Williams,605400,Aaron Nola
2025-05-09,777990,Kauffman Stadium,Kansas City Royals,Boston Red Sox,0,0,0,0,2,1,8,6,5,2,547179,Michael Lorenzen,690928,Hunter Dobbins
2025-05-09,777991,Rate Field,Chicago White Sox,Miami Marlins,2,1,0,1,6,2,6,7,2,3,669060,Bryse Wilson,676974,Max Meyer
2025-05-09,777989,Daikin Park,Houston Astros,Cincinnati Reds,3,0,0,0,3,0,13,4,9,2,686613,Hunter Brown,607259,Nick Martinez
2025-05-09,777992,Target Field,Minnesota Twins,San Francisco Giants,3,0,1,0,3,1,7,3,7,0,663978,Chris Paddack,663855,Jordan Hicks
2025-05-09,777993,Coors Field,Colorado Rockies,San Diego Padres,1,10,0,1,9,13,15,16,5,11,622608,Antonio Senzatela,681190,Randy Vásquez
2025-05-09,777986,Angel Stadium,Los Angeles Angels,Baltimore Orioles,0,3,0,1,1,4,4,9,2,4,543294,Kyle Hendricks,608372,Tomoyuki Sugano
2025-05-09,777988,Chase Field,Arizona Diamondbacks,Los Angeles Dodgers,8,8,3,1,11,14,11,15,7,9,593958,Eduardo Rodriguez,808963,Roki Sasaki
2025-05-09,777984,T-Mobile Park,Seattle Mariners,Toronto Blue Jays,1,5,0,2,3,6,9,10,4,7,622491,Luis Castillo,592332,Kevin Gausman
2025-05-09,777994,Sutter Health Park,Athletics,New York Yankees,0,3,0,0,2,10,7,14,1,7,674370,Osvaldo Bido,701542,Will Warren
2025-05-10,777980,Nationals Park,Washington Nationals,St. Louis Cardinals,0,4,0,0,2,4,7,7,3,6,592866,Trevor Williams,669467,Andre Pallante
2025-05-10,777985,PNC Park,Pittsburgh Pirates,Atlanta Braves,1,2,0,0,2,3,9,5,3,4,571760,Andrew Heaney,700363,AJ Smith-Shawver
2025-05-10,777972,Sutter Health Park,Athletics,New York Yankees,4,1,0,0,11,7,14,9,8,4,676664,JP Sears,607074,Carlos Rodón
2025-05-10,777981,George M. Steinbrenner Field,Tampa Bay Rays,Milwaukee Brewers,2,2,0,0,3,2,5,4,3,4,671737,Taj Bradley,668964,Tobias Myers
2025-05-10,777987,Comerica Park,Detroit Tigers,Texas Rangers,2,7,1,2,3,10,7,10,5,5,656427,Jack Flaherty,594798,Jacob deGrom
2025-05-10,777983,Progressive Field,Cleveland Guardians,Philadelphia Phillies,0,1,0,0,1,7,4,13,2,4,676440,Tanner Bibee,624133,Ranger Suarez
2025-05-10,777979,Daikin Park,Houston Astros,Cincinnati Reds,8,12,1,10,9,13,14,12,12,9,621121,Lance McCullers Jr.,663903,Brady Singer
2025-05-10,777977,Kauffman Stadium,Kansas City Royals,Boston Red Sox,1,4,0,0,1,10,9,15,5,7,666142,Cole Ragans,676979,Garrett Crochet
2025-05-10,777978,Rate Field,Chicago White Sox,Miami Marlins,1,0,1,0,1,3,4,7,3,3,681343,Shane Smith,665795,Edward Cabrera
2025-05-10,777982,Citi Field,New York Mets,Chicago Cubs,3,4,0,2,5,6,8,9,4,7,656731,Tylor Megill,641745,Brad Keller
2025-05-10,777974,Target Field,Minnesota Twins,San Francisco Giants,2,1,0,0,2,1,5,4,3,2,657746,Joe Ryan,657277,Logan Webb
2025-05-10,777975,Chase Field,Arizona Diamondbacks,Los Angeles Dodgers,1,0,0,0,3,0,9,5,5,4,669203,Corbin Burnes,669160,Dustin May
2025-05-10,777976,Coors Field,Colorado Rockies,San Diego Padres,0,19,0,5,0,21,5,24,2,19,687134,Bradley Blalock,663568,Stephen Kolek
2025-05-10,777973,Angel Stadium,Los Angeles Angels,Baltimore Orioles,5,0,2,0,5,2,7,6,7,2,686799,Jack Kochanowicz,502043,Kyle Gibson
2025-05-10,777970,T-Mobile Park,Seattle Mariners,Toronto Blue Jays,3,2,0,0,3,6,6,10,4,4,688138,Logan Evans,670102,Bowden Francis
2025-05-11,777968,Citi Field,New York Mets,Chicago Cubs,1,0,0,0,6,2,12,3,5,1,656288,Griffin Canning,571510,Matthew Boyd
2025-05-11,777962,Nationals Park,Washington Nationals,St. Louis Cardinals,1,2,0,1,1,6,5,9,3,3,669022,MacKenzie Gore,571945,Miles Mikolas
2025-05-11,777967,PNC Park,Pittsburgh Pirates,Atlanta Braves,3,0,0,0,4,3,11,8,8,4,669387,Carmen Mlodzinski,519242,Chris Sale
2025-05-11,777969,Comerica Park,Detroit Tigers,Texas Rangers,0,5,0,0,1,6,4,12,2,9,681857,Reese Olson,543135,Nathan Eovaldi
2025-05-11,777964,George M. Steinbrenner Field,Tampa Bay Rays,Milwaukee Brewers,2,3,1,0,2,4,8,7,6,4,656876,Drew Rasmussen,694477,Chad Patrick
2025-05-11,777963,Daikin Park,Houston Astros,Cincinnati Reds,4,0,0,0,6,0,9,2,6,1,669854,Ronel Blanco,695534,Chase Petty
2025-05-11,777965,Kauffman Stadium,Kansas City Royals,Boston Red Sox,1,1,0,0,1,3,4,8,2,4,607625,Seth Lugo,608337,Lucas Giolito
2025-05-11,777956,Target Field,Minnesota Twins,San Francisco Giants,3,4,0,1,7,6,12,9,5,5,641154,Pablo López,694738,Landen Roupp
2025-05-11,777966,Rate Field,Chicago White Sox,Miami Marlins,1,1,0,0,4,2,7,7,4,4,680732,Sean Burke,645261,Sandy Alcantara
2025-05-11,777955,Coors Field,Colorado Rockies,San Diego Padres,6,1,3,1,9,3,12,5,7,2,608566,Germán Márquez,601713,Nick Pivetta
2025-05-11,777957,Sutter Health Park,Athletics,New York Yankees,2,11,0,0,2,12,7,15,6,13,622663,Luis Severino,642232,Ryan Yarbrough
2025-05-11,777961,Angel Stadium,Los Angeles Angels,Baltimore Orioles,2,3,2,1,3,7,6,8,5,4,542881,Tyler Anderson,621107,Zach Eflin
2025-05-11,777954,Chase Field,Arizona Diamondbacks,Los Angeles Dodgers,0,3,0,1,1,8,6,18,3,8,668678,Zac Gallen,664062,Tony Gonsolin
2025-05-11,777958,T-Mobile Park,Seattle Mariners,Toronto Blue Jays,1,5,0,0,1,9,4,15,3,7,682243,Bryce Miller,570632,José Ureña
2025-05-11,777971,Progressive Field,Cleveland Guardians,Philadelphia Phillies,0,1,0,0,0,3,3,6,2,4,682847,Luis Ortiz,554430,Zack Wheeler
2025-05-12,777960,Progressive Field,Cleveland Guardians,Milwaukee Brewers,3,0,0,0,5,0,6,7,3,4,594902,Ben Lively,642547,Freddy Peralta
2025-05-12,777951,Comerica Park,Detroit Tigers,Boston Red Sox,12,0,2,0,14,2,18,6,14,2,695549,Jackson Jobe,656557,Tanner Houck
2025-05-12,777953,Citizens Bank Park,Philadelphia Phillies,St. Louis Cardinals,1,1,0,0,2,3,9,5,4,3,650911,Cristopher Sánchez,669461,Matthew Liberatore
2025-05-12,777950,Citi Field,New York Mets,Pittsburgh Pirates,1,1,0,0,4,3,10,6,5,3,656849,David Peterson,694973,Paul Skenes
2025-05-12,777959,Truist Park,Atlanta Braves,Washington Nationals,3,1,0,0,4,3,10,8,7,3,656550,Grant Holmes,663623,Jake Irvin
2025-05-12,777952,Wrigley Field,Chicago Cubs,Miami Marlins,5,0,0,0,5,2,8,7,6,4,607067,Colin Rea,615698,Cal Quantrill
2025-05-12,777949,Globe Life Field,Texas Rangers,Colorado Rockies,0,1,0,0,2,1,3,6,0,3,641816,Tyler Mahle,801403,Chase Dollander
2025-05-12,777948,Daikin Park,Houston Astros,Kansas City Royals,0,7,0,0,5,7,11,11,4,8,687473,Ryan Gusto,608379,Michael Wacha
2025-05-12,777947,Petco Park,San Diego Padres,Los Angeles Angels,4,2,0,0,5,9,9,7,7,3,650633,Michael King,579328,Yusei Kikuchi
2025-05-12,777941,T-Mobile Park,Seattle Mariners,New York Yankees,2,7,1,0,5,11,6,15,2,8,676106,Emerson Hancock,657376,Clarke Schmidt
2025-05-12,777939,Oracle Park,San Francisco Giants,Arizona Diamondbacks,1,2,0,0,1,2,8,9,5,6,434378,Justin Verlander,518876,Merrill Kelly
2025-05-13,777944,Progressive Field,Cleveland Guardians,Milwaukee Brewers,1,0,1,0,2,0,7,3,3,2,671106,Logan Allen,682990,Quinn Priester
2025-05-13,777940,Comerica Park,Detroit Tigers,Boston Red Sox,3,4,1,0,10,9,11,14,6,6,663947,Tyler Holton,678394,Brayan Bello
2025-05-13,777945,Great American Ball Park,Cincinnati Reds,Chicago White Sox,0,1,0,0,1,5,6,9,3,3,671096,Andrew Abbott,686563,Jonathan Cannon
2025-05-13,777935,Rogers Centre,Toronto Blue Jays,Tampa Bay Rays,3,4,0,0,9,11,10,10,4,4,621244,José Berríos,669358,Shane Baz
2025-05-13,777943,Citi Field,New York Mets,Pittsburgh Pirates,1,0,1,0,2,1,5,6,4,4,673540,Kodai Senga,656605,Mitch Keller
2025-05-13,777942,Truist Park,Atlanta Braves,Washington Nationals,3,2,0,1,5,2,11,5,6,3,680885,Spencer Schwellenbach,647336,Michael Soroka
2025-05-13,777936,Wrigley Field,Chicago Cubs,Miami Marlins,2,2,0,0,5,4,6,9,4,3,676962,Ben Brown,678368,Valente Bellozo
2025-05-13,777934,Globe Life Field,Texas Rangers,Colorado Rockies,3,1,3,1,4,1,8,5,6,2,683004,Jack Leiter,607536,Kyle Freeland
2025-05-13,777931,Daikin Park,Houston Astros,Kansas City Royals,0,1,0,0,2,1,7,6,3,4,664285,Framber Valdez,663460,Kris Bubic
2025-05-13,777932,Petco Park,San Diego Padres,Los Angeles Angels,2,1,0,1,6,4,6,8,2,3,656302,Dylan Cease,667755,José Soriano
2025-05-13,777926,T-Mobile Park,Seattle Mariners,New York Yankees,1,0,0,0,2,1,6,5,4,1,693433,Bryan Woo,608331,Max Fried
2025-05-13,777930,Oracle Park,San Francisco Giants,Arizona Diamondbacks,7,3,0,3,10,6,13,11,9,7,592662,Robbie Ray,694297,Brandon Pfaadt
2025-05-13,777937,Dodger Stadium,Los Angeles Dodgers,Athletics,1,6,0,0,1,11,8,18,4,9,689017,Landon Knack,605488,Jeffrey Springs
2025-05-14,777924,Oriole Park at Camden Yards,Baltimore Orioles,Minnesota Twins,3,4,0,0,3,6,4,9,2,6,665152,Dean Kremer,641927,Bailey Ober
2025-05-14,777938,Oriole Park at Camden Yards,Baltimore Orioles,Minnesota Twins,6,5,0,1,6,8,11,10,9,5,694646,Chayce McDermott,680573,Simeon Woods Richardson
2025-05-14,777922,Citizens Bank Park,Philadelphia Phillies,St. Louis Cardinals,0,0,0,0,2,1,7,6,3,2,666200,Jesús Luzardo,607200,Erick Fedde
2025-05-14,777933,Citizens Bank Park,Philadelphia Phillies,St. Louis Cardinals,7,9,5,1,7,14,10,19,8,13,605400,Aaron Nola,543243,Sonny Gray
2025-05-14,777925,Progressive Field,Cleveland Guardians,Milwaukee Brewers,2,2,0,0,5,9,7,13,4,4,668909,Gavin Williams,701656,Logan Henderson
2025-05-14,777916,Oracle Park,San Francisco Giants,Arizona Diamondbacks,4,8,0,1,7,8,11,13,6,11,663855,Jordan Hicks,593958,Eduardo Rodriguez
2025-05-14,777915,T-Mobile Park,Seattle Mariners,New York Yankees,2,0,0,0,2,3,6,9,4,4,622491,Luis Castillo,701542,Will Warren
2025-05-14,777927,Comerica Park,Detroit Tigers,Boston Red Sox,2,2,0,1,6,5,10,11,6,4,669373,Tarik Skubal,690928,Hunter Dobbins
2025-05-14,777923,Rogers Centre,Toronto Blue Jays,Tampa Bay Rays,0,1,0,0,3,1,8,7,4,7,605135,Chris Bassitt,686752,Ryan Pepiot
2025-05-14,777919,Citi Field,New York Mets,Pittsburgh Pirates,0,4,0,0,0,4,6,9,4,7,605280,Clay Holmes,663559,Bailey Falter
2025-05-14,777928,Great American Ball Park,Cincinnati Reds,Chicago White Sox,0,2,0,0,2,4,9,10,4,6,666157,Nick Lodolo,663436,Davis Martin
2025-05-14,777929,Truist Park,Atlanta Braves,Washington Nationals,4,1,0,1,4,5,8,11,5,4,693821,Bryce Elder,680730,Mitchell Parker
2025-05-14,777921,Wrigley Field,Chicago Cubs,Miami Marlins,1,3,0,0,1,3,5,6,2,3,592791,Jameson Taillon,677960,Ryan Weathers
2025-05-14,777918,Globe Life Field,Texas Rangers,Colorado Rockies,6,1,4,0,8,3,11,7,9,2,571578,Patrick Corbin,622608,Antonio Senzatela
2025-05-14,777920,Daikin Park,Houston Astros,Kansas City Royals,1,3,0,0,4,3,8,8,3,8,676467,Colton Gordon,547179,Michael Lorenzen
2025-05-14,777914,Petco Park,San Diego Padres,Los Angeles Angels,3,1,3,0,5,1,7,4,4,3,681190,Randy Vásquez,543294,Kyle Hendricks
2025-05-14,777917,Dodger Stadium,Los Angeles Dodgers,Athletics,3,3,1,0,9,3,13,5,6,4,808967,Yoshinobu Yamamoto,680684,Gunnar Hoglund
2025-05-15,777909,Truist Park,Atlanta Braves,Washington Nationals,4,0,0,0,5,2,9,6,5,1,700363,AJ Smith-Shawver,592866,Trevor Williams
2025-05-15,777911,Oriole Park at Camden Yards,Baltimore Orioles,Minnesota Twins,0,3,0,0,0,4,6,7,3,4,608372,Tomoyuki Sugano,663978,Chris Paddack
2025-05-15,777912,Great American Ball Park,Cincinnati Reds,Chicago White Sox,6,0,3,0,7,1,12,4,9,1,607259,Nick Martinez,669060,Bryse Wilson
2025-05-15,777913,Rogers Centre,Toronto Blue Jays,Tampa Bay Rays,2,5,0,2,3,8,8,14,4,8,592332,Kevin Gausman,641793,Zack Littell
2025-05-15,777910,Globe Life Field,Texas Rangers,Houston Astros,0,0,0,0,1,0,3,5,1,4,594798,Jacob deGrom,686613,Hunter Brown
2025-05-15,777946,Dodger Stadium,Los Angeles Dodgers,Athletics,15,2,3,1,19,2,18,3,12,2,669422,Matt Sauer,674370,Osvaldo Bido
2025-05-16,777900,Wrigley Field,Chicago Cubs,Chicago White Sox,6,3,0,2,13,3,15,11,7,7,690990,Cade Horton,681343,Shane Smith
2025-05-16,777902,Great American Ball Park,Cincinnati Reds,Cleveland Guardians,5,3,0,0,5,4,11,5,8,3,663903,Brady Singer,676440,Tanner Bibee
2025-05-16,777905,Citizens Bank Park,Philadelphia Phillies,Pittsburgh Pirates,1,0,0,0,8,4,9,7,4,2,624133,Ranger Suarez,571760,Andrew Heaney
2025-05-16,777907,Oriole Park at Camden Yards,Baltimore Orioles,Washington Nationals,2,1,0,0,3,4,14,5,11,2,700249,Cade Povich,669022,MacKenzie Gore
2025-05-16,777904,Yankee Stadium,New York Yankees,New York Mets,6,1,0,0,6,2,8,5,7,2,607074,Carlos Rodón,656731,Tylor Megill
2025-05-16,777906,Rogers Centre,Toronto Blue Jays,Detroit Tigers,0,4,0,0,4,5,10,10,3,8,670102,Bowden Francis,656427,Jack Flaherty
2025-05-16,777908,Fenway Park,Boston Red Sox,Atlanta Braves,0,2,0,0,2,4,6,7,2,4,676979,Garrett Crochet,519242,Chris Sale
2025-05-16,777903,loanDepot park,Miami Marlins,Tampa Bay Rays,5,4,1,0,9,4,13,7,7,5,676974,Max Meyer,671737,Taj Bradley
2025-05-16,777901,Kauffman Stadium,Kansas City Royals,St. Louis Cardinals,2,3,0,0,3,10,9,13,6,4,666142,Cole Ragans,669467,Andre Pallante
2025-05-16,777895,Globe Life Field,Texas Rangers,Houston Astros,2,0,0,0,3,6,5,9,4,2,543135,Nathan Eovaldi,621121,Lance McCullers Jr.
2025-05-16,777898,American Family Field,Milwaukee Brewers,Minnesota Twins,0,3,0,2,0,3,5,9,1,7,694477,Chad Patrick,657746,Joe Ryan
2025-05-16,777897,Chase Field,Arizona Diamondbacks,Colorado Rockies,5,0,0,0,8,0,12,2,6,2,669203,Corbin Burnes,687223,Carson Palmquist
2025-05-16,777896,Petco Park,San Diego Padres,Seattle Mariners,0,3,0,1,1,5,8,10,7,5,663568,Stephen Kolek,688138,Logan Evans
2025-05-16,777899,Dodger Stadium,Los Angeles Dodgers,Los Angeles Angels,1,4,0,2,2,6,7,10,5,6,669160,Dustin May,686799,Jack Kochanowicz
2025-05-16,777891,Oracle Park,San Francisco Giants,Athletics,4,0,0,0,9,1,13,5,6,2,657277,Logan Webb,676664,JP Sears
2025-05-17,777888,Yankee Stadium,New York Yankees,New York Mets,1,2,0,0,2,3,8,6,4,2,657376,Clarke Schmidt,656288,Griffin Canning
2025-05-17,777881,Wrigley Field,Chicago Cubs,Chicago White Sox,6,3,0,1,7,3,9,6,7,4,571510,Matthew Boyd,680732,Sean Burke
2025-05-17,777886,Rogers Centre,Toronto Blue Jays,Detroit Tigers,0,1,0,0,2,1,4,4,1,4,641778,Eric Lauer,681857,Reese Olson
2025-05-17,777890,Oriole Park at Camden Yards,Baltimore Orioles,Washington Nationals,0,7,0,6,6,10,10,11,2,8,502043,Kyle Gibson,663623,Jake Irvin
2025-05-17,777889,loanDepot park,Miami Marlins,Tampa Bay Rays,0,4,0,0,0,4,6,10,3,5,645261,Sandy Alcantara,656876,Drew Rasmussen
2025-05-17,777894,Citizens Bank Park,Philadelphia Phillies,Pittsburgh Pirates,5,0,1,0,5,2,10,4,10,2,554430,Zack Wheeler,669387,Carmen Mlodzinski
2025-05-17,777892,Great American Ball Park,Cincinnati Reds,Cleveland Guardians,1,1,0,0,4,1,9,8,3,7,608718,Brent Suter,677944,Slade Cecconi
2025-05-17,777882,Globe Life Field,Texas Rangers,Houston Astros,1,1,0,1,5,1,6,5,3,5,641816,Tyler Mahle,669854,Ronel Blanco
2025-05-17,777885,Kauffman Stadium,Kansas City Royals,St. Louis Cardinals,0,0,0,0,0,1,4,2,2,1,702070,Noah Cameron,571945,Miles Mikolas
2025-05-17,777893,Fenway Park,Boston Red Sox,Atlanta Braves,2,6,0,3,7,6,10,13,2,8,608337,Lucas Giolito,656550,Grant Holmes
2025-05-17,777883,American Family Field,Milwaukee Brewers,Minnesota Twins,0,5,0,1,0,7,3,18,2,12,668964,Tobias Myers,641154,Pablo López
2025-05-17,777887,Chase Field,Arizona Diamondbacks,Colorado Rockies,11,6,3,3,12,14,15,19,13,8,668678,Zac Gallen,608566,Germán Márquez
2025-05-17,777875,Petco Park,San Diego Padres,Seattle Mariners,1,1,0,0,1,4,8,6,6,2,601713,Nick Pivetta,676106,Emerson Hancock
2025-05-17,777879,Oracle Park,San Francisco Giants,Athletics,0,0,0,0,1,0,5,5,4,5,694738,Landen Roupp,622663,Luis Severino
2025-05-17,777884,Dodger Stadium,Los Angeles Dodgers,Los Angeles Angels,4,5,3,3,9,11,15,13,7,5,477132,Clayton Kershaw,542881,Tyler Anderson
2025-05-18,777869,Globe Life Field,Texas Rangers,Houston Astros,3,0,0,0,3,4,7,4,4,0,683004,Jack Leiter,664285,Framber Valdez
2025-05-18,777873,Oriole Park at Camden Yards,Baltimore Orioles,Washington Nationals,1,8,0,1,4,10,9,13,4,9,621107,Zach Eflin,647336,Michael Soroka
2025-05-18,777880,Citizens Bank Park,Philadelphia Phillies,Pittsburgh Pirates,1,0,0,0,1,0,3,6,2,5,690953,Mick Abel,694973,Paul Skenes
2025-05-18,777876,Fenway Park,Boston Red Sox,Atlanta Braves,4,7,0,2,4,10,8,16,5,10,678394,Brayan Bello,680885,Spencer Schwellenbach
2025-05-18,777871,Rogers Centre,Toronto Blue Jays,Detroit Tigers,2,2,0,2,2,3,7,11,6,7,621244,José Berríos,695549,Jackson Jobe
2025-05-18,777874,Great American Ball Park,Cincinnati Reds,Cleveland Guardians,2,0,0,0,3,1,9,9,6,4,671096,Andrew Abbott,682847,Luis Ortiz
2025-05-18,777877,loanDepot park,Miami Marlins,Tampa Bay Rays,3,1,0,0,5,1,10,3,8,2,615698,Cal Quantrill,669358,Shane Baz
2025-05-18,777864,Kauffman Stadium,Kansas City Royals,St. Louis Cardinals,1,1,0,0,2,1,9,12,6,8,608379,Michael Wacha,669461,Matthew Liberatore
2025-05-18,777865,American Family Field,Milwaukee Brewers,Minnesota Twins,4,1,0,0,5,2,5,6,5,3,642547,Freddy Peralta,805673,Zebby Matthews
2025-05-18,777872,Wrigley Field,Chicago Cubs,Chicago White Sox,1,1,1,0,6,2,10,8,2,3,607067,Colin Rea,686563,Jonathan Cannon
2025-05-18,777867,Oracle Park,San Francisco Giants,Athletics,1,2,1,0,3,2,5,4,1,3,434378,Justin Verlander,605488,Jeffrey Springs
2025-05-18,777870,Chase Field,Arizona Diamondbacks,Colorado Rockies,1,0,1,0,1,0,4,3,3,0,518876,Merrill Kelly,801403,Chase Dollander
2025-05-18,777866,Dodger Stadium,Los Angeles Dodgers,Los Angeles Angels,1,4,0,3,4,6,5,8,3,4,664062,Tony Gonsolin,579328,Yusei Kikuchi
2025-05-18,777868,Petco Park,San Diego Padres,Seattle Mariners,1,3,1,0,1,6,7,8,5,5,650633,Michael King,693433,Bryan Woo
2025-05-18,777878,Yankee Stadium,New York Yankees,New York Mets,2,2,2,0,8,2,7,3,3,3,608331,Max Fried,656849,David Peterson
2025-05-19,777859,PNC Park,Pittsburgh Pirates,Cincinnati Reds,1,1,1,1,1,7,5,12,4,4,656605,Mitch Keller,666157,Nick Lodolo
2025-05-19,777863,loanDepot park,Miami Marlins,Chicago Cubs,6,3,2,0,8,7,11,12,7,5,665795,Edward Cabrera,676962,Ben Brown
2025-05-19,777856,Fenway Park,Boston Red Sox,New York Mets,3,1,2,0,3,1,8,8,5,5,690928,Hunter Dobbins,673540,Kodai Senga
2025-05-19,777858,George M. Steinbrenner Field,Tampa Bay Rays,Houston Astros,2,3,0,0,3,4,7,11,3,8,686752,Ryan Pepiot,676467,Colton Gordon
2025-05-19,777861,Target Field,Minnesota Twins,Cleveland Guardians,4,2,1,1,6,5,12,8,7,4,657746,Joe Ryan,671106,Logan Allen
2025-05-19,777857,Rate Field,Chicago White Sox,Seattle Mariners,0,1,0,0,1,5,5,8,3,3,663436,Davis Martin,622491,Luis Castillo
2025-05-19,777860,American Family Field,Milwaukee Brewers,Baltimore Orioles,4,1,0,0,5,4,11,6,8,3,642239,Rob Zastryzny,665152,Dean Kremer
2025-05-19,777862,Busch Stadium,St. Louis Cardinals,Detroit Tigers,5,0,1,0,11,4,16,8,9,3,543243,Sonny Gray,674944,Sean Guenther
2025-05-19,777852,Coors Field,Colorado Rockies,Philadelphia Phillies,2,1,1,0,3,9,6,17,3,6,607536,Kyle Freeland,650911,Cristopher Sánchez
2025-05-19,777855,Oracle Park,San Francisco Giants,Kansas City Royals,0,0,0,0,1,3,6,10,0,4,592662,Robbie Ray,663460,Kris Bubic
2025-05-19,777853,Sutter Health Park,Athletics,Los Angeles Angels,3,4,2,1,3,4,7,8,6,7,669372,J.T. Ginn,667755,José Soriano
2025-05-19,777854,Dodger Stadium,Los Angeles Dodgers,Arizona Diamondbacks,1,7,0,2,5,9,6,11,1,9,676263,Jack Dreyer,694297,Brandon Pfaadt
2025-05-20,777847,PNC Park,Pittsburgh Pirates,Cincinnati Reds,0,0,0,0,1,0,6,5,3,2,663559,Bailey Falter,607259,Nick Martinez
2025-05-20,777850,loanDepot park,Miami Marlins,Chicago Cubs,1,1,0,1,1,14,6,21,3,5,677960,Ryan Weathers,592791,Jameson Taillon
2025-05-20,777851,Fenway Park,Boston Red Sox,New York Mets,2,0,0,0,2,0,5,4,4,3,621111,Walker Buehler,605280,Clay Holmes
2025-05-20,777841,Nationals Park,Washington Nationals,Atlanta Braves,4,3,3,0,5,3,8,7,6,6,680730,Mitchell Parker,675911,Spencer Strider
2025-05-20,777848,George M. Steinbrenner Field,Tampa Bay Rays,Houston Astros,0,2,0,0,3,2,6,9,3,7,641793,Zack Littell,687888,Brandon Walter
2025-05-20,777849,Yankee Stadium,New York Yankees,Texas Rangers,2,0,0,0,5,2,9,8,4,3,701542,Will Warren,571578,Patrick Corbin
2025-05-20,777845,Rogers Centre,Toronto Blue Jays,San Diego Padres,3,0,1,0,3,0,3,5,3,3,605135,Chris Bassitt,656302,Dylan Cease
2025-05-20,777846,Rate Field,Chicago White Sox,Seattle Mariners,1,0,0,0,1,0,7,4,7,2,605288,Adrian Houser,668984,Casey Legumina
2025-05-20,777844,American Family Field,Milwaukee Brewers,Baltimore Orioles,3,0,0,0,5,2,7,8,4,2,701656,Logan Henderson,669211,Keegan Akin
2025-05-20,777840,Busch Stadium,St. Louis Cardinals,Detroit Tigers,2,4,0,2,4,5,8,7,3,5,607200,Erick Fedde,669373,Tarik Skubal
2025-05-20,777842,Coors Field,Colorado Rockies,Philadelphia Phillies,1,4,0,3,4,7,8,17,2,9,622608,Antonio Senzatela,666200,Jesús Luzardo
2025-05-20,777836,Oracle Park,San Francisco Giants,Kansas City Royals,3,1,0,0,3,2,8,7,7,5,806185,Hayden Birdsong,547179,Michael Lorenzen
2025-05-20,777843,Sutter Health Park,Athletics,Los Angeles Angels,4,5,0,0,5,7,12,11,8,7,680684,Gunnar Hoglund,543294,Kyle Hendricks
2025-05-20,777838,Dodger Stadium,Los Angeles Dodgers,Arizona Diamondbacks,1,0,0,0,4,3,7,7,3,0,808967,Yoshinobu Yamamoto,669194,Ryne Nelson
2025-05-21,777834,PNC Park,Pittsburgh Pirates,Cincinnati Reds,2,1,1,0,3,1,9,4,5,3,571760,Andrew Heaney,663903,Brady Singer
2025-05-21,777832,George M. Steinbrenner Field,Tampa Bay Rays,Houston Astros,5,2,2,2,8,4,10,7,7,3,671737,Taj Bradley,686613,Hunter Brown
2025-05-19,777861,Target Field,Minnesota Twins,Cleveland Guardians,4,2,1,1,6,5,12,8,7,4,657746,Joe Ryan,671106,Logan Allen
2025-05-21,777833,loanDepot park,Miami Marlins,Chicago Cubs,1,1,1,1,1,2,6,8,6,4,676974,Max Meyer,690990,Cade Horton
2025-05-21,777826,American Family Field,Milwaukee Brewers,Baltimore Orioles,1,1,0,0,4,8,7,14,4,4,694477,Chad Patrick,608372,Tomoyuki Sugano
2025-05-21,777827,Busch Stadium,St. Louis Cardinals,Detroit Tigers,0,2,0,0,1,5,5,7,1,4,669467,Andre Pallante,676428,Brant Hurter
2025-05-21,777830,Rate Field,Chicago White Sox,Seattle Mariners,4,3,0,3,5,6,8,7,6,2,681343,Shane Smith,688138,Logan Evans
2025-05-21,777819,Oracle Park,San Francisco Giants,Kansas City Royals,2,8,0,1,4,8,8,16,5,13,657277,Logan Webb,663738,Daniel Lynch IV
2025-05-21,777829,Target Field,Minnesota Twins,Cleveland Guardians,1,0,0,0,1,5,3,11,2,6,663978,Chris Paddack,668909,Gavin Williams
2025-05-21,777831,Fenway Park,Boston Red Sox,New York Mets,1,1,0,0,1,5,6,10,4,5,676979,Garrett Crochet,656731,Tylor Megill
2025-05-21,777835,Yankee Stadium,New York Yankees,Texas Rangers,1,1,0,0,4,3,5,10,2,3,642232,Ryan Yarbrough,594798,Jacob deGrom
2025-05-21,777837,Rogers Centre,Toronto Blue Jays,San Diego Padres,2,0,0,0,14,0,14,5,4,2,592332,Kevin Gausman,681190,Randy Vásquez
2025-05-21,777823,Coors Field,Colorado Rockies,Philadelphia Phillies,3,7,1,2,5,9,11,12,6,10,687223,Carson Palmquist,592836,Taijuan Walker
2025-05-21,777828,Sutter Health Park,Athletics,Los Angeles Angels,4,6,0,0,5,10,12,14,8,8,676664,JP Sears,686799,Jack Kochanowicz
2025-05-21,777824,Dodger Stadium,Los Angeles Dodgers,Arizona Diamondbacks,0,1,0,0,3,1,5,7,1,3,669160,Dustin May,669203,Corbin Burnes
2025-05-22,777818,Yankee Stadium,New York Yankees,Texas Rangers,1,0,0,0,1,0,5,4,4,2,607074,Carlos Rodón,543135,Nathan Eovaldi
2025-05-22,777816,Rogers Centre,Toronto Blue Jays,San Diego Padres,4,2,0,0,7,6,12,8,7,3,670102,Bowden Francis,663568,Stephen Kolek
2025-05-22,777817,Coors Field,Colorado Rockies,Philadelphia Phillies,0,1,0,0,0,2,7,4,4,3,608566,Germán Márquez,624133,Ranger Suarez
2025-05-22,777812,Sutter Health Park,Athletics,Los Angeles Angels,5,2,2,0,5,10,10,13,7,5,622663,Luis Severino,542881,Tyler Anderson
2025-05-22,777821,Comerica Park,Detroit Tigers,Cleveland Guardians,0,3,0,0,0,7,5,6,2,3,656427,Jack Flaherty,676440,Tanner Bibee
2025-05-22,777814,PNC Park,Pittsburgh Pirates,Milwaukee Brewers,2,4,1,3,5,8,9,10,6,4,681347,Mike Burrows,650644,Aaron Civale
2025-05-22,777820,Nationals Park,Washington Nationals,Atlanta Braves,7,5,1,2,8,7,12,10,9,5,592866,Trevor Williams,700363,AJ Smith-Shawver
2025-05-22,777822,Daikin Park,Houston Astros,Seattle Mariners,6,2,0,1,9,2,13,10,9,6,621121,Lance McCullers Jr.,669923,George Kirby
2025-05-23,777815,Fenway Park,Boston Red Sox,Baltimore Orioles,1,2,0,0,19,5,20,14,4,6,678394,Brayan Bello,700249,Cade Povich
2025-05-23,777811,Great American Ball Park,Cincinnati Reds,Chicago Cubs,6,2,3,0,6,13,13,13,11,3,668881,Hunter Greene,571510,Matthew Boyd
2025-05-23,777806,PNC Park,Pittsburgh Pirates,Milwaukee Brewers,2,0,0,0,6,5,12,11,5,2,694973,Paul Skenes,642547,Freddy Peralta
2025-05-23,777801,Nationals Park,Washington Nationals,San Francisco Giants,0,0,0,0,0,4,5,7,3,2,669022,MacKenzie Gore,694738,Landen Roupp
2025-05-23,777810,George M. Steinbrenner Field,Tampa Bay Rays,Toronto Blue Jays,3,0,0,0,3,1,8,4,6,4,656876,Drew Rasmussen,641778,Eric Lauer
2025-05-23,777807,Comerica Park,Detroit Tigers,Cleveland Guardians,0,2,0,2,1,3,6,8,4,4,695549,Jackson Jobe,677944,Slade Cecconi
2025-05-23,777808,Citi Field,New York Mets,Los Angeles Dodgers,2,5,0,0,5,7,7,10,3,6,656288,Griffin Canning,477132,Clayton Kershaw
2025-05-23,777813,Truist Park,Atlanta Braves,San Diego Padres,1,1,1,0,1,2,6,6,4,3,519242,Chris Sale,601713,Nick Pivetta
2025-05-23,777805,Rate Field,Chicago White Sox,Texas Rangers,3,0,0,0,4,1,8,3,5,1,680732,Sean Burke,641816,Tyler Mahle
2025-05-23,777800,Daikin Park,Houston Astros,Seattle Mariners,3,2,0,0,3,5,11,10,7,4,687473,Ryan Gusto,676106,Emerson Hancock
2025-05-23,777799,Target Field,Minnesota Twins,Kansas City Royals,1,1,0,1,3,1,6,8,4,6,641154,Pablo López,702070,Noah Cameron
2025-05-23,777797,Busch Stadium,St. Louis Cardinals,Arizona Diamondbacks,0,1,0,0,4,3,4,8,1,2,571945,Miles Mikolas,668678,Zac Gallen
2025-05-23,777802,Coors Field,Colorado Rockies,New York Yankees,3,2,0,1,3,2,8,5,7,5,685299,Tanner Gordon,657376,Clarke Schmidt
2025-05-23,777798,Angel Stadium,Los Angeles Angels,Miami Marlins,3,0,0,0,7,4,6,14,4,5,579328,Yusei Kikuchi,645261,Sandy Alcantara
2025-05-23,777804,Sutter Health Park,Athletics,Philadelphia Phillies,0,1,0,1,3,4,7,8,2,3,682052,Jacob Lopez,554430,Zack Wheeler
2025-05-24,777809,Fenway Park,Boston Red Sox,Baltimore Orioles,3,5,2,2,6,5,7,7,4,6,690928,Hunter Dobbins,621107,Zach Eflin
2025-05-24,777790,Fenway Park,Boston Red Sox,Baltimore Orioles,0,0,0,0,1,2,5,8,1,4,608337,Lucas Giolito,669432,Trevor Rogers
2025-05-24,777788,Target Field,Minnesota Twins,Kansas City Royals,3,4,0,0,5,4,9,11,6,9,805673,Zebby Matthews,608379,Michael Wacha
2025-05-24,777786,Busch Stadium,St. Louis Cardinals,Arizona Diamondbacks,1,1,1,0,6,5,8,12,3,5,669461,Matthew Liberatore,518876,Merrill Kelly
2025-05-24,777793,Nationals Park,Washington Nationals,San Francisco Giants,2,0,2,0,3,0,8,3,5,3,663623,Jake Irvin,690986,Kyle Harrison
2025-05-24,777794,PNC Park,Pittsburgh Pirates,Milwaukee Brewers,1,1,1,0,2,1,9,11,6,5,656605,Mitch Keller,682990,Quinn Priester
2025-05-24,777791,Great American Ball Park,Cincinnati Reds,Chicago Cubs,6,1,2,0,6,4,9,11,7,5,671096,Andrew Abbott,607067,Colin Rea
2025-05-24,777787,Daikin Park,Houston Astros,Seattle Mariners,2,1,2,0,2,1,12,5,9,3,664285,Framber Valdez,693433,Bryan Woo
2025-05-24,777803,Truist Park,Atlanta Braves,San Diego Padres,3,1,0,0,7,1,13,6,9,4,656550,Grant Holmes,669308,Sean Reynolds
2025-05-24,777792,Rate Field,Chicago White Sox,Texas Rangers,2,4,0,1,10,5,13,7,6,6,669060,Bryse Wilson,683004,Jack Leiter
2025-05-24,777782,Coors Field,Colorado Rockies,New York Yankees,1,11,0,1,1,13,8,21,5,12,607536,Kyle Freeland,608331,Max Fried
2025-05-24,777795,George M. Steinbrenner Field,Tampa Bay Rays,Toronto Blue Jays,3,0,3,0,3,1,3,6,3,2,669358,Shane Baz,621244,José Berríos
2025-05-24,777796,Comerica Park,Detroit Tigers,Cleveland Guardians,3,2,3,0,5,7,5,11,4,4,663554,Casey Mize,682847,Luis Ortiz
2025-05-24,777789,Citi Field,New York Mets,Los Angeles Dodgers,4,2,0,0,5,2,11,5,7,3,656849,David Peterson,664062,Tony Gonsolin
2025-05-24,777784,Sutter Health Park,Athletics,Philadelphia Phillies,3,3,0,2,6,9,15,10,8,3,605488,Jeffrey Springs,650911,Cristopher Sánchez
2025-05-24,777781,Angel Stadium,Los Angeles Angels,Miami Marlins,1,3,0,0,2,6,9,11,3,7,667755,José Soriano,615698,Cal Quantrill
2025-05-25,777780,Comerica Park,Detroit Tigers,Cleveland Guardians,5,0,0,0,5,0,8,2,6,0,669373,Tarik Skubal,671106,Logan Allen
2025-05-25,777785,Fenway Park,Boston Red Sox,Baltimore Orioles,0,2,0,0,1,5,10,7,6,4,621111,Walker Buehler,665152,Dean Kremer
2025-05-25,777778,Nationals Park,Washington Nationals,San Francisco Giants,1,3,0,0,2,3,5,5,2,4,647336,Michael Soroka,592662,Robbie Ray
2025-05-25,777776,PNC Park,Pittsburgh Pirates,Milwaukee Brewers,1,3,0,3,5,6,12,7,5,3,663559,Bailey Falter,701656,Logan Henderson
2025-05-25,777779,Great American Ball Park,Cincinnati Reds,Chicago Cubs,8,3,4,2,8,11,11,13,8,6,666157,Nick Lodolo,676962,Ben Brown
2025-05-25,777775,George M. Steinbrenner Field,Tampa Bay Rays,Toronto Blue Jays,9,0,2,0,13,0,15,4,13,3,686752,Ryan Pepiot,605135,Chris Bassitt
2025-05-25,777774,Daikin Park,Houston Astros,Seattle Mariners,2,3,0,2,5,3,13,11,8,7,676467,Colton Gordon,622491,Luis Castillo
2025-05-25,777772,Target Field,Minnesota Twins,Kansas City Royals,1,0,1,0,1,2,3,9,2,4,641927,Bailey Ober,663460,Kris Bubic
2025-05-25,777777,Rate Field,Chicago White Sox,Texas Rangers,1,2,0,0,4,5,9,7,3,3,663436,Davis Martin,571578,Patrick Corbin
2025-05-25,777766,Busch Stadium,St. Louis Cardinals,Arizona Diamondbacks,2,2,1,2,4,3,8,10,4,6,543243,Sonny Gray,694297,Brandon Pfaadt
2025-05-25,777768,Coors Field,Colorado Rockies,New York Yankees,2,4,2,1,4,5,8,9,2,7,622608,Antonio Senzatela,701542,Will Warren
2025-05-25,777765,Sutter Health Park,Athletics,Philadelphia Phillies,3,3,3,0,5,4,11,7,7,4,680684,Gunnar Hoglund,666200,Jesús Luzardo
2025-05-25,777767,Angel Stadium,Los Angeles Angels,Miami Marlins,0,3,0,0,0,3,3,8,3,6,543294,Kyle Hendricks,665795,Edward Cabrera
2025-05-25,777783,Truist Park,Atlanta Braves,San Diego Padres,3,1,0,1,3,5,7,9,6,5,680885,Spencer Schwellenbach,656302,Dylan Cease
2025-05-25,777773,Citi Field,New York Mets,Los Angeles Dodgers,3,1,2,1,3,1,6,6,3,5,673540,Kodai Senga,689017,Landon Knack
2025-05-26,777770,Comerica Park,Detroit Tigers,San Francisco Giants,3,0,0,0,3,1,7,5,6,1,672456,Keider Montero,806185,Hayden Birdsong
2025-05-26,777764,American Family Field,Milwaukee Brewers,Boston Red Sox,2,0,1,0,3,2,7,7,5,3,694477,Chad Patrick,676979,Garrett Crochet
2025-05-26,777757,Wrigley Field,Chicago Cubs,Colorado Rockies,2,1,1,0,3,1,4,5,3,2,592791,Jameson Taillon,687223,Carson Palmquist
2025-05-26,777771,Oriole Park at Camden Yards,Baltimore Orioles,St. Louis Cardinals,5,2,1,0,5,2,10,4,7,3,450203,Charlie Morton,607200,Erick Fedde
2025-05-26,777759,Globe Life Field,Texas Rangers,Toronto Blue Jays,1,2,0,1,1,2,5,8,4,4,594798,Jacob deGrom,592332,Kevin Gausman
2025-05-26,777760,Kauffman Stadium,Kansas City Royals,Cincinnati Reds,0,6,0,1,4,7,7,14,2,11,547179,Michael Lorenzen,607259,Nick Martinez
2025-05-26,777758,Citi Field,New York Mets,Chicago White Sox,0,1,0,0,2,1,7,4,1,2,605280,Clay Holmes,605288,Adrian Houser
2025-05-26,777769,Progressive Field,Cleveland Guardians,Los Angeles Dodgers,1,4,0,1,2,7,6,8,1,4,668909,Gavin Williams,808967,Yoshinobu Yamamoto
2025-05-26,777762,George M. Steinbrenner Field,Tampa Bay Rays,Minnesota Twins,0,0,0,0,7,2,13,5,3,3,641793,Zack Littell,663978,Chris Paddack
2025-05-26,777761,Chase Field,Arizona Diamondbacks,Pittsburgh Pirates,5,0,0,0,5,0,10,6,8,4,669194,Ryne Nelson,571760,Andrew Heaney
2025-05-26,777756,Petco Park,San Diego Padres,Miami Marlins,2,3,0,2,4,3,5,7,3,6,681190,Randy Vásquez,677960,Ryan Weathers
2025-05-26,777763,Angel Stadium,Los Angeles Angels,New York Yankees,1,4,1,0,1,5,5,6,2,5,686799,Jack Kochanowicz,642232,Ryan Yarbrough
2025-05-27,777753,Progressive Field,Cleveland Guardians,Los Angeles Dodgers,3,4,0,0,5,9,7,13,4,7,676440,Tanner Bibee,669160,Dustin May
2025-05-27,777754,Oriole Park at Camden Yards,Baltimore Orioles,St. Louis Cardinals,4,3,0,1,4,7,8,14,5,7,608372,Tomoyuki Sugano,669467,Andre Pallante
2025-05-27,777755,Comerica Park,Detroit Tigers,San Francisco Giants,3,0,1,0,3,1,7,6,7,2,656427,Jack Flaherty,657277,Logan Webb
2025-05-27,777748,Citizens Bank Park,Philadelphia Phillies,Atlanta Braves,1,0,0,0,2,0,5,5,1,3,624133,Ranger Suarez,675911,Spencer Strider
2025-05-27,777746,George M. Steinbrenner Field,Tampa Bay Rays,Minnesota Twins,1,2,0,1,2,4,6,7,5,4,671737,Taj Bradley,657746,Joe Ryan
2025-05-27,777749,Citi Field,New York Mets,Chicago White Sox,5,2,4,2,6,4,12,8,8,3,656731,Tylor Megill,686563,Jonathan Cannon
2025-05-27,777750,Kauffman Stadium,Kansas City Royals,Cincinnati Reds,2,2,0,0,2,7,8,10,5,5,663738,Daniel Lynch IV,663903,Brady Singer
2025-05-27,777747,American Family Field,Milwaukee Brewers,Boston Red Sox,0,0,0,0,5,1,7,7,2,2,650644,Aaron Civale,690916,Richard Fitts
2025-05-27,777751,Wrigley Field,Chicago Cubs,Colorado Rockies,2,1,0,0,4,3,10,7,6,2,690990,Cade Horton,608566,Germán Márquez
2025-05-27,777741,Globe Life Field,Texas Rangers,Toronto Blue Jays,0,0,0,0,2,0,6,4,2,3,543135,Nathan Eovaldi,670102,Bowden Francis
2025-05-27,777752,Daikin Park,Houston Astros,Athletics,9,1,0,0,11,1,13,7,11,3,686613,Hunter Brown,676664,JP Sears
2025-05-27,777745,Angel Stadium,Los Angeles Angels,New York Yankees,0,1,0,0,2,3,8,6,4,4,542881,Tyler Anderson,607074,Carlos Rodón
2025-05-27,777744,Chase Field,Arizona Diamondbacks,Pittsburgh Pirates,6,0,1,0,6,9,8,12,8,3,669203,Corbin Burnes,681347,Mike Burrows
2025-05-27,777743,T-Mobile Park,Seattle Mariners,Washington Nationals,4,1,3,0,9,1,12,4,7,2,688138,Logan Evans,680730,Mitchell Parker
2025-05-27,777742,Petco Park,San Diego Padres,Miami Marlins,7,6,1,6,8,6,13,10,10,6,663568,Stephen Kolek,676974,Max Meyer
2025-05-28,777739,Progressive Field,Cleveland Guardians,Los Angeles Dodgers,1,2,1,0,7,4,15,7,6,4,663465,Kolby Allard,477132,Clayton Kershaw
2025-05-28,777738,Comerica Park,Detroit Tigers,San Francisco Giants,4,3,0,0,4,3,7,10,6,7,695549,Jackson Jobe,694738,Landen Roupp
2025-05-28,777732,George M. Steinbrenner Field,Tampa Bay Rays,Minnesota Twins,4,0,0,0,5,0,8,6,7,1,656876,Drew Rasmussen,641154,Pablo López
2025-05-28,777737,Citi Field,New York Mets,Chicago White Sox,3,5,0,2,4,9,5,12,2,5,656288,Griffin Canning,681343,Shane Smith
2025-05-28,777736,American Family Field,Milwaukee Brewers,Boston Red Sox,2,3,0,0,6,5,8,9,3,6,642547,Freddy Peralta,678394,Brayan Bello
2025-05-28,777734,Daikin Park,Houston Astros,Athletics,2,3,0,0,5,3,7,6,2,5,621121,Lance McCullers Jr.,622663,Luis Severino
2025-05-28,777729,Chase Field,Arizona Diamondbacks,Pittsburgh Pirates,0,3,0,0,1,10,6,11,3,4,668678,Zac Gallen,694973,Paul Skenes
2025-05-28,777726,Petco Park,San Diego Padres,Miami Marlins,6,6,0,0,8,10,9,13,8,7,606996,Kyle Hart,645261,Sandy Alcantara
2025-05-28,777740,Oriole Park at Camden Yards,Baltimore Orioles,St. Louis Cardinals,4,5,0,0,4,6,12,12,9,8,700249,Cade Povich,571945,Miles Mikolas
2025-05-28,777733,Kauffman Stadium,Kansas City Royals,Cincinnati Reds,2,0,0,0,3,2,8,9,7,4,702070,Noah Cameron,668881,Hunter Greene
2025-05-28,777731,Wrigley Field,Chicago Cubs,Colorado Rockies,2,0,1,0,2,1,6,6,6,3,571510,Matthew Boyd,685299,Tanner Gordon
2025-05-28,777724,Globe Life Field,Texas Rangers,Toronto Blue Jays,0,0,0,0,0,2,1,8,1,2,641816,Tyler Mahle,687606,Paxton Schultz
2025-05-28,777728,Angel Stadium,Los Angeles Angels,New York Yankees,0,1,0,1,0,1,5,7,4,4,579328,Yusei Kikuchi,657376,Clarke Schmidt
2025-05-28,777730,T-Mobile Park,Seattle Mariners,Washington Nationals,0,6,0,0,0,9,5,12,2,7,669923,George Kirby,592866,Trevor Williams
2025-05-29,777735,Citizens Bank Park,Philadelphia Phillies,Atlanta Braves,3,0,0,0,5,4,10,13,7,4,650911,Cristopher Sánchez,700363,AJ Smith-Shawver
2025-05-29,777723,Citizens Bank Park,Philadelphia Phillies,Atlanta Braves,0,4,0,0,3,9,7,8,2,4,554430,Zack Wheeler,519242,Chris Sale
2025-05-29,777727,Rogers Centre,Toronto Blue Jays,Athletics,11,0,0,0,12,0,18,4,12,1,621244,José Berríos,682052,Jacob Lopez
2025-05-29,777725,Daikin Park,Houston Astros,Tampa Bay Rays,2,3,0,1,3,13,8,14,5,6,687473,Ryan Gusto,669358,Shane Baz
2025-05-29,777722,T-Mobile Park,Seattle Mariners,Washington Nationals,0,0,0,0,3,9,7,12,2,2,676106,Emerson Hancock,669022,MacKenzie Gore
2025-05-30,777712,Wrigley Field,Chicago Cubs,Cincinnati Reds,0,4,0,2,2,6,6,10,1,8,607067,Colin Rea,671096,Andrew Abbott
2025-05-30,777720,Oriole Park at Camden Yards,Baltimore Orioles,Chicago White Sox,0,0,0,0,2,1,7,6,3,1,621107,Zach Eflin,694363,Jared Shuster
2025-05-30,777715,Citizens Bank Park,Philadelphia Phillies,Milwaukee Brewers,1,5,0,2,2,6,4,12,2,9,592836,Taijuan Walker,669084,DL Hall
2025-05-30,777716,Rogers Centre,Toronto Blue Jays,Athletics,9,5,0,0,11,7,15,10,10,7,605135,Chris Bassitt,605488,Jeffrey Springs
2025-05-30,777721,Progressive Field,Cleveland Guardians,Los Angeles Angels,0,1,0,0,1,4,6,13,4,7,682847,Luis Ortiz,667755,José Soriano
2025-05-30,777718,Citi Field,New York Mets,Colorado Rockies,3,0,1,0,4,2,9,6,5,3,656849,David Peterson,607536,Kyle Freeland
2025-05-30,777717,loanDepot park,Miami Marlins,San Francisco Giants,0,2,0,1,0,2,3,11,1,8,615698,Cal Quantrill,690986,Kyle Harrison
2025-05-30,777719,Truist Park,Atlanta Braves,Boston Red Sox,1,2,1,0,1,5,6,11,5,4,656550,Grant Holmes,608337,Lucas Giolito
2025-05-30,777709,Globe Life Field,Texas Rangers,St. Louis Cardinals,5,0,1,0,11,1,15,5,7,3,683004,Jack Leiter,669461,Matthew Liberatore
2025-05-30,777711,Kauffman Stadium,Kansas City Royals,Detroit Tigers,3,5,1,2,5,7,12,11,8,7,607625,Seth Lugo,663554,Casey Mize
2025-05-30,777714,Daikin Park,Houston Astros,Tampa Bay Rays,0,1,0,1,2,1,7,3,1,2,664285,Framber Valdez,686752,Ryan Pepiot
2025-05-30,777710,Chase Field,Arizona Diamondbacks,Washington Nationals,6,6,4,2,7,9,12,11,10,6,518876,Merrill Kelly,663623,Jake Irvin
2025-05-30,777707,Petco Park,San Diego Padres,Pittsburgh Pirates,1,0,0,0,3,2,3,7,2,2,601713,Nick Pivetta,656605,Mitch Keller
2025-05-30,777713,T-Mobile Park,Seattle Mariners,Minnesota Twins,4,2,4,0,6,12,9,14,6,4,693433,Bryan Woo,805673,Zebby Matthews
2025-05-30,777708,Dodger Stadium,Los Angeles Dodgers,New York Yankees,2,5,1,1,8,5,12,9,4,6,664062,Tony Gonsolin,608331,Max Fried
2025-05-31,777704,Wrigley Field,Chicago Cubs,Cincinnati Reds,0,0,0,0,2,0,8,1,4,0,519141,Drew Pomeranz,666157,Nick Lodolo
2025-05-31,777701,Rogers Centre,Toronto Blue Jays,Athletics,7,5,4,3,8,7,10,11,8,7,680755,Braydon Fisher,680684,Gunnar Hoglund
2025-05-31,777697,Globe Life Field,Texas Rangers,St. Louis Cardinals,0,2,0,0,0,2,4,5,3,3,571578,Patrick Corbin,543243,Sonny Gray
2025-05-31,777699,Oriole Park at Camden Yards,Baltimore Orioles,Chicago White Sox,4,1,1,0,4,2,5,8,5,6,665152,Dean Kremer,663436,Davis Martin
2025-05-31,777702,Citizens Bank Park,Philadelphia Phillies,Milwaukee Brewers,1,12,0,4,7,17,10,23,3,14,666200,Jesús Luzardo,694477,Chad Patrick
2025-05-31,777703,Progressive Field,Cleveland Guardians,Los Angeles Angels,3,5,0,0,7,5,11,8,6,8,677944,Slade Cecconi,543294,Kyle Hendricks
2025-05-31,777694,Kauffman Stadium,Kansas City Royals,Detroit Tigers,0,0,0,0,1,0,4,2,2,0,608379,Michael Wacha,669373,Tarik Skubal
2025-05-31,777700,Citi Field,New York Mets,Colorado Rockies,7,1,4,1,8,2,11,3,9,1,673540,Kodai Senga,622608,Antonio Senzatela
2025-05-31,777693,Daikin Park,Houston Astros,Tampa Bay Rays,3,4,1,0,3,16,10,18,7,5,676467,Colton Gordon,641793,Zack Littell
2025-05-31,777706,Truist Park,Atlanta Braves,Boston Red Sox,5,0,1,0,5,0,11,5,9,4,680885,Spencer Schwellenbach,621111,Walker Buehler
2025-05-31,777705,loanDepot park,Miami Marlins,San Francisco Giants,1,0,0,0,1,0,3,8,2,5,665795,Edward Cabrera,592662,Robbie Ray
2025-05-31,777695,T-Mobile Park,Seattle Mariners,Minnesota Twins,2,3,0,0,5,4,10,12,6,5,682243,Bryce Miller,641927,Bailey Ober
2025-05-31,777698,Dodger Stadium,Los Angeles Dodgers,New York Yankees,14,1,4,0,18,2,21,7,12,3,689017,Landon Knack,701542,Will Warren
2025-05-31,777691,Petco Park,San Diego Padres,Pittsburgh Pirates,0,3,0,1,0,5,2,12,2,7,656302,Dylan Cease,663559,Bailey Falter
2025-05-31,777696,Chase Field,Arizona Diamondbacks,Washington Nationals,2,11,0,10,7,11,10,13,4,12,694297,Brandon Pfaadt,647336,Michael Soroka
2025-06-01,777678,Globe Life Field,Texas Rangers,St. Louis Cardinals,2,1,0,1,8,1,9,5,4,4,594798,Jacob deGrom,607200,Erick Fedde
2025-06-01,777692,Truist Park,Atlanta Braves,Boston Red Sox,1,3,1,3,1,3,5,7,5,4,693821,Bryce Elder,676979,Garrett Crochet
2025-06-01,777684,Oriole Park at Camden Yards,Baltimore Orioles,Chicago White Sox,2,0,0,0,3,2,8,7,7,5,450203,Charlie Morton,605288,Adrian Houser
2025-06-01,777688,Citizens Bank Park,Philadelphia Phillies,Milwaukee Brewers,2,1,1,0,2,5,6,9,4,6,624133,Ranger Suarez,500779,Jose Quintana
2025-06-01,777685,Rogers Centre,Toronto Blue Jays,Athletics,2,3,0,1,8,4,13,11,7,8,592332,Kevin Gausman,676664,JP Sears
2025-06-01,777683,Progressive Field,Cleveland Guardians,Los Angeles Angels,4,0,0,0,4,2,6,3,5,0,668909,Gavin Williams,686799,Jack Kochanowicz
2025-06-01,777686,Citi Field,New York Mets,Colorado Rockies,4,3,0,0,5,3,5,5,4,3,605280,Clay Holmes,687223,Carson Palmquist
2025-06-01,777689,loanDepot park,Miami Marlins,San Francisco Giants,0,4,0,0,2,4,9,8,2,4,677960,Ryan Weathers,806185,Hayden Birdsong
2025-06-01,777677,Kauffman Stadium,Kansas City Royals,Detroit Tigers,0,1,0,0,0,1,9,5,7,3,663460,Kris Bubic,672456,Keider Montero
2025-06-01,777690,Daikin Park,Houston Astros,Tampa Bay Rays,1,0,1,0,1,0,4,2,3,0,686613,Hunter Brown,671737,Taj Bradley
2025-06-01,777687,Wrigley Field,Chicago Cubs,Cincinnati Reds,5,0,0,0,7,3,10,4,9,2,592791,Jameson Taillon,607259,Nick Martinez
2025-06-01,777679,Chase Field,Arizona Diamondbacks,Washington Nationals,3,1,3,0,3,1,3,6,3,5,669203,Corbin Burnes,680730,Mitchell Parker
2025-06-01,777680,T-Mobile Park,Seattle Mariners,Minnesota Twins,0,0,0,0,2,1,6,6,1,4,622491,Luis Castillo,663978,Chris Paddack
2025-06-01,777681,Petco Park,San Diego Padres,Pittsburgh Pirates,1,4,1,0,6,4,8,7,3,6,681190,Randy Vásquez,571760,Andrew Heaney
2025-06-01,777682,Dodger Stadium,Los Angeles Dodgers,New York Yankees,1,6,0,1,3,7,6,11,4,9,808967,Yoshinobu Yamamoto,642232,Ryan Yarbrough
2025-06-02,777673,loanDepot park,Miami Marlins,Colorado Rockies,4,5,3,1,4,6,11,12,9,10,676974,Max Meyer,608566,Germán Márquez
2025-06-02,777670,Fenway Park,Boston Red Sox,Los Angeles Angels,5,6,0,6,6,7,11,8,8,7,690916,Richard Fitts,542881,Tyler Anderson
2025-06-02,777671,Great American Ball Park,Cincinnati Reds,Milwaukee Brewers,2,3,2,0,2,3,8,5,6,4,663903,Brady Singer,650644,Aaron Civale
2025-06-02,777674,Rate Field,Chicago White Sox,Detroit Tigers,0,8,0,3,1,13,5,16,2,9,686563,Jonathan Cannon,656427,Jack Flaherty
2025-06-02,777676,Oracle Park,San Francisco Giants,San Diego Padres,0,0,0,0,0,1,5,6,2,4,657277,Logan Webb,663568,Stephen Kolek
2025-06-02,777669,Sutter Health Park,Athletics,Minnesota Twins,4,6,0,0,4,10,7,14,6,6,622663,Luis Severino,657746,Joe Ryan
2025-06-02,777675,Dodger Stadium,Los Angeles Dodgers,New York Mets,0,2,0,1,3,4,9,8,3,5,669160,Dustin May,621112,Paul Blackburn
2025-06-03,777663,PNC Park,Pittsburgh Pirates,Houston Astros,0,0,0,0,0,3,4,5,2,2,694973,Paul Skenes,621121,Lance McCullers Jr.
2025-06-03,777666,loanDepot park,Miami Marlins,Colorado Rockies,2,2,0,0,2,3,6,7,2,4,645261,Sandy Alcantara,801403,Chase Dollander
2025-06-03,777659,Nationals Park,Washington Nationals,Chicago Cubs,3,7,1,0,3,8,7,9,3,7,592866,Trevor Williams,690990,Cade Horton
2025-06-03,777664,Yankee Stadium,New York Yankees,Cleveland Guardians,1,0,0,0,3,2,5,7,2,2,607074,Carlos Rodón,676440,Tanner Bibee
2025-06-03,777665,Rogers Centre,Toronto Blue Jays,Philadelphia Phillies,1,7,0,6,3,8,5,11,3,7,670102,Bowden Francis,650911,Cristopher Sánchez
2025-06-03,777667,Fenway Park,Boston Red Sox,Los Angeles Angels,1,3,0,0,3,4,10,7,7,5,678394,Brayan Bello,579328,Yusei Kikuchi
2025-06-03,777668,Great American Ball Park,Cincinnati Reds,Milwaukee Brewers,2,2,0,1,4,2,8,5,5,5,668881,Hunter Greene,642547,Freddy Peralta
2025-06-03,777672,Truist Park,Atlanta Braves,Arizona Diamondbacks,3,5,0,1,3,8,6,11,4,6,675911,Spencer Strider,668678,Zac Gallen
2025-06-03,777662,George M. Steinbrenner Field,Tampa Bay Rays,Texas Rangers,1,0,0,0,5,1,8,4,4,1,656876,Drew Rasmussen,641816,Tyler Mahle
2025-06-03,777661,Rate Field,Chicago White Sox,Detroit Tigers,1,0,0,0,8,1,10,7,1,3,681343,Shane Smith,689225,Beau Brieske
2025-06-03,777660,Busch Stadium,St. Louis Cardinals,Kansas City Royals,7,8,0,2,7,10,12,13,8,9,669467,Andre Pallante,547179,Michael Lorenzen
2025-06-03,777655,T-Mobile Park,Seattle Mariners,Baltimore Orioles,1,2,0,1,1,5,7,13,3,8,669923,George Kirby,608372,Tomoyuki Sugano
2025-06-03,777656,Oracle Park,San Francisco Giants,San Diego Padres,2,0,0,0,2,3,7,10,6,3,694738,Landen Roupp,686701,Ryan Bergert
2025-06-03,777658,Sutter Health Park,Athletics,Minnesota Twins,2,1,1,0,3,10,7,12,4,3,680880,Grant Holman,641154,Pablo López
2025-06-03,777657,Dodger Stadium,Los Angeles Dodgers,New York Mets,4,5,4,1,6,5,7,8,4,6,477132,Clayton Kershaw,656731,Tylor Megill
2025-06-04,777652,loanDepot park,Miami Marlins,Colorado Rockies,0,2,0,1,2,3,5,6,2,5,615698,Cal Quantrill,607536,Kyle Freeland
2025-06-04,777647,Great American Ball Park,Cincinnati Reds,Milwaukee Brewers,1,3,0,0,1,9,4,13,2,6,671096,Andrew Abbott,669084,DL Hall
2025-06-04,777649,Fenway Park,Boston Red Sox,Los Angeles Angels,7,8,5,4,11,9,12,12,8,10,608337,Lucas Giolito,667755,José Soriano
2025-06-04,777648,PNC Park,Pittsburgh Pirates,Houston Astros,3,0,0,0,3,0,8,7,8,4,681347,Mike Burrows,687473,Ryan Gusto
2025-06-04,777650,Nationals Park,Washington Nationals,Chicago Cubs,0,0,0,0,2,0,4,5,0,3,669022,MacKenzie Gore,571510,Matthew Boyd
2025-06-04,777653,Yankee Stadium,New York Yankees,Cleveland Guardians,0,3,0,3,0,4,5,12,2,5,657376,Clarke Schmidt,682847,Luis Ortiz
2025-06-04,777651,Rogers Centre,Toronto Blue Jays,Philadelphia Phillies,0,1,0,0,2,1,5,5,1,4,621244,José Berríos,690953,Mick Abel
2025-06-04,777654,Truist Park,Atlanta Braves,Arizona Diamondbacks,0,1,0,0,1,2,3,5,0,3,519242,Chris Sale,518876,Merrill Kelly
2025-06-04,777646,George M. Steinbrenner Field,Tampa Bay Rays,Texas Rangers,5,3,1,0,5,4,8,8,7,5,669358,Shane Baz,677958,Kumar Rocker
2025-06-04,777639,Rate Field,Chicago White Sox,Detroit Tigers,4,4,0,4,4,5,7,10,7,7,694363,Jared Shuster,687830,Sawyer Gipson-Long
2025-06-04,777645,T-Mobile Park,Seattle Mariners,Baltimore Orioles,1,0,0,0,2,3,5,4,3,1,676106,Emerson Hancock,700249,Cade Povich
2025-06-04,777641,Oracle Park,San Francisco Giants,San Diego Padres,1,5,0,2,6,5,8,12,3,9,690986,Kyle Harrison,601713,Nick Pivetta
2025-06-04,777643,Sutter Health Park,Athletics,Minnesota Twins,1,3,0,1,1,6,5,8,4,4,686993,Justin Sterner,805673,Zebby Matthews
2025-06-04,777638,Dodger Stadium,Los Angeles Dodgers,New York Mets,0,3,0,3,1,6,6,4,3,3,664062,Tony Gonsolin,656288,Griffin Canning
2025-06-05,777640,Truist Park,Atlanta Braves,Arizona Diamondbacks,7,3,0,0,10,11,13,12,9,5,656550,Grant Holmes,694297,Brandon Pfaadt
2025-06-05,777642,Busch Stadium,St. Louis Cardinals,Kansas City Royals,0,3,0,1,6,5,8,12,1,8,571945,Miles Mikolas,702070,Noah Cameron
2025-06-05,777635,Busch Stadium,St. Louis Cardinals,Kansas City Royals,5,7,1,2,5,7,7,12,6,9,669461,Matthew Liberatore,666142,Cole Ragans
2025-06-05,777634,Rate Field,Chicago White Sox,Detroit Tigers,2,0,0,0,3,2,11,8,6,4,680732,Sean Burke,663554,Casey Mize
2025-06-05,777637,Rogers Centre,Toronto Blue Jays,Philadelphia Phillies,8,0,0,0,9,1,14,5,11,2,605135,Chris Bassitt,666200,Jesús Luzardo
2025-06-05,777636,Sutter Health Park,Athletics,Minnesota Twins,12,1,4,0,14,3,17,5,12,3,687765,Mitch Spence,701581,David Festa
2025-06-05,777628,T-Mobile Park,Seattle Mariners,Baltimore Orioles,3,1,0,0,3,4,9,6,8,2,693433,Bryan Woo,621107,Zach Eflin
2025-06-05,777633,Oracle Park,San Francisco Giants,San Diego Padres,3,2,0,0,3,2,6,7,5,3,592662,Robbie Ray,656302,Dylan Cease
2025-06-05,777631,Dodger Stadium,Los Angeles Dodgers,New York Mets,3,4,0,0,6,5,9,11,6,6,689017,Landon Knack,656849,David Peterson
2025-06-05,777630,PNC Park,Pittsburgh Pirates,Houston Astros,2,4,0,0,2,8,5,10,4,6,656605,Mitch Keller,664285,Framber Valdez
2025-06-05,777632,Nationals Park,Washington Nationals,Chicago Cubs,0,3,0,2,1,7,8,15,5,8,663623,Jake Irvin,519141,Drew Pomeranz
2025-06-05,777644,Yankee Stadium,New York Yankees,Cleveland Guardians,2,0,0,0,4,0,10,3,5,1,608331,Max Fried,677944,Slade Cecconi
2025-06-05,777629,George M. Steinbrenner Field,Tampa Bay Rays,Texas Rangers,1,2,0,0,4,3,7,8,3,3,686752,Ryan Pepiot,683004,Jack Leiter
2025-06-06,777625,George M. Steinbrenner Field,Tampa Bay Rays,Miami Marlins,3,1,1,0,4,3,11,11,6,5,641793,Zack Littell,665795,Edward Cabrera
2025-06-06,777621,PNC Park,Pittsburgh Pirates,Philadelphia Phillies,4,4,1,1,5,4,11,7,6,7,663559,Bailey Falter,605452,Joe Ross
2025-06-06,777624,Nationals Park,Washington Nationals,Texas Rangers,1,0,0,0,2,0,5,2,4,1,647336,Michael Soroka,571578,Patrick Corbin
2025-06-06,777627,Yankee Stadium,New York Yankees,Boston Red Sox,8,1,5,0,9,6,14,6,10,2,701542,Will Warren,621111,Walker Buehler
2025-06-06,777623,Great American Ball Park,Cincinnati Reds,Arizona Diamondbacks,2,3,0,0,4,3,9,6,6,5,666157,Nick Lodolo,593958,Eduardo Rodriguez
2025-06-06,777626,Comerica Park,Detroit Tigers,Chicago Cubs,1,0,0,0,3,1,8,9,6,3,669373,Tarik Skubal,676962,Ben Brown
2025-06-06,777622,Progressive Field,Cleveland Guardians,Houston Astros,1,3,0,0,2,4,9,10,7,6,671106,Logan Allen,676467,Colton Gordon
2025-06-06,777618,Rate Field,Chicago White Sox,Kansas City Royals,2,2,0,0,7,2,7,7,5,5,663436,Davis Martin,607625,Seth Lugo
2025-06-06,777615,Target Field,Minnesota Twins,Toronto Blue Jays,3,4,1,0,4,6,7,7,5,4,641927,Bailey Ober,687606,Paxton Schultz
2025-06-06,777617,American Family Field,Milwaukee Brewers,San Diego Padres,0,1,0,0,0,2,4,8,2,4,694477,Chad Patrick,681190,Randy Vásquez
2025-06-06,777620,Busch Stadium,St. Louis Cardinals,Los Angeles Dodgers,4,0,0,0,5,0,7,10,5,5,543243,Sonny Gray,680736,Justin Wrobleski
2025-06-06,777616,Coors Field,Colorado Rockies,New York Mets,1,0,0,0,2,4,9,10,4,4,669020,Ryan Rolison,673540,Kodai Senga
2025-06-06,777614,Angel Stadium,Los Angeles Angels,Seattle Mariners,5,4,0,0,5,4,8,8,7,7,543294,Kyle Hendricks,682243,Bryce Miller
2025-06-06,777613,Sutter Health Park,Athletics,Baltimore Orioles,5,4,0,0,5,4,11,8,7,4,676664,JP Sears,665152,Dean Kremer
2025-06-06,777619,Oracle Park,San Francisco Giants,Atlanta Braves,4,2,3,0,5,4,8,6,6,2,806185,Hayden Birdsong,680885,Spencer Schwellenbach
2025-06-07,777609,Comerica Park,Detroit Tigers,Chicago Cubs,1,3,0,1,1,6,7,7,4,3,663947,Tyler Holton,592791,Jameson Taillon
2025-06-06,777623,Great American Ball Park,Cincinnati Reds,Arizona Diamondbacks,2,3,0,0,4,3,9,6,6,5,666157,Nick Lodolo,593958,Eduardo Rodriguez
2025-06-07,777600,Target Field,Minnesota Twins,Toronto Blue Jays,2,2,0,1,4,5,7,10,3,4,663978,Chris Paddack,592332,Kevin Gausman
2025-06-07,777601,Busch Stadium,St. Louis Cardinals,Los Angeles Dodgers,0,0,0,0,2,1,9,9,4,3,607200,Erick Fedde,808967,Yoshinobu Yamamoto
2025-06-07,777610,Nationals Park,Washington Nationals,Texas Rangers,0,2,0,2,0,5,3,8,2,3,680730,Mitchell Parker,594798,Jacob deGrom
2025-06-07,777607,PNC Park,Pittsburgh Pirates,Philadelphia Phillies,1,1,1,1,2,1,5,4,4,3,571760,Andrew Heaney,624133,Ranger Suarez
2025-06-07,777598,Oracle Park,San Francisco Giants,Atlanta Braves,1,1,0,0,3,2,5,7,3,3,657277,Logan Webb,693821,Bryce Elder
2025-06-07,777612,Great American Ball Park,Cincinnati Reds,Arizona Diamondbacks,13,1,5,0,13,1,11,7,9,6,607259,Nick Martinez,669194,Ryne Nelson
2025-06-07,777608,Progressive Field,Cleveland Guardians,Houston Astros,0,1,0,0,3,5,6,6,2,4,668909,Gavin Williams,686613,Hunter Brown
2025-06-07,777606,Rate Field,Chicago White Sox,Kansas City Royals,3,1,0,0,4,1,9,8,4,5,605288,Adrian Houser,608379,Michael Wacha
2025-06-07,777611,George M. Steinbrenner Field,Tampa Bay Rays,Miami Marlins,6,10,0,0,10,11,9,13,5,11,671737,Taj Bradley,677960,Ryan Weathers
2025-06-07,777605,Yankee Stadium,New York Yankees,Boston Red Sox,5,8,0,0,7,10,7,14,6,9,642232,Ryan Yarbrough,676979,Garrett Crochet
2025-06-07,777597,American Family Field,Milwaukee Brewers,San Diego Padres,0,1,0,0,4,3,8,8,2,5,500779,Jose Quintana,663568,Stephen Kolek
2025-06-07,777603,Angel Stadium,Los Angeles Angels,Seattle Mariners,6,4,0,3,8,6,11,14,8,9,686799,Jack Kochanowicz,622491,Luis Castillo
2025-06-07,777604,Coors Field,Colorado Rockies,New York Mets,1,3,0,0,1,8,10,12,8,6,608566,Germán Márquez,605280,Clay Holmes
2025-06-07,777599,Sutter Health Park,Athletics,Baltimore Orioles,4,4,4,1,4,7,8,11,7,7,622663,Luis Severino,450203,Charlie Morton
2025-06-08,777592,George M. Steinbrenner Field,Tampa Bay Rays,Miami Marlins,2,2,0,1,3,2,6,7,4,6,656876,Drew Rasmussen,685107,Anthony Veneziano
2025-06-08,777586,American Family Field,Milwaukee Brewers,San Diego Padres,0,0,0,0,0,1,4,3,1,0,642547,Freddy Peralta,686701,Ryan Bergert
2025-06-08,777596,Nationals Park,Washington Nationals,Texas Rangers,2,3,0,0,2,4,7,11,3,6,592866,Trevor Williams,656641,Jacob Latz
2025-06-08,777595,PNC Park,Pittsburgh Pirates,Philadelphia Phillies,1,1,0,0,2,1,7,3,5,2,694973,Paul Skenes,650911,Cristopher Sánchez
2025-06-08,777602,Great American Ball Park,Cincinnati Reds,Arizona Diamondbacks,2,2,0,0,4,2,6,5,3,5,663903,Brady Singer,668678,Zac Gallen
2025-06-08,777594,Comerica Park,Detroit Tigers,Chicago Cubs,4,0,2,0,4,0,10,4,7,2,656427,Jack Flaherty,690990,Cade Horton
2025-06-08,777591,Progressive Field,Cleveland Guardians,Houston Astros,2,0,0,0,4,2,9,7,6,2,676440,Tanner Bibee,687888,Brandon Walter
2025-06-08,777585,Target Field,Minnesota Twins,Toronto Blue Jays,6,3,0,0,6,3,12,5,7,4,657746,Joe Ryan,670102,Bowden Francis
2025-06-08,777590,Rate Field,Chicago White Sox,Kansas City Royals,2,2,2,0,5,7,4,16,1,8,678024,Mike Vasil,547179,Michael Lorenzen
2025-06-08,777582,Busch Stadium,St. Louis Cardinals,Los Angeles Dodgers,1,4,0,0,3,7,11,10,6,7,700241,Michael McGreevy,477132,Clayton Kershaw
2025-06-08,777583,Coors Field,Colorado Rockies,New York Mets,2,8,0,0,5,13,10,17,3,11,801403,Chase Dollander,656731,Tylor Megill
2025-06-08,777588,Sutter Health Park,Athletics,Baltimore Orioles,4,1,1,0,5,1,9,8,8,5,682052,Jacob Lopez,608372,Tomoyuki Sugano
2025-06-08,777587,Oracle Park,San Francisco Giants,Atlanta Braves,4,3,0,1,4,3,3,6,3,4,694738,Landen Roupp,675911,Spencer Strider
2025-06-08,777589,Angel Stadium,Los Angeles Angels,Seattle Mariners,2,3,0,1,2,3,2,11,2,9,542881,Tyler Anderson,669923,George Kirby
2025-06-08,777593,Yankee Stadium,New York Yankees,Boston Red Sox,3,2,2,0,7,11,10,12,4,2,607074,Carlos Rodón,690928,Hunter Dobbins
2025-06-09,777580,Progressive Field,Cleveland Guardians,Cincinnati Reds,3,4,0,0,4,7,7,16,5,9,682847,Luis Ortiz,489119,Wade Miley
2025-06-09,777574,PNC Park,Pittsburgh Pirates,Miami Marlins,4,2,0,0,10,3,15,8,5,5,681347,Mike Burrows,691587,Eury Pérez
2025-06-09,777578,Citizens Bank Park,Philadelphia Phillies,Chicago Cubs,2,1,0,1,4,3,16,5,7,2,554430,Zack Wheeler,571510,Matthew Boyd
2025-06-09,777584,Fenway Park,Boston Red Sox,Tampa Bay Rays,1,3,0,0,8,10,10,12,3,7,678394,Brayan Bello,669358,Shane Baz
2025-06-09,777575,American Family Field,Milwaukee Brewers,Atlanta Braves,1,3,0,0,1,7,5,11,4,6,650644,Aaron Civale,519242,Chris Sale
2025-06-09,777581,Busch Stadium,St. Louis Cardinals,Toronto Blue Jays,0,2,0,1,4,5,7,13,2,6,669467,Andre Pallante,621244,José Berríos
2025-06-09,777576,Angel Stadium,Los Angeles Angels,Athletics,4,0,0,0,7,4,8,5,5,1,579328,Yusei Kikuchi,680880,Grant Holman
2025-06-09,777579,Petco Park,San Diego Padres,Los Angeles Dodgers,6,6,2,2,7,8,7,12,6,10,601713,Nick Pivetta,669160,Dustin May
2025-06-09,777577,Chase Field,Arizona Diamondbacks,Seattle Mariners,2,0,1,0,8,4,10,12,6,3,518876,Merrill Kelly,676106,Emerson Hancock
2025-06-10,777573,Oriole Park at Camden Yards,Baltimore Orioles,Detroit Tigers,1,5,0,0,3,5,6,12,2,9,700249,Cade Povich,676428,Brant Hurter
2025-06-10,777569,Progressive Field,Cleveland Guardians,Cincinnati Reds,0,1,0,0,0,1,3,6,2,4,677944,Slade Cecconi,671096,Andrew Abbott
2025-06-10,777566,PNC Park,Pittsburgh Pirates,Miami Marlins,0,3,0,0,2,3,6,8,3,6,656605,Mitch Keller,645261,Sandy Alcantara
2025-06-10,777571,Citizens Bank Park,Philadelphia Phillies,Chicago Cubs,4,3,0,0,4,8,10,13,8,7,690953,Mick Abel,607067,Colin Rea
2025-06-10,777570,Citi Field,New York Mets,Washington Nationals,2,4,0,2,5,4,8,8,5,7,656288,Griffin Canning,669022,MacKenzie Gore
2025-06-10,777565,Fenway Park,Boston Red Sox,Tampa Bay Rays,2,1,2,0,3,1,7,3,4,3,608337,Lucas Giolito,686752,Ryan Pepiot
2025-06-10,777557,Target Field,Minnesota Twins,Texas Rangers,3,8,0,0,4,16,12,18,7,10,680573,Simeon Woods Richardson,641816,Tyler Mahle
2025-06-10,777572,Kauffman Stadium,Kansas City Royals,New York Yankees,1,5,0,2,2,10,9,16,3,6,702070,Noah Cameron,608331,Max Fried
2025-06-10,777568,American Family Field,Milwaukee Brewers,Atlanta Braves,2,1,0,0,4,1,6,8,4,7,682990,Quinn Priester,656550,Grant Holmes
2025-06-10,777558,Busch Stadium,St. Louis Cardinals,Toronto Blue Jays,4,6,0,3,9,10,12,16,6,9,571945,Miles Mikolas,605135,Chris Bassitt
2025-06-10,777567,Daikin Park,Houston Astros,Chicago White Sox,1,4,0,0,2,4,9,4,6,4,621121,Lance McCullers Jr.,681343,Shane Smith
2025-06-10,777563,Coors Field,Colorado Rockies,San Francisco Giants,3,2,0,1,5,6,8,7,4,4,687223,Carson Palmquist,690986,Kyle Harrison
2025-06-10,777564,Angel Stadium,Los Angeles Angels,Athletics,0,0,0,0,2,1,7,4,3,0,667755,José Soriano,687765,Mitch Spence
2025-06-10,777560,Petco Park,San Diego Padres,Los Angeles Dodgers,5,0,0,0,11,1,16,6,9,3,656302,Dylan Cease,642152,Lou Trivino III
2025-06-10,777559,Chase Field,Arizona Diamondbacks,Seattle Mariners,4,0,0,0,10,3,13,12,7,7,694297,Brandon Pfaadt,688138,Logan Evans
2025-06-11,777552,PNC Park,Pittsburgh Pirates,Miami Marlins,4,0,0,0,5,2,7,7,6,4,663559,Bailey Falter,615698,Cal Quantrill
2025-06-11,777553,Citizens Bank Park,Philadelphia Phillies,Chicago Cubs,6,1,3,0,7,2,10,8,8,5,666200,Jesús Luzardo,676962,Ben Brown
2025-06-11,777549,Progressive Field,Cleveland Guardians,Cincinnati Reds,7,1,1,0,11,2,13,5,7,3,671106,Logan Allen,666157,Nick Lodolo
2025-06-11,777554,American Family Field,Milwaukee Brewers,Atlanta Braves,1,5,0,0,2,6,5,10,2,7,694477,Chad Patrick,680885,Spencer Schwellenbach
2025-06-11,777545,Busch Stadium,St. Louis Cardinals,Toronto Blue Jays,2,5,1,0,2,5,7,11,4,9,669461,Matthew Liberatore,641778,Eric Lauer
2025-06-11,777548,Chase Field,Arizona Diamondbacks,Seattle Mariners,0,2,0,1,5,2,10,8,3,4,593958,Eduardo Rodriguez,693433,Bryan Woo
2025-06-11,777542,Angel Stadium,Los Angeles Angels,Athletics,0,3,0,1,6,5,9,10,2,7,543294,Kyle Hendricks,676664,JP Sears
2025-06-11,777543,Petco Park,San Diego Padres,Los Angeles Dodgers,1,1,0,0,2,5,4,9,3,2,681190,Randy Vásquez,676508,Ben Casparius
2025-06-11,777562,Oriole Park at Camden Yards,Baltimore Orioles,Detroit Tigers,2,0,0,0,10,1,16,5,7,1,621107,Zach Eflin,663554,Casey Mize
2025-06-11,777555,Citi Field,New York Mets,Washington Nationals,4,0,1,0,5,0,7,6,5,2,656849,David Peterson,663623,Jake Irvin
2025-06-11,777561,Fenway Park,Boston Red Sox,Tampa Bay Rays,4,3,1,0,4,3,9,8,7,6,621111,Walker Buehler,641793,Zack Littell
2025-06-11,777556,Target Field,Minnesota Twins,Texas Rangers,6,2,0,0,6,2,10,7,8,3,701581,David Festa,683004,Jack Leiter
2025-06-11,777551,Kauffman Stadium,Kansas City Royals,New York Yankees,0,5,0,0,3,6,8,8,2,7,663460,Kris Bubic,657376,Clarke Schmidt
2025-06-11,777550,Daikin Park,Houston Astros,Chicago White Sox,8,2,3,0,10,2,15,8,10,6,687473,Ryan Gusto,680732,Sean Burke
2025-06-11,777547,Coors Field,Colorado Rockies,San Francisco Giants,5,3,0,2,7,10,13,14,8,6,607536,Kyle Freeland,592662,Robbie Ray
2025-06-12,777544,Citi Field,New York Mets,Washington Nationals,4,0,3,0,4,3,7,7,3,1,673540,Kodai Senga,647336,Michael Soroka
2025-06-12,777533,Target Field,Minnesota Twins,Texas Rangers,1,7,1,1,3,16,8,16,3,6,641927,Bailey Ober,571578,Patrick Corbin
2025-06-12,777534,Coors Field,Colorado Rockies,San Francisco Giants,2,7,0,0,8,7,10,11,5,9,622608,Antonio Senzatela,806185,Hayden Birdsong
2025-06-12,777540,Oriole Park at Camden Yards,Baltimore Orioles,Detroit Tigers,0,4,0,0,1,4,4,7,3,6,669211,Keegan Akin,669373,Tarik Skubal
2025-06-12,777536,Kauffman Stadium,Kansas City Royals,New York Yankees,0,0,0,0,0,1,5,5,3,1,607625,Seth Lugo,701542,Will Warren
2025-06-12,777532,American Family Field,Milwaukee Brewers,St. Louis Cardinals,6,0,0,0,6,0,12,3,9,0,694819,Jacob Misiorowski,543243,Sonny Gray
2025-06-12,777541,Wrigley Field,Chicago Cubs,Pittsburgh Pirates,2,0,0,0,3,2,4,4,3,1,592791,Jameson Taillon,571760,Andrew Heaney
2025-06-12,777546,Daikin Park,Houston Astros,Chicago White Sox,4,2,0,0,4,3,10,10,6,7,664285,Framber Valdez,663436,Davis Martin
2025-06-13,777526,Wrigley Field,Chicago Cubs,Pittsburgh Pirates,0,0,0,0,1,2,8,6,4,2,690990,Cade Horton,694973,Paul Skenes
2025-06-13,777531,Citizens Bank Park,Philadelphia Phillies,Toronto Blue Jays,4,0,0,0,8,0,10,6,4,4,624133,Ranger Suarez,592332,Kevin Gausman
2025-06-13,777530,Nationals Park,Washington Nationals,Miami Marlins,2,8,0,1,9,11,16,17,4,11,680730,Mitchell Parker,665795,Edward Cabrera
2025-06-13,777539,Oriole Park at Camden Yards,Baltimore Orioles,Los Angeles Angels,2,0,0,0,2,0,6,8,4,5,450203,Charlie Morton,686799,Jack Kochanowicz
2025-06-13,777538,Comerica Park,Detroit Tigers,Cincinnati Reds,3,2,1,0,11,5,16,12,8,7,676428,Brant Hurter,607259,Nick Martinez
2025-06-13,777528,Citi Field,New York Mets,Tampa Bay Rays,5,1,0,0,5,7,7,13,5,3,605280,Clay Holmes,671737,Taj Bradley
2025-06-13,777537,Fenway Park,Boston Red Sox,New York Yankees,1,0,0,0,2,1,6,4,4,2,676979,Garrett Crochet,642232,Ryan Yarbrough
2025-06-13,777535,Truist Park,Atlanta Braves,Colorado Rockies,1,4,1,2,12,4,15,14,6,11,693821,Bryce Elder,608566,Germán Márquez
2025-06-13,777524,Globe Life Field,Texas Rangers,Chicago White Sox,3,0,1,0,3,1,7,6,6,1,542888,Shawn Armstrong,605288,Adrian Houser
2025-06-13,777529,Kauffman Stadium,Kansas City Royals,Athletics,1,3,1,0,4,6,7,11,3,7,608379,Michael Wacha,622663,Luis Severino
2025-06-13,777527,Daikin Park,Houston Astros,Minnesota Twins,9,1,3,0,10,3,14,8,12,5,676467,Colton Gordon,663978,Chris Paddack
2025-06-13,777525,American Family Field,Milwaukee Brewers,St. Louis Cardinals,1,1,0,0,3,2,5,7,2,3,642547,Freddy Peralta,607200,Erick Fedde
2025-06-13,777521,Chase Field,Arizona Diamondbacks,San Diego Padres,5,1,0,1,5,1,7,6,7,6,669194,Ryne Nelson,663568,Stephen Kolek
2025-06-13,777520,T-Mobile Park,Seattle Mariners,Cleveland Guardians,2,2,0,0,7,2,16,4,7,3,622491,Luis Castillo,668909,Gavin Williams
2025-06-13,777522,Dodger Stadium,Los Angeles Dodgers,San Francisco Giants,1,5,0,1,2,6,2,10,1,6,808967,Yoshinobu Yamamoto,657277,Logan Webb
2025-06-14,777514,Nationals Park,Washington Nationals,Miami Marlins,1,1,0,0,3,4,7,11,3,4,592866,Trevor Williams,806188,Cade Gibson
2025-06-14,777517,Comerica Park,Detroit Tigers,Cincinnati Reds,1,7,0,0,1,11,4,12,3,6,656427,Jack Flaherty,663903,Brady Singer
2025-06-14,777513,Wrigley Field,Chicago Cubs,Pittsburgh Pirates,1,1,0,1,2,1,6,5,5,1,571510,Matthew Boyd,681347,Mike Burrows
2025-06-14,777519,Oriole Park at Camden Yards,Baltimore Orioles,Los Angeles Angels,3,3,1,2,6,5,11,8,7,6,608372,Tomoyuki Sugano,542881,Tyler Anderson
2025-06-14,777509,Citizens Bank Park,Philadelphia Phillies,Toronto Blue Jays,2,2,0,0,3,2,4,5,2,5,650911,Cristopher Sánchez,670102,Bowden Francis
2025-06-14,777508,Globe Life Field,Texas Rangers,Chicago White Sox,1,2,0,0,5,4,11,9,5,4,594798,Jacob deGrom,678024,Mike Vasil
2025-06-14,777511,Kauffman Stadium,Kansas City Royals,Athletics,0,3,0,0,0,4,4,6,2,4,547179,Michael Lorenzen,682052,Jacob Lopez
2025-06-14,777518,Citi Field,New York Mets,Tampa Bay Rays,4,7,0,0,4,8,11,12,7,10,656731,Tylor Megill,656876,Drew Rasmussen
2025-06-14,777510,Daikin Park,Houston Astros,Minnesota Twins,2,2,0,0,3,2,4,3,2,3,686613,Hunter Brown,657746,Joe Ryan
2025-06-14,777523,Truist Park,Atlanta Braves,Colorado Rockies,4,0,1,0,4,1,7,4,6,3,675911,Spencer Strider,801403,Chase Dollander
2025-06-14,777512,American Family Field,Milwaukee Brewers,St. Louis Cardinals,4,7,0,1,5,8,9,10,4,8,500779,Jose Quintana,669467,Andre Pallante
2025-06-14,777515,Chase Field,Arizona Diamondbacks,San Diego Padres,3,1,0,0,8,7,9,11,3,3,668678,Zac Gallen,686701,Ryan Bergert
2025-06-14,777516,Fenway Park,Boston Red Sox,New York Yankees,3,0,1,0,4,3,7,6,6,2,690928,Hunter Dobbins,607074,Carlos Rodón
2025-06-14,777507,T-Mobile Park,Seattle Mariners,Cleveland Guardians,2,2,2,0,4,3,7,8,4,5,669923,George Kirby,676440,Tanner Bibee
2025-06-14,777506,Dodger Stadium,Los Angeles Dodgers,San Francisco Giants,7,0,1,0,11,5,11,6,6,2,477132,Clayton Kershaw,694738,Landen Roupp
2025-06-15,777505,Comerica Park,Detroit Tigers,Cincinnati Reds,2,2,0,0,4,8,9,11,4,4,663947,Tyler Holton,489119,Wade Miley
2025-06-15,777501,Oriole Park at Camden Yards,Baltimore Orioles,Los Angeles Angels,3,2,2,1,11,2,12,5,4,3,656240,Scott Blewett,579328,Yusei Kikuchi
2025-06-15,777499,Citizens Bank Park,Philadelphia Phillies,Toronto Blue Jays,6,2,1,0,11,4,18,8,11,4,554430,Zack Wheeler,621244,José Berríos
2025-06-15,777504,Truist Park,Atlanta Braves,Colorado Rockies,0,1,0,0,1,10,6,10,2,1,656550,Grant Holmes,596295,Austin Gomber
2025-06-15,777503,Nationals Park,Washington Nationals,Miami Marlins,1,2,1,1,1,3,6,11,5,7,669022,MacKenzie Gore,691587,Eury Pérez
2025-06-15,777500,Fenway Park,Boston Red Sox,New York Yankees,2,0,1,0,2,0,6,5,6,3,678394,Brayan Bello,608331,Max Fried
2025-06-15,777502,Citi Field,New York Mets,Tampa Bay Rays,0,6,0,0,0,9,5,9,2,5,656288,Griffin Canning,669358,Shane Baz
2025-06-15,777496,Kauffman Stadium,Kansas City Royals,Athletics,2,0,0,0,2,3,8,9,7,4,702070,Noah Cameron,605488,Jeffrey Springs
2025-06-15,777494,Daikin Park,Houston Astros,Minnesota Twins,0,1,0,0,2,1,4,8,1,5,687888,Brandon Walter,680573,Simeon Woods Richardson
2025-06-15,777492,American Family Field,Milwaukee Brewers,St. Louis Cardinals,2,1,0,0,3,2,9,9,5,3,682990,Quinn Priester,571945,Miles Mikolas
2025-06-15,777497,Wrigley Field,Chicago Cubs,Pittsburgh Pirates,2,2,2,2,3,2,6,4,3,3,607067,Colin Rea,656605,Mitch Keller
2025-06-15,777493,Globe Life Field,Texas Rangers,Chicago White Sox,2,0,0,0,2,1,9,8,6,4,677958,Kumar Rocker,650644,Aaron Civale
2025-06-15,777491,Chase Field,Arizona Diamondbacks,San Diego Padres,2,4,0,0,2,8,3,13,1,7,518876,Merrill Kelly,601713,Nick Pivetta
2025-06-15,777495,T-Mobile Park,Seattle Mariners,Cleveland Guardians,6,0,0,0,6,0,5,4,5,2,676106,Emerson Hancock,682847,Luis Ortiz
2025-06-15,777498,Dodger Stadium,Los Angeles Dodgers,San Francisco Giants,5,3,1,0,5,4,8,7,7,5,669160,Dustin May,663546,Sean Hjelle
2025-06-16,777483,loanDepot park,Miami Marlins,Philadelphia Phillies,1,2,0,1,2,5,5,10,3,5,645261,Sandy Alcantara,690953,Mick Abel
2025-06-16,777488,Nationals Park,Washington Nationals,Colorado Rockies,4,3,0,2,4,6,4,8,4,5,663623,Jake Irvin,687223,Carson Palmquist
2025-06-16,777487,Yankee Stadium,New York Yankees,Los Angeles Angels,0,0,0,0,0,1,8,7,5,2,657376,Clarke Schmidt,667755,José Soriano
2025-06-16,777484,George M. Steinbrenner Field,Tampa Bay Rays,Baltimore Orioles,7,1,1,0,7,1,14,4,12,3,686752,Ryan Pepiot,621107,Zach Eflin
2025-06-16,777486,T-Mobile Park,Seattle Mariners,Boston Red Sox,0,2,0,1,0,2,4,4,3,3,669302,Logan Gilbert,608337,Lucas Giolito
2025-06-16,777485,Sutter Health Park,Athletics,Houston Astros,1,1,0,1,3,1,6,8,3,7,687765,Mitch Spence,687473,Ryan Gusto
2025-06-16,777490,Dodger Stadium,Los Angeles Dodgers,San Diego Padres,6,2,0,1,6,3,10,6,8,3,660271,Shohei Ohtani,656302,Dylan Cease
2025-06-17,777481,loanDepot park,Miami Marlins,Philadelphia Phillies,2,3,0,0,8,3,12,8,6,6,615698,Cal Quantrill,666200,Jesús Luzardo
2025-06-17,777475,Comerica Park,Detroit Tigers,Pittsburgh Pirates,3,3,0,0,7,3,9,5,5,5,663554,Casey Mize,663559,Bailey Falter
2025-06-17,777480,Nationals Park,Washington Nationals,Colorado Rockies,1,3,1,0,6,10,12,10,3,4,647336,Michael Soroka,622608,Antonio Senzatela
2025-06-17,777476,Yankee Stadium,New York Yankees,Los Angeles Angels,0,3,0,0,0,4,4,8,3,6,701542,Will Warren,543294,Kyle Hendricks
2025-06-17,777479,Rogers Centre,Toronto Blue Jays,Arizona Diamondbacks,2,3,1,0,5,4,9,8,3,6,605135,Chris Bassitt,694297,Brandon Pfaadt
2025-06-17,777478,Great American Ball Park,Cincinnati Reds,Minnesota Twins,4,1,0,0,6,5,5,8,2,5,671096,Andrew Abbott,701581,David Festa
2025-06-17,777489,Truist Park,Atlanta Braves,New York Mets,1,4,0,1,5,4,7,7,4,5,680885,Spencer Schwellenbach,656849,David Peterson
2025-06-17,777477,George M. Steinbrenner Field,Tampa Bay Rays,Baltimore Orioles,1,2,0,0,1,5,7,13,4,4,641793,Zack Littell,665152,Dean Kremer
2025-06-17,777467,Rate Field,Chicago White Sox,St. Louis Cardinals,2,6,1,0,2,12,6,13,4,6,681343,Shane Smith,669461,Matthew Liberatore
2025-06-17,777468,Globe Life Field,Texas Rangers,Kansas City Royals,1,5,0,3,1,6,5,8,3,6,683004,Jack Leiter,607625,Seth Lugo
2025-06-17,777482,Wrigley Field,Chicago Cubs,Milwaukee Brewers,4,2,0,0,5,3,8,9,6,6,676962,Ben Brown,694477,Chad Patrick
2025-06-17,777473,T-Mobile Park,Seattle Mariners,Boston Red Sox,8,0,0,0,8,0,9,2,8,1,693433,Bryan Woo,621111,Walker Buehler
2025-06-17,777472,Oracle Park,San Francisco Giants,Cleveland Guardians,2,2,1,0,2,3,10,6,4,4,592662,Robbie Ray,677944,Slade Cecconi
2025-06-17,777469,Sutter Health Park,Athletics,Houston Astros,0,9,0,2,3,13,4,15,1,9,676664,JP Sears,669920,Jason Alexander
2025-06-17,777471,Dodger Stadium,Los Angeles Dodgers,San Diego Padres,3,3,0,1,8,6,12,9,4,4,676263,Jack Dreyer,681190,Randy Vásquez
2025-06-18,777453,T-Mobile Park,Seattle Mariners,Boston Red Sox,1,3,0,0,1,3,6,3,6,3,622491,Luis Castillo,676979,Garrett Crochet
2025-06-18,777465,loanDepot park,Miami Marlins,Philadelphia Phillies,1,4,0,0,2,4,7,9,3,4,800049,Adam Mazur,624133,Ranger Suarez
2025-06-18,777461,Nationals Park,Washington Nationals,Colorado Rockies,0,0,0,0,1,3,7,8,4,5,680730,Mitchell Parker,608566,Germán Márquez
2025-06-18,777466,Yankee Stadium,New York Yankees,Los Angeles Angels,2,2,0,1,2,3,3,8,2,5,642232,Ryan Yarbrough,686799,Jack Kochanowicz
2025-06-18,777462,Rogers Centre,Toronto Blue Jays,Arizona Diamondbacks,2,0,1,0,8,1,13,6,6,3,641778,Eric Lauer,593958,Eduardo Rodriguez
2025-06-18,777474,Great American Ball Park,Cincinnati Reds,Minnesota Twins,4,2,2,1,4,2,9,3,8,3,666157,Nick Lodolo,641927,Bailey Ober
2025-06-18,777470,Truist Park,Atlanta Braves,New York Mets,4,0,3,0,5,0,7,5,5,3,519242,Chris Sale,621112,Paul Blackburn
2025-06-18,777463,George M. Steinbrenner Field,Tampa Bay Rays,Baltimore Orioles,8,8,0,0,12,8,18,7,12,7,671737,Taj Bradley,669432,Trevor Rogers
2025-06-18,777460,Globe Life Field,Texas Rangers,Kansas City Royals,3,4,2,0,3,6,12,7,9,6,571578,Patrick Corbin,663460,Kris Bubic
2025-06-18,777454,Oracle Park,San Francisco Giants,Cleveland Guardians,2,4,0,1,2,4,6,7,4,7,434378,Justin Verlander,671106,Logan Allen
2025-06-18,777456,Sutter Health Park,Athletics,Houston Astros,1,2,0,0,4,11,8,20,4,9,622663,Luis Severino,664285,Framber Valdez
2025-06-18,777457,Dodger Stadium,Los Angeles Dodgers,San Diego Padres,3,1,0,0,4,3,7,7,6,3,686218,Emmet Sheehan,663568,Stephen Kolek
2025-06-19,777452,Great American Ball Park,Cincinnati Reds,Minnesota Twins,4,9,2,1,5,12,10,17,6,11,607259,Nick Martinez,663978,Chris Paddack
2025-06-19,777445,Nationals Park,Washington Nationals,Colorado Rockies,2,2,0,0,4,3,8,11,4,6,592866,Trevor Williams,801403,Chase Dollander
2025-06-19,777449,Yankee Stadium,New York Yankees,Los Angeles Angels,4,2,1,1,7,3,12,5,6,3,607074,Carlos Rodón,542881,Tyler Anderson
2025-06-19,777451,Comerica Park,Detroit Tigers,Pittsburgh Pirates,9,1,1,0,9,2,12,6,11,4,669373,Tarik Skubal,571760,Andrew Heaney
2025-06-19,777464,Comerica Park,Detroit Tigers,Pittsburgh Pirates,2,4,0,0,4,8,5,12,3,7,663947,Tyler Holton,694973,Paul Skenes
2025-06-19,777447,Rate Field,Chicago White Sox,St. Louis Cardinals,2,1,0,1,4,5,9,8,6,3,680732,Sean Burke,607200,Erick Fedde
2025-06-19,777458,Rate Field,Chicago White Sox,St. Louis Cardinals,1,6,0,0,6,8,8,12,3,8,678024,Mike Vasil,700241,Michael McGreevy
2025-06-19,777450,Wrigley Field,Chicago Cubs,Milwaukee Brewers,3,8,2,1,7,8,6,12,2,10,592791,Jameson Taillon,642547,Freddy Peralta
2025-06-19,777443,Globe Life Field,Texas Rangers,Kansas City Royals,0,3,0,2,1,4,3,6,0,4,542888,Shawn Armstrong,608379,Michael Wacha
2025-06-19,777448,Rogers Centre,Toronto Blue Jays,Arizona Diamondbacks,1,7,0,0,5,9,6,9,1,7,592332,Kevin Gausman,669194,Ryne Nelson
2025-06-19,777440,Oracle Park,San Francisco Giants,Cleveland Guardians,0,1,0,0,2,1,5,7,2,6,657277,Logan Webb,668909,Gavin Williams
2025-06-19,777444,loanDepot park,Miami Marlins,Philadelphia Phillies,1,0,0,0,1,2,6,6,5,1,665795,Edward Cabrera,650911,Cristopher Sánchez
2025-06-19,777455,Truist Park,Atlanta Braves,New York Mets,3,1,0,0,7,1,8,6,4,5,675911,Spencer Strider,605280,Clay Holmes
2025-06-19,777446,George M. Steinbrenner Field,Tampa Bay Rays,Baltimore Orioles,1,1,0,0,1,4,8,6,5,3,656876,Drew Rasmussen,450203,Charlie Morton
2025-06-19,777441,Sutter Health Park,Athletics,Houston Astros,2,1,0,0,6,4,11,8,6,3,682052,Jacob Lopez,676467,Colton Gordon
2025-06-19,777442,Dodger Stadium,Los Angeles Dodgers,San Diego Padres,0,2,0,0,3,5,6,11,3,4,808967,Yoshinobu Yamamoto,686701,Ryan Bergert
2025-06-20,777436,Wrigley Field,Chicago Cubs,Seattle Mariners,4,2,3,1,4,9,9,13,7,2,571510,Matthew Boyd,669923,George Kirby
2025-06-20,777432,PNC Park,Pittsburgh Pirates,Texas Rangers,2,4,0,2,2,6,9,13,4,7,681347,Mike Burrows,594798,Jacob deGrom
2025-06-20,777431,George M. Steinbrenner Field,Tampa Bay Rays,Detroit Tigers,9,3,4,0,14,8,16,8,9,4,669358,Shane Baz,656427,Jack Flaherty
2025-06-20,777438,Yankee Stadium,New York Yankees,Baltimore Orioles,3,2,2,2,3,5,10,11,8,4,608331,Max Fried,608372,Tomoyuki Sugano
2025-06-20,777435,Rogers Centre,Toronto Blue Jays,Chicago White Sox,0,7,0,1,1,7,7,9,4,7,605513,Spencer Turnbull,691799,Grant Taylor
2025-06-20,777439,loanDepot park,Miami Marlins,Atlanta Braves,4,1,0,0,6,2,9,8,6,5,676083,Janson Junk,800311,Didier Fuentes
2025-06-20,777433,Busch Stadium,St. Louis Cardinals,Cincinnati Reds,1,0,0,0,6,1,7,5,4,2,669467,Andre Pallante,663903,Brady Singer
2025-06-20,777437,Citizens Bank Park,Philadelphia Phillies,New York Mets,2,0,0,0,10,2,13,7,6,4,554430,Zack Wheeler,694918,Blade Tidwell
2025-06-20,777434,Target Field,Minnesota Twins,Milwaukee Brewers,0,1,0,0,6,17,5,19,0,1,657746,Joe Ryan,694819,Jacob Misiorowski
2025-06-20,777430,Coors Field,Colorado Rockies,Arizona Diamondbacks,7,9,0,1,8,14,12,21,10,13,596295,Austin Gomber,668678,Zac Gallen
2025-06-20,777428,Angel Stadium,Los Angeles Angels,Houston Astros,1,2,0,2,2,3,6,9,2,6,579328,Yusei Kikuchi,686613,Hunter Brown
2025-06-20,777426,Petco Park,San Diego Padres,Kansas City Royals,1,4,0,1,5,6,12,11,4,6,601713,Nick Pivetta,547179,Michael Lorenzen
2025-06-20,777429,Sutter Health Park,Athletics,Cleveland Guardians,3,0,2,0,5,1,11,4,6,2,605488,Jeffrey Springs,676440,Tanner Bibee
2025-06-20,777427,Dodger Stadium,Los Angeles Dodgers,Washington Nationals,4,2,0,1,6,5,9,9,6,5,477132,Clayton Kershaw,669022,MacKenzie Gore
2025-06-20,777425,Oracle Park,San Francisco Giants,Boston Red Sox,5,5,1,0,5,7,7,11,5,7,806185,Hayden Birdsong,690928,Hunter Dobbins
2025-06-21,777420,George M. Steinbrenner Field,Tampa Bay Rays,Detroit Tigers,7,1,4,0,8,3,8,7,6,3,686752,Ryan Pepiot,687830,Sawyer Gipson-Long
2025-06-21,777422,Yankee Stadium,New York Yankees,Baltimore Orioles,8,0,1,0,9,0,14,1,12,0,657376,Clarke Schmidt,621107,Zach Eflin
2025-06-21,777412,Target Field,Minnesota Twins,Milwaukee Brewers,0,4,0,2,0,9,4,11,2,4,680573,Simeon Woods Richardson,500779,Jose Quintana
2025-06-21,777415,Busch Stadium,St. Louis Cardinals,Cincinnati Reds,2,1,2,0,6,5,9,8,2,5,543243,Sonny Gray,608718,Brent Suter
2025-06-21,777419,Wrigley Field,Chicago Cubs,Seattle Mariners,10,6,2,0,10,7,9,14,8,9,690990,Cade Horton,676106,Emerson Hancock
2025-06-21,777418,Rogers Centre,Toronto Blue Jays,Chicago White Sox,4,0,1,0,7,1,12,2,8,1,621244,José Berríos,650644,Aaron Civale
2025-06-21,777417,Oracle Park,San Francisco Giants,Boston Red Sox,3,0,1,0,3,2,4,6,3,2,694738,Landen Roupp,678394,Brayan Bello
2025-06-21,777421,PNC Park,Pittsburgh Pirates,Texas Rangers,1,1,0,0,2,3,5,4,5,1,656605,Mitch Keller,677958,Kumar Rocker
2025-06-21,777424,loanDepot park,Miami Marlins,Atlanta Braves,0,3,0,1,0,7,5,10,5,6,691587,Eury Pérez,656550,Grant Holmes
2025-06-21,777413,Petco Park,San Diego Padres,Kansas City Royals,2,1,0,0,5,1,8,4,5,3,656302,Dylan Cease,702070,Noah Cameron
2025-06-21,777423,Citizens Bank Park,Philadelphia Phillies,New York Mets,4,5,2,1,4,11,8,15,5,8,690953,Mick Abel,656288,Griffin Canning
2025-06-21,777410,Coors Field,Colorado Rockies,Arizona Diamondbacks,3,5,2,1,3,5,7,10,4,6,687223,Carson Palmquist,518876,Merrill Kelly
2025-06-21,777414,Angel Stadium,Los Angeles Angels,Houston Astros,7,1,0,0,9,1,11,3,8,2,667755,José Soriano,687888,Brandon Walter
2025-06-21,777411,Sutter Health Park,Athletics,Cleveland Guardians,0,4,0,0,2,4,5,10,2,8,687765,Mitch Spence,682847,Luis Ortiz
2025-06-21,777416,Dodger Stadium,Los Angeles Dodgers,Washington Nationals,1,2,0,0,3,7,7,10,5,4,669160,Dustin May,663623,Jake Irvin
2025-06-22,777406,Yankee Stadium,New York Yankees,Baltimore Orioles,1,2,0,2,4,2,9,7,4,5,701542,Will Warren,665152,Dean Kremer
2025-06-22,777409,George M. Steinbrenner Field,Tampa Bay Rays,Detroit Tigers,1,1,0,0,3,9,9,12,5,4,641793,Zack Littell,663554,Casey Mize
2025-06-22,777404,PNC Park,Pittsburgh Pirates,Texas Rangers,7,2,0,0,8,3,15,6,10,5,663559,Bailey Falter,683004,Jack Leiter
2025-06-22,777408,Rogers Centre,Toronto Blue Jays,Chicago White Sox,1,1,0,0,2,4,8,6,4,3,605135,Chris Bassitt,605288,Adrian Houser
2025-06-22,777402,loanDepot park,Miami Marlins,Atlanta Braves,4,2,0,1,5,3,12,7,9,5,645261,Sandy Alcantara,693821,Bryce Elder
2025-06-22,777401,Target Field,Minnesota Twins,Milwaukee Brewers,3,9,2,1,8,9,18,17,10,13,543056,Danny Coulombe,682990,Quinn Priester
2025-06-22,777407,Busch Stadium,St. Louis Cardinals,Cincinnati Reds,1,3,0,1,1,4,4,6,4,4,571945,Miles Mikolas,671096,Andrew Abbott
2025-06-22,777403,Wrigley Field,Chicago Cubs,Seattle Mariners,4,5,1,2,6,14,10,18,8,9,607067,Colin Rea,669302,Logan Gilbert
2025-06-22,777399,Coors Field,Colorado Rockies,Arizona Diamondbacks,4,2,0,0,4,2,6,5,6,3,622608,Antonio Senzatela,694297,Brandon Pfaadt
2025-06-22,777400,Sutter Health Park,Athletics,Cleveland Guardians,0,3,0,0,0,3,9,8,4,7,676664,JP Sears,677944,Slade Cecconi
2025-06-22,777395,Oracle Park,San Francisco Giants,Boston Red Sox,4,4,0,1,9,5,11,12,4,8,592662,Robbie Ray,608337,Lucas Giolito
2025-06-22,777397,Angel Stadium,Los Angeles Angels,Houston Astros,5,4,0,0,7,8,11,13,6,8,543294,Kyle Hendricks,687473,Ryan Gusto
2025-06-22,777398,Dodger Stadium,Los Angeles Dodgers,Washington Nationals,0,3,0,0,13,7,11,11,1,5,660271,Shohei Ohtani,647336,Michael Soroka
2025-06-22,777396,Petco Park,San Diego Padres,Kansas City Royals,0,0,0,0,3,2,5,7,1,3,681190,Randy Vásquez,607625,Seth Lugo
2025-06-22,777405,Citizens Bank Park,Philadelphia Phillies,New York Mets,5,0,0,0,7,1,10,4,6,2,666200,Jesús Luzardo,656849,David Peterson
2025-06-23,777394,Oriole Park at Camden Yards,Baltimore Orioles,Texas Rangers,4,0,0,0,6,0,11,3,6,1,669432,Trevor Rogers,571578,Patrick Corbin
2025-06-23,777389,Citi Field,New York Mets,Atlanta Braves,0,3,0,0,2,3,6,9,2,6,621112,Paul Blackburn,680885,Spencer Schwellenbach
2025-06-23,777390,Great American Ball Park,Cincinnati Reds,New York Yankees,4,1,0,1,6,1,10,8,6,6,666157,Nick Lodolo,642216,Allan Winans
2025-06-23,777388,Target Field,Minnesota Twins,Seattle Mariners,0,6,0,0,2,11,7,12,4,6,641927,Bailey Ober,693433,Bryan Woo
2025-06-23,777393,Rate Field,Chicago White Sox,Arizona Diamondbacks,0,8,0,2,0,10,5,13,4,9,681343,Shane Smith,593958,Eduardo Rodriguez
2025-06-23,777391,American Family Field,Milwaukee Brewers,Pittsburgh Pirates,4,4,0,1,4,5,9,14,6,9,694477,Chad Patrick,677952,Braxton Ashcraft
2025-06-23,777392,Busch Stadium,St. Louis Cardinals,Chicago Cubs,6,1,0,0,8,2,11,7,7,4,669461,Matthew Liberatore,676962,Ben Brown
2025-06-23,777381,Angel Stadium,Los Angeles Angels,Boston Red Sox,5,4,5,3,9,5,6,9,3,6,686799,Jack Kochanowicz,621111,Walker Buehler
2025-06-23,777382,Petco Park,San Diego Padres,Washington Nationals,1,6,0,0,6,10,9,15,3,9,663568,Stephen Kolek,680730,Mitchell Parker
2025-06-24,777380,Oriole Park at Camden Yards,Baltimore Orioles,Texas Rangers,0,3,0,0,5,6,4,10,0,4,450203,Charlie Morton,656641,Jacob Latz
2025-06-24,777386,Comerica Park,Detroit Tigers,Athletics,7,4,2,2,11,4,13,9,7,5,669373,Tarik Skubal,622663,Luis Severino
2025-06-24,777384,Progressive Field,Cleveland Guardians,Toronto Blue Jays,0,4,0,2,6,10,8,14,4,7,671106,Logan Allen,641778,Eric Lauer
2025-06-24,777387,Citi Field,New York Mets,Atlanta Braves,3,0,0,0,4,7,5,8,2,3,593423,Frankie Montas,675911,Spencer Strider
2025-06-24,777385,Great American Ball Park,Cincinnati Reds,New York Yankees,0,3,0,0,5,4,11,7,4,6,695505,Chase Burns,607074,Carlos Rodón
2025-06-24,777378,Kauffman Stadium,Kansas City Royals,Tampa Bay Rays,0,4,0,0,1,5,4,11,0,8,663460,Kris Bubic,671737,Taj Bradley
2025-06-24,777375,Target Field,Minnesota Twins,Seattle Mariners,5,5,0,0,5,6,8,7,7,5,663978,Chris Paddack,622491,Luis Castillo
2025-06-24,777383,Rate Field,Chicago White Sox,Arizona Diamondbacks,1,1,0,1,1,4,3,7,1,2,673929,Jordan Leasure,669194,Ryne Nelson
2025-06-24,777374,American Family Field,Milwaukee Brewers,Pittsburgh Pirates,7,0,0,0,9,3,11,8,7,4,642547,Freddy Peralta,571760,Andrew Heaney
2025-06-24,777373,Busch Stadium,St. Louis Cardinals,Chicago Cubs,8,5,0,0,8,7,10,13,8,7,700241,Michael McGreevy,592791,Jameson Taillon
2025-06-24,777377,Daikin Park,Houston Astros,Philadelphia Phillies,0,0,0,0,1,0,5,4,0,3,664285,Framber Valdez,624133,Ranger Suarez
2025-06-24,777379,Coors Field,Colorado Rockies,Los Angeles Dodgers,3,6,1,0,7,9,14,14,7,8,608566,Germán Márquez,676263,Jack Dreyer
2025-06-24,777376,Angel Stadium,Los Angeles Angels,Boston Red Sox,0,1,0,0,3,2,7,5,2,2,542881,Tyler Anderson,676979,Garrett Crochet
2025-06-24,777372,Petco Park,San Diego Padres,Washington Nationals,3,3,0,0,4,3,7,7,7,6,686701,Ryan Bergert,592866,Trevor Williams
2025-06-24,777364,Oracle Park,San Francisco Giants,Miami Marlins,2,3,0,0,2,4,5,11,5,5,434378,Justin Verlander,615698,Cal Quantrill
2025-06-25,777370,Rate Field,Chicago White Sox,Arizona Diamondbacks,4,2,2,2,7,3,12,9,7,5,680732,Sean Burke,668678,Zac Gallen
2025-06-25,777361,American Family Field,Milwaukee Brewers,Pittsburgh Pirates,4,0,0,0,4,2,6,4,4,2,694819,Jacob Misiorowski,694973,Paul Skenes
2025-06-25,777362,Angel Stadium,Los Angeles Angels,Boston Red Sox,4,2,0,2,5,2,10,3,6,3,579328,Yusei Kikuchi,690916,Richard Fitts
2025-06-25,777360,Petco Park,San Diego Padres,Washington Nationals,1,0,0,0,1,0,6,3,5,2,601713,Nick Pivetta,669022,MacKenzie Gore
2025-06-25,777365,Oriole Park at Camden Yards,Baltimore Orioles,Texas Rangers,0,6,0,0,0,7,1,9,0,7,687064,Brandon Young,594798,Jacob deGrom
2025-06-25,777371,Comerica Park,Detroit Tigers,Athletics,0,3,0,0,0,3,4,7,1,4,656427,Jack Flaherty,682052,Jacob Lopez
2025-06-25,777368,Progressive Field,Cleveland Guardians,Toronto Blue Jays,3,1,1,0,5,4,10,7,6,3,668909,Gavin Williams,453286,Max Scherzer
2025-06-25,777369,Citi Field,New York Mets,Atlanta Braves,6,1,0,0,7,3,13,6,11,3,605280,Clay Holmes,800311,Didier Fuentes
2025-06-25,777367,Great American Ball Park,Cincinnati Reds,New York Yankees,1,4,0,0,1,7,4,13,4,6,663903,Brady Singer,608331,Max Fried
2025-06-25,777359,Kauffman Stadium,Kansas City Royals,Tampa Bay Rays,0,3,0,0,0,3,3,11,2,7,608379,Michael Wacha,656876,Drew Rasmussen
2025-06-25,777363,Target Field,Minnesota Twins,Seattle Mariners,0,0,0,0,2,0,4,3,1,2,657746,Joe Ryan,669923,George Kirby
2025-06-25,777357,Busch Stadium,St. Louis Cardinals,Chicago Cubs,0,8,0,1,0,8,4,11,3,9,607200,Erick Fedde,571510,Matthew Boyd
2025-06-25,777366,Daikin Park,Houston Astros,Philadelphia Phillies,1,0,1,0,2,0,4,7,2,4,676467,Colton Gordon,554430,Zack Wheeler
2025-06-25,777358,Coors Field,Colorado Rockies,Los Angeles Dodgers,0,0,0,0,1,8,5,9,1,1,801403,Chase Dollander,808967,Yoshinobu Yamamoto
2025-06-25,777355,Oracle Park,San Francisco Giants,Miami Marlins,2,2,1,0,5,8,5,13,2,5,657277,Logan Webb,665795,Edward Cabrera
2025-06-26,777351,Comerica Park,Detroit Tigers,Athletics,3,0,0,0,8,0,11,3,4,1,608650,Dietrich Enns,605488,Jeffrey Springs
2025-06-26,777354,Progressive Field,Cleveland Guardians,Toronto Blue Jays,0,3,0,0,0,6,2,6,1,3,676440,Tanner Bibee,592332,Kevin Gausman
2025-06-26,777356,Target Field,Minnesota Twins,Seattle Mariners,2,0,0,0,10,1,11,6,3,2,680573,Simeon Woods Richardson,676106,Emerson Hancock
2025-06-26,777353,Kauffman Stadium,Kansas City Royals,Tampa Bay Rays,0,2,0,0,0,4,5,9,1,5,547179,Michael Lorenzen,669358,Shane Baz
2025-06-26,777350,Daikin Park,Houston Astros,Philadelphia Phillies,1,0,0,0,2,1,7,4,4,2,686613,Hunter Brown,650911,Cristopher Sánchez
2025-06-26,777348,Busch Stadium,St. Louis Cardinals,Chicago Cubs,0,2,0,0,0,3,3,9,1,7,669467,Andre Pallante,684007,Shota Imanaga
2025-06-26,777344,Coors Field,Colorado Rockies,Los Angeles Dodgers,1,1,0,0,1,3,2,8,2,4,596295,Austin Gomber,477132,Clayton Kershaw
2025-06-26,777347,Oracle Park,San Francisco Giants,Miami Marlins,5,8,0,3,5,12,12,11,8,6,806185,Hayden Birdsong,676083,Janson Junk
2025-06-26,777352,Citi Field,New York Mets,Atlanta Braves,2,0,0,0,4,0,9,3,6,2,656288,Griffin Canning,656550,Grant Holmes
2025-06-27,777341,PNC Park,Pittsburgh Pirates,New York Mets,5,1,0,0,9,1,12,6,7,4,656605,Mitch Keller,656849,David Peterson
2025-06-27,777343,Oriole Park at Camden Yards,Baltimore Orioles,Tampa Bay Rays,8,7,0,0,22,8,21,13,10,9,608372,Tomoyuki Sugano,686752,Ryan Pepiot
2025-06-27,777337,Yankee Stadium,New York Yankees,Athletics,3,0,0,0,3,0,4,4,3,2,701542,Will Warren,687765,Mitch Spence
2025-06-27,777346,Great American Ball Park,Cincinnati Reds,San Diego Padres,8,0,2,0,8,1,9,1,9,0,607259,Nick Martinez,656302,Dylan Cease
2025-06-27,777349,Progressive Field,Cleveland Guardians,St. Louis Cardinals,0,3,0,0,0,5,1,7,1,4,682847,Luis Ortiz,543243,Sonny Gray
2025-06-27,777345,Fenway Park,Boston Red Sox,Toronto Blue Jays,0,3,0,1,0,9,4,16,3,8,678394,Brayan Bello,621244,José Berríos
2025-06-27,777334,Comerica Park,Detroit Tigers,Minnesota Twins,0,2,0,0,1,4,6,6,1,4,687830,Sawyer Gipson-Long,701581,David Festa
2025-06-27,777342,Truist Park,Atlanta Braves,Philadelphia Phillies,0,11,0,1,0,13,9,17,5,14,693821,Bryce Elder,690953,Mick Abel
2025-06-27,777338,Rate Field,Chicago White Sox,San Francisco Giants,1,1,1,0,1,3,7,6,6,4,650644,Aaron Civale,694738,Landen Roupp
2025-06-27,777340,Globe Life Field,Texas Rangers,Seattle Mariners,1,4,1,1,6,7,9,16,2,10,543135,Nathan Eovaldi,669302,Logan Gilbert
2025-06-27,777336,Daikin Park,Houston Astros,Chicago Cubs,7,1,0,0,7,4,10,8,9,4,687888,Brandon Walter,690990,Cade Horton
2025-06-27,777335,Kauffman Stadium,Kansas City Royals,Los Angeles Dodgers,4,5,1,1,4,5,11,4,7,4,702070,Noah Cameron,669160,Dustin May
2025-06-27,777339,American Family Field,Milwaukee Brewers,Colorado Rockies,7,3,0,0,10,6,13,12,9,6,500779,Jose Quintana,607536,Kyle Freeland
2025-06-27,777331,Angel Stadium,Los Angeles Angels,Washington Nationals,9,8,0,0,9,15,11,19,9,10,667755,José Soriano,663623,Jake Irvin
2025-06-27,777332,Chase Field,Arizona Diamondbacks,Miami Marlins,4,4,0,0,8,9,8,13,3,5,518876,Merrill Kelly,691587,Eury Pérez
2025-06-28,777326,Yankee Stadium,New York Yankees,Athletics,0,1,0,0,0,7,3,8,1,3,657376,Clarke Schmidt,676664,JP Sears
2025-06-28,777324,Comerica Park,Detroit Tigers,Minnesota Twins,6,2,0,0,10,5,15,8,9,4,663554,Casey Mize,641927,Bailey Ober
2025-06-28,777325,PNC Park,Pittsburgh Pirates,New York Mets,3,2,0,1,9,2,12,10,8,9,663559,Bailey Falter,621112,Paul Blackburn
2025-06-28,777330,Oriole Park at Camden Yards,Baltimore Orioles,Tampa Bay Rays,1,9,0,4,3,11,7,14,3,8,621107,Zach Eflin,641793,Zack Littell
2025-06-28,777322,Globe Life Field,Texas Rangers,Seattle Mariners,2,1,0,0,3,2,6,6,5,2,677958,Kumar Rocker,693433,Bryan Woo
2025-06-28,777319,Kauffman Stadium,Kansas City Royals,Los Angeles Dodgers,6,0,0,0,9,5,14,10,8,3,607625,Seth Lugo,660271,Shohei Ohtani
2025-06-28,777328,Great American Ball Park,Cincinnati Reds,San Diego Padres,4,1,1,0,4,6,10,12,9,7,671096,Andrew Abbott,681190,Randy Vásquez
2025-06-28,777329,Progressive Field,Cleveland Guardians,St. Louis Cardinals,6,3,0,1,6,9,9,14,7,5,677944,Slade Cecconi,571945,Miles Mikolas
2025-06-28,777323,Fenway Park,Boston Red Sox,Toronto Blue Jays,9,1,3,0,15,1,18,6,11,4,608337,Lucas Giolito,605135,Chris Bassitt
2025-06-28,777327,Rate Field,Chicago White Sox,San Francisco Giants,0,0,0,0,1,0,7,4,3,1,605288,Adrian Houser,592662,Robbie Ray
2025-06-28,777318,Chase Field,Arizona Diamondbacks,Miami Marlins,6,3,1,2,7,8,10,11,8,5,694297,Brandon Pfaadt,645261,Sandy Alcantara
2025-06-28,777321,American Family Field,Milwaukee Brewers,Colorado Rockies,5,0,2,0,5,0,10,1,9,1,682990,Quinn Priester,622608,Antonio Senzatela
2025-06-28,777320,Daikin Park,Houston Astros,Chicago Cubs,2,8,0,1,3,12,7,15,5,9,621121,Lance McCullers Jr.,607067,Colin Rea
2025-06-28,777333,Truist Park,Atlanta Braves,Philadelphia Phillies,2,0,1,0,6,1,13,4,7,1,680885,Spencer Schwellenbach,666200,Jesús Luzardo
2025-06-28,777315,Angel Stadium,Los Angeles Angels,Washington Nationals,1,1,0,0,8,2,9,9,1,5,543294,Kyle Hendricks,647336,Michael Soroka
2025-06-29,777309,Progressive Field,Cleveland Guardians,St. Louis Cardinals,0,3,0,3,0,7,3,11,3,5,671106,Logan Allen,669461,Matthew Liberatore
2025-06-29,777313,PNC Park,Pittsburgh Pirates,New York Mets,8,1,5,0,12,1,16,7,10,4,681347,Mike Burrows,593423,Frankie Montas
2025-06-29,777317,Oriole Park at Camden Yards,Baltimore Orioles,Tampa Bay Rays,3,0,0,0,5,1,10,5,6,3,665152,Dean Kremer,671737,Taj Bradley
2025-06-29,777310,Fenway Park,Boston Red Sox,Toronto Blue Jays,3,5,0,2,3,5,8,6,7,6,621111,Walker Buehler,641778,Eric Lauer
2025-06-29,777316,Truist Park,Atlanta Braves,Philadelphia Phillies,1,2,0,0,1,2,6,7,4,4,675911,Spencer Strider,624133,Ranger Suarez
2025-06-29,777307,Yankee Stadium,New York Yankees,Athletics,10,1,0,0,12,5,9,5,7,3,573186,Marcus Stroman,622663,Luis Severino
2025-06-29,777312,Great American Ball Park,Cincinnati Reds,San Diego Padres,0,1,0,0,3,2,9,8,1,5,666157,Nick Lodolo,663568,Stephen Kolek
2025-06-29,777308,Daikin Park,Houston Astros,Chicago Cubs,2,0,0,0,2,0,7,5,5,3,664285,Framber Valdez,592791,Jameson Taillon
2025-06-29,777304,Kauffman Stadium,Kansas City Royals,Los Angeles Dodgers,1,2,1,0,1,5,5,7,4,3,663460,Kris Bubic,642152,Lou Trivino III
2025-06-29,777311,Rate Field,Chicago White Sox,San Francisco Giants,1,2,1,0,5,2,11,6,4,5,686563,Jonathan Cannon,434378,Justin Verlander
2025-06-29,777301,American Family Field,Milwaukee Brewers,Colorado Rockies,0,0,0,0,3,4,6,11,1,4,694477,Chad Patrick,608566,Germán Márquez
2025-06-29,777302,Globe Life Field,Texas Rangers,Seattle Mariners,1,0,0,0,4,6,9,13,6,5,683004,Jack Leiter,622491,Luis Castillo
2025-06-29,777305,Angel Stadium,Los Angeles Angels,Washington Nationals,1,2,1,0,4,7,9,10,3,5,686799,Jack Kochanowicz,680730,Mitchell Parker
2025-06-29,777303,Chase Field,Arizona Diamondbacks,Miami Marlins,2,1,0,1,4,6,6,6,3,4,593958,Eduardo Rodriguez,615698,Cal Quantrill
2025-06-29,777314,Comerica Park,Detroit Tigers,Minnesota Twins,3,0,1,0,3,0,10,2,6,1,669373,Tarik Skubal,663978,Chris Paddack
2025-06-30,777306,Citizens Bank Park,Philadelphia Phillies,San Diego Padres,4,0,0,0,4,0,6,7,6,3,554430,Zack Wheeler,663362,Matt Waldron
2025-06-30,777299,PNC Park,Pittsburgh Pirates,St. Louis Cardinals,7,0,1,0,7,0,11,4,10,0,571760,Andrew Heaney,607200,Erick Fedde
2025-06-30,777295,Rogers Centre,Toronto Blue Jays,New York Yankees,1,2,0,0,5,4,10,7,4,3,453286,Max Scherzer,607074,Carlos Rodón
2025-06-30,777300,Fenway Park,Boston Red Sox,Cincinnati Reds,8,4,7,0,13,6,14,10,9,7,676979,Garrett Crochet,695505,Chase Burns
2025-06-30,777296,George M. Steinbrenner Field,Tampa Bay Rays,Athletics,4,4,0,3,4,6,8,9,5,6,656876,Drew Rasmussen,682052,Jacob Lopez
2025-06-30,777292,Globe Life Field,Texas Rangers,Baltimore Orioles,0,3,0,0,6,10,7,15,2,8,571578,Patrick Corbin,669432,Trevor Rogers
2025-06-30,777297,T-Mobile Park,Seattle Mariners,Kansas City Royals,5,1,0,0,6,2,12,4,8,3,669923,George Kirby,608379,Michael Wacha
2025-06-30,777291,Chase Field,Arizona Diamondbacks,San Francisco Giants,1,0,0,0,4,2,8,7,3,3,669194,Ryne Nelson,657277,Logan Webb
2025-07-01,777283,Rogers Centre,Toronto Blue Jays,New York Yankees,4,2,0,2,12,5,8,9,3,6,592332,Kevin Gausman,608331,Max Fried
2025-07-01,777288,PNC Park,Pittsburgh Pirates,St. Louis Cardinals,0,0,0,0,1,0,4,7,1,5,694973,Paul Skenes,669467,Andre Pallante
2025-07-01,777293,loanDepot park,Miami Marlins,Minnesota Twins,1,0,0,0,2,0,8,2,2,1,665795,Edward Cabrera,657746,Joe Ryan
2025-07-01,777286,George M. Steinbrenner Field,Tampa Bay Rays,Athletics,2,2,0,0,3,4,8,7,3,5,669358,Shane Baz,605488,Jeffrey Springs
2025-07-01,777294,Fenway Park,Boston Red Sox,Cincinnati Reds,2,3,2,0,5,3,8,3,3,3,690916,Richard Fitts,663903,Brady Singer
2025-07-01,777298,Truist Park,Atlanta Braves,Los Angeles Angels,0,0,0,0,0,4,7,8,4,3,656550,Grant Holmes,542881,Tyler Anderson
2025-07-01,777287,Wrigley Field,Chicago Cubs,Cleveland Guardians,3,2,0,0,5,2,10,5,5,5,571510,Matthew Boyd,668909,Gavin Williams
2025-07-01,777282,Globe Life Field,Texas Rangers,Baltimore Orioles,5,2,0,0,10,2,14,7,9,4,594798,Jacob deGrom,687064,Brandon Young
2025-07-01,777285,Coors Field,Colorado Rockies,Houston Astros,4,6,1,0,5,6,12,10,9,7,801403,Chase Dollander,676467,Colton Gordon
2025-07-01,777281,T-Mobile Park,Seattle Mariners,Kansas City Royals,3,5,0,1,3,6,7,10,6,7,676106,Emerson Hancock,547179,Michael Lorenzen
2025-07-01,777278,Chase Field,Arizona Diamondbacks,San Francisco Giants,6,2,0,0,8,2,9,6,4,5,668678,Zac Gallen,806185,Hayden Birdsong
2025-07-01,777280,Dodger Stadium,Los Angeles Dodgers,Chicago White Sox,6,1,4,0,6,1,7,3,6,3,808967,Yoshinobu Yamamoto,681343,Shane Smith
2025-07-02,777271,George M. Steinbrenner Field,Tampa Bay Rays,Athletics,1,2,0,1,6,5,10,10,4,3,686752,Ryan Pepiot,687765,Mitch Spence
2025-07-02,777272,PNC Park,Pittsburgh Pirates,St. Louis Cardinals,1,0,0,0,5,0,8,6,3,5,656605,Mitch Keller,543243,Sonny Gray
2025-07-02,777284,Nationals Park,Washington Nationals,Detroit Tigers,1,10,0,6,2,11,9,15,6,13,592866,Trevor Williams,663947,Tyler Holton
2025-07-02,777265,Nationals Park,Washington Nationals,Detroit Tigers,3,1,2,0,9,4,11,8,5,2,669022,MacKenzie Gore,656427,Jack Flaherty
2025-07-02,777273,Citizens Bank Park,Philadelphia Phillies,San Diego Padres,0,6,0,0,4,6,12,5,6,5,690953,Mick Abel,601713,Nick Pivetta
2025-07-02,777290,Citizens Bank Park,Philadelphia Phillies,San Diego Padres,4,1,0,0,5,1,10,6,8,4,650911,Cristopher Sánchez,656302,Dylan Cease
2025-07-02,777289,Citi Field,New York Mets,Milwaukee Brewers,2,1,0,1,2,7,2,10,2,3,605280,Clay Holmes,642547,Freddy Peralta
2025-07-02,777276,Citi Field,New York Mets,Milwaukee Brewers,5,0,0,0,7,3,9,7,6,2,623211,Huascar Brazobán,694819,Jacob Misiorowski
2025-07-01,777294,Fenway Park,Boston Red Sox,Cincinnati Reds,2,3,2,0,5,3,8,3,3,3,690916,Richard Fitts,663903,Brady Singer
2025-07-02,777275,loanDepot park,Miami Marlins,Minnesota Twins,1,2,0,1,1,2,8,8,2,6,676083,Janson Junk,680573,Simeon Woods Richardson
2025-07-02,777274,Rogers Centre,Toronto Blue Jays,New York Yankees,8,6,7,0,11,9,13,15,10,10,621244,José Berríos,701542,Will Warren
2025-07-02,777277,Fenway Park,Boston Red Sox,Cincinnati Reds,1,0,0,0,4,8,11,12,5,2,657514,Brennan Bernardino,607259,Nick Martinez
2025-07-02,777279,Truist Park,Atlanta Braves,Los Angeles Angels,0,2,0,2,8,3,12,7,4,4,800311,Didier Fuentes,579328,Yusei Kikuchi
2025-07-02,777266,Wrigley Field,Chicago Cubs,Cleveland Guardians,5,3,0,0,5,4,9,7,7,3,684007,Shota Imanaga,676440,Tanner Bibee
2025-07-02,777268,Globe Life Field,Texas Rangers,Baltimore Orioles,6,0,0,0,6,0,11,5,10,2,543135,Nathan Eovaldi,608372,Tomoyuki Sugano
2025-07-02,777269,Coors Field,Colorado Rockies,Houston Astros,2,2,0,1,3,5,10,16,5,8,596295,Austin Gomber,686613,Hunter Brown
2025-07-02,777262,T-Mobile Park,Seattle Mariners,Kansas City Royals,0,1,0,1,3,2,8,6,4,3,669302,Logan Gilbert,702070,Noah Cameron
2025-07-02,777270,Chase Field,Arizona Diamondbacks,San Francisco Giants,2,3,0,2,5,6,11,10,5,5,518876,Merrill Kelly,694738,Landen Roupp
2025-07-02,777267,Dodger Stadium,Los Angeles Dodgers,Chicago White Sox,2,4,1,1,5,4,9,9,4,8,477132,Clayton Kershaw,685126,Brandon Eisert
2025-07-03,777263,loanDepot park,Miami Marlins,Minnesota Twins,4,0,3,0,4,1,8,5,5,1,691587,Eury Pérez,701581,David Festa
2025-07-03,777264,Coors Field,Colorado Rockies,Houston Astros,5,3,2,2,7,6,13,13,8,6,607536,Kyle Freeland,687888,Brandon Walter
2025-07-03,777258,Nationals Park,Washington Nationals,Detroit Tigers,9,3,5,3,11,7,15,8,9,3,663623,Jake Irvin,608650,Dietrich Enns
2025-07-03,777260,Rogers Centre,Toronto Blue Jays,New York Yankees,6,3,1,0,8,5,11,12,7,8,605135,Chris Bassitt,657376,Clarke Schmidt
2025-07-03,777257,Citi Field,New York Mets,Milwaukee Brewers,1,1,0,0,3,2,8,6,3,2,656849,David Peterson,500779,Jose Quintana
2025-07-03,777261,Truist Park,Atlanta Braves,Los Angeles Angels,0,4,0,1,1,5,5,11,2,8,693821,Bryce Elder,667755,José Soriano
2025-07-03,777259,Wrigley Field,Chicago Cubs,Cleveland Guardians,0,0,0,0,1,0,3,7,2,3,690990,Cade Horton,676282,Joey Cantillo
2025-07-03,777256,Chase Field,Arizona Diamondbacks,San Francisco Giants,1,4,0,2,2,7,3,12,1,5,694297,Brandon Pfaadt,592662,Robbie Ray
2025-07-03,777251,T-Mobile Park,Seattle Mariners,Kansas City Royals,1,0,0,0,2,3,10,5,4,2,688138,Logan Evans,607625,Seth Lugo
2025-07-03,777253,Dodger Stadium,Los Angeles Dodgers,Chicago White Sox,5,0,1,0,6,2,7,4,5,0,669160,Dustin May,650644,Aaron Civale
2025-07-04,777245,Nationals Park,Washington Nationals,Boston Red Sox,0,9,0,0,2,11,6,16,2,12,647336,Michael Soroka,608337,Lucas Giolito
2025-07-04,777255,Citizens Bank Park,Philadelphia Phillies,Cincinnati Reds,4,9,3,0,6,9,14,11,9,11,666200,Jesús Luzardo,671096,Andrew Abbott
2025-07-04,777246,Wrigley Field,Chicago Cubs,St. Louis Cardinals,8,1,2,0,11,3,13,4,10,1,607067,Colin Rea,571945,Miles Mikolas
2025-07-04,777250,Citi Field,New York Mets,New York Yankees,3,5,2,2,6,5,10,8,7,7,663795,Justin Hagenman,573186,Marcus Stroman
2025-07-04,777236,T-Mobile Park,Seattle Mariners,Pittsburgh Pirates,3,0,2,0,6,0,7,5,2,2,693433,Bryan Woo,663559,Bailey Falter
2025-07-04,777247,Target Field,Minnesota Twins,Tampa Bay Rays,1,0,0,0,4,3,8,8,4,3,663978,Chris Paddack,641793,Zack Littell
2025-07-04,777239,Petco Park,San Diego Padres,Texas Rangers,1,2,0,0,3,2,10,5,3,3,681190,Randy Vásquez,677958,Kumar Rocker
2025-07-04,777242,Rogers Centre,Toronto Blue Jays,Los Angeles Angels,0,0,0,0,4,3,5,5,1,1,641778,Eric Lauer,543294,Kyle Hendricks
2025-07-04,777249,Progressive Field,Cleveland Guardians,Detroit Tigers,1,2,1,0,1,2,9,7,7,6,677944,Slade Cecconi,681857,Reese Olson
2025-07-04,777254,loanDepot park,Miami Marlins,Milwaukee Brewers,5,5,1,0,5,6,8,8,7,5,645261,Sandy Alcantara,682990,Quinn Priester
2025-07-04,777252,Truist Park,Atlanta Braves,Baltimore Orioles,0,3,0,0,2,3,6,7,4,7,675911,Spencer Strider,450203,Charlie Morton
2025-07-04,777243,Coors Field,Colorado Rockies,Chicago White Sox,2,2,0,0,2,3,5,8,4,6,622608,Antonio Senzatela,605288,Adrian Houser
2025-07-04,777235,Dodger Stadium,Los Angeles Dodgers,Houston Astros,1,7,0,2,1,18,6,20,3,11,676508,Ben Casparius,621121,Lance McCullers Jr.
2025-07-04,777248,Chase Field,Arizona Diamondbacks,Kansas City Royals,2,9,2,3,3,9,8,14,4,13,593958,Eduardo Rodriguez,663460,Kris Bubic
2025-07-04,777244,Sutter Health Park,Athletics,San Francisco Giants,6,0,1,0,11,2,12,6,8,2,676664,JP Sears,434378,Justin Verlander
2025-07-05,777230,Target Field,Minnesota Twins,Tampa Bay Rays,1,4,0,0,6,5,11,11,4,7,663485,Cole Sands,671737,Taj Bradley
2025-07-05,777229,Wrigley Field,Chicago Cubs,St. Louis Cardinals,2,3,0,2,6,8,9,13,4,7,519141,Drew Pomeranz,669461,Matthew Liberatore
2025-07-05,777231,Rogers Centre,Toronto Blue Jays,Los Angeles Angels,3,2,1,1,4,3,13,7,6,5,453286,Max Scherzer,686799,Jack Kochanowicz
2025-07-05,777228,Nationals Park,Washington Nationals,Boston Red Sox,2,9,0,2,3,10,9,11,6,9,680730,Mitchell Parker,621111,Walker Buehler
2025-07-05,777233,Citizens Bank Park,Philadelphia Phillies,Cincinnati Reds,1,1,0,0,5,1,5,8,3,5,624133,Ranger Suarez,666157,Nick Lodolo
2025-07-05,777234,Chase Field,Arizona Diamondbacks,Kansas City Royals,4,0,0,0,7,1,8,5,5,0,669194,Ryne Nelson,608379,Michael Wacha
2025-07-05,777237,Truist Park,Atlanta Braves,Baltimore Orioles,5,5,2,0,6,9,10,8,9,4,607481,Aaron Bummer,665152,Dean Kremer
2025-07-05,777241,Citi Field,New York Mets,New York Yankees,7,2,4,0,12,6,10,9,5,2,593423,Frankie Montas,607074,Carlos Rodón
2025-07-05,777238,loanDepot park,Miami Marlins,Milwaukee Brewers,2,2,0,0,4,2,8,9,4,7,615698,Cal Quantrill,694477,Chad Patrick
2025-07-05,777240,Progressive Field,Cleveland Guardians,Detroit Tigers,0,1,0,0,0,1,4,2,2,2,671106,Logan Allen,663554,Casey Mize
2025-07-05,777221,Dodger Stadium,Los Angeles Dodgers,Houston Astros,4,5,1,0,4,6,9,9,7,7,660271,Shohei Ohtani,664285,Framber Valdez
2025-07-05,777232,Coors Field,Colorado Rockies,Chicago White Sox,2,6,2,2,3,10,11,15,7,10,608566,Germán Márquez,686563,Jonathan Cannon
2025-07-05,777223,Petco Park,San Diego Padres,Texas Rangers,2,5,0,1,4,7,10,11,5,7,663568,Stephen Kolek,571578,Patrick Corbin
2025-07-05,777227,Sutter Health Park,Athletics,San Francisco Giants,1,5,0,2,2,7,7,10,4,5,622663,Luis Severino,657277,Logan Webb
2025-07-05,777225,T-Mobile Park,Seattle Mariners,Pittsburgh Pirates,0,0,0,0,1,0,5,2,3,1,622491,Luis Castillo,681347,Mike Burrows
2025-07-06,777222,Truist Park,Atlanta Braves,Baltimore Orioles,0,2,0,0,1,2,7,6,2,3,656550,Grant Holmes,669432,Trevor Rogers
2025-07-06,777213,Nationals Park,Washington Nationals,Boston Red Sox,2,4,0,4,4,6,12,12,9,7,829272,Shinnosuke Ogasawara,676979,Garrett Crochet
2025-07-06,777217,Citizens Bank Park,Philadelphia Phillies,Cincinnati Reds,1,1,0,0,3,1,7,1,3,1,554430,Zack Wheeler,695505,Chase Burns
2025-07-06,777214,Rogers Centre,Toronto Blue Jays,Los Angeles Angels,2,2,0,1,3,2,8,9,6,6,592332,Kevin Gausman,542881,Tyler Anderson
2025-07-06,777226,Progressive Field,Cleveland Guardians,Detroit Tigers,0,0,0,0,2,7,6,6,1,1,668909,Gavin Williams,669373,Tarik Skubal
2025-07-06,777216,Citi Field,New York Mets,New York Yankees,2,5,0,0,4,6,10,12,6,9,606965,Chris Devenski,608331,Max Fried
2025-07-06,777224,loanDepot park,Miami Marlins,Milwaukee Brewers,1,2,0,0,1,3,3,9,2,5,665795,Edward Cabrera,605540,Brandon Woodruff
2025-07-06,777220,Target Field,Minnesota Twins,Tampa Bay Rays,1,2,1,0,5,7,7,11,4,5,657746,Joe Ryan,656876,Drew Rasmussen
2025-07-06,777215,Coors Field,Colorado Rockies,Chicago White Sox,6,4,1,0,6,4,8,7,6,7,801403,Chase Dollander,681343,Shane Smith
2025-07-06,777218,Chase Field,Arizona Diamondbacks,Kansas City Royals,0,4,0,0,0,4,3,8,1,5,543101,Anthony DeSclafani,547179,Michael Lorenzen
2025-07-06,777206,Dodger Stadium,Los Angeles Dodgers,Houston Astros,1,1,0,0,1,5,7,11,4,5,686218,Emmet Sheehan,687473,Ryan Gusto
2025-07-06,777205,T-Mobile Park,Seattle Mariners,Pittsburgh Pirates,0,0,0,0,1,0,7,5,5,3,669923,George Kirby,694973,Paul Skenes
2025-07-06,777219,Wrigley Field,Chicago Cubs,St. Louis Cardinals,11,0,1,0,11,0,13,6,11,3,571510,Matthew Boyd,607200,Erick Fedde
2025-07-06,777207,Petco Park,San Diego Padres,Texas Rangers,2,1,0,1,4,1,10,6,6,4,688158,David Morgan,683004,Jack Leiter
2025-07-06,777210,Sutter Health Park,Athletics,San Francisco Giants,1,5,0,1,2,6,5,9,3,7,682052,Jacob Lopez,806185,Hayden Birdsong
2025-07-07,777211,Comerica Park,Detroit Tigers,Tampa Bay Rays,3,1,0,0,5,1,9,5,7,4,672456,Keider Montero,669358,Shane Baz
2025-07-07,777209,Fenway Park,Boston Red Sox,Colorado Rockies,5,1,0,0,9,3,14,7,7,3,690916,Richard Fitts,596295,Austin Gomber
2025-07-07,777208,Great American Ball Park,Cincinnati Reds,Miami Marlins,1,2,0,0,1,5,3,10,1,7,663903,Brady Singer,676083,Janson Junk
2025-07-07,777204,Kauffman Stadium,Kansas City Royals,Pittsburgh Pirates,7,2,1,0,9,3,12,4,9,3,702070,Noah Cameron,571760,Andrew Heaney
2025-07-07,777212,Rate Field,Chicago White Sox,Toronto Blue Jays,1,3,0,0,4,8,8,8,2,3,680732,Sean Burke,621244,José Berríos
2025-07-07,777201,American Family Field,Milwaukee Brewers,Los Angeles Dodgers,7,0,5,0,9,1,8,7,6,3,642547,Freddy Peralta,808967,Yoshinobu Yamamoto
2025-07-07,777202,Daikin Park,Houston Astros,Cleveland Guardians,4,4,0,0,5,7,5,10,4,6,676467,Colton Gordon,676440,Tanner Bibee
2025-07-07,777200,Angel Stadium,Los Angeles Angels,Texas Rangers,3,4,1,2,6,5,10,8,5,6,579328,Yusei Kikuchi,594798,Jacob deGrom
2025-07-07,777203,Petco Park,San Diego Padres,Arizona Diamondbacks,1,4,1,0,3,6,7,9,4,5,506433,Yu Darvish,668678,Zac Gallen
2025-07-07,777199,Oracle Park,San Francisco Giants,Philadelphia Phillies,1,1,0,0,3,1,8,6,6,4,694738,Landen Roupp,650911,Cristopher Sánchez
2025-07-08,777198,Oriole Park at Camden Yards,Baltimore Orioles,New York Mets,1,0,0,0,6,7,9,11,3,2,687064,Brandon Young,605280,Clay Holmes
2025-07-08,777195,Comerica Park,Detroit Tigers,Tampa Bay Rays,2,2,0,1,4,2,4,8,3,6,656427,Jack Flaherty,686752,Ryan Pepiot
2025-07-08,777187,Yankee Stadium,New York Yankees,Seattle Mariners,1,0,0,0,10,3,12,7,2,4,701542,Will Warren,669302,Logan Gilbert
2025-07-08,777196,Fenway Park,Boston Red Sox,Colorado Rockies,0,0,0,0,10,2,10,5,2,1,678394,Brayan Bello,607536,Kyle Freeland
2025-07-08,777197,Great American Ball Park,Cincinnati Reds,Miami Marlins,1,7,1,0,2,12,5,12,2,6,607259,Nick Martinez,691587,Eury Pérez
2025-07-08,777194,Kauffman Stadium,Kansas City Royals,Pittsburgh Pirates,1,1,0,0,4,3,7,6,3,3,607625,Seth Lugo,656605,Mitch Keller
2025-07-08,777190,Target Field,Minnesota Twins,Chicago Cubs,2,0,2,0,8,1,12,6,4,2,680573,Simeon Woods Richardson,684007,Shota Imanaga
2025-07-08,777188,Rate Field,Chicago White Sox,Toronto Blue Jays,0,5,0,0,1,6,4,12,3,8,650644,Aaron Civale,605135,Chris Bassitt
2025-07-08,777193,American Family Field,Milwaukee Brewers,Los Angeles Dodgers,2,1,0,1,3,1,8,4,6,3,694819,Jacob Misiorowski,477132,Clayton Kershaw
2025-07-08,777191,Busch Stadium,St. Louis Cardinals,Washington Nationals,3,2,0,0,4,2,7,8,5,5,543243,Sonny Gray,663623,Jake Irvin
2025-07-08,777192,Daikin Park,Houston Astros,Cleveland Guardians,4,6,1,2,6,10,11,8,6,6,686613,Hunter Brown,676282,Joey Cantillo
2025-07-08,777180,Angel Stadium,Los Angeles Angels,Texas Rangers,1,9,1,0,1,13,6,12,4,6,667755,José Soriano,543135,Nathan Eovaldi
2025-07-08,777185,Petco Park,San Diego Padres,Arizona Diamondbacks,0,0,0,0,1,0,4,3,2,2,601713,Nick Pivetta,518876,Merrill Kelly
2025-07-08,777186,Oracle Park,San Francisco Giants,Philadelphia Phillies,1,0,0,0,4,3,9,9,4,2,592662,Robbie Ray,592836,Taijuan Walker
2025-07-08,777189,Sutter Health Park,Athletics,Atlanta Braves,10,1,5,0,10,1,10,6,9,5,605488,Jeffrey Springs,800311,Didier Fuentes
2025-07-09,777172,Rate Field,Chicago White Sox,Toronto Blue Jays,2,1,0,0,2,1,6,9,5,5,605288,Adrian Houser,641778,Eric Lauer
2025-07-09,777175,American Family Field,Milwaukee Brewers,Los Angeles Dodgers,1,1,0,0,3,2,8,5,2,1,500779,Jose Quintana,607192,Tyler Glasnow
2025-07-09,777163,Oracle Park,San Francisco Giants,Philadelphia Phillies,0,2,0,0,0,13,4,17,3,5,434378,Justin Verlander,666200,Jesús Luzardo
2025-07-09,777182,Comerica Park,Detroit Tigers,Tampa Bay Rays,3,2,0,2,3,7,8,16,5,6,681857,Reese Olson,641793,Zack Littell
2025-07-09,777184,Yankee Stadium,New York Yankees,Seattle Mariners,6,2,3,0,9,6,13,7,9,3,693645,Cam Schlittler,688138,Logan Evans
2025-07-09,777179,Fenway Park,Boston Red Sox,Colorado Rockies,4,0,0,0,10,2,15,8,8,3,608337,Lucas Giolito,622608,Antonio Senzatela
2025-07-09,777183,Great American Ball Park,Cincinnati Reds,Miami Marlins,6,0,3,0,7,2,11,7,9,4,671096,Andrew Abbott,645261,Sandy Alcantara
2025-07-09,777177,Kauffman Stadium,Kansas City Royals,Pittsburgh Pirates,3,0,0,0,4,3,11,8,6,3,663460,Kris Bubic,663559,Bailey Falter
2025-07-09,777173,Target Field,Minnesota Twins,Chicago Cubs,4,2,2,0,4,2,8,4,6,3,701581,David Festa,690990,Cade Horton
2025-07-09,777178,Busch Stadium,St. Louis Cardinals,Washington Nationals,1,7,1,3,2,8,7,9,5,8,669467,Andre Pallante,669022,MacKenzie Gore
2025-07-09,777174,Daikin Park,Houston Astros,Cleveland Guardians,0,2,0,2,2,4,6,6,4,2,687888,Brandon Walter,677944,Slade Cecconi
2025-07-09,777171,Angel Stadium,Los Angeles Angels,Texas Rangers,6,5,0,1,11,8,12,10,6,6,543294,Kyle Hendricks,677958,Kumar Rocker
2025-07-09,777162,Petco Park,San Diego Padres,Arizona Diamondbacks,1,6,0,0,2,8,4,8,3,4,656302,Dylan Cease,694297,Brandon Pfaadt
2025-07-09,777176,Sutter Health Park,Athletics,Atlanta Braves,1,7,0,4,2,9,9,11,4,7,687765,Mitch Spence,693821,Bryce Elder
2025-07-10,777165,Oriole Park at Camden Yards,Baltimore Orioles,New York Mets,0,1,0,0,3,1,6,5,3,3,450203,Charlie Morton,656849,David Peterson
2025-07-10,777181,Oriole Park at Camden Yards,Baltimore Orioles,New York Mets,5,3,0,2,7,3,9,5,7,4,608372,Tomoyuki Sugano,663399,Brandon Waddell
2025-07-10,777166,Target Field,Minnesota Twins,Chicago Cubs,1,6,0,0,1,8,4,14,3,11,663978,Chris Paddack,607067,Colin Rea
2025-07-10,777168,Great American Ball Park,Cincinnati Reds,Miami Marlins,2,0,1,0,6,0,9,4,3,3,666157,Nick Lodolo,615698,Cal Quantrill
2025-07-10,777169,Yankee Stadium,New York Yankees,Seattle Mariners,0,2,0,0,6,5,6,9,0,6,573186,Marcus Stroman,693433,Bryan Woo
2025-07-10,777170,Fenway Park,Boston Red Sox,Tampa Bay Rays,1,2,0,0,4,3,4,7,2,4,621111,Walker Buehler,671737,Taj Bradley
2025-07-10,777167,Busch Stadium,St. Louis Cardinals,Washington Nationals,2,0,1,0,8,1,10,4,4,2,571945,Miles Mikolas,647336,Michael Soroka
2025-07-10,777156,Sutter Health Park,Athletics,Atlanta Braves,3,3,3,0,5,4,8,5,5,4,676664,JP Sears,675911,Spencer Strider
2025-07-10,777159,Angel Stadium,Los Angeles Angels,Texas Rangers,2,9,0,2,4,11,10,13,7,11,686799,Jack Kochanowicz,571578,Patrick Corbin
2025-07-10,777158,Petco Park,San Diego Padres,Arizona Diamondbacks,4,2,0,0,4,3,13,9,9,5,681190,Randy Vásquez,593958,Eduardo Rodriguez
2025-07-11,777164,Rate Field,Chicago White Sox,Cleveland Guardians,2,2,0,0,2,4,2,5,1,3,681343,Shane Smith,671106,Logan Allen
2025-07-11,777146,Rate Field,Chicago White Sox,Cleveland Guardians,3,2,1,0,5,4,5,8,3,3,686563,Jonathan Cannon,668909,Gavin Williams
2025-07-11,777157,Oriole Park at Camden Yards,Baltimore Orioles,Miami Marlins,4,0,2,0,5,2,12,5,9,2,665152,Dean Kremer,665795,Edward Cabrera
2025-07-11,777153,Yankee Stadium,New York Yankees,Chicago Cubs,5,0,0,0,11,0,15,5,5,3,607074,Carlos Rodón,623167,Chris Flexen
2025-07-11,777160,Great American Ball Park,Cincinnati Reds,Colorado Rockies,1,2,0,0,2,3,8,6,5,4,695505,Chase Burns,608566,Germán Márquez
2025-07-11,777161,Comerica Park,Detroit Tigers,Seattle Mariners,1,4,0,0,3,12,6,11,4,4,669373,Tarik Skubal,622491,Luis Castillo
2025-07-11,777155,Fenway Park,Boston Red Sox,Tampa Bay Rays,3,4,0,1,5,4,8,8,5,6,690928,Hunter Dobbins,656876,Drew Rasmussen
2025-07-11,777151,Kauffman Stadium,Kansas City Royals,New York Mets,0,1,0,0,3,8,10,8,4,2,608379,Michael Wacha,673540,Kodai Senga
2025-07-11,777154,Daikin Park,Houston Astros,Texas Rangers,3,5,1,2,3,7,8,13,4,9,621121,Lance McCullers Jr.,683004,Jack Leiter
2025-07-11,777148,Target Field,Minnesota Twins,Pittsburgh Pirates,2,1,0,0,2,1,7,8,5,5,657746,Joe Ryan,694973,Paul Skenes
2025-07-11,777149,American Family Field,Milwaukee Brewers,Washington Nationals,7,1,0,0,8,3,10,6,8,3,669084,DL Hall,680730,Mitchell Parker
2025-07-11,777147,Busch Stadium,St. Louis Cardinals,Atlanta Braves,5,6,2,3,5,6,10,12,9,11,669461,Matthew Liberatore,656550,Grant Holmes
2025-07-11,777150,Angel Stadium,Los Angeles Angels,Arizona Diamondbacks,5,4,4,0,6,5,12,11,8,8,542881,Tyler Anderson,669194,Ryne Nelson
2025-07-11,777139,Petco Park,San Diego Padres,Philadelphia Phillies,3,2,0,0,4,2,8,5,5,3,686701,Ryan Bergert,624133,Ranger Suarez
2025-07-11,777152,Sutter Health Park,Athletics,Toronto Blue Jays,0,7,0,0,6,7,10,12,2,9,622663,Luis Severino,453286,Max Scherzer
2025-07-11,777143,Oracle Park,San Francisco Giants,Los Angeles Dodgers,8,2,0,0,8,7,9,11,7,3,657277,Logan Webb,669160,Dustin May
2025-07-12,777142,Yankee Stadium,New York Yankees,Chicago Cubs,0,4,0,1,2,5,6,8,2,6,608331,Max Fried,571510,Matthew Boyd
2025-07-12,777145,Comerica Park,Detroit Tigers,Seattle Mariners,4,7,1,0,7,15,10,19,5,9,663554,Casey Mize,669923,George Kirby
2025-07-12,777134,Target Field,Minnesota Twins,Pittsburgh Pirates,9,2,0,0,12,4,14,6,10,2,663485,Cole Sands,681347,Mike Burrows
2025-07-12,777133,Busch Stadium,St. Louis Cardinals,Atlanta Braves,3,3,0,1,6,7,7,10,4,6,607200,Erick Fedde,607481,Aaron Bummer
2025-07-12,777127,Oracle Park,San Francisco Giants,Los Angeles Dodgers,0,1,0,0,1,2,3,8,1,5,694738,Landen Roupp,660271,Shohei Ohtani
2025-07-12,777141,Oriole Park at Camden Yards,Baltimore Orioles,Miami Marlins,0,0,0,0,0,6,6,9,3,1,669432,Trevor Rogers,676083,Janson Junk
2025-07-12,777140,Great American Ball Park,Cincinnati Reds,Colorado Rockies,1,2,1,0,4,3,11,8,4,6,663903,Brady Singer,687134,Bradley Blalock
2025-07-12,777136,Kauffman Stadium,Kansas City Royals,New York Mets,0,2,0,0,1,3,4,6,2,4,672582,Angel Zerpa,593423,Frankie Montas
2025-07-12,777144,Fenway Park,Boston Red Sox,Tampa Bay Rays,1,0,0,0,1,0,5,3,4,1,676979,Garrett Crochet,669358,Shane Baz
2025-07-12,777138,Rate Field,Chicago White Sox,Cleveland Guardians,2,2,0,1,2,6,6,7,6,3,680732,Sean Burke,676440,Tanner Bibee
2025-07-12,777135,American Family Field,Milwaukee Brewers,Washington Nationals,3,2,0,0,6,5,9,11,4,5,605540,Brandon Woodruff,829272,Shinnosuke Ogasawara
2025-07-12,777137,Daikin Park,Houston Astros,Texas Rangers,2,1,1,1,5,4,7,8,3,2,664285,Framber Valdez,594798,Jacob deGrom
2025-07-12,777126,Petco Park,San Diego Padres,Philadelphia Phillies,3,4,0,0,5,4,8,9,5,5,506433,Yu Darvish,554430,Zack Wheeler
2025-07-12,777131,Angel Stadium,Los Angeles Angels,Arizona Diamondbacks,6,2,1,0,10,5,15,8,8,3,579328,Yusei Kikuchi,668678,Zac Gallen
2025-07-12,777132,Sutter Health Park,Athletics,Toronto Blue Jays,4,2,0,0,4,3,8,6,5,4,682052,Jacob Lopez,592332,Kevin Gausman
2025-07-13,777130,Fenway Park,Boston Red Sox,Tampa Bay Rays,1,1,0,0,4,1,8,8,4,5,678394,Brayan Bello,686752,Ryan Pepiot
2025-07-13,777129,Oriole Park at Camden Yards,Baltimore Orioles,Miami Marlins,0,7,0,0,1,11,5,18,2,10,687064,Brandon Young,691587,Eury Pérez
2025-07-13,777122,Yankee Stadium,New York Yankees,Chicago Cubs,1,1,0,1,1,4,2,10,1,5,701542,Will Warren,684007,Shota Imanaga
2025-07-13,777128,Great American Ball Park,Cincinnati Reds,Colorado Rockies,3,2,1,0,4,2,11,7,7,4,607259,Nick Martinez,596295,Austin Gomber
2025-07-13,777121,Comerica Park,Detroit Tigers,Seattle Mariners,2,2,2,0,4,8,8,10,6,4,656427,Jack Flaherty,669302,Logan Gilbert
2025-07-13,777124,Kauffman Stadium,Kansas City Royals,New York Mets,2,0,0,0,3,2,10,9,5,5,702070,Noah Cameron,605280,Clay Holmes
2025-07-13,777125,Daikin Park,Houston Astros,Texas Rangers,0,4,0,0,1,5,6,8,3,5,686613,Hunter Brown,543135,Nathan Eovaldi
2025-07-13,777113,Target Field,Minnesota Twins,Pittsburgh Pirates,1,1,0,0,1,2,7,10,4,6,680573,Simeon Woods Richardson,656605,Mitch Keller
2025-07-13,777120,Rate Field,Chicago White Sox,Cleveland Guardians,3,0,0,0,5,6,9,5,6,1,650644,Aaron Civale,676282,Joey Cantillo
2025-07-13,777123,American Family Field,Milwaukee Brewers,Washington Nationals,3,0,0,0,8,1,9,4,4,0,642547,Freddy Peralta,663623,Jake Irvin
2025-07-13,777118,Busch Stadium,St. Louis Cardinals,Atlanta Braves,3,3,0,0,5,4,8,9,4,6,543243,Sonny Gray,669721,Davis Daniel
2025-07-13,777119,Oracle Park,San Francisco Giants,Los Angeles Dodgers,0,2,0,0,2,5,5,6,2,3,592662,Robbie Ray,808967,Yoshinobu Yamamoto
2025-07-13,777116,Sutter Health Park,Athletics,Toronto Blue Jays,6,1,0,0,6,3,8,4,7,1,605488,Jeffrey Springs,621244,José Berríos
2025-07-13,777115,Angel Stadium,Los Angeles Angels,Arizona Diamondbacks,1,5,0,0,1,5,3,7,1,5,667755,José Soriano,518876,Merrill Kelly
2025-07-13,777117,Petco Park,San Diego Padres,Philadelphia Phillies,0,1,0,1,1,2,7,6,3,2,601713,Nick Pivetta,650911,Cristopher Sánchez
2025-07-18,777101,Wrigley Field,Chicago Cubs,Boston Red Sox,3,1,3,0,4,1,6,7,4,4,607067,Colin Rea,608337,Lucas Giolito
2025-07-18,777107,PNC Park,Pittsburgh Pirates,Chicago White Sox,1,4,0,3,1,10,5,11,5,6,663559,Bailey Falter,686563,Jonathan Cannon
2025-07-18,777112,Nationals Park,Washington Nationals,San Diego Padres,0,1,0,0,2,7,9,11,3,3,647336,Michael Soroka,656302,Dylan Cease
2025-07-18,777106,Citizens Bank Park,Philadelphia Phillies,Los Angeles Angels,4,4,1,0,5,6,7,10,6,7,666200,Jesús Luzardo,666171,Ryan Zeferjahn
2025-07-18,777108,Rogers Centre,Toronto Blue Jays,San Francisco Giants,4,0,0,0,4,0,10,11,9,7,605135,Chris Bassitt,434378,Justin Verlander
2025-07-18,777111,Citi Field,New York Mets,Cincinnati Reds,2,3,1,0,4,8,7,8,3,2,640455,Sean Manaea,666157,Nick Lodolo
2025-07-18,777105,Progressive Field,Cleveland Guardians,Athletics,8,1,0,0,8,6,9,9,8,2,677944,Slade Cecconi,676664,JP Sears
2025-07-18,777109,loanDepot park,Miami Marlins,Kansas City Royals,5,4,3,0,8,7,11,11,8,7,645261,Sandy Alcantara,607625,Seth Lugo
2025-07-18,777114,Truist Park,Atlanta Braves,New York Yankees,7,0,3,0,7,3,9,8,9,3,675911,Spencer Strider,641656,Ian Hamilton
2025-07-18,777110,George M. Steinbrenner Field,Tampa Bay Rays,Baltimore Orioles,5,0,3,0,11,1,13,5,7,2,671737,Taj Bradley,450203,Charlie Morton
2025-07-18,777098,Globe Life Field,Texas Rangers,Detroit Tigers,0,0,0,0,2,0,4,4,1,3,571578,Patrick Corbin,681857,Reese Olson
2025-07-18,777102,Coors Field,Colorado Rockies,Minnesota Twins,5,1,4,0,6,4,13,10,8,4,607536,Kyle Freeland,663978,Chris Paddack
2025-07-18,777100,Chase Field,Arizona Diamondbacks,St. Louis Cardinals,6,0,0,0,7,3,11,10,9,2,694297,Brandon Pfaadt,669467,Andre Pallante
2025-07-18,777099,T-Mobile Park,Seattle Mariners,Houston Astros,1,0,0,0,6,1,6,4,3,2,622491,Luis Castillo,687888,Brandon Walter
2025-07-18,777103,Dodger Stadium,Los Angeles Dodgers,Milwaukee Brewers,0,1,0,0,0,2,3,9,2,3,607192,Tyler Glasnow,682990,Quinn Priester
2025-07-19,777094,Rogers Centre,Toronto Blue Jays,San Francisco Giants,0,1,0,0,6,3,14,4,6,1,641778,Eric Lauer,657277,Logan Webb
2025-07-19,777092,Citi Field,New York Mets,Cincinnati Reds,2,3,1,0,2,5,7,8,6,5,605280,Clay Holmes,607259,Nick Martinez
2025-07-19,777093,loanDepot park,Miami Marlins,Kansas City Royals,1,0,1,0,3,1,6,3,3,2,615698,Cal Quantrill,608379,Michael Wacha
2025-07-19,777089,Citizens Bank Park,Philadelphia Phillies,Los Angeles Angels,2,3,1,0,9,5,9,12,5,9,592836,Taijuan Walker,579328,Yusei Kikuchi
2025-07-19,777090,PNC Park,Pittsburgh Pirates,Chicago White Sox,4,2,0,0,4,10,13,13,10,3,681347,Mike Burrows,605288,Adrian Houser
2025-07-19,777091,Nationals Park,Washington Nationals,San Diego Padres,3,2,0,0,4,2,6,6,5,5,680730,Mitchell Parker,506433,Yu Darvish
2025-07-19,777095,George M. Steinbrenner Field,Tampa Bay Rays,Baltimore Orioles,0,2,0,2,4,3,5,11,2,5,641793,Zack Littell,665152,Dean Kremer
2025-07-19,777088,Globe Life Field,Texas Rangers,Detroit Tigers,4,0,0,0,4,1,4,3,4,0,677958,Kumar Rocker,672456,Keider Montero
2025-07-19,777104,Progressive Field,Cleveland Guardians,Athletics,2,3,0,0,2,8,3,14,3,6,671106,Logan Allen,622663,Luis Severino
2025-07-19,777096,Wrigley Field,Chicago Cubs,Boston Red Sox,3,0,2,0,6,0,11,6,6,3,684007,Shota Imanaga,678394,Brayan Bello
2025-07-19,777081,Chase Field,Arizona Diamondbacks,St. Louis Cardinals,9,0,3,0,10,1,13,7,12,3,669194,Ryne Nelson,543243,Sonny Gray
2025-07-19,777097,Truist Park,Atlanta Braves,New York Yankees,7,2,0,0,9,12,10,11,7,4,666214,Joey Wentz,701542,Will Warren
2025-07-19,777080,Coors Field,Colorado Rockies,Minnesota Twins,6,3,0,0,10,6,15,8,9,5,622608,Antonio Senzatela,805673,Zebby Matthews
2025-07-19,777085,Dodger Stadium,Los Angeles Dodgers,Milwaukee Brewers,4,5,0,0,7,8,10,13,5,7,686218,Emmet Sheehan,642547,Freddy Peralta
2025-07-19,777086,T-Mobile Park,Seattle Mariners,Houston Astros,4,2,0,0,7,6,7,12,5,8,688138,Logan Evans,621121,Lance McCullers Jr.
2025-07-20,777079,Rogers Centre,Toronto Blue Jays,San Francisco Giants,7,2,1,1,8,6,9,12,7,6,621244,José Berríos,592662,Robbie Ray
2025-07-20,777076,George M. Steinbrenner Field,Tampa Bay Rays,Baltimore Orioles,2,4,0,1,3,5,7,9,5,5,686752,Ryan Pepiot,669432,Trevor Rogers
2025-07-20,777077,Nationals Park,Washington Nationals,San Diego Padres,1,8,0,5,1,8,6,13,2,9,669022,MacKenzie Gore,601713,Nick Pivetta
2025-07-20,777078,Citizens Bank Park,Philadelphia Phillies,Los Angeles Angels,1,6,0,0,2,8,6,14,5,9,624133,Ranger Suarez,667755,José Soriano
2025-07-20,777074,PNC Park,Pittsburgh Pirates,Chicago White Sox,1,7,0,4,2,7,4,10,2,9,571760,Andrew Heaney,650644,Aaron Civale
2025-07-20,777083,Truist Park,Atlanta Braves,New York Yankees,0,2,0,2,2,4,7,9,4,6,656550,Grant Holmes,573186,Marcus Stroman
2025-07-20,777087,Citi Field,New York Mets,Cincinnati Reds,2,1,0,1,3,2,7,7,5,4,656849,David Peterson,671096,Andrew Abbott
2025-07-20,777084,Progressive Field,Cleveland Guardians,Athletics,5,1,1,0,8,2,12,7,9,3,668909,Gavin Williams,605488,Jeffrey Springs
2025-07-20,777082,loanDepot park,Miami Marlins,Kansas City Royals,0,6,0,0,4,7,7,9,3,6,676083,Janson Junk,663460,Kris Bubic
2025-07-20,777075,Wrigley Field,Chicago Cubs,Boston Red Sox,1,0,0,0,1,6,8,7,7,2,690990,Cade Horton,676979,Garrett Crochet
2025-07-20,777072,Coors Field,Colorado Rockies,Minnesota Twins,1,4,0,0,1,7,6,12,4,6,608566,Germán Márquez,657746,Joe Ryan
2025-07-20,777067,T-Mobile Park,Seattle Mariners,Houston Astros,3,3,0,0,3,11,10,13,6,4,693433,Bryan Woo,686613,Hunter Brown
2025-07-20,777071,Chase Field,Arizona Diamondbacks,St. Louis Cardinals,5,2,4,0,5,3,7,7,5,3,518876,Merrill Kelly,571945,Miles Mikolas
2025-07-20,777070,Dodger Stadium,Los Angeles Dodgers,Milwaukee Brewers,4,3,0,0,5,6,6,11,4,5,477132,Clayton Kershaw,500779,Jose Quintana
2025-07-20,777073,Globe Life Field,Texas Rangers,Detroit Tigers,0,1,0,0,1,2,4,9,2,6,656641,Jacob Latz,669373,Tarik Skubal
2025-07-21,777068,Progressive Field,Cleveland Guardians,Baltimore Orioles,5,5,3,3,10,5,14,6,7,6,676440,Tanner Bibee,608372,Tomoyuki Sugano
2025-07-21,777060,PNC Park,Pittsburgh Pirates,Detroit Tigers,3,0,0,0,3,0,9,5,7,3,694973,Paul Skenes,656427,Jack Flaherty
2025-07-21,777062,loanDepot park,Miami Marlins,San Diego Padres,1,2,0,0,1,2,9,5,7,5,691587,Eury Pérez,681190,Randy Vásquez
2025-07-21,777064,Nationals Park,Washington Nationals,Cincinnati Reds,8,6,4,0,10,8,15,9,9,7,663623,Jake Irvin,663903,Brady Singer
2025-07-21,777063,Citizens Bank Park,Philadelphia Phillies,Boston Red Sox,2,1,0,1,3,2,7,8,6,4,554430,Zack Wheeler,621111,Walker Buehler
2025-07-21,777066,Rogers Centre,Toronto Blue Jays,New York Yankees,4,1,0,0,4,1,6,5,6,4,592332,Kevin Gausman,607074,Carlos Rodón
2025-07-21,777061,Citi Field,New York Mets,Los Angeles Angels,2,4,0,0,7,5,6,9,3,5,673540,Kodai Senga,542881,Tyler Anderson
2025-07-21,777069,Truist Park,Atlanta Braves,San Francisco Giants,8,3,5,1,9,5,8,12,6,8,693821,Bryce Elder,806185,Hayden Birdsong
2025-07-21,777059,George M. Steinbrenner Field,Tampa Bay Rays,Chicago White Sox,2,8,0,0,3,8,5,11,3,9,669358,Shane Baz,680732,Sean Burke
2025-07-21,777065,Wrigley Field,Chicago Cubs,Kansas City Royals,4,7,0,0,4,12,9,14,7,7,518489,Ryan Brasier,702070,Noah Cameron
2025-07-21,777057,Globe Life Field,Texas Rangers,Athletics,5,1,0,0,7,2,7,5,4,2,683004,Jack Leiter,682052,Jacob Lopez
2025-07-21,777053,Coors Field,Colorado Rockies,St. Louis Cardinals,2,3,0,0,2,6,8,15,6,7,596295,Austin Gomber,700241,Michael McGreevy
2025-07-21,777055,Chase Field,Arizona Diamondbacks,Houston Astros,3,4,1,0,3,6,8,10,6,5,668678,Zac Gallen,676467,Colton Gordon
2025-07-21,777050,T-Mobile Park,Seattle Mariners,Milwaukee Brewers,0,0,0,0,0,6,5,10,2,0,669923,George Kirby,605540,Brandon Woodruff
2025-07-21,777051,Dodger Stadium,Los Angeles Dodgers,Minnesota Twins,3,1,2,1,5,2,7,9,2,5,660271,Shohei Ohtani,701581,David Festa
2025-07-22,777056,Progressive Field,Cleveland Guardians,Baltimore Orioles,3,1,1,0,6,3,7,7,4,2,676282,Joey Cantillo,687064,Brandon Young
2025-07-22,777044,PNC Park,Pittsburgh Pirates,Detroit Tigers,5,3,0,0,8,5,14,10,10,5,656605,Mitch Keller,663554,Casey Mize
2025-07-22,777052,loanDepot park,Miami Marlins,San Diego Padres,2,1,2,0,4,3,11,7,6,3,665795,Edward Cabrera,663568,Stephen Kolek
2025-07-22,777042,Nationals Park,Washington Nationals,Cincinnati Reds,3,1,0,0,6,1,7,10,5,6,695418,Brad Lord,695505,Chase Burns
2025-07-22,777045,Citizens Bank Park,Philadelphia Phillies,Boston Red Sox,4,1,2,0,4,1,7,4,7,2,650911,Cristopher Sánchez,690916,Richard Fitts
2025-07-22,777048,George M. Steinbrenner Field,Tampa Bay Rays,Chicago White Sox,4,2,0,0,4,3,5,6,3,3,656876,Drew Rasmussen,663436,Davis Martin
2025-07-22,777046,Rogers Centre,Toronto Blue Jays,New York Yankees,2,4,1,3,4,5,11,6,7,5,453286,Max Scherzer,693645,Cam Schlittler
2025-07-22,777054,Citi Field,New York Mets,Los Angeles Angels,3,2,0,0,3,2,5,11,5,7,593423,Frankie Montas,543294,Kyle Hendricks
2025-07-22,777058,Truist Park,Atlanta Braves,San Francisco Giants,0,5,0,0,0,9,8,10,4,7,669721,Davis Daniel,694738,Landen Roupp
2025-07-22,777047,Wrigley Field,Chicago Cubs,Kansas City Royals,3,0,0,0,6,0,9,6,6,3,571510,Matthew Boyd,448179,Rich Hill
2025-07-22,777043,Globe Life Field,Texas Rangers,Athletics,1,1,0,1,6,2,10,7,5,2,594798,Jacob deGrom,669372,J.T. Ginn
2025-07-22,777049,Coors Field,Colorado Rockies,St. Louis Cardinals,7,2,1,0,8,4,11,11,10,6,687134,Bradley Blalock,607200,Erick Fedde
2025-07-22,777040,Chase Field,Arizona Diamondbacks,Houston Astros,1,0,0,0,1,3,10,10,4,5,593958,Eduardo Rodriguez,664285,Framber Valdez
2025-07-22,777035,T-Mobile Park,Seattle Mariners,Milwaukee Brewers,0,0,0,0,1,0,4,3,3,1,669302,Logan Gilbert,694819,Jacob Misiorowski
2025-07-22,777039,Dodger Stadium,Los Angeles Dodgers,Minnesota Twins,3,3,0,0,7,10,8,10,2,6,808967,Yoshinobu Yamamoto,680573,Simeon Woods Richardson
2025-07-23,777026,Nationals Park,Washington Nationals,Cincinnati Reds,0,1,0,0,0,5,4,8,3,2,647336,Michael Soroka,666157,Nick Lodolo
2025-07-23,777037,loanDepot park,Miami Marlins,San Diego Padres,3,1,1,0,3,2,5,7,4,3,645261,Sandy Alcantara,656302,Dylan Cease
2025-07-23,777041,Truist Park,Atlanta Braves,San Francisco Giants,0,3,0,0,3,9,7,10,1,5,675911,Spencer Strider,434378,Justin Verlander
2025-07-23,777029,PNC Park,Pittsburgh Pirates,Detroit Tigers,6,0,1,0,6,1,8,5,7,2,663559,Bailey Falter,675512,Troy Melton
2025-07-23,777034,Citi Field,New York Mets,Los Angeles Angels,6,1,1,0,6,3,10,5,9,2,640455,Sean Manaea,656271,Brock Burke
2025-07-23,777031,Wrigley Field,Chicago Cubs,Kansas City Royals,2,6,0,2,4,8,7,8,4,6,607067,Colin Rea,607625,Seth Lugo
2025-07-23,777028,Coors Field,Colorado Rockies,St. Louis Cardinals,5,0,0,0,6,0,12,5,8,3,685299,Tanner Gordon,669467,Andre Pallante
2025-07-23,777032,Chase Field,Arizona Diamondbacks,Houston Astros,1,0,1,0,3,4,9,11,4,3,694297,Brandon Pfaadt,687888,Brandon Walter
2025-07-23,777024,T-Mobile Park,Seattle Mariners,Milwaukee Brewers,2,6,0,0,2,10,7,17,4,10,622491,Luis Castillo,682990,Quinn Priester
2025-07-23,777022,Dodger Stadium,Los Angeles Dodgers,Minnesota Twins,1,1,1,0,4,3,9,5,4,3,607192,Tyler Glasnow,663978,Chris Paddack
2025-07-23,777036,Progressive Field,Cleveland Guardians,Baltimore Orioles,2,1,0,0,3,2,4,5,2,4,677944,Slade Cecconi,621107,Zach Eflin
2025-07-23,777027,Rogers Centre,Toronto Blue Jays,New York Yankees,4,2,0,0,8,4,10,5,4,2,605135,Chris Bassitt,608331,Max Fried
2025-07-23,777038,Citizens Bank Park,Philadelphia Phillies,Boston Red Sox,5,6,3,0,8,9,11,7,6,2,666200,Jesús Luzardo,608337,Lucas Giolito
2025-07-23,777030,George M. Steinbrenner Field,Tampa Bay Rays,Chicago White Sox,6,4,4,0,9,11,15,11,8,4,671737,Taj Bradley,686563,Jonathan Cannon
2025-07-23,777033,Globe Life Field,Texas Rangers,Athletics,1,0,0,0,2,1,4,7,3,2,571578,Patrick Corbin,676664,JP Sears
2025-07-24,777019,Progressive Field,Cleveland Guardians,Baltimore Orioles,3,3,0,3,3,4,7,8,5,6,671106,Logan Allen,450203,Charlie Morton
2025-07-24,777021,Comerica Park,Detroit Tigers,Toronto Blue Jays,1,0,1,0,4,11,9,15,3,3,681857,Reese Olson,641778,Eric Lauer
2025-07-24,777023,Busch Stadium,St. Louis Cardinals,San Diego Padres,8,7,1,2,9,7,12,13,9,11,543243,Sonny Gray,506433,Yu Darvish
2025-07-24,777025,Daikin Park,Houston Astros,Athletics,0,4,0,0,2,5,6,12,3,9,669920,Jason Alexander,622663,Luis Severino
2025-07-24,777018,Angel Stadium,Los Angeles Angels,Seattle Mariners,1,3,1,0,2,4,7,8,3,7,579328,Yusei Kikuchi,688138,Logan Evans
2025-07-25,777008,American Family Field,Milwaukee Brewers,Miami Marlins,1,1,0,0,1,5,4,8,3,5,642547,Freddy Peralta,615698,Cal Quantrill
2025-07-25,777014,PNC Park,Pittsburgh Pirates,Arizona Diamondbacks,0,0,0,0,0,1,1,5,1,2,681347,Mike Burrows,669194,Ryne Nelson
2025-07-25,777020,Oriole Park at Camden Yards,Baltimore Orioles,Colorado Rockies,4,5,2,0,5,6,10,7,6,6,665152,Dean Kremer,607536,Kyle Freeland
2025-07-25,777015,Yankee Stadium,New York Yankees,Philadelphia Phillies,2,2,1,0,5,12,10,14,4,5,701542,Will Warren,592836,Taijuan Walker
2025-07-25,777012,Fenway Park,Boston Red Sox,Los Angeles Dodgers,2,3,0,0,2,5,5,10,3,6,678394,Brayan Bello,686218,Emmet Sheehan
2025-07-25,777013,Great American Ball Park,Cincinnati Reds,Tampa Bay Rays,3,2,0,0,7,2,14,6,8,4,607259,Nick Martinez,641793,Zack Littell
2025-07-25,777016,Comerica Park,Detroit Tigers,Toronto Blue Jays,1,6,0,0,2,6,5,13,4,11,672456,Keider Montero,621244,José Berríos
2025-07-25,777005,Busch Stadium,St. Louis Cardinals,San Diego Padres,3,0,0,0,3,0,5,11,2,6,571945,Miles Mikolas,601713,Nick Pivetta
2025-07-25,777017,Rate Field,Chicago White Sox,Chicago Cubs,11,0,3,0,12,5,18,9,17,3,605288,Adrian Houser,684007,Shota Imanaga
2025-07-25,777009,Globe Life Field,Texas Rangers,Atlanta Braves,4,0,1,0,8,3,8,6,5,3,543135,Nathan Eovaldi,666214,Joey Wentz
2025-07-25,777007,Daikin Park,Houston Astros,Athletics,2,9,0,3,3,15,6,16,4,9,687473,Ryan Gusto,605488,Jeffrey Springs
2025-07-25,777011,Target Field,Minnesota Twins,Washington Nationals,1,0,0,0,1,0,3,3,1,2,805673,Zebby Matthews,669022,MacKenzie Gore
2025-07-25,777006,Angel Stadium,Los Angeles Angels,Seattle Mariners,2,1,2,1,3,2,5,6,4,2,667755,José Soriano,693433,Bryan Woo
2025-07-25,777004,Oracle Park,San Francisco Giants,New York Mets,1,6,1,2,1,8,9,10,6,8,657277,Logan Webb,605280,Clay Holmes
2025-07-26,777001,Yankee Stadium,New York Yankees,Philadelphia Phillies,1,4,0,1,4,9,9,13,5,6,573186,Marcus Stroman,624133,Ranger Suarez
2025-07-26,777010,Kauffman Stadium,Kansas City Royals,Cleveland Guardians,2,1,0,0,5,3,6,9,4,3,608379,Michael Wacha,668909,Gavin Williams
2025-07-26,776990,Kauffman Stadium,Kansas City Royals,Cleveland Guardians,4,6,0,3,4,6,8,9,7,8,663460,Kris Bubic,676440,Tanner Bibee
2025-07-26,777003,Comerica Park,Detroit Tigers,Toronto Blue Jays,0,0,0,0,1,6,2,12,1,4,669373,Tarik Skubal,592332,Kevin Gausman
2025-07-26,777002,PNC Park,Pittsburgh Pirates,Arizona Diamondbacks,2,0,0,0,2,0,6,4,5,2,571760,Andrew Heaney,518876,Merrill Kelly
2025-07-26,777000,Great American Ball Park,Cincinnati Reds,Tampa Bay Rays,0,0,0,0,6,2,7,5,1,1,671096,Andrew Abbott,686752,Ryan Pepiot
2025-07-26,776999,Oriole Park at Camden Yards,Baltimore Orioles,Colorado Rockies,6,0,1,0,18,0,18,2,6,1,669432,Trevor Rogers,622608,Antonio Senzatela
2025-07-26,776993,Globe Life Field,Texas Rangers,Atlanta Braves,4,3,0,1,6,5,8,8,6,6,677958,Kumar Rocker,656550,Grant Holmes
2025-07-26,776991,Daikin Park,Houston Astros,Athletics,0,1,0,1,1,5,4,7,2,4,686613,Hunter Brown,682052,Jacob Lopez
2025-07-26,776997,Target Field,Minnesota Twins,Washington Nationals,0,5,0,0,3,9,12,12,5,6,657746,Joe Ryan,680730,Mitchell Parker
2025-07-26,776994,Rate Field,Chicago White Sox,Chicago Cubs,0,0,0,0,1,6,6,10,3,3,650644,Aaron Civale,690990,Cade Horton
2025-07-26,776996,American Family Field,Milwaukee Brewers,Miami Marlins,3,5,0,0,4,7,11,11,8,7,500779,Jose Quintana,676083,Janson Junk
2025-07-26,776998,Fenway Park,Boston Red Sox,Los Angeles Dodgers,4,2,0,2,4,2,10,9,6,7,676979,Garrett Crochet,477132,Clayton Kershaw
2025-07-26,776992,Busch Stadium,St. Louis Cardinals,San Diego Padres,1,2,0,0,1,3,3,9,1,6,669461,Matthew Liberatore,681190,Randy Vásquez
2025-07-26,776985,Oracle Park,San Francisco Giants,New York Mets,1,0,0,0,1,2,9,7,6,4,592662,Robbie Ray,656849,David Peterson
2025-07-26,776995,Angel Stadium,Los Angeles Angels,Seattle Mariners,2,2,0,0,2,7,7,11,3,6,542881,Tyler Anderson,669923,George Kirby
2025-07-27,776986,Oriole Park at Camden Yards,Baltimore Orioles,Colorado Rockies,4,1,0,0,5,1,5,6,4,4,608372,Tomoyuki Sugano,596295,Austin Gomber
2025-07-27,776983,Fenway Park,Boston Red Sox,Los Angeles Dodgers,4,3,1,0,4,3,6,7,5,5,621111,Walker Buehler,669160,Dustin May
2025-07-27,776984,PNC Park,Pittsburgh Pirates,Arizona Diamondbacks,3,0,0,0,6,0,9,5,4,3,694973,Paul Skenes,668678,Zac Gallen
2025-07-27,776988,Yankee Stadium,New York Yankees,Philadelphia Phillies,4,3,0,0,4,3,6,5,5,4,607074,Carlos Rodón,554430,Zack Wheeler
2025-07-27,776982,Great American Ball Park,Cincinnati Reds,Tampa Bay Rays,2,0,2,0,2,1,5,3,5,2,663903,Brady Singer,669358,Shane Baz
2025-07-27,776987,Comerica Park,Detroit Tigers,Toronto Blue Jays,3,0,0,0,10,4,10,10,3,4,656427,Jack Flaherty,453286,Max Scherzer
2025-07-27,776975,Kauffman Stadium,Kansas City Royals,Cleveland Guardians,4,0,2,0,4,1,4,7,4,3,702070,Noah Cameron,676282,Joey Cantillo
2025-07-27,776976,Daikin Park,Houston Astros,Athletics,0,4,0,2,1,7,7,11,2,6,676467,Colton Gordon,669372,J.T. Ginn
2025-07-27,776979,Target Field,Minnesota Twins,Washington Nationals,2,7,0,1,2,7,7,11,5,8,663485,Cole Sands,663623,Jake Irvin
2025-07-27,776989,Rate Field,Chicago White Sox,Chicago Cubs,1,2,1,2,4,5,8,7,3,4,691799,Grant Taylor,676962,Ben Brown
2025-07-27,776978,American Family Field,Milwaukee Brewers,Miami Marlins,1,2,0,1,3,2,9,6,2,4,605540,Brandon Woodruff,691587,Eury Pérez
2025-07-27,776980,Busch Stadium,St. Louis Cardinals,San Diego Padres,0,7,0,2,2,9,6,16,3,9,700241,Michael McGreevy,663568,Stephen Kolek
2025-07-27,776981,Globe Life Field,Texas Rangers,Atlanta Braves,8,1,3,0,8,1,10,4,7,2,683004,Jack Leiter,693821,Bryce Elder
2025-07-27,776977,Angel Stadium,Los Angeles Angels,Seattle Mariners,4,0,0,0,4,1,4,2,3,1,543294,Kyle Hendricks,669302,Logan Gilbert
2025-07-27,776974,Oracle Park,San Francisco Giants,New York Mets,3,2,0,0,3,5,6,12,4,6,657424,Matt Gage,673540,Kodai Senga
2025-07-28,776966,Oriole Park at Camden Yards,Baltimore Orioles,Toronto Blue Jays,10,4,0,0,11,4,16,11,13,8,621107,Zach Eflin,605135,Chris Bassitt
2025-07-28,776968,Progressive Field,Cleveland Guardians,Colorado Rockies,0,2,0,0,6,8,11,10,5,5,677944,Slade Cecconi,687134,Bradley Blalock
2025-07-28,776973,Comerica Park,Detroit Tigers,Arizona Diamondbacks,4,0,1,0,5,1,10,7,7,3,675512,Troy Melton,593958,Eduardo Rodriguez
2025-07-28,776970,Yankee Stadium,New York Yankees,Tampa Bay Rays,2,3,2,2,2,4,6,11,4,7,693645,Cam Schlittler,656876,Drew Rasmussen
2025-07-28,776967,Great American Ball Park,Cincinnati Reds,Los Angeles Dodgers,1,3,1,1,2,5,6,9,4,6,695505,Chase Burns,808967,Yoshinobu Yamamoto
2025-07-28,776961,Target Field,Minnesota Twins,Boston Red Sox,2,3,0,0,5,4,8,10,4,7,680573,Simeon Woods Richardson,690916,Richard Fitts
2025-07-28,776971,Kauffman Stadium,Kansas City Royals,Atlanta Braves,2,4,2,0,7,10,12,9,5,3,448179,Rich Hill,675911,Spencer Strider
2025-07-28,776972,Rate Field,Chicago White Sox,Philadelphia Phillies,4,2,0,0,6,2,10,6,6,5,663436,Davis Martin,650911,Cristopher Sánchez
2025-07-28,776965,American Family Field,Milwaukee Brewers,Chicago Cubs,5,3,0,3,8,4,10,6,6,4,694819,Jacob Misiorowski,571510,Matthew Boyd
2025-07-28,776960,Busch Stadium,St. Louis Cardinals,Miami Marlins,2,0,0,0,7,1,8,4,3,0,669467,Andre Pallante,665795,Edward Cabrera
2025-07-28,776969,Daikin Park,Houston Astros,Washington Nationals,1,0,0,0,1,2,4,4,1,2,664285,Framber Valdez,695418,Brad Lord
2025-07-28,776958,Angel Stadium,Los Angeles Angels,Texas Rangers,3,2,0,0,6,4,9,6,5,1,686799,Jack Kochanowicz,594798,Jacob deGrom
2025-07-28,776959,Petco Park,San Diego Padres,New York Mets,6,5,0,0,7,6,14,6,11,5,656302,Dylan Cease,593423,Frankie Montas
2025-07-28,776964,Oracle Park,San Francisco Giants,Pittsburgh Pirates,4,4,1,1,5,6,11,9,7,5,687931,Carson Whisenhunt,656605,Mitch Keller
2025-07-28,776957,Sutter Health Park,Athletics,Seattle Mariners,0,3,0,0,1,3,7,9,3,6,676664,JP Sears,622491,Luis Castillo
2025-07-29,778372,Oriole Park at Camden Yards,Baltimore Orioles,Toronto Blue Jays,4,3,2,0,16,4,19,11,7,7,450203,Charlie Morton,687922,Easton Lucas
2025-07-29,776962,Oriole Park at Camden Yards,Baltimore Orioles,Toronto Blue Jays,2,2,0,0,3,2,7,8,5,5,687064,Brandon Young,641778,Eric Lauer
2025-07-29,776951,Progressive Field,Cleveland Guardians,Colorado Rockies,9,1,2,0,10,4,15,10,13,5,671106,Logan Allen,685299,Tanner Gordon
2025-07-29,776953,Comerica Park,Detroit Tigers,Arizona Diamondbacks,8,2,0,1,12,2,19,5,13,4,663554,Casey Mize,694297,Brandon Pfaadt
2025-07-29,776949,Yankee Stadium,New York Yankees,Tampa Bay Rays,6,3,0,2,7,5,6,7,5,3,608331,Max Fried,671212,Joe Boyle
2025-07-29,776963,Great American Ball Park,Cincinnati Reds,Los Angeles Dodgers,4,2,0,0,4,5,6,11,5,6,666157,Nick Lodolo,607192,Tyler Glasnow
2025-07-29,776954,Target Field,Minnesota Twins,Boston Red Sox,1,5,0,0,5,8,10,10,4,6,701487,Pierson Ohl,608337,Lucas Giolito
2025-07-29,776955,Kauffman Stadium,Kansas City Royals,Atlanta Braves,4,0,1,0,9,6,12,14,6,3,607625,Seth Lugo,607200,Erick Fedde
2025-07-29,776952,Rate Field,Chicago White Sox,Philadelphia Phillies,0,6,0,0,3,6,5,9,2,7,686563,Jonathan Cannon,666200,Jesús Luzardo
2025-07-29,776956,American Family Field,Milwaukee Brewers,Chicago Cubs,5,1,0,0,9,3,11,9,10,5,682990,Quinn Priester,607067,Colin Rea
2025-07-29,776946,Busch Stadium,St. Louis Cardinals,Miami Marlins,0,3,0,0,0,5,4,12,3,8,543243,Sonny Gray,645261,Sandy Alcantara
2025-07-29,776950,Daikin Park,Houston Astros,Washington Nationals,3,2,1,0,7,4,13,10,6,5,669920,Jason Alexander,647336,Michael Soroka
2025-07-29,776945,Angel Stadium,Los Angeles Angels,Texas Rangers,3,2,2,0,8,5,6,14,3,8,579328,Yusei Kikuchi,571578,Patrick Corbin
2025-07-29,776947,Petco Park,San Diego Padres,New York Mets,1,1,1,0,7,1,9,4,3,2,686701,Ryan Bergert,640455,Sean Manaea
2025-07-29,776943,Oracle Park,San Francisco Giants,Pittsburgh Pirates,1,1,0,0,1,3,2,12,2,6,434378,Justin Verlander,663559,Bailey Falter
2025-07-29,776944,Sutter Health Park,Athletics,Seattle Mariners,6,1,0,0,6,1,8,6,7,5,622663,Luis Severino,688138,Logan Evans
2025-07-30,776948,Oriole Park at Camden Yards,Baltimore Orioles,Toronto Blue Jays,5,3,3,0,8,9,10,13,6,6,665152,Dean Kremer,621244,José Berríos
2025-07-30,776940,Comerica Park,Detroit Tigers,Arizona Diamondbacks,4,1,0,0,7,2,11,6,6,3,663978,Chris Paddack,669194,Ryne Nelson
2025-07-30,776935,Target Field,Minnesota Twins,Boston Red Sox,1,6,0,0,1,13,5,16,4,9,805673,Zebby Matthews,678394,Brayan Bello
2025-07-30,776937,Daikin Park,Houston Astros,Washington Nationals,4,1,1,0,9,1,10,5,6,3,687473,Ryan Gusto,669022,MacKenzie Gore
2025-07-30,776936,Kauffman Stadium,Kansas City Royals,Atlanta Braves,0,0,0,0,1,0,3,5,1,1,672582,Angel Zerpa,666214,Joey Wentz
2025-07-30,776939,Rate Field,Chicago White Sox,Philadelphia Phillies,2,2,0,0,9,3,17,8,7,4,641302,Tyler Alexander,592836,Taijuan Walker
2025-07-30,776929,American Family Field,Milwaukee Brewers,Chicago Cubs,3,5,1,1,3,10,7,11,5,5,642547,Freddy Peralta,684007,Shota Imanaga
2025-07-30,776933,Oracle Park,San Francisco Giants,Pittsburgh Pirates,1,1,0,0,1,2,6,7,3,4,657277,Logan Webb,681347,Mike Burrows
2025-07-30,776931,Petco Park,San Diego Padres,New York Mets,4,0,0,0,5,0,9,3,8,2,506433,Yu Darvish,605280,Clay Holmes
2025-07-30,776942,Progressive Field,Cleveland Guardians,Colorado Rockies,3,0,2,0,5,0,8,3,4,1,663465,Kolby Allard,607536,Kyle Freeland
2025-07-30,776938,Yankee Stadium,New York Yankees,Tampa Bay Rays,0,1,0,0,5,4,10,9,2,6,701542,Will Warren,641793,Zack Littell
2025-07-30,776941,Great American Ball Park,Cincinnati Reds,Los Angeles Dodgers,2,2,1,0,5,2,8,7,5,4,607259,Nick Martinez,660271,Shohei Ohtani
2025-07-30,776934,Busch Stadium,St. Louis Cardinals,Miami Marlins,0,2,0,0,0,2,5,6,3,5,571945,Miles Mikolas,615698,Cal Quantrill
2025-07-30,776932,Angel Stadium,Los Angeles Angels,Texas Rangers,1,1,0,0,3,6,8,11,5,3,667755,José Soriano,543135,Nathan Eovaldi
2025-07-30,776930,Sutter Health Park,Athletics,Seattle Mariners,4,1,2,1,5,4,9,4,5,2,605488,Jeffrey Springs,693433,Bryan Woo
2025-07-31,776927,Yankee Stadium,New York Yankees,Tampa Bay Rays,7,4,3,0,7,4,8,7,6,6,573186,Marcus Stroman,686752,Ryan Pepiot
2025-07-31,776928,Great American Ball Park,Cincinnati Reds,Atlanta Braves,3,1,0,0,11,12,17,13,6,4,671096,Andrew Abbott,471911,Carlos Carrasco
2025-07-31,776923,T-Mobile Park,Seattle Mariners,Texas Rangers,3,0,0,0,6,0,9,4,6,1,669923,George Kirby,677958,Kumar Rocker
2025-08-01,776921,Great American Ball Park,Cincinnati Reds,Atlanta Braves,0,0,0,0,3,2,5,7,2,4,663903,Brady Singer,693821,Bryce Elder
2025-08-01,776915,Wrigley Field,Chicago Cubs,Baltimore Orioles,1,0,0,0,1,0,4,3,2,2,690990,Cade Horton,669432,Trevor Rogers
2025-08-01,776913,Citizens Bank Park,Philadelphia Phillies,Detroit Tigers,0,3,0,0,5,4,8,5,1,4,624133,Ranger Suarez,656427,Jack Flaherty
2025-08-01,776917,Nationals Park,Washington Nationals,Milwaukee Brewers,2,9,1,0,9,16,15,25,6,15,680730,Mitchell Parker,500779,Jose Quintana
2025-08-01,776920,Rogers Centre,Toronto Blue Jays,Kansas City Royals,1,5,1,0,3,9,5,11,3,5,592332,Kevin Gausman,608379,Michael Wacha
2025-08-01,776922,Fenway Park,Boston Red Sox,Houston Astros,0,1,0,0,2,1,6,7,3,4,681867,Cooper Criswell,686613,Hunter Brown
2025-08-01,776926,Citi Field,New York Mets,San Francisco Giants,0,2,0,0,3,4,6,10,2,4,656849,David Peterson,592662,Robbie Ray
2025-08-01,776924,Progressive Field,Cleveland Guardians,Minnesota Twins,2,0,1,0,3,2,8,6,4,4,668909,Gavin Williams,657746,Joe Ryan
2025-08-01,776925,loanDepot park,Miami Marlins,New York Yankees,4,6,0,0,13,12,12,15,3,6,676083,Janson Junk,607074,Carlos Rodón
2025-08-01,776918,George M. Steinbrenner Field,Tampa Bay Rays,Los Angeles Dodgers,0,5,0,2,0,5,6,9,4,8,669358,Shane Baz,477132,Clayton Kershaw
2025-08-01,776919,Coors Field,Colorado Rockies,Pittsburgh Pirates,10,15,1,9,17,16,22,18,14,15,622608,Antonio Senzatela,571760,Andrew Heaney
2025-08-01,776916,Angel Stadium,Los Angeles Angels,Chicago White Sox,2,3,0,0,3,6,4,11,2,4,542881,Tyler Anderson,681343,Shane Smith
2025-08-01,776906,Petco Park,San Diego Padres,St. Louis Cardinals,4,1,0,0,4,1,7,4,5,1,601713,Nick Pivetta,669461,Matthew Liberatore
2025-08-01,776914,Sutter Health Park,Athletics,Arizona Diamondbacks,5,0,4,0,5,1,11,8,9,5,682052,Jacob Lopez,543101,Anthony DeSclafani
2025-08-01,776908,T-Mobile Park,Seattle Mariners,Texas Rangers,2,3,0,0,4,3,7,6,4,5,669302,Logan Gilbert,683004,Jack Leiter
2025-08-02,776901,George M. Steinbrenner Field,Tampa Bay Rays,Los Angeles Dodgers,3,0,1,0,4,0,8,6,5,3,656876,Drew Rasmussen,605483,Blake Snell
2025-08-02,776902,Wrigley Field,Chicago Cubs,Baltimore Orioles,3,0,0,0,3,4,8,7,5,4,571510,Matthew Boyd,608372,Tomoyuki Sugano
2025-08-02,776900,Rogers Centre,Toronto Blue Jays,Kansas City Royals,3,0,0,0,4,2,8,6,4,4,453286,Max Scherzer,702070,Noah Cameron
2025-08-02,776904,Coors Field,Colorado Rockies,Pittsburgh Pirates,0,4,0,1,8,5,12,7,2,5,596295,Austin Gomber,694973,Paul Skenes
2025-08-02,776912,Citizens Bank Park,Philadelphia Phillies,Detroit Tigers,0,2,0,0,5,7,8,12,1,7,554430,Zack Wheeler,669373,Tarik Skubal
2025-08-02,776903,Nationals Park,Washington Nationals,Milwaukee Brewers,2,5,0,3,2,8,2,15,1,8,663623,Jake Irvin,605540,Brandon Woodruff
2025-08-02,776909,Fenway Park,Boston Red Sox,Houston Astros,6,3,1,2,7,3,10,14,7,9,621111,Walker Buehler,676467,Colton Gordon
2025-08-02,776911,Citi Field,New York Mets,San Francisco Giants,5,4,3,0,12,6,13,10,6,5,673540,Kodai Senga,678906,Kai-Wei Teng
2025-08-02,776897,T-Mobile Park,Seattle Mariners,Texas Rangers,0,2,0,0,4,6,7,11,1,4,622491,Luis Castillo,518876,Merrill Kelly
2025-08-02,776905,Progressive Field,Cleveland Guardians,Minnesota Twins,4,4,0,0,5,4,10,9,6,8,676440,Tanner Bibee,641927,Bailey Ober
2025-08-02,776910,loanDepot park,Miami Marlins,New York Yankees,2,0,1,0,2,0,4,2,4,2,691587,Eury Pérez,693645,Cam Schlittler
2025-08-02,776907,Bristol Motor Speedway,Cincinnati Reds,Atlanta Braves,2,3,1,0,2,4,10,10,5,6,695505,Chase Burns,680735,Austin Cox
2025-08-02,776899,Sutter Health Park,Athletics,Arizona Diamondbacks,2,4,0,1,2,7,10,7,7,4,669372,J.T. Ginn,668678,Zac Gallen
2025-08-02,776898,Angel Stadium,Los Angeles Angels,Chicago White Sox,0,1,0,0,0,1,1,6,1,4,543294,Kyle Hendricks,650644,Aaron Civale
2025-08-02,776896,Petco Park,San Diego Padres,St. Louis Cardinals,4,6,1,0,5,8,9,12,7,9,681190,Randy Vásquez,700241,Michael McGreevy
2025-08-03,776895,Fenway Park,Boston Red Sox,Houston Astros,6,1,0,0,6,1,8,3,7,2,608337,Lucas Giolito,664285,Framber Valdez
2025-08-03,776889,George M. Steinbrenner Field,Tampa Bay Rays,Los Angeles Dodgers,0,0,0,0,0,3,7,8,4,3,671212,Joe Boyle,808967,Yoshinobu Yamamoto
2025-08-02,776907,Bristol Motor Speedway,Cincinnati Reds,Atlanta Braves,2,3,1,0,2,4,10,10,5,6,695505,Chase Burns,680735,Austin Cox
2025-08-03,776894,Nationals Park,Washington Nationals,Milwaukee Brewers,1,3,0,1,3,14,7,16,3,7,695418,Brad Lord,701656,Logan Henderson
2025-08-03,776893,Rogers Centre,Toronto Blue Jays,Kansas City Royals,2,1,0,0,4,7,8,6,4,1,605135,Chris Bassitt,607625,Seth Lugo
2025-08-03,776887,Citi Field,New York Mets,San Francisco Giants,2,7,1,0,4,12,8,13,3,7,593423,Frankie Montas,687931,Carson Whisenhunt
2025-08-03,776892,Progressive Field,Cleveland Guardians,Minnesota Twins,2,4,2,4,4,5,10,8,7,6,676282,Joey Cantillo,570632,José Ureña
2025-08-03,776891,loanDepot park,Miami Marlins,New York Yankees,6,1,0,1,7,3,9,6,7,2,665795,Edward Cabrera,661563,Luis Gil
2025-08-03,776888,Wrigley Field,Chicago Cubs,Baltimore Orioles,2,2,2,0,5,3,11,7,5,5,607067,Colin Rea,687064,Brandon Young
2025-08-03,776886,Coors Field,Colorado Rockies,Pittsburgh Pirates,1,5,0,3,5,9,9,9,4,5,687134,Bradley Blalock,656605,Mitch Keller
2025-08-03,776881,Sutter Health Park,Athletics,Arizona Diamondbacks,2,4,0,0,4,6,8,12,6,5,678022,Jack Perkins,593958,Eduardo Rodriguez
2025-08-03,776885,Angel Stadium,Los Angeles Angels,Chicago White Sox,0,5,0,4,8,5,11,10,2,7,686799,Jack Kochanowicz,680732,Sean Burke
2025-08-03,776884,Petco Park,San Diego Padres,St. Louis Cardinals,2,0,0,0,7,3,10,6,5,1,656302,Dylan Cease,669467,Andre Pallante
2025-08-03,776883,T-Mobile Park,Seattle Mariners,Texas Rangers,5,3,0,0,5,4,5,6,4,5,688138,Logan Evans,594798,Jacob deGrom
2025-08-03,776890,Citizens Bank Park,Philadelphia Phillies,Detroit Tigers,1,0,0,0,2,0,5,5,3,3,650911,Cristopher Sánchez,450203,Charlie Morton
2025-08-04,776879,PNC Park,Pittsburgh Pirates,San Francisco Giants,1,4,1,2,5,4,6,7,3,6,670912,Johan Oviedo,434378,Justin Verlander
2025-08-04,776874,Comerica Park,Detroit Tigers,Minnesota Twins,2,2,0,1,6,3,12,6,4,2,663554,Casey Mize,701519,Travis Adams
2025-08-04,776875,loanDepot park,Miami Marlins,Houston Astros,0,5,0,0,2,8,7,11,1,6,645261,Sandy Alcantara,669920,Jason Alexander
2025-08-04,776877,Citizens Bank Park,Philadelphia Phillies,Baltimore Orioles,3,3,1,0,13,3,13,5,3,5,666200,Jesús Luzardo,700249,Cade Povich
2025-08-04,776880,Fenway Park,Boston Red Sox,Kansas City Royals,7,1,5,0,8,5,11,12,9,5,678394,Brayan Bello,663559,Bailey Falter
2025-08-04,776876,Citi Field,New York Mets,Cleveland Guardians,0,0,0,0,6,7,11,9,3,2,640455,Sean Manaea,677944,Slade Cecconi
2025-08-04,776882,Truist Park,Atlanta Braves,Milwaukee Brewers,1,3,1,0,1,3,3,3,2,3,607200,Erick Fedde,682990,Quinn Priester
2025-08-04,776878,Wrigley Field,Chicago Cubs,Cincinnati Reds,2,1,0,0,2,3,3,6,2,1,647336,Michael Soroka,666157,Nick Lodolo
2025-08-04,776871,Globe Life Field,Texas Rangers,New York Yankees,4,5,0,1,8,5,10,10,8,9,571578,Patrick Corbin,608331,Max Fried
2025-08-04,776872,Coors Field,Colorado Rockies,Toronto Blue Jays,1,9,0,1,1,15,8,25,6,14,685299,Tanner Gordon,641778,Eric Lauer
2025-08-04,776867,Angel Stadium,Los Angeles Angels,Tampa Bay Rays,4,1,0,1,5,1,11,5,8,3,579328,Yusei Kikuchi,605288,Adrian Houser
2025-08-04,776873,Chase Field,Arizona Diamondbacks,San Diego Padres,5,1,1,0,6,2,12,6,10,3,694297,Brandon Pfaadt,676664,JP Sears
2025-08-04,776870,Dodger Stadium,Los Angeles Dodgers,St. Louis Cardinals,1,1,0,0,2,3,3,7,1,3,607192,Tyler Glasnow,543243,Sonny Gray
2025-08-05,776866,PNC Park,Pittsburgh Pirates,San Francisco Giants,1,6,0,0,1,8,7,11,6,5,681347,Mike Burrows,657277,Logan Webb
2025-08-05,776861,Comerica Park,Detroit Tigers,Minnesota Twins,1,6,0,3,3,6,9,9,5,8,663978,Chris Paddack,805673,Zebby Matthews
2025-08-05,776862,loanDepot park,Miami Marlins,Houston Astros,2,7,0,2,3,7,5,12,4,9,615698,Cal Quantrill,595345,Steven Okert
2025-08-05,776865,Nationals Park,Washington Nationals,Athletics,1,10,0,5,7,16,10,24,3,14,669022,MacKenzie Gore,622663,Luis Severino
2025-08-05,776868,Citizens Bank Park,Philadelphia Phillies,Baltimore Orioles,4,0,0,0,5,0,10,5,8,4,592836,Taijuan Walker,665152,Dean Kremer
2025-08-05,776864,Fenway Park,Boston Red Sox,Kansas City Royals,1,1,0,0,6,2,9,5,2,3,676979,Garrett Crochet,686701,Ryan Bergert
2025-08-05,776863,Citi Field,New York Mets,Cleveland Guardians,2,2,1,0,2,3,4,6,4,3,605280,Clay Holmes,671106,Logan Allen
2025-08-05,776869,Truist Park,Atlanta Braves,Milwaukee Brewers,1,4,0,0,2,7,8,8,4,5,666214,Joey Wentz,642547,Freddy Peralta
2025-08-05,776860,Wrigley Field,Chicago Cubs,Cincinnati Reds,1,1,0,0,1,5,4,9,3,3,684007,Shota Imanaga,641793,Zack Littell
2025-08-05,776855,Globe Life Field,Texas Rangers,New York Yankees,0,0,0,0,2,0,8,2,3,1,543135,Nathan Eovaldi,701542,Will Warren
2025-08-05,776854,Coors Field,Colorado Rockies,Toronto Blue Jays,2,3,2,0,4,10,9,14,4,6,683627,Anthony Molina,621244,José Berríos
2025-08-05,776848,Angel Stadium,Los Angeles Angels,Tampa Bay Rays,2,7,0,0,3,7,6,8,3,7,667755,José Soriano,686752,Ryan Pepiot
2025-08-05,776852,Chase Field,Arizona Diamondbacks,San Diego Padres,3,2,2,0,5,10,6,14,4,6,669194,Ryne Nelson,506433,Yu Darvish
2025-08-05,776857,T-Mobile Park,Seattle Mariners,Chicago White Sox,3,1,0,1,8,3,11,5,6,2,693433,Bryan Woo,663436,Davis Martin
2025-08-05,776858,Dodger Stadium,Los Angeles Dodgers,St. Louis Cardinals,5,2,2,0,12,6,17,9,8,4,686218,Emmet Sheehan,571945,Miles Mikolas
2025-08-06,776844,PNC Park,Pittsburgh Pirates,San Francisco Giants,2,1,1,0,2,4,8,7,5,2,571760,Andrew Heaney,592662,Robbie Ray
2025-08-06,776851,Citizens Bank Park,Philadelphia Phillies,Baltimore Orioles,1,4,0,0,1,5,9,10,6,6,624133,Ranger Suarez,669432,Trevor Rogers
2025-08-06,776846,Citi Field,New York Mets,Cleveland Guardians,0,3,0,0,1,4,1,7,0,4,656849,David Peterson,668909,Gavin Williams
2025-08-06,776859,Comerica Park,Detroit Tigers,Minnesota Twins,4,6,0,2,4,9,8,11,5,8,656427,Jack Flaherty,701487,Pierson Ohl
2025-08-06,776847,Wrigley Field,Chicago Cubs,Cincinnati Reds,1,0,0,0,6,1,11,4,3,1,690990,Cade Horton,671096,Andrew Abbott
2025-08-06,776845,Globe Life Field,Texas Rangers,New York Yankees,2,2,0,0,2,3,8,6,6,3,683004,Jack Leiter,607074,Carlos Rodón
2025-08-06,776836,Coors Field,Colorado Rockies,Toronto Blue Jays,1,6,1,0,1,20,3,24,3,8,607536,Kyle Freeland,592332,Kevin Gausman
2025-08-06,776843,Angel Stadium,Los Angeles Angels,Tampa Bay Rays,4,4,0,2,4,5,6,8,5,5,542881,Tyler Anderson,669358,Shane Baz
2025-08-06,776839,Dodger Stadium,Los Angeles Dodgers,St. Louis Cardinals,3,1,0,0,3,5,8,12,6,4,660271,Shohei Ohtani,669461,Matthew Liberatore
2025-08-06,776849,loanDepot park,Miami Marlins,Houston Astros,6,3,3,2,6,4,14,12,12,5,676083,Janson Junk,681293,Spencer Arrighetti
2025-08-06,776850,Nationals Park,Washington Nationals,Athletics,0,0,0,0,2,1,4,4,0,3,676917,Cade Cavalli,605488,Jeffrey Springs
2025-08-06,776856,Fenway Park,Boston Red Sox,Kansas City Royals,2,3,2,0,3,7,7,12,4,6,669160,Dustin May,608379,Michael Wacha
2025-08-06,776853,Truist Park,Atlanta Braves,Milwaukee Brewers,2,5,1,0,4,5,8,14,6,11,675911,Spencer Strider,500779,Jose Quintana
2025-08-06,776838,Chase Field,Arizona Diamondbacks,San Diego Padres,2,0,1,0,2,3,4,9,3,3,543101,Anthony DeSclafani,641482,Nestor Cortes
2025-08-06,776841,T-Mobile Park,Seattle Mariners,Chicago White Sox,7,2,2,0,8,6,7,9,5,5,669923,George Kirby,686563,Jonathan Cannon
2025-08-07,776837,Nationals Park,Washington Nationals,Athletics,0,4,0,0,0,6,3,12,3,6,680730,Mitchell Parker,682052,Jacob Lopez
2025-08-07,776830,T-Mobile Park,Seattle Mariners,Chicago White Sox,2,1,0,0,4,3,6,7,4,2,669302,Logan Gilbert,681343,Shane Smith
2025-08-07,776840,PNC Park,Pittsburgh Pirates,Cincinnati Reds,4,0,3,0,7,0,10,9,8,6,694973,Paul Skenes,663903,Brady Singer
2025-08-07,776842,Truist Park,Atlanta Braves,Miami Marlins,2,6,2,0,8,6,11,10,4,8,471911,Carlos Carrasco,691587,Eury Pérez
2025-08-08,776829,PNC Park,Pittsburgh Pirates,Cincinnati Reds,1,1,0,0,3,2,5,8,3,5,656605,Mitch Keller,695505,Chase Burns
2025-08-08,776831,Oriole Park at Camden Yards,Baltimore Orioles,Athletics,3,1,3,0,3,2,3,7,3,3,608372,Tomoyuki Sugano,669372,J.T. Ginn
2025-08-08,776835,Yankee Stadium,New York Yankees,Houston Astros,0,2,0,2,3,5,5,10,1,7,693645,Cam Schlittler,686613,Hunter Brown
2025-08-08,776832,Comerica Park,Detroit Tigers,Los Angeles Angels,3,4,0,0,6,5,7,8,5,6,669373,Tarik Skubal,543294,Kyle Hendricks
2025-08-08,776834,Truist Park,Atlanta Braves,Miami Marlins,0,5,0,0,1,5,2,9,1,7,693821,Bryce Elder,665795,Edward Cabrera
2025-08-08,776833,Rate Field,Chicago White Sox,Cleveland Guardians,1,9,0,5,5,9,9,10,3,9,650644,Aaron Civale,676440,Tanner Bibee
2025-08-08,776821,Globe Life Field,Texas Rangers,Philadelphia Phillies,1,4,1,1,1,9,8,11,5,6,518876,Merrill Kelly,650911,Cristopher Sánchez
2025-08-08,776827,Target Field,Minnesota Twins,Kansas City Royals,7,1,3,1,9,4,14,9,10,4,657746,Joe Ryan,607625,Seth Lugo
2025-08-08,776828,American Family Field,Milwaukee Brewers,New York Mets,3,2,0,1,3,2,4,5,2,3,605540,Brandon Woodruff,673540,Kodai Senga
2025-08-08,776826,Busch Stadium,St. Louis Cardinals,Chicago Cubs,3,0,0,0,5,0,13,7,7,5,700241,Michael McGreevy,571510,Matthew Boyd
2025-08-08,776825,Chase Field,Arizona Diamondbacks,Colorado Rockies,6,1,3,0,6,1,6,6,5,3,668678,Zac Gallen,596295,Austin Gomber
2025-08-08,776820,Petco Park,San Diego Padres,Boston Red Sox,0,5,0,0,2,10,6,10,4,4,601713,Nick Pivetta,621111,Walker Buehler
2025-08-08,776824,T-Mobile Park,Seattle Mariners,Tampa Bay Rays,0,1,0,1,3,2,7,5,3,4,622491,Luis Castillo,656876,Drew Rasmussen
2025-08-08,776823,Dodger Stadium,Los Angeles Dodgers,Toronto Blue Jays,2,1,0,0,5,1,7,10,6,7,477132,Clayton Kershaw,453286,Max Scherzer
2025-08-08,776822,Oracle Park,San Francisco Giants,Washington Nationals,2,0,2,0,5,0,10,4,7,3,657424,Matt Gage,663623,Jake Irvin
2025-08-09,778431,Truist Park,Atlanta Braves,Miami Marlins,3,0,0,0,7,1,7,5,4,1,694462,Hurston Waldrep,687473,Ryan Gusto
2025-08-09,776819,Truist Park,Atlanta Braves,Miami Marlins,5,4,0,0,8,6,11,9,7,5,607200,Erick Fedde,645261,Sandy Alcantara
2025-08-09,776815,Yankee Stadium,New York Yankees,Houston Astros,4,2,2,1,5,4,9,7,7,5,661563,Luis Gil,664285,Framber Valdez
2025-08-09,776802,Oracle Park,San Francisco Giants,Washington Nationals,0,3,0,1,2,4,8,11,3,6,687931,Carson Whisenhunt,695418,Brad Lord
2025-08-09,776813,Comerica Park,Detroit Tigers,Los Angeles Angels,4,6,0,1,4,7,9,9,8,7,450203,Charlie Morton,579328,Yusei Kikuchi
2025-08-09,776812,PNC Park,Pittsburgh Pirates,Cincinnati Reds,1,1,0,0,1,2,4,7,3,4,677952,Braxton Ashcraft,607259,Nick Martinez
2025-08-09,776811,Oriole Park at Camden Yards,Baltimore Orioles,Athletics,3,11,3,2,3,11,4,13,3,11,687064,Brandon Young,678022,Jack Perkins
2025-08-09,776816,Target Field,Minnesota Twins,Kansas City Royals,0,1,0,0,0,2,8,7,5,4,641927,Bailey Ober,702070,Noah Cameron
2025-08-09,776814,Rate Field,Chicago White Sox,Cleveland Guardians,1,2,0,1,1,3,4,7,3,5,680732,Sean Burke,676282,Joey Cantillo
2025-08-09,776817,American Family Field,Milwaukee Brewers,New York Mets,3,4,0,0,7,4,6,8,3,7,668964,Tobias Myers,657585,Reed Garrett
2025-08-09,776818,Busch Stadium,St. Louis Cardinals,Chicago Cubs,0,9,0,2,1,9,7,13,1,12,669467,Andre Pallante,607067,Colin Rea
2025-08-09,776810,Globe Life Field,Texas Rangers,Philadelphia Phillies,1,0,1,0,2,3,9,7,7,4,594798,Jacob deGrom,666200,Jesús Luzardo
2025-08-09,776809,Chase Field,Arizona Diamondbacks,Colorado Rockies,5,4,1,0,6,5,11,9,7,6,593958,Eduardo Rodriguez,687134,Bradley Blalock
2025-08-09,776807,Petco Park,San Diego Padres,Boston Red Sox,4,3,0,1,5,4,7,9,5,5,650633,Michael King,608337,Lucas Giolito
2025-08-09,776808,Dodger Stadium,Los Angeles Dodgers,Toronto Blue Jays,3,0,0,0,9,1,10,5,6,3,605483,Blake Snell,605135,Chris Bassitt
2025-08-09,776805,T-Mobile Park,Seattle Mariners,Tampa Bay Rays,6,1,2,1,7,4,7,5,5,2,688138,Logan Evans,671212,Joe Boyle
2025-08-10,776796,Target Field,Minnesota Twins,Kansas City Royals,2,1,0,1,5,3,7,9,3,4,570632,José Ureña,686701,Ryan Bergert
2025-08-10,776804,Oriole Park at Camden Yards,Baltimore Orioles,Athletics,1,0,0,0,2,3,5,6,2,2,700249,Cade Povich,806960,Luis Morales
2025-08-10,776801,PNC Park,Pittsburgh Pirates,Cincinnati Reds,4,4,0,0,8,14,16,14,9,3,681347,Mike Burrows,641793,Zack Littell
2025-08-10,776803,Truist Park,Atlanta Braves,Miami Marlins,3,1,0,0,7,1,9,6,4,4,666214,Joey Wentz,615698,Cal Quantrill
2025-08-10,776797,Yankee Stadium,New York Yankees,Houston Astros,0,4,0,1,1,7,3,12,0,8,608331,Max Fried,669920,Jason Alexander
2025-08-10,776806,Comerica Park,Detroit Tigers,Los Angeles Angels,7,2,2,0,9,5,10,7,9,3,663554,Casey Mize,686799,Jack Kochanowicz
2025-08-10,776798,Rate Field,Chicago White Sox,Cleveland Guardians,5,1,3,0,6,4,11,7,10,3,663436,Davis Martin,677944,Slade Cecconi
2025-08-10,776799,American Family Field,Milwaukee Brewers,New York Mets,5,6,0,2,7,6,12,10,7,10,682990,Quinn Priester,640455,Sean Manaea
2025-08-10,776800,Globe Life Field,Texas Rangers,Philadelphia Phillies,2,3,2,0,2,4,7,7,3,4,571578,Patrick Corbin,554430,Zack Wheeler
2025-08-10,776793,Oracle Park,San Francisco Giants,Washington Nationals,0,5,0,0,0,8,3,17,3,11,434378,Justin Verlander,669022,MacKenzie Gore
2025-08-10,776794,Chase Field,Arizona Diamondbacks,Colorado Rockies,12,3,3,0,13,6,17,16,15,11,694297,Brandon Pfaadt,685299,Tanner Gordon
2025-08-10,776789,Petco Park,San Diego Padres,Boston Red Sox,3,0,0,0,6,2,9,5,4,2,656302,Dylan Cease,678394,Brayan Bello
2025-08-10,776791,T-Mobile Park,Seattle Mariners,Tampa Bay Rays,4,3,4,0,6,3,9,8,6,7,693433,Bryan Woo,605288,Adrian Houser
2025-08-10,776788,Dodger Stadium,Los Angeles Dodgers,Toronto Blue Jays,3,1,2,1,4,5,9,9,8,2,607192,Tyler Glasnow,641778,Eric Lauer
2025-08-10,776795,Busch Stadium,St. Louis Cardinals,Chicago Cubs,2,2,0,0,3,2,4,8,2,4,543243,Sonny Gray,684007,Shota Imanaga
2025-08-11,776792,Great American Ball Park,Cincinnati Reds,Philadelphia Phillies,1,0,1,0,1,4,7,8,5,1,671096,Andrew Abbott,592836,Taijuan Walker
2025-08-11,776790,Yankee Stadium,New York Yankees,Minnesota Twins,3,0,1,0,6,2,10,3,6,1,701542,Will Warren,805673,Zebby Matthews
2025-08-11,776784,Kauffman Stadium,Kansas City Royals,Washington Nationals,2,4,0,2,7,4,10,9,5,6,663559,Bailey Falter,676917,Cade Cavalli
2025-08-11,776781,Rate Field,Chicago White Sox,Detroit Tigers,1,1,0,0,1,2,4,8,3,5,665625,Elvis Peguero,663978,Chris Paddack
2025-08-11,776786,American Family Field,Milwaukee Brewers,Pittsburgh Pirates,6,1,1,0,7,1,11,3,9,2,500779,Jose Quintana,571760,Andrew Heaney
2025-08-11,776783,Busch Stadium,St. Louis Cardinals,Colorado Rockies,1,0,0,0,3,2,9,5,5,0,571945,Miles Mikolas,801403,Chase Dollander
2025-08-11,776785,Globe Life Field,Texas Rangers,Arizona Diamondbacks,1,5,0,0,7,6,11,11,3,8,543135,Nathan Eovaldi,669194,Ryne Nelson
2025-08-11,776782,Daikin Park,Houston Astros,Boston Red Sox,7,2,0,2,7,6,10,10,8,3,664299,Cristian Javier,676979,Garrett Crochet
2025-08-11,776779,Angel Stadium,Los Angeles Angels,Los Angeles Dodgers,6,0,2,0,7,4,8,7,6,2,667755,José Soriano,808967,Yoshinobu Yamamoto
2025-08-11,776780,Oracle Park,San Francisco Giants,San Diego Padres,0,0,0,0,1,4,5,11,3,3,657277,Logan Webb,506433,Yu Darvish
2025-08-11,776787,Sutter Health Park,Athletics,Tampa Bay Rays,1,4,0,0,4,7,6,15,2,10,605488,Jeffrey Springs,686752,Ryan Pepiot
2025-08-12,776776,Oriole Park at Camden Yards,Baltimore Orioles,Seattle Mariners,0,1,0,1,0,1,5,6,2,4,665152,Dean Kremer,669923,George Kirby
2025-08-12,776777,Great American Ball Park,Cincinnati Reds,Philadelphia Phillies,3,0,0,0,6,1,10,5,6,1,663903,Brady Singer,624133,Ranger Suarez
2025-08-12,776778,Progressive Field,Cleveland Guardians,Miami Marlins,3,3,2,0,4,3,7,6,6,5,671106,Logan Allen,676083,Janson Junk
2025-08-12,776774,Yankee Stadium,New York Yankees,Minnesota Twins,5,1,1,1,9,1,11,1,6,1,607074,Carlos Rodón,701519,Travis Adams
2025-08-12,776768,Rogers Centre,Toronto Blue Jays,Chicago Cubs,4,0,1,0,5,1,12,4,8,1,621244,José Berríos,665871,Javier Assad
2025-08-12,776772,Citi Field,New York Mets,Atlanta Braves,10,5,0,1,13,5,16,8,11,8,605280,Clay Holmes,675911,Spencer Strider
2025-08-12,776770,Kauffman Stadium,Kansas City Royals,Washington Nationals,4,1,1,0,8,5,6,10,2,4,608379,Michael Wacha,680730,Mitchell Parker
2025-08-12,776773,Rate Field,Chicago White Sox,Detroit Tigers,5,1,0,0,9,6,13,8,8,1,672782,Yoendrys Gómez,656427,Jack Flaherty
2025-08-12,776771,American Family Field,Milwaukee Brewers,Pittsburgh Pirates,6,0,1,0,14,0,15,4,7,1,642547,Freddy Peralta,694973,Paul Skenes
2025-08-12,776775,Busch Stadium,St. Louis Cardinals,Colorado Rockies,0,3,0,0,0,3,6,5,2,5,669461,Matthew Liberatore,607536,Kyle Freeland
2025-08-12,776764,Globe Life Field,Texas Rangers,Arizona Diamondbacks,2,1,0,0,2,3,4,8,3,4,683004,Jack Leiter,543101,Anthony DeSclafani
2025-08-12,776769,Daikin Park,Houston Astros,Boston Red Sox,0,2,0,0,1,14,9,13,5,1,681293,Spencer Arrighetti,669160,Dustin May
2025-08-12,776763,Angel Stadium,Los Angeles Angels,Los Angeles Dodgers,5,5,3,1,7,6,9,11,5,6,682989,Victor Mederos,686218,Emmet Sheehan
2025-08-12,776767,Oracle Park,San Francisco Giants,San Diego Padres,1,4,1,1,1,5,10,10,6,6,592662,Robbie Ray,641482,Nestor Cortes
2025-08-12,776762,Sutter Health Park,Athletics,Tampa Bay Rays,5,0,0,0,6,0,8,4,5,3,682052,Jacob Lopez,669358,Shane Baz
2025-08-13,776759,Kauffman Stadium,Kansas City Royals,Washington Nationals,6,7,2,5,7,8,12,10,7,7,607625,Seth Lugo,663623,Jake Irvin
2025-08-13,776754,Rate Field,Chicago White Sox,Detroit Tigers,0,0,0,0,0,1,2,5,1,2,681343,Shane Smith,675512,Troy Melton
2025-08-13,776755,American Family Field,Milwaukee Brewers,Pittsburgh Pirates,6,3,0,0,12,5,12,12,8,8,605540,Brandon Woodruff,656605,Mitch Keller
2025-08-13,776758,Busch Stadium,St. Louis Cardinals,Colorado Rockies,5,2,0,0,5,6,9,12,9,6,700241,Michael McGreevy,596295,Austin Gomber
2025-08-13,776746,Globe Life Field,Texas Rangers,Arizona Diamondbacks,3,2,1,0,4,6,7,9,5,7,518876,Merrill Kelly,668678,Zac Gallen
2025-08-13,776749,Oracle Park,San Francisco Giants,San Diego Padres,0,10,0,0,1,11,5,14,3,9,678906,Kai-Wei Teng,601713,Nick Pivetta
2025-08-13,776765,Great American Ball Park,Cincinnati Reds,Philadelphia Phillies,1,0,0,0,8,0,10,3,4,2,668881,Hunter Greene,650911,Cristopher Sánchez
2025-08-13,776761,Oriole Park at Camden Yards,Baltimore Orioles,Seattle Mariners,0,0,0,0,4,3,9,6,2,2,669432,Trevor Rogers,669302,Logan Gilbert
2025-08-13,776766,Progressive Field,Cleveland Guardians,Miami Marlins,4,6,1,4,4,13,5,17,3,8,668909,Gavin Williams,691587,Eury Pérez
2025-08-13,776760,Yankee Stadium,New York Yankees,Minnesota Twins,1,1,0,0,1,4,5,8,3,2,693645,Cam Schlittler,657746,Joe Ryan
2025-08-13,776757,Rogers Centre,Toronto Blue Jays,Chicago Cubs,0,2,0,0,1,4,2,6,0,3,592332,Kevin Gausman,690990,Cade Horton
2025-08-13,776753,Daikin Park,Houston Astros,Boston Red Sox,2,1,2,0,4,1,4,8,2,4,686613,Hunter Brown,621111,Walker Buehler
2025-08-13,776756,Citi Field,New York Mets,Atlanta Braves,6,9,3,0,6,11,12,8,9,7,656849,David Peterson,471911,Carlos Carrasco
2025-08-13,776752,Angel Stadium,Los Angeles Angels,Los Angeles Dodgers,4,5,0,3,6,5,8,7,5,7,543294,Kyle Hendricks,660271,Shohei Ohtani
2025-08-13,776751,Sutter Health Park,Athletics,Tampa Bay Rays,2,6,0,4,2,8,4,12,3,7,669372,J.T. Ginn,656876,Drew Rasmussen
2025-08-14,776750,Oriole Park at Camden Yards,Baltimore Orioles,Seattle Mariners,5,0,0,0,5,3,4,8,4,2,608372,Tomoyuki Sugano,688138,Logan Evans
2025-08-14,776747,Rogers Centre,Toronto Blue Jays,Chicago Cubs,0,0,0,0,2,1,3,6,1,1,453286,Max Scherzer,571510,Matthew Boyd
2025-08-14,776745,Progressive Field,Cleveland Guardians,Miami Marlins,5,4,3,3,9,4,10,7,6,5,676440,Tanner Bibee,665795,Edward Cabrera
2025-08-14,776743,Nationals Park,Washington Nationals,Philadelphia Phillies,1,2,0,0,3,2,6,10,3,6,695418,Brad Lord,666200,Jesús Luzardo
2025-08-14,776748,Citi Field,New York Mets,Atlanta Braves,1,1,0,0,3,4,6,9,3,4,673540,Kodai Senga,693821,Bryce Elder
2025-08-14,776744,Target Field,Minnesota Twins,Detroit Tigers,3,2,0,0,3,4,7,6,6,2,641927,Bailey Ober,669373,Tarik Skubal
2025-08-14,776742,Coors Field,Colorado Rockies,Arizona Diamondbacks,1,7,0,3,2,8,9,9,5,6,687134,Bradley Blalock,593958,Eduardo Rodriguez
2025-08-15,776737,Wrigley Field,Chicago Cubs,Pittsburgh Pirates,1,1,0,0,2,3,6,6,3,3,607067,Colin Rea,677952,Braxton Ashcraft
2025-08-15,776740,Great American Ball Park,Cincinnati Reds,Milwaukee Brewers,8,8,1,0,8,10,9,17,9,13,607259,Nick Martinez,694819,Jacob Misiorowski
2025-08-15,776739,Nationals Park,Washington Nationals,Philadelphia Phillies,2,2,1,2,2,6,6,6,4,4,669022,MacKenzie Gore,554430,Zack Wheeler
2025-08-15,776735,Rogers Centre,Toronto Blue Jays,Texas Rangers,0,3,0,0,6,5,8,5,2,4,605135,Chris Bassitt,594798,Jacob deGrom
2025-08-15,776736,Citi Field,New York Mets,Seattle Mariners,6,4,1,1,9,11,12,16,9,6,640455,Sean Manaea,622491,Luis Castillo
2025-08-15,776738,Progressive Field,Cleveland Guardians,Atlanta Braves,0,1,0,0,0,2,2,8,1,4,676282,Joey Cantillo,694462,Hurston Waldrep
2025-08-15,776741,Fenway Park,Boston Red Sox,Miami Marlins,0,1,0,0,2,1,3,9,1,5,608337,Lucas Giolito,645261,Sandy Alcantara
2025-08-15,776733,Daikin Park,Houston Astros,Baltimore Orioles,0,3,0,0,0,7,1,13,0,6,664285,Framber Valdez,687064,Brandon Young
2025-08-15,776732,Target Field,Minnesota Twins,Detroit Tigers,0,7,0,5,0,7,2,10,1,8,701487,Pierson Ohl,450203,Charlie Morton
2025-08-15,776728,Kauffman Stadium,Kansas City Royals,Chicago White Sox,2,1,1,0,3,1,8,7,6,4,702070,Noah Cameron,650644,Aaron Civale
2025-08-15,776731,Busch Stadium,St. Louis Cardinals,New York Yankees,0,4,0,3,3,4,6,7,2,6,669467,Andre Pallante,661563,Luis Gil
2025-08-15,776730,Coors Field,Colorado Rockies,Arizona Diamondbacks,4,2,1,0,4,3,8,6,8,4,685299,Tanner Gordon,694297,Brandon Pfaadt
2025-08-15,776734,Sutter Health Park,Athletics,Los Angeles Angels,6,3,1,0,10,3,14,5,9,5,678022,Jack Perkins,579328,Yusei Kikuchi
2025-08-15,776727,Dodger Stadium,Los Angeles Dodgers,San Diego Padres,2,1,0,0,3,2,4,4,3,1,477132,Clayton Kershaw,593974,Wandy Peralta
2025-08-15,776729,Oracle Park,San Francisco Giants,Tampa Bay Rays,6,6,1,0,6,7,9,10,6,7,694738,Landen Roupp,671212,Joe Boyle
2025-08-16,776719,Wrigley Field,Chicago Cubs,Pittsburgh Pirates,1,1,0,0,3,1,9,5,5,1,684007,Shota Imanaga,681347,Mike Burrows
2025-08-16,776723,Rogers Centre,Toronto Blue Jays,Texas Rangers,11,1,0,0,14,2,18,7,12,4,641778,Eric Lauer,571578,Patrick Corbin
2025-08-16,776725,Nationals Park,Washington Nationals,Philadelphia Phillies,2,0,0,0,2,0,7,8,4,7,676917,Cade Cavalli,592836,Taijuan Walker
2025-08-16,776726,Citi Field,New York Mets,Seattle Mariners,1,0,0,0,3,1,10,4,4,2,690997,Nolan McLean,693433,Bryan Woo
2025-08-16,776724,Fenway Park,Boston Red Sox,Miami Marlins,7,1,2,0,7,5,9,8,8,2,678394,Brayan Bello,615698,Cal Quantrill
2025-08-16,776721,Great American Ball Park,Cincinnati Reds,Milwaukee Brewers,0,1,0,0,5,6,9,8,3,2,641793,Zack Littell,682990,Quinn Priester
2025-08-16,776722,Daikin Park,Houston Astros,Baltimore Orioles,3,2,0,0,5,4,8,7,7,3,669920,Jason Alexander,670329,Rico Garcia
2025-08-16,776720,Progressive Field,Cleveland Guardians,Atlanta Braves,1,8,0,0,1,10,6,14,3,10,677944,Slade Cecconi,666214,Joey Wentz
2025-08-16,776712,Kauffman Stadium,Kansas City Royals,Chicago White Sox,5,0,1,0,6,2,10,8,7,3,547179,Michael Lorenzen,680732,Sean Burke
2025-08-16,776716,Target Field,Minnesota Twins,Detroit Tigers,3,2,0,1,5,8,8,12,3,6,805673,Zebby Matthews,663554,Casey Mize
2025-08-16,776713,Busch Stadium,St. Louis Cardinals,New York Yankees,5,6,1,2,8,12,12,15,6,9,543243,Sonny Gray,608331,Max Fried
2025-08-16,776715,Coors Field,Colorado Rockies,Arizona Diamondbacks,2,5,0,1,10,7,12,9,6,6,801403,Chase Dollander,669194,Ryne Nelson
2025-08-16,776711,Oracle Park,San Francisco Giants,Tampa Bay Rays,0,0,0,0,1,2,7,6,4,1,434378,Justin Verlander,605288,Adrian Houser
2025-08-16,776717,Dodger Stadium,Los Angeles Dodgers,San Diego Padres,6,0,3,0,6,0,5,6,3,4,605483,Blake Snell,656302,Dylan Cease
2025-08-16,776718,Sutter Health Park,Athletics,Los Angeles Angels,5,1,2,0,7,2,8,7,5,5,806960,Luis Morales,542881,Tyler Anderson
2025-08-17,776708,Nationals Park,Washington Nationals,Philadelphia Phillies,6,8,0,1,9,11,13,13,8,11,680730,Mitchell Parker,605400,Aaron Nola
2025-08-17,776714,Fenway Park,Boston Red Sox,Miami Marlins,2,1,0,0,3,5,7,8,2,2,676979,Garrett Crochet,676083,Janson Junk
2025-08-17,776710,Rogers Centre,Toronto Blue Jays,Texas Rangers,1,6,0,0,4,10,7,15,3,10,621244,José Berríos,543135,Nathan Eovaldi
2025-08-17,776706,Progressive Field,Cleveland Guardians,Atlanta Braves,4,3,0,0,4,5,10,10,7,6,671106,Logan Allen,607200,Erick Fedde
2025-08-17,776709,Great American Ball Park,Cincinnati Reds,Milwaukee Brewers,0,0,0,0,3,2,8,5,3,3,671096,Andrew Abbott,500779,Jose Quintana
2025-08-17,776705,Daikin Park,Houston Astros,Baltimore Orioles,0,5,0,0,0,12,6,14,2,8,664299,Cristian Javier,665152,Dean Kremer
2025-08-17,776700,Target Field,Minnesota Twins,Detroit Tigers,8,1,0,0,8,1,9,3,8,3,641672,Thomas Hatch,663978,Chris Paddack
2025-08-17,776702,Kauffman Stadium,Kansas City Royals,Chicago White Sox,0,1,0,1,6,2,8,9,0,5,686701,Ryan Bergert,663436,Davis Martin
2025-08-17,776698,Busch Stadium,St. Louis Cardinals,New York Yankees,3,3,0,0,4,8,7,9,6,4,571945,Miles Mikolas,701542,Will Warren
2025-08-17,776704,Wrigley Field,Chicago Cubs,Pittsburgh Pirates,2,1,0,0,4,3,6,9,2,5,665871,Javier Assad,669387,Carmen Mlodzinski
2025-08-17,776701,Coors Field,Colorado Rockies,Arizona Diamondbacks,1,0,0,0,6,5,9,13,3,4,622608,Antonio Senzatela,622503,Nabil Crismatt
2025-08-17,776699,Sutter Health Park,Athletics,Los Angeles Angels,3,5,1,3,5,11,11,11,6,8,605488,Jeffrey Springs,667755,José Soriano
2025-08-17,776703,Oracle Park,San Francisco Giants,Tampa Bay Rays,0,0,0,0,7,1,11,5,2,2,657277,Logan Webb,686752,Ryan Pepiot
2025-08-17,776697,Dodger Stadium,Los Angeles Dodgers,San Diego Padres,4,2,4,0,5,4,6,10,3,6,607192,Tyler Glasnow,506433,Yu Darvish
2025-08-17,776707,Journey Bank Ballpark,New York Mets,Seattle Mariners,7,1,0,0,7,3,14,10,12,5,605280,Clay Holmes,669923,George Kirby
2025-08-18,777459,Wrigley Field,Chicago Cubs,Milwaukee Brewers,0,2,0,0,0,7,2,9,1,5,690990,Cade Horton,642547,Freddy Peralta
2025-08-18,776692,Comerica Park,Detroit Tigers,Houston Astros,5,0,0,0,10,0,13,5,7,3,656427,Jack Flaherty,681293,Spencer Arrighetti
2025-08-18,776694,PNC Park,Pittsburgh Pirates,Toronto Blue Jays,2,2,0,0,5,2,6,6,5,5,694973,Paul Skenes,592332,Kevin Gausman
2025-08-18,776688,loanDepot park,Miami Marlins,St. Louis Cardinals,2,3,1,0,3,8,6,10,3,3,691587,Eury Pérez,669461,Matthew Liberatore
2025-08-18,776689,Citizens Bank Park,Philadelphia Phillies,Seattle Mariners,6,0,0,0,12,7,22,9,13,3,624133,Ranger Suarez,669302,Logan Gilbert
2025-08-18,776695,Fenway Park,Boston Red Sox,Baltimore Orioles,0,2,0,0,3,6,6,12,3,7,669160,Dustin May,669432,Trevor Rogers
2025-08-18,776696,Truist Park,Atlanta Braves,Chicago White Sox,1,7,0,0,9,13,15,19,5,11,675911,Spencer Strider,672782,Yoendrys Gómez
2025-08-18,776690,Kauffman Stadium,Kansas City Royals,Texas Rangers,4,1,1,0,4,3,8,11,7,6,608379,Michael Wacha,683004,Jack Leiter
2025-08-18,776693,Coors Field,Colorado Rockies,Los Angeles Dodgers,2,2,0,0,4,3,6,8,2,6,607536,Kyle Freeland,808967,Yoshinobu Yamamoto
2025-08-18,776681,Angel Stadium,Los Angeles Angels,Cincinnati Reds,1,3,1,2,1,4,8,11,4,9,682989,Victor Mederos,663903,Brady Singer
2025-08-18,776682,Chase Field,Arizona Diamondbacks,Cleveland Guardians,0,3,0,0,1,3,6,5,2,5,668678,Zac Gallen,668909,Gavin Williams
2025-08-18,776683,Petco Park,San Diego Padres,San Francisco Giants,0,4,0,4,3,4,6,8,1,7,641482,Nestor Cortes,592662,Robbie Ray
2025-08-19,776691,Wrigley Field,Chicago Cubs,Milwaukee Brewers,5,2,2,0,6,4,8,8,5,4,571510,Matthew Boyd,694477,Chad Patrick
2025-08-19,776676,Wrigley Field,Chicago Cubs,Milwaukee Brewers,3,1,0,1,4,1,9,7,7,4,592791,Jameson Taillon,605540,Brandon Woodruff
2025-08-19,776685,Comerica Park,Detroit Tigers,Houston Astros,0,0,0,0,1,0,5,4,5,3,669373,Tarik Skubal,686613,Hunter Brown
2025-08-19,776679,PNC Park,Pittsburgh Pirates,Toronto Blue Jays,1,5,0,3,3,7,8,10,2,7,656605,Mitch Keller,453286,Max Scherzer
2025-08-19,776686,loanDepot park,Miami Marlins,St. Louis Cardinals,2,6,0,1,4,7,5,12,2,11,665795,Edward Cabrera,700241,Michael McGreevy
2025-08-19,776678,Nationals Park,Washington Nationals,New York Mets,0,5,0,0,1,8,5,11,1,7,663623,Jake Irvin,656849,David Peterson
2025-08-19,776680,Citizens Bank Park,Philadelphia Phillies,Seattle Mariners,4,1,1,0,6,4,7,7,4,5,650911,Cristopher Sánchez,682243,Bryce Miller
2025-08-19,776684,Fenway Park,Boston Red Sox,Baltimore Orioles,1,3,0,0,3,4,8,6,5,6,621111,Walker Buehler,608372,Tomoyuki Sugano
2025-08-19,776687,Truist Park,Atlanta Braves,Chicago White Sox,4,8,2,0,11,10,13,11,7,9,693821,Bryce Elder,681343,Shane Smith
2025-08-19,776677,George M. Steinbrenner Field,Tampa Bay Rays,New York Yankees,2,10,0,3,3,13,8,16,4,10,669358,Shane Baz,607074,Carlos Rodón
2025-08-19,776675,Kauffman Stadium,Kansas City Royals,Texas Rangers,1,2,1,1,5,2,6,4,1,3,607625,Seth Lugo,518876,Merrill Kelly
2025-08-19,776674,Target Field,Minnesota Twins,Athletics,3,5,0,0,3,6,6,11,4,7,657746,Joe Ryan,682052,Jacob Lopez
2025-08-19,776671,Coors Field,Colorado Rockies,Los Angeles Dodgers,2,7,0,2,4,11,8,18,5,12,596295,Austin Gomber,686218,Emmet Sheehan
2025-08-19,776668,Angel Stadium,Los Angeles Angels,Cincinnati Reds,1,4,1,0,4,6,9,11,4,8,543294,Kyle Hendricks,668881,Hunter Greene
2025-08-19,776672,Chase Field,Arizona Diamondbacks,Cleveland Guardians,4,4,0,0,6,5,9,8,6,5,593958,Eduardo Rodriguez,676440,Tanner Bibee
2025-08-19,776667,Petco Park,San Diego Padres,San Francisco Giants,4,1,1,1,5,1,9,4,6,3,601713,Nick Pivetta,678906,Kai-Wei Teng
2025-08-20,776661,PNC Park,Pittsburgh Pirates,Toronto Blue Jays,2,1,2,1,2,1,8,3,5,2,670912,Johan Oviedo,605135,Chris Bassitt
2025-08-20,776662,Citizens Bank Park,Philadelphia Phillies,Seattle Mariners,3,1,1,1,11,2,20,5,12,3,666200,Jesús Luzardo,622491,Luis Castillo
2025-08-20,776673,Comerica Park,Detroit Tigers,Houston Astros,7,2,6,0,7,2,7,5,7,3,450203,Charlie Morton,664285,Framber Valdez
2025-08-20,776658,Chase Field,Arizona Diamondbacks,Cleveland Guardians,1,2,1,1,3,2,9,6,6,5,694297,Brandon Pfaadt,800048,Parker Messick
2025-08-20,776670,loanDepot park,Miami Marlins,St. Louis Cardinals,4,1,0,0,6,2,9,5,7,3,645261,Sandy Alcantara,669467,Andre Pallante
2025-08-20,776659,Nationals Park,Washington Nationals,New York Mets,5,1,0,0,5,4,7,8,5,5,695418,Brad Lord,673540,Kodai Senga
2025-08-20,776669,Truist Park,Atlanta Braves,Chicago White Sox,1,0,0,0,1,0,4,4,3,3,694462,Hurston Waldrep,527048,Martín Pérez
2025-08-20,776664,George M. Steinbrenner Field,Tampa Bay Rays,New York Yankees,0,2,0,1,4,6,6,9,0,5,656876,Drew Rasmussen,693645,Cam Schlittler
2025-08-20,776666,Kauffman Stadium,Kansas City Royals,Texas Rangers,3,2,3,1,3,6,8,12,6,3,702070,Noah Cameron,676961,Caleb Boushley
2025-08-20,776665,Target Field,Minnesota Twins,Athletics,2,2,0,0,2,4,11,6,7,2,641927,Bailey Ober,669372,J.T. Ginn
2025-08-20,776663,Wrigley Field,Chicago Cubs,Milwaukee Brewers,3,1,0,0,4,3,4,6,1,3,607067,Colin Rea,694819,Jacob Misiorowski
2025-08-20,776660,Coors Field,Colorado Rockies,Los Angeles Dodgers,5,0,0,0,8,3,16,6,11,3,685299,Tanner Gordon,660271,Shohei Ohtani
2025-08-20,776652,Angel Stadium,Los Angeles Angels,Cincinnati Reds,1,1,0,0,2,1,5,7,2,5,579328,Yusei Kikuchi,607259,Nick Martinez
2025-08-20,776656,Petco Park,San Diego Padres,San Francisco Giants,6,1,1,0,8,1,10,4,6,4,676664,JP Sears,694738,Landen Roupp
2025-08-21,776653,Target Field,Minnesota Twins,Athletics,2,6,0,0,3,8,5,12,3,7,570632,José Ureña,678022,Jack Perkins
2025-08-21,776657,Kauffman Stadium,Kansas City Royals,Texas Rangers,5,4,0,0,6,4,9,10,8,9,547179,Michael Lorenzen,571578,Patrick Corbin
2025-08-21,776651,Wrigley Field,Chicago Cubs,Milwaukee Brewers,1,2,0,0,1,4,5,7,3,3,684007,Shota Imanaga,682990,Quinn Priester
2025-08-21,776644,Coors Field,Colorado Rockies,Los Angeles Dodgers,2,8,1,2,5,9,10,12,4,10,801403,Chase Dollander,477132,Clayton Kershaw
2025-08-21,776650,Nationals Park,Washington Nationals,New York Mets,4,3,0,1,9,3,9,7,4,6,669022,MacKenzie Gore,640455,Sean Manaea
2025-08-21,776642,Petco Park,San Diego Padres,San Francisco Giants,8,2,0,0,8,4,10,7,8,4,656302,Dylan Cease,434378,Justin Verlander
2025-08-21,776655,Oriole Park at Camden Yards,Baltimore Orioles,Houston Astros,1,7,0,2,2,7,9,12,5,9,687064,Brandon Young,669920,Jason Alexander
2025-08-21,776654,Yankee Stadium,New York Yankees,Boston Red Sox,3,2,0,0,3,6,8,10,6,4,661563,Luis Gil,608337,Lucas Giolito
2025-08-21,776631,George M. Steinbrenner Field,Tampa Bay Rays,St. Louis Cardinals,3,6,1,0,4,7,10,10,6,9,671212,Joe Boyle,543243,Sonny Gray
2025-08-22,776637,PNC Park,Pittsburgh Pirates,Colorado Rockies,5,0,2,0,9,0,14,3,9,1,677952,Braxton Ashcraft,622608,Antonio Senzatela
2025-08-22,776648,Citizens Bank Park,Philadelphia Phillies,Washington Nationals,1,3,0,3,4,5,8,8,5,3,592836,Taijuan Walker,676917,Cade Cavalli
2025-08-22,776643,Oriole Park at Camden Yards,Baltimore Orioles,Houston Astros,3,7,0,0,7,10,13,10,5,5,700249,Cade Povich,621121,Lance McCullers Jr.
2025-08-22,776647,Yankee Stadium,New York Yankees,Boston Red Sox,0,0,0,0,0,1,3,6,2,4,608331,Max Fried,678394,Brayan Bello
2025-08-22,776649,Comerica Park,Detroit Tigers,Kansas City Royals,1,3,0,0,7,5,12,11,2,9,663554,Casey Mize,686701,Ryan Bergert
2025-08-22,776646,loanDepot park,Miami Marlins,Toronto Blue Jays,1,3,0,3,2,5,4,9,1,6,687473,Ryan Gusto,669456,Shane Bieber
2025-08-22,776645,Truist Park,Atlanta Braves,New York Mets,2,7,0,0,7,12,10,21,3,13,666214,Joey Wentz,690997,Nolan McLean
2025-08-22,776633,George M. Steinbrenner Field,Tampa Bay Rays,St. Louis Cardinals,7,1,1,0,10,6,16,9,12,3,605288,Adrian Houser,571945,Miles Mikolas
2025-08-22,776639,Rate Field,Chicago White Sox,Minnesota Twins,4,4,1,0,7,9,12,12,8,5,650644,Aaron Civale,805673,Zebby Matthews
2025-08-22,776641,Globe Life Field,Texas Rangers,Cleveland Guardians,1,1,0,0,4,3,7,7,2,3,543135,Nathan Eovaldi,677944,Slade Cecconi
2025-08-22,776634,American Family Field,Milwaukee Brewers,San Francisco Giants,2,2,0,1,5,4,7,5,4,2,500779,Jose Quintana,687931,Carson Whisenhunt
2025-08-22,776640,Angel Stadium,Los Angeles Angels,Chicago Cubs,1,2,0,1,2,3,3,5,2,3,542881,Tyler Anderson,665871,Javier Assad
2025-08-22,776635,Chase Field,Arizona Diamondbacks,Cincinnati Reds,4,2,1,0,6,5,8,6,5,3,669194,Ryne Nelson,641793,Zack Littell
2025-08-22,776636,Petco Park,San Diego Padres,Los Angeles Dodgers,2,1,0,0,2,1,7,3,6,1,506433,Yu Darvish,605483,Blake Snell
2025-08-22,776638,T-Mobile Park,Seattle Mariners,Athletics,1,1,0,1,3,2,5,5,2,1,693433,Bryan Woo,806960,Luis Morales
2025-08-23,776627,Yankee Stadium,New York Yankees,Boston Red Sox,1,5,0,0,1,12,7,17,5,8,701542,Will Warren,676979,Garrett Crochet
2025-08-23,776630,loanDepot park,Miami Marlins,Toronto Blue Jays,0,1,0,0,6,7,10,12,1,4,676083,Janson Junk,621244,José Berríos
2025-08-23,776628,Citizens Bank Park,Philadelphia Phillies,Washington Nationals,6,1,0,0,6,4,8,9,6,3,605400,Aaron Nola,680730,Mitchell Parker
2025-08-23,776625,Comerica Park,Detroit Tigers,Kansas City Royals,3,1,0,0,4,2,9,8,7,5,663978,Chris Paddack,608379,Michael Wacha
2025-08-23,776632,PNC Park,Pittsburgh Pirates,Colorado Rockies,5,0,0,0,5,1,11,6,7,2,681347,Mike Burrows,607536,Kyle Freeland
2025-08-23,776629,Oriole Park at Camden Yards,Baltimore Orioles,Houston Astros,7,7,3,5,8,9,9,11,7,7,665152,Dean Kremer,664299,Cristian Javier
2025-08-23,776623,Globe Life Field,Texas Rangers,Cleveland Guardians,9,0,0,0,10,0,10,3,8,2,683004,Jack Leiter,671106,Logan Allen
2025-08-23,776619,Rate Field,Chicago White Sox,Minnesota Twins,6,2,0,0,7,3,10,7,8,5,663436,Davis Martin,690953,Mick Abel
2025-08-23,776621,American Family Field,Milwaukee Brewers,San Francisco Giants,1,0,0,0,1,7,7,10,4,2,642547,Freddy Peralta,657277,Logan Webb
2025-08-23,776626,Truist Park,Atlanta Braves,New York Mets,2,3,0,0,2,9,5,11,2,5,615698,Cal Quantrill,605280,Clay Holmes
2025-08-23,776622,Chase Field,Arizona Diamondbacks,Cincinnati Reds,8,0,3,0,10,1,14,7,9,4,656222,Jalen Beeks,671096,Andrew Abbott
2025-08-23,776617,Petco Park,San Diego Padres,Los Angeles Dodgers,3,0,0,0,5,1,3,2,2,0,641482,Nestor Cortes,607192,Tyler Glasnow
2025-08-23,776618,Angel Stadium,Los Angeles Angels,Chicago Cubs,0,6,0,0,1,12,5,14,3,5,682989,Victor Mederos,690990,Cade Horton
2025-08-23,776620,T-Mobile Park,Seattle Mariners,Athletics,0,1,0,0,1,2,3,5,1,4,669923,George Kirby,605488,Jeffrey Springs
2025-08-24,776610,PNC Park,Pittsburgh Pirates,Colorado Rockies,4,0,0,0,4,0,6,4,5,2,694973,Paul Skenes,685326,McCade Brown
2025-08-24,776606,George M. Steinbrenner Field,Tampa Bay Rays,St. Louis Cardinals,5,0,0,0,7,2,8,5,4,1,686752,Ryan Pepiot,669461,Matthew Liberatore
2025-08-24,776612,Oriole Park at Camden Yards,Baltimore Orioles,Houston Astros,1,1,1,0,3,2,8,8,4,5,669432,Trevor Rogers,681293,Spencer Arrighetti
2025-08-24,776613,Citizens Bank Park,Philadelphia Phillies,Washington Nationals,3,0,0,0,3,2,7,5,6,1,624133,Ranger Suarez,663623,Jake Irvin
2025-08-24,776624,Truist Park,Atlanta Braves,New York Mets,0,2,0,0,4,3,8,6,3,3,693821,Bryce Elder,656849,David Peterson
2025-08-24,776615,Comerica Park,Detroit Tigers,Kansas City Royals,7,6,0,0,8,10,9,12,8,8,656427,Jack Flaherty,607625,Seth Lugo
2025-08-24,776614,loanDepot park,Miami Marlins,Toronto Blue Jays,4,0,0,0,5,3,10,4,7,2,691587,Eury Pérez,592332,Kevin Gausman
2025-08-24,776607,Rate Field,Chicago White Sox,Minnesota Twins,7,0,3,0,8,0,12,5,9,2,672782,Yoendrys Gómez,671737,Taj Bradley
2025-08-24,776608,American Family Field,Milwaukee Brewers,San Francisco Giants,3,2,0,0,3,4,9,9,6,3,694477,Chad Patrick,592662,Robbie Ray
2025-08-24,776611,Globe Life Field,Texas Rangers,Cleveland Guardians,4,0,0,0,5,0,10,5,6,3,518876,Merrill Kelly,668909,Gavin Williams
2025-08-24,776605,Angel Stadium,Los Angeles Angels,Chicago Cubs,1,4,1,0,3,4,7,8,3,6,543294,Kyle Hendricks,592791,Jameson Taillon
2025-08-24,776609,Chase Field,Arizona Diamondbacks,Cincinnati Reds,1,0,1,0,1,6,2,11,1,2,668678,Zac Gallen,663903,Brady Singer
2025-08-24,776603,Petco Park,San Diego Padres,Los Angeles Dodgers,2,1,0,1,2,8,5,9,3,1,601713,Nick Pivetta,808967,Yoshinobu Yamamoto
2025-08-24,776602,T-Mobile Park,Seattle Mariners,Athletics,11,1,2,0,11,4,9,7,8,1,669302,Logan Gilbert,682052,Jacob Lopez
2025-08-24,776616,Yankee Stadium,New York Yankees,Boston Red Sox,5,0,0,0,7,2,7,5,5,1,607074,Carlos Rodón,669160,Dustin May
2025-08-25,776604,Oriole Park at Camden Yards,Baltimore Orioles,Boston Red Sox,3,4,0,1,3,4,6,7,3,6,608372,Tomoyuki Sugano,657514,Brennan Bernardino
2025-08-25,776601,Progressive Field,Cleveland Guardians,Tampa Bay Rays,0,4,0,0,0,9,2,14,1,6,676440,Tanner Bibee,693855,Ian Seymour
2025-08-25,776600,loanDepot park,Miami Marlins,Atlanta Braves,1,0,0,0,2,1,4,3,3,1,665795,Edward Cabrera,675911,Spencer Strider
2025-08-25,776597,Yankee Stadium,New York Yankees,Washington Nationals,7,0,1,0,10,5,12,9,8,3,693645,Cam Schlittler,695418,Brad Lord
2025-08-25,776596,Rogers Centre,Toronto Blue Jays,Minnesota Twins,6,1,4,0,10,4,10,5,7,2,453286,Max Scherzer,657746,Joe Ryan
2025-08-25,776598,Citi Field,New York Mets,Philadelphia Phillies,4,3,0,1,13,3,14,6,6,6,673540,Kodai Senga,650911,Cristopher Sánchez
2025-08-25,776599,Rate Field,Chicago White Sox,Kansas City Royals,6,0,3,0,7,0,11,2,8,1,681343,Shane Smith,702070,Noah Cameron
2025-08-25,776593,American Family Field,Milwaukee Brewers,Arizona Diamondbacks,6,0,0,0,7,5,10,6,8,1,605540,Brandon Woodruff,593958,Eduardo Rodriguez
2025-08-25,776589,Busch Stadium,St. Louis Cardinals,Pittsburgh Pirates,6,4,0,1,7,6,11,9,9,6,700241,Michael McGreevy,670912,Johan Oviedo
2025-08-25,776592,Globe Life Field,Texas Rangers,Los Angeles Angels,0,2,0,1,0,4,5,7,3,3,594798,Jacob deGrom,667755,José Soriano
2025-08-25,776595,T-Mobile Park,Seattle Mariners,San Diego Padres,9,4,1,0,9,6,10,10,8,6,682243,Bryce Miller,676664,JP Sears
2025-08-25,776590,Sutter Health Park,Athletics,Detroit Tigers,0,0,0,0,8,3,10,10,2,4,669372,J.T. Ginn,669373,Tarik Skubal
2025-08-25,776594,Dodger Stadium,Los Angeles Dodgers,Cincinnati Reds,3,0,0,0,7,0,9,3,5,1,686218,Emmet Sheehan,668881,Hunter Greene
2025-08-26,776591,Oriole Park at Camden Yards,Baltimore Orioles,Boston Red Sox,0,2,0,0,0,5,6,9,2,3,680694,Kyle Bradish,608337,Lucas Giolito
2025-08-26,776584,Progressive Field,Cleveland Guardians,Tampa Bay Rays,3,0,3,0,3,0,3,5,3,2,800048,Parker Messick,669358,Shane Baz
2025-08-26,776581,loanDepot park,Miami Marlins,Atlanta Braves,1,2,1,1,2,11,12,11,7,2,645261,Sandy Alcantara,694462,Hurston Waldrep
2025-08-26,776588,Yankee Stadium,New York Yankees,Washington Nationals,3,1,0,0,5,1,6,8,3,5,661563,Luis Gil,669022,MacKenzie Gore
2025-08-26,776582,Rogers Centre,Toronto Blue Jays,Minnesota Twins,4,0,2,0,5,7,14,9,10,2,605135,Chris Bassitt,641927,Bailey Ober
2025-08-26,776585,Citi Field,New York Mets,Philadelphia Phillies,5,2,0,0,6,5,12,11,7,7,640455,Sean Manaea,666200,Jesús Luzardo
2025-08-26,776583,Rate Field,Chicago White Sox,Kansas City Royals,1,0,0,0,4,5,9,9,4,1,527048,Martín Pérez,547179,Michael Lorenzen
2025-08-26,776586,American Family Field,Milwaukee Brewers,Arizona Diamondbacks,6,3,1,0,9,8,12,14,8,4,694819,Jacob Misiorowski,694297,Brandon Pfaadt
2025-08-26,776578,Busch Stadium,St. Louis Cardinals,Pittsburgh Pirates,2,8,0,5,3,8,3,11,3,8,669467,Andre Pallante,656605,Mitch Keller
2025-08-26,776575,Globe Life Field,Texas Rangers,Los Angeles Angels,6,0,3,0,7,3,7,6,5,2,571578,Patrick Corbin,579328,Yusei Kikuchi
2025-08-26,776587,Daikin Park,Houston Astros,Colorado Rockies,1,6,0,0,1,6,6,6,6,5,686613,Hunter Brown,685299,Tanner Gordon
2025-08-26,776577,T-Mobile Park,Seattle Mariners,San Diego Padres,6,5,0,5,6,7,8,12,6,5,622491,Luis Castillo,656302,Dylan Cease
2025-08-26,776576,Oracle Park,San Francisco Giants,Chicago Cubs,3,2,0,0,5,2,7,8,5,7,434378,Justin Verlander,571510,Matthew Boyd
2025-08-26,776573,Sutter Health Park,Athletics,Detroit Tigers,5,5,3,0,7,6,10,9,7,4,674370,Osvaldo Bido,450203,Charlie Morton
2025-08-26,776574,Dodger Stadium,Los Angeles Dodgers,Cincinnati Reds,2,1,1,1,6,3,10,7,5,2,477132,Clayton Kershaw,607259,Nick Martinez
2025-08-27,776570,Yankee Stadium,New York Yankees,Washington Nationals,11,0,1,0,11,2,13,6,13,0,608331,Max Fried,676917,Cade Cavalli
2025-08-27,776580,Progressive Field,Cleveland Guardians,Tampa Bay Rays,2,3,0,0,4,3,8,7,4,6,677944,Slade Cecconi,656876,Drew Rasmussen
2025-08-27,776565,loanDepot park,Miami Marlins,Atlanta Braves,1,9,0,1,1,12,5,11,3,7,687473,Ryan Gusto,666214,Joey Wentz
2025-08-27,776561,T-Mobile Park,Seattle Mariners,San Diego Padres,4,0,0,0,4,3,8,8,4,3,693433,Bryan Woo,506433,Yu Darvish
2025-08-27,776579,Oriole Park at Camden Yards,Baltimore Orioles,Boston Red Sox,1,1,0,1,2,3,5,7,4,4,608650,Dietrich Enns,678394,Brayan Bello
2025-08-27,776567,Rogers Centre,Toronto Blue Jays,Minnesota Twins,5,8,0,1,9,8,12,12,6,11,641778,Eric Lauer,680573,Simeon Woods Richardson
2025-08-27,776566,Citi Field,New York Mets,Philadelphia Phillies,4,0,0,0,6,0,12,5,10,1,690997,Nolan McLean,592836,Taijuan Walker
2025-08-27,776569,Rate Field,Chicago White Sox,Kansas City Royals,1,8,0,0,1,12,7,16,5,8,650644,Aaron Civale,686701,Ryan Bergert
2025-08-27,776572,American Family Field,Milwaukee Brewers,Arizona Diamondbacks,1,0,0,0,2,3,10,9,5,3,676879,Aaron Ashby,669194,Ryne Nelson
2025-08-27,776568,Busch Stadium,St. Louis Cardinals,Pittsburgh Pirates,1,0,0,0,1,2,4,3,4,1,543243,Sonny Gray,669387,Carmen Mlodzinski
2025-08-27,776563,Globe Life Field,Texas Rangers,Los Angeles Angels,12,2,4,1,20,3,22,7,12,4,656641,Jacob Latz,686799,Jack Kochanowicz
2025-08-27,776571,Daikin Park,Houston Astros,Colorado Rockies,1,0,1,0,4,0,7,4,3,2,664285,Framber Valdez,801403,Chase Dollander
2025-08-27,776562,Dodger Stadium,Los Angeles Dodgers,Cincinnati Reds,4,1,0,0,5,1,7,6,5,2,660271,Shohei Ohtani,666157,Nick Lodolo
2025-08-27,776557,Oracle Park,San Francisco Giants,Chicago Cubs,7,3,1,0,12,3,13,5,8,5,687931,Carson Whisenhunt,607067,Colin Rea
2025-08-27,776559,Sutter Health Park,Athletics,Detroit Tigers,5,0,1,0,7,0,11,2,7,2,806960,Luis Morales,663554,Casey Mize
2025-08-28,776564,Oriole Park at Camden Yards,Baltimore Orioles,Boston Red Sox,2,2,0,1,2,3,9,8,6,7,700249,Cade Povich,676979,Garrett Crochet
2025-08-28,776555,Daikin Park,Houston Astros,Colorado Rockies,3,3,2,0,4,3,9,8,8,6,669920,Jason Alexander,607536,Kyle Freeland
2025-08-28,776553,American Family Field,Milwaukee Brewers,Arizona Diamondbacks,4,6,1,0,4,6,10,11,7,6,500779,Jose Quintana,622503,Nabil Crismatt
2025-08-28,776554,Busch Stadium,St. Louis Cardinals,Pittsburgh Pirates,1,1,0,1,4,1,7,5,3,4,571945,Miles Mikolas,677952,Braxton Ashcraft
2025-08-28,776550,Oracle Park,San Francisco Giants,Chicago Cubs,2,2,2,1,4,3,8,8,4,6,657277,Logan Webb,684007,Shota Imanaga
2025-08-28,776560,Citizens Bank Park,Philadelphia Phillies,Atlanta Braves,15,3,5,3,19,4,20,6,14,3,605400,Aaron Nola,615698,Cal Quantrill
2025-08-28,776558,Citi Field,New York Mets,Miami Marlins,4,4,2,1,4,7,7,9,5,5,605280,Clay Holmes,800049,Adam Mazur
2025-08-28,776556,Rate Field,Chicago White Sox,New York Yankees,4,6,0,2,4,10,5,12,5,7,663436,Davis Martin,701542,Will Warren
2025-08-29,776551,Great American Ball Park,Cincinnati Reds,St. Louis Cardinals,2,4,2,1,5,7,12,9,6,6,641793,Zack Littell,669461,Matthew Liberatore
2025-08-29,776545,Nationals Park,Washington Nationals,Tampa Bay Rays,1,3,1,2,1,4,12,8,7,6,680730,Mitchell Parker,605288,Adrian Houser
2025-08-29,776552,Citizens Bank Park,Philadelphia Phillies,Atlanta Braves,1,1,0,0,2,1,6,12,3,10,624133,Ranger Suarez,693821,Bryce Elder
2025-08-29,776546,Rogers Centre,Toronto Blue Jays,Milwaukee Brewers,0,0,0,0,2,7,4,11,1,3,669456,Shane Bieber,642547,Freddy Peralta
2025-08-29,776549,Fenway Park,Boston Red Sox,Pittsburgh Pirates,2,0,0,0,2,4,9,10,6,1,801139,Payton Tolle,694973,Paul Skenes
2025-08-29,776547,Progressive Field,Cleveland Guardians,Seattle Mariners,0,4,0,4,5,4,9,10,4,6,671106,Logan Allen,669923,George Kirby
2025-08-29,776548,Citi Field,New York Mets,Miami Marlins,12,4,5,0,19,9,18,15,10,6,804636,Jonah Tong,691587,Eury Pérez
2025-08-29,776544,Rate Field,Chicago White Sox,New York Yankees,1,5,0,1,2,10,12,7,5,2,672782,Yoendrys Gómez,607074,Carlos Rodón
2025-08-29,776543,Daikin Park,Houston Astros,Los Angeles Angels,0,0,0,0,2,0,9,2,5,0,664299,Cristian Javier,542881,Tyler Anderson
2025-08-29,776540,Kauffman Stadium,Kansas City Royals,Detroit Tigers,3,4,3,0,3,5,9,11,5,8,607625,Seth Lugo,663978,Chris Paddack
2025-08-29,776541,Target Field,Minnesota Twins,San Diego Padres,7,2,0,0,7,4,12,9,11,6,805673,Zebby Matthews,641482,Nestor Cortes
2025-08-29,776542,Coors Field,Colorado Rockies,Chicago Cubs,2,9,0,0,7,11,14,15,6,12,608566,Germán Márquez,690990,Cade Horton
2025-08-29,776538,Sutter Health Park,Athletics,Texas Rangers,2,3,0,0,2,5,5,10,5,5,605488,Jeffrey Springs,683004,Jack Leiter
2025-08-29,776534,Dodger Stadium,Los Angeles Dodgers,Arizona Diamondbacks,0,2,0,0,0,3,3,4,1,2,605483,Blake Snell,668678,Zac Gallen
2025-08-29,776533,Oracle Park,San Francisco Giants,Baltimore Orioles,10,6,4,1,15,8,18,10,11,6,592662,Robbie Ray,665152,Dean Kremer
2025-08-30,776527,Rogers Centre,Toronto Blue Jays,Milwaukee Brewers,0,0,0,0,1,4,7,9,3,3,592332,Kevin Gausman,682990,Quinn Priester
2025-08-30,776525,Nationals Park,Washington Nationals,Tampa Bay Rays,0,4,0,3,1,4,4,5,1,5,663623,Jake Irvin,686752,Ryan Pepiot
2025-08-30,776539,Fenway Park,Boston Red Sox,Pittsburgh Pirates,2,4,0,1,3,10,8,12,3,6,669160,Dustin May,670912,Johan Oviedo
2025-08-30,776535,Citi Field,New York Mets,Miami Marlins,6,8,1,5,8,11,12,13,8,8,656849,David Peterson,665795,Edward Cabrera
2025-08-30,776532,Citizens Bank Park,Philadelphia Phillies,Atlanta Braves,1,0,0,0,3,2,6,9,2,5,650911,Cristopher Sánchez,519242,Chris Sale
2025-08-30,776536,Great American Ball Park,Cincinnati Reds,St. Louis Cardinals,1,2,1,0,2,4,8,7,4,3,671096,Andrew Abbott,700241,Michael McGreevy
2025-08-30,776531,Daikin Park,Houston Astros,Los Angeles Angels,1,1,0,0,1,4,7,6,7,1,681293,Spencer Arrighetti,543294,Kyle Hendricks
2025-08-30,776530,Target Field,Minnesota Twins,San Diego Padres,3,1,0,0,3,12,5,14,4,1,671737,Taj Bradley,601713,Nick Pivetta
2025-08-30,776529,Rate Field,Chicago White Sox,New York Yankees,1,1,0,0,3,5,8,6,3,2,681343,Shane Smith,693645,Cam Schlittler
2025-08-30,776528,Kauffman Stadium,Kansas City Royals,Detroit Tigers,1,1,0,0,3,1,6,7,4,4,663568,Stephen Kolek,656427,Jack Flaherty
2025-08-30,776537,Progressive Field,Cleveland Guardians,Seattle Mariners,1,0,0,0,4,3,5,5,2,2,668909,Gavin Williams,669302,Logan Gilbert
2025-08-30,776516,Oracle Park,San Francisco Giants,Baltimore Orioles,1,7,1,0,1,11,5,13,5,8,693313,Carson Seymour,669432,Trevor Rogers
2025-08-30,776526,Coors Field,Colorado Rockies,Chicago Cubs,1,3,0,1,3,4,7,9,4,5,685326,McCade Brown,665871,Javier Assad
2025-08-30,776523,Dodger Stadium,Los Angeles Dodgers,Arizona Diamondbacks,0,0,0,0,1,6,6,8,4,0,607192,Tyler Glasnow,593958,Eduardo Rodriguez
2025-08-30,776524,Sutter Health Park,Athletics,Texas Rangers,2,5,0,0,3,9,8,17,4,9,686930,Mason Barnett,518876,Merrill Kelly
2025-08-31,776518,Great American Ball Park,Cincinnati Reds,St. Louis Cardinals,5,3,0,2,7,4,10,7,6,5,663903,Brady Singer,669467,Andre Pallante
2025-08-31,776513,Target Field,Minnesota Twins,San Diego Padres,6,0,0,0,7,2,8,8,6,3,657746,Joe Ryan,688158,David Morgan
2025-08-31,776517,Fenway Park,Boston Red Sox,Pittsburgh Pirates,4,1,0,0,5,2,8,6,4,2,608337,Lucas Giolito,656605,Mitch Keller
2025-08-31,776520,Nationals Park,Washington Nationals,Tampa Bay Rays,4,7,0,0,4,7,7,6,4,6,695418,Brad Lord,693855,Ian Seymour
2025-08-31,776515,Rogers Centre,Toronto Blue Jays,Milwaukee Brewers,8,4,3,2,8,4,13,13,11,10,453286,Max Scherzer,605540,Brandon Woodruff
2025-08-31,776521,Progressive Field,Cleveland Guardians,Seattle Mariners,2,2,0,0,2,4,2,9,2,5,676440,Tanner Bibee,682243,Bryce Miller
2025-08-31,776519,Citi Field,New York Mets,Miami Marlins,0,5,0,1,1,5,5,10,2,7,673540,Kodai Senga,645261,Sandy Alcantara
2025-08-31,776510,Daikin Park,Houston Astros,Los Angeles Angels,0,1,0,0,0,3,2,6,1,2,686613,Hunter Brown,667755,José Soriano
2025-08-31,776512,Kauffman Stadium,Kansas City Royals,Detroit Tigers,0,4,0,0,0,5,4,9,4,5,608379,Michael Wacha,669373,Tarik Skubal
2025-08-31,776514,Rate Field,Chicago White Sox,New York Yankees,1,2,0,1,3,2,5,6,3,5,527048,Martín Pérez,661563,Luis Gil
2025-08-31,776511,Coors Field,Colorado Rockies,Chicago Cubs,4,2,0,0,6,5,11,7,6,4,685299,Tanner Gordon,571510,Matthew Boyd
2025-08-31,776507,Oracle Park,San Francisco Giants,Baltimore Orioles,7,0,1,0,13,2,16,9,11,3,434378,Justin Verlander,608372,Tomoyuki Sugano
2025-08-31,776508,Sutter Health Park,Athletics,Texas Rangers,0,5,0,2,6,9,9,9,2,5,669372,J.T. Ginn,594798,Jacob deGrom
2025-08-31,776509,Dodger Stadium,Los Angeles Dodgers,Arizona Diamondbacks,4,1,2,0,5,4,10,7,8,3,808967,Yoshinobu Yamamoto,694297,Brandon Pfaadt
2025-08-31,776522,Citizens Bank Park,Philadelphia Phillies,Atlanta Braves,1,0,0,0,1,3,5,6,4,1,666200,Jesús Luzardo,694462,Hurston Waldrep
2025-09-01,776498,Nationals Park,Washington Nationals,Miami Marlins,2,0,0,0,2,0,3,2,3,1,674841,Andrew Alvarez,669199,Lake Bachar
2025-09-01,776501,Comerica Park,Detroit Tigers,New York Mets,6,6,1,0,8,10,14,8,10,5,450203,Charlie Morton,640455,Sean Manaea
2025-09-01,776503,Great American Ball Park,Cincinnati Reds,Toronto Blue Jays,2,0,0,0,5,4,11,8,3,3,668881,Hunter Greene,605135,Chris Bassitt
2025-09-01,776505,Fenway Park,Boston Red Sox,Cleveland Guardians,5,3,2,0,6,4,14,8,11,6,678394,Brayan Bello,800048,Parker Messick
2025-09-01,776499,Daikin Park,Houston Astros,Los Angeles Angels,4,3,0,0,8,3,12,7,7,3,677651,Luis Garcia,579328,Yusei Kikuchi
2025-09-01,776502,Target Field,Minnesota Twins,Chicago White Sox,2,4,0,0,5,6,8,12,4,6,641927,Bailey Ober,686642,Fraser Ellard
2025-09-01,776497,Busch Stadium,St. Louis Cardinals,Athletics,1,3,0,0,3,11,8,17,3,5,543243,Sonny Gray,806960,Luis Morales
2025-09-01,776506,Wrigley Field,Chicago Cubs,Atlanta Braves,2,6,0,1,7,6,11,10,4,9,607067,Colin Rea,675911,Spencer Strider
2025-09-01,776492,Coors Field,Colorado Rockies,San Francisco Giants,0,6,0,1,2,8,13,11,7,5,801403,Chase Dollander,678906,Kai-Wei Teng
2025-09-01,776500,American Family Field,Milwaukee Brewers,Philadelphia Phillies,5,3,3,0,8,10,10,14,7,6,694819,Jacob Misiorowski,592836,Taijuan Walker
2025-09-01,776494,Petco Park,San Diego Padres,Baltimore Orioles,3,3,0,0,3,4,7,11,5,7,656302,Dylan Cease,680694,Kyle Bradish
2025-09-01,776504,George M. Steinbrenner Field,Tampa Bay Rays,Seattle Mariners,5,0,0,0,10,2,13,10,6,3,669358,Shane Baz,622491,Luis Castillo
2025-09-01,776495,Chase Field,Arizona Diamondbacks,Texas Rangers,3,2,2,0,5,7,7,8,3,3,669194,Ryne Nelson,571578,Patrick Corbin
2025-09-02,776490,Comerica Park,Detroit Tigers,New York Mets,2,6,2,1,5,12,8,17,3,6,687830,Sawyer Gipson-Long,690997,Nolan McLean
2025-09-02,776496,PNC Park,Pittsburgh Pirates,Los Angeles Dodgers,4,4,4,0,9,7,8,12,4,8,669387,Carmen Mlodzinski,477132,Clayton Kershaw
2025-09-02,776491,Great American Ball Park,Cincinnati Reds,Toronto Blue Jays,8,10,1,4,9,12,15,12,11,9,605130,Scott Barlow,621244,José Berríos
2025-09-02,776493,Fenway Park,Boston Red Sox,Cleveland Guardians,5,1,0,0,11,7,18,11,9,3,676979,Garrett Crochet,677944,Slade Cecconi
2025-09-02,776482,Nationals Park,Washington Nationals,Miami Marlins,5,2,0,0,5,2,10,4,8,4,676917,Cade Cavalli,800049,Adam Mazur
2025-09-02,776485,George M. Steinbrenner Field,Tampa Bay Rays,Seattle Mariners,2,3,2,0,6,5,7,6,3,4,656876,Drew Rasmussen,693433,Bryan Woo
2025-09-02,776488,Kauffman Stadium,Kansas City Royals,Los Angeles Angels,1,0,0,0,1,5,4,9,3,2,547179,Michael Lorenzen,815083,Mitch Farris
2025-09-02,776487,Wrigley Field,Chicago Cubs,Atlanta Braves,4,3,0,0,4,3,7,8,7,4,684007,Shota Imanaga,666214,Joey Wentz
2025-09-02,776484,Target Field,Minnesota Twins,Chicago White Sox,3,3,1,0,3,12,7,13,6,2,680573,Simeon Woods Richardson,663436,Davis Martin
2025-09-02,776483,Busch Stadium,St. Louis Cardinals,Athletics,0,1,0,0,2,1,5,5,3,5,571945,Miles Mikolas,622663,Luis Severino
2025-09-02,776489,Daikin Park,Houston Astros,New York Yankees,0,6,0,0,1,7,5,11,1,8,664285,Framber Valdez,608331,Max Fried
2025-09-02,776486,Coors Field,Colorado Rockies,San Francisco Giants,2,5,0,2,4,7,9,13,7,10,607536,Kyle Freeland,657277,Logan Webb
2025-09-02,776480,Petco Park,San Diego Padres,Baltimore Orioles,2,5,0,1,2,6,6,10,5,8,506433,Yu Darvish,669330,Tyler Wells
2025-09-02,776481,Chase Field,Arizona Diamondbacks,Texas Rangers,0,2,0,0,5,3,10,10,5,6,622503,Nabil Crismatt,656641,Jacob Latz
2025-09-03,776477,Nationals Park,Washington Nationals,Miami Marlins,7,4,3,0,10,5,11,10,8,7,680730,Mitchell Parker,691587,Eury Pérez
2025-09-03,776478,Comerica Park,Detroit Tigers,New York Mets,3,1,0,0,6,2,10,8,6,5,663554,Casey Mize,605280,Clay Holmes
2025-09-03,776468,Chase Field,Arizona Diamondbacks,Texas Rangers,2,0,1,0,2,0,3,5,3,4,668678,Zac Gallen,683004,Jack Leiter
2025-09-03,776465,Petco Park,San Diego Padres,Baltimore Orioles,0,7,0,1,5,7,10,8,4,8,641482,Nestor Cortes,700249,Cade Povich
2025-09-03,776479,PNC Park,Pittsburgh Pirates,Los Angeles Dodgers,2,0,1,0,3,0,7,5,5,3,677952,Braxton Ashcraft,686218,Emmet Sheehan
2025-09-03,776475,Great American Ball Park,Cincinnati Reds,Toronto Blue Jays,5,6,0,0,9,13,10,18,5,9,641793,Zack Littell,669456,Shane Bieber
2025-09-03,776474,Fenway Park,Boston Red Sox,Cleveland Guardians,1,7,0,1,1,8,7,12,5,8,657514,Brennan Bernardino,676282,Joey Cantillo
2025-09-03,776476,George M. Steinbrenner Field,Tampa Bay Rays,Seattle Mariners,9,0,4,0,9,4,19,4,16,1,605288,Adrian Houser,669923,George Kirby
2025-09-03,776466,Kauffman Stadium,Kansas City Royals,Los Angeles Angels,2,0,0,0,3,4,4,5,2,1,686701,Ryan Bergert,702674,Caden Dana
2025-09-03,776473,Wrigley Field,Chicago Cubs,Atlanta Braves,1,0,0,0,1,5,4,6,4,0,690990,Cade Horton,693821,Bryce Elder
2025-09-03,776469,Target Field,Minnesota Twins,Chicago White Sox,2,1,2,0,3,4,11,6,7,2,805673,Zebby Matthews,672782,Yoendrys Gómez
2025-09-03,776471,American Family Field,Milwaukee Brewers,Philadelphia Phillies,6,1,5,0,6,3,6,9,6,5,500779,Jose Quintana,605400,Aaron Nola
2025-09-03,776470,Busch Stadium,St. Louis Cardinals,Athletics,2,0,0,0,5,1,7,9,5,4,669461,Matthew Liberatore,605488,Jeffrey Springs
2025-09-03,776472,Daikin Park,Houston Astros,New York Yankees,1,3,0,0,8,7,11,11,4,6,669920,Jason Alexander,701542,Will Warren
2025-09-03,776467,Coors Field,Colorado Rockies,San Francisco Giants,5,4,0,0,8,10,11,12,7,8,608566,Germán Márquez,592662,Robbie Ray
2025-09-04,776459,American Family Field,Milwaukee Brewers,Philadelphia Phillies,0,0,0,0,0,2,7,6,5,2,642547,Freddy Peralta,624133,Ranger Suarez
2025-09-04,776461,PNC Park,Pittsburgh Pirates,Los Angeles Dodgers,5,0,0,0,5,3,9,8,9,2,694973,Paul Skenes,605483,Blake Snell
2025-09-04,776458,George M. Steinbrenner Field,Tampa Bay Rays,Cleveland Guardians,2,0,1,0,4,2,8,3,4,0,686752,Ryan Pepiot,671106,Logan Allen
2025-09-04,776463,Kauffman Stadium,Kansas City Royals,Los Angeles Angels,2,3,0,3,4,3,5,6,3,5,702070,Noah Cameron,543294,Kyle Hendricks
2025-09-04,776462,Target Field,Minnesota Twins,Chicago White Sox,6,4,0,0,8,11,15,15,10,8,671737,Taj Bradley,686642,Fraser Ellard
2025-09-04,776464,Daikin Park,Houston Astros,New York Yankees,1,4,0,0,4,8,10,9,2,6,664299,Cristian Javier,607074,Carlos Rodón
2025-09-05,776455,Wrigley Field,Chicago Cubs,Washington Nationals,8,2,5,0,11,5,10,6,7,2,665871,Javier Assad,663623,Jake Irvin
2025-09-05,776450,Great American Ball Park,Cincinnati Reds,New York Mets,4,5,0,3,4,5,9,10,6,9,671096,Andrew Abbott,656849,David Peterson
2025-09-05,776452,Comerica Park,Detroit Tigers,Chicago White Sox,4,4,0,1,5,7,7,11,3,6,656427,Jack Flaherty,681343,Shane Smith
2025-09-05,776453,PNC Park,Pittsburgh Pirates,Milwaukee Brewers,2,1,0,1,2,5,6,10,6,1,670912,Johan Oviedo,682990,Quinn Priester
2025-09-05,776454,Oriole Park at Camden Yards,Baltimore Orioles,Los Angeles Dodgers,1,0,0,0,2,1,5,5,3,1,665152,Dean Kremer,660271,Shohei Ohtani
2025-09-05,776457,Yankee Stadium,New York Yankees,Toronto Blue Jays,1,5,0,3,1,7,4,11,1,7,693645,Cam Schlittler,592332,Kevin Gausman
2025-09-05,776456,loanDepot park,Miami Marlins,Philadelphia Phillies,1,5,0,1,3,9,8,16,5,9,678368,Valente Bellozo,650911,Cristopher Sánchez
2025-09-05,776460,Truist Park,Atlanta Braves,Seattle Mariners,1,0,1,0,4,1,10,6,5,3,519242,Chris Sale,669302,Logan Gilbert
2025-09-05,776451,George M. Steinbrenner Field,Tampa Bay Rays,Cleveland Guardians,0,5,0,0,1,7,7,12,5,7,643377,Griffin Jax,668909,Gavin Williams
2025-09-05,776446,Kauffman Stadium,Kansas City Royals,Minnesota Twins,2,1,0,0,2,1,6,5,5,3,608379,Michael Wacha,641154,Pablo López
2025-09-05,776449,Globe Life Field,Texas Rangers,Houston Astros,3,1,0,0,4,3,9,9,5,4,518876,Merrill Kelly,676467,Colton Gordon
2025-09-05,776445,Busch Stadium,St. Louis Cardinals,San Francisco Giants,1,6,0,2,2,8,5,18,2,11,700241,Michael McGreevy,693313,Carson Seymour
2025-09-05,776442,Coors Field,Colorado Rockies,San Diego Padres,2,0,0,0,3,0,9,3,6,1,607536,Kyle Freeland,601713,Nick Pivetta
2025-09-05,776444,Angel Stadium,Los Angeles Angels,Athletics,4,9,4,2,4,10,3,9,3,7,667755,José Soriano,686930,Mason Barnett
2025-09-05,776448,Chase Field,Arizona Diamondbacks,Boston Red Sox,6,1,1,0,10,5,11,8,7,4,593958,Eduardo Rodriguez,801139,Payton Tolle
2025-09-06,776436,Yankee Stadium,New York Yankees,Toronto Blue Jays,2,1,0,0,3,1,5,5,3,1,661563,Luis Gil,605135,Chris Bassitt
2025-09-06,776440,Wrigley Field,Chicago Cubs,Washington Nationals,1,2,0,1,1,2,3,7,1,7,571510,Matthew Boyd,695418,Brad Lord
2025-09-06,776433,loanDepot park,Miami Marlins,Philadelphia Phillies,2,4,0,2,2,4,6,9,5,7,645261,Sandy Alcantara,666200,Jesús Luzardo
2025-09-06,776435,Comerica Park,Detroit Tigers,Chicago White Sox,6,0,1,0,6,0,6,3,5,1,669373,Tarik Skubal,527048,Martín Pérez
2025-09-06,776439,Great American Ball Park,Cincinnati Reds,New York Mets,4,1,0,0,6,3,6,9,3,3,663903,Brady Singer,804636,Jonah Tong
2025-09-06,776441,PNC Park,Pittsburgh Pirates,Milwaukee Brewers,0,2,0,0,1,4,5,8,1,5,656605,Mitch Keller,605540,Brandon Woodruff
2025-09-06,776443,Oriole Park at Camden Yards,Baltimore Orioles,Los Angeles Dodgers,0,2,0,0,4,3,3,10,0,6,669432,Trevor Rogers,808967,Yoshinobu Yamamoto
2025-09-06,776438,George M. Steinbrenner Field,Tampa Bay Rays,Cleveland Guardians,1,2,0,0,2,3,6,7,3,5,669358,Shane Baz,676440,Tanner Bibee
2025-09-06,776437,Busch Stadium,St. Louis Cardinals,San Francisco Giants,0,2,0,0,3,2,7,7,3,4,669467,Andre Pallante,434378,Justin Verlander
2025-09-06,776432,Globe Life Field,Texas Rangers,Houston Astros,0,2,0,0,0,11,4,15,4,4,594798,Jacob deGrom,686613,Hunter Brown
2025-09-06,776434,Kauffman Stadium,Kansas City Royals,Minnesota Twins,9,2,5,0,11,2,13,7,10,3,663568,Stephen Kolek,657746,Joe Ryan
2025-09-06,776447,Truist Park,Atlanta Braves,Seattle Mariners,1,2,0,2,2,10,6,11,3,2,694462,Hurston Waldrep,682243,Bryce Miller
2025-09-06,776424,Chase Field,Arizona Diamondbacks,Boston Red Sox,4,1,0,0,5,1,9,7,5,4,694297,Brandon Pfaadt,608337,Lucas Giolito
2025-09-06,776431,Coors Field,Colorado Rockies,San Diego Padres,2,10,0,0,8,10,14,16,6,12,685326,McCade Brown,681190,Randy Vásquez
2025-09-06,776430,Angel Stadium,Los Angeles Angels,Athletics,1,8,0,3,4,17,11,21,5,8,579328,Yusei Kikuchi,669372,J.T. Ginn
2025-09-07,776428,Truist Park,Atlanta Braves,Seattle Mariners,1,10,0,0,2,18,6,19,3,11,666214,Joey Wentz,622491,Luis Castillo
2025-09-07,776421,George M. Steinbrenner Field,Tampa Bay Rays,Cleveland Guardians,1,0,0,0,1,2,9,7,7,3,656876,Drew Rasmussen,800048,Parker Messick
2025-09-07,776427,Oriole Park at Camden Yards,Baltimore Orioles,Los Angeles Dodgers,0,4,0,1,2,5,8,10,2,8,608372,Tomoyuki Sugano,477132,Clayton Kershaw
2025-09-07,776423,Yankee Stadium,New York Yankees,Toronto Blue Jays,4,3,3,0,4,3,3,8,3,6,608331,Max Fried,453286,Max Scherzer
2025-09-07,776419,PNC Park,Pittsburgh Pirates,Milwaukee Brewers,1,9,0,4,2,10,5,14,3,11,696149,Bubba Chandler,694819,Jacob Misiorowski
2025-09-07,776429,Great American Ball Park,Cincinnati Reds,New York Mets,1,1,0,0,3,2,4,3,0,1,668881,Hunter Greene,687075,Brandon Sproat
2025-09-07,776425,Comerica Park,Detroit Tigers,Chicago White Sox,4,3,3,2,4,6,4,11,2,5,450203,Charlie Morton,663436,Davis Martin
2025-09-07,776426,loanDepot park,Miami Marlins,Philadelphia Phillies,4,1,4,0,5,4,10,7,7,3,663969,Tyler Phillips,592836,Taijuan Walker
2025-09-07,776422,Kauffman Stadium,Kansas City Royals,Minnesota Twins,0,3,0,1,1,5,7,9,2,6,547179,Michael Lorenzen,641927,Bailey Ober
2025-09-07,776416,Busch Stadium,St. Louis Cardinals,San Francisco Giants,4,0,0,0,4,3,8,5,4,0,543243,Sonny Gray,678906,Kai-Wei Teng
2025-09-07,776420,Wrigley Field,Chicago Cubs,Washington Nationals,2,1,0,0,3,6,8,7,4,3,519141,Drew Pomeranz,674841,Andrew Alvarez
2025-09-07,776418,Globe Life Field,Texas Rangers,Houston Astros,1,0,0,0,4,2,5,5,2,1,571578,Patrick Corbin,664285,Framber Valdez
2025-09-07,776417,Coors Field,Colorado Rockies,San Diego Padres,1,8,0,2,1,8,6,15,4,10,685299,Tanner Gordon,656302,Dylan Cease
2025-09-07,776414,Angel Stadium,Los Angeles Angels,Athletics,3,1,2,0,4,3,6,6,4,2,815083,Mitch Farris,622663,Luis Severino
2025-09-07,776415,Chase Field,Arizona Diamondbacks,Boston Red Sox,2,1,0,0,4,7,6,8,3,3,669194,Ryne Nelson,678394,Brayan Bello
2025-09-08,776413,Progressive Field,Cleveland Guardians,Kansas City Royals,9,0,1,0,10,2,16,3,13,0,677944,Slade Cecconi,686701,Ryan Bergert
2025-09-08,776409,loanDepot park,Miami Marlins,Washington Nationals,2,8,0,0,7,15,10,19,6,10,676083,Janson Junk,676917,Cade Cavalli
2025-09-08,776405,Citizens Bank Park,Philadelphia Phillies,New York Mets,1,0,0,0,1,0,7,5,6,3,605400,Aaron Nola,690997,Nolan McLean
2025-09-08,776412,Truist Park,Atlanta Braves,Chicago Cubs,3,0,3,0,4,1,7,5,5,1,693821,Bryce Elder,684007,Shota Imanaga
2025-09-08,776406,Globe Life Field,Texas Rangers,Milwaukee Brewers,4,0,0,0,5,0,6,6,2,2,656641,Jacob Latz,500779,Jose Quintana
2025-09-08,776411,Angel Stadium,Los Angeles Angels,Minnesota Twins,3,5,0,0,3,12,5,13,5,5,702674,Caden Dana,680573,Simeon Woods Richardson
2025-09-08,776407,Petco Park,San Diego Padres,Cincinnati Reds,0,2,0,1,4,3,6,7,2,5,506433,Yu Darvish,666157,Nick Lodolo
2025-09-08,776400,T-Mobile Park,Seattle Mariners,St. Louis Cardinals,0,2,0,0,4,2,6,3,3,2,693433,Bryan Woo,571945,Miles Mikolas
2025-09-08,776399,Oracle Park,San Francisco Giants,Arizona Diamondbacks,4,4,0,0,11,5,12,8,7,5,657277,Logan Webb,622503,Nabil Crismatt
2025-09-08,776410,Sutter Health Park,Athletics,Boston Red Sox,0,5,0,1,0,7,3,12,3,7,806960,Luis Morales,676979,Garrett Crochet
2025-09-08,776408,Dodger Stadium,Los Angeles Dodgers,Colorado Rockies,0,1,0,0,3,1,4,1,1,0,607192,Tyler Glasnow,801403,Chase Dollander
2025-09-09,776401,Oriole Park at Camden Yards,Baltimore Orioles,Pittsburgh Pirates,1,1,1,1,3,2,6,5,2,3,680694,Kyle Bradish,681347,Mike Burrows
2025-09-09,776403,Progressive Field,Cleveland Guardians,Kansas City Royals,2,0,1,0,2,0,7,5,4,2,676282,Joey Cantillo,702070,Noah Cameron
2025-09-09,776397,loanDepot park,Miami Marlins,Washington Nationals,1,6,0,3,5,7,8,10,2,8,800049,Adam Mazur,680730,Mitchell Parker
2025-09-09,776404,Citizens Bank Park,Philadelphia Phillies,New York Mets,4,0,2,0,9,3,13,8,5,1,624133,Ranger Suarez,640455,Sean Manaea
2025-09-09,776398,Yankee Stadium,New York Yankees,Detroit Tigers,2,2,1,0,2,12,4,9,4,2,701542,Will Warren,663554,Casey Mize
2025-09-09,776393,Rogers Centre,Toronto Blue Jays,Houston Astros,0,2,0,2,4,3,8,11,0,6,669456,Shane Bieber,677651,Luis Garcia
2025-09-09,776402,Truist Park,Atlanta Braves,Chicago Cubs,1,2,0,1,1,6,4,7,4,5,675911,Spencer Strider,690990,Cade Horton
2025-09-09,776388,Rate Field,Chicago White Sox,Tampa Bay Rays,2,4,1,0,4,5,7,7,3,5,672782,Yoendrys Gómez,605288,Adrian Houser
2025-09-09,776395,Globe Life Field,Texas Rangers,Milwaukee Brewers,5,3,0,0,5,4,7,11,6,7,683004,Jack Leiter,694477,Chad Patrick
2025-09-09,776390,Angel Stadium,Los Angeles Angels,Minnesota Twins,5,0,3,0,12,2,17,6,9,3,543294,Kyle Hendricks,805673,Zebby Matthews
2025-09-09,776392,Petco Park,San Diego Padres,Cincinnati Reds,2,2,0,1,2,4,3,5,2,3,650633,Michael King,641793,Zack Littell
2025-09-09,776391,T-Mobile Park,Seattle Mariners,St. Louis Cardinals,5,3,0,0,5,3,9,9,6,7,669923,George Kirby,669461,Matthew Liberatore
2025-09-09,776394,Oracle Park,San Francisco Giants,Arizona Diamondbacks,5,2,3,0,5,3,5,8,5,3,592662,Robbie Ray,668678,Zac Gallen
2025-09-09,776396,Sutter Health Park,Athletics,Boston Red Sox,0,5,0,4,0,6,10,9,5,6,605488,Jeffrey Springs,813349,Connelly Early
2025-09-09,776389,Dodger Stadium,Los Angeles Dodgers,Colorado Rockies,5,0,0,0,7,2,9,5,6,0,686218,Emmet Sheehan,608566,Germán Márquez
2025-09-10,776375,Globe Life Field,Texas Rangers,Milwaukee Brewers,5,2,0,2,6,3,6,11,6,7,518876,Merrill Kelly,642547,Freddy Peralta
2025-09-10,776379,Sutter Health Park,Athletics,Boston Red Sox,4,3,1,0,5,4,12,9,7,7,686930,Mason Barnett,801139,Payton Tolle
2025-09-10,776374,Oracle Park,San Francisco Giants,Arizona Diamondbacks,0,4,0,1,3,5,6,11,1,7,693313,Carson Seymour,593958,Eduardo Rodriguez
2025-09-10,776376,Angel Stadium,Los Angeles Angels,Minnesota Twins,3,1,0,0,4,3,5,6,3,4,570632,José Ureña,671737,Taj Bradley
2025-09-10,776387,Oriole Park at Camden Yards,Baltimore Orioles,Pittsburgh Pirates,0,1,0,0,2,1,7,2,2,1,669330,Tyler Wells,694973,Paul Skenes
2025-09-10,776382,Progressive Field,Cleveland Guardians,Kansas City Royals,3,2,2,1,3,4,7,8,5,6,671106,Logan Allen,680742,Jonathan Bowlan
2025-09-10,776386,loanDepot park,Miami Marlins,Washington Nationals,0,1,0,0,8,3,13,10,3,3,691587,Eury Pérez,663623,Jake Irvin
2025-09-10,776384,Citizens Bank Park,Philadelphia Phillies,New York Mets,4,1,2,0,11,3,14,9,7,4,650911,Cristopher Sánchez,605280,Clay Holmes
2025-09-10,776383,Yankee Stadium,New York Yankees,Detroit Tigers,0,2,0,0,1,11,8,16,2,4,607074,Carlos Rodón,656427,Jack Flaherty
2025-09-10,776385,Rogers Centre,Toronto Blue Jays,Houston Astros,0,1,0,0,2,3,7,7,2,4,621244,José Berríos,669920,Jason Alexander
2025-09-10,776381,Truist Park,Atlanta Braves,Chicago Cubs,2,3,0,0,2,3,7,11,6,7,519242,Chris Sale,592791,Jameson Taillon
2025-09-10,776378,Rate Field,Chicago White Sox,Tampa Bay Rays,6,4,0,1,6,5,8,8,8,6,680732,Sean Burke,643377,Griffin Jax
2025-09-10,776377,Petco Park,San Diego Padres,Cincinnati Reds,1,0,0,0,1,2,6,7,4,3,601713,Nick Pivetta,671096,Andrew Abbott
2025-09-10,776373,T-Mobile Park,Seattle Mariners,St. Louis Cardinals,1,1,0,1,4,2,9,8,5,5,669302,Logan Gilbert,700241,Michael McGreevy
2025-09-10,776380,Dodger Stadium,Los Angeles Dodgers,Colorado Rockies,4,0,0,0,9,0,14,2,7,1,605483,Blake Snell,607536,Kyle Freeland
2025-09-11,776372,Oriole Park at Camden Yards,Baltimore Orioles,Pittsburgh Pirates,2,2,1,1,3,2,7,9,4,5,700249,Cade Povich,670912,Johan Oviedo
2025-09-11,776364,Rate Field,Chicago White Sox,Tampa Bay Rays,2,0,2,0,5,1,6,7,3,3,681343,Shane Smith,693855,Ian Seymour
2025-09-11,776369,Rogers Centre,Toronto Blue Jays,Houston Astros,4,0,2,0,6,0,8,2,6,2,592332,Kevin Gausman,664299,Cristian Javier
2025-09-11,776367,loanDepot park,Miami Marlins,Washington Nationals,2,0,2,0,5,0,7,7,4,5,677960,Ryan Weathers,669022,MacKenzie Gore
2025-09-11,776368,Yankee Stadium,New York Yankees,Detroit Tigers,9,1,1,0,9,3,14,8,11,5,693645,Cam Schlittler,663947,Tyler Holton
2025-09-11,776370,Progressive Field,Cleveland Guardians,Kansas City Royals,1,2,0,2,3,2,5,5,3,3,668909,Gavin Williams,663568,Stephen Kolek
2025-09-11,776371,Citizens Bank Park,Philadelphia Phillies,New York Mets,3,4,0,4,6,4,11,5,7,5,666200,Jesús Luzardo,656849,David Peterson
2025-09-11,776365,Petco Park,San Diego Padres,Colorado Rockies,2,0,0,0,2,0,6,4,5,3,681190,Randy Vásquez,685326,McCade Brown
2025-09-11,776362,T-Mobile Park,Seattle Mariners,Los Angeles Angels,4,4,0,0,7,6,9,12,6,5,682243,Bryce Miller,667755,José Soriano
2025-09-12,776352,Wrigley Field,Chicago Cubs,Tampa Bay Rays,6,4,0,3,6,4,12,5,8,5,571510,Matthew Boyd,669358,Shane Baz
2025-09-12,776351,Nationals Park,Washington Nationals,Pittsburgh Pirates,0,3,0,0,6,5,8,10,1,7,695418,Brad Lord,656605,Mitch Keller
2025-09-12,776354,Citizens Bank Park,Philadelphia Phillies,Kansas City Royals,6,1,0,1,8,2,14,7,11,5,621111,Walker Buehler,547179,Michael Lorenzen
2025-09-12,776353,Rogers Centre,Toronto Blue Jays,Baltimore Orioles,1,1,0,0,6,1,10,3,3,2,605135,Chris Bassitt,669432,Trevor Rogers
2025-09-12,776359,Citi Field,New York Mets,Texas Rangers,3,6,0,6,3,8,5,11,4,6,804636,Jonah Tong,594798,Jacob deGrom
2025-09-12,776361,Progressive Field,Cleveland Guardians,Chicago White Sox,2,0,0,0,4,0,6,2,3,2,676440,Tanner Bibee,527048,Martín Pérez
2025-09-12,776366,loanDepot park,Miami Marlins,Detroit Tigers,5,1,1,0,8,2,8,4,6,2,645261,Sandy Alcantara,669373,Tarik Skubal
2025-09-12,776363,Fenway Park,Boston Red Sox,New York Yankees,0,2,0,1,1,4,2,9,0,4,608337,Lucas Giolito,661563,Luis Gil
2025-09-12,776360,Truist Park,Atlanta Braves,Houston Astros,0,10,0,0,3,11,5,13,2,11,694462,Hurston Waldrep,681151,Jayden Murray
2025-09-12,776355,Target Field,Minnesota Twins,Arizona Diamondbacks,5,2,0,1,9,8,12,10,9,4,641154,Pablo López,694297,Brandon Pfaadt
2025-09-12,776356,American Family Field,Milwaukee Brewers,St. Louis Cardinals,5,0,0,0,8,2,10,9,3,4,682990,Quinn Priester,669467,Andre Pallante
2025-09-12,776357,Petco Park,San Diego Padres,Colorado Rockies,1,4,1,0,2,4,5,9,1,5,676664,JP Sears,685299,Tanner Gordon
2025-09-12,776358,Sutter Health Park,Athletics,Cincinnati Reds,2,0,1,0,3,0,6,6,3,2,669372,J.T. Ginn,663903,Brady Singer
2025-09-12,776345,T-Mobile Park,Seattle Mariners,Los Angeles Angels,1,0,0,0,2,1,6,4,3,1,622491,Luis Castillo,579328,Yusei Kikuchi
2025-09-12,776350,Oracle Park,San Francisco Giants,Los Angeles Dodgers,1,0,1,0,5,1,3,4,1,1,434378,Justin Verlander,808967,Yoshinobu Yamamoto
2025-09-13,776338,Wrigley Field,Chicago Cubs,Tampa Bay Rays,3,1,0,0,4,5,6,14,4,5,607067,Colin Rea,656876,Drew Rasmussen
2025-09-13,776343,Rogers Centre,Toronto Blue Jays,Baltimore Orioles,1,2,0,2,5,4,12,7,3,4,453286,Max Scherzer,608372,Tomoyuki Sugano
2025-09-13,776336,Nationals Park,Washington Nationals,Pittsburgh Pirates,0,0,0,0,1,5,3,7,0,2,674841,Andrew Alvarez,696149,Bubba Chandler
2025-09-13,776349,Citi Field,New York Mets,Texas Rangers,1,0,0,0,2,3,11,11,6,4,687075,Brandon Sproat,571578,Patrick Corbin
2025-09-13,776347,loanDepot park,Miami Marlins,Detroit Tigers,2,3,1,0,6,4,8,10,3,6,676083,Janson Junk,450203,Charlie Morton
2025-09-13,776344,Fenway Park,Boston Red Sox,New York Yankees,1,4,0,2,3,5,10,10,6,5,678394,Brayan Bello,608331,Max Fried
2025-09-13,776342,Citizens Bank Park,Philadelphia Phillies,Kansas City Royals,6,4,2,3,8,6,12,10,7,7,592836,Taijuan Walker,686701,Ryan Bergert
2025-09-13,776348,Progressive Field,Cleveland Guardians,Chicago White Sox,2,1,0,1,3,1,6,8,5,7,800048,Parker Messick,663436,Davis Martin
2025-09-13,776337,Target Field,Minnesota Twins,Arizona Diamondbacks,0,2,0,0,2,5,10,9,4,6,657746,Joe Ryan,669194,Ryne Nelson
2025-09-13,776346,Truist Park,Atlanta Braves,Houston Astros,1,6,0,0,2,6,6,10,3,10,693821,Bryce Elder,686613,Hunter Brown
2025-09-13,776339,American Family Field,Milwaukee Brewers,St. Louis Cardinals,1,4,0,2,9,8,11,11,4,7,694819,Jacob Misiorowski,543243,Sonny Gray
2025-09-13,776341,Petco Park,San Diego Padres,Colorado Rockies,9,1,1,1,11,3,12,8,9,5,656302,Dylan Cease,687134,Bradley Blalock
2025-09-13,776328,Oracle Park,San Francisco Giants,Los Angeles Dodgers,7,9,4,1,7,13,8,17,8,13,657277,Logan Webb,477132,Clayton Kershaw
2025-09-13,776333,T-Mobile Park,Seattle Mariners,Los Angeles Angels,5,2,2,0,5,3,6,6,6,3,693433,Bryan Woo,815083,Mitch Farris
2025-09-13,776340,Sutter Health Park,Athletics,Cincinnati Reds,5,5,0,0,11,5,12,8,4,6,622663,Luis Severino,668881,Hunter Greene
2025-09-14,776320,Nationals Park,Washington Nationals,Pittsburgh Pirates,3,3,0,3,4,3,7,5,5,3,676917,Cade Cavalli,681347,Mike Burrows
2025-09-14,776334,Citizens Bank Park,Philadelphia Phillies,Kansas City Royals,2,2,2,0,3,10,5,12,4,2,605400,Aaron Nola,702070,Noah Cameron
2025-09-14,776329,Truist Park,Atlanta Braves,Houston Astros,5,2,1,1,8,3,11,9,7,6,666214,Joey Wentz,664285,Framber Valdez
2025-09-14,776322,Rogers Centre,Toronto Blue Jays,Baltimore Orioles,4,1,0,0,11,2,14,7,6,4,669456,Shane Bieber,544150,Albert Suárez
2025-09-14,776335,Citi Field,New York Mets,Texas Rangers,1,0,0,0,5,2,7,8,2,4,690997,Nolan McLean,656641,Jacob Latz
2025-09-14,776331,Progressive Field,Cleveland Guardians,Chicago White Sox,2,2,0,0,3,2,6,5,2,3,677944,Slade Cecconi,672782,Yoendrys Gómez
2025-09-14,776332,loanDepot park,Miami Marlins,Detroit Tigers,0,2,0,0,0,2,7,4,3,1,800049,Adam Mazur,672456,Keider Montero
2025-09-14,776324,Target Field,Minnesota Twins,Arizona Diamondbacks,2,4,0,0,4,6,7,10,3,4,641927,Bailey Ober,622503,Nabil Crismatt
2025-09-14,776326,American Family Field,Milwaukee Brewers,St. Louis Cardinals,2,3,0,0,2,3,8,6,5,5,500779,Jose Quintana,571945,Miles Mikolas
2025-09-14,776321,Wrigley Field,Chicago Cubs,Tampa Bay Rays,1,3,1,2,4,3,10,9,5,7,684007,Shota Imanaga,605288,Adrian Houser
2025-09-14,776327,Sutter Health Park,Athletics,Cincinnati Reds,4,3,0,1,7,4,10,7,6,4,806960,Luis Morales,666157,Nick Lodolo
2025-09-14,776325,Oracle Park,San Francisco Giants,Los Angeles Dodgers,1,6,0,0,2,10,5,18,1,7,592662,Robbie Ray,607192,Tyler Glasnow
2025-09-14,776323,Petco Park,San Diego Padres,Colorado Rockies,7,1,3,0,9,6,14,8,11,3,506433,Yu Darvish,608566,Germán Márquez
2025-09-14,776317,T-Mobile Park,Seattle Mariners,Los Angeles Angels,11,1,2,0,11,2,16,4,15,2,669923,George Kirby,543294,Kyle Hendricks
2025-09-14,776330,Fenway Park,Boston Red Sox,New York Yankees,6,3,6,0,6,4,12,7,10,5,676979,Garrett Crochet,701542,Will Warren
2025-09-15,776318,PNC Park,Pittsburgh Pirates,Chicago Cubs,0,3,0,0,0,4,3,9,1,6,677952,Braxton Ashcraft,592791,Jameson Taillon
2025-09-15,776315,Nationals Park,Washington Nationals,Atlanta Braves,1,5,0,0,3,11,6,16,3,8,680730,Mitchell Parker,675911,Spencer Strider
2025-09-15,776316,George M. Steinbrenner Field,Tampa Bay Rays,Toronto Blue Jays,1,0,1,0,1,2,4,6,2,4,671212,Joe Boyle,702056,Trey Yesavage
2025-09-15,776314,Rate Field,Chicago White Sox,Baltimore Orioles,1,1,1,0,1,4,4,7,4,2,656457,Tyler Gilbert,680694,Kyle Bradish
2025-09-15,776313,Target Field,Minnesota Twins,New York Yankees,2,0,0,0,7,0,9,2,5,2,680573,Simeon Woods Richardson,607074,Carlos Rodón
2025-09-15,776312,Busch Stadium,St. Louis Cardinals,Cincinnati Reds,1,3,0,0,6,11,10,13,2,3,669461,Matthew Liberatore,641793,Zack Littell
2025-09-15,776319,Daikin Park,Houston Astros,Texas Rangers,4,3,2,0,6,3,6,10,3,5,669920,Jason Alexander,683004,Jack Leiter
2025-09-15,776309,Chase Field,Arizona Diamondbacks,San Francisco Giants,1,1,1,0,8,1,9,2,2,2,668678,Zac Gallen,678906,Kai-Wei Teng
2025-09-15,776311,Dodger Stadium,Los Angeles Dodgers,Philadelphia Phillies,3,1,0,1,5,6,9,5,6,1,607455,Anthony Banda,624133,Ranger Suarez
2025-09-16,777825,Nationals Park,Washington Nationals,Atlanta Braves,2,5,0,0,3,6,8,13,5,8,663623,Jake Irvin,660761,José Suarez
2025-09-16,776307,Nationals Park,Washington Nationals,Atlanta Braves,0,0,0,0,0,5,5,6,2,2,669022,MacKenzie Gore,519242,Chris Sale
2025-09-16,776303,Comerica Park,Detroit Tigers,Cleveland Guardians,1,2,0,0,5,7,9,13,4,4,663554,Casey Mize,676282,Joey Cantillo
2025-09-16,776308,PNC Park,Pittsburgh Pirates,Chicago Cubs,1,4,1,2,1,4,4,14,3,8,694973,Paul Skenes,690990,Cade Horton
2025-09-16,776310,Fenway Park,Boston Red Sox,Athletics,1,0,0,0,1,2,8,9,6,4,813349,Connelly Early,605488,Jeffrey Springs
2025-09-16,776304,Citi Field,New York Mets,San Diego Padres,8,2,5,0,8,3,10,7,10,3,605280,Clay Holmes,650633,Michael King
2025-09-16,776305,George M. Steinbrenner Field,Tampa Bay Rays,Toronto Blue Jays,3,6,0,1,5,6,10,11,6,8,686752,Ryan Pepiot,621244,José Berríos
2025-09-16,776302,Kauffman Stadium,Kansas City Royals,Seattle Mariners,1,10,0,2,5,12,10,14,6,11,608379,Michael Wacha,669302,Logan Gilbert
2025-09-16,776306,Rate Field,Chicago White Sox,Baltimore Orioles,2,6,2,0,7,8,8,13,4,9,681343,Shane Smith,665152,Dean Kremer
2025-09-16,776298,Target Field,Minnesota Twins,New York Yankees,4,10,1,2,9,10,9,16,3,14,805673,Zebby Matthews,693645,Cam Schlittler
2025-09-16,776295,American Family Field,Milwaukee Brewers,Los Angeles Angels,5,1,1,0,9,2,13,3,8,2,642547,Freddy Peralta,702674,Caden Dana
2025-09-16,776300,Busch Stadium,St. Louis Cardinals,Cincinnati Reds,3,0,1,0,3,0,8,3,8,3,700241,Michael McGreevy,671096,Andrew Abbott
2025-09-16,776301,Daikin Park,Houston Astros,Texas Rangers,6,1,1,0,6,5,10,10,10,4,805123,AJ Blubaugh,518876,Merrill Kelly
2025-09-16,776293,Coors Field,Colorado Rockies,Miami Marlins,0,3,0,0,5,6,8,10,1,4,607536,Kyle Freeland,691587,Eury Pérez
2025-09-16,776294,Chase Field,Arizona Diamondbacks,San Francisco Giants,5,5,0,4,6,5,13,8,8,8,593958,Eduardo Rodriguez,663941,Tristan Beck
2025-09-16,776297,Dodger Stadium,Los Angeles Dodgers,Philadelphia Phillies,4,0,0,0,6,9,10,8,7,0,660271,Shohei Ohtani,650911,Cristopher Sánchez
2025-09-17,776287,PNC Park,Pittsburgh Pirates,Chicago Cubs,4,4,3,4,4,8,9,10,8,5,670912,Johan Oviedo,571510,Matthew Boyd
2025-09-17,776283,Busch Stadium,St. Louis Cardinals,Cincinnati Reds,1,4,1,0,2,6,5,11,3,6,669467,Andre Pallante,663903,Brady Singer
2025-09-17,776285,Rate Field,Chicago White Sox,Baltimore Orioles,1,3,0,1,1,3,5,7,4,6,527048,Martín Pérez,669330,Tyler Wells
2025-09-17,776279,Chase Field,Arizona Diamondbacks,San Francisco Giants,0,0,0,0,1,5,4,5,2,0,694297,Brandon Pfaadt,434378,Justin Verlander
2025-09-17,776286,Nationals Park,Washington Nationals,Atlanta Braves,3,0,0,0,4,9,10,16,5,4,695418,Brad Lord,694462,Hurston Waldrep
2025-09-17,776296,Comerica Park,Detroit Tigers,Cleveland Guardians,0,1,0,0,0,4,4,7,3,3,656427,Jack Flaherty,668909,Gavin Williams
2025-09-17,776299,Fenway Park,Boston Red Sox,Athletics,3,4,1,0,5,4,10,10,6,6,608337,Lucas Giolito,686930,Mason Barnett
2025-09-17,776290,George M. Steinbrenner Field,Tampa Bay Rays,Toronto Blue Jays,1,1,1,0,2,1,8,4,6,3,693855,Ian Seymour,592332,Kevin Gausman
2025-09-17,776288,Citi Field,New York Mets,San Diego Padres,3,6,1,1,4,7,9,12,7,6,656849,David Peterson,601713,Nick Pivetta
2025-09-17,776289,Kauffman Stadium,Kansas City Royals,Seattle Mariners,3,2,3,0,7,5,13,10,8,3,666142,Cole Ragans,682243,Bryce Miller
2025-09-17,776284,Target Field,Minnesota Twins,New York Yankees,5,7,0,1,5,10,11,12,9,8,671737,Taj Bradley,661563,Luis Gil
2025-09-17,776291,American Family Field,Milwaukee Brewers,Los Angeles Angels,5,1,0,0,9,2,6,4,4,2,605540,Brandon Woodruff,667755,José Soriano
2025-09-17,776292,Daikin Park,Houston Astros,Texas Rangers,5,2,2,0,5,2,6,6,6,4,664299,Cristian Javier,594798,Jacob deGrom
2025-09-17,776277,Coors Field,Colorado Rockies,Miami Marlins,3,3,0,0,4,8,11,12,8,4,685326,McCade Brown,677960,Ryan Weathers
2025-09-17,776280,Dodger Stadium,Los Angeles Dodgers,Philadelphia Phillies,3,0,0,0,5,0,7,3,5,2,605483,Blake Snell,666200,Jesús Luzardo
2025-09-18,776275,Comerica Park,Detroit Tigers,Cleveland Guardians,1,1,0,0,1,3,5,10,4,6,669373,Tarik Skubal,676440,Tanner Bibee
2025-09-18,776276,Citi Field,New York Mets,San Diego Padres,5,1,1,0,6,1,7,6,6,4,804636,Jonah Tong,681190,Randy Vásquez
2025-09-18,776269,George M. Steinbrenner Field,Tampa Bay Rays,Toronto Blue Jays,3,0,0,0,4,0,11,4,9,2,669358,Shane Baz,605135,Chris Bassitt
2025-09-18,776281,Fenway Park,Boston Red Sox,Athletics,2,4,1,3,3,5,7,8,5,5,678394,Brayan Bello,669372,J.T. Ginn
2025-09-18,776272,Kauffman Stadium,Kansas City Royals,Seattle Mariners,0,1,0,0,0,2,5,5,3,2,663568,Stephen Kolek,622491,Luis Castillo
2025-09-18,776270,Coors Field,Colorado Rockies,Miami Marlins,2,4,0,0,7,9,11,12,4,5,685299,Tanner Gordon,645261,Sandy Alcantara
2025-09-18,776282,Great American Ball Park,Cincinnati Reds,Chicago Cubs,1,0,0,0,1,0,4,1,4,0,668881,Hunter Greene,607067,Colin Rea
2025-09-18,776278,Oriole Park at Camden Yards,Baltimore Orioles,New York Yankees,0,3,0,2,0,7,3,9,1,5,700249,Cade Povich,608331,Max Fried
2025-09-18,776274,American Family Field,Milwaukee Brewers,Los Angeles Angels,1,2,0,0,5,2,9,7,4,1,682990,Quinn Priester,579328,Yusei Kikuchi
2025-09-18,776271,Dodger Stadium,Los Angeles Dodgers,San Francisco Giants,0,0,0,0,2,1,5,1,1,1,808967,Yoshinobu Yamamoto,657277,Logan Webb
2025-09-19,776267,Great American Ball Park,Cincinnati Reds,Chicago Cubs,4,4,1,0,7,4,7,11,4,9,666157,Nick Lodolo,684007,Shota Imanaga
2025-09-19,776266,PNC Park,Pittsburgh Pirates,Athletics,3,4,3,0,3,4,10,4,7,4,656605,Mitch Keller,622663,Luis Severino
2025-09-19,776268,Comerica Park,Detroit Tigers,Atlanta Braves,1,6,0,3,1,10,5,11,4,7,450203,Charlie Morton,693821,Bryce Elder
2025-09-19,776273,Oriole Park at Camden Yards,Baltimore Orioles,New York Yankees,1,0,0,0,4,2,7,4,3,0,669432,Trevor Rogers,701542,Will Warren
2025-09-19,776259,Citi Field,New York Mets,Washington Nationals,8,6,1,0,12,6,13,8,10,6,687075,Brandon Sproat,674841,Andrew Alvarez
2025-09-19,776261,George M. Steinbrenner Field,Tampa Bay Rays,Boston Red Sox,3,2,1,0,7,11,8,12,4,5,656876,Drew Rasmussen,676979,Garrett Crochet
2025-09-19,776260,Kauffman Stadium,Kansas City Royals,Toronto Blue Jays,10,1,7,1,20,1,27,3,14,3,547179,Michael Lorenzen,453286,Max Scherzer
2025-09-19,776264,Rate Field,Chicago White Sox,San Diego Padres,4,2,2,0,4,3,4,7,4,5,663436,Davis Martin,656302,Dylan Cease
2025-09-19,776251,Globe Life Field,Texas Rangers,Miami Marlins,1,0,0,0,4,6,4,14,2,4,641816,Tyler Mahle,676083,Janson Junk
2025-09-19,776253,Coors Field,Colorado Rockies,Los Angeles Angels,7,6,2,0,7,6,10,10,8,8,687134,Bradley Blalock,815083,Mitch Farris
2025-09-19,776262,Daikin Park,Houston Astros,Seattle Mariners,0,2,0,1,0,4,3,9,1,4,686613,Hunter Brown,693433,Bryan Woo
2025-09-19,776263,Target Field,Minnesota Twins,Cleveland Guardians,0,2,0,2,2,6,6,9,3,3,641154,Pablo López,800048,Parker Messick
2025-09-19,776265,Busch Stadium,St. Louis Cardinals,Milwaukee Brewers,7,1,1,0,7,1,14,12,12,7,543243,Sonny Gray,694819,Jacob Misiorowski
2025-09-19,776255,Chase Field,Arizona Diamondbacks,Philadelphia Phillies,2,2,2,0,2,8,7,13,6,5,669194,Ryne Nelson,592836,Taijuan Walker
2025-09-19,776256,Dodger Stadium,Los Angeles Dodgers,San Francisco Giants,5,2,0,1,6,3,7,8,5,4,477132,Clayton Kershaw,592662,Robbie Ray
2025-09-20,776258,Comerica Park,Detroit Tigers,Atlanta Braves,2,3,1,0,5,6,9,7,6,2,672456,Keider Montero,666214,Joey Wentz
2025-09-20,777839,Target Field,Minnesota Twins,Cleveland Guardians,0,5,0,1,0,6,3,10,2,6,657746,Joe Ryan,677944,Slade Cecconi
2025-09-20,776243,Target Field,Minnesota Twins,Cleveland Guardians,0,6,0,0,0,8,4,9,3,8,641927,Bailey Ober,671106,Logan Allen
2025-09-20,776252,Citi Field,New York Mets,Washington Nationals,0,3,0,1,3,5,11,6,5,4,690997,Nolan McLean,676917,Cade Cavalli
2025-09-20,776254,Great American Ball Park,Cincinnati Reds,Chicago Cubs,3,2,0,0,6,3,9,7,5,3,641793,Zack Littell,665871,Javier Assad
2025-09-20,776249,PNC Park,Pittsburgh Pirates,Athletics,2,0,0,0,2,0,5,1,5,1,696149,Bubba Chandler,806960,Luis Morales
2025-09-20,776247,George M. Steinbrenner Field,Tampa Bay Rays,Boston Red Sox,1,2,0,0,3,6,7,10,3,5,605288,Adrian Houser,690986,Kyle Harrison
2025-09-20,776242,Globe Life Field,Texas Rangers,Miami Marlins,2,2,0,0,3,4,8,10,5,6,683004,Jack Leiter,800049,Adam Mazur
2025-09-20,776257,Oriole Park at Camden Yards,Baltimore Orioles,New York Yankees,0,5,0,3,1,6,4,10,3,7,608372,Tomoyuki Sugano,607074,Carlos Rodón
2025-09-20,776248,Daikin Park,Houston Astros,Seattle Mariners,0,5,0,1,4,6,10,9,3,7,664285,Framber Valdez,669923,George Kirby
2025-09-20,776245,Kauffman Stadium,Kansas City Royals,Toronto Blue Jays,2,0,0,0,2,1,4,4,2,2,702070,Noah Cameron,669456,Shane Bieber
2025-09-20,776250,Rate Field,Chicago White Sox,San Diego Padres,2,1,1,0,3,7,8,11,6,4,672782,Yoendrys Gómez,506433,Yu Darvish
2025-09-20,776244,Busch Stadium,St. Louis Cardinals,Milwaukee Brewers,2,1,0,0,2,3,9,9,6,6,571945,Miles Mikolas,694477,Chad Patrick
2025-09-20,776241,Coors Field,Colorado Rockies,Los Angeles Angels,0,1,0,0,0,3,5,6,3,2,608566,Germán Márquez,543294,Kyle Hendricks
2025-09-20,776246,Chase Field,Arizona Diamondbacks,Philadelphia Phillies,2,3,1,2,4,3,11,7,5,4,668678,Zac Gallen,605400,Aaron Nola
2025-09-20,776233,Dodger Stadium,Los Angeles Dodgers,San Francisco Giants,5,4,2,4,7,5,9,8,5,6,607192,Tyler Glasnow,678906,Kai-Wei Teng
2025-09-21,776238,Comerica Park,Detroit Tigers,Atlanta Braves,0,3,0,0,2,6,11,11,6,5,663554,Casey Mize,675911,Spencer Strider
2025-09-21,776234,PNC Park,Pittsburgh Pirates,Athletics,10,0,2,0,11,0,15,8,11,5,681347,Mike Burrows,687765,Mitch Spence
2025-09-21,776240,Oriole Park at Camden Yards,Baltimore Orioles,New York Yankees,1,0,0,0,1,7,4,10,2,1,680694,Kyle Bradish,693645,Cam Schlittler
2025-09-21,776239,Great American Ball Park,Cincinnati Reds,Chicago Cubs,1,0,0,0,1,0,5,6,3,5,671096,Andrew Abbott,592791,Jameson Taillon
2025-09-21,776237,Citi Field,New York Mets,Washington Nationals,1,3,0,0,2,3,8,9,4,6,640455,Sean Manaea,663623,Jake Irvin
2025-09-21,776229,Kauffman Stadium,Kansas City Royals,Toronto Blue Jays,4,6,0,0,5,8,10,12,7,8,608379,Michael Wacha,702056,Trey Yesavage
2025-09-21,776225,Target Field,Minnesota Twins,Cleveland Guardians,1,2,0,2,6,2,10,4,4,3,680573,Simeon Woods Richardson,676282,Joey Cantillo
2025-09-21,776235,Rate Field,Chicago White Sox,San Diego Padres,0,3,0,0,2,3,5,10,2,6,680732,Sean Burke,650633,Michael King
2025-09-21,776231,Busch Stadium,St. Louis Cardinals,Milwaukee Brewers,4,1,0,0,5,1,3,7,2,5,669461,Matthew Liberatore,688107,Robert Gasser
2025-09-21,776226,Globe Life Field,Texas Rangers,Miami Marlins,0,3,0,0,2,4,5,11,2,7,518876,Merrill Kelly,691587,Eury Pérez
2025-09-21,776232,Coors Field,Colorado Rockies,Los Angeles Angels,2,1,0,1,3,1,4,7,2,4,607536,Kyle Freeland,702674,Caden Dana
2025-09-21,776227,Dodger Stadium,Los Angeles Dodgers,San Francisco Giants,0,0,0,0,1,3,7,5,3,1,686218,Emmet Sheehan,686790,Trevor McDonald
2025-09-21,776230,Chase Field,Arizona Diamondbacks,Philadelphia Phillies,6,0,1,0,9,2,15,11,9,5,593958,Eduardo Rodriguez,624133,Ranger Suarez
2025-09-21,776228,Daikin Park,Houston Astros,Seattle Mariners,1,7,0,0,3,7,7,8,3,7,669920,Jason Alexander,669302,Logan Gilbert
2025-09-21,776236,George M. Steinbrenner Field,Tampa Bay Rays,Boston Red Sox,3,1,3,0,7,3,9,10,4,6,671212,Joe Boyle,813349,Connelly Early
2025-09-22,776221,Truist Park,Atlanta Braves,Washington Nationals,8,5,1,1,11,5,14,8,10,3,519242,Chris Sale,669022,MacKenzie Gore
2025-09-22,776222,Petco Park,San Diego Padres,Milwaukee Brewers,2,3,1,0,5,4,9,7,4,4,601713,Nick Pivetta,642547,Freddy Peralta
2025-09-22,776220,Oracle Park,San Francisco Giants,St. Louis Cardinals,5,6,1,0,5,6,7,10,6,9,434378,Justin Verlander,700241,Michael McGreevy
2025-09-23,776223,Oriole Park at Camden Yards,Baltimore Orioles,Tampa Bay Rays,4,0,2,0,6,0,7,2,5,1,665152,Dean Kremer,686752,Ryan Pepiot
2025-09-23,776218,Progressive Field,Cleveland Guardians,Detroit Tigers,0,1,0,0,5,2,7,5,2,3,668909,Gavin Williams,669373,Tarik Skubal
2025-09-23,776224,Great American Ball Park,Cincinnati Reds,Pittsburgh Pirates,2,4,0,0,2,4,5,8,2,6,663903,Brady Singer,670912,Johan Oviedo
2025-09-23,776215,Citizens Bank Park,Philadelphia Phillies,Miami Marlins,3,0,1,0,5,6,9,10,5,2,650911,Cristopher Sánchez,665795,Edward Cabrera
2025-09-23,776216,Yankee Stadium,New York Yankees,Chicago White Sox,1,0,0,0,3,2,11,7,5,1,661563,Luis Gil,681343,Shane Smith
2025-09-23,776217,Rogers Centre,Toronto Blue Jays,Boston Red Sox,1,1,0,0,1,4,3,9,3,5,592332,Kevin Gausman,608337,Lucas Giolito
2025-09-23,776219,Truist Park,Atlanta Braves,Washington Nationals,1,1,0,0,3,2,6,6,2,5,694462,Hurston Waldrep,695418,Brad Lord
2025-09-23,776209,Wrigley Field,Chicago Cubs,New York Mets,6,6,2,1,7,9,9,11,6,6,690990,Cade Horton,656849,David Peterson
2025-09-23,776210,Globe Life Field,Texas Rangers,Minnesota Twins,1,2,1,0,1,4,4,9,4,5,571578,Patrick Corbin,805673,Zebby Matthews
2025-09-23,776207,Angel Stadium,Los Angeles Angels,Kansas City Royals,2,3,0,2,4,8,5,15,3,7,691951,Sam Aldegheri,666142,Cole Ragans
2025-09-23,776213,Chase Field,Arizona Diamondbacks,Los Angeles Dodgers,0,1,0,0,5,4,9,5,3,3,694297,Brandon Pfaadt,660271,Shohei Ohtani
2025-09-23,776212,T-Mobile Park,Seattle Mariners,Colorado Rockies,1,1,0,0,4,3,3,7,2,4,682243,Bryce Miller,685326,McCade Brown
2025-09-23,776214,Petco Park,San Diego Padres,Milwaukee Brewers,6,0,4,0,7,0,8,4,5,1,681190,Randy Vásquez,669145,Bruce Zimmermann
2025-09-23,776211,Oracle Park,San Francisco Giants,St. Louis Cardinals,7,3,0,3,8,9,11,15,9,8,657277,Logan Webb,669467,Andre Pallante
2025-09-23,776208,Sutter Health Park,Athletics,Houston Astros,4,1,1,0,5,1,9,3,7,3,605488,Jeffrey Springs,664299,Cristian Javier
2025-09-24,776200,Truist Park,Atlanta Braves,Washington Nationals,0,2,0,1,3,4,6,9,2,4,693821,Bryce Elder,674841,Andrew Alvarez
2025-09-24,776198,Petco Park,San Diego Padres,Milwaukee Brewers,0,1,0,0,1,3,6,10,2,6,656302,Dylan Cease,694477,Chad Patrick
2025-09-24,776203,Oriole Park at Camden Yards,Baltimore Orioles,Tampa Bay Rays,0,3,0,1,2,6,3,11,0,7,669330,Tyler Wells,669358,Shane Baz
2025-09-24,776204,Progressive Field,Cleveland Guardians,Detroit Tigers,3,1,0,0,5,1,8,6,5,4,676440,Tanner Bibee,656427,Jack Flaherty
2025-09-24,776202,Great American Ball Park,Cincinnati Reds,Pittsburgh Pirates,0,1,0,0,3,4,10,8,4,3,668881,Hunter Greene,694973,Paul Skenes
2025-09-24,776201,Citizens Bank Park,Philadelphia Phillies,Miami Marlins,6,1,0,0,11,1,12,5,7,3,666200,Jesús Luzardo,677960,Ryan Weathers
2025-09-24,776199,Yankee Stadium,New York Yankees,Chicago White Sox,5,1,0,0,8,1,10,5,6,4,608331,Max Fried,686642,Fraser Ellard
2025-09-24,776206,Rogers Centre,Toronto Blue Jays,Boston Red Sox,0,4,0,3,1,7,4,12,3,10,453286,Max Scherzer,676979,Garrett Crochet
2025-09-24,776205,Wrigley Field,Chicago Cubs,New York Mets,8,2,0,0,10,3,11,4,8,2,571510,Matthew Boyd,804636,Jonah Tong
2025-09-24,776192,Globe Life Field,Texas Rangers,Minnesota Twins,1,1,0,1,4,2,5,5,2,2,594798,Jacob deGrom,671737,Taj Bradley
2025-09-24,776197,Angel Stadium,Los Angeles Angels,Kansas City Royals,3,1,0,0,3,2,6,2,4,1,579328,Yusei Kikuchi,663568,Stephen Kolek
2025-09-24,776193,Chase Field,Arizona Diamondbacks,Los Angeles Dodgers,1,3,1,1,4,5,9,11,4,7,669194,Ryne Nelson,605483,Blake Snell
2025-09-24,776194,T-Mobile Park,Seattle Mariners,Colorado Rockies,7,1,3,0,9,2,14,2,9,1,622491,Luis Castillo,685299,Tanner Gordon
2025-09-24,776196,Oracle Park,San Francisco Giants,St. Louis Cardinals,3,2,0,0,4,3,11,7,7,4,664141,JT Brubaker,543243,Sonny Gray
2025-09-24,776195,Sutter Health Park,Athletics,Houston Astros,4,0,0,0,6,0,8,5,6,2,622663,Luis Severino,686613,Hunter Brown
2025-09-25,776190,Great American Ball Park,Cincinnati Reds,Pittsburgh Pirates,2,0,0,0,2,1,10,3,8,2,666157,Nick Lodolo,677952,Braxton Ashcraft
2025-09-25,776191,Oriole Park at Camden Yards,Baltimore Orioles,Tampa Bay Rays,2,3,0,0,6,5,9,15,5,8,700249,Cade Povich,656876,Drew Rasmussen
2025-09-25,776183,Globe Life Field,Texas Rangers,Minnesota Twins,0,1,0,1,0,4,3,10,2,5,641816,Tyler Mahle,641927,Bailey Ober
2025-09-25,776182,Sutter Health Park,Athletics,Houston Astros,0,9,0,2,5,11,12,12,5,9,669372,J.T. Ginn,664285,Framber Valdez
2025-09-25,776185,Chase Field,Arizona Diamondbacks,Los Angeles Dodgers,0,8,0,0,0,8,5,11,3,9,656222,Jalen Beeks,808967,Yoshinobu Yamamoto
2025-09-25,776188,Citizens Bank Park,Philadelphia Phillies,Miami Marlins,1,0,1,0,1,0,7,5,5,3,621111,Walker Buehler,676083,Janson Junk
2025-09-25,776189,Progressive Field,Cleveland Guardians,Detroit Tigers,1,4,0,2,2,4,5,8,3,6,800048,Parker Messick,675512,Troy Melton
2025-09-25,776184,Yankee Stadium,New York Yankees,Chicago White Sox,4,3,1,0,5,3,8,5,7,3,607074,Carlos Rodón,663436,Davis Martin
2025-09-25,776186,Rogers Centre,Toronto Blue Jays,Boston Red Sox,0,0,0,0,6,1,7,4,3,0,686973,Louis Varland,678394,Brayan Bello
2025-09-25,776187,Wrigley Field,Chicago Cubs,New York Mets,2,6,0,2,5,8,7,10,3,6,684007,Shota Imanaga,690997,Nolan McLean
2025-09-25,776178,Angel Stadium,Los Angeles Angels,Kansas City Royals,1,4,0,2,4,9,7,11,3,5,815083,Mitch Farris,547179,Michael Lorenzen
2025-09-25,776179,T-Mobile Park,Seattle Mariners,Colorado Rockies,6,0,0,0,6,2,10,9,8,4,676106,Emerson Hancock,687134,Bradley Blalock
2025-09-26,776167,Wrigley Field,Chicago Cubs,St. Louis Cardinals,4,0,1,0,12,1,12,5,4,1,607067,Colin Rea,571945,Miles Mikolas
2025-09-26,776176,Citizens Bank Park,Philadelphia Phillies,Minnesota Twins,2,0,1,0,3,1,7,4,4,0,605400,Aaron Nola,657746,Joe Ryan
2025-09-26,776165,Nationals Park,Washington Nationals,Chicago White Sox,2,8,1,4,9,10,13,11,5,9,676917,Cade Cavalli,672782,Yoendrys Gómez
2025-09-26,776174,Yankee Stadium,New York Yankees,Baltimore Orioles,6,3,2,0,8,4,9,7,4,5,701542,Will Warren,669432,Trevor Rogers
2025-09-26,776177,Rogers Centre,Toronto Blue Jays,Tampa Bay Rays,4,2,1,0,4,2,7,6,7,5,669456,Shane Bieber,605288,Adrian Houser
2025-09-26,776181,Fenway Park,Boston Red Sox,Detroit Tigers,1,3,0,0,4,3,10,10,4,8,690986,Kyle Harrison,663554,Casey Mize
2025-09-26,776175,Progressive Field,Cleveland Guardians,Texas Rangers,2,4,2,4,3,7,5,12,4,5,677944,Slade Cecconi,683004,Jack Leiter
2025-09-26,776173,loanDepot park,Miami Marlins,New York Mets,6,2,0,2,6,2,10,6,8,6,645261,Sandy Alcantara,687075,Brandon Sproat
2025-09-26,776180,Truist Park,Atlanta Braves,Pittsburgh Pirates,1,4,1,0,3,9,8,14,4,8,666214,Joey Wentz,656605,Mitch Keller
2025-09-26,776171,American Family Field,Milwaukee Brewers,Cincinnati Reds,1,1,0,0,1,3,3,9,3,6,682990,Quinn Priester,641793,Zack Littell
2025-09-26,776169,Angel Stadium,Los Angeles Angels,Houston Astros,2,3,0,0,4,3,8,6,4,5,543294,Kyle Hendricks,669920,Jason Alexander
2025-09-26,776170,Petco Park,San Diego Padres,Arizona Diamondbacks,6,2,0,1,7,4,12,8,7,6,506433,Yu Darvish,668678,Zac Gallen
2025-09-26,776168,T-Mobile Park,Seattle Mariners,Los Angeles Dodgers,1,2,1,0,2,3,8,6,4,3,669923,George Kirby,686218,Emmet Sheehan
2025-09-26,776172,Sutter Health Park,Athletics,Kansas City Royals,3,3,0,0,4,3,8,4,5,3,686930,Mason Barnett,702070,Noah Cameron
2025-09-26,776166,Oracle Park,San Francisco Giants,Colorado Rockies,6,3,2,0,6,3,7,5,5,4,686790,Trevor McDonald,608566,Germán Márquez
2025-09-27,776162,Yankee Stadium,New York Yankees,Baltimore Orioles,6,0,1,0,6,1,7,3,6,1,693645,Cam Schlittler,608372,Tomoyuki Sugano
2025-09-27,776164,Wrigley Field,Chicago Cubs,St. Louis Cardinals,3,1,1,0,7,3,10,7,6,2,592791,Jameson Taillon,700241,Michael McGreevy
2025-09-27,776159,Rogers Centre,Toronto Blue Jays,Tampa Bay Rays,4,0,0,0,5,1,7,7,5,5,702056,Trey Yesavage,671212,Joe Boyle
2025-09-27,776146,Oracle Park,San Francisco Giants,Colorado Rockies,3,2,0,1,4,3,4,7,2,5,434378,Justin Verlander,607536,Kyle Freeland
2025-09-27,776160,Nationals Park,Washington Nationals,Chicago White Sox,2,4,0,0,6,5,9,11,3,5,663623,Jake Irvin,656457,Tyler Gilbert
2025-09-27,776157,Fenway Park,Boston Red Sox,Detroit Tigers,1,2,0,0,1,2,7,6,5,4,813349,Connelly Early,672456,Keider Montero
2025-09-27,776161,loanDepot park,Miami Marlins,New York Mets,0,2,0,1,0,5,1,8,1,3,691587,Eury Pérez,605280,Clay Holmes
2025-09-27,776163,Citizens Bank Park,Philadelphia Phillies,Minnesota Twins,0,3,0,1,0,5,7,11,3,9,624133,Ranger Suarez,690953,Mick Abel
2025-09-27,776158,Progressive Field,Cleveland Guardians,Texas Rangers,2,2,2,1,3,2,6,6,5,3,676282,Joey Cantillo,656641,Jacob Latz
2025-09-27,776156,Truist Park,Atlanta Braves,Pittsburgh Pirates,1,1,0,0,1,3,5,10,4,5,675911,Spencer Strider,696149,Bubba Chandler
2025-09-27,776153,American Family Field,Milwaukee Brewers,Cincinnati Reds,2,6,0,0,4,7,7,10,4,7,688107,Robert Gasser,671096,Andrew Abbott
2025-09-27,776152,Petco Park,San Diego Padres,Arizona Diamondbacks,5,1,3,0,5,1,7,5,6,4,650633,Michael King,593958,Eduardo Rodriguez
2025-09-27,776155,Angel Stadium,Los Angeles Angels,Houston Astros,0,5,0,0,1,6,3,7,1,5,702674,Caden Dana,805123,AJ Blubaugh
2025-09-27,776150,T-Mobile Park,Seattle Mariners,Los Angeles Dodgers,3,2,0,0,3,5,8,7,7,4,669302,Logan Gilbert,607192,Tyler Glasnow
2025-09-27,776154,Sutter Health Park,Athletics,Kansas City Royals,0,3,0,1,2,4,6,8,1,5,806960,Luis Morales,608379,Michael Wacha
2025-09-28,776151,Fenway Park,Boston Red Sox,Detroit Tigers,4,3,1,0,4,3,7,9,7,7,592254,José De León,663978,Chris Paddack
2025-09-28,776138,Sutter Health Park,Athletics,Kansas City Royals,0,4,0,0,2,9,7,15,4,9,669620,Brady Basso,666142,Cole Ragans
2025-09-28,776137,Oracle Park,San Francisco Giants,Colorado Rockies,2,0,1,0,4,0,7,5,5,3,657277,Logan Webb,685326,McCade Brown
2025-09-28,776141,Citizens Bank Park,Philadelphia Phillies,Minnesota Twins,0,0,0,0,2,1,3,5,1,2,650911,Cristopher Sánchez,680573,Simeon Woods Richardson
2025-09-28,776143,Nationals Park,Washington Nationals,Chicago White Sox,0,7,0,2,0,8,1,10,0,8,695418,Brad Lord,681343,Shane Smith
2025-09-28,776140,Yankee Stadium,New York Yankees,Baltimore Orioles,2,2,1,0,3,2,6,5,5,3,661563,Luis Gil,680694,Kyle Bradish
2025-09-28,776135,Angel Stadium,Los Angeles Angels,Houston Astros,1,5,1,1,2,6,6,11,2,9,691951,Sam Aldegheri,621121,Lance McCullers Jr.
2025-09-28,776145,Rogers Centre,Toronto Blue Jays,Tampa Bay Rays,8,4,5,1,13,4,15,9,9,8,592332,Kevin Gausman,693855,Ian Seymour
2025-09-28,776136,Petco Park,San Diego Padres,Arizona Diamondbacks,9,2,5,1,12,4,11,11,8,6,676664,JP Sears,694297,Brandon Pfaadt
2025-09-28,776139,T-Mobile Park,Seattle Mariners,Los Angeles Dodgers,0,4,0,0,1,6,5,8,4,5,682243,Bryce Miller,477132,Clayton Kershaw
2025-09-28,776147,Progressive Field,Cleveland Guardians,Texas Rangers,3,4,2,0,9,8,11,7,4,5,671106,Logan Allen,571578,Patrick Corbin
2025-09-28,776148,loanDepot park,Miami Marlins,New York Mets,4,0,0,0,4,0,9,5,6,2,665795,Edward Cabrera,640455,Sean Manaea
2025-09-28,776144,American Family Field,Milwaukee Brewers,Cincinnati Reds,4,2,0,0,4,2,7,5,7,5,642547,Freddy Peralta,663903,Brady Singer
2025-09-28,776149,Truist Park,Atlanta Braves,Pittsburgh Pirates,2,0,2,0,4,1,6,6,3,3,450203,Charlie Morton,670912,Johan Oviedo
2025-09-28,776142,Wrigley Field,Chicago Cubs,St. Louis Cardinals,1,0,0,0,2,0,6,6,3,3,665871,Javier Assad,681517,Kyle Leahy
2026-03-25,823244,Oracle Park,San Francisco Giants,New York Yankees,0,7,0,0,0,7,3,10,2,9,657277,Logan Webb,608331,Max Fried
2026-03-26,823649,Citi Field,New York Mets,Pittsburgh Pirates,9,4,5,2,11,7,11,10,9,6,642547,Freddy Peralta,694973,Paul Skenes
2026-03-26,823812,American Family Field,Milwaukee Brewers,Chicago White Sox,8,1,0,1,14,2,12,4,8,2,694819,Jacob Misiorowski,681343,Shane Smith
2026-03-26,824704,Wrigley Field,Chicago Cubs,Washington Nationals,3,7,0,0,4,10,8,11,4,9,571510,Matthew Boyd,676917,Cade Cavalli
2026-03-26,824865,Oriole Park at Camden Yards,Baltimore Orioles,Minnesota Twins,0,0,0,0,2,1,5,5,1,3,669432,Trevor Rogers,657746,Joe Ryan
2026-03-26,824541,Great American Ball Park,Cincinnati Reds,Boston Red Sox,0,0,0,0,0,3,4,12,1,7,671096,Andrew Abbott,676979,Garrett Crochet
2026-03-26,824218,Daikin Park,Houston Astros,Los Angeles Angels,0,0,0,0,0,3,3,9,1,4,686613,Hunter Brown,667755,José Soriano
2026-03-26,823325,Petco Park,San Diego Padres,Detroit Tigers,0,8,0,4,2,8,5,12,2,10,601713,Nick Pivetta,669373,Tarik Skubal
2026-03-26,823081,Busch Stadium,St. Louis Cardinals,Tampa Bay Rays,1,1,0,0,9,7,14,17,4,7,669461,Matthew Liberatore,656876,Drew Rasmussen
2026-03-26,823486,Citizens Bank Park,Philadelphia Phillies,Texas Rangers,5,0,2,0,5,3,10,8,9,3,650911,Cristopher Sánchez,543135,Nathan Eovaldi
2026-03-26,823974,UNIQLO Field at Dodger Stadium,Los Angeles Dodgers,Arizona Diamondbacks,4,2,0,0,8,2,10,6,6,5,808967,Yoshinobu Yamamoto,668678,Zac Gallen
2026-03-26,823163,T-Mobile Park,Seattle Mariners,Cleveland Guardians,3,3,1,1,4,6,6,12,4,5,669302,Logan Gilbert,676440,Tanner Bibee
2026-03-27,823243,Oracle Park,San Francisco Giants,New York Yankees,0,0,0,0,0,3,1,8,1,3,592662,Robbie Ray,693645,Cam Schlittler
2026-03-27,822839,Rogers Centre,Toronto Blue Jays,Athletics,2,1,0,0,3,2,7,3,3,1,592332,Kevin Gausman,622663,Luis Severino
2026-03-27,823893,loanDepot park,Miami Marlins,Colorado Rockies,2,1,0,0,2,1,8,7,6,4,645261,Sandy Alcantara,607536,Kyle Freeland
2026-03-27,824946,Truist Park,Atlanta Braves,Kansas City Royals,4,0,1,0,6,0,11,5,8,2,519242,Chris Sale,666142,Cole Ragans
2026-03-27,824216,Daikin Park,Houston Astros,Los Angeles Angels,2,5,1,1,2,6,8,11,8,8,681347,Mike Burrows,579328,Yusei Kikuchi
2026-03-27,823324,Petco Park,San Diego Padres,Detroit Tigers,1,0,0,0,2,5,8,6,6,1,650633,Michael King,664285,Framber Valdez
2026-03-27,823162,T-Mobile Park,Seattle Mariners,Cleveland Guardians,3,1,0,1,5,1,3,4,2,2,669923,George Kirby,668909,Gavin Williams
2026-03-27,823971,UNIQLO Field at Dodger Stadium,Los Angeles Dodgers,Arizona Diamondbacks,4,4,0,0,5,4,4,8,2,6,686218,Emmet Sheehan,669194,Ryne Nelson
2026-03-28,823082,Busch Stadium,St. Louis Cardinals,Tampa Bay Rays,2,0,2,0,6,5,6,7,3,0,700241,Michael McGreevy,671212,Joe Boyle
2026-03-28,824701,Wrigley Field,Chicago Cubs,Washington Nationals,6,2,0,0,10,2,10,4,6,3,690990,Cade Horton,571945,Miles Mikolas
2026-03-28,822838,Rogers Centre,Toronto Blue Jays,Athletics,1,0,0,0,8,7,14,8,5,2,656302,Dylan Cease,605488,Jeffrey Springs
2026-03-28,824862,Oriole Park at Camden Yards,Baltimore Orioles,Minnesota Twins,1,3,0,0,1,4,5,4,3,3,680694,Kyle Bradish,671737,Taj Bradley
2026-03-28,823488,Citizens Bank Park,Philadelphia Phillies,Texas Rangers,0,3,0,1,4,5,5,10,1,5,605400,Aaron Nola,656641,Jacob Latz
2026-03-28,824540,Great American Ball Park,Cincinnati Reds,Boston Red Sox,5,3,2,0,6,5,10,8,8,5,663903,Brady Singer,543243,Sonny Gray
2026-03-28,823651,Citi Field,New York Mets,Pittsburgh Pirates,0,0,0,0,4,2,6,12,2,4,656849,David Peterson,656605,Mitch Keller
2026-03-28,823892,loanDepot park,Miami Marlins,Colorado Rockies,3,3,0,0,4,3,10,6,8,4,691587,Eury Pérez,547179,Michael Lorenzen
2026-03-28,824213,Daikin Park,Houston Astros,Los Angeles Angels,3,6,0,0,11,9,13,6,7,4,664299,Cristian Javier,672282,Reid Detmers
2026-03-28,823811,American Family Field,Milwaukee Brewers,Chicago White Sox,4,1,3,0,6,1,12,7,7,5,694477,Chad Patrick,680732,Sean Burke
2026-03-28,824945,Truist Park,Atlanta Braves,Kansas City Royals,0,0,0,0,6,2,9,5,3,2,625643,Reynaldo López,608379,Michael Wacha
2026-03-28,823241,Oracle Park,San Francisco Giants,New York Yankees,1,3,0,0,1,3,9,7,5,6,641816,Tyler Mahle,701542,Will Warren
2026-03-28,823323,Petco Park,San Diego Padres,Detroit Tigers,3,0,0,0,3,0,7,2,4,1,681190,Randy Vásquez,656427,Jack Flaherty
2026-03-28,823973,UNIQLO Field at Dodger Stadium,Los Angeles Dodgers,Arizona Diamondbacks,0,2,0,1,3,2,6,5,4,4,607192,Tyler Glasnow,593958,Eduardo Rodriguez
2026-03-28,823161,T-Mobile Park,Seattle Mariners,Cleveland Guardians,2,0,0,0,5,6,9,8,4,2,693433,Bryan Woo,676282,Joey Cantillo
2026-03-29,824864,Oriole Park at Camden Yards,Baltimore Orioles,Minnesota Twins,3,4,0,0,8,6,12,12,5,7,669358,Shane Baz,641927,Bailey Ober
2026-03-29,823487,Citizens Bank Park,Philadelphia Phillies,Texas Rangers,0,5,0,0,3,8,3,8,0,4,666200,Jesús Luzardo,669022,MacKenzie Gore
2026-03-29,824944,Truist Park,Atlanta Braves,Kansas City Royals,0,3,0,0,1,4,7,7,3,5,656550,Grant Holmes,607625,Seth Lugo
2026-03-29,822837,Rogers Centre,Toronto Blue Jays,Athletics,5,2,1,0,5,2,6,5,6,2,641778,Eric Lauer,806960,Luis Morales
2026-03-29,824538,Great American Ball Park,Cincinnati Reds,Boston Red Sox,0,2,0,0,3,2,7,7,4,3,695076,Rhett Lowder,813349,Connelly Early
2026-03-29,823647,Citi Field,New York Mets,Pittsburgh Pirates,2,2,0,1,3,4,9,7,6,4,690997,Nolan McLean,669387,Carmen Mlodzinski
2026-03-29,823891,loanDepot park,Miami Marlins,Colorado Rockies,2,3,1,3,4,3,8,6,4,5,676974,Max Meyer,500779,Jose Quintana
2026-03-29,824215,Daikin Park,Houston Astros,Los Angeles Angels,6,6,0,0,9,7,7,7,5,6,837227,Tatsuya Imai,686799,Jack Kochanowicz
2026-03-29,823810,American Family Field,Milwaukee Brewers,Chicago White Sox,2,7,2,4,9,7,11,9,3,7,687075,Brandon Sproat,641743,Anthony Kay
2026-03-29,823079,Busch Stadium,St. Louis Cardinals,Tampa Bay Rays,4,6,0,0,7,11,11,17,6,10,669160,Dustin May,571927,Steven Matz
2026-03-29,824700,Wrigley Field,Chicago Cubs,Washington Nationals,2,3,0,3,3,6,4,11,3,6,684007,Shota Imanaga,663623,Jake Irvin
2026-03-29,823160,T-Mobile Park,Seattle Mariners,Cleveland Guardians,6,0,0,0,8,0,9,2,6,0,676106,Emerson Hancock,677944,Slade Cecconi
2026-03-30,824135,Kauffman Stadium,Kansas City Royals,Minnesota Twins,2,1,0,0,3,1,7,4,5,2,663460,Kris Bubic,680573,Simeon Woods Richardson
2026-03-30,824863,Oriole Park at Camden Yards,Baltimore Orioles,Texas Rangers,2,4,1,1,2,5,7,10,5,6,605135,Chris Bassitt,683004,Jack Leiter
2026-03-30,824539,Great American Ball Park,Cincinnati Reds,Pittsburgh Pirates,2,0,0,0,2,0,4,4,4,1,695505,Chase Burns,677952,Braxton Ashcraft
2026-03-30,823484,Citizens Bank Park,Philadelphia Phillies,Washington Nationals,2,7,0,4,2,13,7,17,5,10,592836,Taijuan Walker,656492,Foster Griffin
2026-03-30,823890,loanDepot park,Miami Marlins,Chicago White Sox,3,8,0,0,4,9,8,9,5,9,663978,Chris Paddack,663436,Davis Martin
2026-03-30,822834,Rogers Centre,Toronto Blue Jays,Colorado Rockies,1,2,0,0,5,14,7,17,2,4,664074,Cody Ponce,608372,Tomoyuki Sugano
2026-03-30,824943,Truist Park,Atlanta Braves,Athletics,3,0,3,0,4,0,10,7,6,4,693821,Bryce Elder,682052,Jacob Lopez
2026-03-30,824702,Wrigley Field,Chicago Cubs,Los Angeles Angels,6,0,3,0,7,2,9,5,8,1,665795,Edward Cabrera,696270,Ryan Johnson
2026-03-30,823809,American Family Field,Milwaukee Brewers,Tampa Bay Rays,0,1,0,1,2,3,6,7,3,4,690986,Kyle Harrison,607259,Nick Martinez
2026-03-30,823080,Busch Stadium,St. Louis Cardinals,New York Mets,1,2,1,1,2,4,5,10,3,6,681517,Kyle Leahy,605280,Clay Holmes
2026-03-30,824214,Daikin Park,Houston Astros,Boston Red Sox,4,0,1,0,8,1,13,4,7,2,621121,Lance McCullers Jr.,624133,Ranger Suarez
2026-03-30,823320,Petco Park,San Diego Padres,San Francisco Giants,0,3,0,0,2,3,3,6,1,5,621111,Walker Buehler,694738,Landen Roupp
2026-03-30,823159,T-Mobile Park,Seattle Mariners,New York Yankees,1,0,0,0,2,1,9,6,4,3,622491,Luis Castillo,677960,Ryan Weathers
2026-03-30,825108,Chase Field,Arizona Diamondbacks,Detroit Tigers,8,0,2,0,9,6,11,10,9,4,647336,Michael Soroka,434378,Justin Verlander
2026-03-30,823972,UNIQLO Field at Dodger Stadium,Los Angeles Dodgers,Cleveland Guardians,0,1,0,0,2,4,9,9,5,5,808963,Roki Sasaki,800048,Parker Messick
2026-03-31,824861,Oriole Park at Camden Yards,Baltimore Orioles,Texas Rangers,3,3,0,0,5,8,9,13,6,7,621107,Zach Eflin,594798,Jacob deGrom
2026-03-31,824537,Great American Ball Park,Cincinnati Reds,Pittsburgh Pirates,1,6,0,0,3,8,6,8,0,6,682227,Brandon Williamson,696149,Bubba Chandler
2026-03-31,823485,Citizens Bank Park,Philadelphia Phillies,Washington Nationals,3,0,0,0,3,2,7,8,5,3,691725,Andrew Painter,676571,PJ Poulin
2026-03-31,823888,loanDepot park,Miami Marlins,Chicago White Sox,4,2,0,0,9,2,9,5,6,5,676083,Janson Junk,607200,Erick Fedde
2026-03-31,822836,Rogers Centre,Toronto Blue Jays,Colorado Rockies,2,0,0,0,5,1,14,7,6,3,453286,Max Scherzer,663372,Ryan Feltner
2026-03-31,824942,Truist Park,Atlanta Braves,Athletics,2,5,1,0,2,5,6,8,4,6,660761,José Suarez,650644,Aaron Civale
2026-03-31,824699,Wrigley Field,Chicago Cubs,Los Angeles Angels,0,0,0,0,0,2,4,5,2,2,592791,Jameson Taillon,667755,José Soriano
2026-03-31,823807,American Family Field,Milwaukee Brewers,Tampa Bay Rays,3,2,0,1,6,2,7,7,2,4,605540,Brandon Woodruff,663556,Shane McClanahan
2026-03-31,823077,Busch Stadium,St. Louis Cardinals,New York Mets,2,0,0,0,3,0,6,3,4,2,669467,Andre Pallante,673540,Kodai Senga
2026-03-31,824212,Daikin Park,Houston Astros,Boston Red Sox,6,1,1,0,9,2,11,4,8,1,686613,Hunter Brown,678394,Brayan Bello
2026-03-31,825107,Chase Field,Arizona Diamondbacks,Detroit Tigers,1,5,0,0,7,5,8,6,4,6,694297,Brandon Pfaadt,663554,Casey Mize
2026-03-31,823322,Petco Park,San Diego Padres,San Francisco Giants,3,4,0,3,3,9,6,16,3,9,608566,Germán Márquez,657277,Logan Webb
2026-03-31,823158,T-Mobile Park,Seattle Mariners,New York Yankees,0,2,0,2,0,5,4,9,1,4,669302,Logan Gilbert,608331,Max Fried
2026-03-31,823969,UNIQLO Field at Dodger Stadium,Los Angeles Dodgers,Cleveland Guardians,1,0,0,0,4,1,10,2,4,1,660271,Shohei Ohtani,676440,Tanner Bibee
2026-04-01,824940,Truist Park,Atlanta Braves,Athletics,5,1,0,0,5,1,7,4,6,1,519242,Chris Sale,622663,Luis Severino
2026-04-01,824860,Oriole Park at Camden Yards,Baltimore Orioles,Texas Rangers,7,2,0,0,8,3,12,8,10,6,669432,Trevor Rogers,543135,Nathan Eovaldi
2026-04-01,824536,Great American Ball Park,Cincinnati Reds,Pittsburgh Pirates,1,3,0,3,3,8,5,9,3,4,671096,Andrew Abbott,694973,Paul Skenes
2026-04-01,823483,Citizens Bank Park,Philadelphia Phillies,Washington Nationals,1,1,1,0,6,5,12,10,5,4,650911,Cristopher Sánchez,676917,Cade Cavalli
2026-04-01,822835,Rogers Centre,Toronto Blue Jays,Colorado Rockies,1,0,0,0,1,2,7,6,5,1,592332,Kevin Gausman,607536,Kyle Freeland
2026-04-01,823889,loanDepot park,Miami Marlins,Chicago White Sox,8,0,4,0,10,0,13,3,9,2,645261,Sandy Alcantara,681343,Shane Smith
2026-04-01,823078,Busch Stadium,St. Louis Cardinals,New York Mets,0,0,0,0,2,1,5,5,2,1,669461,Matthew Liberatore,642547,Freddy Peralta
2026-04-01,823806,American Family Field,Milwaukee Brewers,Tampa Bay Rays,2,2,0,0,8,2,9,5,3,4,694819,Jacob Misiorowski,656876,Drew Rasmussen
2026-04-01,824211,Daikin Park,Houston Astros,Boston Red Sox,5,2,2,1,6,4,8,7,6,5,681347,Mike Burrows,676979,Garrett Crochet
2026-04-01,824698,Wrigley Field,Chicago Cubs,Los Angeles Angels,5,0,0,0,6,2,10,4,6,1,571510,Matthew Boyd,579328,Yusei Kikuchi
2026-04-01,825106,Chase Field,Arizona Diamondbacks,Detroit Tigers,1,0,1,0,1,0,6,7,5,3,668678,Zac Gallen,669373,Tarik Skubal
2026-04-01,823321,Petco Park,San Diego Padres,San Francisco Giants,2,0,1,0,7,1,9,4,3,1,601713,Nick Pivetta,605288,Adrian Houser
2026-04-01,823157,T-Mobile Park,Seattle Mariners,New York Yankees,0,1,0,1,3,5,7,6,2,4,669923,George Kirby,693645,Cam Schlittler
2026-04-01,824136,Kauffman Stadium,Kansas City Royals,Minnesota Twins,5,1,0,0,13,9,15,9,10,4,702070,Noah Cameron,657746,Joe Ryan
2026-04-01,823970,UNIQLO Field at Dodger Stadium,Los Angeles Dodgers,Cleveland Guardians,0,2,0,0,1,4,5,6,1,4,808967,Yoshinobu Yamamoto,668909,Gavin Williams
2026-04-02,824133,Kauffman Stadium,Kansas City Royals,Minnesota Twins,0,1,0,0,1,5,7,8,4,4,666142,Cole Ragans,671737,Taj Bradley
2026-04-02,825105,Chase Field,Arizona Diamondbacks,Atlanta Braves,1,10,0,1,2,17,6,16,4,6,669194,Ryne Nelson,625643,Reynaldo López
2026-04-02,823242,Oracle Park,San Francisco Giants,New York Mets,6,2,3,1,7,2,13,5,10,3,592662,Robbie Ray,656849,David Peterson
2026-04-03,822758,Nationals Park,Washington Nationals,Los Angeles Dodgers,4,11,3,0,6,13,11,16,7,13,571945,Miles Mikolas,686218,Emmet Sheehan
2026-04-03,824299,Comerica Park,Detroit Tigers,St. Louis Cardinals,3,0,0,0,4,0,10,5,9,3,664285,Framber Valdez,700241,Michael McGreevy
2026-04-03,823568,Yankee Stadium,New York Yankees,Miami Marlins,4,2,2,1,8,2,6,4,3,2,701542,Will Warren,691587,Eury Pérez
2026-04-03,824786,Fenway Park,Boston Red Sox,San Diego Padres,2,2,0,0,5,2,9,4,5,4,543243,Sonny Gray,650633,Michael King
2026-04-03,824621,Rate Field,Chicago White Sox,Toronto Blue Jays,3,1,1,0,5,4,11,7,5,3,691799,Grant Taylor,656302,Dylan Cease
2026-04-03,822919,Globe Life Field,Texas Rangers,Cincinnati Reds,2,2,0,0,3,5,8,10,5,5,669022,MacKenzie Gore,663903,Brady Singer
2026-04-03,824458,Progressive Field,Cleveland Guardians,Chicago Cubs,1,1,0,0,4,1,9,5,5,3,676282,Joey Cantillo,690990,Cade Horton
2026-04-03,823732,Target Field,Minnesota Twins,Tampa Bay Rays,3,3,0,2,10,4,7,8,3,4,641927,Bailey Ober,671212,Joe Boyle
2026-04-03,824377,Coors Field,Colorado Rockies,Philadelphia Phillies,1,10,0,7,1,10,5,13,4,13,547179,Michael Lorenzen,605400,Aaron Nola
2026-04-03,823406,PNC Park,Pittsburgh Pirates,Baltimore Orioles,5,2,0,0,5,4,6,9,6,6,656605,Mitch Keller,680694,Kyle Bradish
2026-04-03,824056,Angel Stadium,Los Angeles Angels,Seattle Mariners,0,0,0,0,1,3,1,7,1,2,672282,Reid Detmers,693433,Bryan Woo
2026-04-03,825026,Sutter Health Park,Athletics,Houston Astros,11,1,0,0,11,4,13,6,10,2,605488,Jeffrey Springs,664299,Cristian Javier
2026-04-03,825103,Chase Field,Arizona Diamondbacks,Atlanta Braves,0,0,0,0,0,2,2,6,0,2,593958,Eduardo Rodriguez,656550,Grant Holmes
2026-04-03,823240,Oracle Park,San Francisco Giants,New York Mets,0,5,0,2,3,10,5,15,0,8,641816,Tyler Mahle,690997,Nolan McLean
2026-04-04,824295,Comerica Park,Detroit Tigers,St. Louis Cardinals,8,6,3,0,11,6,12,6,8,4,656427,Jack Flaherty,669160,Dustin May
2026-04-04,824622,Rate Field,Chicago White Sox,Toronto Blue Jays,1,0,1,0,6,3,7,6,2,2,691799,Grant Taylor,689254,Mason Fluharty
2026-04-04,824132,Kauffman Stadium,Kansas City Royals,Milwaukee Brewers,0,5,0,2,2,5,8,10,4,9,679883,Luinder Avila,694477,Chad Patrick
2026-04-04,824134,Kauffman Stadium,Kansas City Royals,Milwaukee Brewers,2,2,0,0,8,2,10,5,3,4,607625,Seth Lugo,701656,Logan Henderson
2026-04-04,822757,Nationals Park,Washington Nationals,Los Angeles Dodgers,2,9,0,2,5,10,8,16,4,12,663623,Jake Irvin,607192,Tyler Glasnow
2026-04-04,825027,Sutter Health Park,Athletics,Houston Astros,0,7,0,2,0,11,5,18,3,11,806960,Luis Morales,837227,Tatsuya Imai
2026-04-04,823404,PNC Park,Pittsburgh Pirates,Baltimore Orioles,1,2,0,0,3,2,8,6,3,5,669387,Carmen Mlodzinski,669358,Shane Baz
2026-04-04,824782,Fenway Park,Boston Red Sox,San Diego Padres,1,2,0,0,2,3,8,7,6,4,813349,Connelly Early,681190,Randy Vásquez
2026-04-04,822920,Globe Life Field,Texas Rangers,Cincinnati Reds,0,2,0,2,0,2,4,8,3,6,677958,Kumar Rocker,695076,Rhett Lowder
2026-04-04,823569,Yankee Stadium,New York Yankees,Miami Marlins,2,4,0,2,9,7,6,15,3,8,677960,Ryan Weathers,676974,Max Meyer
2026-04-04,823730,Target Field,Minnesota Twins,Tampa Bay Rays,1,6,0,0,1,7,3,10,2,9,690953,Mick Abel,571927,Steven Matz
2026-04-04,825104,Chase Field,Arizona Diamondbacks,Atlanta Braves,2,1,0,0,2,1,4,4,4,4,647336,Michael Soroka,693821,Bryce Elder
2026-04-04,824378,Coors Field,Colorado Rockies,Philadelphia Phillies,1,2,0,1,1,2,6,7,4,3,657514,Brennan Bernardino,666200,Jesús Luzardo
2026-04-04,823239,Oracle Park,San Francisco Giants,New York Mets,0,8,0,0,0,9,3,12,2,9,694738,Landen Roupp,605280,Clay Holmes
2026-04-04,824054,Angel Stadium,Los Angeles Angels,Seattle Mariners,1,0,1,0,1,0,7,5,4,4,686799,Jack Kochanowicz,676106,Emerson Hancock
2026-04-05,824459,Progressive Field,Cleveland Guardians,Chicago Cubs,0,0,0,0,0,1,1,2,0,1,677944,Slade Cecconi,665795,Edward Cabrera
2026-04-05,824460,Progressive Field,Cleveland Guardians,Chicago Cubs,0,1,0,0,6,5,9,7,2,2,800048,Parker Messick,684007,Shota Imanaga
2026-04-05,822756,Nationals Park,Washington Nationals,Los Angeles Dodgers,6,1,0,0,6,8,7,11,5,5,656492,Foster Griffin,808963,Roki Sasaki
2026-04-05,823405,PNC Park,Pittsburgh Pirates,Baltimore Orioles,6,1,2,0,8,2,10,8,7,4,677952,Braxton Ashcraft,605135,Chris Bassitt
2026-04-05,824781,Fenway Park,Boston Red Sox,San Diego Padres,4,6,0,0,6,8,9,12,4,8,624133,Ranger Suarez,621111,Walker Buehler
2026-04-05,823566,Yankee Stadium,New York Yankees,Miami Marlins,4,2,3,1,6,7,7,7,4,4,608331,Max Fried,664126,Pete Fairbanks
2026-04-05,823729,Target Field,Minnesota Twins,Tampa Bay Rays,1,1,0,0,1,4,3,8,1,3,680573,Simeon Woods Richardson,607259,Nick Martinez
2026-04-05,824620,Rate Field,Chicago White Sox,Toronto Blue Jays,3,0,1,0,3,0,8,6,6,4,663436,Davis Martin,641778,Eric Lauer
2026-04-05,824131,Kauffman Stadium,Kansas City Royals,Milwaukee Brewers,2,4,0,3,5,8,9,10,3,4,663460,Kris Bubic,690986,Kyle Harrison
2026-04-05,822917,Globe Life Field,Texas Rangers,Cincinnati Reds,0,1,0,0,1,2,6,9,2,4,683004,Jack Leiter,695505,Chase Burns
2026-04-05,824379,Coors Field,Colorado Rockies,Philadelphia Phillies,4,1,3,0,4,1,7,6,7,4,608372,Tomoyuki Sugano,592836,Taijuan Walker
2026-04-05,825025,Sutter Health Park,Athletics,Houston Astros,5,3,0,0,12,10,16,11,7,4,682052,Jacob Lopez,621121,Lance McCullers Jr.
2026-04-05,823238,Oracle Park,San Francisco Giants,New York Mets,0,1,0,0,2,5,7,13,2,6,657277,Logan Webb,673540,Kodai Senga
2026-04-05,824053,Angel Stadium,Los Angeles Angels,Seattle Mariners,6,5,1,0,8,7,11,7,10,4,691946,George Klassen,622491,Luis Castillo
2026-04-05,825102,Chase Field,Arizona Diamondbacks,Atlanta Braves,3,3,1,1,6,5,9,11,4,6,694297,Brandon Pfaadt,527048,Martín Pérez
2026-04-05,824296,Comerica Park,Detroit Tigers,St. Louis Cardinals,2,4,0,0,3,5,6,6,5,4,672456,Keider Montero,681517,Kyle Leahy
2026-04-06,823002,Tropicana Field,Tampa Bay Rays,Chicago Cubs,4,2,0,0,6,4,9,4,6,1,663556,Shane McClanahan,592791,Jameson Taillon
2026-04-06,824456,Progressive Field,Cleveland Guardians,Kansas City Royals,1,1,0,0,2,4,4,11,3,5,676440,Tanner Bibee,608379,Michael Wacha
2026-04-06,823401,PNC Park,Pittsburgh Pirates,San Diego Padres,0,3,0,0,0,5,7,11,6,5,696149,Bubba Chandler,608566,Germán Márquez
2026-04-06,823886,loanDepot park,Miami Marlins,Cincinnati Reds,0,1,0,0,0,2,3,7,1,3,676083,Janson Junk,682227,Brandon Williamson
2026-04-06,822755,Nationals Park,Washington Nationals,St. Louis Cardinals,2,1,2,0,9,6,12,9,3,4,641793,Zack Littell,669467,Andre Pallante
2026-04-06,824783,Fenway Park,Boston Red Sox,Milwaukee Brewers,5,5,1,0,6,8,11,11,8,8,678394,Brayan Bello,605540,Brandon Woodruff
2026-04-06,822832,Rogers Centre,Toronto Blue Jays,Los Angeles Dodgers,1,6,1,2,2,14,5,17,2,8,453286,Max Scherzer,680736,Justin Wrobleski
2026-04-06,823728,Target Field,Minnesota Twins,Detroit Tigers,5,3,0,0,7,3,10,4,8,3,657746,Joe Ryan,663554,Casey Mize
2026-04-06,824619,Rate Field,Chicago White Sox,Baltimore Orioles,0,1,0,0,1,2,4,7,2,4,691799,Grant Taylor,687064,Brandon Young
2026-04-06,822918,Globe Life Field,Texas Rangers,Seattle Mariners,1,1,1,1,2,1,7,2,4,1,594798,Jacob deGrom,669302,Logan Gilbert
2026-04-06,824376,Coors Field,Colorado Rockies,Houston Astros,8,3,0,2,9,7,12,13,9,6,663372,Ryan Feltner,675989,Cody Bolton
2026-04-06,824052,Angel Stadium,Los Angeles Angels,Atlanta Braves,6,1,1,1,6,2,5,5,5,2,667755,José Soriano,519242,Chris Sale
2026-04-06,823237,Oracle Park,San Francisco Giants,Philadelphia Phillies,4,2,0,0,4,6,11,11,9,6,605288,Adrian Houser,691725,Andrew Painter
2026-04-07,824457,Progressive Field,Cleveland Guardians,Kansas City Royals,1,1,0,0,2,1,8,1,5,1,668909,Gavin Williams,702070,Noah Cameron
2026-04-07,824618,Rate Field,Chicago White Sox,Baltimore Orioles,2,1,0,0,2,4,6,8,5,3,681343,Shane Smith,669432,Trevor Rogers
2026-04-07,823648,Citi Field,New York Mets,Arizona Diamondbacks,2,3,1,0,4,3,8,9,5,5,642547,Freddy Peralta,668678,Zac Gallen
2026-04-07,823402,PNC Park,Pittsburgh Pirates,San Diego Padres,2,0,0,0,7,1,12,3,4,0,694973,Paul Skenes,601713,Nick Pivetta
2026-04-07,822999,Tropicana Field,Tampa Bay Rays,Chicago Cubs,0,4,0,0,2,9,6,16,1,8,669438,Mason Englert,665871,Javier Assad
2026-04-07,823887,loanDepot park,Miami Marlins,Cincinnati Reds,2,0,0,0,3,6,7,5,5,1,645261,Sandy Alcantara,671096,Andrew Abbott
2026-04-07,822754,Nationals Park,Washington Nationals,St. Louis Cardinals,4,2,1,2,6,7,10,9,9,4,676917,Cade Cavalli,669461,Matthew Liberatore
2026-04-07,824780,Fenway Park,Boston Red Sox,Milwaukee Brewers,0,0,0,0,3,2,3,5,2,2,676979,Garrett Crochet,694819,Jacob Misiorowski
2026-04-07,823567,Yankee Stadium,New York Yankees,Athletics,1,3,0,0,5,3,9,6,2,5,693645,Cam Schlittler,650644,Aaron Civale
2026-04-07,822831,Rogers Centre,Toronto Blue Jays,Los Angeles Dodgers,0,3,0,0,1,4,6,8,1,3,592332,Kevin Gausman,808967,Yoshinobu Yamamoto
2026-04-07,823727,Target Field,Minnesota Twins,Detroit Tigers,4,0,0,0,4,2,10,9,8,4,671737,Taj Bradley,669373,Tarik Skubal
2026-04-07,822916,Globe Life Field,Texas Rangers,Seattle Mariners,3,2,0,1,3,2,6,8,6,5,543135,Nathan Eovaldi,669923,George Kirby
2026-04-07,824375,Coors Field,Colorado Rockies,Houston Astros,3,1,0,0,5,1,10,3,7,2,607536,Kyle Freeland,681347,Mike Burrows
2026-04-07,824051,Angel Stadium,Los Angeles Angels,Atlanta Braves,2,4,2,0,2,7,6,12,3,6,579328,Yusei Kikuchi,625643,Reynaldo López
2026-04-07,823235,Oracle Park,San Francisco Giants,Philadelphia Phillies,3,0,1,0,6,0,13,4,9,2,592662,Robbie Ray,650911,Cristopher Sánchez
2026-04-08,823403,PNC Park,Pittsburgh Pirates,San Diego Padres,0,0,0,0,2,8,6,10,2,2,656605,Mitch Keller,650633,Michael King
2026-04-08,824455,Progressive Field,Cleveland Guardians,Kansas City Royals,5,2,3,0,10,2,16,5,10,3,676282,Joey Cantillo,666142,Cole Ragans
2026-04-08,824779,Fenway Park,Boston Red Sox,Milwaukee Brewers,3,0,0,0,5,0,7,4,3,3,543243,Sonny Gray,675660,Shane Drohan
2026-04-08,824617,Rate Field,Chicago White Sox,Baltimore Orioles,3,2,0,0,3,5,7,7,6,2,680732,Sean Burke,680694,Kyle Bradish
2026-04-08,822915,Globe Life Field,Texas Rangers,Seattle Mariners,3,0,0,0,3,0,6,2,5,1,669022,MacKenzie Gore,693433,Bryan Woo
2026-04-08,822833,Rogers Centre,Toronto Blue Jays,Los Angeles Dodgers,1,1,0,0,4,3,8,6,3,3,656302,Dylan Cease,660271,Shohei Ohtani
2026-04-08,824374,Coors Field,Colorado Rockies,Houston Astros,7,1,1,0,9,1,10,8,9,5,547179,Michael Lorenzen,664299,Cristian Javier
2026-04-08,823234,Oracle Park,San Francisco Giants,Philadelphia Phillies,0,0,0,0,5,0,9,4,3,2,641816,Tyler Mahle,605400,Aaron Nola
2026-04-08,822753,Nationals Park,Washington Nationals,St. Louis Cardinals,1,3,0,0,1,6,4,8,4,6,571945,Miles Mikolas,700241,Michael McGreevy
2026-04-08,824050,Angel Stadium,Los Angeles Angels,Atlanta Braves,2,7,0,1,2,8,7,8,3,6,672282,Reid Detmers,656550,Grant Holmes
2026-04-08,823646,Citi Field,New York Mets,Arizona Diamondbacks,0,5,0,1,2,7,7,11,2,6,656849,David Peterson,669194,Ryne Nelson
2026-04-08,823000,Tropicana Field,Tampa Bay Rays,Chicago Cubs,1,6,0,1,2,6,5,8,2,4,671212,Joe Boyle,607067,Colin Rea
2026-04-08,823885,loanDepot park,Miami Marlins,Cincinnati Reds,6,4,2,2,7,4,12,9,10,6,691587,Eury Pérez,663903,Brady Singer
2026-04-08,823564,Yankee Stadium,New York Yankees,Athletics,2,2,2,0,2,3,4,9,4,5,701542,Will Warren,622663,Luis Severino
2026-04-08,823726,Target Field,Minnesota Twins,Detroit Tigers,7,0,6,0,8,6,11,12,8,1,641927,Bailey Ober,664285,Framber Valdez
2026-04-09,823884,loanDepot park,Miami Marlins,Cincinnati Reds,4,1,1,0,8,1,12,7,6,4,676974,Max Meyer,695076,Rhett Lowder
2026-04-09,823565,Yankee Stadium,New York Yankees,Athletics,0,0,0,0,0,1,1,8,0,4,677960,Ryan Weathers,605488,Jeffrey Springs
2026-04-09,823724,Target Field,Minnesota Twins,Detroit Tigers,1,0,0,0,3,1,9,5,3,4,690953,Mick Abel,656427,Jack Flaherty
2026-04-09,823645,Citi Field,New York Mets,Arizona Diamondbacks,1,0,1,0,1,7,6,8,5,1,690997,Nolan McLean,593958,Eduardo Rodriguez
2026-04-09,824130,Kauffman Stadium,Kansas City Royals,Chicago White Sox,0,1,0,0,0,2,5,5,2,3,607625,Seth Lugo,641743,Anthony Kay
2026-04-09,823319,Petco Park,San Diego Padres,Colorado Rockies,1,1,0,0,7,3,9,10,4,7,681190,Randy Vásquez,623474,Jimmy Herget
2026-04-10,824695,Wrigley Field,Chicago Cubs,Pittsburgh Pirates,0,0,0,0,0,2,6,3,4,0,684007,Shota Imanaga,669387,Carmen Mlodzinski
2026-04-10,823482,Citizens Bank Park,Philadelphia Phillies,Arizona Diamondbacks,4,5,4,0,4,5,7,7,5,5,666200,Jesús Luzardo,647336,Michael Soroka
2026-04-10,824297,Comerica Park,Detroit Tigers,Miami Marlins,2,0,0,0,2,0,8,2,7,2,672456,Keider Montero,663978,Chris Paddack
2026-04-10,824534,Great American Ball Park,Cincinnati Reds,Los Angeles Angels,1,4,0,0,2,10,4,10,1,5,695505,Chase Burns,686799,Jack Kochanowicz
2026-04-10,822829,Rogers Centre,Toronto Blue Jays,Minnesota Twins,6,4,0,3,10,4,14,7,7,7,571578,Patrick Corbin,680573,Simeon Woods Richardson
2026-04-10,823643,Citi Field,New York Mets,Athletics,0,1,0,0,0,4,6,9,2,4,605280,Clay Holmes,669372,J.T. Ginn
2026-04-10,822997,Tropicana Field,Tampa Bay Rays,New York Yankees,3,2,2,2,5,3,9,5,5,2,571927,Steven Matz,661563,Luis Gil
2026-04-10,824858,Oriole Park at Camden Yards,Baltimore Orioles,San Francisco Giants,1,3,0,0,3,6,8,12,5,9,669358,Shane Baz,694738,Landen Roupp
2026-04-10,824941,Truist Park,Atlanta Braves,Cleveland Guardians,1,2,0,0,11,5,15,8,3,4,693821,Bryce Elder,677944,Slade Cecconi
2026-04-10,824128,Kauffman Stadium,Kansas City Royals,Chicago White Sox,1,0,0,0,2,0,7,2,5,1,663460,Kris Bubic,663436,Davis Martin
2026-04-10,823808,American Family Field,Milwaukee Brewers,Washington Nationals,3,2,3,2,3,7,4,11,2,4,676879,Aaron Ashby,663623,Jake Irvin
2026-04-10,823076,Busch Stadium,St. Louis Cardinals,Boston Red Sox,3,2,0,0,3,2,8,5,7,4,669160,Dustin May,813349,Connelly Early
2026-04-10,823318,Petco Park,San Diego Padres,Colorado Rockies,2,0,0,0,5,2,6,8,4,3,621111,Walker Buehler,608372,Tomoyuki Sugano
2026-04-10,823156,T-Mobile Park,Seattle Mariners,Houston Astros,5,3,3,0,9,6,9,8,5,4,676106,Emerson Hancock,837227,Tatsuya Imai
2026-04-10,823968,UNIQLO Field at Dodger Stadium,Los Angeles Dodgers,Texas Rangers,3,4,0,0,8,7,15,9,5,5,607192,Tyler Glasnow,677958,Kumar Rocker
2026-04-11,823480,Citizens Bank Park,Philadelphia Phillies,Arizona Diamondbacks,4,2,0,2,4,3,5,7,4,4,592836,Taijuan Walker,694297,Brandon Pfaadt
2026-04-11,824294,Comerica Park,Detroit Tigers,Miami Marlins,5,1,2,0,6,1,6,6,5,5,663554,Casey Mize,676083,Janson Junk
2026-04-11,824697,Wrigley Field,Chicago Cubs,Pittsburgh Pirates,1,3,0,0,3,4,9,11,4,8,665795,Edward Cabrera,677952,Braxton Ashcraft
2026-04-11,822830,Rogers Centre,Toronto Blue Jays,Minnesota Twins,2,7,2,0,4,7,5,6,2,5,641778,Eric Lauer,657746,Joe Ryan
2026-04-11,824535,Great American Ball Park,Cincinnati Reds,Los Angeles Angels,5,3,4,0,7,3,8,5,5,3,682227,Brandon Williamson,691946,George Klassen
2026-04-11,823644,Citi Field,New York Mets,Athletics,3,7,1,0,6,11,10,15,6,10,673540,Kodai Senga,682052,Jacob Lopez
2026-04-11,824129,Kauffman Stadium,Kansas City Royals,Chicago White Sox,1,0,1,0,2,0,4,4,3,3,608379,Michael Wacha,607200,Erick Fedde
2026-04-11,822996,Tropicana Field,Tampa Bay Rays,New York Yankees,1,1,0,0,5,4,9,8,2,5,607259,Nick Martinez,608331,Max Fried
2026-04-11,823805,American Family Field,Milwaukee Brewers,Washington Nationals,0,2,0,0,1,3,2,9,0,5,690986,Kyle Harrison,656492,Foster Griffin
2026-04-11,824857,Oriole Park at Camden Yards,Baltimore Orioles,San Francisco Giants,4,2,0,0,6,2,9,10,4,7,605135,Chris Bassitt,657277,Logan Webb
2026-04-11,823074,Busch Stadium,St. Louis Cardinals,Boston Red Sox,0,2,0,0,1,7,5,10,3,3,681517,Kyle Leahy,624133,Ranger Suarez
2026-04-11,824939,Truist Park,Atlanta Braves,Cleveland Guardians,0,1,0,1,0,6,5,7,3,2,527048,Martín Pérez,800048,Parker Messick
2026-04-11,823316,Petco Park,San Diego Padres,Colorado Rockies,6,4,0,2,9,5,10,9,8,4,608566,Germán Márquez,663372,Ryan Feltner
2026-04-11,823967,UNIQLO Field at Dodger Stadium,Los Angeles Dodgers,Texas Rangers,5,1,4,1,6,3,9,4,6,2,686218,Emmet Sheehan,683004,Jack Leiter
2026-04-11,823155,T-Mobile Park,Seattle Mariners,Houston Astros,7,7,2,0,8,7,7,17,6,12,622491,Luis Castillo,621121,Lance McCullers Jr.
2026-04-12,824859,Oriole Park at Camden Yards,Baltimore Orioles,San Francisco Giants,4,1,2,0,6,2,11,7,5,2,700249,Cade Povich,605288,Adrian Houser
2026-04-12,823479,Citizens Bank Park,Philadelphia Phillies,Arizona Diamondbacks,0,1,0,0,3,4,10,9,3,3,647315,Zach Pop,668678,Zac Gallen
2026-04-12,822828,Rogers Centre,Toronto Blue Jays,Minnesota Twins,1,8,1,0,2,8,12,8,5,7,453286,Max Scherzer,671737,Taj Bradley
2026-04-12,824533,Great American Ball Park,Cincinnati Reds,Los Angeles Angels,0,7,0,3,6,9,6,10,2,9,671096,Andrew Abbott,667755,José Soriano
2026-04-12,823642,Citi Field,New York Mets,Athletics,0,1,0,0,0,1,4,4,2,4,642547,Freddy Peralta,650644,Aaron Civale
2026-04-12,824293,Comerica Park,Detroit Tigers,Miami Marlins,4,0,3,0,8,2,12,6,5,0,669373,Tarik Skubal,645261,Sandy Alcantara
2026-04-12,822998,Tropicana Field,Tampa Bay Rays,New York Yankees,3,0,1,0,5,4,11,7,7,1,656876,Drew Rasmussen,693645,Cam Schlittler
2026-04-12,824126,Kauffman Stadium,Kansas City Royals,Chicago White Sox,5,4,0,0,5,6,6,7,6,5,702070,Noah Cameron,691799,Grant Taylor
2026-04-12,823804,American Family Field,Milwaukee Brewers,Washington Nationals,3,2,0,0,6,8,9,12,6,3,605540,Brandon Woodruff,641793,Zack Littell
2026-04-12,823075,Busch Stadium,St. Louis Cardinals,Boston Red Sox,1,7,0,2,3,9,7,11,3,9,669467,Andre Pallante,678394,Brayan Bello
2026-04-12,824696,Wrigley Field,Chicago Cubs,Pittsburgh Pirates,3,6,0,1,7,6,10,7,5,6,592791,Jameson Taillon,696149,Bubba Chandler
2026-04-12,823317,Petco Park,San Diego Padres,Colorado Rockies,4,2,1,0,7,2,10,2,7,1,601713,Nick Pivetta,607536,Kyle Freeland
2026-04-12,823154,T-Mobile Park,Seattle Mariners,Houston Astros,4,1,1,0,6,1,8,5,4,3,669302,Logan Gilbert,675989,Cody Bolton
2026-04-12,823966,UNIQLO Field at Dodger Stadium,Los Angeles Dodgers,Texas Rangers,1,2,1,0,2,5,6,10,3,5,808963,Roki Sasaki,594798,Jacob deGrom
2026-04-12,824938,Truist Park,Atlanta Braves,Cleveland Guardians,9,0,0,0,13,1,19,9,13,7,519242,Chris Sale,676440,Tanner Bibee
2026-04-13,823153,T-Mobile Park,Seattle Mariners,Houston Astros,6,2,3,0,6,2,13,7,11,6,669923,George Kirby,681347,Mike Burrows
2026-04-13,824856,Oriole Park at Camden Yards,Baltimore Orioles,Arizona Diamondbacks,1,4,0,1,9,7,8,10,2,6,665152,Dean Kremer,669194,Ryne Nelson
2026-04-13,823400,PNC Park,Pittsburgh Pirates,Washington Nationals,5,1,0,1,16,5,16,8,5,1,694973,Paul Skenes,676571,PJ Poulin
2026-04-13,823481,Citizens Bank Park,Philadelphia Phillies,Chicago Cubs,9,2,1,0,13,7,15,11,11,5,650911,Cristopher Sánchez,665871,Javier Assad
2026-04-13,823563,Yankee Stadium,New York Yankees,Los Angeles Angels,7,4,2,0,11,10,14,12,6,5,701542,Will Warren,579328,Yusei Kikuchi
2026-04-13,824937,Truist Park,Atlanta Braves,Miami Marlins,4,6,0,0,4,10,9,16,7,7,656550,Grant Holmes,691587,Eury Pérez
2026-04-13,823725,Target Field,Minnesota Twins,Boston Red Sox,13,3,4,0,13,6,11,10,11,4,641927,Bailey Ober,676979,Garrett Crochet
2026-04-13,823073,Busch Stadium,St. Louis Cardinals,Cleveland Guardians,1,4,1,1,3,9,9,11,4,6,669461,Matthew Liberatore,668909,Gavin Williams
2026-04-13,825024,Sutter Health Park,Athletics,Texas Rangers,0,4,0,3,1,8,5,11,3,5,622663,Luis Severino,543135,Nathan Eovaldi
2026-04-13,823964,UNIQLO Field at Dodger Stadium,Los Angeles Dodgers,New York Mets,4,0,1,0,4,0,8,3,5,1,680736,Justin Wrobleski,656849,David Peterson
2026-04-14,824853,Oriole Park at Camden Yards,Baltimore Orioles,Arizona Diamondbacks,2,4,0,0,3,4,7,10,5,9,669432,Trevor Rogers,518876,Merrill Kelly
2026-04-14,824292,Comerica Park,Detroit Tigers,Kansas City Royals,0,1,0,0,2,1,4,5,1,3,664285,Framber Valdez,666142,Cole Ragans
2026-04-14,823398,PNC Park,Pittsburgh Pirates,Washington Nationals,4,5,1,3,4,5,8,9,5,6,656605,Mitch Keller,676571,PJ Poulin
2026-04-14,824531,Great American Ball Park,Cincinnati Reds,San Francisco Giants,2,1,0,0,2,1,3,7,2,6,663903,Brady Singer,592662,Robbie Ray
2026-04-14,823478,Citizens Bank Park,Philadelphia Phillies,Chicago Cubs,3,3,0,0,4,10,8,15,4,8,605400,Aaron Nola,702303,Riley Martin
2026-04-14,823562,Yankee Stadium,New York Yankees,Los Angeles Angels,0,4,0,3,1,7,5,12,2,5,677960,Ryan Weathers,672282,Reid Detmers
2026-04-14,824935,Truist Park,Atlanta Braves,Miami Marlins,3,4,0,1,6,5,9,9,5,5,625643,Reynaldo López,676974,Max Meyer
2026-04-14,823723,Target Field,Minnesota Twins,Boston Red Sox,5,0,1,0,6,0,10,6,9,3,690953,Mick Abel,543243,Sonny Gray
2026-04-14,824616,Rate Field,Chicago White Sox,Tampa Bay Rays,3,4,0,3,5,8,5,12,2,3,702273,Noah Schultz,663556,Shane McClanahan
2026-04-14,823802,American Family Field,Milwaukee Brewers,Toronto Blue Jays,3,1,0,0,7,9,12,13,5,3,694819,Jacob Misiorowski,592332,Kevin Gausman
2026-04-14,823072,Busch Stadium,St. Louis Cardinals,Cleveland Guardians,2,2,1,1,6,5,8,9,4,4,700241,Michael McGreevy,676282,Joey Cantillo
2026-04-14,824210,Daikin Park,Houston Astros,Colorado Rockies,7,5,0,1,7,6,11,12,9,9,681293,Spencer Arrighetti,547179,Michael Lorenzen
2026-04-14,823315,Petco Park,San Diego Padres,Seattle Mariners,3,1,0,0,4,1,11,4,7,3,650633,Michael King,693433,Bryan Woo
2026-04-14,825022,Sutter Health Park,Athletics,Texas Rangers,2,1,0,1,2,1,4,4,3,3,605488,Jeffrey Springs,669022,MacKenzie Gore
2026-04-14,823965,UNIQLO Field at Dodger Stadium,Los Angeles Dodgers,New York Mets,1,1,1,1,2,1,3,4,1,1,808967,Yoshinobu Yamamoto,690997,Nolan McLean
2026-04-15,824855,Oriole Park at Camden Yards,Baltimore Orioles,Arizona Diamondbacks,4,3,0,0,5,8,8,12,6,5,680694,Kyle Bradish,593958,Eduardo Rodriguez
2026-04-15,823071,Busch Stadium,St. Louis Cardinals,Cleveland Guardians,1,1,0,1,5,3,9,8,3,6,669160,Dustin May,677944,Slade Cecconi
2026-04-15,823722,Target Field,Minnesota Twins,Boston Red Sox,1,7,1,0,5,9,6,13,2,10,680573,Simeon Woods Richardson,813349,Connelly Early
2026-04-15,824291,Comerica Park,Detroit Tigers,Kansas City Royals,1,1,0,0,2,1,7,6,5,2,656427,Jack Flaherty,607625,Seth Lugo
2026-04-15,823399,PNC Park,Pittsburgh Pirates,Washington Nationals,2,0,2,0,2,0,5,3,4,2,682254,Mason Montgomery,663623,Jake Irvin
2026-04-15,824532,Great American Ball Park,Cincinnati Reds,San Francisco Giants,8,2,4,0,8,3,10,9,8,2,695076,Rhett Lowder,641816,Tyler Mahle
2026-04-15,823477,Citizens Bank Park,Philadelphia Phillies,Chicago Cubs,1,5,1,0,2,11,5,15,3,8,666200,Jesús Luzardo,684007,Shota Imanaga
2026-04-15,823561,Yankee Stadium,New York Yankees,Los Angeles Angels,3,4,1,0,5,4,6,7,3,5,661563,Luis Gil,686799,Jack Kochanowicz
2026-04-15,824936,Truist Park,Atlanta Braves,Miami Marlins,2,0,0,0,6,3,11,8,6,3,693821,Bryce Elder,663978,Chris Paddack
2026-04-15,824615,Rate Field,Chicago White Sox,Tampa Bay Rays,0,3,0,0,3,8,7,9,4,5,680732,Sean Burke,669947,Jesse Scholtens
2026-04-15,823803,American Family Field,Milwaukee Brewers,Toronto Blue Jays,0,1,0,1,2,1,5,5,2,3,694477,Chad Patrick,656302,Dylan Cease
2026-04-15,824209,Daikin Park,Houston Astros,Colorado Rockies,3,1,2,0,3,1,5,4,4,3,681293,Spencer Arrighetti,500779,Jose Quintana
2026-04-15,823314,Petco Park,San Diego Padres,Seattle Mariners,0,6,0,0,7,6,10,10,2,7,681190,Randy Vásquez,676106,Emerson Hancock
2026-04-15,825021,Sutter Health Park,Athletics,Texas Rangers,2,2,1,0,6,5,7,5,4,1,669372,J.T. Ginn,677958,Kumar Rocker
2026-04-15,823963,UNIQLO Field at Dodger Stadium,Los Angeles Dodgers,New York Mets,2,1,0,0,8,2,12,5,4,2,660271,Shohei Ohtani,605280,Clay Holmes
2026-04-16,823396,PNC Park,Pittsburgh Pirates,Washington Nationals,4,4,0,0,7,8,15,10,8,4,677952,Braxton Ashcraft,656492,Foster Griffin
2026-04-16,824530,Great American Ball Park,Cincinnati Reds,San Francisco Giants,0,0,0,0,0,3,1,6,0,2,695505,Chase Burns,694738,Landen Roupp
2026-04-16,824289,Comerica Park,Detroit Tigers,Kansas City Royals,6,1,0,0,10,9,14,13,7,4,672456,Keider Montero,663460,Kris Bubic
2026-04-16,823560,Yankee Stadium,New York Yankees,Los Angeles Angels,3,2,1,2,4,11,8,9,5,1,608331,Max Fried,608718,Brent Suter
2026-04-16,823801,American Family Field,Milwaukee Brewers,Toronto Blue Jays,1,1,0,0,2,1,7,6,4,3,687075,Brandon Sproat,571578,Patrick Corbin
2026-04-16,824614,Rate Field,Chicago White Sox,Tampa Bay Rays,1,1,0,0,3,5,8,9,5,5,673929,Jordan Leasure,571927,Steven Matz
2026-04-16,825023,Sutter Health Park,Athletics,Texas Rangers,3,2,0,0,6,9,13,10,6,3,682052,Jacob Lopez,683004,Jack Leiter
2026-04-16,824453,Progressive Field,Cleveland Guardians,Baltimore Orioles,3,0,2,0,4,2,8,4,4,0,800048,Parker Messick,669358,Shane Baz
2026-04-16,824208,Daikin Park,Houston Astros,Colorado Rockies,2,3,2,0,2,3,5,9,3,6,680802,Ryan Weiss,675848,Juan Mejia
2026-04-16,823313,Petco Park,San Diego Padres,Seattle Mariners,4,0,0,0,5,2,10,7,6,2,621111,Walker Buehler,622491,Luis Castillo
2026-04-17,824693,Wrigley Field,Chicago Cubs,New York Mets,7,3,4,0,12,4,14,14,8,7,665795,Edward Cabrera,673540,Kodai Senga
2026-04-17,824454,Progressive Field,Cleveland Guardians,Baltimore Orioles,0,0,0,0,4,6,7,7,4,4,676440,Tanner Bibee,605135,Chris Bassitt
2026-04-17,823476,Citizens Bank Park,Philadelphia Phillies,Atlanta Braves,0,7,0,2,0,9,6,12,3,7,592836,Taijuan Walker,527048,Martín Pérez
2026-04-17,822752,Nationals Park,Washington Nationals,San Francisco Giants,3,8,0,0,5,10,8,15,6,12,641793,Zack Littell,657277,Logan Webb
2026-04-17,823397,PNC Park,Pittsburgh Pirates,Tampa Bay Rays,1,0,0,0,5,1,11,5,7,1,696149,Bubba Chandler,607259,Nick Martinez
2026-04-17,823559,Yankee Stadium,New York Yankees,Kansas City Royals,2,0,0,0,4,2,5,4,3,2,693645,Cam Schlittler,608379,Michael Wacha
2026-04-17,823883,loanDepot park,Miami Marlins,Milwaukee Brewers,1,3,0,0,5,7,8,9,3,5,676083,Janson Junk,689441,Coleman Crow
2026-04-17,824778,Fenway Park,Boston Red Sox,Detroit Tigers,0,0,0,0,1,0,4,4,1,2,624133,Ranger Suarez,663554,Casey Mize
2026-04-17,824207,Daikin Park,Houston Astros,St. Louis Cardinals,3,4,0,1,4,9,8,10,5,7,663567,Peter Lambert,681517,Kyle Leahy
2026-04-17,823720,Target Field,Minnesota Twins,Cincinnati Reds,1,2,0,0,1,2,5,4,2,3,657746,Joe Ryan,682227,Brandon Williamson
2026-04-17,824373,Coors Field,Colorado Rockies,Los Angeles Dodgers,1,7,0,1,1,7,2,13,1,12,608372,Tomoyuki Sugano,607192,Tyler Glasnow
2026-04-17,824048,Angel Stadium,Los Angeles Angels,San Diego Padres,8,0,0,0,8,0,13,3,11,1,667755,José Soriano,663362,Matt Waldron
2026-04-17,823152,T-Mobile Park,Seattle Mariners,Texas Rangers,0,2,0,1,0,5,6,15,4,7,669302,Logan Gilbert,594798,Jacob deGrom
2026-04-17,825101,Chase Field,Arizona Diamondbacks,Toronto Blue Jays,3,1,0,0,6,3,10,8,6,3,647336,Michael Soroka,680755,Braydon Fisher
2026-04-17,825019,Sutter Health Park,Athletics,Chicago White Sox,1,5,0,1,2,9,4,15,2,12,650644,Aaron Civale,663436,Davis Martin
2026-04-18,823558,Yankee Stadium,New York Yankees,Kansas City Royals,7,0,0,0,13,4,11,7,7,3,701542,Will Warren,702070,Noah Cameron
2026-04-18,823721,Target Field,Minnesota Twins,Cincinnati Reds,4,2,2,0,4,5,9,11,7,4,671737,Taj Bradley,671096,Andrew Abbott
2026-04-18,824694,Wrigley Field,Chicago Cubs,New York Mets,1,1,0,0,4,2,5,7,3,5,592791,Jameson Taillon,642547,Freddy Peralta
2026-04-18,823394,PNC Park,Pittsburgh Pirates,Tampa Bay Rays,4,5,2,0,7,8,7,15,3,8,694973,Paul Skenes,656876,Drew Rasmussen
2026-04-18,822751,Nationals Park,Washington Nationals,San Francisco Giants,5,3,1,0,6,7,10,16,6,8,676917,Cade Cavalli,605288,Adrian Houser
2026-04-18,825020,Sutter Health Park,Athletics,Chicago White Sox,3,5,0,0,7,6,10,8,4,4,622663,Luis Severino,607200,Erick Fedde
2026-04-18,824775,Fenway Park,Boston Red Sox,Detroit Tigers,1,4,0,1,1,4,5,8,2,5,678394,Brayan Bello,669373,Tarik Skubal
2026-04-18,823882,loanDepot park,Miami Marlins,Milwaukee Brewers,1,3,0,0,2,5,8,5,3,4,645261,Sandy Alcantara,605540,Brandon Woodruff
2026-04-18,824451,Progressive Field,Cleveland Guardians,Baltimore Orioles,3,1,0,0,4,2,3,4,2,3,668909,Gavin Williams,665152,Dean Kremer
2026-04-18,824206,Daikin Park,Houston Astros,St. Louis Cardinals,1,4,1,2,5,7,4,10,3,5,621121,Lance McCullers Jr.,669467,Andre Pallante
2026-04-18,823151,T-Mobile Park,Seattle Mariners,Texas Rangers,3,0,1,0,7,3,11,11,6,5,669923,George Kirby,543135,Nathan Eovaldi
2026-04-18,823474,Citizens Bank Park,Philadelphia Phillies,Atlanta Braves,1,3,0,0,1,3,5,10,4,7,650911,Cristopher Sánchez,519242,Chris Sale
2026-04-18,824372,Coors Field,Colorado Rockies,Los Angeles Dodgers,2,3,1,2,4,3,7,8,4,4,663372,Ryan Feltner,686218,Emmet Sheehan
2026-04-18,825098,Chase Field,Arizona Diamondbacks,Toronto Blue Jays,2,1,1,1,6,2,8,12,4,7,668678,Zac Gallen,453286,Max Scherzer
2026-04-18,824049,Angel Stadium,Los Angeles Angels,San Diego Padres,0,0,0,0,1,4,6,9,1,4,579328,Yusei Kikuchi,608566,Germán Márquez
2026-04-19,822750,Nationals Park,Washington Nationals,San Francisco Giants,3,0,0,0,3,0,7,9,6,5,676571,PJ Poulin,592662,Robbie Ray
2026-04-19,823393,PNC Park,Pittsburgh Pirates,Tampa Bay Rays,4,2,1,0,6,3,12,6,8,4,656605,Mitch Keller,663556,Shane McClanahan
2026-04-19,823556,Yankee Stadium,New York Yankees,Kansas City Royals,7,0,3,0,7,0,7,6,5,1,677960,Ryan Weathers,666142,Cole Ragans
2026-04-19,824452,Progressive Field,Cleveland Guardians,Baltimore Orioles,6,4,0,0,8,4,8,5,6,5,676282,Joey Cantillo,669432,Trevor Rogers
2026-04-19,823881,loanDepot park,Miami Marlins,Milwaukee Brewers,3,0,3,0,5,3,8,5,4,3,691587,Eury Pérez,694819,Jacob Misiorowski
2026-04-19,824205,Daikin Park,Houston Astros,St. Louis Cardinals,1,4,0,0,5,7,8,8,2,4,681347,Mike Burrows,669461,Matthew Liberatore
2026-04-19,823718,Target Field,Minnesota Twins,Cincinnati Reds,3,1,1,0,4,7,9,7,5,3,641927,Bailey Ober,663903,Brady Singer
2026-04-19,824691,Wrigley Field,Chicago Cubs,New York Mets,0,1,0,0,2,1,7,6,3,2,665871,Javier Assad,668964,Tobias Myers
2026-04-19,824371,Coors Field,Colorado Rockies,Los Angeles Dodgers,3,3,0,0,9,6,15,15,7,7,547179,Michael Lorenzen,808963,Roki Sasaki
2026-04-19,825018,Sutter Health Park,Athletics,Chicago White Sox,1,7,0,1,4,7,5,10,1,9,605488,Jeffrey Springs,702273,Noah Schultz
2026-04-19,824047,Angel Stadium,Los Angeles Angels,San Diego Padres,0,1,0,0,1,2,2,5,1,4,700712,Walbert Ureña,650633,Michael King
2026-04-19,823150,T-Mobile Park,Seattle Mariners,Texas Rangers,5,0,1,0,5,2,8,5,7,1,693433,Bryan Woo,669022,MacKenzie Gore
2026-04-19,825100,Chase Field,Arizona Diamondbacks,Toronto Blue Jays,1,10,0,8,4,10,10,14,5,13,669194,Ryne Nelson,592332,Kevin Gausman
2026-04-19,824777,Fenway Park,Boston Red Sox,Detroit Tigers,1,5,1,1,2,6,6,12,3,7,676979,Garrett Crochet,664285,Framber Valdez
2026-04-19,823475,Citizens Bank Park,Philadelphia Phillies,Atlanta Braves,2,4,2,0,2,4,6,8,5,7,691725,Andrew Painter,656550,Grant Holmes
2026-04-20,824776,Fenway Park,Boston Red Sox,Detroit Tigers,2,2,0,0,8,6,12,10,3,4,543243,Sonny Gray,656427,Jack Flaherty
2026-04-20,824450,Progressive Field,Cleveland Guardians,Houston Astros,2,7,1,2,2,9,8,13,5,10,677944,Slade Cecconi,681293,Spencer Arrighetti
2026-04-20,822994,Tropicana Field,Tampa Bay Rays,Cincinnati Reds,1,3,1,2,1,6,6,10,5,6,669947,Jesse Scholtens,695076,Rhett Lowder
2026-04-20,823879,loanDepot park,Miami Marlins,St. Louis Cardinals,2,1,0,0,5,3,6,5,2,3,676974,Max Meyer,700241,Michael McGreevy
2026-04-20,822749,Nationals Park,Washington Nationals,Atlanta Braves,3,2,2,0,4,9,3,7,3,3,663623,Jake Irvin,693821,Bryce Elder
2026-04-20,824125,Kauffman Stadium,Kansas City Royals,Baltimore Orioles,1,0,0,0,5,7,14,6,9,1,607625,Seth Lugo,680694,Kyle Bradish
2026-04-20,824692,Wrigley Field,Chicago Cubs,Philadelphia Phillies,5,1,0,0,5,1,8,6,6,5,607067,Colin Rea,605400,Aaron Nola
2026-04-20,824370,Coors Field,Colorado Rockies,Los Angeles Dodgers,1,5,1,0,3,12,11,15,6,6,500779,Jose Quintana,680736,Justin Wrobleski
2026-04-20,824046,Angel Stadium,Los Angeles Angels,Toronto Blue Jays,2,2,1,0,2,5,6,8,5,3,672282,Reid Detmers,656302,Dylan Cease
2026-04-20,823149,T-Mobile Park,Seattle Mariners,Athletics,3,1,2,0,4,6,10,13,6,5,676106,Emerson Hancock,669372,J.T. Ginn
2026-04-21,824448,Progressive Field,Cleveland Guardians,Houston Astros,2,3,1,0,8,5,11,10,7,6,800048,Parker Messick,680802,Ryan Weiss
2026-04-21,822995,Tropicana Field,Tampa Bay Rays,Cincinnati Reds,0,5,0,2,6,12,8,10,2,5,571927,Steven Matz,695505,Chase Burns
2026-04-21,823880,loanDepot park,Miami Marlins,St. Louis Cardinals,1,5,1,1,3,5,8,10,6,8,663978,Chris Paddack,669160,Dustin May
2026-04-21,824290,Comerica Park,Detroit Tigers,Milwaukee Brewers,1,3,0,0,4,12,9,16,5,5,672456,Keider Montero,690986,Kyle Harrison
2026-04-21,822747,Nationals Park,Washington Nationals,Atlanta Braves,5,3,3,0,11,4,10,8,7,5,656492,Foster Griffin,625643,Reynaldo López
2026-04-21,824773,Fenway Park,Boston Red Sox,New York Yankees,0,1,0,0,0,4,4,10,2,4,813349,Connelly Early,661563,Luis Gil
2026-04-21,823640,Citi Field,New York Mets,Minnesota Twins,3,0,0,0,3,5,4,6,4,0,690997,Nolan McLean,680573,Simeon Woods Richardson
2026-04-21,824127,Kauffman Stadium,Kansas City Royals,Baltimore Orioles,3,3,0,0,6,5,10,8,7,5,663460,Kris Bubic,669358,Shane Baz
2026-04-21,824690,Wrigley Field,Chicago Cubs,Philadelphia Phillies,1,0,0,0,7,4,12,6,5,2,684007,Shota Imanaga,666200,Jesús Luzardo
2026-04-21,822914,Globe Life Field,Texas Rangers,Pittsburgh Pirates,5,1,0,1,5,1,8,6,7,4,677958,Kumar Rocker,669387,Carmen Mlodzinski
2026-04-21,824369,Coors Field,Colorado Rockies,San Diego Padres,0,0,0,0,0,1,3,6,3,1,623474,Jimmy Herget,681190,Randy Vásquez
2026-04-21,824045,Angel Stadium,Los Angeles Angels,Toronto Blue Jays,1,0,0,0,2,4,5,8,2,3,686799,Jack Kochanowicz,571578,Patrick Corbin
2026-04-21,823148,T-Mobile Park,Seattle Mariners,Athletics,2,2,0,1,2,5,8,13,7,5,622491,Luis Castillo,682052,Jacob Lopez
2026-04-21,825099,Chase Field,Arizona Diamondbacks,Chicago White Sox,2,8,0,4,5,11,8,14,5,10,518876,Merrill Kelly,680732,Sean Burke
2026-04-21,823236,Oracle Park,San Francisco Giants,Los Angeles Dodgers,3,1,3,0,3,1,6,3,4,1,694738,Landen Roupp,808967,Yoshinobu Yamamoto
2026-04-22,823878,loanDepot park,Miami Marlins,St. Louis Cardinals,4,0,0,0,4,1,12,4,8,1,676083,Janson Junk,681517,Kyle Leahy
2026-04-22,824449,Progressive Field,Cleveland Guardians,Houston Astros,0,2,0,2,0,2,5,6,3,3,676440,Tanner Bibee,663567,Peter Lambert
2026-04-22,822993,Tropicana Field,Tampa Bay Rays,Cincinnati Reds,5,1,0,0,6,1,9,5,7,4,607259,Nick Martinez,682227,Brandon Williamson
2026-04-22,824123,Kauffman Stadium,Kansas City Royals,Baltimore Orioles,3,2,1,2,6,8,10,11,6,4,608379,Michael Wacha,605135,Chris Bassitt
2026-04-22,824044,Angel Stadium,Los Angeles Angels,Toronto Blue Jays,3,0,0,0,7,3,11,12,7,7,667755,José Soriano,641778,Eric Lauer
2026-04-22,823147,T-Mobile Park,Seattle Mariners,Athletics,2,3,1,2,5,4,14,9,5,7,669302,Logan Gilbert,650644,Aaron Civale
2026-04-22,824286,Comerica Park,Detroit Tigers,Milwaukee Brewers,4,1,0,0,5,2,9,6,6,3,663554,Casey Mize,669084,DL Hall
2026-04-22,822748,Nationals Park,Washington Nationals,Atlanta Braves,4,8,4,1,6,8,11,8,8,7,641793,Zack Littell,800311,Didier Fuentes
2026-04-22,824774,Fenway Park,Boston Red Sox,New York Yankees,0,4,0,3,1,4,5,6,3,5,624133,Ranger Suarez,608331,Max Fried
2026-04-22,823641,Citi Field,New York Mets,Minnesota Twins,2,1,1,0,3,2,8,7,5,3,605280,Clay Holmes,687570,Connor Prielipp
2026-04-22,824688,Wrigley Field,Chicago Cubs,Philadelphia Phillies,6,2,1,0,7,2,13,9,10,6,571510,Matthew Boyd,679775,Kyle Backhus
2026-04-22,822913,Globe Life Field,Texas Rangers,Pittsburgh Pirates,2,4,0,1,4,8,7,9,3,5,683004,Jack Leiter,677952,Braxton Ashcraft
2026-04-22,824367,Coors Field,Colorado Rockies,San Diego Padres,5,1,0,1,8,3,15,7,10,3,608372,Tomoyuki Sugano,621111,Walker Buehler
2026-04-22,825097,Chase Field,Arizona Diamondbacks,Chicago White Sox,8,4,0,2,11,7,16,11,10,6,593958,Eduardo Rodriguez,641743,Anthony Kay
2026-04-22,823231,Oracle Park,San Francisco Giants,Los Angeles Dodgers,0,0,0,0,3,0,8,4,3,3,641816,Tyler Mahle,660271,Shohei Ohtani
2026-04-23,822745,Nationals Park,Washington Nationals,Atlanta Braves,2,2,1,0,2,7,5,14,5,6,676917,Cade Cavalli,702275,JR Ritchie
2026-04-23,824288,Comerica Park,Detroit Tigers,Milwaukee Brewers,2,1,2,0,5,4,7,10,4,2,669373,Tarik Skubal,687075,Brandon Sproat
2026-04-23,824689,Wrigley Field,Chicago Cubs,Philadelphia Phillies,5,2,0,0,8,7,18,8,11,3,665795,Edward Cabrera,650911,Cristopher Sánchez
2026-04-23,824368,Coors Field,Colorado Rockies,San Diego Padres,6,4,1,0,8,10,14,13,8,6,663372,Ryan Feltner,663362,Matt Waldron
2026-04-23,825096,Chase Field,Arizona Diamondbacks,Chicago White Sox,1,1,1,0,1,4,8,10,4,7,647336,Michael Soroka,663436,Davis Martin
2026-04-23,823233,Oracle Park,San Francisco Giants,Los Angeles Dodgers,0,3,0,0,0,3,1,8,1,6,657277,Logan Webb,607192,Tyler Glasnow
2026-04-23,824770,Fenway Park,Boston Red Sox,New York Yankees,2,1,0,0,2,4,4,10,3,3,801139,Payton Tolle,693645,Cam Schlittler
2026-04-23,823639,Citi Field,New York Mets,Minnesota Twins,7,2,3,1,10,8,10,12,7,4,681035,Christian Scott,657746,Joe Ryan
2026-04-23,822912,Globe Life Field,Texas Rangers,Pittsburgh Pirates,6,1,0,0,6,1,9,5,7,5,594798,Jacob deGrom,696149,Bubba Chandler
2026-04-24,824529,Great American Ball Park,Cincinnati Reds,Detroit Tigers,2,5,0,0,9,8,11,11,4,6,671096,Andrew Abbott,664285,Framber Valdez
2026-04-24,824854,Oriole Park at Camden Yards,Baltimore Orioles,Boston Red Sox,9,2,4,0,10,3,20,10,14,5,687064,Brandon Young,678394,Brayan Bello
2026-04-24,822827,Rogers Centre,Toronto Blue Jays,Cleveland Guardians,4,7,2,5,6,8,9,10,5,8,453286,Max Scherzer,668909,Gavin Williams
2026-04-24,823638,Citi Field,New York Mets,Colorado Rockies,1,1,0,0,3,4,11,10,5,5,642547,Freddy Peralta,547179,Michael Lorenzen
2026-04-24,822992,Tropicana Field,Tampa Bay Rays,Minnesota Twins,3,1,1,0,6,2,7,9,4,4,656876,Drew Rasmussen,671737,Taj Bradley
2026-04-24,824932,Truist Park,Atlanta Braves,Philadelphia Phillies,2,3,0,0,5,3,10,10,7,7,656550,Grant Holmes,691725,Andrew Painter
2026-04-24,824124,Kauffman Stadium,Kansas City Royals,Los Angeles Angels,5,0,0,0,6,3,8,8,5,4,702070,Noah Cameron,579328,Yusei Kikuchi
2026-04-24,824611,Rate Field,Chicago White Sox,Washington Nationals,1,3,0,0,5,4,8,6,4,4,663542,Bryan Hudson,676571,PJ Poulin
2026-04-24,823800,American Family Field,Milwaukee Brewers,Pittsburgh Pirates,0,3,0,0,0,6,1,9,0,5,605540,Brandon Woodruff,694973,Paul Skenes
2026-04-24,822909,Globe Life Field,Texas Rangers,Athletics,1,6,0,3,1,8,8,9,4,6,543135,Nathan Eovaldi,622663,Luis Severino
2026-04-24,824204,Daikin Park,Houston Astros,New York Yankees,2,5,0,3,4,12,11,13,6,4,621121,Lance McCullers Jr.,701542,Will Warren
2026-04-24,823069,Busch Stadium,St. Louis Cardinals,Seattle Mariners,2,2,0,0,2,3,8,4,4,3,669467,Andre Pallante,669923,George Kirby
2026-04-24,823962,UNIQLO Field at Dodger Stadium,Los Angeles Dodgers,Chicago Cubs,4,0,0,0,4,6,6,11,4,2,686218,Emmet Sheehan,592791,Jameson Taillon
2026-04-24,823232,Oracle Park,San Francisco Giants,Miami Marlins,3,8,0,3,4,9,11,16,7,11,605288,Adrian Houser,645261,Sandy Alcantara
2026-04-25,824851,Oriole Park at Camden Yards,Baltimore Orioles,Boston Red Sox,0,7,0,0,1,17,6,17,1,7,669432,Trevor Rogers,676979,Garrett Crochet
2026-04-25,823070,Busch Stadium,St. Louis Cardinals,Seattle Mariners,7,6,2,2,9,11,14,19,11,10,669461,Matthew Liberatore,693433,Bryan Woo
2026-04-25,822826,Rogers Centre,Toronto Blue Jays,Cleveland Guardians,1,1,0,0,5,3,9,9,4,4,592332,Kevin Gausman,676282,Joey Cantillo
2026-04-25,823229,Oracle Park,San Francisco Giants,Miami Marlins,1,1,0,0,6,2,11,6,5,4,592662,Robbie Ray,691587,Eury Pérez
2026-04-25,822989,Tropicana Field,Tampa Bay Rays,Minnesota Twins,2,0,0,0,6,1,8,5,2,3,663556,Shane McClanahan,641927,Bailey Ober
2026-04-25,824613,Rate Field,Chicago White Sox,Washington Nationals,0,2,0,0,3,6,7,6,4,3,702273,Noah Schultz,663623,Jake Irvin
2026-04-25,825093,Estadio Alfredo Harp Helu,Arizona Diamondbacks,San Diego Padres,4,1,0,0,4,6,7,6,6,2,668678,Zac Gallen,608566,Germán Márquez
2026-04-25,822910,Globe Life Field,Texas Rangers,Athletics,2,3,0,0,4,3,5,7,3,6,669022,MacKenzie Gore,605488,Jeffrey Springs
2026-04-25,824121,Kauffman Stadium,Kansas City Royals,Los Angeles Angels,4,1,0,0,12,1,15,8,6,4,666142,Cole Ragans,700712,Walbert Ureña
2026-04-25,824203,Daikin Park,Houston Astros,New York Yankees,1,2,1,0,3,8,7,12,4,5,681347,Mike Burrows,677960,Ryan Weathers
2026-04-25,823799,American Family Field,Milwaukee Brewers,Pittsburgh Pirates,2,2,0,0,3,6,6,9,3,5,694819,Jacob Misiorowski,656605,Mitch Keller
2026-04-25,824527,Great American Ball Park,Cincinnati Reds,Detroit Tigers,6,2,4,1,9,2,10,10,6,7,663903,Brady Singer,656427,Jack Flaherty
2026-04-25,823960,UNIQLO Field at Dodger Stadium,Los Angeles Dodgers,Chicago Cubs,8,4,0,0,12,4,14,9,10,6,808963,Roki Sasaki,607067,Colin Rea
2026-04-25,824933,Truist Park,Atlanta Braves,Philadelphia Phillies,2,3,0,1,5,8,9,11,3,6,693821,Bryce Elder,554430,Zack Wheeler
2026-04-26,824852,Oriole Park at Camden Yards,Baltimore Orioles,Boston Red Sox,1,3,0,0,3,5,6,7,3,4,680694,Kyle Bradish,813349,Connelly Early
2026-04-26,824934,Truist Park,Atlanta Braves,Philadelphia Phillies,6,0,3,0,6,2,10,2,7,1,519242,Chris Sale,605400,Aaron Nola
2026-04-26,822824,Rogers Centre,Toronto Blue Jays,Cleveland Guardians,2,2,2,0,4,2,6,8,4,6,571578,Patrick Corbin,677944,Slade Cecconi
2026-04-26,824528,Great American Ball Park,Cincinnati Reds,Detroit Tigers,3,2,0,2,3,8,7,12,5,6,695076,Rhett Lowder,672456,Keider Montero
2026-04-26,823635,Citi Field,New York Mets,Colorado Rockies,1,1,0,0,1,3,4,7,2,4,690997,Nolan McLean,500779,Jose Quintana
2026-04-26,823637,Citi Field,New York Mets,Colorado Rockies,0,3,0,0,0,3,6,4,4,3,673540,Kodai Senga,801403,Chase Dollander
2026-04-26,822991,Tropicana Field,Tampa Bay Rays,Minnesota Twins,4,0,0,0,4,2,9,5,8,2,643377,Griffin Jax,680573,Simeon Woods Richardson
2026-04-26,824612,Rate Field,Chicago White Sox,Washington Nationals,0,0,0,0,1,2,4,4,2,2,663542,Bryan Hudson,656492,Foster Griffin
2026-04-26,824202,Daikin Park,Houston Astros,New York Yankees,7,0,2,0,7,4,7,7,7,1,681293,Spencer Arrighetti,661563,Luis Gil
2026-04-26,823797,American Family Field,Milwaukee Brewers,Pittsburgh Pirates,5,0,0,0,5,0,7,2,6,1,690986,Kyle Harrison,669387,Carmen Mlodzinski
2026-04-26,823068,Busch Stadium,St. Louis Cardinals,Seattle Mariners,1,1,0,0,2,3,7,8,6,3,700241,Michael McGreevy,676106,Emerson Hancock
2026-04-26,822911,Globe Life Field,Texas Rangers,Athletics,0,2,0,2,1,2,6,10,3,6,677958,Kumar Rocker,669372,J.T. Ginn
2026-04-26,825094,Estadio Alfredo Harp Helu,Arizona Diamondbacks,San Diego Padres,1,6,0,0,12,7,15,11,2,7,669194,Ryne Nelson,650633,Michael King
2026-04-26,823230,Oracle Park,San Francisco Giants,Miami Marlins,1,3,0,0,6,3,8,2,4,2,694738,Landen Roupp,676974,Max Meyer
2026-04-26,824122,Kauffman Stadium,Kansas City Royals,Los Angeles Angels,1,6,0,2,11,9,12,16,3,11,607625,Seth Lugo,672282,Reid Detmers
2026-04-26,823959,UNIQLO Field at Dodger Stadium,Los Angeles Dodgers,Chicago Cubs,3,0,3,0,6,0,7,4,4,4,680736,Justin Wrobleski,684007,Shota Imanaga
2026-04-27,824446,Progressive Field,Cleveland Guardians,Tampa Bay Rays,2,0,0,0,2,3,6,7,3,2,800048,Parker Messick,571927,Steven Matz
2026-04-27,823395,PNC Park,Pittsburgh Pirates,St. Louis Cardinals,2,0,1,0,2,4,8,6,6,0,682254,Mason Montgomery,669160,Dustin May
2026-04-27,822825,Rogers Centre,Toronto Blue Jays,Boston Red Sox,0,3,0,0,0,5,2,9,0,5,656302,Dylan Cease,624133,Ranger Suarez
2026-04-27,823719,Target Field,Minnesota Twins,Seattle Mariners,7,2,0,0,11,4,12,5,7,1,687570,Connor Prielipp,622491,Luis Castillo
2026-04-27,824609,Rate Field,Chicago White Sox,Los Angeles Angels,1,4,0,1,8,7,9,14,4,8,641743,Anthony Kay,686799,Jack Kochanowicz
2026-04-27,822906,Globe Life Field,Texas Rangers,New York Yankees,0,4,0,0,2,4,7,9,3,7,683004,Jack Leiter,608331,Max Fried
2026-04-27,823311,Petco Park,San Diego Padres,Chicago Cubs,6,5,3,0,9,7,14,8,9,5,681190,Randy Vásquez,571510,Matthew Boyd
2026-04-27,823961,UNIQLO Field at Dodger Stadium,Los Angeles Dodgers,Miami Marlins,2,4,2,0,5,4,8,6,4,5,808967,Yoshinobu Yamamoto,663978,Chris Paddack
2026-04-28,824447,Progressive Field,Cleveland Guardians,Tampa Bay Rays,0,1,0,0,0,1,4,5,2,4,676440,Tanner Bibee,607259,Nick Martinez
2026-04-28,824849,Oriole Park at Camden Yards,Baltimore Orioles,Houston Astros,4,1,2,0,5,3,9,11,8,4,669358,Shane Baz,678906,Kai-Wei Teng
2026-04-28,824526,Great American Ball Park,Cincinnati Reds,Colorado Rockies,4,2,3,0,7,2,11,11,5,5,695505,Chase Burns,607536,Kyle Freeland
2026-04-28,823390,PNC Park,Pittsburgh Pirates,St. Louis Cardinals,0,6,0,0,7,11,13,12,5,6,677952,Braxton Ashcraft,681517,Kyle Leahy
2026-04-28,823473,Citizens Bank Park,Philadelphia Phillies,San Francisco Giants,1,0,0,0,7,0,11,2,3,2,666200,Jesús Luzardo,641816,Tyler Mahle
2026-04-28,822823,Rogers Centre,Toronto Blue Jays,Boston Red Sox,3,0,0,0,3,0,6,4,4,4,702056,Trey Yesavage,801139,Payton Tolle
2026-04-28,823636,Citi Field,New York Mets,Washington Nationals,8,0,1,0,8,0,6,3,5,3,605280,Clay Holmes,641793,Zack Littell
2026-04-28,824931,Truist Park,Atlanta Braves,Detroit Tigers,2,0,0,0,5,2,9,6,3,2,527048,Martín Pérez,663554,Casey Mize
2026-04-28,823716,Target Field,Minnesota Twins,Seattle Mariners,1,0,0,0,1,7,7,12,6,3,657746,Joe Ryan,669302,Logan Gilbert
2026-04-28,824610,Rate Field,Chicago White Sox,Los Angeles Angels,3,1,0,0,5,2,9,9,6,6,663436,Davis Martin,667755,José Soriano
2026-04-28,823798,American Family Field,Milwaukee Brewers,Arizona Diamondbacks,5,2,0,0,13,2,15,3,6,1,694477,Chad Patrick,518876,Merrill Kelly
2026-04-28,822908,Globe Life Field,Texas Rangers,New York Yankees,0,1,0,1,2,3,7,5,2,3,594798,Jacob deGrom,693645,Cam Schlittler
2026-04-28,825017,Sutter Health Park,Athletics,Kansas City Royals,1,0,0,0,1,4,8,8,4,5,650644,Aaron Civale,663460,Kris Bubic
2026-04-28,823310,Petco Park,San Diego Padres,Chicago Cubs,2,2,0,0,3,8,6,8,4,3,621111,Walker Buehler,665795,Edward Cabrera
2026-04-28,823956,UNIQLO Field at Dodger Stadium,Los Angeles Dodgers,Miami Marlins,0,2,0,0,1,2,7,8,2,4,660271,Shohei Ohtani,676083,Janson Junk
2026-04-29,824445,Progressive Field,Cleveland Guardians,Tampa Bay Rays,3,0,0,0,3,1,9,6,6,2,668909,Gavin Williams,656876,Drew Rasmussen
2026-04-29,824608,Rate Field,Chicago White Sox,Los Angeles Angels,1,1,0,0,3,2,7,6,4,4,607200,Erick Fedde,579328,Yusei Kikuchi
2026-04-29,823717,Target Field,Minnesota Twins,Seattle Mariners,2,1,0,0,3,5,12,7,7,2,671737,Taj Bradley,669923,George Kirby
2026-04-29,822907,Globe Life Field,Texas Rangers,New York Yankees,2,0,0,0,3,0,7,5,4,3,543135,Nathan Eovaldi,695684,Elmer Rodríguez
2026-04-29,822821,Rogers Centre,Toronto Blue Jays,Boston Red Sox,7,1,0,1,8,1,10,9,9,5,641778,Eric Lauer,678394,Brayan Bello
2026-04-29,823958,UNIQLO Field at Dodger Stadium,Los Angeles Dodgers,Miami Marlins,1,2,0,0,2,3,7,6,4,2,607192,Tyler Glasnow,645261,Sandy Alcantara
2026-04-29,823312,Petco Park,San Diego Padres,Chicago Cubs,3,3,0,0,4,5,3,9,2,6,663362,Matt Waldron,592791,Jameson Taillon
2026-04-29,824525,Great American Ball Park,Cincinnati Reds,Colorado Rockies,0,5,0,3,2,13,10,15,3,5,682227,Brandon Williamson,608372,Tomoyuki Sugano
2026-04-29,823392,PNC Park,Pittsburgh Pirates,St. Louis Cardinals,1,3,0,0,4,5,9,6,4,3,696149,Bubba Chandler,669467,Andre Pallante
2026-04-29,823633,Citi Field,New York Mets,Washington Nationals,2,9,0,2,2,14,10,15,7,8,656849,David Peterson,676917,Cade Cavalli
2026-04-29,824930,Truist Park,Atlanta Braves,Detroit Tigers,2,3,2,0,4,3,6,5,5,5,702275,JR Ritchie,669373,Tarik Skubal
2026-04-29,823796,American Family Field,Milwaukee Brewers,Arizona Diamondbacks,2,4,1,0,2,6,6,11,6,6,687075,Brandon Sproat,593958,Eduardo Rodriguez
2026-04-29,825015,Sutter Health Park,Athletics,Kansas City Royals,4,1,0,1,5,2,11,6,8,4,622663,Luis Severino,608379,Michael Wacha
2026-04-30,824929,Truist Park,Atlanta Braves,Detroit Tigers,2,0,0,0,2,5,8,12,6,4,693821,Bryce Elder,664285,Framber Valdez
2026-04-30,824848,Oriole Park at Camden Yards,Baltimore Orioles,Houston Astros,5,0,0,0,10,3,6,12,4,3,605135,Chris Bassitt,663567,Peter Lambert
2026-04-30,824850,Oriole Park at Camden Yards,Baltimore Orioles,Houston Astros,3,11,0,5,5,11,6,14,2,11,687064,Brandon Young,621121,Lance McCullers Jr.
2026-04-30,823391,PNC Park,Pittsburgh Pirates,St. Louis Cardinals,3,5,0,3,5,10,7,13,3,7,694973,Paul Skenes,690928,Hunter Dobbins
2026-04-30,823472,Citizens Bank Park,Philadelphia Phillies,San Francisco Giants,1,2,1,2,3,2,10,8,6,4,650911,Cristopher Sánchez,657277,Logan Webb
2026-04-30,823471,Citizens Bank Park,Philadelphia Phillies,San Francisco Giants,4,2,2,0,6,5,9,13,6,7,641835,Tim Mayza,605288,Adrian Houser
2026-04-30,824524,Great American Ball Park,Cincinnati Reds,Colorado Rockies,3,2,0,2,6,4,7,9,3,4,671096,Andrew Abbott,547179,Michael Lorenzen
2026-04-30,823634,Citi Field,New York Mets,Washington Nationals,3,3,0,0,4,5,7,7,3,4,642547,Freddy Peralta,571945,Miles Mikolas
2026-04-30,823795,American Family Field,Milwaukee Brewers,Arizona Diamondbacks,8,1,3,0,13,1,14,6,10,4,605540,Brandon Woodruff,647336,Michael Soroka
2026-04-30,825016,Sutter Health Park,Athletics,Kansas City Royals,5,2,1,1,6,3,11,10,8,7,605488,Jeffrey Springs,702070,Noah Cameron
2026-04-30,823714,Target Field,Minnesota Twins,Toronto Blue Jays,2,1,0,0,7,1,7,6,2,3,641927,Bailey Ober,592332,Kevin Gausman
2026-05-01,824686,Wrigley Field,Chicago Cubs,Arizona Diamondbacks,6,1,3,0,6,5,8,11,8,7,607067,Colin Rea,668678,Zac Gallen
2026-05-01,824287,Comerica Park,Detroit Tigers,Texas Rangers,4,4,0,1,4,5,7,9,5,5,656427,Jack Flaherty,669022,MacKenzie Gore
2026-05-01,823389,PNC Park,Pittsburgh Pirates,Cincinnati Reds,8,0,1,0,9,1,12,3,10,1,656605,Mitch Keller,663903,Brady Singer
2026-05-01,822744,Nationals Park,Washington Nationals,Milwaukee Brewers,0,4,0,1,1,6,2,12,0,6,663623,Jake Irvin,694819,Jacob Misiorowski
2026-05-01,823557,Yankee Stadium,New York Yankees,Baltimore Orioles,5,1,1,0,7,2,11,3,7,2,701542,Will Warren,700249,Cade Povich
2026-05-01,824772,Fenway Park,Boston Red Sox,Houston Astros,3,1,0,0,3,1,10,11,8,5,687562,Jake Bennett,681347,Mike Burrows
2026-05-01,822990,Tropicana Field,Tampa Bay Rays,San Francisco Giants,2,0,0,0,3,0,5,6,3,4,663556,Shane McClanahan,592662,Robbie Ray
2026-05-01,823877,loanDepot park,Miami Marlins,Philadelphia Phillies,1,2,1,0,5,6,8,9,3,4,691587,Eury Pérez,554430,Zack Wheeler
2026-05-01,823713,Target Field,Minnesota Twins,Toronto Blue Jays,2,6,0,0,3,7,10,11,5,9,680573,Simeon Woods Richardson,571578,Patrick Corbin
2026-05-01,823066,Busch Stadium,St. Louis Cardinals,Los Angeles Dodgers,4,1,3,0,7,2,12,7,8,4,669461,Matthew Liberatore,686218,Emmet Sheehan
2026-05-01,824366,Coors Field,Colorado Rockies,Atlanta Braves,6,1,5,0,6,8,8,9,7,4,500779,Jose Quintana,656550,Grant Holmes
2026-05-01,824041,Angel Stadium,Los Angeles Angels,New York Mets,3,0,2,0,3,4,3,7,3,1,700712,Walbert Ureña,681035,Christian Scott
2026-05-01,825012,Sutter Health Park,Athletics,Cleveland Guardians,4,5,2,0,5,8,9,11,5,5,669372,J.T. Ginn,676282,Joey Cantillo
2026-05-01,823309,Petco Park,San Diego Padres,Chicago White Sox,0,7,0,0,2,8,6,8,1,5,608566,Germán Márquez,702273,Noah Schultz
2026-05-01,823146,T-Mobile Park,Seattle Mariners,Kansas City Royals,3,4,2,4,6,7,6,10,3,5,693433,Bryan Woo,666142,Cole Ragans
2026-05-02,823554,Yankee Stadium,New York Yankees,Baltimore Orioles,6,1,0,0,9,4,11,4,8,1,677960,Ryan Weathers,680694,Kyle Bradish
2026-05-02,823715,Target Field,Minnesota Twins,Toronto Blue Jays,4,2,1,0,4,11,7,9,6,3,687570,Connor Prielipp,656302,Dylan Cease
2026-05-02,824685,Wrigley Field,Chicago Cubs,Arizona Diamondbacks,1,0,0,0,2,0,5,4,3,3,684007,Shota Imanaga,669194,Ryne Nelson
2026-05-02,825014,Sutter Health Park,Athletics,Cleveland Guardians,4,5,2,0,6,14,14,14,8,7,682052,Jacob Lopez,677944,Slade Cecconi
2026-05-02,823388,PNC Park,Pittsburgh Pirates,Cincinnati Reds,15,4,5,2,17,7,19,11,13,8,669387,Carmen Mlodzinski,695076,Rhett Lowder
2026-05-02,822746,Nationals Park,Washington Nationals,Milwaukee Brewers,1,3,0,3,1,4,9,7,6,3,656492,Foster Griffin,690986,Kyle Harrison
2026-05-02,824771,Fenway Park,Boston Red Sox,Houston Astros,1,6,0,1,3,6,8,12,5,7,813349,Connelly Early,681293,Spencer Arrighetti
2026-05-02,823876,loanDepot park,Miami Marlins,Philadelphia Phillies,3,0,0,0,4,0,10,1,7,1,676974,Max Meyer,691725,Andrew Painter
2026-05-02,822988,Tropicana Field,Tampa Bay Rays,San Francisco Giants,4,0,0,0,5,1,9,7,8,3,643377,Griffin Jax,694738,Landen Roupp
2026-05-02,823067,Busch Stadium,St. Louis Cardinals,Los Angeles Dodgers,3,0,0,0,3,2,6,8,5,3,700241,Michael McGreevy,808963,Roki Sasaki
2026-05-02,824284,Comerica Park,Detroit Tigers,Texas Rangers,5,1,3,0,5,1,12,7,9,3,672456,Keider Montero,677958,Kumar Rocker
2026-05-02,824365,Coors Field,Colorado Rockies,Atlanta Braves,1,8,0,2,1,9,4,12,2,10,657514,Brennan Bernardino,519242,Chris Sale
2026-05-02,823308,Petco Park,San Diego Padres,Chicago White Sox,0,0,0,0,0,4,6,7,4,2,650633,Michael King,680732,Sean Burke
2026-05-02,824042,Angel Stadium,Los Angeles Angels,New York Mets,3,1,1,0,4,3,12,9,7,3,672282,Reid Detmers,690997,Nolan McLean
2026-05-02,823144,T-Mobile Park,Seattle Mariners,Kansas City Royals,2,1,1,0,2,3,8,8,7,4,676106,Emerson Hancock,607625,Seth Lugo
2026-05-03,823711,Target Field,Minnesota Twins,Toronto Blue Jays,4,0,1,0,4,3,9,11,8,3,657746,Joe Ryan,702056,Trey Yesavage
2026-05-03,824769,Fenway Park,Boston Red Sox,Houston Astros,1,0,0,0,1,3,9,10,5,4,624133,Ranger Suarez,675989,Cody Bolton
2026-05-03,823387,PNC Park,Pittsburgh Pirates,Cincinnati Reds,0,0,0,0,1,0,5,4,1,1,677952,Braxton Ashcraft,695505,Chase Burns
2026-05-03,823555,Yankee Stadium,New York Yankees,Baltimore Orioles,3,3,1,0,11,3,15,9,5,6,608331,Max Fried,694346,Trey Gibson
2026-05-03,822742,Nationals Park,Washington Nationals,Milwaukee Brewers,2,1,0,0,3,2,7,4,3,2,676571,PJ Poulin,701656,Logan Henderson
2026-05-03,822987,Tropicana Field,Tampa Bay Rays,San Francisco Giants,0,1,0,1,2,1,8,6,3,3,571927,Steven Matz,641816,Tyler Mahle
2026-05-03,823875,loanDepot park,Miami Marlins,Philadelphia Phillies,0,7,0,6,2,7,9,11,6,8,663978,Chris Paddack,666200,Jesús Luzardo
2026-05-03,823065,Busch Stadium,St. Louis Cardinals,Los Angeles Dodgers,0,3,0,0,1,4,7,10,5,7,669160,Dustin May,680736,Justin Wrobleski
2026-05-03,824687,Wrigley Field,Chicago Cubs,Arizona Diamondbacks,6,2,0,0,8,4,12,7,8,4,571510,Matthew Boyd,518876,Merrill Kelly
2026-05-03,824364,Coors Field,Colorado Rockies,Atlanta Braves,5,6,1,0,6,11,11,14,7,8,607536,Kyle Freeland,675911,Spencer Strider
2026-05-03,825013,Sutter Health Park,Athletics,Cleveland Guardians,4,1,0,0,7,1,11,7,6,6,650644,Aaron Civale,800048,Parker Messick
2026-05-03,824043,Angel Stadium,Los Angeles Angels,New York Mets,1,2,1,0,1,5,6,7,3,4,686799,Jack Kochanowicz,605280,Clay Holmes
2026-05-03,823145,T-Mobile Park,Seattle Mariners,Kansas City Royals,1,3,0,0,1,4,4,8,3,5,622491,Luis Castillo,663460,Kris Bubic
2026-05-03,823307,Petco Park,San Diego Padres,Chicago White Sox,3,1,0,0,4,3,9,7,7,3,656288,Griffin Canning,641743,Anthony Kay
2026-05-03,824285,Comerica Park,Detroit Tigers,Texas Rangers,2,0,0,0,7,1,8,7,1,3,663947,Tyler Holton,683004,Jack Leiter
2026-05-04,824363,Coors Field,Colorado Rockies,New York Mets,0,0,0,0,2,4,5,4,1,0,608372,Tomoyuki Sugano,623211,Huascar Brazobán
2026-05-04,824283,Comerica Park,Detroit Tigers,Boston Red Sox,0,0,0,0,4,5,3,12,1,4,663947,Tyler Holton,801139,Payton Tolle
2026-05-04,822984,Tropicana Field,Tampa Bay Rays,Toronto Blue Jays,3,1,3,0,5,1,11,10,5,5,607259,Nick Martinez,641778,Eric Lauer
2026-05-04,823874,loanDepot park,Miami Marlins,Philadelphia Phillies,0,1,0,0,0,1,7,7,4,4,676083,Janson Junk,605400,Aaron Nola
2026-05-04,823552,Yankee Stadium,New York Yankees,Baltimore Orioles,3,0,2,0,12,1,10,10,4,5,693645,Cam Schlittler,669358,Shane Baz
2026-05-04,824684,Wrigley Field,Chicago Cubs,Cincinnati Reds,3,3,0,0,5,4,6,10,3,7,665795,Edward Cabrera,695534,Chase Petty
2026-05-04,824120,Kauffman Stadium,Kansas City Royals,Cleveland Guardians,4,2,0,0,6,2,7,5,5,2,608379,Michael Wacha,676440,Tanner Bibee
2026-05-04,823064,Busch Stadium,St. Louis Cardinals,Milwaukee Brewers,4,0,0,0,6,3,11,11,7,5,681517,Kyle Leahy,694477,Chad Patrick
2026-05-04,824201,Daikin Park,Houston Astros,Los Angeles Dodgers,3,8,2,1,3,8,6,13,4,11,595345,Steven Okert,808967,Yoshinobu Yamamoto
2026-05-04,824039,Angel Stadium,Los Angeles Angels,Chicago White Sox,0,5,0,2,0,6,5,16,2,9,667755,José Soriano,663436,Davis Martin
2026-05-04,823143,T-Mobile Park,Seattle Mariners,Atlanta Braves,0,1,0,1,5,4,8,9,3,3,669302,Logan Gilbert,702275,JR Ritchie
2026-05-04,823228,Oracle Park,San Francisco Giants,San Diego Padres,2,1,2,1,3,2,6,3,3,2,686790,Trevor McDonald,681190,Randy Vásquez
2026-05-05,824281,Comerica Park,Detroit Tigers,Boston Red Sox,3,10,2,3,3,10,7,12,7,10,664285,Framber Valdez,663558,Jovani Morán
2026-05-05,822986,Tropicana Field,Tampa Bay Rays,Toronto Blue Jays,2,3,0,1,4,3,11,8,6,6,656876,Drew Rasmussen,592332,Kevin Gausman
2026-05-05,823469,Citizens Bank Park,Philadelphia Phillies,Athletics,1,0,0,0,9,1,14,4,7,1,650911,Cristopher Sánchez,622663,Luis Severino
2026-05-05,823873,loanDepot park,Miami Marlins,Baltimore Orioles,4,7,1,3,7,9,9,10,6,8,645261,Sandy Alcantara,605135,Chris Bassitt
2026-05-05,822743,Nationals Park,Washington Nationals,Minnesota Twins,2,6,1,0,3,11,6,10,4,5,676917,Cade Cavalli,671737,Taj Bradley
2026-05-05,823553,Yankee Stadium,New York Yankees,Texas Rangers,3,3,1,3,7,4,9,10,4,6,695684,Elmer Rodríguez,594798,Jacob deGrom
2026-05-05,824682,Wrigley Field,Chicago Cubs,Cincinnati Reds,0,1,0,1,3,2,8,6,3,4,592791,Jameson Taillon,671096,Andrew Abbott
2026-05-05,824119,Kauffman Stadium,Kansas City Royals,Cleveland Guardians,4,3,2,0,5,3,8,4,6,4,663568,Stephen Kolek,668909,Gavin Williams
2026-05-05,824200,Daikin Park,Houston Astros,Los Angeles Dodgers,2,0,0,0,2,1,4,6,4,3,663567,Peter Lambert,660271,Shohei Ohtani
2026-05-05,824040,Angel Stadium,Los Angeles Angels,Chicago White Sox,4,2,2,2,4,3,7,8,6,5,691951,Sam Aldegheri,607200,Erick Fedde
2026-05-05,825092,Chase Field,Arizona Diamondbacks,Pittsburgh Pirates,2,0,2,0,9,0,9,2,2,1,593958,Eduardo Rodriguez,696149,Bubba Chandler
2026-05-05,823142,T-Mobile Park,Seattle Mariners,Atlanta Braves,2,2,0,0,2,3,3,6,2,5,669923,George Kirby,693821,Bryce Elder
2026-05-05,823227,Oracle Park,San Francisco Giants,San Diego Padres,4,7,2,0,5,10,8,14,5,9,657277,Logan Webb,621111,Walker Buehler
2026-05-06,822985,Tropicana Field,Tampa Bay Rays,Toronto Blue Jays,2,0,0,0,3,0,6,4,5,2,663556,Shane McClanahan,571578,Patrick Corbin
2026-05-06,823063,Busch Stadium,St. Louis Cardinals,Milwaukee Brewers,0,5,0,4,2,6,4,11,1,6,669467,Andre Pallante,687075,Brandon Sproat
2026-05-06,824198,Daikin Park,Houston Astros,Los Angeles Dodgers,1,10,1,0,2,12,5,14,3,10,621121,Lance McCullers Jr.,607192,Tyler Glasnow
2026-05-06,823226,Oracle Park,San Francisco Giants,San Diego Padres,1,1,0,0,1,5,3,6,2,3,605288,Adrian Houser,699134,Bradgley Rodriguez
2026-05-06,824036,Angel Stadium,Los Angeles Angels,Chicago White Sox,7,1,0,0,8,2,8,4,7,2,700712,Walbert Ureña,702273,Noah Schultz
2026-05-06,823141,T-Mobile Park,Seattle Mariners,Atlanta Braves,1,0,0,0,3,1,9,4,4,1,693433,Bryan Woo,527048,Martín Pérez
2026-05-06,824282,Comerica Park,Detroit Tigers,Boston Red Sox,0,4,0,0,0,4,4,4,4,3,656427,Jack Flaherty,543243,Sonny Gray
2026-05-06,823470,Citizens Bank Park,Philadelphia Phillies,Athletics,1,2,0,0,6,3,12,7,6,4,554430,Zack Wheeler,605488,Jeffrey Springs
2026-05-06,823872,loanDepot park,Miami Marlins,Baltimore Orioles,3,5,3,3,4,7,6,7,4,4,691587,Eury Pérez,687064,Brandon Young
2026-05-06,822740,Nationals Park,Washington Nationals,Minnesota Twins,3,2,0,0,15,2,14,3,4,3,571945,Miles Mikolas,641927,Bailey Ober
2026-05-06,823550,Yankee Stadium,New York Yankees,Texas Rangers,0,6,0,1,1,6,3,8,2,7,701542,Will Warren,543135,Nathan Eovaldi
2026-05-06,824683,Wrigley Field,Chicago Cubs,Cincinnati Reds,4,2,2,1,7,6,10,10,5,5,607067,Colin Rea,663903,Brady Singer
2026-05-06,824118,Kauffman Stadium,Kansas City Royals,Cleveland Guardians,1,2,0,0,1,3,4,6,3,3,666142,Cole Ragans,676282,Joey Cantillo
2026-05-06,824361,Coors Field,Colorado Rockies,New York Mets,0,4,0,1,5,10,13,15,4,8,547179,Michael Lorenzen,642547,Freddy Peralta
2026-05-06,825091,Chase Field,Arizona Diamondbacks,Pittsburgh Pirates,0,1,0,1,0,1,2,7,2,5,647336,Michael Soroka,694973,Paul Skenes
2026-05-07,823551,Yankee Stadium,New York Yankees,Texas Rangers,1,2,1,0,9,2,14,6,4,3,621112,Paul Blackburn,669022,MacKenzie Gore
2026-05-07,822741,Nationals Park,Washington Nationals,Minnesota Twins,5,3,0,0,7,5,8,11,4,7,663623,Jake Irvin,680573,Simeon Woods Richardson
2026-05-07,824117,Kauffman Stadium,Kansas City Royals,Cleveland Guardians,1,4,0,3,5,8,12,11,5,7,607625,Seth Lugo,677944,Slade Cecconi
2026-05-07,824681,Wrigley Field,Chicago Cubs,Cincinnati Reds,8,0,0,0,8,3,7,9,6,4,684007,Shota Imanaga,695076,Rhett Lowder
2026-05-07,824362,Coors Field,Colorado Rockies,New York Mets,1,2,0,0,6,2,7,6,3,4,500779,Jose Quintana,681035,Christian Scott
2026-05-07,825090,Chase Field,Arizona Diamondbacks,Pittsburgh Pirates,2,3,1,1,2,4,5,7,3,5,668678,Zac Gallen,656605,Mitch Keller
2026-05-07,823467,Citizens Bank Park,Philadelphia Phillies,Athletics,1,10,0,4,1,12,6,13,2,11,691725,Andrew Painter,669372,J.T. Ginn
2026-05-07,823870,loanDepot park,Miami Marlins,Baltimore Orioles,3,2,2,0,4,3,6,9,3,6,676974,Max Meyer,700249,Cade Povich
2026-05-07,824767,Fenway Park,Boston Red Sox,Tampa Bay Rays,3,3,0,0,4,8,7,13,4,5,687562,Jake Bennett,643377,Griffin Jax
2026-05-07,823306,Petco Park,San Diego Padres,St. Louis Cardinals,1,1,1,0,1,2,4,5,2,1,650633,Michael King,669461,Matthew Liberatore
2026-05-08,824522,Great American Ball Park,Cincinnati Reds,Houston Astros,0,2,0,0,0,10,5,13,3,3,666157,Nick Lodolo,681347,Mike Burrows
2026-05-08,823466,Citizens Bank Park,Philadelphia Phillies,Colorado Rockies,0,6,0,1,7,9,9,13,1,7,666200,Jesús Luzardo,801403,Chase Dollander
2026-05-08,824846,Oriole Park at Camden Yards,Baltimore Orioles,Athletics,1,3,0,0,3,4,4,8,2,5,680694,Kyle Bradish,682052,Jacob Lopez
2026-05-08,822822,Rogers Centre,Toronto Blue Jays,Los Angeles Angels,2,0,0,0,2,0,3,6,2,3,656302,Dylan Cease,672282,Reid Detmers
2026-05-08,824768,Fenway Park,Boston Red Sox,Tampa Bay Rays,2,0,0,0,2,0,5,4,2,4,813349,Connelly Early,669947,Jesse Scholtens
2026-05-08,823871,loanDepot park,Miami Marlins,Washington Nationals,2,3,2,3,2,3,5,6,4,5,702281,Robby Snelling,656492,Foster Griffin
2026-05-08,824443,Progressive Field,Cleveland Guardians,Minnesota Twins,4,0,4,0,6,4,8,13,4,2,800048,Parker Messick,687570,Connor Prielipp
2026-05-08,824116,Kauffman Stadium,Kansas City Royals,Detroit Tigers,1,1,0,0,4,3,8,8,2,3,663460,Kris Bubic,672456,Keider Montero
2026-05-08,824607,Rate Field,Chicago White Sox,Seattle Mariners,5,6,1,0,8,12,10,12,4,7,680732,Sean Burke,676106,Emerson Hancock
2026-05-08,823794,American Family Field,Milwaukee Brewers,New York Yankees,5,0,0,0,6,0,8,3,6,2,694819,Jacob Misiorowski,608331,Max Fried
2026-05-08,822904,Globe Life Field,Texas Rangers,Chicago Cubs,1,3,0,1,1,7,2,9,1,4,677958,Kumar Rocker,676962,Ben Brown
2026-05-08,825088,Chase Field,Arizona Diamondbacks,New York Mets,1,1,0,0,1,3,5,5,2,2,669194,Ryne Nelson,690997,Nolan McLean
2026-05-08,823303,Petco Park,San Diego Padres,St. Louis Cardinals,0,6,0,0,0,6,1,11,1,8,656288,Griffin Canning,700241,Michael McGreevy
2026-05-08,823957,UNIQLO Field at Dodger Stadium,Los Angeles Dodgers,Atlanta Braves,2,1,0,0,3,1,5,9,4,6,686218,Emmet Sheehan,519242,Chris Sale
2026-05-08,823225,Oracle Park,San Francisco Giants,Pittsburgh Pirates,2,1,0,0,5,2,12,5,7,3,592662,Robbie Ray,669387,Carmen Mlodzinski
2026-05-09,822820,Rogers Centre,Toronto Blue Jays,Los Angeles Angels,8,0,0,0,14,1,20,10,11,4,702056,Trey Yesavage,686799,Jack Kochanowicz
2026-05-09,824847,Oriole Park at Camden Yards,Baltimore Orioles,Athletics,0,5,0,1,2,6,9,11,6,6,669358,Shane Baz,650644,Aaron Civale
2026-05-09,824523,Great American Ball Park,Cincinnati Reds,Houston Astros,3,1,0,0,3,1,5,4,4,3,695505,Chase Burns,681293,Spencer Arrighetti
2026-05-09,823869,loanDepot park,Miami Marlins,Washington Nationals,2,4,0,3,8,7,12,11,6,6,676083,Janson Junk,663992,Richard Lovelady
2026-05-09,823468,Citizens Bank Park,Philadelphia Phillies,Colorado Rockies,7,3,0,0,9,3,14,6,10,6,605400,Aaron Nola,607536,Kyle Freeland
2026-05-09,824444,Progressive Field,Cleveland Guardians,Minnesota Twins,1,1,0,1,1,2,2,2,2,1,676440,Tanner Bibee,657746,Joe Ryan
2026-05-09,822905,Globe Life Field,Texas Rangers,Chicago Cubs,5,0,0,0,6,0,9,5,7,4,683004,Jack Leiter,665795,Edward Cabrera
2026-05-09,824115,Kauffman Stadium,Kansas City Royals,Detroit Tigers,5,0,2,0,5,1,6,4,6,2,608379,Michael Wacha,572143,Burch Smith
2026-05-09,824606,Rate Field,Chicago White Sox,Seattle Mariners,5,1,2,0,6,1,9,4,6,3,641743,Anthony Kay,622491,Luis Castillo
2026-05-09,823792,American Family Field,Milwaukee Brewers,New York Yankees,0,2,0,1,4,3,6,7,2,5,690986,Kyle Harrison,693645,Cam Schlittler
2026-05-09,825089,Chase Field,Arizona Diamondbacks,New York Mets,2,1,0,0,2,1,6,3,4,3,518876,Merrill Kelly,605280,Clay Holmes
2026-05-09,823304,Petco Park,San Diego Padres,St. Louis Cardinals,3,1,0,0,4,2,5,7,3,6,681190,Randy Vásquez,669160,Dustin May
2026-05-09,823224,Oracle Park,San Francisco Giants,Pittsburgh Pirates,1,2,0,0,3,13,7,20,4,6,694738,Landen Roupp,677952,Braxton Ashcraft
2026-05-09,823955,UNIQLO Field at Dodger Stadium,Los Angeles Dodgers,Atlanta Braves,0,6,0,1,2,7,6,12,1,8,605483,Blake Snell,675911,Spencer Strider
2026-05-10,823868,loanDepot park,Miami Marlins,Washington Nationals,2,2,0,0,5,2,6,6,4,5,645261,Sandy Alcantara,676917,Cade Cavalli
2026-05-10,824845,Oriole Park at Camden Yards,Baltimore Orioles,Athletics,1,1,0,0,2,1,6,4,3,2,669211,Keegan Akin,622663,Luis Severino
2026-05-10,824765,Fenway Park,Boston Red Sox,Tampa Bay Rays,0,3,0,1,1,4,8,7,5,6,801139,Payton Tolle,607259,Nick Martinez
2026-05-10,823463,Citizens Bank Park,Philadelphia Phillies,Colorado Rockies,5,0,2,0,6,0,10,6,7,3,650911,Cristopher Sánchez,608372,Tomoyuki Sugano
2026-05-10,822819,Rogers Centre,Toronto Blue Jays,Los Angeles Angels,1,4,1,0,1,6,5,7,2,5,693686,Spencer Miles,667755,José Soriano
2026-05-10,824520,Great American Ball Park,Cincinnati Reds,Houston Astros,4,0,0,0,5,0,9,3,7,2,671096,Andrew Abbott,678906,Kai-Wei Teng
2026-05-10,824440,Progressive Field,Cleveland Guardians,Minnesota Twins,2,5,0,0,4,5,11,13,7,10,668909,Gavin Williams,702193,Andrew Morris
2026-05-10,824605,Rate Field,Chicago White Sox,Seattle Mariners,0,1,0,1,2,1,5,7,1,3,663436,Davis Martin,669302,Logan Gilbert
2026-05-10,823793,American Family Field,Milwaukee Brewers,New York Yankees,3,2,0,1,4,3,6,6,2,4,701656,Logan Henderson,607074,Carlos Rodón
2026-05-10,822902,Globe Life Field,Texas Rangers,Chicago Cubs,1,0,0,0,3,0,7,3,3,1,594798,Jacob deGrom,592791,Jameson Taillon
2026-05-10,823221,Oracle Park,San Francisco Giants,Pittsburgh Pirates,2,3,0,1,7,6,13,7,5,3,641816,Tyler Mahle,696149,Bubba Chandler
2026-05-10,825085,Chase Field,Arizona Diamondbacks,New York Mets,2,0,0,0,5,1,5,4,2,0,593958,Eduardo Rodriguez,623211,Huascar Brazobán
2026-05-10,823305,Petco Park,San Diego Padres,St. Louis Cardinals,0,2,0,0,3,2,4,3,2,2,621111,Walker Buehler,681517,Kyle Leahy
2026-05-10,823954,UNIQLO Field at Dodger Stadium,Los Angeles Dodgers,Atlanta Braves,0,4,0,0,2,7,2,9,1,4,680736,Justin Wrobleski,693821,Bryce Elder
2026-05-10,824113,Kauffman Stadium,Kansas City Royals,Detroit Tigers,3,3,0,0,3,6,8,9,7,4,702070,Noah Cameron,669724,Brenan Hanifee
2026-05-11,824441,Progressive Field,Cleveland Guardians,Los Angeles Angels,7,0,0,0,7,2,7,9,6,2,676282,Joey Cantillo,608718,Brent Suter
2026-05-11,824844,Oriole Park at Camden Yards,Baltimore Orioles,New York Yankees,0,2,0,0,3,2,3,5,0,2,687064,Brandon Young,677960,Ryan Weathers
2026-05-11,822818,Rogers Centre,Toronto Blue Jays,Tampa Bay Rays,3,7,0,3,5,8,6,12,4,10,592332,Kevin Gausman,656876,Drew Rasmussen
2026-05-11,822901,Globe Life Field,Texas Rangers,Arizona Diamondbacks,0,1,0,1,0,1,4,6,2,3,596001,Jakob Junis,647336,Michael Soroka
2026-05-11,824199,Daikin Park,Houston Astros,Seattle Mariners,1,3,0,0,1,3,9,7,7,6,663567,Peter Lambert,669923,George Kirby
2026-05-11,823953,UNIQLO Field at Dodger Stadium,Los Angeles Dodgers,San Francisco Giants,2,1,0,0,3,9,10,12,7,3,808963,Roki Sasaki,686790,Trevor McDonald
2026-05-12,824442,Progressive Field,Cleveland Guardians,Los Angeles Angels,2,0,0,0,3,2,4,8,3,6,677944,Slade Cecconi,700712,Walbert Ureña
2026-05-12,824843,Oriole Park at Camden Yards,Baltimore Orioles,New York Yankees,0,6,0,1,2,6,6,9,1,6,669432,Trevor Rogers,701542,Will Warren
2026-05-12,824521,Great American Ball Park,Cincinnati Reds,Washington Nationals,2,7,0,0,4,10,10,13,4,9,663903,Brady Singer,571945,Miles Mikolas
2026-05-12,823385,PNC Park,Pittsburgh Pirates,Colorado Rockies,2,0,1,0,3,1,9,4,5,0,694973,Paul Skenes,547179,Michael Lorenzen
2026-05-12,824764,Fenway Park,Boston Red Sox,Philadelphia Phillies,0,2,0,1,1,2,7,5,2,4,663558,Jovani Morán,554430,Zack Wheeler
2026-05-12,822817,Rogers Centre,Toronto Blue Jays,Tampa Bay Rays,0,3,0,1,6,7,7,13,1,9,571578,Patrick Corbin,663556,Shane McClanahan
2026-05-12,823632,Citi Field,New York Mets,Detroit Tigers,3,2,0,0,10,2,13,10,6,7,642547,Freddy Peralta,656427,Jack Flaherty
2026-05-12,824927,Truist Park,Atlanta Braves,Chicago Cubs,5,2,0,0,5,2,11,1,8,1,656550,Grant Holmes,607067,Colin Rea
2026-05-12,824604,Rate Field,Chicago White Sox,Kansas City Royals,5,2,0,2,6,5,7,11,5,6,607200,Erick Fedde,663568,Stephen Kolek
2026-05-12,823712,Target Field,Minnesota Twins,Miami Marlins,3,0,0,0,3,0,4,2,2,2,641927,Bailey Ober,691587,Eury Pérez
2026-05-12,823790,American Family Field,Milwaukee Brewers,San Diego Padres,6,2,0,0,6,4,11,8,9,4,687075,Brandon Sproat,699134,Bradgley Rodriguez
2026-05-12,822903,Globe Life Field,Texas Rangers,Arizona Diamondbacks,7,1,1,0,7,4,10,4,8,1,669022,MacKenzie Gore,668678,Zac Gallen
2026-05-12,824197,Daikin Park,Houston Astros,Seattle Mariners,2,7,0,0,2,10,5,11,4,7,837227,Tatsuya Imai,693433,Bryan Woo
2026-05-12,825011,Sutter Health Park,Athletics,St. Louis Cardinals,3,4,0,4,4,6,6,11,4,7,605488,Jeffrey Springs,669467,Andre Pallante
2026-05-12,823951,UNIQLO Field at Dodger Stadium,Los Angeles Dodgers,San Francisco Giants,2,3,1,0,2,6,4,10,3,4,808967,Yoshinobu Yamamoto,605288,Adrian Houser
2026-05-13,824841,Oriole Park at Camden Yards,Baltimore Orioles,New York Yankees,5,0,0,0,7,0,10,1,7,1,680694,Kyle Bradish,608331,Max Fried
2026-05-13,824438,Progressive Field,Cleveland Guardians,Los Angeles Angels,3,2,2,0,4,2,6,4,3,3,800048,Parker Messick,672282,Reid Detmers
2026-05-13,824519,Great American Ball Park,Cincinnati Reds,Washington Nationals,6,6,5,0,7,8,7,10,4,8,666157,Nick Lodolo,663623,Jake Irvin
2026-05-13,823386,PNC Park,Pittsburgh Pirates,Colorado Rockies,3,6,0,0,4,10,6,11,5,6,656605,Mitch Keller,500779,Jose Quintana
2026-05-13,824763,Fenway Park,Boston Red Sox,Philadelphia Phillies,1,1,0,0,3,1,8,3,4,1,543243,Sonny Gray,691725,Andrew Painter
2026-05-13,822815,Rogers Centre,Toronto Blue Jays,Tampa Bay Rays,0,0,0,0,5,3,6,8,4,2,656302,Dylan Cease,643377,Griffin Jax
2026-05-13,823631,Citi Field,New York Mets,Detroit Tigers,1,2,0,2,3,2,7,8,4,7,681035,Christian Scott,664285,Framber Valdez
2026-05-13,824928,Truist Park,Atlanta Braves,Chicago Cubs,1,1,0,0,4,1,8,4,4,3,702275,JR Ritchie,684007,Shota Imanaga
2026-05-13,824603,Rate Field,Chicago White Sox,Kansas City Royals,5,3,0,0,6,5,10,5,8,2,702273,Noah Schultz,607625,Seth Lugo
2026-05-13,823710,Target Field,Minnesota Twins,Miami Marlins,4,8,1,2,5,9,8,11,6,8,680573,Simeon Woods Richardson,676974,Max Meyer
2026-05-13,823791,American Family Field,Milwaukee Brewers,San Diego Padres,1,0,0,0,1,3,9,6,4,4,694819,Jacob Misiorowski,650633,Michael King
2026-05-13,822900,Globe Life Field,Texas Rangers,Arizona Diamondbacks,3,0,0,0,6,5,8,10,3,3,677958,Kumar Rocker,669194,Ryne Nelson
2026-05-13,824195,Daikin Park,Houston Astros,Seattle Mariners,0,1,0,1,4,3,12,8,5,6,621121,Lance McCullers Jr.,682243,Bryce Miller
2026-05-13,825010,Sutter Health Park,Athletics,St. Louis Cardinals,4,1,0,0,6,2,13,13,9,8,669372,J.T. Ginn,669461,Matthew Liberatore
2026-05-13,823952,UNIQLO Field at Dodger Stadium,Los Angeles Dodgers,San Francisco Giants,4,0,0,0,4,0,9,6,7,1,660271,Shohei Ohtani,592662,Robbie Ray
2026-05-14,823383,PNC Park,Pittsburgh Pirates,Colorado Rockies,7,2,3,0,7,2,12,5,11,3,682254,Mason Montgomery,801403,Chase Dollander
2026-05-14,824517,Great American Ball Park,Cincinnati Reds,Washington Nationals,9,0,0,0,15,1,14,3,7,1,695505,Chase Burns,656492,Foster Griffin
2026-05-14,823630,Citi Field,New York Mets,Detroit Tigers,6,3,0,3,9,4,10,7,6,6,690997,Nolan McLean,672456,Keider Montero
2026-05-14,823709,Target Field,Minnesota Twins,Miami Marlins,6,0,0,0,9,1,9,5,6,4,805673,Zebby Matthews,666129,Braxton Garrett
2026-05-14,823789,American Family Field,Milwaukee Brewers,San Diego Padres,7,0,3,0,7,1,10,7,9,5,690986,Kyle Harrison,656288,Griffin Canning
2026-05-14,824196,Daikin Park,Houston Astros,Seattle Mariners,1,5,0,3,3,8,5,11,2,6,681347,Mike Burrows,622491,Luis Castillo
2026-05-14,825008,Sutter Health Park,Athletics,St. Louis Cardinals,1,1,1,0,4,5,10,9,4,2,682052,Jacob Lopez,700241,Michael McGreevy
2026-05-14,824762,Fenway Park,Boston Red Sox,Philadelphia Phillies,0,0,0,0,1,3,7,9,3,3,624133,Ranger Suarez,666200,Jesús Luzardo
2026-05-14,824926,Truist Park,Atlanta Braves,Chicago Cubs,0,0,0,0,0,2,5,6,1,5,519242,Chris Sale,676962,Ben Brown
2026-05-14,824602,Rate Field,Chicago White Sox,Kansas City Royals,5,1,2,1,6,2,8,7,5,4,641743,Anthony Kay,663460,Kris Bubic
2026-05-14,823950,UNIQLO Field at Dodger Stadium,Los Angeles Dodgers,San Francisco Giants,2,2,1,0,5,2,8,2,5,2,686218,Emmet Sheehan,694738,Landen Roupp
2026-05-15,823384,PNC Park,Pittsburgh Pirates,Philadelphia Phillies,7,3,0,0,9,11,11,14,7,6,677952,Braxton Ashcraft,605400,Aaron Nola
2026-05-15,822739,Nationals Park,Washington Nationals,Baltimore Orioles,1,0,0,0,3,2,6,6,4,2,641793,Zack Littell,669358,Shane Baz
2026-05-15,824280,Comerica Park,Detroit Tigers,Toronto Blue Jays,1,2,0,0,3,2,7,5,2,5,669724,Brenan Hanifee,702056,Trey Yesavage
2026-05-15,824439,Progressive Field,Cleveland Guardians,Cincinnati Reds,0,3,0,0,6,7,8,11,3,5,676440,Tanner Bibee,671096,Andrew Abbott
2026-05-15,822983,Tropicana Field,Tampa Bay Rays,Miami Marlins,6,1,2,0,7,2,11,7,7,6,693855,Ian Seymour,676083,Janson Junk
2026-05-15,823707,Target Field,Minnesota Twins,Milwaukee Brewers,0,1,0,1,2,3,8,9,1,4,657746,Joe Ryan,689441,Coleman Crow
2026-05-15,824925,Truist Park,Atlanta Braves,Boston Red Sox,2,0,1,0,3,2,7,7,5,2,675911,Spencer Strider,813349,Connelly Early
2026-05-15,823629,Citi Field,New York Mets,New York Yankees,0,4,0,0,2,5,5,10,1,8,605280,Clay Holmes,693645,Cam Schlittler
2026-05-15,824601,Rate Field,Chicago White Sox,Chicago Cubs,3,4,0,1,5,10,8,14,3,8,680732,Sean Burke,665795,Edward Cabrera
2026-05-15,824194,Daikin Park,Houston Astros,Texas Rangers,1,0,0,0,2,0,5,1,3,0,681293,Spencer Arrighetti,683004,Jack Leiter
2026-05-15,823061,Busch Stadium,St. Louis Cardinals,Kansas City Royals,3,2,0,0,5,4,12,7,4,2,669160,Dustin May,608379,Michael Wacha
2026-05-15,824360,Coors Field,Colorado Rockies,Arizona Diamondbacks,1,7,1,6,1,9,4,13,3,9,607536,Kyle Freeland,518876,Merrill Kelly
2026-05-15,824037,Angel Stadium,Los Angeles Angels,Los Angeles Dodgers,0,4,0,0,0,6,2,8,1,5,686799,Jack Kochanowicz,694361,Will Klein
2026-05-15,823140,T-Mobile Park,Seattle Mariners,San Diego Padres,0,1,0,0,0,2,7,9,3,5,676106,Emerson Hancock,681190,Randy Vásquez
2026-05-15,825009,Sutter Health Park,Athletics,San Francisco Giants,5,2,0,0,5,2,10,10,10,6,650644,Aaron Civale,641816,Tyler Mahle
2026-05-16,824278,Comerica Park,Detroit Tigers,Toronto Blue Jays,0,0,0,0,1,2,7,5,3,2,663554,Casey Mize,689254,Mason Fluharty
2026-05-16,823060,Busch Stadium,St. Louis Cardinals,Kansas City Royals,3,1,1,0,4,2,8,8,5,5,681517,Kyle Leahy,702070,Noah Cameron
2026-05-16,824359,Coors Field,Colorado Rockies,Arizona Diamondbacks,3,2,2,0,4,2,12,9,9,7,608372,Tomoyuki Sugano,593958,Eduardo Rodriguez
2026-05-16,822737,Nationals Park,Washington Nationals,Baltimore Orioles,4,0,0,0,13,3,13,10,6,5,676917,Cade Cavalli,605135,Chris Bassitt
2026-05-16,823382,PNC Park,Pittsburgh Pirates,Philadelphia Phillies,0,5,0,3,0,6,6,8,2,4,696149,Bubba Chandler,650911,Cristopher Sánchez
2026-05-16,822981,Tropicana Field,Tampa Bay Rays,Miami Marlins,1,0,0,0,5,10,10,15,5,4,607259,Nick Martinez,645261,Sandy Alcantara
2026-05-16,824435,Progressive Field,Cleveland Guardians,Cincinnati Reds,2,4,0,0,7,4,10,5,6,4,676282,Joey Cantillo,663978,Chris Paddack
2026-05-16,824193,Daikin Park,Houston Astros,Texas Rangers,4,0,2,0,4,1,5,6,5,2,678906,Kai-Wei Teng,594798,Jacob deGrom
2026-05-16,824600,Rate Field,Chicago White Sox,Chicago Cubs,7,0,3,0,8,3,8,8,7,2,663436,Davis Martin,592791,Jameson Taillon
2026-05-16,823706,Target Field,Minnesota Twins,Milwaukee Brewers,1,1,0,0,1,2,7,5,6,1,687570,Connor Prielipp,701656,Logan Henderson
2026-05-16,823139,T-Mobile Park,Seattle Mariners,San Diego Padres,2,5,0,0,4,7,8,7,5,3,669302,Logan Gilbert,621111,Walker Buehler
2026-05-16,824924,Truist Park,Atlanta Braves,Boston Red Sox,2,1,1,0,2,3,4,7,4,3,693821,Bryce Elder,801139,Payton Tolle
2026-05-16,823627,Citi Field,New York Mets,New York Yankees,5,2,0,0,6,3,8,9,5,5,623211,Huascar Brazobán,607074,Carlos Rodón
2026-05-16,824038,Angel Stadium,Los Angeles Angels,Los Angeles Dodgers,0,1,0,1,2,15,8,10,4,1,667755,José Soriano,680736,Justin Wrobleski
2026-05-16,825007,Sutter Health Park,Athletics,San Francisco Giants,1,5,0,1,4,6,6,14,4,9,622663,Luis Severino,686790,Trevor McDonald
2026-05-17,822982,Tropicana Field,Tampa Bay Rays,Miami Marlins,5,2,1,0,6,3,7,11,5,6,656876,Drew Rasmussen,691587,Eury Pérez
2026-05-17,822738,Nationals Park,Washington Nationals,Baltimore Orioles,2,6,0,1,3,7,9,11,5,7,663992,Richard Lovelady,687064,Brandon Young
2026-05-17,823381,PNC Park,Pittsburgh Pirates,Philadelphia Phillies,0,2,0,0,0,6,5,8,2,3,694973,Paul Skenes,554430,Zack Wheeler
2026-05-17,824923,Truist Park,Atlanta Braves,Boston Red Sox,7,0,3,0,8,1,8,9,8,4,656550,Grant Holmes,678394,Brayan Bello
2026-05-17,824436,Progressive Field,Cleveland Guardians,Cincinnati Reds,6,2,2,0,10,3,12,11,8,7,668909,Gavin Williams,663903,Brady Singer
2026-05-17,824279,Comerica Park,Detroit Tigers,Toronto Blue Jays,0,4,0,2,1,4,6,7,3,5,656427,Jack Flaherty,592332,Kevin Gausman
2026-05-17,823628,Citi Field,New York Mets,New York Yankees,1,1,0,0,7,6,11,6,6,2,642547,Freddy Peralta,695684,Elmer Rodríguez
2026-05-17,824192,Daikin Park,Houston Astros,Texas Rangers,0,2,0,0,0,8,5,7,4,2,663567,Peter Lambert,543135,Nathan Eovaldi
2026-05-17,824599,Rate Field,Chicago White Sox,Chicago Cubs,4,4,0,3,9,8,12,9,6,8,607200,Erick Fedde,607067,Colin Rea
2026-05-17,823708,Target Field,Minnesota Twins,Milwaukee Brewers,4,3,1,0,5,4,6,10,5,6,641927,Bailey Ober,688107,Robert Gasser
2026-05-17,823058,Busch Stadium,St. Louis Cardinals,Kansas City Royals,0,2,0,1,0,2,5,9,3,5,669467,Andre Pallante,663568,Stephen Kolek
2026-05-17,824358,Coors Field,Colorado Rockies,Arizona Diamondbacks,2,7,0,0,6,8,8,12,4,9,547179,Michael Lorenzen,647336,Michael Soroka
2026-05-17,825006,Sutter Health Park,Athletics,San Francisco Giants,1,2,0,0,1,10,5,12,3,5,605488,Jeffrey Springs,605288,Adrian Houser
2026-05-17,824034,Angel Stadium,Los Angeles Angels,Los Angeles Dodgers,1,7,0,0,1,10,5,11,4,8,680570,Grayson Rodriguez,808963,Roki Sasaki
2026-05-17,823138,T-Mobile Park,Seattle Mariners,San Diego Padres,0,2,0,1,3,8,1,10,1,2,669923,George Kirby,608337,Lucas Giolito
2026-05-18,824277,Comerica Park,Detroit Tigers,Cleveland Guardians,1,4,1,0,2,8,5,9,4,5,664285,Framber Valdez,677944,Slade Cecconi
2026-05-18,822980,Tropicana Field,Tampa Bay Rays,Baltimore Orioles,12,4,1,0,16,6,18,12,13,6,663556,Shane McClanahan,669432,Trevor Rogers
2026-05-18,823465,Citizens Bank Park,Philadelphia Phillies,Cincinnati Reds,2,2,2,0,5,4,5,6,2,3,691725,Andrew Painter,666157,Nick Lodolo
2026-05-18,823867,loanDepot park,Miami Marlins,Atlanta Braves,12,0,0,0,12,0,9,4,8,2,676974,Max Meyer,702275,JR Ritchie
2026-05-18,822734,Nationals Park,Washington Nationals,New York Mets,3,4,0,0,7,16,11,19,4,7,663623,Jake Irvin,681035,Christian Scott
2026-05-18,823549,Yankee Stadium,New York Yankees,Toronto Blue Jays,3,4,1,0,7,6,11,9,6,5,677960,Ryan Weathers,571578,Patrick Corbin
2026-05-18,824114,Kauffman Stadium,Kansas City Royals,Boston Red Sox,0,0,0,0,1,3,6,9,4,2,607625,Seth Lugo,543243,Sonny Gray
2026-05-18,823705,Target Field,Minnesota Twins,Houston Astros,3,0,0,0,6,3,9,7,5,3,696070,Kendry Rojas,837227,Tatsuya Imai
2026-05-18,824680,Wrigley Field,Chicago Cubs,Milwaukee Brewers,3,8,0,0,3,9,7,13,3,9,684007,Shota Imanaga,687075,Brandon Sproat
2026-05-18,824357,Coors Field,Colorado Rockies,Texas Rangers,6,2,2,0,7,6,7,10,6,5,500779,Jose Quintana,669022,MacKenzie Gore
2026-05-18,824035,Angel Stadium,Los Angeles Angels,Athletics,0,0,0,0,2,1,2,7,0,3,700712,Walbert Ureña,669372,J.T. Ginn
2026-05-18,823301,Petco Park,San Diego Padres,Los Angeles Dodgers,1,0,1,0,1,0,4,5,2,1,650633,Michael King,808967,Yoshinobu Yamamoto
2026-05-18,825087,Chase Field,Arizona Diamondbacks,San Francisco Giants,12,2,4,0,12,2,16,8,14,4,668678,Zac Gallen,592662,Robbie Ray
2026-05-18,823137,T-Mobile Park,Seattle Mariners,Chicago White Sox,2,0,1,0,6,1,8,6,3,3,693433,Bryan Woo,702273,Noah Schultz
2026-05-19,823865,loanDepot park,Miami Marlins,Atlanta Braves,4,3,3,2,4,8,8,10,5,5,666129,Braxton Garrett,527048,Martín Pérez
2026-05-19,824276,Comerica Park,Detroit Tigers,Cleveland Guardians,3,3,0,0,3,4,7,4,4,2,672456,Keider Montero,800048,Parker Messick
2026-05-19,822979,Tropicana Field,Tampa Bay Rays,Baltimore Orioles,1,1,1,1,4,1,7,4,3,3,643377,Griffin Jax,680694,Kyle Bradish
2026-05-19,823464,Citizens Bank Park,Philadelphia Phillies,Cincinnati Reds,1,2,0,0,1,4,3,7,3,4,666200,Jesús Luzardo,695505,Chase Burns
2026-05-19,822736,Nationals Park,Washington Nationals,New York Mets,9,5,0,3,9,6,9,10,8,8,656492,Foster Griffin,690997,Nolan McLean
2026-05-19,823548,Yankee Stadium,New York Yankees,Toronto Blue Jays,5,3,0,0,5,4,6,9,4,6,701542,Will Warren,656302,Dylan Cease
2026-05-19,824112,Kauffman Stadium,Kansas City Royals,Boston Red Sox,1,2,1,1,1,7,6,15,4,5,663559,Bailey Falter,624133,Ranger Suarez
2026-05-19,823704,Target Field,Minnesota Twins,Houston Astros,0,2,0,2,1,2,7,5,3,5,805673,Zebby Matthews,669920,Jason Alexander
2026-05-19,824677,Wrigley Field,Chicago Cubs,Milwaukee Brewers,0,3,0,1,2,5,6,11,2,7,676962,Ben Brown,694819,Jacob Misiorowski
2026-05-19,823059,Busch Stadium,St. Louis Cardinals,Pittsburgh Pirates,3,4,0,0,9,6,9,12,4,7,669461,Matthew Liberatore,656605,Mitch Keller
2026-05-19,824356,Coors Field,Colorado Rockies,Texas Rangers,0,8,0,2,0,10,3,16,2,12,671111,Sammy Peralta,641302,Tyler Alexander
2026-05-19,824033,Angel Stadium,Los Angeles Angels,Athletics,4,6,0,0,6,14,11,15,7,7,672282,Reid Detmers,682052,Jacob Lopez
2026-05-19,823302,Petco Park,San Diego Padres,Los Angeles Dodgers,4,3,2,2,4,5,6,6,5,4,656288,Griffin Canning,686218,Emmet Sheehan
2026-05-19,825086,Chase Field,Arizona Diamondbacks,San Francisco Giants,1,3,1,0,5,3,10,8,5,7,669194,Ryne Nelson,694738,Landen Roupp
2026-05-19,823136,T-Mobile Park,Seattle Mariners,Chicago White Sox,1,0,1,0,1,2,1,4,1,0,682243,Bryce Miller,641743,Anthony Kay
2026-05-20,823462,Citizens Bank Park,Philadelphia Phillies,Cincinnati Reds,1,4,1,0,4,9,6,15,2,8,605400,Aaron Nola,671096,Andrew Abbott
2026-05-20,822977,Tropicana Field,Tampa Bay Rays,Baltimore Orioles,1,1,0,0,5,3,6,9,2,4,571927,Steven Matz,669358,Shane Baz
2026-05-20,823703,Target Field,Minnesota Twins,Houston Astros,4,1,0,0,4,1,6,5,5,4,657746,Joe Ryan,681347,Mike Burrows
2026-05-20,824355,Coors Field,Colorado Rockies,Texas Rangers,4,3,1,0,4,5,8,13,7,7,607536,Kyle Freeland,683004,Jack Leiter
2026-05-20,825084,Chase Field,Arizona Diamondbacks,San Francisco Giants,6,3,1,1,6,3,9,8,8,8,518876,Merrill Kelly,641816,Tyler Mahle
2026-05-20,823134,T-Mobile Park,Seattle Mariners,Chicago White Sox,2,2,0,0,5,4,7,11,4,5,676106,Emerson Hancock,680732,Sean Burke
2026-05-20,824273,Comerica Park,Detroit Tigers,Cleveland Guardians,0,0,0,0,2,3,5,8,1,2,623454,Drew Anderson,676440,Tanner Bibee
2026-05-20,823866,loanDepot park,Miami Marlins,Atlanta Braves,1,3,1,0,1,9,4,11,4,3,676083,Janson Junk,519242,Chris Sale
2026-05-20,822735,Nationals Park,Washington Nationals,New York Mets,4,2,3,0,8,4,10,7,5,5,641793,Zack Littell,804267,Zac Thornton
2026-05-20,823547,Yankee Stadium,New York Yankees,Toronto Blue Jays,0,0,0,0,1,2,5,8,2,5,693645,Cam Schlittler,702056,Trey Yesavage
2026-05-20,824111,Kauffman Stadium,Kansas City Royals,Boston Red Sox,3,2,1,0,3,4,8,11,4,5,608379,Michael Wacha,813349,Connelly Early
2026-05-20,824678,Wrigley Field,Chicago Cubs,Milwaukee Brewers,0,4,0,0,0,5,2,8,1,4,665795,Edward Cabrera,690986,Kyle Harrison
2026-05-20,823057,Busch Stadium,St. Louis Cardinals,Pittsburgh Pirates,0,2,0,0,0,7,5,15,4,7,700241,Michael McGreevy,669387,Carmen Mlodzinski
2026-05-20,823299,Petco Park,San Diego Padres,Los Angeles Dodgers,0,3,0,1,0,4,5,10,3,7,681190,Randy Vásquez,660271,Shohei Ohtani
2026-05-20,824032,Angel Stadium,Los Angeles Angels,Athletics,5,3,2,2,5,6,6,6,5,3,686799,Jack Kochanowicz,650644,Aaron Civale
2026-05-21,824274,Comerica Park,Detroit Tigers,Cleveland Guardians,0,2,0,0,1,3,6,6,3,4,663554,Casey Mize,676282,Joey Cantillo
2026-05-21,823056,Busch Stadium,St. Louis Cardinals,Pittsburgh Pirates,1,2,0,1,2,6,8,10,3,3,669160,Dustin May,677952,Braxton Ashcraft
2026-05-21,822733,Nationals Park,Washington Nationals,New York Mets,1,2,0,0,1,2,5,6,4,4,676917,Cade Cavalli,656849,David Peterson
2026-05-21,823864,loanDepot park,Miami Marlins,Atlanta Braves,2,5,0,2,3,9,6,13,3,7,645261,Sandy Alcantara,675911,Spencer Strider
2026-05-21,823545,Yankee Stadium,New York Yankees,Toronto Blue Jays,0,1,0,1,0,2,3,7,2,3,607074,Carlos Rodón,680755,Braydon Fisher
2026-05-21,824031,Angel Stadium,Los Angeles Angels,Athletics,2,0,2,0,2,3,5,7,3,2,667755,José Soriano,622663,Luis Severino
2026-05-21,825083,Chase Field,Arizona Diamondbacks,Colorado Rockies,0,0,0,0,2,1,4,6,1,2,593958,Eduardo Rodriguez,688642,Zach Agnos
2026-05-22,824679,Wrigley Field,Chicago Cubs,Houston Astros,0,4,0,0,2,4,4,9,2,9,592791,Jameson Taillon,681293,Spencer Arrighetti
2026-05-22,823461,Citizens Bank Park,Philadelphia Phillies,Cleveland Guardians,0,0,0,0,0,1,5,6,3,2,650911,Cristopher Sánchez,668909,Gavin Williams
2026-05-22,823546,Yankee Stadium,New York Yankees,Tampa Bay Rays,1,0,0,0,2,4,11,8,8,2,543037,Gerrit Cole,607259,Nick Martinez
2026-05-22,822816,Rogers Centre,Toronto Blue Jays,Pittsburgh Pirates,3,1,0,1,6,2,5,7,2,4,592332,Kevin Gausman,696149,Bubba Chandler
2026-05-22,824761,Fenway Park,Boston Red Sox,Minnesota Twins,6,3,4,0,6,8,7,10,7,4,801139,Payton Tolle,687570,Connor Prielipp
2026-05-22,823863,loanDepot park,Miami Marlins,New York Mets,2,1,0,1,2,1,5,3,5,2,691587,Eury Pérez,668964,Tobias Myers
2026-05-22,824842,Oriole Park at Camden Yards,Baltimore Orioles,Detroit Tigers,6,4,0,1,7,4,14,7,10,6,669211,Keegan Akin,656427,Jack Flaherty
2026-05-22,824922,Truist Park,Atlanta Braves,Washington Nationals,0,0,0,0,5,4,11,10,3,4,693821,Bryce Elder,663992,Richard Lovelady
2026-05-22,824110,Kauffman Stadium,Kansas City Royals,Seattle Mariners,0,0,0,0,0,2,4,5,1,4,702070,Noah Cameron,669302,Logan Gilbert
2026-05-22,823788,American Family Field,Milwaukee Brewers,Los Angeles Dodgers,5,0,4,0,5,1,9,3,8,2,701656,Logan Henderson,680736,Justin Wrobleski
2026-05-22,824029,Angel Stadium,Los Angeles Angels,Texas Rangers,6,3,4,0,9,6,13,11,9,5,680570,Grayson Rodriguez,594798,Jacob deGrom
2026-05-22,825082,Chase Field,Arizona Diamondbacks,Colorado Rockies,2,1,0,0,2,3,7,9,5,4,647336,Michael Soroka,608372,Tomoyuki Sugano
2026-05-22,823298,Petco Park,San Diego Padres,Athletics,3,3,2,2,7,3,7,8,2,5,621111,Walker Buehler,605488,Jeffrey Springs
2026-05-22,823223,Oracle Park,San Francisco Giants,Chicago White Sox,3,9,0,0,4,9,7,5,5,5,686790,Trevor McDonald,663436,Davis Martin
2026-05-23,824518,Great American Ball Park,Cincinnati Reds,St. Louis Cardinals,1,3,0,0,1,8,2,12,2,7,663978,Chris Paddack,669467,Andre Pallante
2026-05-23,824516,Great American Ball Park,Cincinnati Reds,St. Louis Cardinals,5,1,0,0,7,6,10,9,7,4,695534,Chase Petty,681517,Kyle Leahy
2026-05-23,824674,Wrigley Field,Chicago Cubs,Houston Astros,0,3,0,2,0,3,3,6,2,3,607067,Colin Rea,678906,Kai-Wei Teng
2026-05-23,822814,Rogers Centre,Toronto Blue Jays,Pittsburgh Pirates,1,0,1,0,5,2,11,5,5,3,571578,Patrick Corbin,694973,Paul Skenes
2026-05-23,823458,Citizens Bank Park,Philadelphia Phillies,Cleveland Guardians,2,0,0,0,3,0,7,3,5,2,554430,Zack Wheeler,677944,Slade Cecconi
2026-05-23,823222,Oracle Park,San Francisco Giants,Chicago White Sox,9,3,0,0,10,3,14,10,11,7,605288,Adrian Houser,663542,Bryan Hudson
2026-05-23,824109,Kauffman Stadium,Kansas City Royals,Seattle Mariners,4,0,3,0,5,0,9,4,6,3,663568,Stephen Kolek,669923,George Kirby
2026-05-23,824760,Fenway Park,Boston Red Sox,Minnesota Twins,1,4,0,2,2,4,5,12,3,10,663558,Jovani Morán,671737,Taj Bradley
2026-05-23,824920,Truist Park,Atlanta Braves,Washington Nationals,0,2,0,0,0,2,1,7,0,6,656550,Grant Holmes,663623,Jake Irvin
2026-05-23,823862,loanDepot park,Miami Marlins,New York Mets,4,0,0,0,4,1,8,3,7,1,676974,Max Meyer,642547,Freddy Peralta
2026-05-23,823787,American Family Field,Milwaukee Brewers,Los Angeles Dodgers,3,4,3,0,3,11,5,10,4,4,688107,Robert Gasser,808963,Roki Sasaki
2026-05-23,823300,Petco Park,San Diego Padres,Athletics,2,0,0,0,2,0,2,5,1,4,608337,Lucas Giolito,669372,J.T. Ginn
2026-05-23,824030,Angel Stadium,Los Angeles Angels,Texas Rangers,3,1,2,0,5,2,8,8,5,5,700712,Walbert Ureña,543135,Nathan Eovaldi
2026-05-23,825080,Chase Field,Arizona Diamondbacks,Colorado Rockies,5,2,0,0,5,4,11,8,8,5,668678,Zac Gallen,547179,Michael Lorenzen
2026-05-24,822813,Rogers Centre,Toronto Blue Jays,Pittsburgh Pirates,1,2,0,1,1,4,5,6,4,5,656302,Dylan Cease,656605,Mitch Keller
2026-05-24,824839,Oriole Park at Camden Yards,Baltimore Orioles,Detroit Tigers,0,2,0,0,5,3,5,7,1,3,687064,Brandon Young,664285,Framber Valdez
2026-05-24,824840,Oriole Park at Camden Yards,Baltimore Orioles,Detroit Tigers,1,4,0,2,1,4,3,7,2,4,669432,Trevor Rogers,675512,Troy Melton
2026-05-24,824759,Fenway Park,Boston Red Sox,Minnesota Twins,4,3,0,1,5,6,11,12,6,6,543243,Sonny Gray,641927,Bailey Ober
2026-05-24,823459,Citizens Bank Park,Philadelphia Phillies,Cleveland Guardians,0,1,0,0,1,3,6,9,4,5,691725,Andrew Painter,800048,Parker Messick
2026-05-24,823544,Yankee Stadium,New York Yankees,Tampa Bay Rays,0,0,0,0,2,0,7,7,4,4,677960,Ryan Weathers,656876,Drew Rasmussen
2026-05-24,823861,loanDepot park,Miami Marlins,New York Mets,0,0,0,0,4,0,9,5,3,4,663969,Tyler Phillips,681035,Christian Scott
2026-05-24,824108,Kauffman Stadium,Kansas City Royals,Seattle Mariners,4,1,0,1,8,6,11,12,6,3,607625,Seth Lugo,693433,Bryan Woo
2026-05-24,823786,American Family Field,Milwaukee Brewers,Los Angeles Dodgers,1,5,0,0,1,5,7,6,4,6,687075,Brandon Sproat,808967,Yoshinobu Yamamoto
2026-05-24,824676,Wrigley Field,Chicago Cubs,Houston Astros,3,7,0,0,5,8,7,9,5,7,684007,Shota Imanaga,663567,Peter Lambert
2026-05-24,823220,Oracle Park,San Francisco Giants,Chicago White Sox,8,4,2,1,8,5,11,4,8,3,592662,Robbie Ray,702273,Noah Schultz
2026-05-24,825081,Chase Field,Arizona Diamondbacks,Colorado Rockies,7,0,2,0,9,1,13,6,10,4,669194,Ryne Nelson,500779,Jose Quintana
2026-05-24,823297,Petco Park,San Diego Padres,Athletics,0,4,0,1,2,5,9,10,6,6,650633,Michael King,665622,Luis Medina
2026-05-24,824921,Truist Park,Atlanta Braves,Washington Nationals,0,1,0,0,1,2,6,6,3,5,527048,Martín Pérez,656492,Foster Griffin
2026-05-24,824028,Angel Stadium,Los Angeles Angels,Texas Rangers,1,1,0,0,2,1,4,3,1,1,672282,Reid Detmers,669022,MacKenzie Gore
2026-05-25,823380,PNC Park,Pittsburgh Pirates,Chicago Cubs,1,1,0,0,2,1,8,6,4,5,669387,Carmen Mlodzinski,676962,Ben Brown
2026-05-25,824838,Oriole Park at Camden Yards,Baltimore Orioles,Tampa Bay Rays,0,0,0,0,9,7,12,12,3,4,680694,Kyle Bradish,663556,Shane McClanahan
2026-05-25,824598,Rate Field,Chicago White Sox,Minnesota Twins,3,1,1,1,3,1,6,7,5,5,641743,Anthony Kay,805673,Zebby Matthews
2026-05-25,823784,American Family Field,Milwaukee Brewers,St. Louis Cardinals,3,0,3,0,5,1,11,2,7,0,694819,Jacob Misiorowski,669461,Matthew Liberatore
2026-05-25,824107,Kauffman Stadium,Kansas City Royals,New York Yankees,1,2,0,0,3,4,5,9,2,5,608379,Michael Wacha,701542,Will Warren
2026-05-25,823625,Citi Field,New York Mets,Cincinnati Reds,0,7,0,0,2,7,9,6,5,6,690997,Nolan McLean,666157,Nick Lodolo
2026-05-25,823219,Oracle Park,San Francisco Giants,Arizona Diamondbacks,2,4,0,0,2,6,5,11,3,7,694738,Landen Roupp,518876,Merrill Kelly
2026-05-25,824437,Progressive Field,Cleveland Guardians,Washington Nationals,2,8,0,3,2,10,7,15,5,10,676440,Tanner Bibee,676571,PJ Poulin
2026-05-25,823296,Petco Park,San Diego Padres,Philadelphia Phillies,0,1,0,1,0,3,5,3,4,1,656288,Griffin Canning,666200,Jesús Luzardo
2026-05-25,822899,Globe Life Field,Texas Rangers,Houston Astros,0,4,0,1,0,9,0,10,0,4,677958,Kumar Rocker,837227,Tatsuya Imai
2026-05-25,822812,Rogers Centre,Toronto Blue Jays,Miami Marlins,1,2,0,1,2,8,10,9,8,3,702056,Trey Yesavage,676083,Janson Junk
2026-05-25,823948,UNIQLO Field at Dodger Stadium,Los Angeles Dodgers,Colorado Rockies,1,2,0,0,5,3,8,7,6,5,686218,Emmet Sheehan,685299,Tanner Gordon
2026-05-25,825005,Sutter Health Park,Athletics,Seattle Mariners,0,7,0,0,2,9,7,12,3,9,650644,Aaron Civale,622491,Luis Castillo
2026-05-26,824434,Progressive Field,Cleveland Guardians,Washington Nationals,1,4,0,0,3,6,8,11,4,5,676282,Joey Cantillo,676917,Cade Cavalli
2026-05-26,824837,Oriole Park at Camden Yards,Baltimore Orioles,Tampa Bay Rays,6,1,0,1,6,1,8,9,7,7,669358,Shane Baz,643377,Griffin Jax
2026-05-26,824275,Comerica Park,Detroit Tigers,Los Angeles Angels,5,4,0,0,6,10,8,15,7,8,672456,Keider Montero,686799,Jack Kochanowicz
2026-05-26,823379,PNC Park,Pittsburgh Pirates,Chicago Cubs,8,1,5,0,12,1,15,8,9,5,656605,Mitch Keller,696136,Jordan Wicks
2026-05-26,824758,Fenway Park,Boston Red Sox,Atlanta Braves,2,2,2,0,6,7,9,9,3,4,624133,Ranger Suarez,675911,Spencer Strider
2026-05-26,822811,Rogers Centre,Toronto Blue Jays,Miami Marlins,2,1,0,0,8,1,12,5,6,4,680755,Braydon Fisher,645261,Sandy Alcantara
2026-05-26,823624,Citi Field,New York Mets,Cincinnati Reds,0,5,0,2,2,7,5,15,1,9,656849,David Peterson,695505,Chase Burns
2026-05-26,824597,Rate Field,Chicago White Sox,Minnesota Twins,0,2,0,0,3,5,8,7,2,3,680732,Sean Burke,657746,Joe Ryan
2026-05-26,824106,Kauffman Stadium,Kansas City Royals,New York Yankees,1,10,0,4,1,15,6,24,4,14,663559,Bailey Falter,693645,Cam Schlittler
2026-05-26,823785,American Family Field,Milwaukee Brewers,St. Louis Cardinals,6,0,0,0,6,0,10,7,8,2,690986,Kyle Harrison,700241,Michael McGreevy
2026-05-26,822898,Globe Life Field,Texas Rangers,Houston Astros,9,4,8,0,10,7,9,8,6,4,683004,Jack Leiter,669920,Jason Alexander
2026-05-26,825004,Sutter Health Park,Athletics,Seattle Mariners,0,4,0,0,1,4,4,11,1,9,695611,Gage Jump,676106,Emerson Hancock
2026-05-26,823294,Petco Park,San Diego Padres,Philadelphia Phillies,2,4,0,1,3,4,5,9,2,7,681190,Randy Vásquez,605400,Aaron Nola
2026-05-26,823216,Oracle Park,San Francisco Giants,Arizona Diamondbacks,2,3,1,0,5,7,9,8,6,3,641816,Tyler Mahle,593958,Eduardo Rodriguez
2026-05-26,823949,UNIQLO Field at Dodger Stadium,Los Angeles Dodgers,Colorado Rockies,10,1,2,0,15,6,17,12,11,3,641778,Eric Lauer,607536,Kyle Freeland
2026-05-27,822809,Rogers Centre,Toronto Blue Jays,Miami Marlins,1,1,0,1,2,1,5,11,4,6,592332,Kevin Gausman,691587,Eury Pérez
2026-05-27,824432,Progressive Field,Cleveland Guardians,Washington Nationals,3,1,0,0,3,2,11,5,9,3,668909,Gavin Williams,676571,PJ Poulin
2026-05-27,823783,American Family Field,Milwaukee Brewers,St. Louis Cardinals,0,1,0,0,2,1,3,8,0,6,694477,Chad Patrick,669160,Dustin May
2026-05-27,825003,Sutter Health Park,Athletics,Seattle Mariners,0,5,0,3,1,9,8,13,4,6,605488,Jeffrey Springs,669302,Logan Gilbert
2026-05-27,823217,Oracle Park,San Francisco Giants,Arizona Diamondbacks,2,0,0,0,2,3,6,6,4,1,686790,Trevor McDonald,647336,Michael Soroka
2026-05-27,823295,Petco Park,San Diego Padres,Philadelphia Phillies,0,0,0,0,0,3,7,6,5,2,621111,Walker Buehler,650911,Cristopher Sánchez
2026-05-27,824836,Oriole Park at Camden Yards,Baltimore Orioles,Tampa Bay Rays,8,0,5,0,11,2,16,10,11,5,694346,Trey Gibson,571927,Steven Matz
2026-05-27,824270,Comerica Park,Detroit Tigers,Los Angeles Angels,3,0,1,0,4,0,10,2,7,2,663554,Casey Mize,667755,José Soriano
2026-05-27,823376,PNC Park,Pittsburgh Pirates,Chicago Cubs,4,4,0,2,4,10,7,14,5,8,677952,Braxton Ashcraft,592791,Jameson Taillon
2026-05-27,824756,Fenway Park,Boston Red Sox,Atlanta Braves,6,0,0,0,8,0,15,5,11,2,813349,Connelly Early,693821,Bryce Elder
2026-05-27,823626,Citi Field,New York Mets,Cincinnati Reds,3,1,1,0,4,2,8,8,5,4,623211,Huascar Brazobán,671096,Andrew Abbott
2026-05-27,824596,Rate Field,Chicago White Sox,Minnesota Twins,8,1,0,1,15,2,18,3,11,1,689818,David Sandlin,687570,Connor Prielipp
2026-05-27,824104,Kauffman Stadium,Kansas City Royals,New York Yankees,0,2,0,0,0,7,4,8,2,3,702070,Noah Cameron,543037,Gerrit Cole
2026-05-27,822897,Globe Life Field,Texas Rangers,Houston Astros,2,2,1,0,3,4,6,8,4,3,594798,Jacob deGrom,681347,Mike Burrows
2026-05-27,823947,UNIQLO Field at Dodger Stadium,Los Angeles Dodgers,Colorado Rockies,3,1,2,0,4,1,8,1,6,0,660271,Shohei Ohtani,608372,Tomoyuki Sugano
2026-05-28,824272,Comerica Park,Detroit Tigers,Los Angeles Angels,1,3,0,0,1,7,3,11,2,6,656427,Jack Flaherty,680570,Grayson Rodriguez
2026-05-28,824595,Rate Field,Chicago White Sox,Minnesota Twins,6,1,1,0,6,2,8,5,7,2,663436,Davis Martin,680573,Simeon Woods Richardson
2026-05-28,824757,Fenway Park,Boston Red Sox,Atlanta Braves,2,2,0,0,2,10,8,11,6,6,801139,Payton Tolle,519242,Chris Sale
2026-05-28,824834,Oriole Park at Camden Yards,Baltimore Orioles,Toronto Blue Jays,1,1,0,0,1,2,8,6,3,4,605135,Chris Bassitt,571578,Patrick Corbin
2026-05-28,823378,PNC Park,Pittsburgh Pirates,Chicago Cubs,0,1,0,0,2,7,6,8,2,3,694973,Paul Skenes,607067,Colin Rea
2026-05-28,822896,Globe Life Field,Texas Rangers,Houston Astros,1,5,0,3,1,5,4,6,2,4,543135,Nathan Eovaldi,681293,Spencer Arrighetti
2026-05-29,824515,Great American Ball Park,Cincinnati Reds,Atlanta Braves,3,4,0,1,3,8,10,13,8,7,663978,Chris Paddack,656550,Grant Holmes
2026-05-29,822732,Nationals Park,Washington Nationals,San Diego Padres,5,4,2,1,5,7,9,10,7,7,687606,Paxton Schultz,608337,Lucas Giolito
2026-05-29,823377,PNC Park,Pittsburgh Pirates,Minnesota Twins,4,5,3,1,6,5,8,8,5,7,683003,Jared Jones,671737,Taj Bradley
2026-05-29,824835,Oriole Park at Camden Yards,Baltimore Orioles,Toronto Blue Jays,5,0,0,0,5,6,8,10,8,1,669432,Trevor Rogers,671936,Adam Macko
2026-05-29,824433,Progressive Field,Cleveland Guardians,Boston Red Sox,4,3,4,0,4,3,10,11,10,7,677944,Slade Cecconi,701719,Tyler Samaniego
2026-05-29,822978,Tropicana Field,Tampa Bay Rays,Los Angeles Angels,1,2,1,0,8,5,11,10,5,7,607259,Nick Martinez,700712,Walbert Ureña
2026-05-29,823623,Citi Field,New York Mets,Miami Marlins,6,4,4,0,9,7,8,13,6,8,642547,Freddy Peralta,676974,Max Meyer
2026-05-29,823055,Busch Stadium,St. Louis Cardinals,Chicago Cubs,5,4,3,3,6,5,9,11,5,9,669467,Andre Pallante,684007,Shota Imanaga
2026-05-29,824594,Rate Field,Chicago White Sox,Detroit Tigers,1,2,0,0,4,3,10,4,5,3,607200,Erick Fedde,675512,Troy Melton
2026-05-29,822894,Globe Life Field,Texas Rangers,Kansas City Royals,6,0,4,0,9,1,10,6,6,4,669022,MacKenzie Gore,663568,Stephen Kolek
2026-05-29,824191,Daikin Park,Houston Astros,Milwaukee Brewers,4,3,0,0,4,5,6,4,4,3,678906,Kai-Wei Teng,689441,Coleman Crow
2026-05-29,824353,Coors Field,Colorado Rockies,San Francisco Giants,1,3,0,0,8,6,13,12,4,6,547179,Michael Lorenzen,657277,Logan Webb
2026-05-29,825002,Sutter Health Park,Athletics,New York Yankees,1,7,1,4,2,8,8,12,4,9,622663,Luis Severino,607074,Carlos Rodón
2026-05-29,823135,T-Mobile Park,Seattle Mariners,Arizona Diamondbacks,5,1,1,0,7,6,13,13,8,3,669923,George Kirby,668678,Zac Gallen
2026-05-29,823946,UNIQLO Field at Dodger Stadium,Los Angeles Dodgers,Philadelphia Phillies,4,0,1,0,4,2,6,3,5,0,680736,Justin Wrobleski,554430,Zack Wheeler
2026-05-30,824593,Rate Field,Chicago White Sox,Detroit Tigers,2,1,2,0,7,1,9,7,2,5,641743,Anthony Kay,664285,Framber Valdez
2026-05-30,822731,Nationals Park,Washington Nationals,San Diego Padres,1,3,0,0,9,4,8,6,2,5,656492,Foster Griffin,650633,Michael King
2026-05-30,822893,Globe Life Field,Texas Rangers,Kansas City Royals,3,0,1,0,7,6,14,11,5,3,677958,Kumar Rocker,607625,Seth Lugo
2026-05-30,824833,Oriole Park at Camden Yards,Baltimore Orioles,Toronto Blue Jays,1,2,0,0,6,5,7,11,2,5,687064,Brandon Young,702056,Trey Yesavage
2026-05-30,823375,PNC Park,Pittsburgh Pirates,Minnesota Twins,8,7,1,0,10,9,15,12,12,10,656605,Mitch Keller,641927,Bailey Ober
2026-05-30,824431,Progressive Field,Cleveland Guardians,Boston Red Sox,1,1,1,0,1,9,6,11,4,5,800048,Parker Messick,543243,Sonny Gray
2026-05-30,822975,Tropicana Field,Tampa Bay Rays,Los Angeles Angels,3,6,1,4,3,14,6,11,5,6,656876,Drew Rasmussen,672282,Reid Detmers
2026-05-30,823622,Citi Field,New York Mets,Miami Marlins,3,1,0,0,6,1,10,6,6,5,681035,Christian Scott,663969,Tyler Phillips
2026-05-30,824190,Daikin Park,Houston Astros,Milwaukee Brewers,6,2,0,1,9,2,12,6,8,5,663567,Peter Lambert,687075,Brandon Sproat
2026-05-30,823054,Busch Stadium,St. Louis Cardinals,Chicago Cubs,1,1,0,0,1,6,5,12,2,6,681517,Kyle Leahy,676962,Ben Brown
2026-05-30,824513,Great American Ball Park,Cincinnati Reds,Atlanta Braves,2,3,0,0,2,5,5,7,4,4,663903,Brady Singer,527048,Martín Pérez
2026-05-30,824352,Coors Field,Colorado Rockies,San Francisco Giants,5,0,2,0,8,3,14,9,10,3,663372,Ryan Feltner,605288,Adrian Houser
2026-05-30,825000,Sutter Health Park,Athletics,New York Yankees,2,1,2,0,6,4,8,6,4,4,669372,J.T. Ginn,677960,Ryan Weathers
2026-05-30,823132,T-Mobile Park,Seattle Mariners,Arizona Diamondbacks,4,0,0,0,5,1,9,3,6,2,693433,Bryan Woo,669194,Ryne Nelson
2026-05-30,823945,UNIQLO Field at Dodger Stadium,Los Angeles Dodgers,Philadelphia Phillies,2,1,0,0,3,4,9,6,7,1,808963,Roki Sasaki,666200,Jesús Luzardo
2026-05-31,824832,Oriole Park at Camden Yards,Baltimore Orioles,Toronto Blue Jays,6,0,0,0,9,5,10,8,6,2,680694,Kyle Bradish,693686,Spencer Miles
2026-05-31,822729,Nationals Park,Washington Nationals,San Diego Padres,3,0,0,0,4,2,9,6,6,3,641793,Zack Littell,656288,Griffin Canning
2026-05-31,823373,PNC Park,Pittsburgh Pirates,Minnesota Twins,9,0,0,0,9,3,8,6,7,3,677952,Braxton Ashcraft,805673,Zebby Matthews
2026-05-31,824430,Progressive Field,Cleveland Guardians,Boston Red Sox,4,3,0,1,4,9,11,12,8,6,676440,Tanner Bibee,624133,Ranger Suarez
2026-05-31,822976,Tropicana Field,Tampa Bay Rays,Los Angeles Angels,3,1,1,0,5,2,7,9,5,4,663556,Shane McClanahan,686799,Jack Kochanowicz
2026-05-31,824512,Great American Ball Park,Cincinnati Reds,Atlanta Braves,4,2,1,1,6,4,10,7,7,3,666157,Nick Lodolo,675911,Spencer Strider
2026-05-31,823621,Citi Field,New York Mets,Miami Marlins,5,1,1,0,10,1,9,3,6,2,690997,Nolan McLean,667463,John King
2026-05-31,824592,Rate Field,Chicago White Sox,Detroit Tigers,0,1,0,1,2,1,6,4,2,3,680732,Sean Burke,672456,Keider Montero
2026-05-31,824187,Daikin Park,Houston Astros,Milwaukee Brewers,0,2,0,0,0,2,3,4,3,3,837227,Tatsuya Imai,694819,Jacob Misiorowski
2026-05-31,822895,Globe Life Field,Texas Rangers,Kansas City Royals,6,0,4,0,6,3,10,8,8,2,683004,Jack Leiter,608379,Michael Wacha
2026-05-31,824354,Coors Field,Colorado Rockies,San Francisco Giants,5,11,0,1,6,19,10,25,8,14,685299,Tanner Gordon,592662,Robbie Ray
2026-05-31,825001,Sutter Health Park,Athletics,New York Yankees,3,13,3,0,8,13,12,11,5,11,682052,Jacob Lopez,701542,Will Warren
2026-05-31,823133,T-Mobile Park,Seattle Mariners,Arizona Diamondbacks,1,0,0,0,3,2,11,3,6,1,682243,Bryce Miller,518876,Merrill Kelly
2026-05-31,823944,UNIQLO Field at Dodger Stadium,Los Angeles Dodgers,Philadelphia Phillies,6,0,0,0,9,1,13,5,10,4,808967,Yoshinobu Yamamoto,691725,Andrew Painter
2026-05-31,823053,Busch Stadium,St. Louis Cardinals,Chicago Cubs,5,0,2,0,5,1,8,7,7,3,669461,Matthew Liberatore,696136,Jordan Wicks
2026-06-01,822974,Tropicana Field,Tampa Bay Rays,Detroit Tigers,2,7,0,2,9,10,8,14,4,9,643377,Griffin Jax,680744,Ty Madden
2026-06-01,822730,Nationals Park,Washington Nationals,Miami Marlins,3,1,0,1,3,7,7,10,5,4,676917,Cade Cavalli,645261,Sandy Alcantara
2026-06-01,824510,Great American Ball Park,Cincinnati Reds,Kansas City Royals,1,6,1,4,2,9,6,13,2,7,680689,Lyon Richardson,679883,Luinder Avila
2026-06-01,823702,Target Field,Minnesota Twins,Chicago White Sox,9,4,1,0,9,6,10,11,10,7,657746,Joe Ryan,689818,David Sandlin
2026-06-01,823781,American Family Field,Milwaukee Brewers,San Francisco Giants,8,2,0,0,16,2,18,5,9,4,675660,Shane Drohan,694738,Landen Roupp
2026-06-01,823050,Busch Stadium,St. Louis Cardinals,Texas Rangers,0,2,0,0,1,2,5,8,4,5,700241,Michael McGreevy,594798,Jacob deGrom
2026-06-01,824027,Angel Stadium,Los Angeles Angels,Colorado Rockies,6,3,0,1,8,9,10,10,7,4,667755,José Soriano,607536,Kyle Freeland
2026-06-01,825078,Chase Field,Arizona Diamondbacks,Los Angeles Dodgers,0,1,0,0,4,1,5,6,1,5,593958,Eduardo Rodriguez,686218,Emmet Sheehan
2026-06-01,823131,T-Mobile Park,Seattle Mariners,New York Mets,1,1,0,0,3,2,4,2,1,1,676106,Emerson Hancock,681810,Austin Warren
2026-06-02,822971,Tropicana Field,Tampa Bay Rays,Detroit Tigers,0,5,0,2,0,8,5,10,5,8,571927,Steven Matz,656427,Jack Flaherty
2026-06-02,823460,Citizens Bank Park,Philadelphia Phillies,San Diego Padres,2,2,0,0,3,2,9,7,5,4,605400,Aaron Nola,681190,Randy Vásquez
2026-06-02,824754,Fenway Park,Boston Red Sox,Baltimore Orioles,2,4,1,0,2,4,5,9,3,6,813349,Connelly Early,669358,Shane Baz
2026-06-02,822728,Nationals Park,Washington Nationals,Miami Marlins,0,4,0,0,3,7,7,8,0,3,663992,Richard Lovelady,669199,Lake Bachar
2026-06-02,823541,Yankee Stadium,New York Yankees,Cleveland Guardians,4,5,0,0,4,9,8,12,7,5,693645,Cam Schlittler,676282,Joey Cantillo
2026-06-02,824511,Great American Ball Park,Cincinnati Reds,Kansas City Royals,1,3,0,0,4,3,4,5,1,4,671096,Andrew Abbott,702070,Noah Cameron
2026-06-02,824918,Truist Park,Atlanta Braves,Toronto Blue Jays,3,2,2,0,4,3,6,9,4,4,693821,Bryce Elder,592332,Kevin Gausman
2026-06-02,823700,Target Field,Minnesota Twins,Chicago White Sox,6,3,0,0,6,4,10,8,10,4,687570,Connor Prielipp,663436,Davis Martin
2026-06-02,823782,American Family Field,Milwaukee Brewers,San Francisco Giants,3,0,3,0,8,3,12,10,5,3,690986,Kyle Harrison,686790,Trevor McDonald
2026-06-02,823052,Busch Stadium,St. Louis Cardinals,Texas Rangers,2,2,0,0,4,7,13,9,7,4,669160,Dustin May,543135,Nathan Eovaldi
2026-06-02,824675,Wrigley Field,Chicago Cubs,Athletics,1,2,1,0,1,2,4,6,3,6,592791,Jameson Taillon,695611,Gage Jump
2026-06-02,824189,Daikin Park,Houston Astros,Pittsburgh Pirates,4,2,2,0,6,10,9,12,6,6,681347,Mike Burrows,696149,Bubba Chandler
2026-06-02,824026,Angel Stadium,Los Angeles Angels,Colorado Rockies,2,8,0,0,2,8,7,11,5,8,680570,Grayson Rodriguez,608372,Tomoyuki Sugano
2026-06-02,825079,Chase Field,Arizona Diamondbacks,Los Angeles Dodgers,2,4,0,2,5,6,11,10,5,6,647336,Michael Soroka,641778,Eric Lauer
2026-06-02,823129,T-Mobile Park,Seattle Mariners,New York Mets,7,2,0,0,8,3,11,5,8,2,669302,Logan Gilbert,623211,Huascar Brazobán
2026-06-03,822727,Nationals Park,Washington Nationals,Miami Marlins,1,1,0,0,1,4,3,10,2,4,674841,Andrew Alvarez,676974,Max Meyer
2026-06-03,822973,Tropicana Field,Tampa Bay Rays,Detroit Tigers,2,6,1,1,2,7,4,13,4,10,607259,Nick Martinez,675512,Troy Melton
2026-06-03,823701,Target Field,Minnesota Twins,Chicago White Sox,0,4,0,4,0,8,5,12,2,7,671737,Taj Bradley,607200,Erick Fedde
2026-06-03,823130,T-Mobile Park,Seattle Mariners,New York Mets,1,6,1,1,1,7,6,14,6,11,669923,George Kirby,642547,Freddy Peralta
2026-06-03,823456,Citizens Bank Park,Philadelphia Phillies,San Diego Padres,1,0,0,0,3,2,8,6,3,2,650911,Cristopher Sánchez,621111,Walker Buehler
2026-06-03,824755,Fenway Park,Boston Red Sox,Baltimore Orioles,8,0,1,0,8,1,15,9,13,6,801139,Payton Tolle,605135,Chris Bassitt
2026-06-03,823540,Yankee Stadium,New York Yankees,Cleveland Guardians,2,3,0,0,4,5,5,9,3,4,543037,Gerrit Cole,668909,Gavin Williams
2026-06-03,824509,Great American Ball Park,Cincinnati Reds,Kansas City Royals,2,2,0,2,2,5,8,9,5,4,695505,Chase Burns,663568,Stephen Kolek
2026-06-03,824917,Truist Park,Atlanta Braves,Toronto Blue Jays,4,2,0,1,7,3,9,8,6,5,656550,Grant Holmes,571578,Patrick Corbin
2026-06-03,823780,American Family Field,Milwaukee Brewers,San Francisco Giants,0,1,0,0,0,1,3,8,0,5,688107,Robert Gasser,657277,Logan Webb
2026-06-03,823051,Busch Stadium,St. Louis Cardinals,Texas Rangers,4,1,1,0,5,3,11,6,9,2,669467,Andre Pallante,669022,MacKenzie Gore
2026-06-03,824671,Wrigley Field,Chicago Cubs,Athletics,4,2,0,1,4,5,9,10,7,4,607067,Colin Rea,605488,Jeffrey Springs
2026-06-03,824188,Daikin Park,Houston Astros,Pittsburgh Pirates,3,4,0,0,11,9,13,12,6,6,681293,Spencer Arrighetti,694973,Paul Skenes
2026-06-03,824024,Angel Stadium,Los Angeles Angels,Colorado Rockies,9,3,0,0,11,4,16,7,12,3,700712,Walbert Ureña,547179,Michael Lorenzen
2026-06-03,825077,Chase Field,Arizona Diamondbacks,Los Angeles Dodgers,0,5,0,0,0,7,2,16,1,9,668678,Zac Gallen,660271,Shohei Ohtani
2026-06-04,823457,Citizens Bank Park,Philadelphia Phillies,San Diego Padres,3,0,0,0,6,4,10,4,6,0,554430,Zack Wheeler,608337,Lucas Giolito
2026-06-04,824753,Fenway Park,Boston Red Sox,Baltimore Orioles,0,8,0,6,2,8,7,10,2,7,678394,Brayan Bello,669432,Trevor Rogers
2026-06-04,823542,Yankee Stadium,New York Yankees,Cleveland Guardians,1,1,0,0,2,1,5,2,4,2,607074,Carlos Rodón,677944,Slade Cecconi
2026-06-04,823779,American Family Field,Milwaukee Brewers,San Francisco Giants,3,6,1,3,9,12,11,20,5,10,689441,Coleman Crow,605288,Adrian Houser
2026-06-04,824919,Truist Park,Atlanta Braves,Toronto Blue Jays,1,3,0,0,2,7,4,16,3,9,519242,Chris Sale,689254,Mason Fluharty
2026-06-04,823698,Target Field,Minnesota Twins,Kansas City Royals,5,3,1,1,6,8,9,12,6,6,702193,Andrew Morris,607625,Seth Lugo
2026-06-04,824672,Wrigley Field,Chicago Cubs,Athletics,0,1,0,0,7,6,11,7,1,2,684007,Shota Imanaga,669372,J.T. Ginn
2026-06-04,824185,Daikin Park,Houston Astros,Pittsburgh Pirates,0,1,0,1,1,5,8,9,4,3,678906,Kai-Wei Teng,683003,Jared Jones
2026-06-04,825076,Chase Field,Arizona Diamondbacks,Los Angeles Dodgers,0,2,0,0,3,2,11,6,4,4,669194,Ryne Nelson,680736,Justin Wrobleski
2026-06-05,824673,Wrigley Field,Chicago Cubs,San Francisco Giants,0,9,0,2,3,18,8,19,2,9,665795,Edward Cabrera,592662,Robbie Ray
2026-06-05,824271,Comerica Park,Detroit Tigers,Seattle Mariners,3,1,0,1,7,3,12,11,5,5,664285,Framber Valdez,693433,Bryan Woo
2026-06-05,823455,Citizens Bank Park,Philadelphia Phillies,Chicago White Sox,6,4,0,0,8,6,11,10,8,6,666200,Jesús Luzardo,641743,Anthony Kay
2026-06-05,823538,Yankee Stadium,New York Yankees,Boston Red Sox,3,5,1,0,3,5,8,7,6,7,677960,Ryan Weathers,543243,Sonny Gray
2026-06-05,822810,Rogers Centre,Toronto Blue Jays,Baltimore Orioles,3,1,1,1,3,13,8,13,6,1,702056,Trey Yesavage,687064,Brandon Young
2026-06-05,823860,loanDepot park,Miami Marlins,Tampa Bay Rays,0,4,0,3,0,6,2,12,1,6,687473,Ryan Gusto,656876,Drew Rasmussen
2026-06-05,824914,Truist Park,Atlanta Braves,Pittsburgh Pirates,6,3,0,0,6,3,9,4,7,3,527048,Martín Pérez,656605,Mitch Keller
2026-06-05,824186,Daikin Park,Houston Astros,Athletics,5,0,3,0,5,1,6,5,5,3,663567,Peter Lambert,678022,Jack Perkins
2026-06-05,823049,Busch Stadium,St. Louis Cardinals,Cincinnati Reds,4,3,2,3,10,3,10,9,5,6,681517,Kyle Leahy,663903,Brady Singer
2026-06-05,822892,Globe Life Field,Texas Rangers,Cleveland Guardians,0,2,0,1,3,2,5,7,1,6,677958,Kumar Rocker,800048,Parker Messick
2026-06-05,823699,Target Field,Minnesota Twins,Kansas City Royals,1,2,0,2,5,3,10,8,4,4,805673,Zebby Matthews,608379,Michael Wacha
2026-06-05,824350,Coors Field,Colorado Rockies,Milwaukee Brewers,3,1,1,0,7,9,11,8,7,1,663372,Ryan Feltner,687075,Brandon Sproat
2026-06-05,825073,Chase Field,Arizona Diamondbacks,Washington Nationals,1,7,0,2,1,14,6,16,2,6,518876,Merrill Kelly,656492,Foster Griffin
2026-06-05,823293,Petco Park,San Diego Padres,New York Mets,0,4,0,0,0,5,3,9,2,6,650633,Michael King,681035,Christian Scott
2026-06-05,823943,UNIQLO Field at Dodger Stadium,Los Angeles Dodgers,Los Angeles Angels,0,0,0,0,1,0,3,3,1,1,808963,Roki Sasaki,672282,Reid Detmers
2026-06-06,824269,Comerica Park,Detroit Tigers,Seattle Mariners,0,4,0,0,0,4,2,10,1,6,672456,Keider Montero,682243,Bryce Miller
2026-06-06,823697,Target Field,Minnesota Twins,Kansas City Royals,1,1,0,1,2,3,4,8,2,4,657746,Joe Ryan,679883,Luinder Avila
2026-06-06,823048,Busch Stadium,St. Louis Cardinals,Cincinnati Reds,4,5,0,0,6,5,13,9,8,4,669461,Matthew Liberatore,666157,Nick Lodolo
2026-06-06,824669,Wrigley Field,Chicago Cubs,San Francisco Giants,0,0,0,0,3,2,8,5,2,1,676962,Ben Brown,694738,Landen Roupp
2026-06-06,822808,Rogers Centre,Toronto Blue Jays,Baltimore Orioles,6,1,0,0,6,4,12,6,10,2,680755,Braydon Fisher,680694,Kyle Bradish
2026-06-06,823454,Citizens Bank Park,Philadelphia Phillies,Chicago White Sox,1,6,0,4,3,6,5,10,2,8,691725,Andrew Painter,685126,Brandon Eisert
2026-06-06,825075,Chase Field,Arizona Diamondbacks,Washington Nationals,1,2,0,2,1,6,2,8,2,4,593958,Eduardo Rodriguez,641793,Zack Littell
2026-06-06,824184,Daikin Park,Houston Astros,Athletics,13,2,1,0,13,2,14,6,13,5,837227,Tatsuya Imai,695034,Kade Morris
2026-06-06,824915,Truist Park,Atlanta Braves,Pittsburgh Pirates,6,3,2,0,6,3,9,8,9,5,675911,Spencer Strider,677952,Braxton Ashcraft
2026-06-06,823859,loanDepot park,Miami Marlins,Tampa Bay Rays,2,0,0,0,4,3,10,5,5,0,669199,Lake Bachar,663556,Shane McClanahan
2026-06-06,822891,Globe Life Field,Texas Rangers,Cleveland Guardians,0,5,0,0,0,6,3,9,2,6,683004,Jack Leiter,676440,Tanner Bibee
2026-06-06,824351,Coors Field,Colorado Rockies,Milwaukee Brewers,1,2,0,1,1,7,5,13,2,5,688642,Zach Agnos,694819,Jacob Misiorowski
2026-06-06,823942,UNIQLO Field at Dodger Stadium,Los Angeles Dodgers,Los Angeles Angels,9,1,9,1,9,2,9,3,8,2,808967,Yoshinobu Yamamoto,686799,Jack Kochanowicz
2026-06-06,823292,Petco Park,San Diego Padres,New York Mets,1,1,0,0,3,2,5,6,3,3,656288,Griffin Canning,690997,Nolan McLean
2026-06-07,824916,Truist Park,Atlanta Braves,Pittsburgh Pirates,0,2,0,1,3,2,3,5,2,2,693821,Bryce Elder,682254,Mason Montgomery
2026-06-07,823453,Citizens Bank Park,Philadelphia Phillies,Chicago White Sox,7,5,1,0,9,5,11,10,8,7,605400,Aaron Nola,656457,Tyler Gilbert
2026-06-07,823537,Yankee Stadium,New York Yankees,Boston Red Sox,1,0,0,0,6,1,10,6,5,2,693645,Cam Schlittler,624133,Ranger Suarez
2026-06-07,822807,Rogers Centre,Toronto Blue Jays,Baltimore Orioles,0,4,0,0,6,4,10,8,3,5,592332,Kevin Gausman,669358,Shane Baz
2026-06-07,824268,Comerica Park,Detroit Tigers,Seattle Mariners,1,1,0,0,5,4,6,11,2,4,656427,Jack Flaherty,622491,Luis Castillo
2026-06-07,823857,loanDepot park,Miami Marlins,Tampa Bay Rays,0,1,0,0,4,1,5,6,3,5,645261,Sandy Alcantara,643377,Griffin Jax
2026-06-07,824183,Daikin Park,Houston Astros,Athletics,0,5,0,0,0,5,4,8,2,8,681347,Mike Burrows,695611,Gage Jump
2026-06-07,823696,Target Field,Minnesota Twins,Kansas City Royals,1,5,0,0,5,6,8,9,3,7,687570,Connor Prielipp,702070,Noah Cameron
2026-06-07,823047,Busch Stadium,St. Louis Cardinals,Cincinnati Reds,3,2,0,0,5,3,6,10,4,4,700241,Michael McGreevy,695076,Rhett Lowder
2026-06-07,822890,Globe Life Field,Texas Rangers,Cleveland Guardians,7,0,2,0,10,0,16,6,9,3,594798,Jacob deGrom,676282,Joey Cantillo
2026-06-07,824349,Coors Field,Colorado Rockies,Milwaukee Brewers,3,1,2,0,4,12,7,17,4,5,607536,Kyle Freeland,675660,Shane Drohan
2026-06-07,825074,Chase Field,Arizona Diamondbacks,Washington Nationals,4,1,1,0,5,1,9,3,7,1,647336,Michael Soroka,676917,Cade Cavalli
2026-06-07,823941,UNIQLO Field at Dodger Stadium,Los Angeles Dodgers,Los Angeles Angels,1,6,0,0,5,13,11,15,6,7,686218,Emmet Sheehan,667755,José Soriano
2026-06-07,823291,Petco Park,San Diego Padres,New York Mets,2,4,0,1,3,7,7,13,4,8,681190,Randy Vásquez,623211,Huascar Brazobán
2026-06-07,824670,Wrigley Field,Chicago Cubs,San Francisco Giants,1,1,0,1,1,2,7,4,4,3,592791,Jameson Taillon,686790,Trevor McDonald
2026-06-08,824829,Oriole Park at Camden Yards,Baltimore Orioles,Seattle Mariners,1,5,0,0,3,6,6,9,3,6,694346,Trey Gibson,676106,Emerson Hancock
2026-06-08,822972,Tropicana Field,Tampa Bay Rays,Boston Red Sox,2,1,1,0,3,1,7,4,5,1,693855,Ian Seymour,813349,Connelly Early
2026-06-08,824427,Progressive Field,Cleveland Guardians,New York Yankees,3,4,0,2,5,7,8,9,4,4,668909,Gavin Williams,701542,Will Warren
2026-06-08,822806,Rogers Centre,Toronto Blue Jays,Philadelphia Phillies,2,5,0,0,2,5,6,7,2,4,571578,Patrick Corbin,650911,Cristopher Sánchez
2026-06-08,824025,Angel Stadium,Los Angeles Angels,Houston Astros,3,1,0,0,4,5,8,8,4,3,680570,Grayson Rodriguez,681293,Spencer Arrighetti
2026-06-08,823289,Petco Park,San Diego Padres,Cincinnati Reds,1,1,0,0,6,2,9,9,2,8,621111,Walker Buehler,671096,Andrew Abbott
2026-06-08,823218,Oracle Park,San Francisco Giants,Washington Nationals,0,0,0,0,3,4,13,8,5,2,657277,Logan Webb,663992,Richard Lovelady
2026-06-08,824998,Las Vegas Ballpark,Athletics,Milwaukee Brewers,8,5,1,1,14,15,16,18,8,8,605488,Jeffrey Springs,690986,Kyle Harrison
2026-06-09,824830,Oriole Park at Camden Yards,Baltimore Orioles,Seattle Mariners,1,3,1,0,5,6,8,11,3,5,669432,Trevor Rogers,669302,Logan Gilbert
2026-06-09,823374,PNC Park,Pittsburgh Pirates,Los Angeles Dodgers,2,1,2,0,3,12,5,15,3,4,694973,Paul Skenes,641778,Eric Lauer
2026-06-09,822969,Tropicana Field,Tampa Bay Rays,Boston Red Sox,3,1,0,0,4,3,12,6,7,2,607259,Nick Martinez,801139,Payton Tolle
2026-06-09,824267,Comerica Park,Detroit Tigers,Minnesota Twins,5,4,1,1,10,4,10,10,7,8,675512,Troy Melton,671737,Taj Bradley
2026-06-09,823858,loanDepot park,Miami Marlins,Arizona Diamondbacks,3,2,1,1,10,6,15,10,8,6,676974,Max Meyer,668678,Zac Gallen
2026-06-09,824429,Progressive Field,Cleveland Guardians,New York Yankees,2,2,0,0,2,3,10,8,7,6,677944,Slade Cecconi,543037,Gerrit Cole
2026-06-09,822805,Rogers Centre,Toronto Blue Jays,Philadelphia Phillies,0,1,0,1,3,2,9,5,5,3,656302,Dylan Cease,554430,Zack Wheeler
2026-06-09,823620,Citi Field,New York Mets,St. Louis Cardinals,0,6,0,0,0,7,5,10,4,5,642547,Freddy Peralta,669160,Dustin May
2026-06-09,824105,Kauffman Stadium,Kansas City Royals,Texas Rangers,1,2,0,0,5,3,8,9,1,8,663568,Stephen Kolek,543135,Nathan Eovaldi
2026-06-09,824591,Rate Field,Chicago White Sox,Atlanta Braves,3,4,0,2,6,5,9,12,4,7,685126,Brandon Eisert,656550,Grant Holmes
2026-06-09,824347,Coors Field,Colorado Rockies,Chicago Cubs,7,1,2,0,7,3,12,8,9,4,608372,Tomoyuki Sugano,607067,Colin Rea
2026-06-09,824023,Angel Stadium,Los Angeles Angels,Houston Astros,7,0,2,0,10,1,10,5,8,3,700712,Walbert Ureña,678906,Kai-Wei Teng
2026-06-09,823290,Petco Park,San Diego Padres,Cincinnati Reds,2,2,0,0,3,5,12,8,5,2,608337,Lucas Giolito,695505,Chase Burns
2026-06-09,823214,Oracle Park,San Francisco Giants,Washington Nationals,2,3,0,2,3,6,9,9,7,5,605288,Adrian Houser,674841,Andrew Alvarez
2026-06-09,824999,Las Vegas Ballpark,Athletics,Milwaukee Brewers,6,3,1,2,7,5,10,8,8,6,669372,J.T. Ginn,688107,Robert Gasser
2026-06-10,822970,Tropicana Field,Tampa Bay Rays,Boston Red Sox,4,0,0,0,7,5,13,6,7,2,656876,Drew Rasmussen,687562,Jake Bennett
2026-06-10,824428,Progressive Field,Cleveland Guardians,New York Yankees,3,3,1,0,4,8,6,11,4,4,800048,Parker Messick,607074,Carlos Rodón
2026-06-10,823215,Oracle Park,San Francisco Giants,Washington Nationals,0,2,0,0,11,10,14,14,4,4,592662,Robbie Ray,656492,Foster Griffin
2026-06-10,823287,Petco Park,San Diego Padres,Cincinnati Reds,2,2,1,0,5,4,11,10,6,4,650633,Michael King,663903,Brady Singer
2026-06-10,824831,Oriole Park at Camden Yards,Baltimore Orioles,Seattle Mariners,0,0,0,0,7,2,11,4,4,2,687064,Brandon Young,669923,George Kirby
2026-06-10,823372,PNC Park,Pittsburgh Pirates,Los Angeles Dodgers,1,2,0,0,9,8,11,8,3,3,683003,Jared Jones,660271,Shohei Ohtani
2026-06-10,824266,Comerica Park,Detroit Tigers,Minnesota Twins,3,4,0,0,4,6,6,12,3,6,664285,Framber Valdez,702474,Mike Paredes
2026-06-10,823856,loanDepot park,Miami Marlins,Arizona Diamondbacks,8,0,0,0,8,0,10,6,10,3,687473,Ryan Gusto,669194,Ryne Nelson
2026-06-10,822804,Rogers Centre,Toronto Blue Jays,Philadelphia Phillies,0,6,0,1,4,7,8,10,3,7,453286,Max Scherzer,666200,Jesús Luzardo
2026-06-10,823618,Citi Field,New York Mets,St. Louis Cardinals,2,8,0,2,2,9,3,11,3,10,681810,Austin Warren,669467,Andre Pallante
2026-06-10,824103,Kauffman Stadium,Kansas City Royals,Texas Rangers,2,2,0,0,4,6,13,11,8,5,607625,Seth Lugo,669022,MacKenzie Gore
2026-06-10,824590,Rate Field,Chicago White Sox,Atlanta Braves,2,0,0,0,2,1,8,7,6,6,663436,Davis Martin,519242,Chris Sale
2026-06-10,824348,Coors Field,Colorado Rockies,Chicago Cubs,0,1,0,0,3,2,9,5,2,2,547179,Michael Lorenzen,684007,Shota Imanaga
2026-06-10,824996,Las Vegas Ballpark,Athletics,Milwaukee Brewers,0,3,0,1,4,3,9,11,2,5,678022,Jack Perkins,687075,Brandon Sproat
2026-06-10,824022,Angel Stadium,Los Angeles Angels,Houston Astros,2,0,1,0,3,2,7,4,4,0,672282,Reid Detmers,663567,Peter Lambert
2026-06-11,823619,Citi Field,New York Mets,St. Louis Cardinals,4,4,3,1,5,4,10,7,9,7,681035,Christian Scott,690928,Hunter Dobbins
2026-06-11,824265,Comerica Park,Detroit Tigers,Minnesota Twins,5,0,1,0,11,0,13,5,6,3,672456,Keider Montero,805673,Zebby Matthews
2026-06-11,823855,loanDepot park,Miami Marlins,Arizona Diamondbacks,2,0,1,0,2,0,5,3,4,1,663969,Tyler Phillips,518876,Merrill Kelly
2026-06-11,824101,Kauffman Stadium,Kansas City Royals,Texas Rangers,2,3,0,1,2,4,6,11,5,6,608379,Michael Wacha,677958,Kumar Rocker
2026-06-11,824346,Coors Field,Colorado Rockies,Chicago Cubs,2,6,0,0,3,9,12,10,5,5,663372,Ryan Feltner,665795,Edward Cabrera
2026-06-11,823371,PNC Park,Pittsburgh Pirates,Los Angeles Dodgers,4,5,0,0,6,8,12,10,8,7,656605,Mitch Keller,680736,Justin Wrobleski
2026-06-11,824827,Oriole Park at Camden Yards,Baltimore Orioles,Seattle Mariners,7,5,0,1,7,5,7,9,7,7,680694,Kyle Bradish,693433,Bryan Woo
2026-06-12,823370,PNC Park,Pittsburgh Pirates,Miami Marlins,2,2,0,0,3,8,6,11,4,5,677952,Braxton Ashcraft,645261,Sandy Alcantara
2026-06-12,822726,Nationals Park,Washington Nationals,Seattle Mariners,1,8,0,0,2,10,4,11,2,7,641793,Zack Littell,682243,Bryce Miller
2026-06-12,824826,Oriole Park at Camden Yards,Baltimore Orioles,San Diego Padres,7,3,3,1,7,3,8,7,6,6,669358,Shane Baz,656288,Griffin Canning
2026-06-12,824425,Progressive Field,Cleveland Guardians,Detroit Tigers,2,1,0,0,3,2,9,2,5,1,676440,Tanner Bibee,656427,Jack Flaherty
2026-06-12,824752,Fenway Park,Boston Red Sox,Texas Rangers,6,1,2,1,10,1,11,6,7,3,543243,Sonny Gray,683004,Jack Leiter
2026-06-12,824507,Great American Ball Park,Cincinnati Reds,Arizona Diamondbacks,2,1,0,0,2,5,4,7,2,4,666157,Nick Lodolo,593958,Eduardo Rodriguez
2026-06-12,823617,Citi Field,New York Mets,Atlanta Braves,7,3,2,0,7,5,8,9,7,4,690997,Nolan McLean,675911,Spencer Strider
2026-06-12,822803,Rogers Centre,Toronto Blue Jays,New York Yankees,7,3,3,0,8,5,10,7,7,3,702056,Trey Yesavage,677960,Ryan Weathers
2026-06-12,824588,Rate Field,Chicago White Sox,Los Angeles Dodgers,8,2,1,0,8,2,10,4,9,4,641743,Anthony Kay,808963,Roki Sasaki
2026-06-12,823778,American Family Field,Milwaukee Brewers,Philadelphia Phillies,5,0,1,0,6,0,9,1,5,1,694819,Jacob Misiorowski,621383,Tanner Banks
2026-06-12,824102,Kauffman Stadium,Kansas City Royals,Houston Astros,5,9,5,9,8,10,13,10,8,8,679883,Luinder Avila,837227,Tatsuya Imai
2026-06-12,823695,Target Field,Minnesota Twins,St. Louis Cardinals,2,3,1,1,9,8,11,12,6,6,657746,Joe Ryan,681517,Kyle Leahy
2026-06-12,824020,Angel Stadium,Los Angeles Angels,Tampa Bay Rays,4,2,2,0,4,3,12,7,9,3,691951,Sam Aldegheri,663556,Shane McClanahan
2026-06-12,824997,Las Vegas Ballpark,Athletics,Colorado Rockies,2,0,0,0,6,4,10,7,4,3,695611,Gage Jump,807743,Sean Sullivan
2026-06-12,823211,Oracle Park,San Francisco Giants,Chicago Cubs,0,5,0,0,1,5,4,6,2,5,694738,Landen Roupp,665871,Javier Assad
2026-06-13,823694,Target Field,Minnesota Twins,St. Louis Cardinals,4,4,0,2,6,9,7,13,5,6,687570,Connor Prielipp,669461,Matthew Liberatore
2026-06-13,822802,Rogers Centre,Toronto Blue Jays,New York Yankees,1,1,0,0,1,3,6,5,4,1,592332,Kevin Gausman,693645,Cam Schlittler
2026-06-13,824828,Oriole Park at Camden Yards,Baltimore Orioles,San Diego Padres,2,6,2,4,3,9,10,10,6,4,694346,Trey Gibson,681190,Randy Vásquez
2026-06-13,822725,Nationals Park,Washington Nationals,Seattle Mariners,5,3,3,0,8,3,10,8,6,4,676917,Cade Cavalli,622491,Luis Castillo
2026-06-13,823369,PNC Park,Pittsburgh Pirates,Miami Marlins,2,1,1,0,3,2,8,7,5,3,696149,Bubba Chandler,669199,Lake Bachar
2026-06-13,824508,Great American Ball Park,Cincinnati Reds,Arizona Diamondbacks,1,1,0,1,2,1,3,7,2,5,695076,Rhett Lowder,647336,Michael Soroka
2026-06-13,824426,Progressive Field,Cleveland Guardians,Detroit Tigers,3,1,0,1,3,1,8,9,5,6,676282,Joey Cantillo,669373,Tarik Skubal
2026-06-13,824749,Fenway Park,Boston Red Sox,Texas Rangers,2,2,0,0,6,3,11,10,5,6,624133,Ranger Suarez,594798,Jacob deGrom
2026-06-13,823616,Citi Field,New York Mets,Atlanta Braves,0,2,0,0,1,3,6,7,3,4,640455,Sean Manaea,527048,Martín Pérez
2026-06-13,824587,Rate Field,Chicago White Sox,Los Angeles Dodgers,0,4,0,3,1,7,1,10,0,7,680732,Sean Burke,808967,Yoshinobu Yamamoto
2026-06-13,824100,Kauffman Stadium,Kansas City Royals,Houston Astros,4,4,0,0,7,8,11,11,6,7,702070,Noah Cameron,681347,Mike Burrows
2026-06-13,823776,American Family Field,Milwaukee Brewers,Philadelphia Phillies,3,3,0,0,8,9,12,17,7,7,675660,Shane Drohan,605400,Aaron Nola
2026-06-13,824995,Las Vegas Ballpark,Athletics,Colorado Rockies,4,5,2,0,7,5,11,8,8,7,683155,Joey Estes,607536,Kyle Freeland
2026-06-13,823213,Oracle Park,San Francisco Giants,Chicago Cubs,1,6,0,1,1,6,7,11,7,8,686790,Trevor McDonald,676962,Ben Brown
2026-06-13,824019,Angel Stadium,Los Angeles Angels,Tampa Bay Rays,1,0,0,0,8,0,15,5,5,3,667755,José Soriano,643377,Griffin Jax
2026-06-14,823368,PNC Park,Pittsburgh Pirates,Miami Marlins,1,2,0,0,2,4,8,9,6,4,694973,Paul Skenes,676974,Max Meyer
2026-06-14,824823,Oriole Park at Camden Yards,Baltimore Orioles,San Diego Padres,1,2,0,0,2,5,10,8,6,5,669432,Trevor Rogers,621111,Walker Buehler
2026-06-14,822722,Nationals Park,Washington Nationals,Seattle Mariners,6,1,1,1,10,1,14,5,10,4,676571,PJ Poulin,676106,Emerson Hancock
2026-06-14,822801,Rogers Centre,Toronto Blue Jays,New York Yankees,2,2,0,0,3,8,11,12,8,7,571578,Patrick Corbin,701542,Will Warren
2026-06-14,824506,Great American Ball Park,Cincinnati Reds,Arizona Diamondbacks,2,1,1,0,3,5,8,7,5,4,671096,Andrew Abbott,668678,Zac Gallen
2026-06-14,823615,Citi Field,New York Mets,Atlanta Braves,6,1,4,1,8,1,13,4,10,4,642547,Freddy Peralta,693821,Bryce Elder
2026-06-14,824099,Kauffman Stadium,Kansas City Royals,Houston Astros,4,0,1,0,4,0,10,5,8,2,663568,Stephen Kolek,681293,Spencer Arrighetti
2026-06-14,823693,Target Field,Minnesota Twins,St. Louis Cardinals,2,1,0,0,5,4,13,7,6,2,671737,Taj Bradley,700241,Michael McGreevy
2026-06-14,824586,Rate Field,Chicago White Sox,Los Angeles Dodgers,0,1,0,1,6,4,8,7,1,3,663542,Bryan Hudson,686218,Emmet Sheehan
2026-06-14,823777,American Family Field,Milwaukee Brewers,Philadelphia Phillies,4,0,1,0,4,0,10,4,7,2,690986,Kyle Harrison,650911,Cristopher Sánchez
2026-06-14,824994,Las Vegas Ballpark,Athletics,Colorado Rockies,8,14,4,2,9,23,14,24,8,13,605488,Jeffrey Springs,608372,Tomoyuki Sugano
2026-06-14,823212,Oracle Park,San Francisco Giants,Chicago Cubs,3,0,0,0,5,1,9,7,6,4,657277,Logan Webb,669020,Ryan Rolison
2026-06-14,824021,Angel Stadium,Los Angeles Angels,Tampa Bay Rays,3,3,0,0,3,8,5,11,4,6,680570,Grayson Rodriguez,668984,Casey Legumina
2026-06-14,824751,Fenway Park,Boston Red Sox,Texas Rangers,2,6,0,1,4,6,9,13,5,11,813349,Connelly Early,543135,Nathan Eovaldi
2026-06-15,823452,Citizens Bank Park,Philadelphia Phillies,Miami Marlins,5,0,0,0,7,0,10,5,8,2,554430,Zack Wheeler,687473,Ryan Gusto
2026-06-15,822724,Nationals Park,Washington Nationals,Kansas City Royals,7,3,0,0,7,3,8,8,8,7,674841,Andrew Alvarez,687765,Mitch Spence
2026-06-15,824505,Great American Ball Park,Cincinnati Reds,New York Mets,9,0,3,0,12,0,9,6,7,4,695505,Chase Burns,668964,Tobias Myers
2026-06-15,823046,Busch Stadium,St. Louis Cardinals,San Diego Padres,3,0,0,0,3,0,8,1,6,0,669160,Dustin May,593974,Wandy Peralta
2026-06-15,824666,Wrigley Field,Chicago Cubs,Colorado Rockies,1,0,1,0,5,4,10,7,5,4,684007,Shota Imanaga,547179,Michael Lorenzen
2026-06-15,822887,Globe Life Field,Texas Rangers,Minnesota Twins,2,3,0,3,2,4,5,4,4,2,669022,MacKenzie Gore,702474,Mike Paredes
2026-06-15,824181,Daikin Park,Houston Astros,Detroit Tigers,3,6,0,1,3,9,7,11,5,7,678906,Kai-Wei Teng,623454,Drew Anderson
2026-06-15,825071,Chase Field,Arizona Diamondbacks,Los Angeles Angels,2,2,1,1,4,3,8,10,4,6,669194,Ryne Nelson,700712,Walbert Ureña
2026-06-15,824993,Sutter Health Park,Athletics,Pittsburgh Pirates,6,1,0,0,11,2,14,8,10,4,669372,J.T. Ginn,683003,Jared Jones
2026-06-15,823938,UNIQLO Field at Dodger Stadium,Los Angeles Dodgers,Tampa Bay Rays,3,3,0,2,4,3,7,8,5,6,641778,Eric Lauer,607259,Nick Martinez
2026-06-16,823451,Citizens Bank Park,Philadelphia Phillies,Miami Marlins,8,0,3,0,8,2,6,7,6,2,666200,Jesús Luzardo,663969,Tyler Phillips
2026-06-16,822723,Nationals Park,Washington Nationals,Kansas City Royals,3,1,0,0,6,4,10,10,7,4,656492,Foster Griffin,608379,Michael Wacha
2026-06-16,824750,Fenway Park,Boston Red Sox,Toronto Blue Jays,0,3,0,0,1,6,8,7,4,4,801139,Payton Tolle,656302,Dylan Cease
2026-06-16,823535,Yankee Stadium,New York Yankees,Chicago White Sox,11,1,0,1,12,2,16,4,11,1,543037,Gerrit Cole,663436,Davis Martin
2026-06-16,824504,Great American Ball Park,Cincinnati Reds,New York Mets,5,1,4,0,5,3,6,7,5,3,663903,Brady Singer,673540,Kodai Senga
2026-06-16,824912,Truist Park,Atlanta Braves,San Francisco Giants,2,5,2,1,2,7,7,10,3,6,656550,Grant Holmes,605288,Adrian Houser
2026-06-16,823775,American Family Field,Milwaukee Brewers,Cleveland Guardians,1,0,0,0,2,1,4,4,3,1,688107,Robert Gasser,677944,Slade Cecconi
2026-06-16,823045,Busch Stadium,St. Louis Cardinals,San Diego Padres,3,1,0,0,3,2,8,4,5,2,669467,Andre Pallante,650633,Michael King
2026-06-16,824667,Wrigley Field,Chicago Cubs,Colorado Rockies,2,5,1,0,2,5,7,6,6,4,665795,Edward Cabrera,663372,Ryan Feltner
2026-06-16,822888,Globe Life Field,Texas Rangers,Minnesota Twins,2,10,0,2,2,12,8,17,6,12,677958,Kumar Rocker,805673,Zebby Matthews
2026-06-16,824182,Daikin Park,Houston Astros,Detroit Tigers,1,1,0,0,4,2,9,5,5,3,686613,Hunter Brown,664285,Framber Valdez
2026-06-16,825070,Chase Field,Arizona Diamondbacks,Los Angeles Angels,0,5,0,0,0,7,5,14,2,9,518876,Merrill Kelly,672282,Reid Detmers
2026-06-16,824991,Sutter Health Park,Athletics,Pittsburgh Pirates,4,1,4,0,5,6,7,12,3,4,678022,Jack Perkins,656605,Mitch Keller
2026-06-16,823128,T-Mobile Park,Seattle Mariners,Baltimore Orioles,1,1,0,1,3,1,6,3,2,2,669302,Logan Gilbert,687064,Brandon Young
2026-06-16,823939,UNIQLO Field at Dodger Stadium,Los Angeles Dodgers,Tampa Bay Rays,0,0,0,0,1,0,6,3,4,2,680736,Justin Wrobleski,656876,Drew Rasmussen
2026-06-17,824503,Great American Ball Park,Cincinnati Reds,New York Mets,1,7,0,0,1,9,5,15,1,11,666157,Nick Lodolo,690997,Nolan McLean
2026-06-17,822721,Nationals Park,Washington Nationals,Kansas City Royals,0,4,0,1,2,6,6,13,3,7,641793,Zack Littell,679883,Luinder Avila
2026-06-17,823450,Citizens Bank Park,Philadelphia Phillies,Miami Marlins,4,6,2,2,4,12,10,13,8,7,691725,Andrew Painter,645261,Sandy Alcantara
2026-06-16,824912,Truist Park,Atlanta Braves,San Francisco Giants,2,5,2,1,2,7,7,10,3,6,656550,Grant Holmes,605288,Adrian Houser
2026-06-17,824178,Daikin Park,Houston Astros,Detroit Tigers,3,0,0,0,4,2,9,3,7,1,663567,Peter Lambert,663554,Casey Mize
2026-06-17,823044,Busch Stadium,St. Louis Cardinals,San Diego Padres,1,3,0,1,1,6,6,14,5,7,681517,Kyle Leahy,699134,Bradgley Rodriguez
2026-06-17,823940,UNIQLO Field at Dodger Stadium,Los Angeles Dodgers,Tampa Bay Rays,3,4,0,0,5,4,9,8,5,7,660271,Shohei Ohtani,663556,Shane McClanahan
2026-06-17,825072,Chase Field,Arizona Diamondbacks,Los Angeles Angels,8,1,0,1,8,1,11,6,10,4,593958,Eduardo Rodriguez,691951,Sam Aldegheri
2026-06-17,824746,Fenway Park,Boston Red Sox,Toronto Blue Jays,0,2,0,0,0,3,7,8,4,2,687562,Jake Bennett,680755,Braydon Fisher
2026-06-17,823536,Yankee Stadium,New York Yankees,Chicago White Sox,9,3,2,0,10,5,13,11,11,7,607074,Carlos Rodón,641743,Anthony Kay
2026-06-17,824913,Truist Park,Atlanta Braves,San Francisco Giants,0,5,0,1,5,7,12,9,3,5,702275,JR Ritchie,687931,Carson Whisenhunt
2026-06-17,823774,American Family Field,Milwaukee Brewers,Cleveland Guardians,7,4,3,0,9,4,11,3,7,3,687075,Brandon Sproat,668909,Gavin Williams
2026-06-17,824668,Wrigley Field,Chicago Cubs,Colorado Rockies,8,2,0,0,8,6,12,9,10,4,665871,Javier Assad,807743,Sean Sullivan
2026-06-17,824992,Sutter Health Park,Athletics,Pittsburgh Pirates,0,7,0,3,4,12,6,16,1,12,650644,Aaron Civale,677952,Braxton Ashcraft
2026-06-17,823127,T-Mobile Park,Seattle Mariners,Baltimore Orioles,1,2,0,0,3,5,7,10,4,6,669923,George Kirby,680694,Kyle Bradish
2026-06-18,824748,Fenway Park,Boston Red Sox,Toronto Blue Jays,0,2,0,1,3,4,5,10,1,4,543243,Sonny Gray,702056,Trey Yesavage
2026-06-18,823772,American Family Field,Milwaukee Brewers,Cleveland Guardians,2,1,0,0,2,4,5,7,4,3,675660,Shane Drohan,800048,Parker Messick
2026-06-18,822889,Globe Life Field,Texas Rangers,Minnesota Twins,0,6,0,4,3,9,11,13,3,7,683004,Jack Leiter,657746,Joe Ryan
2026-06-18,823125,T-Mobile Park,Seattle Mariners,Baltimore Orioles,3,0,3,0,3,0,5,3,5,2,693433,Bryan Woo,669358,Shane Baz
2026-06-18,823448,Citizens Bank Park,Philadelphia Phillies,New York Mets,3,3,1,2,4,6,7,11,6,7,605400,Aaron Nola,640455,Sean Manaea
2026-06-18,823533,Yankee Stadium,New York Yankees,Chicago White Sox,1,1,0,0,1,5,6,6,3,3,677960,Ryan Weathers,663542,Bryan Hudson
2026-06-18,824098,Kauffman Stadium,Kansas City Royals,St. Louis Cardinals,11,4,1,2,14,6,17,13,12,8,702070,Noah Cameron,669461,Matthew Liberatore
2026-06-18,824989,Sutter Health Park,Athletics,Los Angeles Angels,5,0,5,0,5,0,8,4,8,1,695611,Gage Jump,696270,Ryan Johnson
2026-06-19,824663,Wrigley Field,Chicago Cubs,Toronto Blue Jays,7,1,7,0,16,2,18,5,8,3,676962,Ben Brown,592332,Kevin Gausman
2026-06-19,824264,Comerica Park,Detroit Tigers,Chicago White Sox,2,2,2,1,4,3,8,8,4,6,669373,Tarik Skubal,685126,Brandon Eisert
2026-06-19,823534,Yankee Stadium,New York Yankees,Cincinnati Reds,4,0,0,0,5,0,8,4,5,2,693645,Cam Schlittler,695076,Rhett Lowder
2026-06-19,822966,Tropicana Field,Tampa Bay Rays,Washington Nationals,4,2,0,0,5,2,10,6,6,4,643377,Griffin Jax,676571,PJ Poulin
2026-06-19,823853,loanDepot park,Miami Marlins,San Francisco Giants,2,1,1,0,4,3,10,9,7,5,669199,Lake Bachar,694738,Landen Roupp
2026-06-19,824910,Truist Park,Atlanta Braves,Milwaukee Brewers,0,1,0,0,3,2,7,11,2,5,527048,Martín Pérez,694819,Jacob Misiorowski
2026-06-19,822886,Globe Life Field,Texas Rangers,San Diego Padres,7,6,6,5,9,7,13,10,9,5,594798,Jacob deGrom,681190,Randy Vásquez
2026-06-19,824179,Daikin Park,Houston Astros,Cleveland Guardians,2,3,1,0,9,3,12,7,3,6,837227,Tatsuya Imai,676440,Tanner Bibee
2026-06-19,824097,Kauffman Stadium,Kansas City Royals,St. Louis Cardinals,5,2,0,1,6,5,9,8,8,5,607625,Seth Lugo,700241,Michael McGreevy
2026-06-19,824345,Coors Field,Colorado Rockies,Pittsburgh Pirates,2,0,0,0,4,3,9,7,6,2,607536,Kyle Freeland,696149,Bubba Chandler
2026-06-19,824990,Sutter Health Park,Athletics,Los Angeles Angels,4,10,0,0,12,11,12,11,6,8,605488,Jeffrey Springs,667755,José Soriano
2026-06-19,825069,Chase Field,Arizona Diamondbacks,Minnesota Twins,5,3,0,0,9,5,13,10,8,8,647336,Michael Soroka,687570,Connor Prielipp
2026-06-19,823936,UNIQLO Field at Dodger Stadium,Los Angeles Dodgers,Baltimore Orioles,3,0,2,0,6,5,12,7,7,1,808963,Roki Sasaki,694346,Trey Gibson
2026-06-19,823124,T-Mobile Park,Seattle Mariners,Boston Red Sox,0,1,0,0,2,6,2,10,0,3,682243,Bryce Miller,624133,Ranger Suarez
2026-06-20,824263,Comerica Park,Detroit Tigers,Chicago White Sox,1,1,0,1,4,1,7,4,2,1,675512,Troy Melton,656794,Sean Newcomb
2026-06-20,823532,Yankee Stadium,New York Yankees,Cincinnati Reds,1,6,1,0,2,10,8,15,3,6,701542,Will Warren,671096,Andrew Abbott
2026-06-20,824665,Wrigley Field,Chicago Cubs,Toronto Blue Jays,3,0,0,0,6,8,9,9,6,1,607067,Colin Rea,571578,Patrick Corbin
2026-06-20,822885,Globe Life Field,Texas Rangers,San Diego Padres,0,1,0,0,4,6,9,9,3,5,669022,MacKenzie Gore,621111,Walker Buehler
2026-06-20,822967,Tropicana Field,Tampa Bay Rays,Washington Nationals,2,3,1,0,3,4,10,10,7,7,693855,Ian Seymour,676917,Cade Cavalli
2026-06-20,823854,loanDepot park,Miami Marlins,San Francisco Giants,6,2,1,0,6,3,6,10,6,7,676974,Max Meyer,686790,Trevor McDonald
2026-06-20,824909,Truist Park,Atlanta Braves,Milwaukee Brewers,1,0,0,0,4,3,6,8,2,2,519242,Chris Sale,690986,Kyle Harrison
2026-06-20,824180,Daikin Park,Houston Astros,Cleveland Guardians,1,6,0,1,1,8,5,10,4,6,681293,Spencer Arrighetti,676282,Joey Cantillo
2026-06-20,823447,Citizens Bank Park,Philadelphia Phillies,New York Mets,13,1,1,0,15,3,17,8,15,5,650911,Cristopher Sánchez,642547,Freddy Peralta
2026-06-20,824342,Coors Field,Colorado Rockies,Pittsburgh Pirates,2,1,1,1,2,1,5,6,4,4,608372,Tomoyuki Sugano,694973,Paul Skenes
2026-06-20,824988,Sutter Health Park,Athletics,Los Angeles Angels,0,2,0,0,0,7,5,12,4,5,669372,J.T. Ginn,700712,Walbert Ureña
2026-06-20,823937,UNIQLO Field at Dodger Stadium,Los Angeles Dodgers,Baltimore Orioles,0,3,0,0,2,3,4,7,1,6,808967,Yoshinobu Yamamoto,669432,Trevor Rogers
2026-06-20,823126,T-Mobile Park,Seattle Mariners,Boston Red Sox,1,2,1,0,1,5,2,6,2,3,676106,Emerson Hancock,813349,Connelly Early
2026-06-20,825068,Chase Field,Arizona Diamondbacks,Minnesota Twins,2,16,0,2,8,16,8,20,3,19,668678,Zac Gallen,671737,Taj Bradley
2026-06-21,823531,Yankee Stadium,New York Yankees,Cincinnati Reds,1,3,0,0,1,4,7,7,5,5,695684,Elmer Rodríguez,695505,Chase Burns
2026-06-21,824908,Truist Park,Atlanta Braves,Milwaukee Brewers,2,8,1,0,4,9,7,13,4,12,693821,Bryce Elder,688107,Robert Gasser
2026-06-21,822968,Tropicana Field,Tampa Bay Rays,Washington Nationals,1,2,0,0,4,3,10,6,5,3,607259,Nick Martinez,674841,Andrew Alvarez
2026-06-21,824260,Comerica Park,Detroit Tigers,Chicago White Sox,1,0,0,0,5,4,13,6,4,1,672456,Keider Montero,663436,Davis Martin
2026-06-21,823852,loanDepot park,Miami Marlins,San Francisco Giants,2,1,0,0,2,1,5,4,3,3,687473,Ryan Gusto,657277,Logan Webb
2026-06-21,824177,Daikin Park,Houston Astros,Cleveland Guardians,2,1,1,0,2,1,7,4,5,4,678906,Kai-Wei Teng,677944,Slade Cecconi
2026-06-21,824095,Kauffman Stadium,Kansas City Royals,St. Louis Cardinals,7,12,2,5,10,12,12,16,8,13,663568,Stephen Kolek,669160,Dustin May
2026-06-21,822883,Globe Life Field,Texas Rangers,San Diego Padres,4,3,0,0,4,3,9,9,8,7,543135,Nathan Eovaldi,593974,Wandy Peralta
2026-06-21,824343,Coors Field,Colorado Rockies,Pittsburgh Pirates,1,3,0,0,6,8,8,13,1,5,547179,Michael Lorenzen,683003,Jared Jones
2026-06-21,825067,Chase Field,Arizona Diamondbacks,Minnesota Twins,2,0,0,0,2,4,6,11,6,2,703615,Jose Cabrera,702474,Mike Paredes
2026-06-21,824987,Sutter Health Park,Athletics,Los Angeles Angels,5,4,4,0,7,9,7,10,6,4,678022,Jack Perkins,672282,Reid Detmers
2026-06-21,823934,UNIQLO Field at Dodger Stadium,Los Angeles Dodgers,Baltimore Orioles,1,6,1,2,1,12,5,15,5,9,686218,Emmet Sheehan,687064,Brandon Young
2026-06-21,823123,T-Mobile Park,Seattle Mariners,Boston Red Sox,2,1,0,0,3,1,6,5,4,3,669302,Logan Gilbert,801139,Payton Tolle
2026-06-21,823449,Citizens Bank Park,Philadelphia Phillies,New York Mets,6,1,2,0,6,2,9,6,7,4,554430,Zack Wheeler,656849,David Peterson
2026-06-22,824261,Comerica Park,Detroit Tigers,New York Yankees,5,1,0,0,5,3,9,7,9,4,664285,Framber Valdez,543037,Gerrit Cole
2026-06-22,822964,Tropicana Field,Tampa Bay Rays,Kansas City Royals,1,2,0,0,1,2,6,4,5,4,656876,Drew Rasmussen,608379,Michael Wacha
2026-06-22,823851,loanDepot park,Miami Marlins,Texas Rangers,1,2,0,0,3,4,7,9,3,5,663969,Tyler Phillips,641302,Tyler Alexander
2026-06-22,822720,Nationals Park,Washington Nationals,Philadelphia Phillies,2,0,1,0,4,1,12,5,6,3,656492,Foster Griffin,641835,Tim Mayza
2026-06-22,822800,Rogers Centre,Toronto Blue Jays,Houston Astros,2,1,0,1,4,2,11,5,6,2,656302,Dylan Cease,686613,Hunter Brown
2026-06-22,824502,Great American Ball Park,Cincinnati Reds,Milwaukee Brewers,0,0,0,0,1,2,2,3,0,1,663903,Brady Singer,605540,Brandon Woodruff
2026-06-22,823692,Target Field,Minnesota Twins,Los Angeles Dodgers,1,1,1,1,1,2,3,9,2,4,805673,Zebby Matthews,694361,Will Klein
2026-06-22,824585,Rate Field,Chicago White Sox,Cleveland Guardians,2,0,0,0,6,5,10,8,5,3,641743,Anthony Kay,668909,Gavin Williams
2026-06-22,823040,Busch Stadium,St. Louis Cardinals,Arizona Diamondbacks,3,0,0,0,3,2,7,8,7,5,669467,Andre Pallante,518876,Merrill Kelly
2026-06-22,824344,Coors Field,Colorado Rockies,Boston Red Sox,0,0,0,0,3,2,12,5,3,1,663372,Ryan Feltner,687562,Jake Bennett
2026-06-22,824016,Angel Stadium,Los Angeles Angels,Baltimore Orioles,0,5,0,1,1,6,7,11,3,5,691951,Sam Aldegheri,680694,Kyle Bradish
2026-06-22,823288,Petco Park,San Diego Padres,Atlanta Braves,1,0,0,0,1,0,4,7,3,4,650633,Michael King,656550,Grant Holmes
2026-06-23,822799,Rogers Centre,Toronto Blue Jays,Houston Astros,2,4,0,1,7,9,13,15,7,9,669456,Shane Bieber,663567,Peter Lambert
2026-06-23,823365,PNC Park,Pittsburgh Pirates,Seattle Mariners,2,1,0,0,2,3,10,8,8,4,656605,Mitch Keller,669923,George Kirby
2026-06-23,822963,Tropicana Field,Tampa Bay Rays,Kansas City Royals,1,6,1,2,5,12,9,14,3,6,663556,Shane McClanahan,679883,Luinder Avila
2026-06-23,823849,loanDepot park,Miami Marlins,Texas Rangers,6,1,0,0,6,4,12,10,9,5,645261,Sandy Alcantara,615698,Cal Quantrill
2026-06-23,824262,Comerica Park,Detroit Tigers,New York Yankees,2,1,0,0,3,4,8,9,4,5,663554,Casey Mize,607074,Carlos Rodón
2026-06-23,822718,Nationals Park,Washington Nationals,Philadelphia Phillies,5,2,0,0,9,14,8,17,5,5,676571,PJ Poulin,666200,Jesús Luzardo
2026-06-23,823614,Citi Field,New York Mets,Chicago Cubs,2,7,0,0,6,9,6,8,3,3,673540,Kodai Senga,665795,Edward Cabrera
2026-06-23,824501,Great American Ball Park,Cincinnati Reds,Milwaukee Brewers,0,0,0,0,0,2,2,4,0,2,666157,Nick Lodolo,687075,Brandon Sproat
2026-06-23,823690,Target Field,Minnesota Twins,Los Angeles Dodgers,2,5,0,1,3,12,7,17,5,9,696070,Kendry Rojas,680736,Justin Wrobleski
2026-06-23,824584,Rate Field,Chicago White Sox,Cleveland Guardians,1,1,0,0,2,1,3,6,2,4,680732,Sean Burke,800048,Parker Messick
2026-06-23,823043,Busch Stadium,St. Louis Cardinals,Arizona Diamondbacks,0,0,0,0,3,4,7,6,2,3,681517,Kyle Leahy,593958,Eduardo Rodriguez
2026-06-23,824340,Coors Field,Colorado Rockies,Boston Red Sox,1,3,0,1,2,5,8,11,5,5,807743,Sean Sullivan,543243,Sonny Gray
2026-06-23,824017,Angel Stadium,Los Angeles Angels,Baltimore Orioles,5,0,2,0,5,1,8,3,8,0,696270,Ryan Johnson,669358,Shane Baz
2026-06-23,823286,Petco Park,San Diego Padres,Atlanta Braves,5,6,0,0,7,6,9,9,5,7,593974,Wandy Peralta,702275,JR Ritchie
2026-06-23,823210,Oracle Park,San Francisco Giants,Athletics,2,1,0,0,3,1,9,3,7,1,592662,Robbie Ray,650644,Aaron Civale
2026-06-24,823850,loanDepot park,Miami Marlins,Texas Rangers,2,1,0,0,4,2,6,6,4,4,691587,Eury Pérez,594798,Jacob deGrom
2026-06-24,823613,Citi Field,New York Mets,Chicago Cubs,3,3,0,0,3,10,7,9,5,4,690997,Nolan McLean,665871,Javier Assad
2026-06-24,823611,Citi Field,New York Mets,Chicago Cubs,4,4,0,0,5,10,8,12,4,6,640455,Sean Manaea,684007,Shota Imanaga
2026-06-24,824583,Rate Field,Chicago White Sox,Cleveland Guardians,0,0,0,0,3,4,10,8,3,3,607200,Erick Fedde,676440,Tanner Bibee
2026-06-24,824341,Coors Field,Colorado Rockies,Boston Red Sox,3,6,0,1,8,6,14,11,7,10,607536,Kyle Freeland,624133,Ranger Suarez
2026-06-24,824018,Angel Stadium,Los Angeles Angels,Baltimore Orioles,2,5,2,0,7,6,9,9,3,7,667755,José Soriano,694346,Trey Gibson
2026-06-24,823367,PNC Park,Pittsburgh Pirates,Seattle Mariners,5,1,0,1,11,1,15,7,8,5,677952,Braxton Ashcraft,693433,Bryan Woo
2026-06-24,822965,Tropicana Field,Tampa Bay Rays,Kansas City Royals,5,2,0,0,5,3,10,7,8,5,643377,Griffin Jax,702070,Noah Cameron
2026-06-24,824259,Comerica Park,Detroit Tigers,New York Yankees,2,2,0,1,2,4,8,6,5,2,669373,Tarik Skubal,677960,Ryan Weathers
2026-06-24,822719,Nationals Park,Washington Nationals,Philadelphia Phillies,2,3,1,0,4,5,6,8,3,6,687223,Carson Palmquist,605400,Aaron Nola
2026-06-24,822798,Rogers Centre,Toronto Blue Jays,Houston Astros,1,1,1,1,1,3,4,4,2,2,702056,Trey Yesavage,681347,Mike Burrows
2026-06-24,824500,Great American Ball Park,Cincinnati Reds,Milwaukee Brewers,0,3,0,0,5,6,11,11,5,7,695076,Rhett Lowder,675660,Shane Drohan
2026-06-24,823691,Target Field,Minnesota Twins,Los Angeles Dodgers,3,4,0,0,3,4,8,10,5,8,657746,Joe Ryan,660271,Shohei Ohtani
2026-06-24,823041,Busch Stadium,St. Louis Cardinals,Arizona Diamondbacks,2,6,0,0,4,9,8,12,4,8,669461,Matthew Liberatore,683352,Mitch Bratt
2026-06-24,823284,Petco Park,San Diego Padres,Atlanta Braves,3,0,0,0,5,2,7,6,5,4,676664,JP Sears,527048,Martín Pérez
2026-06-24,823208,Oracle Park,San Francisco Giants,Athletics,0,0,0,0,2,1,6,3,3,1,641816,Tyler Mahle,695611,Gage Jump
2026-06-25,822961,Tropicana Field,Tampa Bay Rays,Kansas City Royals,7,0,2,0,13,2,15,1,7,0,668984,Casey Legumina,607625,Seth Lugo
2026-06-25,823366,PNC Park,Pittsburgh Pirates,Seattle Mariners,3,1,1,0,5,1,8,6,4,4,696149,Bubba Chandler,682243,Bryce Miller
2026-06-25,823209,Oracle Park,San Francisco Giants,Athletics,1,2,0,0,6,9,5,15,2,5,694738,Landen Roupp,605488,Jeffrey Springs
2026-06-25,824258,Comerica Park,Detroit Tigers,Houston Astros,0,0,0,0,1,2,5,5,1,0,675512,Troy Melton,837227,Tatsuya Imai
2026-06-25,822717,Nationals Park,Washington Nationals,Philadelphia Phillies,5,0,4,0,5,10,8,13,7,3,676917,Cade Cavalli,650911,Cristopher Sánchez
2026-06-25,822797,Rogers Centre,Toronto Blue Jays,Texas Rangers,3,6,0,1,5,6,6,10,4,9,592332,Kevin Gausman,669022,MacKenzie Gore
2026-06-25,823612,Citi Field,New York Mets,Chicago Cubs,0,0,0,0,3,4,9,6,4,2,642547,Freddy Peralta,571510,Matthew Boyd
2026-06-25,824747,Fenway Park,Boston Red Sox,New York Yankees,4,2,0,1,6,3,7,8,5,5,813349,Connelly Early,693645,Cam Schlittler
2026-06-26,824255,Comerica Park,Detroit Tigers,Houston Astros,8,0,0,0,8,0,6,6,6,3,672456,Keider Montero,681293,Spencer Arrighetti
2026-06-26,823363,PNC Park,Pittsburgh Pirates,Cincinnati Reds,2,4,1,0,4,6,9,8,4,6,694973,Paul Skenes,671096,Andrew Abbott
2026-06-26,824824,Oriole Park at Camden Yards,Baltimore Orioles,Washington Nationals,2,1,0,0,3,1,8,5,6,4,669432,Trevor Rogers,674841,Andrew Alvarez
2026-06-26,822796,Rogers Centre,Toronto Blue Jays,Texas Rangers,0,5,0,3,4,5,9,9,1,7,571578,Patrick Corbin,543135,Nathan Eovaldi
2026-06-26,824423,Progressive Field,Cleveland Guardians,Seattle Mariners,1,1,1,0,1,3,4,6,4,1,676282,Joey Cantillo,622491,Luis Castillo
2026-06-26,822962,Tropicana Field,Tampa Bay Rays,Arizona Diamondbacks,3,1,3,1,6,1,6,8,1,4,607259,Nick Martinez,668678,Zac Gallen
2026-06-26,823610,Citi Field,New York Mets,Philadelphia Phillies,1,1,0,1,1,2,5,9,4,4,804267,Zac Thornton,554430,Zack Wheeler
2026-06-26,824743,Fenway Park,Boston Red Sox,New York Yankees,4,0,1,0,6,1,9,3,6,0,801139,Payton Tolle,701542,Will Warren
2026-06-26,824582,Rate Field,Chicago White Sox,Kansas City Royals,13,1,0,0,22,1,23,4,12,2,689818,David Sandlin,674444,Steven Cruz
2026-06-26,823773,American Family Field,Milwaukee Brewers,Chicago Cubs,0,1,0,0,6,2,11,3,4,1,694819,Jacob Misiorowski,607067,Colin Rea
2026-06-26,823688,Target Field,Minnesota Twins,Colorado Rockies,7,0,2,0,9,8,14,11,8,1,671737,Taj Bradley,608372,Tomoyuki Sugano
2026-06-26,823039,Busch Stadium,St. Louis Cardinals,Miami Marlins,0,0,0,0,0,4,3,8,2,5,700241,Michael McGreevy,676974,Max Meyer
2026-06-26,824014,Angel Stadium,Los Angeles Angels,Athletics,3,7,0,0,3,9,9,10,7,6,700712,Walbert Ureña,669372,J.T. Ginn
2026-06-26,823285,Petco Park,San Diego Padres,Los Angeles Dodgers,3,1,0,0,7,1,7,7,3,3,621111,Walker Buehler,808963,Roki Sasaki
2026-06-26,823206,Oracle Park,San Francisco Giants,Atlanta Braves,1,3,1,0,1,3,7,8,5,7,686790,Trevor McDonald,625643,Reynaldo López
2026-06-27,824257,Comerica Park,Detroit Tigers,Houston Astros,6,4,0,0,6,8,11,16,9,9,664285,Framber Valdez,678906,Kai-Wei Teng
2026-06-27,824745,Fenway Park,Boston Red Sox,New York Yankees,4,1,1,0,4,1,7,3,6,1,687562,Jake Bennett,543037,Gerrit Cole
2026-06-27,822794,Rogers Centre,Toronto Blue Jays,Texas Rangers,2,6,0,1,4,7,10,11,5,6,656302,Dylan Cease,615698,Cal Quantrill
2026-06-27,823364,PNC Park,Pittsburgh Pirates,Cincinnati Reds,4,4,0,1,7,9,11,10,8,4,683003,Jared Jones,695505,Chase Burns
2026-06-27,823609,Citi Field,New York Mets,Philadelphia Phillies,0,2,0,0,6,2,8,5,2,3,681035,Christian Scott,641835,Tim Mayza
2026-06-27,824581,Rate Field,Chicago White Sox,Kansas City Royals,0,0,0,0,2,1,10,6,3,3,663436,Davis Martin,608379,Michael Wacha
2026-06-27,822960,Tropicana Field,Tampa Bay Rays,Arizona Diamondbacks,3,1,1,1,4,2,8,7,5,3,642121,Cole Sulser,703615,Jose Cabrera
2026-06-27,824825,Oriole Park at Camden Yards,Baltimore Orioles,Washington Nationals,1,2,0,0,3,4,7,13,3,7,687064,Brandon Young,656492,Foster Griffin
2026-06-27,824421,Progressive Field,Cleveland Guardians,Seattle Mariners,4,0,0,0,4,3,7,8,7,2,677944,Slade Cecconi,669302,Logan Gilbert
2026-06-27,823689,Target Field,Minnesota Twins,Colorado Rockies,1,3,1,1,5,8,10,12,5,6,702474,Mike Paredes,547179,Michael Lorenzen
2026-06-27,823770,American Family Field,Milwaukee Brewers,Chicago Cubs,2,2,1,0,2,8,5,9,5,3,690986,Kyle Harrison,656849,David Peterson
2026-06-27,823038,Busch Stadium,St. Louis Cardinals,Miami Marlins,0,4,0,1,1,5,7,13,3,9,669467,Andre Pallante,687473,Ryan Gusto
2026-06-27,823283,Petco Park,San Diego Padres,Los Angeles Dodgers,1,1,0,0,3,15,9,17,3,5,606996,Kyle Hart,808967,Yoshinobu Yamamoto
2026-06-27,823207,Oracle Park,San Francisco Giants,Atlanta Braves,5,0,0,0,5,0,6,1,5,1,657277,Logan Webb,693821,Bryce Elder
2026-06-27,824015,Angel Stadium,Los Angeles Angels,Athletics,2,1,0,0,5,2,9,5,4,2,672282,Reid Detmers,678022,Jack Perkins
2026-06-28,824821,Oriole Park at Camden Yards,Baltimore Orioles,Washington Nationals,2,5,2,0,4,6,5,7,3,3,680694,Kyle Bradish,641793,Zack Littell
2026-06-28,823362,PNC Park,Pittsburgh Pirates,Cincinnati Reds,5,4,0,0,9,4,11,8,9,5,656605,Mitch Keller,663903,Brady Singer
2026-06-28,822795,Rogers Centre,Toronto Blue Jays,Texas Rangers,0,1,0,1,2,3,6,7,4,4,669456,Shane Bieber,677958,Kumar Rocker
2026-06-28,824256,Comerica Park,Detroit Tigers,Houston Astros,3,0,0,0,5,7,9,7,5,2,656427,Jack Flaherty,686613,Hunter Brown
2026-06-28,824422,Progressive Field,Cleveland Guardians,Seattle Mariners,1,3,0,0,6,5,12,13,5,6,668909,Gavin Williams,676106,Emerson Hancock
2026-06-28,822959,Tropicana Field,Tampa Bay Rays,Arizona Diamondbacks,4,0,1,0,5,1,10,5,7,3,656876,Drew Rasmussen,518876,Merrill Kelly
2026-06-28,823608,Citi Field,New York Mets,Philadelphia Phillies,1,3,0,0,4,5,9,10,4,6,672335,Cionel Pérez,666200,Jesús Luzardo
2026-06-28,823686,Target Field,Minnesota Twins,Colorado Rockies,2,1,0,1,3,2,8,7,4,4,687570,Connor Prielipp,663372,Ryan Feltner
2026-06-28,824580,Rate Field,Chicago White Sox,Kansas City Royals,4,5,2,1,4,5,7,11,6,7,641743,Anthony Kay,679883,Luinder Avila
2026-06-28,823769,American Family Field,Milwaukee Brewers,Chicago Cubs,1,0,0,0,3,4,10,4,5,1,605540,Brandon Woodruff,669020,Ryan Rolison
2026-06-28,823037,Busch Stadium,St. Louis Cardinals,Miami Marlins,2,1,0,0,2,1,6,4,3,2,681517,Kyle Leahy,663969,Tyler Phillips
2026-06-28,824011,Angel Stadium,Los Angeles Angels,Athletics,4,1,0,0,4,1,6,6,6,5,691951,Sam Aldegheri,650644,Aaron Civale
2026-06-28,823204,Oracle Park,San Francisco Giants,Atlanta Braves,0,0,0,0,3,2,10,6,4,1,592662,Robbie Ray,519242,Chris Sale
2026-06-28,823281,Petco Park,San Diego Padres,Los Angeles Dodgers,1,4,0,0,2,4,6,5,2,3,650633,Michael King,686218,Emmet Sheehan
2026-06-28,824744,Fenway Park,Boston Red Sox,New York Yankees,2,0,0,0,5,4,6,3,1,0,543243,Sonny Gray,607074,Carlos Rodón
2026-06-29,824822,Oriole Park at Camden Yards,Baltimore Orioles,Chicago White Sox,2,2,1,0,2,8,4,10,3,4,669358,Shane Baz,680732,Sean Burke
2026-06-29,823444,Citizens Bank Park,Philadelphia Phillies,Pittsburgh Pirates,5,8,2,0,7,11,9,11,5,8,605400,Aaron Nola,677952,Braxton Ashcraft
2026-06-29,823529,Yankee Stadium,New York Yankees,Detroit Tigers,0,7,0,1,3,7,3,11,1,9,677960,Ryan Weathers,663554,Casey Mize
2026-06-29,822792,Rogers Centre,Toronto Blue Jays,New York Mets,2,0,1,0,2,1,4,5,3,2,702056,Trey Yesavage,640455,Sean Manaea
2026-06-29,824741,Fenway Park,Boston Red Sox,Washington Nationals,6,1,4,1,6,3,9,7,9,1,624133,Ranger Suarez,571945,Miles Mikolas
2026-06-29,824420,Progressive Field,Cleveland Guardians,Texas Rangers,2,1,0,0,3,6,10,11,7,2,800048,Parker Messick,641302,Tyler Alexander
2026-06-29,823771,American Family Field,Milwaukee Brewers,Cincinnati Reds,0,3,0,1,5,3,7,9,1,6,688107,Robert Gasser,666157,Nick Lodolo
2026-06-29,824662,Wrigley Field,Chicago Cubs,San Diego Padres,2,2,0,0,3,2,10,11,5,7,684007,Shota Imanaga,656288,Griffin Canning
2026-06-29,824176,Daikin Park,Houston Astros,Minnesota Twins,1,2,0,0,4,5,6,8,2,2,663567,Peter Lambert,805673,Zebby Matthews
2026-06-29,824339,Coors Field,Colorado Rockies,Miami Marlins,5,6,0,0,7,10,10,13,7,7,807743,Sean Sullivan,645261,Sandy Alcantara
2026-06-29,824986,Sutter Health Park,Athletics,Los Angeles Dodgers,3,5,0,0,4,9,11,17,7,11,695611,Gage Jump,641778,Eric Lauer
2026-06-29,823121,T-Mobile Park,Seattle Mariners,Los Angeles Angels,3,2,0,1,6,2,6,8,4,6,669923,George Kirby,696270,Ryan Johnson
2026-06-29,825065,Chase Field,Arizona Diamondbacks,San Francisco Giants,4,1,1,0,5,4,6,9,5,5,593958,Eduardo Rodriguez,641816,Tyler Mahle
2026-06-30,824819,Oriole Park at Camden Yards,Baltimore Orioles,Chicago White Sox,3,9,1,1,3,9,9,11,5,10,694346,Trey Gibson,607200,Erick Fedde
2026-06-30,824418,Progressive Field,Cleveland Guardians,Texas Rangers,2,2,2,0,2,4,5,6,3,4,676440,Tanner Bibee,594798,Jacob deGrom
2026-06-30,823445,Citizens Bank Park,Philadelphia Phillies,Pittsburgh Pirates,2,0,0,0,8,0,12,5,4,2,650911,Cristopher Sánchez,696149,Bubba Chandler
2026-06-30,823528,Yankee Stadium,New York Yankees,Detroit Tigers,1,6,1,4,3,9,4,11,1,7,693645,Cam Schlittler,669373,Tarik Skubal
2026-06-30,822793,Rogers Centre,Toronto Blue Jays,New York Mets,0,1,0,0,0,3,6,7,5,4,592332,Kevin Gausman,690997,Nolan McLean
2026-06-30,824742,Fenway Park,Boston Red Sox,Washington Nationals,1,1,1,0,1,8,4,12,1,5,813349,Connelly Early,676917,Cade Cavalli
2026-06-30,824907,Truist Park,Atlanta Braves,St. Louis Cardinals,1,4,0,0,3,5,6,6,1,5,527048,Martín Pérez,669461,Matthew Liberatore
2026-06-30,824096,Kauffman Stadium,Kansas City Royals,Tampa Bay Rays,3,8,1,0,4,10,6,11,5,10,702070,Noah Cameron,643377,Griffin Jax
2026-06-30,823768,American Family Field,Milwaukee Brewers,Cincinnati Reds,6,1,0,1,7,2,14,6,11,2,687075,Brandon Sproat,695076,Rhett Lowder
2026-06-30,824661,Wrigley Field,Chicago Cubs,San Diego Padres,8,3,1,1,9,7,13,13,9,6,571510,Matthew Boyd,676664,JP Sears
2026-06-30,824175,Daikin Park,Houston Astros,Minnesota Twins,6,4,0,3,6,4,7,6,5,6,681347,Mike Burrows,657746,Joe Ryan
2026-06-30,824338,Coors Field,Colorado Rockies,Miami Marlins,1,5,1,1,3,14,5,21,2,9,685299,Tanner Gordon,691587,Eury Pérez
2026-06-30,824984,Sutter Health Park,Athletics,Los Angeles Dodgers,1,5,1,2,3,9,7,14,4,7,605488,Jeffrey Springs,680736,Justin Wrobleski
2026-06-30,823122,T-Mobile Park,Seattle Mariners,Los Angeles Angels,0,0,0,0,8,3,13,6,3,2,693433,Bryan Woo,667755,José Soriano
2026-06-30,825066,Chase Field,Arizona Diamondbacks,San Francisco Giants,6,0,3,0,8,2,10,4,6,2,694297,Brandon Pfaadt,694738,Landen Roupp
2026-07-01,824818,Oriole Park at Camden Yards,Baltimore Orioles,Chicago White Sox,4,1,0,1,6,1,7,4,4,3,665152,Dean Kremer,702273,Noah Schultz
2026-07-01,824419,Progressive Field,Cleveland Guardians,Texas Rangers,5,1,0,0,9,4,11,8,7,3,676282,Joey Cantillo,669022,MacKenzie Gore
2026-07-01,824740,Fenway Park,Boston Red Sox,Washington Nationals,0,7,0,2,2,10,9,13,3,10,801139,Payton Tolle,695418,Brad Lord
2026-07-01,823530,Yankee Stadium,New York Yankees,Detroit Tigers,0,1,0,0,2,6,7,6,2,3,701542,Will Warren,675512,Troy Melton
2026-07-01,824660,Wrigley Field,Chicago Cubs,San Diego Padres,13,2,3,0,23,3,17,11,9,6,607067,Colin Rea,621111,Walker Buehler
2026-07-01,822791,Rogers Centre,Toronto Blue Jays,New York Mets,5,0,1,0,9,3,12,5,7,2,680755,Braydon Fisher,642547,Freddy Peralta
2026-07-01,823446,Citizens Bank Park,Philadelphia Phillies,Pittsburgh Pirates,8,4,0,0,10,6,11,12,7,9,554430,Zack Wheeler,694973,Paul Skenes
2026-07-01,824905,Truist Park,Atlanta Braves,St. Louis Cardinals,2,1,1,1,5,1,7,2,3,2,625643,Reynaldo López,700241,Michael McGreevy
2026-07-01,824094,Kauffman Stadium,Kansas City Royals,Tampa Bay Rays,0,2,0,2,0,4,6,11,3,7,607625,Seth Lugo,663556,Shane McClanahan
2026-07-01,824174,Daikin Park,Houston Astros,Minnesota Twins,1,7,1,2,3,8,8,8,4,7,837227,Tatsuya Imai,671737,Taj Bradley
2026-07-01,823767,American Family Field,Milwaukee Brewers,Cincinnati Reds,2,2,2,0,4,2,8,8,5,5,675660,Shane Drohan,671096,Andrew Abbott
2026-07-01,824337,Coors Field,Colorado Rockies,Miami Marlins,5,2,1,0,6,3,7,7,6,6,607536,Kyle Freeland,676974,Max Meyer
2026-07-01,824985,Sutter Health Park,Athletics,Los Angeles Dodgers,6,1,0,0,7,1,12,5,11,3,669372,J.T. Ginn,676263,Jack Dreyer
2026-07-01,825064,Chase Field,Arizona Diamondbacks,San Francisco Giants,0,3,0,0,4,6,7,11,1,5,668678,Zac Gallen,686790,Trevor McDonald
2026-07-02,823442,Citizens Bank Park,Philadelphia Phillies,Pittsburgh Pirates,1,1,0,0,1,6,4,14,3,6,660604,Alan Rangel,683003,Jared Jones
2026-07-02,823765,American Family Field,Milwaukee Brewers,Cincinnati Reds,1,5,0,1,2,7,4,11,2,5,694819,Jacob Misiorowski,695505,Chase Burns
2026-07-02,824335,Coors Field,Colorado Rockies,Miami Marlins,5,4,1,2,14,4,14,6,5,3,547179,Michael Lorenzen,687473,Ryan Gusto
2026-07-02,824416,Progressive Field,Cleveland Guardians,Chicago White Sox,2,3,0,0,6,5,9,10,6,7,677944,Slade Cecconi,663436,Davis Martin
2026-07-02,824906,Truist Park,Atlanta Braves,St. Louis Cardinals,5,3,5,3,5,11,8,15,7,5,694462,Hurston Waldrep,669160,Dustin May
2026-07-02,824093,Kauffman Stadium,Kansas City Royals,Tampa Bay Rays,1,5,1,0,2,5,5,11,2,8,663568,Stephen Kolek,693855,Ian Seymour
2026-07-02,822884,Globe Life Field,Texas Rangers,Detroit Tigers,5,3,0,0,10,4,17,11,9,5,543135,Nathan Eovaldi,664285,Framber Valdez
2026-07-02,823119,T-Mobile Park,Seattle Mariners,Los Angeles Angels,0,0,0,0,1,0,2,4,,,682243,Bryce Miller,700712,Walbert Ureña
2026-07-02,823935,UNIQLO Field at Dodger Stadium,Los Angeles Dodgers,San Diego Padres,10,6,0,2,12,7,17,10,15,8,808963,Roki Sasaki,681190,Randy Vásquez
2026-07-03,824659,Wrigley Field,Chicago Cubs,St. Louis Cardinals,0,14,0,0,1,17,7,17,4,13,656849,David Peterson,669467,Andre Pallante
2026-07-03,822714,Nationals Park,Washington Nationals,Pittsburgh Pirates,5,1,1,0,9,5,12,13,8,4,656492,Foster Griffin,656605,Mitch Keller
2026-07-03,823527,Yankee Stadium,New York Yankees,Minnesota Twins,3,2,1,1,5,2,6,6,4,5,543037,Gerrit Cole,702474,Mike Paredes
2026-07-03,824498,Great American Ball Park,Cincinnati Reds,Baltimore Orioles,0,3,0,1,0,3,4,4,2,3,663903,Brady Singer,669432,Trevor Rogers
2026-07-03,824417,Progressive Field,Cleveland Guardians,Chicago White Sox,1,3,0,0,4,3,6,6,2,5,668909,Gavin Williams,641743,Anthony Kay
2026-07-03,824904,Truist Park,Atlanta Braves,New York Mets,4,2,0,0,5,3,5,10,3,5,656550,Grant Holmes,681035,Christian Scott
2026-07-03,824336,Coors Field,Colorado Rockies,San Francisco Giants,14,2,3,0,15,3,18,8,17,5,663372,Ryan Feltner,657277,Logan Webb
2026-07-03,824173,Daikin Park,Houston Astros,Tampa Bay Rays,0,0,0,0,1,3,3,5,1,1,681293,Spencer Arrighetti,607259,Nick Martinez
2026-07-03,824013,Angel Stadium,Los Angeles Angels,Boston Red Sox,0,5,0,0,2,5,7,11,1,7,672282,Reid Detmers,687562,Jake Bennett
2026-07-03,824982,Sutter Health Park,Athletics,Miami Marlins,5,7,0,6,5,12,9,11,9,7,678022,Jack Perkins,663969,Tyler Phillips
2026-07-03,825062,Chase Field,Arizona Diamondbacks,Milwaukee Brewers,3,3,0,0,4,7,9,12,5,7,703615,Jose Cabrera,690986,Kyle Harrison
2026-07-03,823933,UNIQLO Field at Dodger Stadium,Los Angeles Dodgers,San Diego Padres,0,2,0,1,4,3,5,8,1,4,660271,Shohei Ohtani,650633,Michael King
2026-07-03,823120,T-Mobile Park,Seattle Mariners,Toronto Blue Jays,0,2,0,0,0,2,4,6,2,5,622491,Luis Castillo,656302,Dylan Cease
2026-07-04,822716,Nationals Park,Washington Nationals,Pittsburgh Pirates,1,5,1,1,1,7,6,11,4,8,687223,Carson Palmquist,677952,Braxton Ashcraft
2026-07-04,823526,Yankee Stadium,New York Yankees,Minnesota Twins,4,6,0,3,4,11,7,11,4,7,694341,Brendan Beck,805673,Zebby Matthews
2026-07-04,822882,Globe Life Field,Texas Rangers,Detroit Tigers,0,3,0,2,0,3,3,6,2,3,615698,Cal Quantrill,656427,Jack Flaherty
2026-07-04,823118,T-Mobile Park,Seattle Mariners,Toronto Blue Jays,7,0,0,0,11,0,11,1,6,1,669302,Logan Gilbert,669456,Shane Bieber
2026-07-04,824499,Great American Ball Park,Cincinnati Reds,Baltimore Orioles,4,8,1,3,5,8,11,10,7,8,668881,Hunter Greene,687064,Brandon Young
2026-07-04,824171,Daikin Park,Houston Astros,Tampa Bay Rays,5,7,2,1,10,8,11,9,6,6,686613,Hunter Brown,656876,Drew Rasmussen
2026-07-04,824415,Progressive Field,Cleveland Guardians,Chicago White Sox,1,1,0,1,1,3,7,9,7,5,800048,Parker Messick,680732,Sean Burke
2026-07-04,824658,Wrigley Field,Chicago Cubs,St. Louis Cardinals,0,2,0,1,0,3,5,8,3,4,684007,Shota Imanaga,681517,Kyle Leahy
2026-07-04,824903,Truist Park,Atlanta Braves,New York Mets,6,1,0,0,14,3,12,10,5,4,519242,Chris Sale,640455,Sean Manaea
2026-07-04,824334,Coors Field,Colorado Rockies,San Francisco Giants,3,6,3,4,4,6,7,14,3,10,807743,Sean Sullivan,592662,Robbie Ray
2026-07-04,824092,Kauffman Stadium,Kansas City Royals,Philadelphia Phillies,1,3,0,0,1,6,5,12,4,7,608379,Michael Wacha,666200,Jesús Luzardo
2026-07-04,824012,Angel Stadium,Los Angeles Angels,Boston Red Sox,1,7,0,3,1,8,4,7,4,4,691951,Sam Aldegheri,543243,Sonny Gray
2026-07-04,824983,Sutter Health Park,Athletics,Miami Marlins,0,4,0,0,2,7,7,13,3,6,650644,Aaron Civale,645261,Sandy Alcantara
2026-07-04,825063,Chase Field,Arizona Diamondbacks,Milwaukee Brewers,3,2,3,0,4,3,4,12,2,8,518876,Merrill Kelly,605540,Brandon Woodruff
2026-07-04,823932,UNIQLO Field at Dodger Stadium,Los Angeles Dodgers,San Diego Padres,1,0,0,0,3,0,5,4,3,3,808967,Yoshinobu Yamamoto,593974,Wandy Peralta
2026-07-05,824902,Truist Park,Atlanta Braves,New York Mets,3,5,3,1,9,10,12,12,4,6,527048,Martín Pérez,690997,Nolan McLean
2026-07-05,822715,Nationals Park,Washington Nationals,Pittsburgh Pirates,4,4,0,0,5,11,10,13,6,7,676917,Cade Cavalli,696149,Bubba Chandler
2026-07-05,824497,Great American Ball Park,Cincinnati Reds,Baltimore Orioles,2,0,0,0,3,2,5,7,2,4,666157,Nick Lodolo,680694,Kyle Bradish
2026-07-05,823525,Yankee Stadium,New York Yankees,Minnesota Twins,0,4,0,1,1,6,5,13,2,7,677960,Ryan Weathers,657746,Joe Ryan
2026-07-05,824413,Progressive Field,Cleveland Guardians,Chicago White Sox,6,6,3,2,6,7,12,9,11,6,676440,Tanner Bibee,669684,Chris Murphy
2026-07-05,824656,Wrigley Field,Chicago Cubs,St. Louis Cardinals,2,0,2,0,6,4,7,7,3,2,665871,Javier Assad,669461,Matthew Liberatore
2026-07-05,824091,Kauffman Stadium,Kansas City Royals,Philadelphia Phillies,3,1,2,0,5,2,8,5,7,3,679883,Luinder Avila,605400,Aaron Nola
2026-07-05,824172,Daikin Park,Houston Astros,Tampa Bay Rays,1,0,0,0,2,0,6,4,3,2,663567,Peter Lambert,669438,Mason Englert
2026-07-05,822879,Globe Life Field,Texas Rangers,Detroit Tigers,2,6,0,0,3,6,6,10,5,8,677958,Kumar Rocker,663554,Casey Mize
2026-07-05,824333,Coors Field,Colorado Rockies,San Francisco Giants,4,5,2,0,7,6,11,10,8,6,685299,Tanner Gordon,641816,Tyler Mahle
2026-07-05,825061,Chase Field,Arizona Diamondbacks,Milwaukee Brewers,1,0,1,0,2,3,7,7,5,2,593958,Eduardo Rodriguez,687075,Brandon Sproat
2026-07-05,824980,Sutter Health Park,Athletics,Miami Marlins,0,6,0,1,8,9,7,16,0,9,695611,Gage Jump,691587,Eury Pérez
2026-07-05,823117,T-Mobile Park,Seattle Mariners,Toronto Blue Jays,3,0,0,0,4,0,6,3,3,2,676106,Emerson Hancock,702056,Trey Yesavage
2026-07-05,823931,UNIQLO Field at Dodger Stadium,Los Angeles Dodgers,San Diego Padres,0,1,0,0,2,5,4,8,1,3,686218,Emmet Sheehan,676664,JP Sears
2026-07-05,824010,Angel Stadium,Los Angeles Angels,Boston Red Sox,3,5,2,0,5,7,9,10,6,6,696270,Ryan Johnson,624133,Ranger Suarez
2026-07-06,824089,Kauffman Stadium,Kansas City Royals,Philadelphia Phillies,10,1,6,1,15,1,22,10,13,6,702070,Noah Cameron,650911,Cristopher Sánchez
2026-07-06,822958,Tropicana Field,Tampa Bay Rays,New York Yankees,1,3,0,0,1,5,4,3,3,1,643377,Griffin Jax,693645,Cam Schlittler
2026-07-06,822712,Nationals Park,Washington Nationals,Houston Astros,12,6,1,1,12,11,13,12,11,7,571945,Miles Mikolas,681347,Mike Burrows
2026-07-06,824900,Truist Park,Atlanta Braves,New York Mets,3,1,0,0,6,7,13,11,6,3,625643,Reynaldo López,642547,Freddy Peralta
2026-07-06,823036,Busch Stadium,St. Louis Cardinals,Milwaukee Brewers,2,0,0,0,3,4,7,8,4,4,669160,Dustin May,675660,Shane Drohan
2026-07-06,823282,Petco Park,San Diego Padres,Arizona Diamondbacks,0,7,0,2,0,8,8,11,4,7,621111,Walker Buehler,694297,Brandon Pfaadt
2026-07-06,823205,Oracle Park,San Francisco Giants,Toronto Blue Jays,3,0,1,0,10,1,8,3,4,1,694738,Landen Roupp,592332,Kevin Gausman
2026-07-06,823930,UNIQLO Field at Dodger Stadium,Los Angeles Dodgers,Colorado Rockies,6,2,0,0,8,7,13,9,9,4,641778,Eric Lauer,607536,Kyle Freeland
2026-07-07,823062,Busch Stadium,St. Louis Cardinals,Milwaukee Brewers,3,2,2,0,3,4,5,10,3,5,694335,Matt Svanson,694819,Jacob Misiorowski
2026-07-07,823035,Busch Stadium,St. Louis Cardinals,Milwaukee Brewers,0,3,0,0,2,10,4,11,2,4,690928,Hunter Dobbins,688107,Robert Gasser
2026-07-07,824820,Oriole Park at Camden Yards,Baltimore Orioles,Chicago Cubs,0,3,0,0,2,5,6,10,3,5,669358,Shane Baz,571510,Matthew Boyd
2026-07-07,824254,Comerica Park,Detroit Tigers,Athletics,2,1,2,0,6,2,8,7,3,5,669373,Tarik Skubal,669372,J.T. Ginn
2026-07-07,823361,PNC Park,Pittsburgh Pirates,Atlanta Braves,7,2,4,1,12,4,14,11,6,7,694973,Paul Skenes,694462,Hurston Waldrep
2026-07-07,823847,loanDepot park,Miami Marlins,Seattle Mariners,4,2,0,0,6,5,11,8,9,3,676974,Max Meyer,693433,Bryan Woo
2026-07-07,822956,Tropicana Field,Tampa Bay Rays,New York Yankees,6,3,0,0,6,4,8,11,8,5,693855,Ian Seymour,701542,Will Warren
2026-07-07,822713,Nationals Park,Washington Nationals,Houston Astros,2,4,1,0,3,6,11,6,5,3,674841,Andrew Alvarez,837227,Tatsuya Imai
2026-07-07,823607,Citi Field,New York Mets,Kansas City Royals,9,9,3,0,12,16,13,19,9,12,672335,Cionel Pérez,607625,Seth Lugo
2026-07-07,824495,Great American Ball Park,Cincinnati Reds,Philadelphia Phillies,0,3,0,0,1,4,5,8,2,5,671096,Andrew Abbott,554430,Zack Wheeler
2026-07-07,823687,Target Field,Minnesota Twins,Cleveland Guardians,2,1,0,0,3,1,10,3,6,2,671737,Taj Bradley,676282,Joey Cantillo
2026-07-07,824579,Rate Field,Chicago White Sox,Boston Red Sox,0,4,0,0,1,8,4,11,2,7,702273,Noah Schultz,801139,Payton Tolle
2026-07-07,822881,Globe Life Field,Texas Rangers,Los Angeles Angels,2,2,0,2,8,3,11,9,2,5,594798,Jacob deGrom,667755,José Soriano
2026-07-07,823280,Petco Park,San Diego Padres,Arizona Diamondbacks,4,1,4,1,4,1,6,5,5,3,608566,Germán Márquez,668678,Zac Gallen
2026-07-07,823203,Oracle Park,San Francisco Giants,Toronto Blue Jays,3,8,0,0,3,9,9,13,9,11,686790,Trevor McDonald,693686,Spencer Miles
2026-07-07,823929,UNIQLO Field at Dodger Stadium,Los Angeles Dodgers,Colorado Rockies,2,0,1,0,3,4,8,8,5,4,680736,Justin Wrobleski,547179,Michael Lorenzen
2026-07-08,823202,Oracle Park,San Francisco Giants,Toronto Blue Jays,0,5,0,5,0,10,1,11,0,5,657277,Logan Webb,656302,Dylan Cease
2026-07-08,824815,Oriole Park at Camden Yards,Baltimore Orioles,Chicago Cubs,3,4,0,0,7,9,14,8,7,6,665152,Dean Kremer,607067,Colin Rea
2026-07-08,824253,Comerica Park,Detroit Tigers,Athletics,6,1,1,0,6,1,7,7,6,4,675512,Troy Melton,605488,Jeffrey Springs
2026-07-08,823360,PNC Park,Pittsburgh Pirates,Atlanta Braves,0,0,0,0,0,3,4,5,3,0,683003,Jared Jones,656550,Grant Holmes
2026-07-08,823848,loanDepot park,Miami Marlins,Seattle Mariners,2,0,0,0,2,0,8,5,8,4,663969,Tyler Phillips,669923,George Kirby
2026-07-08,822957,Tropicana Field,Tampa Bay Rays,New York Yankees,2,0,0,0,3,0,8,6,7,2,663556,Shane McClanahan,543037,Gerrit Cole
2026-07-08,822710,Nationals Park,Washington Nationals,Houston Astros,8,1,0,0,8,2,9,8,7,4,656492,Foster Griffin,681293,Spencer Arrighetti
2026-07-08,823605,Citi Field,New York Mets,Kansas City Royals,1,0,1,0,6,2,9,8,3,3,681035,Christian Scott,674444,Steven Cruz
2026-07-08,824496,Great American Ball Park,Cincinnati Reds,Philadelphia Phillies,7,3,0,0,11,5,11,8,8,3,695505,Chase Burns,660604,Alan Rangel
2026-07-08,823684,Target Field,Minnesota Twins,Cleveland Guardians,3,3,0,0,6,5,11,8,6,4,687570,Connor Prielipp,677944,Slade Cecconi
2026-07-08,824578,Rate Field,Chicago White Sox,Boston Red Sox,0,5,0,0,0,5,4,10,4,7,663436,Davis Martin,687562,Jake Bennett
2026-07-08,823032,Busch Stadium,St. Louis Cardinals,Milwaukee Brewers,3,0,2,0,5,1,7,7,4,3,700241,Michael McGreevy,690986,Kyle Harrison
2026-07-08,822880,Globe Life Field,Texas Rangers,Los Angeles Angels,0,7,0,1,1,13,3,15,1,9,669022,MacKenzie Gore,700712,Walbert Ureña
2026-07-08,823928,UNIQLO Field at Dodger Stadium,Los Angeles Dodgers,Colorado Rockies,3,3,3,0,4,3,7,5,3,4,808963,Roki Sasaki,687312,Gabriel Hughes
2026-07-08,823279,Petco Park,San Diego Padres,Arizona Diamondbacks,4,1,0,1,10,4,13,10,4,3,650633,Michael King,703615,Jose Cabrera
2026-07-09,823359,PNC Park,Pittsburgh Pirates,Atlanta Braves,4,6,0,1,5,10,8,11,5,8,656605,Mitch Keller,693821,Bryce Elder
2026-07-09,823606,Citi Field,New York Mets,Kansas City Royals,6,2,0,1,7,3,10,7,7,4,640455,Sean Manaea,608379,Michael Wacha
2026-07-09,822954,Tropicana Field,Tampa Bay Rays,New York Yankees,3,7,1,0,4,12,10,14,6,8,656876,Drew Rasmussen,621112,Paul Blackburn
2026-07-09,824816,Oriole Park at Camden Yards,Baltimore Orioles,Chicago Cubs,1,0,0,0,3,2,3,9,2,4,669432,Trevor Rogers,656849,David Peterson
2026-07-09,823683,Target Field,Minnesota Twins,Cleveland Guardians,1,1,0,0,2,5,3,6,2,3,641927,Bailey Ober,668909,Gavin Williams
2026-07-09,824577,Rate Field,Chicago White Sox,Boston Red Sox,1,2,0,0,1,2,7,4,6,3,641743,Anthony Kay,663776,Patrick Sandoval
2026-07-09,824251,Comerica Park,Detroit Tigers,Athletics,3,1,0,0,4,1,6,5,2,1,664285,Framber Valdez,660761,José Suarez
2026-07-09,823846,loanDepot park,Miami Marlins,Seattle Mariners,6,2,0,0,8,4,12,7,9,3,676083,Janson Junk,682243,Bryce Miller
2026-07-09,824494,Great American Ball Park,Cincinnati Reds,Philadelphia Phillies,0,0,0,0,0,1,3,5,2,1,663903,Brady Singer,666200,Jesús Luzardo
2026-07-09,823034,Busch Stadium,St. Louis Cardinals,Milwaukee Brewers,1,6,0,0,4,8,5,11,3,7,669467,Andre Pallante,701656,Logan Henderson
2026-07-09,822877,Globe Life Field,Texas Rangers,Los Angeles Angels,5,1,2,0,7,6,11,10,7,4,543135,Nathan Eovaldi,672282,Reid Detmers
2026-07-09,823277,Petco Park,San Diego Padres,Arizona Diamondbacks,1,2,0,0,1,3,3,8,3,7,656288,Griffin Canning,518876,Merrill Kelly
2026-07-09,823201,Oracle Park,San Francisco Giants,Colorado Rockies,4,2,1,0,8,2,13,5,6,3,687931,Carson Whisenhunt,663372,Ryan Feltner
2026-07-10,824252,Comerica Park,Detroit Tigers,Philadelphia Phillies,2,2,0,0,10,2,8,4,3,2,656427,Jack Flaherty,605400,Aaron Nola
2026-07-10,822709,Nationals Park,Washington Nationals,New York Yankees,1,2,0,1,3,5,8,13,4,6,687223,Carson Palmquist,677960,Ryan Weathers
2026-07-10,824817,Oriole Park at Camden Yards,Baltimore Orioles,Kansas City Royals,3,2,0,0,5,3,9,9,7,6,687064,Brandon Young,679883,Luinder Avila
2026-07-10,824493,Great American Ball Park,Cincinnati Reds,Chicago Cubs,1,0,0,0,4,0,13,4,7,2,668881,Hunter Greene,684007,Shota Imanaga
2026-07-10,822955,Tropicana Field,Tampa Bay Rays,Seattle Mariners,4,1,0,0,7,2,14,5,9,2,607259,Nick Martinez,622491,Luis Castillo
2026-07-10,823845,loanDepot park,Miami Marlins,Cleveland Guardians,0,3,0,0,2,3,4,5,0,5,645261,Sandy Alcantara,800048,Parker Messick
2026-07-10,823604,Citi Field,New York Mets,Boston Red Sox,1,2,0,2,2,6,10,11,4,5,690997,Nolan McLean,543243,Sonny Gray
2026-07-10,824575,Rate Field,Chicago White Sox,Athletics,4,0,0,0,14,1,15,5,6,1,680732,Sean Burke,682052,Jacob Lopez
2026-07-10,822878,Globe Life Field,Texas Rangers,Houston Astros,3,0,2,0,7,3,8,8,4,4,615698,Cal Quantrill,686613,Hunter Brown
2026-07-10,823685,Target Field,Minnesota Twins,Los Angeles Angels,1,4,1,0,3,4,9,10,4,7,805673,Zebby Matthews,680570,Grayson Rodriguez
2026-07-10,823033,Busch Stadium,St. Louis Cardinals,Atlanta Braves,0,1,0,0,2,1,5,3,2,3,681517,Kyle Leahy,519242,Chris Sale
2026-07-10,823278,Petco Park,San Diego Padres,Toronto Blue Jays,2,5,2,0,3,5,10,9,6,8,676664,JP Sears,669456,Shane Bieber
2026-07-10,823927,UNIQLO Field at Dodger Stadium,Los Angeles Dodgers,Arizona Diamondbacks,2,6,2,2,3,9,9,9,7,4,669165,Kyle Hurt,593958,Eduardo Rodriguez
2026-07-10,823200,Oracle Park,San Francisco Giants,Colorado Rockies,1,1,0,0,3,4,11,10,8,4,592662,Robbie Ray,685299,Tanner Gordon
2026-07-11,823357,PNC Park,Pittsburgh Pirates,Milwaukee Brewers,3,5,2,0,7,6,7,9,2,5,677952,Braxton Ashcraft,687075,Brandon Sproat
2026-07-11,823356,PNC Park,Pittsburgh Pirates,Milwaukee Brewers,2,2,0,0,3,2,7,7,3,5,696149,Bubba Chandler,675660,Shane Drohan
2026-07-11,823682,Target Field,Minnesota Twins,Los Angeles Angels,3,2,0,0,5,3,9,10,3,6,657746,Joe Ryan,696270,Ryan Johnson
2026-07-11,824576,Rate Field,Chicago White Sox,Athletics,0,0,0,0,1,0,5,4,4,1,663542,Bryan Hudson,695611,Gage Jump
2026-07-11,823198,Oracle Park,San Francisco Giants,Colorado Rockies,1,1,0,0,4,2,7,6,3,5,641816,Tyler Mahle,607536,Kyle Freeland
2026-07-11,822711,Nationals Park,Washington Nationals,New York Yankees,2,0,2,0,2,4,7,9,4,3,676571,PJ Poulin,693645,Cam Schlittler
2026-07-11,823603,Citi Field,New York Mets,Boston Red Sox,0,2,0,0,0,4,3,6,2,3,642547,Freddy Peralta,700842,Eduardo Rivera
2026-07-11,822953,Tropicana Field,Tampa Bay Rays,Seattle Mariners,2,1,0,0,6,1,12,6,7,4,643377,Griffin Jax,669302,Logan Gilbert
2026-07-11,823844,loanDepot park,Miami Marlins,Cleveland Guardians,0,2,0,0,1,4,7,11,4,7,691587,Eury Pérez,676440,Tanner Bibee
2026-07-11,824249,Comerica Park,Detroit Tigers,Philadelphia Phillies,1,4,0,0,2,4,10,7,6,5,663554,Casey Mize,650911,Cristopher Sánchez
2026-07-11,824813,Oriole Park at Camden Yards,Baltimore Orioles,Kansas City Royals,4,0,0,0,6,1,6,2,4,0,680694,Kyle Bradish,702070,Noah Cameron
2026-07-11,822875,Globe Life Field,Texas Rangers,Houston Astros,1,7,0,2,3,9,7,10,2,8,677958,Kumar Rocker,663567,Peter Lambert
2026-07-11,824492,Great American Ball Park,Cincinnati Reds,Chicago Cubs,2,1,0,0,3,5,11,9,7,4,666157,Nick Lodolo,665871,Javier Assad
2026-07-11,823030,Busch Stadium,St. Louis Cardinals,Atlanta Braves,4,0,3,0,4,1,5,6,5,2,669461,Matthew Liberatore,625643,Reynaldo López
2026-07-11,823276,Petco Park,San Diego Padres,Toronto Blue Jays,7,4,2,0,8,7,8,8,6,5,621111,Walker Buehler,702056,Trey Yesavage
2026-07-11,823926,UNIQLO Field at Dodger Stadium,Los Angeles Dodgers,Arizona Diamondbacks,0,1,0,0,2,9,6,9,2,2,808967,Yoshinobu Yamamoto,694297,Brandon Pfaadt
2026-07-12,823358,PNC Park,Pittsburgh Pirates,Milwaukee Brewers,14,2,0,0,14,5,15,8,13,3,694973,Paul Skenes,688107,Robert Gasser
2026-07-12,824814,Oriole Park at Camden Yards,Baltimore Orioles,Kansas City Royals,2,2,0,0,8,2,12,10,4,8,669358,Shane Baz,607625,Seth Lugo
2026-07-12,822708,Nationals Park,Washington Nationals,New York Yankees,1,2,1,0,3,5,6,8,4,4,676917,Cade Cavalli,701542,Will Warren
2026-07-12,824491,Great American Ball Park,Cincinnati Reds,Chicago Cubs,4,4,0,2,4,8,9,9,5,5,671096,Andrew Abbott,571510,Matthew Boyd
2026-07-12,823602,Citi Field,New York Mets,Boston Red Sox,1,0,1,0,2,3,6,4,3,1,804267,Zac Thornton,801139,Payton Tolle
2026-07-12,822951,Tropicana Field,Tampa Bay Rays,Seattle Mariners,0,7,0,0,2,8,4,9,2,7,693855,Ian Seymour,676106,Emerson Hancock
2026-07-12,824250,Comerica Park,Detroit Tigers,Philadelphia Phillies,0,1,0,0,0,5,2,9,2,3,669373,Tarik Skubal,554430,Zack Wheeler
2026-07-12,823842,loanDepot park,Miami Marlins,Cleveland Guardians,1,3,0,2,2,5,8,11,6,8,663969,Tyler Phillips,676282,Joey Cantillo
2026-07-12,823681,Target Field,Minnesota Twins,Los Angeles Angels,3,1,0,0,4,2,6,7,5,3,671737,Taj Bradley,667755,José Soriano
2026-07-12,824574,Rate Field,Chicago White Sox,Athletics,9,1,6,1,9,1,9,6,8,4,702273,Noah Schultz,669372,J.T. Ginn
2026-07-12,823029,Busch Stadium,St. Louis Cardinals,Atlanta Braves,1,2,1,0,3,4,4,7,1,3,669160,Dustin May,664849,Danny Young
2026-07-12,822876,Globe Life Field,Texas Rangers,Houston Astros,4,1,0,0,6,5,11,8,5,2,669022,MacKenzie Gore,664299,Cristian Javier
2026-07-12,823199,Oracle Park,San Francisco Giants,Colorado Rockies,1,1,0,1,3,1,8,4,5,3,686790,Trevor McDonald,547179,Michael Lorenzen
2026-07-12,823925,UNIQLO Field at Dodger Stadium,Los Angeles Dodgers,Arizona Diamondbacks,3,2,1,0,3,5,3,5,3,3,686218,Emmet Sheehan,683352,Mitch Bratt
2026-07-12,823274,Petco Park,San Diego Padres,Toronto Blue Jays,3,3,0,1,5,4,7,9,3,7,608566,Germán Márquez,592332,Kevin Gausman
2026-07-16,823440,Citizens Bank Park,Philadelphia Phillies,New York Mets,0,1,0,0,1,4,4,7,2,4,605400,Aaron Nola,681035,Christian Scott
2026-07-17,824766,Fenway Park,Boston Red Sox,Tampa Bay Rays,3,0,0,0,10,0,15,3,6,1,687562,Jake Bennett,643377,Griffin Jax
2026-07-17,824737,Fenway Park,Boston Red Sox,Tampa Bay Rays,5,3,3,2,5,3,8,7,8,5,700842,Eduardo Rivera,669438,Mason Englert
2026-07-17,823524,Yankee Stadium,New York Yankees,Los Angeles Dodgers,1,0,0,0,1,2,6,5,3,3,543037,Gerrit Cole,808963,Roki Sasaki
2026-07-17,824901,Truist Park,Atlanta Braves,Texas Rangers,8,0,0,0,15,1,19,5,14,1,519242,Chris Sale,615698,Cal Quantrill
2026-07-17,822789,Rogers Centre,Toronto Blue Jays,Chicago White Sox,3,8,0,0,4,12,7,12,4,8,693686,Spencer Miles,641743,Anthony Kay
2026-07-17,823766,American Family Field,Milwaukee Brewers,Miami Marlins,1,1,0,0,2,1,6,7,3,3,701656,Logan Henderson,645261,Sandy Alcantara
2026-07-17,824655,Wrigley Field,Chicago Cubs,Minnesota Twins,1,4,1,0,2,5,6,7,4,5,607067,Colin Rea,641927,Bailey Ober
2026-07-17,824170,Daikin Park,Houston Astros,Baltimore Orioles,2,1,1,0,2,3,6,5,4,3,663567,Peter Lambert,665152,Dean Kremer
2026-07-17,824090,Kauffman Stadium,Kansas City Royals,San Diego Padres,1,2,0,0,7,6,13,8,4,4,607625,Seth Lugo,650633,Michael King
2026-07-17,824332,Coors Field,Colorado Rockies,Cincinnati Reds,1,1,0,1,2,7,6,11,2,5,687312,Gabriel Hughes,663903,Brady Singer
2026-07-17,824009,Angel Stadium,Los Angeles Angels,Detroit Tigers,1,0,1,0,1,2,5,6,4,4,672282,Reid Detmers,675512,Troy Melton
2026-07-17,824981,Sutter Health Park,Athletics,Washington Nationals,2,8,0,0,4,23,9,21,4,7,695611,Gage Jump,676917,Cade Cavalli
2026-07-17,825060,Chase Field,Arizona Diamondbacks,St. Louis Cardinals,2,3,0,2,4,5,8,8,5,4,518876,Merrill Kelly,700241,Michael McGreevy
2026-07-17,823115,T-Mobile Park,Seattle Mariners,San Francisco Giants,0,2,0,0,0,7,2,12,2,6,682243,Bryce Miller,694738,Landen Roupp
2026-07-18,824414,Progressive Field,Cleveland Guardians,Pittsburgh Pirates,1,2,0,0,1,7,6,11,3,4,668909,Gavin Williams,683003,Jared Jones
2026-07-18,824412,Progressive Field,Cleveland Guardians,Pittsburgh Pirates,0,3,0,0,5,3,11,6,2,6,671106,Logan Allen,682254,Mason Montgomery
2026-07-18,824657,Wrigley Field,Chicago Cubs,Minnesota Twins,5,1,1,0,6,2,11,8,7,2,571510,Matthew Boyd,671737,Taj Bradley
2026-07-18,823441,Citizens Bank Park,Philadelphia Phillies,New York Mets,4,1,2,0,6,1,12,3,7,2,666200,Jesús Luzardo,640455,Sean Manaea
2026-07-18,822790,Rogers Centre,Toronto Blue Jays,Chicago White Sox,1,0,0,0,1,0,5,4,4,3,669456,Shane Bieber,663436,Davis Martin
2026-07-18,824331,Coors Field,Colorado Rockies,Cincinnati Reds,8,2,2,0,10,3,14,9,13,5,608372,Tomoyuki Sugano,695076,Rhett Lowder
2026-07-18,824169,Daikin Park,Houston Astros,Baltimore Orioles,0,1,0,0,2,4,9,5,5,1,681293,Spencer Arrighetti,669432,Trevor Rogers
2026-07-18,824088,Kauffman Stadium,Kansas City Royals,San Diego Padres,4,1,2,0,6,1,9,6,5,4,677976,Randy Dobnak,656288,Griffin Canning
2026-07-18,825059,Chase Field,Arizona Diamondbacks,St. Louis Cardinals,5,0,0,0,5,3,8,8,8,2,694297,Brandon Pfaadt,669160,Dustin May
2026-07-18,824738,Fenway Park,Boston Red Sox,Tampa Bay Rays,3,5,0,0,7,6,6,10,3,9,663776,Patrick Sandoval,693855,Ian Seymour
2026-07-18,824899,Truist Park,Atlanta Braves,Texas Rangers,5,3,0,1,6,7,9,12,6,6,702566,Owen Murphy,669022,MacKenzie Gore
2026-07-18,823763,American Family Field,Milwaukee Brewers,Miami Marlins,2,3,0,0,8,6,10,7,4,5,675660,Shane Drohan,676974,Max Meyer
2026-07-18,823116,T-Mobile Park,Seattle Mariners,San Francisco Giants,0,1,0,0,4,3,3,7,1,4,693433,Bryan Woo,657277,Logan Webb
2026-07-18,824979,Sutter Health Park,Athletics,Washington Nationals,6,0,5,0,15,1,13,4,6,0,669372,J.T. Ginn,641793,Zack Littell
2026-07-18,824008,Angel Stadium,Los Angeles Angels,Detroit Tigers,0,7,0,4,0,7,7,11,3,8,680570,Grayson Rodriguez,669373,Tarik Skubal
2026-07-19,822786,Rogers Centre,Toronto Blue Jays,Chicago White Sox,0,1,0,0,0,3,4,6,1,2,702056,Trey Yesavage,680732,Sean Burke
2026-07-19,823523,Yankee Stadium,New York Yankees,Los Angeles Dodgers,1,3,0,0,2,8,4,10,1,6,693645,Cam Schlittler,808967,Yoshinobu Yamamoto
2026-07-19,823521,Yankee Stadium,New York Yankees,Los Angeles Dodgers,1,0,1,0,2,1,8,4,6,3,642232,Ryan Yarbrough,694361,Will Klein
2026-07-19,824739,Fenway Park,Boston Red Sox,Tampa Bay Rays,6,1,0,0,6,1,6,8,5,5,543243,Sonny Gray,663556,Shane McClanahan
2026-07-19,823439,Citizens Bank Park,Philadelphia Phillies,New York Mets,0,5,0,2,1,6,6,14,1,8,660604,Alan Rangel,690997,Nolan McLean
2026-07-19,824897,Truist Park,Atlanta Braves,Texas Rangers,4,3,1,0,8,5,14,11,7,7,656550,Grant Holmes,543135,Nathan Eovaldi
2026-07-19,824411,Progressive Field,Cleveland Guardians,Pittsburgh Pirates,1,2,0,0,1,7,7,11,4,5,676282,Joey Cantillo,694973,Paul Skenes
2026-07-19,824168,Daikin Park,Houston Astros,Baltimore Orioles,1,4,0,0,2,5,7,6,3,3,686613,Hunter Brown,687064,Brandon Young
2026-07-19,824086,Kauffman Stadium,Kansas City Royals,San Diego Padres,2,7,1,0,2,19,8,19,5,9,702070,Noah Cameron,608566,Germán Márquez
2026-07-19,823764,American Family Field,Milwaukee Brewers,Miami Marlins,0,1,0,0,3,1,4,6,1,3,688107,Robert Gasser,691587,Eury Pérez
2026-07-19,824653,Wrigley Field,Chicago Cubs,Minnesota Twins,10,0,2,0,10,1,12,8,10,3,684007,Shota Imanaga,805673,Zebby Matthews
2026-07-19,824330,Coors Field,Colorado Rockies,Cincinnati Reds,1,9,1,5,6,9,8,10,2,9,663372,Ryan Feltner,668881,Hunter Greene
2026-07-19,824978,Sutter Health Park,Athletics,Washington Nationals,1,5,0,0,2,5,11,7,6,4,682052,Jacob Lopez,656492,Foster Griffin
2026-07-19,824007,Angel Stadium,Los Angeles Angels,Detroit Tigers,2,1,0,1,3,2,9,4,6,2,696270,Ryan Johnson,663554,Casey Mize
2026-07-19,823113,T-Mobile Park,Seattle Mariners,San Francisco Giants,3,3,0,2,6,3,12,5,8,4,669302,Logan Gilbert,592662,Robbie Ray
2026-07-19,825057,Chase Field,Arizona Diamondbacks,St. Louis Cardinals,0,7,0,0,8,7,10,13,2,9,593958,Eduardo Rodriguez,669467,Andre Pallante
2026-07-20,824410,Progressive Field,Cleveland Guardians,Minnesota Twins,9,2,3,0,13,4,19,10,12,4,676440,Tanner Bibee,657746,Joe Ryan
2026-07-20,823522,Yankee Stadium,New York Yankees,Pittsburgh Pirates,8,5,4,0,8,5,11,9,9,7,677960,Ryan Weathers,677952,Braxton Ashcraft
2026-07-20,822788,Rogers Centre,Toronto Blue Jays,Tampa Bay Rays,1,4,0,0,1,7,8,13,5,6,656302,Dylan Cease,607259,Nick Martinez
2026-07-20,824736,Fenway Park,Boston Red Sox,Baltimore Orioles,3,2,0,1,6,5,9,11,5,4,801139,Payton Tolle,669358,Shane Baz
2026-07-20,823436,Citizens Bank Park,Philadelphia Phillies,Los Angeles Dodgers,4,1,0,0,10,7,11,11,6,5,650911,Cristopher Sánchez,686218,Emmet Sheehan
2026-07-20,824898,Truist Park,Atlanta Braves,San Diego Padres,2,1,0,0,3,2,4,7,3,4,693821,Bryce Elder,676664,JP Sears
2026-07-20,824087,Kauffman Stadium,Kansas City Royals,San Francisco Giants,3,1,0,0,4,3,8,6,5,2,608379,Michael Wacha,686790,Trevor McDonald
2026-07-20,823762,American Family Field,Milwaukee Brewers,New York Mets,5,1,2,0,8,3,10,6,7,4,694819,Jacob Misiorowski,642547,Freddy Peralta
2026-07-20,824654,Wrigley Field,Chicago Cubs,Detroit Tigers,3,4,0,4,6,8,11,12,5,6,592791,Jameson Taillon,656427,Jack Flaherty
2026-07-20,822874,Globe Life Field,Texas Rangers,Chicago White Sox,2,5,1,0,3,10,7,13,4,7,594798,Jacob deGrom,607200,Erick Fedde
2026-07-20,824167,Daikin Park,Houston Astros,Miami Marlins,7,4,0,0,8,5,8,9,6,2,669854,Ronel Blanco,676083,Janson Junk
2026-07-20,824328,Coors Field,Colorado Rockies,Washington Nationals,3,3,0,3,3,7,6,12,6,6,607536,Kyle Freeland,674841,Andrew Alvarez
2026-07-20,825058,Chase Field,Arizona Diamondbacks,Athletics,0,2,0,0,2,5,8,14,3,8,683352,Mitch Bratt,605488,Jeffrey Springs
2026-07-20,823112,T-Mobile Park,Seattle Mariners,Cincinnati Reds,1,0,0,0,8,0,13,3,4,3,669923,George Kirby,671096,Andrew Abbott
2026-07-20,824006,Angel Stadium,Los Angeles Angels,St. Louis Cardinals,1,2,0,0,3,2,6,4,3,4,667755,José Soriano,681517,Kyle Leahy
2026-07-21,824409,Progressive Field,Cleveland Guardians,Minnesota Twins,2,2,0,1,5,2,9,6,5,3,800048,Parker Messick,696070,Kendry Rojas
2026-07-21,823437,Citizens Bank Park,Philadelphia Phillies,Los Angeles Dodgers,1,2,1,0,1,2,7,5,4,4,554430,Zack Wheeler,680736,Justin Wrobleski
2026-07-21,822787,Rogers Centre,Toronto Blue Jays,Tampa Bay Rays,0,8,0,3,2,12,7,21,4,13,592332,Kevin Gausman,656876,Drew Rasmussen
2026-07-21,824895,Truist Park,Atlanta Braves,San Diego Padres,2,5,0,1,3,8,4,13,1,10,625643,Reynaldo López,621111,Walker Buehler
2026-07-21,824085,Kauffman Stadium,Kansas City Royals,San Francisco Giants,1,2,0,0,3,2,8,5,5,4,679883,Luinder Avila,641816,Tyler Mahle
2026-07-21,823760,American Family Field,Milwaukee Brewers,New York Mets,0,3,0,0,0,4,4,13,1,6,687075,Brandon Sproat,804267,Zac Thornton
2026-07-21,824652,Wrigley Field,Chicago Cubs,Detroit Tigers,9,0,6,0,11,2,11,7,8,2,656849,David Peterson,664285,Framber Valdez
2026-07-21,822871,Globe Life Field,Texas Rangers,Chicago White Sox,9,0,2,0,10,0,18,3,14,1,677958,Kumar Rocker,702273,Noah Schultz
2026-07-21,824165,Daikin Park,Houston Astros,Miami Marlins,5,1,1,0,5,3,8,8,6,4,837227,Tatsuya Imai,663969,Tyler Phillips
2026-07-21,824329,Coors Field,Colorado Rockies,Washington Nationals,6,6,0,2,8,7,12,10,7,7,547179,Michael Lorenzen,687223,Carson Palmquist
2026-07-21,824005,Angel Stadium,Los Angeles Angels,St. Louis Cardinals,5,1,5,0,5,1,10,7,9,5,700712,Walbert Ureña,669461,Matthew Liberatore
2026-07-21,825056,Chase Field,Arizona Diamondbacks,Athletics,3,1,3,0,6,5,9,9,5,4,684442,Kohl Drake,678022,Jack Perkins
2026-07-21,823114,T-Mobile Park,Seattle Mariners,Cincinnati Reds,0,3,0,1,2,4,6,5,3,4,622491,Luis Castillo,695505,Chase Burns
2026-07-22,823518,Yankee Stadium,New York Yankees,Pittsburgh Pirates,0,2,0,0,3,5,6,7,3,2,543037,Gerrit Cole,656605,Mitch Keller
2026-07-22,823519,Yankee Stadium,New York Yankees,Pittsburgh Pirates,0,0,0,0,2,0,5,3,2,1,608331,Max Fried,696149,Bubba Chandler
2026-07-22,824735,Fenway Park,Boston Red Sox,Baltimore Orioles,6,2,4,0,6,3,9,11,8,7,687562,Jake Bennett,665152,Dean Kremer
2026-07-22,824732,Fenway Park,Boston Red Sox,Baltimore Orioles,1,4,0,4,1,5,5,9,4,7,700842,Eduardo Rivera,680694,Kyle Bradish
2026-07-22,824083,Kauffman Stadium,Kansas City Royals,San Francisco Giants,0,0,0,0,5,4,9,4,1,1,607625,Seth Lugo,694738,Landen Roupp
2026-07-22,823761,American Family Field,Milwaukee Brewers,New York Mets,3,2,0,0,4,3,8,8,6,5,701656,Logan Henderson,681035,Christian Scott
2026-07-22,824327,Coors Field,Colorado Rockies,Washington Nationals,0,1,0,0,0,8,6,14,3,4,687312,Gabriel Hughes,676917,Cade Cavalli
2026-07-22,825055,Chase Field,Arizona Diamondbacks,Athletics,9,2,0,0,15,5,17,10,11,5,518876,Merrill Kelly,695611,Gage Jump
2026-07-22,823110,T-Mobile Park,Seattle Mariners,Cincinnati Reds,3,2,0,0,3,5,7,8,5,5,676106,Emerson Hancock,663903,Brady Singer
2026-07-22,824004,Angel Stadium,Los Angeles Angels,St. Louis Cardinals,0,0,0,0,0,1,7,3,6,1,672282,Reid Detmers,690928,Hunter Dobbins
2026-07-22,824408,Progressive Field,Cleveland Guardians,Minnesota Twins,4,7,1,1,6,10,13,11,8,7,677944,Slade Cecconi,641927,Bailey Ober
2026-07-22,823438,Citizens Bank Park,Philadelphia Phillies,Los Angeles Dodgers,3,3,2,0,5,9,7,11,4,5,605400,Aaron Nola,641778,Eric Lauer
2026-07-22,822784,Rogers Centre,Toronto Blue Jays,Tampa Bay Rays,1,1,1,0,2,4,4,8,3,3,680755,Braydon Fisher,643377,Griffin Jax
2026-07-22,824896,Truist Park,Atlanta Braves,San Diego Padres,1,0,1,0,7,6,14,8,5,1,527048,Martín Pérez,650633,Michael King
2026-07-22,822873,Globe Life Field,Texas Rangers,Chicago White Sox,2,3,0,0,2,4,5,7,5,3,641302,Tyler Alexander,641743,Anthony Kay
2026-07-22,824650,Wrigley Field,Chicago Cubs,Detroit Tigers,1,4,1,0,1,5,4,9,3,6,607067,Colin Rea,672456,Keider Montero
2026-07-22,824166,Daikin Park,Houston Astros,Miami Marlins,2,2,0,0,5,2,9,7,5,5,663567,Peter Lambert,645261,Sandy Alcantara
2026-07-23,824893,Truist Park,Atlanta Braves,San Diego Padres,5,3,0,0,6,5,9,9,6,5,519242,Chris Sale,606996,Kyle Hart
2026-07-23,824406,Progressive Field,Cleveland Guardians,Minnesota Twins,1,0,0,0,1,3,3,6,2,2,668909,Gavin Williams,671737,Taj Bradley
2026-07-23,822785,Rogers Centre,Toronto Blue Jays,Tampa Bay Rays,2,1,1,0,3,1,7,3,5,3,669456,Shane Bieber,668984,Casey Legumina
2026-07-23,823042,Busch Stadium,St. Louis Cardinals,Arizona Diamondbacks,2,4,2,0,6,10,13,16,6,5,700241,Michael McGreevy,694297,Brandon Pfaadt
2026-07-23,824247,Comerica Park,Detroit Tigers,Kansas City Royals,0,0,0,0,4,3,10,9,4,3,675512,Troy Melton,677976,Randy Dobnak
2026-07-24,823759,American Family Field,Milwaukee Brewers,Colorado Rockies,1,4,1,2,2,5,9,9,4,6,675660,Shane Drohan,608372,Tomoyuki Sugano
2026-07-24,824248,Comerica Park,Detroit Tigers,Kansas City Royals,2,1,2,0,2,1,5,4,4,3,669373,Tarik Skubal,694360,Beck Way
2026-07-24,823352,PNC Park,Pittsburgh Pirates,Chicago Cubs,1,0,0,0,2,3,8,6,4,1,683003,Jared Jones,571510,Matthew Boyd
2026-07-24,822707,Nationals Park,Washington Nationals,Arizona Diamondbacks,2,2,0,0,2,3,7,8,5,4,687223,Carson Palmquist,593958,Eduardo Rodriguez
2026-07-24,823434,Citizens Bank Park,Philadelphia Phillies,New York Yankees,0,1,0,0,0,1,4,4,2,3,666200,Jesús Luzardo,693645,Cam Schlittler
2026-07-24,824812,Oriole Park at Camden Yards,Baltimore Orioles,Atlanta Braves,3,2,0,0,6,7,9,11,6,4,669432,Trevor Rogers,656550,Grant Holmes
2026-07-24,823601,Citi Field,New York Mets,Los Angeles Dodgers,1,1,0,0,2,4,4,11,3,5,640455,Sean Manaea,808963,Roki Sasaki
2026-07-24,822952,Tropicana Field,Tampa Bay Rays,Cleveland Guardians,5,1,0,0,11,3,15,7,9,2,663556,Shane McClanahan,676282,Joey Cantillo
2026-07-24,823843,loanDepot park,Miami Marlins,San Diego Padres,2,2,0,0,2,4,9,5,6,3,687473,Ryan Gusto,608566,Germán Márquez
2026-07-24,824733,Fenway Park,Boston Red Sox,Toronto Blue Jays,3,0,1,0,6,4,12,9,5,5,663776,Patrick Sandoval,702056,Trey Yesavage
2026-07-24,824573,Rate Field,Chicago White Sox,Houston Astros,5,0,3,0,5,9,8,13,5,3,663436,Davis Martin,681293,Spencer Arrighetti
2026-07-24,822872,Globe Life Field,Texas Rangers,Seattle Mariners,3,3,1,0,5,4,10,10,5,7,669022,MacKenzie Gore,682243,Bryce Miller
2026-07-24,823680,Target Field,Minnesota Twins,Athletics,0,1,0,0,0,2,2,5,1,1,805673,Zebby Matthews,682052,Jacob Lopez
2026-07-24,823031,Busch Stadium,St. Louis Cardinals,Cincinnati Reds,2,1,0,0,2,4,2,11,1,5,669160,Dustin May,695076,Rhett Lowder
2026-07-24,823196,Oracle Park,San Francisco Giants,Los Angeles Angels,5,4,2,1,7,6,9,9,7,6,657277,Logan Webb,680570,Grayson Rodriguez
2026-07-25,824244,Comerica Park,Detroit Tigers,Kansas City Royals,2,1,0,0,2,3,8,7,5,3,663554,Casey Mize,608379,Michael Wacha
2026-07-25,822704,Nationals Park,Washington Nationals,Arizona Diamondbacks,5,2,0,0,5,3,9,6,7,3,656492,Foster Griffin,683352,Mitch Bratt
2026-07-25,823197,Oracle Park,San Francisco Giants,Los Angeles Angels,9,0,0,0,9,2,11,9,10,4,592662,Robbie Ray,696270,Ryan Johnson
2026-07-25,824734,Fenway Park,Boston Red Sox,Toronto Blue Jays,0,5,0,0,0,6,1,15,0,10,543243,Sonny Gray,656302,Dylan Cease
2026-07-25,823841,loanDepot park,Miami Marlins,San Diego Padres,1,2,0,0,2,7,5,11,2,4,691587,Eury Pérez,681190,Randy Vásquez
2026-07-25,823435,Citizens Bank Park,Philadelphia Phillies,New York Yankees,1,1,1,0,1,3,7,7,5,2,641835,Tim Mayza,677960,Ryan Weathers
2026-07-25,822948,Tropicana Field,Tampa Bay Rays,Cleveland Guardians,2,0,0,0,3,0,9,5,8,3,607259,Nick Martinez,676440,Tanner Bibee
2026-07-25,823355,PNC Park,Pittsburgh Pirates,Chicago Cubs,0,3,0,0,0,11,5,16,3,5,694973,Paul Skenes,684007,Shota Imanaga
2026-07-25,824811,Oriole Park at Camden Yards,Baltimore Orioles,Atlanta Braves,2,0,0,0,3,2,7,6,4,3,687064,Brandon Young,693821,Bryce Elder
2026-07-25,823679,Target Field,Minnesota Twins,Athletics,0,0,0,0,2,0,6,3,4,2,696070,Kendry Rojas,669620,Brady Basso
2026-07-25,824571,Rate Field,Chicago White Sox,Houston Astros,0,0,0,0,1,4,5,6,2,2,680732,Sean Burke,686613,Hunter Brown
2026-07-25,823758,American Family Field,Milwaukee Brewers,Colorado Rockies,3,2,0,0,8,5,13,7,7,5,688107,Robert Gasser,663372,Ryan Feltner
2026-07-25,823600,Citi Field,New York Mets,Los Angeles Dodgers,1,4,0,0,3,4,6,8,5,6,690997,Nolan McLean,808967,Yoshinobu Yamamoto
2026-07-25,823027,Busch Stadium,St. Louis Cardinals,Cincinnati Reds,1,0,1,0,7,0,10,3,3,2,669467,Andre Pallante,668881,Hunter Greene
2026-07-25,822869,Globe Life Field,Texas Rangers,Seattle Mariners,5,1,3,0,7,1,12,5,9,3,543135,Nathan Eovaldi,693433,Bryan Woo
2026-07-26,822950,Tropicana Field,Tampa Bay Rays,Cleveland Guardians,1,0,0,0,1,0,6,1,3,1,656876,Drew Rasmussen,800048,Parker Messick
2026-07-26,822706,Nationals Park,Washington Nationals,Arizona Diamondbacks,6,4,0,1,10,7,15,9,7,5,571945,Miles Mikolas,684442,Kohl Drake
2026-07-26,823354,PNC Park,Pittsburgh Pirates,Chicago Cubs,8,4,0,0,8,7,11,12,9,7,677952,Braxton Ashcraft,592791,Jameson Taillon
2026-07-26,824730,Fenway Park,Boston Red Sox,Toronto Blue Jays,3,0,0,0,6,1,10,9,5,5,624133,Ranger Suarez,592332,Kevin Gausman
2026-07-26,824810,Oriole Park at Camden Yards,Baltimore Orioles,Atlanta Braves,0,2,0,0,2,3,6,8,4,6,669358,Shane Baz,625643,Reynaldo López
2026-07-26,824246,Comerica Park,Detroit Tigers,Kansas City Royals,4,3,0,2,4,5,9,6,6,4,664285,Framber Valdez,679883,Luinder Avila
2026-07-26,823599,Citi Field,New York Mets,Los Angeles Dodgers,1,3,1,0,8,3,6,9,3,6,642547,Freddy Peralta,686218,Emmet Sheehan
2026-07-26,823840,loanDepot park,Miami Marlins,San Diego Padres,3,1,0,0,3,5,5,13,3,7,676083,Janson Junk,621111,Walker Buehler
2026-07-26,823678,Target Field,Minnesota Twins,Athletics,7,0,3,0,11,8,13,8,7,1,687570,Connor Prielipp,605488,Jeffrey Springs
2026-07-26,824572,Rate Field,Chicago White Sox,Houston Astros,3,3,2,1,12,3,12,7,2,5,607200,Erick Fedde,669854,Ronel Blanco
2026-07-26,823755,American Family Field,Milwaukee Brewers,Colorado Rockies,3,1,3,0,11,2,14,5,5,1,694819,Jacob Misiorowski,607536,Kyle Freeland
2026-07-26,823028,Busch Stadium,St. Louis Cardinals,Cincinnati Reds,2,2,0,0,3,5,6,10,3,6,681517,Kyle Leahy,671096,Andrew Abbott
2026-07-26,822870,Globe Life Field,Texas Rangers,Seattle Mariners,3,1,1,0,4,6,6,14,5,5,594798,Jacob deGrom,669302,Logan Gilbert
2026-07-26,823194,Oracle Park,San Francisco Giants,Los Angeles Angels,1,4,0,1,3,4,6,7,3,5,687931,Carson Whisenhunt,667755,José Soriano
2026-07-26,823433,Citizens Bank Park,Philadelphia Phillies,New York Yankees,6,3,1,0,11,4,12,8,7,5,650911,Cristopher Sánchez,701542,Will Warren
2026-07-27,822868,Globe Life Field,Texas Rangers,Seattle Mariners,7,2,1,0,7,3,11,7,8,3,677958,Kumar Rocker,669923,George Kirby
2026-07-27,824245,Comerica Park,Detroit Tigers,Baltimore Orioles,5,7,0,1,5,8,11,12,10,10,672456,Keider Montero,680694,Kyle Bradish
2026-07-27,823353,PNC Park,Pittsburgh Pirates,Arizona Diamondbacks,0,0,0,0,3,2,9,8,2,2,656605,Mitch Keller,518876,Merrill Kelly
2026-07-27,823839,loanDepot park,Miami Marlins,Philadelphia Phillies,5,2,2,2,8,7,14,10,8,3,663969,Tyler Phillips,554430,Zack Wheeler
2026-07-27,822705,Nationals Park,Washington Nationals,Toronto Blue Jays,2,3,0,0,2,3,8,7,5,7,678868,Eddy Yean,453286,Max Scherzer
2026-07-27,823597,Citi Field,New York Mets,Atlanta Braves,3,3,1,1,14,3,19,6,8,6,804267,Zac Thornton,527048,Martín Pérez
2026-07-27,824570,Rate Field,Chicago White Sox,New York Yankees,4,4,3,0,5,9,11,10,8,3,702273,Noah Schultz,608331,Max Fried
2026-07-27,823025,Busch Stadium,St. Louis Cardinals,Chicago Cubs,1,5,0,1,3,7,7,15,3,11,669461,Matthew Liberatore,656849,David Peterson
2026-07-27,824001,Angel Stadium,Los Angeles Angels,Houston Astros,4,1,2,0,4,6,6,5,4,2,700712,Walbert Ureña,837227,Tatsuya Imai
2026-07-27,824977,Sutter Health Park,Athletics,Boston Red Sox,1,0,1,0,2,4,6,5,4,0,678022,Jack Perkins,801139,Payton Tolle
2026-07-27,823195,Oracle Park,San Francisco Giants,Milwaukee Brewers,3,0,0,0,3,0,6,3,5,2,641816,Tyler Mahle,687075,Brandon Sproat
2026-07-28,824490,Great American Ball Park,Cincinnati Reds,Cleveland Guardians,5,5,0,4,5,6,11,9,9,5,695505,Chase Burns,677944,Slade Cecconi
2026-07-28,824489,Great American Ball Park,Cincinnati Reds,Cleveland Guardians,2,0,1,0,2,0,3,3,3,2,657571,Caleb Ferguson,668909,Gavin Williams
2026-07-28,824243,Comerica Park,Detroit Tigers,Baltimore Orioles,9,0,2,0,14,0,19,3,11,3,675512,Troy Melton,665152,Dean Kremer
2026-07-28,823350,PNC Park,Pittsburgh Pirates,Arizona Diamondbacks,0,5,0,1,7,8,14,15,5,8,696149,Bubba Chandler,694297,Brandon Pfaadt
2026-07-28,822949,Tropicana Field,Tampa Bay Rays,Texas Rangers,0,2,0,0,1,4,5,7,2,5,643377,Griffin Jax,615698,Cal Quantrill
2026-07-28,823838,loanDepot park,Miami Marlins,Philadelphia Phillies,1,0,1,0,1,0,6,4,4,1,645261,Sandy Alcantara,605400,Aaron Nola
2026-07-28,822703,Nationals Park,Washington Nationals,Toronto Blue Jays,8,3,4,0,8,6,8,8,5,6,676917,Cade Cavalli,669456,Shane Bieber
2026-07-28,823676,Target Field,Minnesota Twins,Kansas City Royals,1,0,0,0,3,2,10,4,5,1,671737,Taj Bradley,607625,Seth Lugo
2026-07-28,824569,Rate Field,Chicago White Sox,New York Yankees,0,3,0,0,2,3,7,6,3,5,641743,Anthony Kay,543037,Gerrit Cole
2026-07-28,823026,Busch Stadium,St. Louis Cardinals,Chicago Cubs,1,8,0,2,2,10,7,17,4,10,700241,Michael McGreevy,607067,Colin Rea
2026-07-28,824003,Angel Stadium,Los Angeles Angels,Houston Astros,2,2,0,1,2,3,7,9,7,4,672282,Reid Detmers,663567,Peter Lambert
2026-07-28,824976,Sutter Health Park,Athletics,Boston Red Sox,1,0,0,0,4,3,9,8,4,3,695611,Gage Jump,687562,Jake Bennett
2026-07-28,823275,Petco Park,San Diego Padres,Colorado Rockies,3,4,0,0,8,7,16,10,9,5,650633,Michael King,547179,Michael Lorenzen
2026-07-28,823193,Oracle Park,San Francisco Giants,Milwaukee Brewers,0,5,0,0,2,8,7,13,2,6,694738,Landen Roupp,701656,Logan Henderson
2026-07-28,823923,UNIQLO Field at Dodger Stadium,Los Angeles Dodgers,Seattle Mariners,5,4,1,0,6,7,13,10,11,5,680736,Justin Wrobleski,622491,Luis Castillo
2026-07-29,823837,loanDepot park,Miami Marlins,Philadelphia Phillies,3,6,0,0,8,6,8,9,3,9,687473,Ryan Gusto,666200,Jesús Luzardo
2026-07-29,823351,PNC Park,Pittsburgh Pirates,Arizona Diamondbacks,0,2,0,0,0,3,5,6,4,2,683003,Jared Jones,593958,Eduardo Rodriguez
2026-07-29,822702,Nationals Park,Washington Nationals,Toronto Blue Jays,1,0,0,0,2,5,6,12,2,4,641793,Zack Littell,702056,Trey Yesavage
2026-07-29,824242,Comerica Park,Detroit Tigers,Baltimore Orioles,5,0,0,0,9,10,10,9,7,2,669373,Tarik Skubal,669432,Trevor Rogers
2026-07-29,823596,Citi Field,New York Mets,Atlanta Braves,2,0,0,0,3,2,6,7,4,3,640455,Sean Manaea,700363,AJ Smith-Shawver
2026-07-29,823598,Citi Field,New York Mets,Atlanta Braves,0,0,0,0,0,1,2,7,1,2,681035,Christian Scott,519242,Chris Sale
2026-07-29,823192,Oracle Park,San Francisco Giants,Milwaukee Brewers,3,2,0,0,16,3,17,8,5,4,657277,Logan Webb,623381,Thomas Pannone
2026-07-29,823273,Petco Park,San Diego Padres,Colorado Rockies,3,0,0,0,3,1,6,6,5,3,606996,Kyle Hart,687312,Gabriel Hughes
2026-07-29,822947,Tropicana Field,Tampa Bay Rays,Texas Rangers,3,0,3,0,3,0,3,4,3,2,668984,Casey Legumina,669022,MacKenzie Gore
2026-07-29,824487,Great American Ball Park,Cincinnati Reds,Cleveland Guardians,0,4,0,0,1,6,6,13,4,7,663903,Brady Singer,676282,Joey Cantillo
2026-07-29,823677,Target Field,Minnesota Twins,Kansas City Royals,0,4,0,0,0,4,5,12,4,7,657746,Joe Ryan,677976,Randy Dobnak
2026-07-29,824567,Rate Field,Chicago White Sox,New York Yankees,0,4,0,4,6,5,6,9,1,4,663436,Davis Martin,693645,Cam Schlittler
2026-07-29,823022,Busch Stadium,St. Louis Cardinals,Chicago Cubs,0,0,0,0,3,2,7,3,2,1,669160,Dustin May,571510,Matthew Boyd
2026-07-29,824002,Angel Stadium,Los Angeles Angels,Houston Astros,3,2,3,0,4,7,9,11,6,5,680570,Grayson Rodriguez,669713,Hayden Wesneski
2026-07-29,824973,Sutter Health Park,Athletics,Boston Red Sox,2,1,0,0,2,4,8,12,5,6,682052,Jacob Lopez,663776,Patrick Sandoval
2026-07-29,823924,UNIQLO Field at Dodger Stadium,Los Angeles Dodgers,Seattle Mariners,3,0,1,0,4,2,11,5,8,1,641778,Eric Lauer,676106,Emerson Hancock
2026-07-30,822946,Tropicana Field,Tampa Bay Rays,Texas Rangers,1,2,0,0,3,2,9,2,6,2,663556,Shane McClanahan,668390,Cole Winn
2026-07-30,823674,Target Field,Minnesota Twins,Kansas City Royals,0,3,0,0,4,3,3,8,0,4,641927,Bailey Ober,702070,Noah Cameron
2026-07-30,824568,Rate Field,Chicago White Sox,New York Yankees,0,0,0,0,2,1,6,6,2,2,680732,Sean Burke,677960,Ryan Weathers
2026-07-30,823023,Busch Stadium,St. Louis Cardinals,Chicago Cubs,1,1,0,0,2,4,10,11,6,6,669467,Andre Pallante,665871,Javier Assad
2026-07-30,824488,Great American Ball Park,Cincinnati Reds,Pittsburgh Pirates,2,1,0,0,3,2,9,7,6,4,695076,Rhett Lowder,670990,Yohan Ramírez
2026-07-30,823595,Citi Field,New York Mets,Miami Marlins,0,1,0,0,4,2,6,7,1,4,690997,Nolan McLean,691587,Eury Pérez
2026-07-30,824894,Truist Park,Atlanta Braves,Washington Nationals,3,3,0,0,5,4,4,7,3,5,656550,Grant Holmes,663623,Jake Irvin
2026-07-30,824974,Sutter Health Park,Athletics,Boston Red Sox,3,3,0,0,4,5,9,8,6,4,686930,Mason Barnett,543243,Sonny Gray
2026-07-30,823271,Petco Park,San Diego Padres,San Francisco Giants,1,4,0,1,1,4,6,11,3,8,676664,JP Sears,592662,Robbie Ray
2026-07-30,823921,UNIQLO Field at Dodger Stadium,Los Angeles Dodgers,Seattle Mariners,5,0,2,0,6,2,8,8,5,2,808963,Roki Sasaki,693433,Bryan Woo
2026-07-31,824651,Wrigley Field,Chicago Cubs,New York Yankees,0,2,0,0,0,2,5,4,2,2,684007,Shota Imanaga,701542,Will Warren
2026-07-31,824486,Great American Ball Park,Cincinnati Reds,Pittsburgh Pirates,5,4,2,2,8,7,12,12,7,7,668881,Hunter Greene,694973,Paul Skenes
2026-07-31,824809,Oriole Park at Camden Yards,Baltimore Orioles,Philadelphia Phillies,2,3,2,2,6,4,6,6,3,4,687064,Brandon Young,691725,Andrew Painter
2026-07-31,822782,Rogers Centre,Toronto Blue Jays,St. Louis Cardinals,0,1,0,0,3,1,9,5,4,3,656302,Dylan Cease,681517,Kyle Leahy
2026-07-31,824407,Progressive Field,Cleveland Guardians,Arizona Diamondbacks,1,0,1,0,1,4,3,6,3,1,676440,Tanner Bibee,683352,Mitch Bratt
2026-07-31,822945,Tropicana Field,Tampa Bay Rays,Chicago White Sox,1,4,0,1,1,6,5,8,4,4,607259,Nick Martinez,607200,Erick Fedde
2026-07-31,823593,Citi Field,New York Mets,Miami Marlins,1,4,0,0,2,5,7,8,3,4,673540,Kodai Senga,676083,Janson Junk
2026-07-31,824892,Truist Park,Atlanta Braves,Washington Nationals,2,1,1,0,6,2,12,9,5,3,693821,Bryce Elder,656492,Foster Griffin
2026-07-31,824164,Daikin Park,Houston Astros,Texas Rangers,6,0,0,0,11,2,18,8,10,3,686613,Hunter Brown,543135,Nathan Eovaldi
2026-07-31,824325,Coors Field,Colorado Rockies,Kansas City Royals,3,0,1,0,3,1,5,6,5,2,608372,Tomoyuki Sugano,608379,Michael Wacha
2026-07-31,823999,Angel Stadium,Los Angeles Angels,Milwaukee Brewers,2,6,0,0,2,6,4,9,4,8,696270,Ryan Johnson,675660,Shane Drohan
2026-07-31,824975,Sutter Health Park,Athletics,Detroit Tigers,1,2,1,0,1,13,3,14,3,4,605488,Jeffrey Springs,663947,Tyler Holton
2026-07-31,823272,Petco Park,San Diego Padres,San Francisco Giants,6,0,2,0,7,0,12,2,10,1,699134,Bradgley Rodriguez,687931,Carson Whisenhunt
2026-07-31,823922,UNIQLO Field at Dodger Stadium,Los Angeles Dodgers,Boston Red Sox,4,3,0,0,4,9,10,12,6,5,683618,Edgardo Henriquez,624133,Ranger Suarez
2026-07-31,823111,T-Mobile Park,Seattle Mariners,Minnesota Twins,3,2,2,0,3,5,4,7,3,3,682243,Bryce Miller,805673,Zebby Matthews
2026-08-01,822781,Rogers Centre,Toronto Blue Jays,St. Louis Cardinals,2,0,0,0,5,1,9,11,5,7,592332,Kevin Gausman,687273,Quinn Mathews
2026-08-01,823109,T-Mobile Park,Seattle Mariners,Minnesota Twins,3,1,2,0,4,3,7,7,4,2,669302,Logan Gilbert,687570,Connor Prielipp
2026-08-01,822944,Tropicana Field,Tampa Bay Rays,Chicago White Sox,1,0,0,0,1,0,5,5,3,4,656876,Drew Rasmussen,663855,Jordan Hicks
2026-08-01,823594,Citi Field,New York Mets,Miami Marlins,2,4,0,1,2,6,7,10,5,6,804267,Zac Thornton,663969,Tyler Phillips
2026-08-01,824485,Great American Ball Park,Cincinnati Reds,Pittsburgh Pirates,1,3,0,0,1,4,3,6,2,3,671096,Andrew Abbott,677952,Braxton Ashcraft
2026-08-01,824808,Oriole Park at Camden Yards,Baltimore Orioles,Philadelphia Phillies,0,1,0,0,0,5,3,10,1,4,669358,Shane Baz,650911,Cristopher Sánchez
2026-08-01,824162,Daikin Park,Houston Astros,Texas Rangers,5,3,0,0,5,4,9,7,7,5,669854,Ronel Blanco,594798,Jacob deGrom
2026-08-01,824405,Progressive Field,Cleveland Guardians,Arizona Diamondbacks,2,2,2,0,8,12,14,16,5,6,800048,Parker Messick,684442,Kohl Drake
2026-08-01,824890,Truist Park,Atlanta Braves,Washington Nationals,4,0,2,0,8,3,10,4,7,0,527048,Martín Pérez,571945,Miles Mikolas
2026-08-01,824649,Wrigley Field,Chicago Cubs,New York Yankees,1,1,1,0,5,2,7,8,2,3,656849,David Peterson,608331,Max Fried
2026-08-01,824326,Coors Field,Colorado Rockies,Kansas City Royals,8,4,0,0,12,6,16,12,10,7,663372,Ryan Feltner,679883,Luinder Avila
2026-08-01,823269,Petco Park,San Diego Padres,San Francisco Giants,4,3,2,0,6,5,10,12,4,8,621111,Walker Buehler,641816,Tyler Mahle
2026-08-01,823920,UNIQLO Field at Dodger Stadium,Los Angeles Dodgers,Boston Red Sox,2,2,0,1,2,3,10,4,7,2,808967,Yoshinobu Yamamoto,801139,Payton Tolle
2026-08-01,824000,Angel Stadium,Los Angeles Angels,Milwaukee Brewers,1,1,1,0,1,3,5,5,4,2,608718,Brent Suter,688107,Robert Gasser
2026-08-01,824972,Sutter Health Park,Athletics,Detroit Tigers,2,4,0,2,6,8,15,15,8,7,678022,Jack Perkins,664285,Framber Valdez
2026-08-02,824807,Oriole Park at Camden Yards,Baltimore Orioles,Philadelphia Phillies,0,5,0,0,0,8,4,9,4,6,680694,Kyle Bradish,554430,Zack Wheeler
2026-08-02,824891,Truist Park,Atlanta Braves,Washington Nationals,3,2,0,0,4,2,7,4,4,4,702275,JR Ritchie,676917,Cade Cavalli
2026-08-02,822783,Rogers Centre,Toronto Blue Jays,St. Louis Cardinals,0,1,0,0,1,5,5,8,1,2,453286,Max Scherzer,669461,Matthew Liberatore
2026-08-02,824404,Progressive Field,Cleveland Guardians,Arizona Diamondbacks,5,0,0,0,5,0,8,2,8,0,668909,Gavin Williams,518876,Merrill Kelly
2026-08-02,824483,Great American Ball Park,Cincinnati Reds,Pittsburgh Pirates,9,1,3,0,10,2,10,4,9,2,695505,Chase Burns,656605,Mitch Keller
2026-08-02,822943,Tropicana Field,Tampa Bay Rays,Chicago White Sox,0,3,0,2,1,9,11,9,4,4,643377,Griffin Jax,641743,Anthony Kay
2026-08-02,823592,Citi Field,New York Mets,Miami Marlins,0,1,0,0,0,2,5,5,2,3,476594,Robert Stock,645261,Sandy Alcantara
2026-08-02,824163,Daikin Park,Houston Astros,Texas Rangers,3,2,0,0,7,3,15,6,9,3,663567,Peter Lambert,677958,Kumar Rocker
2026-08-02,824648,Wrigley Field,Chicago Cubs,New York Yankees,1,2,0,0,1,2,4,5,3,2,607067,Colin Rea,543037,Gerrit Cole
2026-08-02,824323,Coors Field,Colorado Rockies,Kansas City Royals,2,1,1,0,8,1,9,5,3,3,607536,Kyle Freeland,607625,Seth Lugo
2026-08-02,823996,Angel Stadium,Los Angeles Angels,Milwaukee Brewers,2,0,0,0,3,0,4,5,2,2,700712,Walbert Ureña,694819,Jacob Misiorowski
2026-08-02,824971,Sutter Health Park,Athletics,Detroit Tigers,0,6,0,2,0,11,7,12,2,5,695611,Gage Jump,672456,Keider Montero
2026-08-02,823270,Petco Park,San Diego Padres,San Francisco Giants,5,3,0,0,5,4,8,7,7,5,606996,Kyle Hart,694738,Landen Roupp
2026-08-02,823107,T-Mobile Park,Seattle Mariners,Minnesota Twins,2,0,2,0,7,6,14,11,5,4,669923,George Kirby,671737,Taj Bradley
2026-08-02,823919,UNIQLO Field at Dodger Stadium,Los Angeles Dodgers,Boston Red Sox,3,5,0,2,4,8,9,9,5,6,686218,Emmet Sheehan,687562,Jake Bennett
2026-08-03,823431,Citizens Bank Park,Philadelphia Phillies,Washington Nationals,0,3,0,1,6,3,5,6,3,5,605400,Aaron Nola,674841,Andrew Alvarez
2026-08-03,823520,Yankee Stadium,New York Yankees,St. Louis Cardinals,3,6,0,2,7,13,10,13,5,6,693645,Cam Schlittler,700241,Michael McGreevy
2026-08-03,823757,American Family Field,Milwaukee Brewers,Pittsburgh Pirates,1,4,0,0,3,4,6,8,2,6,687075,Brandon Sproat,696149,Bubba Chandler
2026-08-03,824647,Wrigley Field,Chicago Cubs,Los Angeles Dodgers,7,4,2,3,10,5,10,10,7,7,571510,Matthew Boyd,680736,Justin Wrobleski
2026-08-03,822867,Globe Life Field,Texas Rangers,San Francisco Giants,0,3,0,0,1,5,7,6,5,4,615698,Cal Quantrill,657277,Logan Webb
2026-08-03,824160,Daikin Park,Houston Astros,Toronto Blue Jays,0,3,0,0,1,3,10,7,6,7,664299,Cristian Javier,669456,Shane Bieber
2026-08-03,824324,Coors Field,Colorado Rockies,Tampa Bay Rays,2,8,0,2,9,13,15,15,6,8,547179,Michael Lorenzen,693855,Ian Seymour
2026-08-03,825095,Chase Field,Arizona Diamondbacks,San Diego Padres,3,0,0,0,5,1,9,6,5,3,694297,Brandon Pfaadt,650633,Michael King
2026-08-04,824805,Oriole Park at Camden Yards,Baltimore Orioles,Los Angeles Angels,2,0,0,0,3,1,4,10,2,6,700249,Cade Povich,680570,Grayson Rodriguez
2026-08-04,824403,Progressive Field,Cleveland Guardians,New York Mets,2,5,0,0,2,6,7,9,7,7,676282,Joey Cantillo,640455,Sean Manaea
2026-08-04,824484,Great American Ball Park,Cincinnati Reds,Athletics,3,3,0,0,5,4,5,8,5,5,663903,Brady Singer,669372,J.T. Ginn
2026-08-04,823432,Citizens Bank Park,Philadelphia Phillies,Washington Nationals,4,0,1,0,5,0,11,5,7,2,666200,Jesús Luzardo,687223,Carson Palmquist
2026-08-04,823517,Yankee Stadium,New York Yankees,St. Louis Cardinals,2,0,0,0,2,0,5,6,3,3,677960,Ryan Weathers,690928,Hunter Dobbins
2026-08-04,824731,Fenway Park,Boston Red Sox,Chicago White Sox,7,1,6,0,14,2,15,6,9,6,663776,Patrick Sandoval,663436,Davis Martin
2026-08-04,824888,Truist Park,Atlanta Braves,Miami Marlins,1,0,0,0,4,2,7,8,4,4,656550,Grant Holmes,687473,Ryan Gusto
2026-08-04,824084,Kauffman Stadium,Kansas City Royals,Minnesota Twins,5,1,2,0,8,2,10,7,7,3,677976,Randy Dobnak,657746,Joe Ryan
2026-08-04,823756,American Family Field,Milwaukee Brewers,Pittsburgh Pirates,4,2,0,0,4,2,11,5,10,4,701656,Logan Henderson,683003,Jared Jones
2026-08-04,824645,Wrigley Field,Chicago Cubs,Los Angeles Dodgers,1,1,0,0,5,1,9,4,2,2,665871,Javier Assad,669373,Tarik Skubal
2026-08-04,822865,Globe Life Field,Texas Rangers,San Francisco Giants,2,0,2,0,5,4,11,6,6,3,669022,MacKenzie Gore,694918,Blade Tidwell
2026-08-04,824161,Daikin Park,Houston Astros,Toronto Blue Jays,6,2,0,0,7,2,9,5,7,4,669713,Hayden Wesneski,702056,Trey Yesavage
2026-08-04,824321,Coors Field,Colorado Rockies,Tampa Bay Rays,7,5,1,0,7,9,11,12,9,3,687312,Gabriel Hughes,642547,Freddy Peralta
2026-08-04,825054,Chase Field,Arizona Diamondbacks,San Diego Padres,0,6,0,3,4,9,6,16,2,10,593958,Eduardo Rodriguez,681190,Randy Vásquez
2026-08-04,823108,T-Mobile Park,Seattle Mariners,Detroit Tigers,0,4,0,0,0,8,4,13,2,7,676106,Emerson Hancock,675512,Troy Melton
2026-08-05,824158,Daikin Park,Houston Astros,Toronto Blue Jays,3,0,0,0,4,5,10,5,6,0,686613,Hunter Brown,592791,Jameson Taillon
2026-08-05,824646,Wrigley Field,Chicago Cubs,Los Angeles Dodgers,6,1,1,1,7,6,15,14,12,8,684007,Shota Imanaga,641778,Eric Lauer
2026-08-05,822866,Globe Life Field,Texas Rangers,San Francisco Giants,5,0,0,0,6,0,9,8,6,5,674003,Cody Bradford,687931,Carson Whisenhunt
2026-08-05,824322,Coors Field,Colorado Rockies,Tampa Bay Rays,0,3,0,2,0,4,6,5,4,5,608372,Tomoyuki Sugano,607259,Nick Martinez
2026-08-05,824806,Oriole Park at Camden Yards,Baltimore Orioles,Los Angeles Angels,3,0,0,0,5,2,6,4,4,1,669432,Trevor Rogers,672282,Reid Detmers
2026-08-05,824402,Progressive Field,Cleveland Guardians,New York Mets,3,3,0,0,5,6,11,8,6,3,676440,Tanner Bibee,681035,Christian Scott
2026-08-05,824482,Great American Ball Park,Cincinnati Reds,Athletics,2,1,0,1,3,2,6,4,4,2,695076,Rhett Lowder,682052,Jacob Lopez
2026-08-05,823429,Citizens Bank Park,Philadelphia Phillies,Washington Nationals,2,1,0,1,4,10,5,10,3,3,691725,Andrew Painter,663623,Jake Irvin
2026-08-05,823516,Yankee Stadium,New York Yankees,St. Louis Cardinals,0,3,0,0,1,3,4,9,3,6,701542,Will Warren,669467,Andre Pallante
2026-08-05,824728,Fenway Park,Boston Red Sox,Chicago White Sox,2,0,1,0,4,0,7,4,5,2,543243,Sonny Gray,680732,Sean Burke
2026-08-05,824889,Truist Park,Atlanta Braves,Miami Marlins,4,1,0,0,4,1,10,3,7,1,693821,Bryce Elder,691587,Eury Pérez
2026-08-05,824082,Kauffman Stadium,Kansas City Royals,Minnesota Twins,1,1,0,0,2,1,5,3,3,3,702070,Noah Cameron,665152,Dean Kremer
2026-08-05,823753,American Family Field,Milwaukee Brewers,Pittsburgh Pirates,3,0,0,0,4,2,4,3,2,1,690986,Kyle Harrison,694973,Paul Skenes
2026-08-05,825052,Chase Field,Arizona Diamondbacks,San Diego Padres,8,0,0,0,10,4,15,3,10,1,683352,Mitch Bratt,663554,Casey Mize
2026-08-05,823106,T-Mobile Park,Seattle Mariners,Detroit Tigers,0,0,0,0,4,2,7,4,3,2,693433,Bryan Woo,623454,Drew Anderson
2026-08-06,824804,Oriole Park at Camden Yards,Baltimore Orioles,Los Angeles Angels,1,3,0,0,1,4,4,9,3,6,687064,Brandon Young,696270,Ryan Johnson
2026-08-06,824481,Great American Ball Park,Cincinnati Reds,Athletics,5,3,1,0,6,5,8,9,5,5,671096,Andrew Abbott,686930,Mason Barnett
2026-08-06,824401,Progressive Field,Cleveland Guardians,New York Mets,5,6,2,0,6,13,10,18,8,9,656492,Foster Griffin,690997,Nolan McLean
2026-08-06,823754,American Family Field,Milwaukee Brewers,Pittsburgh Pirates,4,2,1,0,5,2,6,6,3,3,669160,Dustin May,677952,Braxton Ashcraft
2026-08-06,824664,Wrigley Field,Chicago Cubs,Toronto Blue Jays,0,1,0,1,3,2,5,11,1,7,656849,David Peterson,656302,Dylan Cease
2026-08-06,823105,T-Mobile Park,Seattle Mariners,Detroit Tigers,0,4,0,3,0,11,7,16,2,5,682243,Bryce Miller,664285,Framber Valdez
2026-08-06,823430,Citizens Bank Park,Philadelphia Phillies,Washington Nationals,6,2,2,0,7,3,16,8,12,6,650911,Cristopher Sánchez,571945,Miles Mikolas
2026-08-06,824729,Fenway Park,Boston Red Sox,Chicago White Sox,5,7,0,0,12,11,16,13,7,8,624133,Ranger Suarez,622491,Luis Castillo
2026-08-06,824885,Truist Park,Atlanta Braves,Miami Marlins,2,0,0,0,11,3,14,8,5,1,527048,Martín Pérez,676083,Janson Junk
2026-08-06,824080,Kauffman Stadium,Kansas City Royals,Minnesota Twins,2,1,0,0,3,4,7,7,4,3,608379,Michael Wacha,641927,Bailey Ober
2026-08-06,825053,Chase Field,Arizona Diamondbacks,San Diego Padres,1,3,0,1,1,5,8,12,6,6,684442,Kohl Drake,621111,Walker Buehler
2026-08-07,823349,PNC Park,Pittsburgh Pirates,New York Mets,0,6,0,1,4,6,12,10,4,8,669387,Carmen Mlodzinski,804267,Zac Thornton
2026-08-07,823428,Citizens Bank Park,Philadelphia Phillies,Toronto Blue Jays,2,3,0,0,4,5,5,9,4,5,554430,Zack Wheeler,667755,José Soriano
2026-08-07,822699,Nationals Park,Washington Nationals,Cincinnati Reds,5,3,3,0,5,3,7,7,5,5,676917,Cade Cavalli,695534,Chase Petty
2026-08-07,823515,Yankee Stadium,New York Yankees,Atlanta Braves,0,0,0,0,3,2,7,7,2,3,608331,Max Fried,641816,Tyler Mahle
2026-08-07,824727,Fenway Park,Boston Red Sox,Athletics,9,1,0,0,13,1,15,2,11,1,801139,Payton Tolle,678022,Jack Perkins
2026-08-07,823836,loanDepot park,Miami Marlins,Los Angeles Angels,1,1,0,1,3,4,12,6,4,5,663969,Tyler Phillips,691946,George Klassen
2026-08-07,824566,Rate Field,Chicago White Sox,Cleveland Guardians,1,7,0,2,2,8,8,10,2,8,702273,Noah Schultz,800048,Parker Messick
2026-08-07,823750,American Family Field,Milwaukee Brewers,Minnesota Twins,6,6,1,0,6,8,9,13,7,9,675660,Shane Drohan,805673,Zebby Matthews
2026-08-07,824081,Kauffman Stadium,Kansas City Royals,Chicago Cubs,2,4,1,0,4,6,7,9,4,6,663738,Daniel Lynch IV,592332,Kevin Gausman
2026-08-07,823024,Busch Stadium,St. Louis Cardinals,Colorado Rockies,3,2,0,0,3,2,5,10,5,8,681517,Kyle Leahy,663372,Ryan Feltner
2026-08-07,822863,Globe Life Field,Texas Rangers,Baltimore Orioles,0,1,0,0,2,1,3,7,1,4,543135,Nathan Eovaldi,669358,Shane Baz
2026-08-07,825051,Chase Field,Arizona Diamondbacks,Los Angeles Dodgers,2,0,0,0,4,3,7,7,4,0,518876,Merrill Kelly,808963,Roki Sasaki
2026-08-07,823266,Petco Park,San Diego Padres,Houston Astros,3,4,0,0,3,6,7,11,4,7,592662,Robbie Ray,669854,Ronel Blanco
2026-08-07,823103,T-Mobile Park,Seattle Mariners,Tampa Bay Rays,0,2,0,0,1,2,4,6,2,3,669302,Logan Gilbert,656876,Drew Rasmussen
2026-08-07,823191,Oracle Park,San Francisco Giants,Detroit Tigers,5,2,2,1,5,2,5,11,4,6,664141,JT Brubaker,672456,Keider Montero
2026-08-08,823514,Yankee Stadium,New York Yankees,Atlanta Braves,3,2,0,0,5,4,8,9,5,6,543037,Gerrit Cole,519242,Chris Sale
2026-08-08,824726,Fenway Park,Boston Red Sox,Athletics,2,3,2,0,3,7,10,8,5,5,687562,Jake Bennett,695611,Gage Jump
2026-08-08,823834,loanDepot park,Miami Marlins,Los Angeles Angels,7,0,0,0,7,0,10,5,9,2,645261,Sandy Alcantara,700712,Walbert Ureña
2026-08-08,823426,Citizens Bank Park,Philadelphia Phillies,Toronto Blue Jays,0,2,0,1,5,7,9,10,3,5,605400,Aaron Nola,453286,Max Scherzer
2026-08-08,823348,PNC Park,Pittsburgh Pirates,New York Mets,8,0,3,0,9,0,12,3,10,3,696149,Bubba Chandler,476594,Robert Stock
2026-08-08,822701,Nationals Park,Washington Nationals,Cincinnati Reds,2,0,0,0,8,2,10,5,3,2,674841,Andrew Alvarez,695505,Chase Burns
2026-08-08,824079,Kauffman Stadium,Kansas City Royals,Chicago Cubs,4,2,1,0,6,3,10,7,7,4,607625,Seth Lugo,605280,Clay Holmes
2026-08-08,823752,American Family Field,Milwaukee Brewers,Minnesota Twins,3,3,1,0,4,3,8,7,5,7,688107,Robert Gasser,671737,Taj Bradley
2026-08-08,823267,Petco Park,San Diego Padres,Houston Astros,3,1,1,0,3,2,5,5,5,3,650633,Michael King,663567,Peter Lambert
2026-08-08,823188,Oracle Park,San Francisco Giants,Detroit Tigers,0,0,0,0,0,8,2,10,1,2,694738,Landen Roupp,695549,Jackson Jobe
2026-08-08,823021,Busch Stadium,St. Louis Cardinals,Colorado Rockies,3,5,2,1,6,8,10,11,5,9,669461,Matthew Liberatore,607536,Kyle Freeland
2026-08-08,822864,Globe Life Field,Texas Rangers,Baltimore Orioles,2,1,0,1,5,1,6,6,5,3,594798,Jacob deGrom,680694,Kyle Bradish
2026-08-08,824565,Rate Field,Chicago White Sox,Cleveland Guardians,0,0,0,0,6,3,7,11,1,4,641743,Anthony Kay,668909,Gavin Williams
2026-08-08,825049,Chase Field,Arizona Diamondbacks,Los Angeles Dodgers,0,0,0,0,1,2,7,6,2,1,694297,Brandon Pfaadt,808967,Yoshinobu Yamamoto
2026-08-08,823102,T-Mobile Park,Seattle Mariners,Tampa Bay Rays,1,1,0,0,2,3,8,7,4,4,669923,George Kirby,668984,Casey Legumina
2026-08-09,822700,Nationals Park,Washington Nationals,Cincinnati Reds,3,1,0,0,7,1,13,4,7,2,695418,Brad Lord,663903,Brady Singer
2026-08-09,824724,Fenway Park,Boston Red Sox,Athletics,3,2,0,1,3,4,6,9,4,5,669062,Erik Miller,669372,J.T. Ginn
2026-08-09,823345,PNC Park,Pittsburgh Pirates,New York Mets,1,10,0,2,1,11,4,15,2,10,683003,Jared Jones,640455,Sean Manaea
2026-08-09,823425,Citizens Bank Park,Philadelphia Phillies,Toronto Blue Jays,4,2,0,0,7,6,10,10,5,4,666200,Jesús Luzardo,669456,Shane Bieber
2026-08-09,823513,Yankee Stadium,New York Yankees,Atlanta Braves,0,0,0,0,1,2,4,4,1,1,693645,Cam Schlittler,656550,Grant Holmes
2026-08-09,823835,loanDepot park,Miami Marlins,Los Angeles Angels,10,2,3,1,12,3,14,7,10,3,687473,Ryan Gusto,680570,Grayson Rodriguez
2026-08-09,824078,Kauffman Stadium,Kansas City Royals,Chicago Cubs,2,4,0,1,2,10,6,18,4,10,677976,Randy Dobnak,571510,Matthew Boyd
2026-08-09,824564,Rate Field,Chicago White Sox,Cleveland Guardians,5,2,1,2,5,3,6,5,6,3,663436,Davis Martin,676282,Joey Cantillo
2026-08-09,823751,American Family Field,Milwaukee Brewers,Minnesota Twins,3,1,1,0,4,3,8,5,5,3,694819,Jacob Misiorowski,687570,Connor Prielipp
2026-08-09,823020,Busch Stadium,St. Louis Cardinals,Colorado Rockies,4,1,1,1,7,4,14,10,8,6,700241,Michael McGreevy,547179,Michael Lorenzen
2026-08-09,822862,Globe Life Field,Texas Rangers,Baltimore Orioles,3,7,0,2,5,10,8,15,5,11,677958,Kumar Rocker,700249,Cade Povich
2026-08-09,823190,Oracle Park,San Francisco Giants,Detroit Tigers,0,0,0,0,1,3,6,6,3,1,657277,Logan Webb,675512,Troy Melton
2026-08-09,825050,Chase Field,Arizona Diamondbacks,Los Angeles Dodgers,4,1,2,0,4,2,6,6,6,3,593958,Eduardo Rodriguez,680736,Justin Wrobleski
2026-08-09,823104,T-Mobile Park,Seattle Mariners,Tampa Bay Rays,1,2,1,0,1,4,6,14,5,9,676106,Emerson Hancock,693855,Ian Seymour
2026-08-09,823268,Petco Park,San Diego Padres,Houston Astros,4,2,0,0,7,2,12,2,8,2,681190,Randy Vásquez,664299,Cristian Javier
2026-08-10,822780,Rogers Centre,Toronto Blue Jays,Boston Red Sox,1,0,0,0,2,1,7,6,4,3,592791,Jameson Taillon,543243,Sonny Gray
2026-08-10,824887,Truist Park,Atlanta Braves,New York Mets,5,7,2,5,5,8,9,12,8,10,693821,Bryce Elder,681035,Christian Scott
2026-08-10,823675,Target Field,Minnesota Twins,Baltimore Orioles,2,1,0,0,9,5,14,7,5,1,665152,Dean Kremer,669432,Trevor Rogers
2026-08-10,823018,Busch Stadium,St. Louis Cardinals,Philadelphia Phillies,0,3,0,0,5,6,8,8,0,4,690928,Hunter Dobbins,691725,Andrew Painter
2026-08-10,823998,Angel Stadium,Los Angeles Angels,Texas Rangers,1,1,1,0,1,4,6,8,4,3,672282,Reid Detmers,669022,MacKenzie Gore
2026-08-10,825048,Chase Field,Arizona Diamondbacks,Colorado Rockies,7,0,4,0,9,0,10,5,6,3,647336,Michael Soroka,687312,Gabriel Hughes
2026-08-10,824969,Sutter Health Park,Athletics,Tampa Bay Rays,3,1,2,1,6,10,10,12,6,2,682052,Jacob Lopez,642547,Freddy Peralta
2026-08-10,823265,Petco Park,San Diego Padres,Milwaukee Brewers,1,2,0,0,3,2,5,6,3,5,663554,Casey Mize,701656,Logan Henderson
2026-08-10,823189,Oracle Park,San Francisco Giants,Houston Astros,2,1,0,1,3,6,6,8,4,3,694918,Blade Tidwell,669713,Hayden Wesneski
2026-08-10,823918,UNIQLO Field at Dodger Stadium,Los Angeles Dodgers,Kansas City Royals,2,3,0,1,6,5,10,6,4,4,669373,Tarik Skubal,702070,Noah Cameron
2026-08-11,824240,Comerica Park,Detroit Tigers,Cleveland Guardians,4,1,0,0,6,4,6,9,5,5,623454,Drew Anderson,676440,Tanner Bibee
2026-08-11,823832,loanDepot park,Miami Marlins,Pittsburgh Pirates,2,0,0,0,2,0,5,4,5,2,691587,Eury Pérez,694973,Paul Skenes
2026-08-11,822697,Nationals Park,Washington Nationals,Chicago Cubs,4,6,2,0,6,8,11,9,6,7,663623,Jake Irvin,684007,Shota Imanaga
2026-08-11,823512,Yankee Stadium,New York Yankees,Seattle Mariners,0,0,0,0,4,1,8,3,3,1,677960,Ryan Weathers,693433,Bryan Woo
2026-08-11,822778,Rogers Centre,Toronto Blue Jays,Boston Red Sox,3,3,0,0,5,3,10,7,6,5,656302,Dylan Cease,663776,Patrick Sandoval
2026-08-11,824886,Truist Park,Atlanta Braves,New York Mets,1,0,0,0,4,0,3,4,1,3,527048,Martín Pérez,690997,Nolan McLean
2026-08-11,823673,Target Field,Minnesota Twins,Baltimore Orioles,2,5,0,2,2,5,7,11,5,8,641927,Bailey Ober,687064,Brandon Young
2026-08-11,824563,Rate Field,Chicago White Sox,Cincinnati Reds,4,1,1,0,4,5,6,7,5,1,680732,Sean Burke,666157,Nick Lodolo
2026-08-11,823019,Busch Stadium,St. Louis Cardinals,Philadelphia Phillies,0,0,0,0,2,0,6,5,4,3,669467,Andre Pallante,650911,Cristopher Sánchez
2026-08-11,823997,Angel Stadium,Los Angeles Angels,Texas Rangers,3,1,0,1,3,2,5,6,4,3,696270,Ryan Johnson,674003,Cody Bradford
2026-08-11,825046,Chase Field,Arizona Diamondbacks,Colorado Rockies,2,0,2,0,2,3,8,6,5,2,683352,Mitch Bratt,608372,Tomoyuki Sugano
2026-08-11,824970,Sutter Health Park,Athletics,Tampa Bay Rays,2,6,0,2,4,12,8,11,4,7,686930,Mason Barnett,607259,Nick Martinez
2026-08-11,823264,Petco Park,San Diego Padres,Milwaukee Brewers,8,1,0,0,11,2,17,7,10,2,621111,Walker Buehler,690986,Kyle Harrison
2026-08-11,823186,Oracle Park,San Francisco Giants,Houston Astros,3,1,0,0,4,1,9,5,5,4,687931,Carson Whisenhunt,686613,Hunter Brown
2026-08-11,823917,UNIQLO Field at Dodger Stadium,Los Angeles Dodgers,Kansas City Royals,1,1,0,0,5,4,9,6,4,3,605483,Blake Snell,608379,Michael Wacha
2026-08-12,823672,Target Field,Minnesota Twins,Baltimore Orioles,7,4,1,1,7,5,14,7,14,6,805673,Zebby Matthews,669358,Shane Baz
2026-08-12,823017,Busch Stadium,St. Louis Cardinals,Philadelphia Phillies,5,1,0,0,7,1,8,6,6,6,681517,Kyle Leahy,554430,Zack Wheeler
2026-08-12,824967,Sutter Health Park,Athletics,Tampa Bay Rays,2,7,0,0,4,8,7,15,4,12,678022,Jack Perkins,656876,Drew Rasmussen
2026-08-12,825047,Chase Field,Arizona Diamondbacks,Colorado Rockies,2,6,1,0,4,6,11,8,7,6,518876,Merrill Kelly,663372,Ryan Feltner
2026-08-12,823187,Oracle Park,San Francisco Giants,Houston Astros,1,0,1,0,1,2,5,4,4,1,605288,Adrian Houser,687911,Bryan King
2026-08-12,823263,Petco Park,San Diego Padres,Milwaukee Brewers,1,2,0,0,4,3,7,5,4,3,592662,Robbie Ray,669160,Dustin May
2026-08-12,824241,Comerica Park,Detroit Tigers,Cleveland Guardians,3,4,2,2,4,6,7,10,4,6,664285,Framber Valdez,656492,Foster Griffin
2026-08-12,823833,loanDepot park,Miami Marlins,Pittsburgh Pirates,6,2,0,0,8,2,9,6,7,4,676083,Janson Junk,669387,Carmen Mlodzinski
2026-08-12,822698,Nationals Park,Washington Nationals,Chicago Cubs,4,4,0,0,6,12,11,13,9,4,800600,Jackson Kent,656849,David Peterson
2026-08-12,823511,Yankee Stadium,New York Yankees,Seattle Mariners,5,5,0,3,10,5,13,9,7,7,701542,Will Warren,682243,Bryce Miller
2026-08-12,822779,Rogers Centre,Toronto Blue Jays,Boston Red Sox,1,1,0,0,6,4,12,8,6,3,667755,José Soriano,624133,Ranger Suarez
2026-08-12,824883,Truist Park,Atlanta Braves,New York Mets,3,0,0,0,6,3,12,7,7,3,641816,Tyler Mahle,804267,Zac Thornton
2026-08-12,824562,Rate Field,Chicago White Sox,Cincinnati Reds,1,0,0,0,5,0,11,2,6,1,622491,Luis Castillo,695076,Rhett Lowder
2026-08-12,823916,UNIQLO Field at Dodger Stadium,Los Angeles Dodgers,Kansas City Royals,4,2,0,0,4,2,8,6,6,4,641778,Eric Lauer,663738,Daniel Lynch IV
2026-08-12,823994,Angel Stadium,Los Angeles Angels,Texas Rangers,1,2,0,0,5,2,8,7,4,5,691946,George Klassen,615698,Cal Quantrill
2026-08-13,824238,Comerica Park,Detroit Tigers,Cleveland Guardians,1,0,0,0,3,0,6,4,2,2,672456,Keider Montero,800048,Parker Messick
2026-08-13,824561,Rate Field,Chicago White Sox,Cincinnati Reds,5,8,1,3,8,9,12,8,8,7,663436,Davis Martin,671096,Andrew Abbott
2026-08-13,823829,loanDepot park,Miami Marlins,Pittsburgh Pirates,0,2,0,0,1,13,3,16,2,4,663969,Tyler Phillips,677952,Braxton Ashcraft
2026-08-13,823508,Yankee Stadium,New York Yankees,Seattle Mariners,0,1,0,0,0,1,4,5,4,5,608331,Max Fried,669302,Logan Gilbert
2026-08-13,822776,Rogers Centre,Toronto Blue Jays,Boston Red Sox,0,1,0,1,0,7,2,10,2,3,453286,Max Scherzer,801139,Payton Tolle
2026-08-13,822696,Nationals Park,Washington Nationals,Chicago Cubs,6,0,0,0,7,0,10,1,7,0,676917,Cade Cavalli,592332,Kevin Gausman
2026-08-13,823669,Field of Dreams,Minnesota Twins,Philadelphia Phillies,1,5,0,2,1,7,8,12,5,9,671737,Taj Bradley,605400,Aaron Nola
2026-08-13,823995,Angel Stadium,Los Angeles Angels,Texas Rangers,6,0,0,0,7,0,15,5,12,2,700712,Walbert Ureña,594798,Jacob deGrom
2026-08-13,823915,UNIQLO Field at Dodger Stadium,Los Angeles Dodgers,Milwaukee Brewers,1,2,0,0,4,5,4,10,3,3,808963,Roki Sasaki,675660,Shane Drohan
2026-08-14,824643,Wrigley Field,Chicago Cubs,St. Louis Cardinals,0,0,0,0,3,0,6,3,1,0,605280,Clay Holmes,669461,Matthew Liberatore
2026-08-14,824479,Great American Ball Park,Cincinnati Reds,Miami Marlins,0,0,0,0,1,0,6,4,1,2,695505,Chase Burns,645261,Sandy Alcantara
2026-08-14,823346,PNC Park,Pittsburgh Pirates,Boston Red Sox,7,2,0,0,8,4,9,9,7,4,696149,Bubba Chandler,687562,Jake Bennett
2026-08-14,824237,Comerica Park,Detroit Tigers,Chicago White Sox,3,6,0,1,5,9,10,14,5,9,695549,Jackson Jobe,656794,Sean Newcomb
2026-08-14,823591,Citi Field,New York Mets,Washington Nationals,0,1,0,0,4,1,7,5,1,3,476594,Robert Stock,674841,Andrew Alvarez
2026-08-14,824399,Progressive Field,Cleveland Guardians,San Diego Padres,3,5,0,0,5,7,10,12,6,7,668909,Gavin Williams,650633,Michael King
2026-08-14,822942,Tropicana Field,Tampa Bay Rays,Baltimore Orioles,2,2,0,0,5,6,9,12,5,4,571927,Steven Matz,605135,Chris Bassitt
2026-08-14,824882,Truist Park,Atlanta Braves,Arizona Diamondbacks,0,1,0,1,0,2,3,10,2,3,519242,Chris Sale,694297,Brandon Pfaadt
2026-08-14,822777,Rogers Centre,Toronto Blue Jays,New York Yankees,0,0,0,0,3,1,8,5,2,3,669456,Shane Bieber,543037,Gerrit Cole
2026-08-14,824159,Daikin Park,Houston Astros,Seattle Mariners,5,2,1,2,10,7,12,12,8,4,663567,Peter Lambert,669923,George Kirby
2026-08-14,823993,Angel Stadium,Los Angeles Angels,Kansas City Royals,5,5,0,0,6,7,10,10,7,6,680570,Grayson Rodriguez,607625,Seth Lugo
2026-08-14,824968,Sutter Health Park,Athletics,Texas Rangers,3,0,3,0,8,3,9,4,4,1,695611,Gage Jump,677958,Kumar Rocker
2026-08-14,823913,UNIQLO Field at Dodger Stadium,Los Angeles Dodgers,Milwaukee Brewers,2,1,1,0,3,1,8,5,6,3,808967,Yoshinobu Yamamoto,688107,Robert Gasser
2026-08-14,823185,Oracle Park,San Francisco Giants,Colorado Rockies,1,2,0,0,2,5,7,6,4,4,694738,Landen Roupp,607536,Kyle Freeland
2026-08-15,824239,Comerica Park,Detroit Tigers,Chicago White Sox,3,3,1,1,3,4,7,11,6,8,675512,Troy Melton,641743,Anthony Kay
2026-08-15,824644,Wrigley Field,Chicago Cubs,St. Louis Cardinals,3,4,0,3,4,8,8,7,5,3,571510,Matthew Boyd,700241,Michael McGreevy
2026-08-15,822775,Rogers Centre,Toronto Blue Jays,New York Yankees,1,1,0,0,4,1,10,4,3,2,680755,Braydon Fisher,693645,Cam Schlittler
2026-08-15,823184,Oracle Park,San Francisco Giants,Colorado Rockies,7,1,0,0,7,1,10,5,8,4,657277,Logan Webb,547179,Michael Lorenzen
2026-08-15,823588,Citi Field,New York Mets,Washington Nationals,2,1,2,0,5,4,8,7,1,2,640455,Sean Manaea,695418,Brad Lord
2026-08-15,822941,Tropicana Field,Tampa Bay Rays,Baltimore Orioles,1,2,0,0,3,4,11,9,6,5,693855,Ian Seymour,680694,Kyle Bradish
2026-08-15,824480,Great American Ball Park,Cincinnati Reds,Miami Marlins,4,3,0,0,4,8,8,14,6,7,663903,Brady Singer,687473,Ryan Gusto
2026-08-15,824400,Progressive Field,Cleveland Guardians,San Diego Padres,4,1,1,1,6,1,11,1,7,1,676282,Joey Cantillo,593974,Wandy Peralta
2026-08-15,824157,Daikin Park,Houston Astros,Seattle Mariners,2,5,1,0,5,10,8,15,5,8,669713,Hayden Wesneski,676106,Emerson Hancock
2026-08-15,823671,Target Field,Minnesota Twins,Philadelphia Phillies,0,8,0,0,1,9,9,13,5,8,687570,Connor Prielipp,666200,Jesús Luzardo
2026-08-15,823347,PNC Park,Pittsburgh Pirates,Boston Red Sox,0,1,0,0,0,4,6,9,5,4,683003,Jared Jones,543243,Sonny Gray
2026-08-15,824884,Truist Park,Atlanta Braves,Arizona Diamondbacks,2,6,2,0,3,10,6,13,5,7,656550,Grant Holmes,593958,Eduardo Rodriguez
2026-08-15,823914,UNIQLO Field at Dodger Stadium,Los Angeles Dodgers,Milwaukee Brewers,1,4,0,0,1,4,5,5,5,4,680736,Justin Wrobleski,694819,Jacob Misiorowski
2026-08-15,823990,Angel Stadium,Los Angeles Angels,Kansas City Royals,0,0,0,0,1,0,6,2,3,2,672282,Reid Detmers,677976,Randy Dobnak
2026-08-15,824966,Sutter Health Park,Athletics,Texas Rangers,3,1,0,0,3,5,8,11,7,5,669372,J.T. Ginn,669022,MacKenzie Gore
2026-08-16,822940,Tropicana Field,Tampa Bay Rays,Baltimore Orioles,1,3,0,0,2,10,9,9,4,3,642547,Freddy Peralta,669432,Trevor Rogers
2026-08-16,823344,PNC Park,Pittsburgh Pirates,Boston Red Sox,7,3,2,0,8,3,11,5,9,4,669199,Lake Bachar,663776,Patrick Sandoval
2026-08-16,824880,Truist Park,Atlanta Braves,Arizona Diamondbacks,2,1,0,0,5,3,8,6,6,4,693821,Bryce Elder,647336,Michael Soroka
2026-08-16,822774,Rogers Centre,Toronto Blue Jays,New York Yankees,1,1,0,0,3,4,7,6,4,1,656302,Dylan Cease,677960,Ryan Weathers
2026-08-16,823590,Citi Field,New York Mets,Washington Nationals,4,2,0,0,4,3,10,5,8,3,681035,Christian Scott,663623,Jake Irvin
2026-08-16,824397,Progressive Field,Cleveland Guardians,San Diego Padres,0,3,0,0,0,5,3,10,3,5,676440,Tanner Bibee,663554,Casey Mize
2026-08-16,824236,Comerica Park,Detroit Tigers,Chicago White Sox,4,3,0,0,5,7,7,8,5,4,623454,Drew Anderson,680732,Sean Burke
2026-08-16,824477,Great American Ball Park,Cincinnati Reds,Miami Marlins,0,0,0,0,1,7,4,8,2,3,666157,Nick Lodolo,691587,Eury Pérez
2026-08-16,823670,Target Field,Minnesota Twins,Philadelphia Phillies,5,0,4,0,5,7,7,9,6,3,665152,Dean Kremer,691725,Andrew Painter
2026-08-16,824642,Wrigley Field,Chicago Cubs,St. Louis Cardinals,2,9,0,2,4,11,6,13,2,8,665795,Edward Cabrera,690928,Hunter Dobbins
2026-08-16,823182,Oracle Park,San Francisco Giants,Colorado Rockies,7,6,1,0,7,13,11,9,9,4,694918,Blade Tidwell,687312,Gabriel Hughes
2026-08-16,824965,Sutter Health Park,Athletics,Texas Rangers,2,2,0,0,5,2,13,7,8,4,682052,Jacob Lopez,674003,Cody Bradford
2026-08-16,823991,Angel Stadium,Los Angeles Angels,Kansas City Royals,0,2,0,0,0,3,1,7,0,5,696270,Ryan Johnson,702070,Noah Cameron
2026-08-16,823912,UNIQLO Field at Dodger Stadium,Los Angeles Dodgers,Milwaukee Brewers,1,2,0,0,2,6,6,11,3,7,669373,Tarik Skubal,701656,Logan Henderson
2026-08-16,824156,Daikin Park,Houston Astros,Seattle Mariners,1,2,0,1,2,3,7,8,2,3,686613,Hunter Brown,693433,Bryan Woo
2026-08-17,824514,Great American Ball Park,Cincinnati Reds,St. Louis Cardinals,1,2,0,2,1,2,3,7,2,5,592288,Kent Emanuel,687273,Quinn Mathews
2026-08-17,824478,Great American Ball Park,Cincinnati Reds,St. Louis Cardinals,1,2,1,0,6,5,13,11,6,5,695076,Rhett Lowder,669467,Andre Pallante
2026-08-17,822939,Tropicana Field,Tampa Bay Rays,Baltimore Orioles,4,6,0,0,7,6,12,14,8,9,663556,Shane McClanahan,687064,Brandon Young
2026-08-17,823427,Citizens Bank Park,Philadelphia Phillies,Miami Marlins,2,0,0,0,6,5,11,14,8,6,650911,Cristopher Sánchez,676083,Janson Junk
2026-08-17,823343,PNC Park,Pittsburgh Pirates,Detroit Tigers,1,5,0,2,5,8,6,14,3,10,669387,Carmen Mlodzinski,664285,Framber Valdez
2026-08-17,824725,Fenway Park,Boston Red Sox,Arizona Diamondbacks,7,0,0,0,11,1,16,4,8,2,687941,Alec Gamboa,683352,Mitch Bratt
2026-08-17,823589,Citi Field,New York Mets,San Diego Padres,2,1,2,0,2,1,5,7,2,6,690997,Nolan McLean,621111,Walker Buehler
2026-08-17,824077,Kauffman Stadium,Kansas City Royals,Athletics,6,4,3,1,9,5,13,8,7,6,608379,Michael Wacha,686930,Mason Barnett
2026-08-17,823668,Target Field,Minnesota Twins,Atlanta Braves,4,2,4,0,4,2,10,7,9,6,641927,Bailey Ober,527048,Martín Pérez
2026-08-17,824641,Wrigley Field,Chicago Cubs,Chicago White Sox,4,3,2,0,7,5,14,4,8,2,684007,Shota Imanaga,622491,Luis Castillo
2026-08-17,824320,Coors Field,Colorado Rockies,Los Angeles Dodgers,1,7,0,0,5,11,6,14,2,7,608372,Tomoyuki Sugano,605483,Blake Snell
2026-08-18,824803,Oriole Park at Camden Yards,Baltimore Orioles,New York Yankees,1,1,0,0,1,3,4,5,3,2,669358,Shane Baz,607074,Carlos Rodón
2026-08-18,823341,PNC Park,Pittsburgh Pirates,Detroit Tigers,3,1,0,0,4,1,6,5,4,3,677952,Braxton Ashcraft,672456,Keider Montero
2026-08-18,824398,Progressive Field,Cleveland Guardians,San Francisco Giants,7,1,3,0,8,1,12,7,9,5,656492,Foster Griffin,687931,Carson Whisenhunt
2026-08-18,824475,Great American Ball Park,Cincinnati Reds,St. Louis Cardinals,0,1,0,0,0,3,3,7,3,2,671096,Andrew Abbott,681517,Kyle Leahy
2026-08-18,822938,Tropicana Field,Tampa Bay Rays,Toronto Blue Jays,3,8,0,2,5,10,13,17,9,12,607259,Nick Martinez,667755,José Soriano
2026-08-18,823423,Citizens Bank Park,Philadelphia Phillies,Miami Marlins,1,2,1,0,6,4,10,5,3,2,554430,Zack Wheeler,806188,Cade Gibson
2026-08-18,824723,Fenway Park,Boston Red Sox,Arizona Diamondbacks,6,4,3,0,9,4,13,7,8,3,624133,Ranger Suarez,518876,Merrill Kelly
2026-08-18,823586,Citi Field,New York Mets,San Diego Padres,1,3,0,1,2,5,6,11,3,7,804267,Zac Thornton,592662,Robbie Ray
2026-08-18,824075,Kauffman Stadium,Kansas City Royals,Athletics,0,1,0,1,4,3,9,5,3,2,663738,Daniel Lynch IV,669620,Brady Basso
2026-08-18,823667,Target Field,Minnesota Twins,Atlanta Braves,2,0,2,0,4,1,10,6,4,2,805673,Zebby Matthews,641816,Tyler Mahle
2026-08-18,823749,American Family Field,Milwaukee Brewers,Seattle Mariners,6,0,1,0,22,0,22,5,7,2,690986,Kyle Harrison,682243,Bryce Miller
2026-08-18,822859,Globe Life Field,Texas Rangers,Washington Nationals,5,0,1,0,5,0,11,7,8,3,615698,Cal Quantrill,800600,Jackson Kent
2026-08-18,824639,Wrigley Field,Chicago Cubs,Chicago White Sox,2,3,2,0,4,3,8,10,4,7,592332,Kevin Gausman,663542,Bryan Hudson
2026-08-18,824154,Daikin Park,Houston Astros,Los Angeles Angels,0,3,0,0,1,3,3,8,1,7,664299,Cristian Javier,691946,George Klassen
2026-08-18,824319,Coors Field,Colorado Rockies,Los Angeles Dodgers,4,6,1,1,6,7,10,10,6,7,663372,Ryan Feltner,641778,Eric Lauer
2026-08-19,823342,PNC Park,Pittsburgh Pirates,Detroit Tigers,1,3,1,0,4,3,8,7,4,5,694973,Paul Skenes,695549,Jackson Jobe
2026-08-19,823587,Citi Field,New York Mets,San Diego Padres,2,1,0,0,4,2,7,5,3,2,476594,Robert Stock,650633,Michael King
2026-08-19,823664,Target Field,Minnesota Twins,Atlanta Braves,4,1,0,0,6,4,10,7,6,2,671737,Taj Bradley,700363,AJ Smith-Shawver
2026-08-19,824640,Wrigley Field,Chicago Cubs,Chicago White Sox,0,0,0,0,0,3,2,9,1,4,605280,Clay Holmes,656794,Sean Newcomb
2026-08-19,824722,Fenway Park,Boston Red Sox,Arizona Diamondbacks,2,3,1,0,6,7,9,10,4,6,801139,Payton Tolle,694297,Brandon Pfaadt
2026-08-19,823424,Citizens Bank Park,Philadelphia Phillies,Miami Marlins,3,0,0,0,4,1,10,7,7,2,605400,Aaron Nola,645261,Sandy Alcantara
2026-08-19,824801,Oriole Park at Camden Yards,Baltimore Orioles,New York Yankees,2,3,1,0,3,5,6,10,3,7,605135,Chris Bassitt,701542,Will Warren
2026-08-19,824394,Progressive Field,Cleveland Guardians,San Francisco Giants,0,1,0,0,0,1,6,7,4,4,800048,Parker Messick,683363,Matt Wilkinson
2026-08-19,824476,Great American Ball Park,Cincinnati Reds,St. Louis Cardinals,0,2,0,0,5,4,7,9,1,6,695505,Chase Burns,669461,Matthew Liberatore
2026-08-19,822937,Tropicana Field,Tampa Bay Rays,Toronto Blue Jays,7,5,2,0,7,6,8,9,6,7,656876,Drew Rasmussen,453286,Max Scherzer
2026-08-19,824076,Kauffman Stadium,Kansas City Royals,Athletics,1,5,0,2,9,7,11,11,3,9,607625,Seth Lugo,605488,Jeffrey Springs
2026-08-19,823748,American Family Field,Milwaukee Brewers,Seattle Mariners,2,7,0,4,5,7,8,10,4,7,669160,Dustin May,669302,Logan Gilbert
2026-08-19,822860,Globe Life Field,Texas Rangers,Washington Nationals,0,2,0,0,0,6,4,9,3,6,677958,Kumar Rocker,676917,Cade Cavalli
2026-08-19,824155,Daikin Park,Houston Astros,Los Angeles Angels,3,2,0,0,3,2,5,5,3,4,814490,Ethan Pecko,700712,Walbert Ureña
2026-08-19,824318,Coors Field,Colorado Rockies,Los Angeles Dodgers,2,4,0,0,4,6,9,11,7,7,607536,Kyle Freeland,808963,Roki Sasaki
2026-08-20,824474,Great American Ball Park,Cincinnati Reds,St. Louis Cardinals,0,4,0,1,9,10,7,8,1,4,663903,Brady Singer,700241,Michael McGreevy
2026-08-20,824395,Progressive Field,Cleveland Guardians,San Francisco Giants,3,2,3,0,5,2,9,5,4,3,668909,Gavin Williams,694738,Landen Roupp
2026-08-20,822934,Tropicana Field,Tampa Bay Rays,Toronto Blue Jays,1,3,0,0,1,5,4,12,2,6,693855,Ian Seymour,669456,Shane Bieber
2026-08-20,824074,Kauffman Stadium,Kansas City Royals,Athletics,6,2,1,0,6,2,13,8,9,7,677976,Randy Dobnak,695611,Gage Jump
2026-08-20,824589,Rate Field,Chicago White Sox,Atlanta Braves,0,1,0,0,0,2,1,8,0,3,641743,Anthony Kay,656550,Grant Holmes
2026-08-20,823747,American Family Field,Milwaukee Brewers,Seattle Mariners,6,4,6,0,7,4,11,6,9,5,688107,Robert Gasser,669923,George Kirby
2026-08-20,824802,Oriole Park at Camden Yards,Baltimore Orioles,New York Yankees,1,3,0,0,1,6,4,11,2,6,680694,Kyle Bradish,543037,Gerrit Cole
2026-08-20,822861,Globe Life Field,Texas Rangers,Washington Nationals,1,0,0,0,2,0,6,1,4,1,594798,Jacob deGrom,674841,Andrew Alvarez
2026-08-20,824153,Daikin Park,Houston Astros,Los Angeles Angels,2,14,2,1,3,18,8,18,5,13,663567,Peter Lambert,680570,Grayson Rodriguez
2026-08-21,823746,American Family Field,Milwaukee Brewers,Atlanta Braves,2,0,0,0,2,1,9,8,8,3,694819,Jacob Misiorowski,519242,Chris Sale
2026-08-21,823420,Citizens Bank Park,Philadelphia Phillies,St. Louis Cardinals,3,2,0,2,7,6,11,11,5,2,666200,Jesús Luzardo,690928,Hunter Dobbins
2026-08-21,823510,Yankee Stadium,New York Yankees,Toronto Blue Jays,3,1,0,0,3,1,4,9,4,6,693645,Cam Schlittler,689254,Mason Fluharty
2026-08-21,824721,Fenway Park,Boston Red Sox,San Francisco Giants,5,4,0,0,6,4,11,7,7,7,543243,Sonny Gray,657277,Logan Webb
2026-08-21,823830,loanDepot park,Miami Marlins,Washington Nationals,0,0,0,0,3,2,6,9,1,6,687473,Ryan Gusto,695418,Brad Lord
2026-08-21,824800,Oriole Park at Camden Yards,Baltimore Orioles,Tampa Bay Rays,5,3,1,0,5,3,8,7,6,6,669432,Trevor Rogers,642547,Freddy Peralta
2026-08-21,824559,Rate Field,Chicago White Sox,New York Mets,0,4,0,0,6,4,6,8,2,7,680732,Sean Burke,640455,Sean Manaea
2026-08-21,824072,Kauffman Stadium,Kansas City Royals,Detroit Tigers,2,0,0,0,5,2,11,6,6,2,702070,Noah Cameron,675512,Troy Melton
2026-08-21,824152,Daikin Park,Houston Astros,Athletics,3,0,0,0,4,0,9,3,6,1,669713,Hayden Wesneski,669372,J.T. Ginn
2026-08-21,822857,Globe Life Field,Texas Rangers,Los Angeles Angels,0,0,0,0,2,1,11,3,5,2,669022,MacKenzie Gore,672282,Reid Detmers
2026-08-21,824317,Coors Field,Colorado Rockies,Cleveland Guardians,1,4,1,0,1,9,6,14,4,8,685299,Tanner Gordon,676282,Joey Cantillo
2026-08-21,825045,Chase Field,Arizona Diamondbacks,Cincinnati Reds,6,0,1,0,9,0,15,4,10,4,593958,Eduardo Rodriguez,666157,Nick Lodolo
2026-08-21,823262,Petco Park,San Diego Padres,Minnesota Twins,6,2,2,0,6,2,9,2,8,2,681190,Randy Vásquez,687570,Connor Prielipp
2026-08-21,823911,UNIQLO Field at Dodger Stadium,Los Angeles Dodgers,Pittsburgh Pirates,4,2,2,1,5,4,6,8,4,4,808967,Yoshinobu Yamamoto,696149,Bubba Chandler
2026-08-21,823101,T-Mobile Park,Seattle Mariners,Chicago Cubs,5,3,0,3,6,5,8,12,6,7,676106,Emerson Hancock,571510,Matthew Boyd
2026-08-22,823509,Yankee Stadium,New York Yankees,Toronto Blue Jays,0,3,0,1,3,4,4,15,0,10,677960,Ryan Weathers,656302,Dylan Cease
2026-08-22,823743,American Family Field,Milwaukee Brewers,Atlanta Braves,4,1,0,1,4,1,8,7,6,4,701656,Logan Henderson,527048,Martín Pérez
2026-08-22,823831,loanDepot park,Miami Marlins,Washington Nationals,4,2,2,0,4,2,7,3,5,3,691587,Eury Pérez,663623,Jake Irvin
2026-08-22,823422,Citizens Bank Park,Philadelphia Phillies,St. Louis Cardinals,7,0,3,0,12,3,15,7,10,2,691725,Andrew Painter,687273,Quinn Mathews
2026-08-22,824798,Oriole Park at Camden Yards,Baltimore Orioles,Tampa Bay Rays,0,1,0,0,3,2,8,8,4,3,687064,Brandon Young,663556,Shane McClanahan
2026-08-22,822858,Globe Life Field,Texas Rangers,Los Angeles Angels,0,1,0,1,0,3,1,10,0,5,674003,Cody Bradford,696270,Ryan Johnson
2026-08-22,824151,Daikin Park,Houston Astros,Athletics,1,1,0,0,3,4,6,10,3,6,686613,Hunter Brown,682052,Jacob Lopez
2026-08-22,824560,Rate Field,Chicago White Sox,New York Mets,4,7,0,1,5,10,9,16,5,12,622491,Luis Castillo,681035,Christian Scott
2026-08-22,824073,Kauffman Stadium,Kansas City Royals,Detroit Tigers,2,1,0,0,3,1,5,3,4,2,608379,Michael Wacha,623454,Drew Anderson
2026-08-22,823910,UNIQLO Field at Dodger Stadium,Los Angeles Dodgers,Pittsburgh Pirates,4,3,0,3,4,3,7,6,5,5,669373,Tarik Skubal,683003,Jared Jones
2026-08-22,823100,T-Mobile Park,Seattle Mariners,Chicago Cubs,2,1,1,0,5,4,8,7,4,2,807739,Kade Anderson,656849,David Peterson
2026-08-22,824718,Fenway Park,Boston Red Sox,San Francisco Giants,0,2,0,1,3,2,8,8,3,4,663776,Patrick Sandoval,694918,Blade Tidwell
2026-08-22,825044,Chase Field,Arizona Diamondbacks,Cincinnati Reds,2,7,0,1,5,11,10,16,5,8,647336,Michael Soroka,695076,Rhett Lowder
2026-08-22,824316,Coors Field,Colorado Rockies,Cleveland Guardians,2,3,0,0,3,4,7,7,5,4,687312,Gabriel Hughes,676440,Tanner Bibee
2026-08-22,823261,Petco Park,San Diego Padres,Minnesota Twins,1,5,0,1,7,5,10,10,2,9,663554,Casey Mize,665152,Dean Kremer
2026-08-23,824799,Oriole Park at Camden Yards,Baltimore Orioles,Tampa Bay Rays,0,0,0,0,1,3,2,7,1,2,669358,Shane Baz,607259,Nick Martinez
2026-08-23,823421,Citizens Bank Park,Philadelphia Phillies,St. Louis Cardinals,0,3,0,1,6,4,9,10,3,5,650911,Cristopher Sánchez,681517,Kyle Leahy
2026-08-23,823507,Yankee Stadium,New York Yankees,Toronto Blue Jays,2,2,0,0,8,3,11,5,4,2,607074,Carlos Rodón,667755,José Soriano
2026-08-23,823827,loanDepot park,Miami Marlins,Washington Nationals,3,1,1,0,6,2,8,5,5,2,676083,Janson Junk,800600,Jackson Kent
2026-08-23,824071,Kauffman Stadium,Kansas City Royals,Detroit Tigers,9,5,0,1,11,7,12,10,7,7,663738,Daniel Lynch IV,621097,Jacob Waguespack
2026-08-23,824150,Daikin Park,Houston Astros,Athletics,6,6,3,0,6,7,8,10,6,7,664299,Cristian Javier,669620,Brady Basso
2026-08-23,824558,Rate Field,Chicago White Sox,New York Mets,0,0,0,0,2,1,5,7,1,4,656794,Sean Newcomb,690997,Nolan McLean
2026-08-23,822856,Globe Life Field,Texas Rangers,Los Angeles Angels,5,0,0,0,5,3,8,11,7,6,615698,Cal Quantrill,579328,Yusei Kikuchi
2026-08-23,824315,Coors Field,Colorado Rockies,Cleveland Guardians,2,6,0,3,2,7,7,12,5,11,608372,Tomoyuki Sugano,656492,Foster Griffin
2026-08-23,824720,Fenway Park,Boston Red Sox,San Francisco Giants,5,3,0,2,5,4,11,8,9,6,687562,Jake Bennett,683363,Matt Wilkinson
2026-08-23,823909,UNIQLO Field at Dodger Stadium,Los Angeles Dodgers,Pittsburgh Pirates,4,0,1,0,4,0,6,2,6,2,605483,Blake Snell,669199,Lake Bachar
2026-08-23,823099,T-Mobile Park,Seattle Mariners,Chicago Cubs,2,6,1,0,2,19,7,17,5,2,682243,Bryce Miller,684007,Shota Imanaga
2026-08-23,823258,Petco Park,San Diego Padres,Minnesota Twins,1,1,0,0,8,1,9,6,4,4,621111,Walker Buehler,641927,Bailey Ober
2026-08-23,825043,Chase Field,Arizona Diamondbacks,Cincinnati Reds,0,3,0,0,5,3,8,8,3,6,683352,Mitch Bratt,671096,Andrew Abbott
2026-08-23,823745,Journey Bank Ballpark,Milwaukee Brewers,Atlanta Braves,1,2,0,0,2,4,11,11,5,8,675660,Shane Drohan,641816,Tyler Mahle
2026-08-24,824235,Comerica Park,Detroit Tigers,Tampa Bay Rays,1,3,0,2,1,4,5,9,3,7,664285,Framber Valdez,656876,Drew Rasmussen
2026-08-24,823828,loanDepot park,Miami Marlins,Boston Red Sox,1,1,0,0,2,4,9,9,4,4,645261,Sandy Alcantara,624133,Ranger Suarez
2026-08-24,822695,Nationals Park,Washington Nationals,Colorado Rockies,5,2,0,0,13,3,13,7,5,5,676917,Cade Cavalli,663372,Ryan Feltner
2026-08-24,824557,Rate Field,Chicago White Sox,Texas Rangers,2,7,0,2,2,11,5,14,5,9,664353,José Urquidy,677958,Kumar Rocker
2026-08-24,823992,Angel Stadium,Los Angeles Angels,Cleveland Guardians,1,2,0,0,2,4,6,8,3,6,691946,George Klassen,800048,Parker Messick
2026-08-24,825041,Chase Field,Arizona Diamondbacks,Chicago Cubs,0,2,0,0,0,7,5,10,1,4,518876,Merrill Kelly,592332,Kevin Gausman
2026-08-24,823260,Petco Park,San Diego Padres,Pittsburgh Pirates,0,0,0,0,2,3,7,9,2,4,592662,Robbie Ray,677952,Braxton Ashcraft
2026-08-24,824964,Sutter Health Park,Athletics,Minnesota Twins,1,4,0,1,6,9,12,16,6,7,605488,Jeffrey Springs,805673,Zebby Matthews
2026-08-24,823097,T-Mobile Park,Seattle Mariners,Philadelphia Phillies,8,2,5,1,9,2,10,5,9,5,669302,Logan Gilbert,554430,Zack Wheeler
2026-08-24,823183,Oracle Park,San Francisco Giants,Cincinnati Reds,5,0,2,0,5,0,10,5,9,2,687931,Carson Whisenhunt,695505,Chase Burns
2026-08-25,824233,Comerica Park,Detroit Tigers,Tampa Bay Rays,3,1,0,0,4,1,8,5,6,4,695549,Jackson Jobe,668984,Casey Legumina
2026-08-25,823826,loanDepot park,Miami Marlins,Boston Red Sox,1,1,0,0,3,7,7,7,2,3,663969,Tyler Phillips,801139,Payton Tolle
2026-08-25,822693,Nationals Park,Washington Nationals,Colorado Rockies,1,3,0,0,1,3,5,7,3,5,674841,Andrew Alvarez,690279,Mason Adams
2026-08-25,823505,Yankee Stadium,New York Yankees,Houston Astros,5,3,0,0,7,9,10,14,5,7,701542,Will Warren,814490,Ethan Pecko
2026-08-25,822773,Rogers Centre,Toronto Blue Jays,Kansas City Royals,1,2,1,1,3,5,10,10,6,4,453286,Max Scherzer,607625,Seth Lugo
2026-08-25,823585,Citi Field,New York Mets,Milwaukee Brewers,1,1,0,0,3,2,11,9,6,6,804267,Zac Thornton,690986,Kyle Harrison
2026-08-25,824881,Truist Park,Atlanta Braves,Los Angeles Dodgers,3,3,3,0,4,3,9,10,6,7,693821,Bryce Elder,607192,Tyler Glasnow
2026-08-25,824556,Rate Field,Chicago White Sox,Texas Rangers,10,4,6,0,11,7,14,11,11,6,641743,Anthony Kay,594798,Jacob deGrom
2026-08-25,823016,Busch Stadium,St. Louis Cardinals,Baltimore Orioles,1,12,0,0,1,13,7,17,4,13,669461,Matthew Liberatore,605135,Chris Bassitt
2026-08-25,823989,Angel Stadium,Los Angeles Angels,Cleveland Guardians,6,5,2,0,6,8,9,13,8,9,700712,Walbert Ureña,668909,Gavin Williams
2026-08-25,825042,Chase Field,Arizona Diamondbacks,Chicago Cubs,0,3,0,0,5,4,5,7,1,3,694297,Brandon Pfaadt,605280,Clay Holmes
2026-08-25,823259,Petco Park,San Diego Padres,Pittsburgh Pirates,0,0,0,0,0,1,3,6,2,4,650633,Michael King,694973,Paul Skenes
2026-08-25,824962,Sutter Health Park,Athletics,Minnesota Twins,2,0,0,0,4,2,7,4,3,1,695611,Gage Jump,671737,Taj Bradley
2026-08-25,823098,T-Mobile Park,Seattle Mariners,Philadelphia Phillies,1,1,0,0,4,1,5,6,1,5,669923,George Kirby,605400,Aaron Nola
2026-08-25,823181,Oracle Park,San Francisco Giants,Cincinnati Reds,3,0,2,0,3,1,8,4,5,2,605288,Adrian Houser,663903,Brady Singer
2026-08-26,824234,Comerica Park,Detroit Tigers,Tampa Bay Rays,0,2,0,0,0,3,2,8,1,5,675512,Troy Melton,642547,Freddy Peralta
2026-08-26,825039,Chase Field,Arizona Diamondbacks,Chicago Cubs,0,0,0,0,2,0,6,2,2,1,593958,Eduardo Rodriguez,571510,Matthew Boyd
2026-08-26,823180,Oracle Park,San Francisco Giants,Cincinnati Reds,4,2,0,0,9,10,12,15,6,4,657277,Logan Webb,666157,Nick Lodolo
2026-08-26,823988,Angel Stadium,Los Angeles Angels,Cleveland Guardians,3,1,1,0,3,4,3,12,2,7,680570,Grayson Rodriguez,676282,Joey Cantillo
2026-08-26,823255,Petco Park,San Diego Padres,Pittsburgh Pirates,2,0,0,0,3,0,7,5,3,1,681190,Randy Vásquez,696149,Bubba Chandler
2026-08-26,823096,T-Mobile Park,Seattle Mariners,Philadelphia Phillies,0,6,0,2,0,6,2,10,1,6,693433,Bryan Woo,666200,Jesús Luzardo
2026-08-26,823825,loanDepot park,Miami Marlins,Boston Red Sox,2,0,1,0,4,0,10,5,7,2,687473,Ryan Gusto,543243,Sonny Gray
2026-08-26,822692,Nationals Park,Washington Nationals,Colorado Rockies,1,4,0,0,1,13,7,15,4,6,663362,Matt Waldron,685299,Tanner Gordon
2026-08-26,823506,Yankee Stadium,New York Yankees,Houston Astros,3,2,2,1,9,3,13,4,6,2,695684,Elmer Rodríguez,663567,Peter Lambert
2026-08-26,822772,Rogers Centre,Toronto Blue Jays,Kansas City Royals,3,0,0,0,3,0,6,6,6,2,693686,Spencer Miles,677976,Randy Dobnak
2026-08-26,823584,Citi Field,New York Mets,Milwaukee Brewers,1,7,0,0,1,8,9,13,5,10,476594,Robert Stock,669160,Dustin May
2026-08-26,824878,Truist Park,Atlanta Braves,Los Angeles Dodgers,4,3,1,0,6,5,14,10,8,5,700363,AJ Smith-Shawver,808963,Roki Sasaki
2026-08-26,824555,Rate Field,Chicago White Sox,Texas Rangers,6,2,0,0,10,4,15,8,10,4,680732,Sean Burke,669022,MacKenzie Gore
2026-08-26,823015,Busch Stadium,St. Louis Cardinals,Baltimore Orioles,7,7,0,5,7,8,11,13,9,10,700241,Michael McGreevy,680694,Kyle Bradish
2026-08-26,824963,Sutter Health Park,Athletics,Minnesota Twins,2,3,0,1,7,4,12,8,5,3,669372,J.T. Ginn,687570,Connor Prielipp
2026-08-27,822694,Nationals Park,Washington Nationals,Colorado Rockies,4,1,2,0,7,1,13,5,7,3,663623,Jake Irvin,687312,Gabriel Hughes
2026-08-27,823014,Busch Stadium,St. Louis Cardinals,Baltimore Orioles,6,1,0,0,7,5,9,7,7,2,700669,Gordon Graceffo,669432,Trevor Rogers
2026-08-27,823503,Yankee Stadium,New York Yankees,Houston Astros,0,1,0,0,1,5,5,9,2,4,543037,Gerrit Cole,669713,Hayden Wesneski
2026-08-27,822771,Rogers Centre,Toronto Blue Jays,Kansas City Royals,0,4,0,2,2,13,8,16,2,5,681293,Spencer Arrighetti,702070,Noah Cameron
2026-08-27,823581,Citi Field,New York Mets,Milwaukee Brewers,2,5,0,2,2,8,3,12,2,6,640455,Sean Manaea,694819,Jacob Misiorowski
2026-08-27,824879,Truist Park,Atlanta Braves,Los Angeles Dodgers,1,0,1,0,1,0,4,5,2,3,519242,Chris Sale,808967,Yoshinobu Yamamoto
2026-08-27,823179,Oracle Park,San Francisco Giants,Arizona Diamondbacks,2,1,1,0,6,1,7,6,3,4,694738,Landen Roupp,703615,Jose Cabrera
2026-08-28,824638,Wrigley Field,Chicago Cubs,Cincinnati Reds,3,2,1,0,8,10,13,13,6,6,656849,David Peterson,695076,Rhett Lowder
2026-08-28,824231,Comerica Park,Detroit Tigers,Los Angeles Dodgers,1,0,0,0,1,2,5,9,3,4,623454,Drew Anderson,669373,Tarik Skubal
2026-08-28,822691,Nationals Park,Washington Nationals,Miami Marlins,5,1,0,0,9,2,7,5,2,2,800600,Jackson Kent,691587,Eury Pérez
2026-08-28,824396,Progressive Field,Cleveland Guardians,Kansas City Royals,0,1,0,0,0,3,6,9,3,6,676440,Tanner Bibee,608379,Michael Wacha
2026-08-28,823583,Citi Field,New York Mets,Houston Astros,1,0,0,0,1,3,5,4,4,1,681035,Christian Scott,686613,Hunter Brown
2026-08-28,822935,Tropicana Field,Tampa Bay Rays,San Diego Padres,7,2,0,0,9,4,11,4,6,2,663556,Shane McClanahan,663554,Casey Mize
2026-08-28,822769,Rogers Centre,Toronto Blue Jays,Seattle Mariners,5,1,3,1,8,1,11,5,8,2,656302,Dylan Cease,676106,Emerson Hancock
2026-08-28,824877,Truist Park,Atlanta Braves,Colorado Rockies,6,3,0,0,6,4,14,12,10,8,656550,Grant Holmes,608372,Tomoyuki Sugano
2026-08-28,823504,Yankee Stadium,New York Yankees,Boston Red Sox,1,0,0,0,1,0,3,5,2,2,693645,Cam Schlittler,663776,Patrick Sandoval
2026-08-28,823744,American Family Field,Milwaukee Brewers,Texas Rangers,2,1,2,0,6,1,14,2,7,1,701656,Logan Henderson,674003,Cody Bradford
2026-08-28,823666,Target Field,Minnesota Twins,Chicago White Sox,4,6,3,4,4,7,12,10,8,8,665152,Dean Kremer,622491,Luis Castillo
2026-08-28,823013,Busch Stadium,St. Louis Cardinals,Pittsburgh Pirates,3,1,0,0,4,1,8,6,7,4,687273,Quinn Mathews,683003,Jared Jones
2026-08-28,823985,Angel Stadium,Los Angeles Angels,Philadelphia Phillies,3,1,3,0,3,5,3,11,2,7,672282,Reid Detmers,691725,Andrew Painter
2026-08-28,824960,Sutter Health Park,Athletics,Baltimore Orioles,0,2,0,0,3,4,9,6,3,3,682052,Jacob Lopez,687064,Brandon Young
2026-08-28,823178,Oracle Park,San Francisco Giants,Arizona Diamondbacks,5,6,1,1,6,10,5,12,4,7,694918,Blade Tidwell,684442,Kohl Drake
2026-08-29,823539,Yankee Stadium,New York Yankees,Boston Red Sox,0,2,0,1,0,6,4,9,3,3,607074,Carlos Rodón,687562,Jake Bennett
2026-08-29,823501,Yankee Stadium,New York Yankees,Boston Red Sox,3,1,0,0,9,2,13,6,4,4,608331,Max Fried,687941,Alec Gamboa
2026-08-29,824230,Comerica Park,Detroit Tigers,Los Angeles Dodgers,1,0,0,0,2,1,6,6,3,1,672456,Keider Montero,605483,Blake Snell
2026-08-29,823665,Target Field,Minnesota Twins,Chicago White Sox,2,2,1,1,2,3,5,3,3,2,641927,Bailey Ober,607200,Erick Fedde
2026-08-29,823011,Busch Stadium,St. Louis Cardinals,Pittsburgh Pirates,1,5,0,1,2,6,3,11,2,9,681517,Kyle Leahy,669199,Lake Bachar
2026-08-29,824637,Wrigley Field,Chicago Cubs,Cincinnati Reds,10,5,3,0,17,5,19,7,13,6,592332,Kevin Gausman,671096,Andrew Abbott
2026-08-29,822770,Rogers Centre,Toronto Blue Jays,Seattle Mariners,2,3,0,0,4,3,5,6,3,4,667755,José Soriano,807739,Kade Anderson
2026-08-29,823177,Oracle Park,San Francisco Giants,Arizona Diamondbacks,0,0,0,0,1,7,4,9,2,2,683363,Matt Wilkinson,518876,Merrill Kelly
2026-08-29,823176,Oracle Park,San Francisco Giants,Arizona Diamondbacks,4,1,1,0,7,2,9,7,5,3,805074,Yunior Marte,683352,Mitch Bratt
2026-08-29,822690,Nationals Park,Washington Nationals,Miami Marlins,4,0,0,0,5,4,9,6,8,1,676917,Cade Cavalli,645261,Sandy Alcantara
2026-08-29,824392,Progressive Field,Cleveland Guardians,Kansas City Royals,2,2,0,0,3,8,5,12,3,4,656492,Foster Griffin,663738,Daniel Lynch IV
2026-08-29,823582,Citi Field,New York Mets,Houston Astros,4,1,1,1,6,2,11,4,7,1,690997,Nolan McLean,656986,Bennett Sousa
2026-08-29,822936,Tropicana Field,Tampa Bay Rays,San Diego Padres,2,1,1,0,7,6,11,10,6,5,607259,Nick Martinez,621111,Walker Buehler
2026-08-29,824874,Truist Park,Atlanta Braves,Colorado Rockies,0,0,0,0,2,1,6,8,2,3,527048,Martín Pérez,688642,Zach Agnos
2026-08-29,823741,American Family Field,Milwaukee Brewers,Texas Rangers,3,1,2,0,5,3,7,8,4,6,675660,Shane Drohan,615698,Cal Quantrill
2026-08-29,824961,Sutter Health Park,Athletics,Baltimore Orioles,0,2,0,0,3,5,10,7,3,4,678022,Jack Perkins,669358,Shane Baz
2026-08-29,823986,Angel Stadium,Los Angeles Angels,Philadelphia Phillies,0,1,0,0,2,4,4,7,2,2,696270,Ryan Johnson,650911,Cristopher Sánchez
2026-08-30,822688,Nationals Park,Washington Nationals,Miami Marlins,1,0,0,0,2,6,6,4,4,2,674841,Andrew Alvarez,676083,Janson Junk
2026-08-30,824876,Truist Park,Atlanta Braves,Colorado Rockies,2,0,0,0,3,2,10,7,5,3,641816,Tyler Mahle,690279,Mason Adams
2026-08-30,823502,Yankee Stadium,New York Yankees,Boston Red Sox,5,0,0,0,16,1,18,7,8,2,701542,Will Warren,624133,Ranger Suarez
2026-08-30,822766,Rogers Centre,Toronto Blue Jays,Seattle Mariners,3,0,2,0,7,0,10,1,6,1,453286,Max Scherzer,669302,Logan Gilbert
2026-08-30,824393,Progressive Field,Cleveland Guardians,Kansas City Royals,9,1,3,1,11,1,13,7,9,4,800048,Parker Messick,607625,Seth Lugo
2026-08-30,824232,Comerica Park,Detroit Tigers,Los Angeles Dodgers,1,1,0,0,1,6,2,9,2,4,664285,Framber Valdez,607192,Tyler Glasnow
2026-08-30,822933,Tropicana Field,Tampa Bay Rays,San Diego Padres,1,2,0,0,5,4,7,6,3,3,656876,Drew Rasmussen,592662,Robbie Ray
2026-08-30,823662,Target Field,Minnesota Twins,Chicago White Sox,4,0,3,0,5,1,9,6,7,0,805673,Zebby Matthews,663855,Jordan Hicks
2026-08-30,823740,American Family Field,Milwaukee Brewers,Texas Rangers,2,4,2,0,4,7,7,10,4,6,669160,Dustin May,677958,Kumar Rocker
2026-08-30,823010,Busch Stadium,St. Louis Cardinals,Pittsburgh Pirates,2,4,0,0,4,5,9,8,6,6,669461,Matthew Liberatore,677952,Braxton Ashcraft
2026-08-30,823580,Citi Field,New York Mets,Houston Astros,3,2,2,1,3,6,5,10,3,6,804267,Zac Thornton,814490,Ethan Pecko
2026-08-30,824959,Sutter Health Park,Athletics,Baltimore Orioles,5,7,2,1,5,8,9,7,7,6,605488,Jeffrey Springs,605135,Chris Bassitt
2026-08-30,823987,Angel Stadium,Los Angeles Angels,Philadelphia Phillies,1,1,1,0,2,5,8,10,4,3,579328,Yusei Kikuchi,554430,Zack Wheeler
2026-08-30,824636,Wrigley Field,Chicago Cubs,Cincinnati Reds,3,6,1,0,5,7,9,11,5,8,684007,Shota Imanaga,695505,Chase Burns
2026-08-31,824911,Truist Park,Atlanta Braves,San Francisco Giants,3,2,1,1,3,7,9,11,6,5,693821,Bryce Elder,683627,Anthony Molina
2026-08-31,824473,Great American Ball Park,Cincinnati Reds,San Diego Padres,0,4,0,0,0,5,5,15,3,10,663903,Brady Singer,650633,Michael King
2026-08-31,822932,Tropicana Field,Tampa Bay Rays,New York Mets,0,1,0,0,2,3,9,10,5,4,693855,Ian Seymour,476594,Robert Stock
2026-08-31,824719,Fenway Park,Boston Red Sox,Seattle Mariners,5,3,1,1,9,8,12,11,7,6,801139,Payton Tolle,669923,George Kirby
2026-08-31,822689,Nationals Park,Washington Nationals,Miami Marlins,2,3,0,0,6,3,11,11,5,6,702021,Will Dion,687473,Ryan Gusto
2026-08-31,823663,Target Field,Minnesota Twins,Detroit Tigers,5,0,1,0,11,1,9,5,6,2,671737,Taj Bradley,695549,Jackson Jobe
2026-08-31,824635,Wrigley Field,Chicago Cubs,Milwaukee Brewers,9,0,4,0,17,3,20,9,10,4,605280,Clay Holmes,690986,Kyle Harrison
2026-08-31,822855,Globe Life Field,Texas Rangers,Athletics,7,0,0,0,8,1,9,3,7,1,594798,Jacob deGrom,695611,Gage Jump
2026-08-31,824149,Daikin Park,Houston Astros,Chicago White Sox,6,2,0,0,6,3,8,5,7,3,663567,Peter Lambert,641743,Anthony Kay
2026-08-31,824314,Coors Field,Colorado Rockies,Baltimore Orioles,1,1,0,0,1,2,8,4,5,3,685299,Tanner Gordon,700249,Cade Povich
2026-08-31,823982,Angel Stadium,Los Angeles Angels,New York Yankees,6,1,0,0,10,1,12,6,7,3,700712,Walbert Ureña,695684,Elmer Rodríguez
2026-08-31,825040,Chase Field,Arizona Diamondbacks,Philadelphia Phillies,1,2,0,0,1,2,9,6,4,4,694297,Brandon Pfaadt,605400,Aaron Nola
2026-09-01,824472,Great American Ball Park,Cincinnati Reds,San Diego Padres,2,2,1,1,4,3,8,7,5,5,666157,Nick Lodolo,681190,Randy Vásquez
2026-09-01,823340,PNC Park,Pittsburgh Pirates,San Francisco Giants,11,5,2,0,13,12,19,16,14,8,694973,Paul Skenes,657277,Logan Webb
2026-09-01,822929,Tropicana Field,Tampa Bay Rays,New York Mets,2,1,1,1,6,2,13,3,7,3,642547,Freddy Peralta,640455,Sean Manaea
2026-09-01,824391,Progressive Field,Cleveland Guardians,Toronto Blue Jays,2,1,0,0,6,1,8,3,2,2,668909,Gavin Williams,693686,Spencer Miles
2026-09-01,824716,Fenway Park,Boston Red Sox,Seattle Mariners,1,9,1,1,6,9,11,14,4,12,699151,Jedixson Paez,693433,Bryan Woo
2026-09-01,822687,Nationals Park,Washington Nationals,Atlanta Braves,5,2,0,0,9,5,12,8,7,5,663623,Jake Irvin,700363,AJ Smith-Shawver
2026-09-01,823661,Target Field,Minnesota Twins,Detroit Tigers,4,1,1,1,15,2,13,8,4,5,702193,Andrew Morris,675512,Troy Melton
2026-09-01,824070,Kauffman Stadium,Kansas City Royals,Miami Marlins,0,3,0,0,3,6,6,8,1,4,677976,Randy Dobnak,663969,Tyler Phillips
2026-09-01,824633,Wrigley Field,Chicago Cubs,Milwaukee Brewers,3,1,0,0,4,9,6,13,3,5,571510,Matthew Boyd,688107,Robert Gasser
2026-09-01,822854,Globe Life Field,Texas Rangers,Athletics,5,1,1,0,8,5,12,11,8,5,669022,MacKenzie Gore,669620,Brady Basso
2026-09-01,824148,Daikin Park,Houston Astros,Chicago White Sox,0,3,0,0,1,5,3,8,1,5,669854,Ronel Blanco,680732,Sean Burke
2026-09-01,824313,Coors Field,Colorado Rockies,Baltimore Orioles,2,1,0,0,4,2,10,7,6,4,687312,Gabriel Hughes,680694,Kyle Bradish
2026-09-01,823984,Angel Stadium,Los Angeles Angels,New York Yankees,1,4,0,3,3,7,9,14,5,6,680570,Grayson Rodriguez,543037,Gerrit Cole
2026-09-01,825038,Chase Field,Arizona Diamondbacks,Philadelphia Phillies,1,3,0,2,1,7,6,13,5,8,593958,Eduardo Rodriguez,666200,Jesús Luzardo
2026-09-01,823908,UNIQLO Field at Dodger Stadium,Los Angeles Dodgers,St. Louis Cardinals,4,10,0,0,8,13,9,13,5,10,641778,Eric Lauer,700241,Michael McGreevy
2026-09-02,824470,Great American Ball Park,Cincinnati Reds,San Diego Padres,4,3,0,2,7,3,10,7,5,6,682227,Brandon Williamson,663554,Casey Mize
2026-09-02,822686,Nationals Park,Washington Nationals,Atlanta Braves,0,0,0,0,0,9,2,11,0,3,695418,Brad Lord,656550,Grant Holmes
2026-09-02,822851,Globe Life Field,Texas Rangers,Athletics,2,8,1,0,2,9,8,14,5,10,674003,Cody Bradford,682052,Jacob Lopez
2026-09-02,824312,Coors Field,Colorado Rockies,Baltimore Orioles,2,3,0,0,6,5,12,10,5,6,608372,Tomoyuki Sugano,669432,Trevor Rogers
2026-09-02,825037,Chase Field,Arizona Diamondbacks,Philadelphia Phillies,0,0,0,0,1,0,3,3,1,1,664199,Taylor Clarke,691725,Andrew Painter
2026-09-02,824717,Fenway Park,Boston Red Sox,Seattle Mariners,1,4,0,0,3,8,12,12,8,6,663776,Patrick Sandoval,682243,Bryce Miller
2026-09-02,823339,PNC Park,Pittsburgh Pirates,San Francisco Giants,1,3,0,1,4,5,8,7,2,5,696149,Bubba Chandler,694738,Landen Roupp
2026-09-02,822931,Tropicana Field,Tampa Bay Rays,New York Mets,4,6,0,3,4,10,7,14,6,7,643377,Griffin Jax,663795,Justin Hagenman
2026-09-02,824390,Progressive Field,Cleveland Guardians,Toronto Blue Jays,0,7,0,1,0,11,6,15,4,8,676282,Joey Cantillo,656302,Dylan Cease
2026-09-02,823660,Target Field,Minnesota Twins,Detroit Tigers,1,4,0,0,6,11,9,14,1,7,665152,Dean Kremer,623454,Drew Anderson
2026-09-02,824068,Kauffman Stadium,Kansas City Royals,Miami Marlins,6,4,5,2,6,9,9,13,9,5,702070,Noah Cameron,691587,Eury Pérez
2026-09-02,824634,Wrigley Field,Chicago Cubs,Milwaukee Brewers,5,6,2,2,5,9,6,14,5,9,656849,David Peterson,694819,Jacob Misiorowski
2026-09-02,824147,Daikin Park,Houston Astros,Chicago White Sox,0,0,0,0,2,0,7,3,5,1,669713,Hayden Wesneski,663436,Davis Martin
2026-09-02,823983,Angel Stadium,Los Angeles Angels,New York Yankees,0,1,0,0,3,6,4,12,1,5,672282,Reid Detmers,693645,Cam Schlittler
2026-09-02,823906,UNIQLO Field at Dodger Stadium,Los Angeles Dodgers,St. Louis Cardinals,3,0,3,0,6,8,11,9,5,0,808967,Yoshinobu Yamamoto,802408,Brycen Mautz
