SpielerId,Name,Position,Team,Status,Saison
00-0023459,Aaron Rodgers,QB,PIT,ACT,2026
00-0025565,Nick Folk,K,ATL,ACT,2026
00-0026027,J.J. Jansen,LS,CAR,ACT,2026
00-0026158,Joe Flacco,QB,CIN,ACT,2026
00-0026190,Calais Campbell,DL,BAL,ACT,2026
00-0026300,Josh Johnson,QB,CIN,DEV,2026
00-0026498,Matthew Stafford,QB,LA,ACT,2026
00-0027224,Jon Weeks,LS,SF,DEV,2026
00-0027557,Morgan Cox,LS,TEN,ACT,2026
00-0027857,Trent Williams,OL,SF,ACT,2026
00-0027940,Von Miller,LB,DAL,ACT,2026
00-0027962,Cameron Jordan,LB,NO,ACT,2026
00-0027969,Cameron Heyward,DL,PIT,ACT,2026
00-0027973,Andy Dalton,QB,PHI,ACT,2026
00-0028118,Tyrod Taylor,QB,GB,ACT,2026
00-0028292,Nick Bellore,LB,WAS,RET,2026
00-0028845,Josh Harris,LS,LAC,ACT,2026
00-0028986,Case Keenum,QB,CHI,ACT,2026
00-0029604,Kirk Cousins,QB,LV,ACT,2026
00-0029607,Demario Davis,LB,NYJ,ACT,2026
00-0029685,Greg Van Roten,OL,NE,ACT,2026
00-0029692,Bryan Anger,P,DAL,ACT,2026
00-0029714,Andrew DePaola,LS,MIN,ACT,2026
00-0029892,Kyle Juszczyk,RB,SF,ACT,2026
00-0030035,Adam Thielen,WR,MIN,RET,2026
00-0030070,John Jenkins,DL,BAL,ACT,2026
00-0030092,Sam Martin,P,CAR,ACT,2026
00-0030097,David Quessenberry,OL,LA,ACT,2026
00-0030140,Tress Way,P,WAS,ACT,2026
00-0030279,Keenan Allen,WR,IND,ACT,2026
00-0030294,Tony Jefferson,DB,LAC,ACT,2026
00-0030506,Travis Kelce,TE,KC,ACT,2026
00-0030561,Lane Johnson,OL,PHI,ACT,2026
00-0030565,Geno Smith,QB,NYJ,ACT,2026
00-0030615,James Winchester,LS,KC,ACT,2026
00-0030957,Casey Kreiter,LS,ARI,ACT,2026
00-0031040,Khalil Mack,LB,LAC,ACT,2026
00-0031136,Chris Boswell,K,PIT,ACT,2026
00-0031156,Tyler Ott,LS,WAS,ACT,2026
00-0031203,Cairo Santos,K,CHI,ACT,2026
00-0031235,Odell Beckham Jr.,WR,NYG,ACT,2026
00-0031237,Teddy Bridgewater,QB,DET,RET,2026
00-0031270,Shelby Harris,DL,NYG,ACT,2026
00-0031279,Jake Matthews,OL,ATL,ACT,2026
00-0031330,Morgan Moses,OL,NE,ACT,2026
00-0031360,Kyle Van Noy,LB,MIN,DEV,2026
00-0031364,Jadeveon Clowney,DL,HOU,ACT,2026
00-0031381,Davante Adams,WR,LA,ACT,2026
00-0031388,Aaron Donald,DL,LA,EXE,2026
00-0031408,Mike Evans,WR,SF,ACT,2026
00-0031411,DeMarcus Lawrence,LB,SEA,ACT,2026
00-0031484,Chris Manhertz,TE,NYG,ACT,2026
00-0031492,Jason Myers,K,SEA,ACT,2026
00-0031503,Jameis Winston,QB,NYG,ACT,2026
00-0031550,Shaq Thompson,LB,BUF,DEV,2026
00-0031565,Danielle Hunter,DL,HOU,ACT,2026
00-0031576,Za'Darius Smith,LB,ATL,ACT,2026
00-0031583,Grady Jarrett,DL,CHI,ACT,2026
00-0031588,Stefon Diggs,WR,WAS,ACT,2026
00-0031595,Michael Burton,RB,CLE,ACT,2026
00-0031610,Darren Waller,TE,CAR,ACT,2026
00-0031898,Alex Singleton,LB,DEN,ACT,2026
00-0031921,Kendall Lamm,OL,BAL,RET,2026
00-0031933,Leonard Williams,DL,SEA,ACT,2026
00-0031957,Rakeem Nunez-Roches,DL,TB,ACT,2026
00-0032052,Dante Fowler Jr.,LB,SEA,ACT,2026
00-0032065,Bradley Pinion,P,MIA,ACT,2026
00-0032071,Trent Brown,OL,HOU,ACT,2026
00-0032103,Denzel Perryman,LB,LAC,RES,2026
00-0032104,Ameer Abdullah,RB,JAX,ACT,2026
00-0032146,Bud Dupree,LB,LAC,ACT,2026
00-0032164,Arik Armstead,DL,JAX,ACT,2026
00-0032222,D.J. Humphries,OL,WAS,ACT,2026
00-0032228,Joe Cardona,LS,LA,ACT,2026
00-0032265,Mario Edwards,DL,HOU,ACT,2026
00-0032268,Marcus Mariota,QB,WAS,ACT,2026
00-0032378,DeForest Buckner,DL,IND,ACT,2026
00-0032380,Laremy Tunsil,OL,WAS,RES,2026
00-0032387,Jarran Reed,DL,SEA,ACT,2026
00-0032391,Joe Thuney,OL,CHI,ACT,2026
00-0032392,Austin Hooper,TE,ATL,ACT,2026
00-0032394,Nick Vannett,TE,BAL,DEV,2026
00-0032398,Chris Moore,WR,BAL,DEV,2026
00-0032399,Miles Killebrew,DB,TB,ACT,2026
00-0032424,DJ Reader,DL,NYG,ACT,2026
00-0032445,Ted Karras,OL,CIN,ACT,2026
00-0032464,Kalif Raymond,WR,CHI,ACT,2026
00-0032497,Reid Ferguson,LS,BUF,ACT,2026
00-0032569,Wil Lutz,K,DEN,ACT,2026
00-0032580,Jonathan Jones,DB,PHI,ACT,2026
00-0032667,Roy Robertson-Harris,DL,NYG,RES,2026
00-0032701,Jake Brendel,OL,SF,ACT,2026
00-0032726,Ka'imi Fairbairn,K,HOU,ACT,2026
00-0032753,Luke Rhodes,LS,IND,ACT,2026
00-0032759,Sheldon Rankins,DL,HOU,ACT,2026
00-0032762,Chris Jones,DL,KC,ACT,2026
00-0032764,Derrick Henry,RB,BAL,ACT,2026
00-0032775,Demarcus Robinson,WR,SF,ACT,2026
00-0032889,A'Shawn Robinson,DL,TB,ACT,2026
00-0032918,C.J. Ham,RB,MIN,RET,2026
00-0032943,Riley Dixon,P,TB,ACT,2026
00-0032950,Carson Wentz,QB,MIN,ACT,2026
00-0032951,Laquon Treadwell,WR,IND,ACT,2026
00-0032954,Isaac Seumalo,OL,ARI,ACT,2026
00-0032965,Ronnie Stanley,OL,BAL,ACT,2026
00-0033038,Eric Murray,DB,JAX,ACT,2026
00-0033051,David Onyemata,DL,NYJ,ACT,2026
00-0033055,Jalen Ramsey,DB,PIT,ACT,2026
00-0033063,Zach Wood,LS,NO,ACT,2026
00-0033066,Andrew Billings,DL,ARI,ACT,2026
00-0033073,Emmanuel Ogbah,DL,KC,DEV,2026
00-0033077,Dak Prescott,QB,DAL,ACT,2026
00-0033090,Hunter Henry,TE,NE,ACT,2026
00-0033093,Jonathan Bullard,DL,DAL,ACT,2026
00-0033106,Jared Goff,QB,DET,ACT,2026
00-0033109,Javon Hargrave,DL,GB,ACT,2026
00-0033110,Tyler Higbee,TE,LA,ACT,2026
00-0033119,Jacoby Brissett,QB,ARI,ACT,2026
00-0033120,Kenny Clark,DL,DAL,ACT,2026
00-0033131,Maliek Collins,DL,CLE,ACT,2026
00-0033132,Kevin Byard,DB,NE,ACT,2026
00-0033217,Mo Alie-Cox,TE,IND,ACT,2026
00-0033246,Johnny Mundt,TE,PHI,ACT,2026
00-0033260,Thomas Hennessy,LS,NYJ,ACT,2026
00-0033269,Rigoberto Sanchez,P,IND,ACT,2026
00-0033280,Christian McCaffrey,RB,SF,ACT,2026
00-0033281,Marlon Humphrey,DB,BAL,ACT,2026
00-0033284,Taylor Moton,OL,CAR,RES,2026
00-0033288,George Kittle,TE,SF,ACT,2026
00-0033290,Jermaine Eluemunor,OL,NYG,ACT,2026
00-0033293,Aaron Jones,RB,MIN,ACT,2026
00-0033294,Chuck Clark,DB,DET,ACT,2026
00-0033297,D.J. Jones,DL,DEN,ACT,2026
00-0033303,Harrison Butker,K,KC,ACT,2026
00-0033307,Kendrick Bourne,WR,ARI,ACT,2026
00-0033319,Nick Mullens,QB,JAX,DEV,2026
00-0033336,Eric Wilson,LB,MIN,ACT,2026
00-0033347,Josh Tupou,DL,NYG,DEV,2026
00-0033375,Tim Patrick,WR,NYJ,ACT,2026
00-0033376,Patrick Ricard,RB,NYG,ACT,2026
00-0033381,Adam Butler,DL,LV,ACT,2026
00-0033439,Pharaoh Brown,TE,IND,DEV,2026
00-0033523,Jonathan Allen,DL,CIN,ACT,2026
00-0033526,Samaje Perine,RB,CIN,ACT,2026
00-0033537,Deshaun Watson,QB,CLE,ACT,2026
00-0033538,Garett Bolles,OL,DEN,ACT,2026
00-0033546,Dalvin Tomlinson,DL,LAC,ACT,2026
00-0033548,Chidobe Awuzie,DB,BAL,ACT,2026
00-0033551,Rasul Douglas,DB,WAS,ACT,2026
00-0033553,James Conner,RB,ARI,RES,2026
00-0033555,Mack Hollins,WR,NE,ACT,2026
00-0033576,Eric Saubert,TE,SEA,ACT,2026
00-0033579,Xavier Woods,DB,CHI,ACT,2026
00-0033589,David Moore,WR,CAR,DEV,2026
00-0033662,Cooper Rush,QB,ATL,ACT,2026
00-0033676,Elijah Wilkinson,OL,ARI,ACT,2026
00-0033729,Cameron Johnston,P,PIT,ACT,2026
00-0033752,Storm Norton,OL,ATL,RES,2026
00-0033757,Robert Tonyan,TE,PIT,ACT,2026
00-0033783,Ahkello Witherspoon,DB,WAS,RET,2026
00-0033787,Jake Elliott,K,PHI,ACT,2026
00-0033793,Corey Levin,OL,ATL,ACT,2026
00-0033831,Andrew Wylie,OL,WAS,ACT,2026
00-0033854,Dare Ogunbowale,RB,LV,DEV,2026
00-0033858,Jonnu Smith,TE,GB,ACT,2026
00-0033860,Davon Godchaux,DL,NO,ACT,2026
00-0033868,Myles Garrett,LB,LA,ACT,2026
00-0033869,Mitchell Trubisky,QB,TEN,ACT,2026
00-0033870,Solomon Thomas,DL,TEN,ACT,2026
00-0033872,Jamal Adams,LB,MIN,RES,2026
00-0033873,Patrick Mahomes,QB,KC,ACT,2026
00-0033876,Derek Barnett,DL,CLE,ACT,2026
00-0033877,Malik Hooker,DB,DAL,ACT,2026
00-0033881,Evan Engram,TE,DEN,ACT,2026
00-0033885,David Njoku,TE,LAC,ACT,2026
00-0033886,T.J. Watt,LB,PIT,ACT,2026
00-0033890,Budda Baker,DB,ARI,ACT,2026
00-0033901,Ethan Pocic,OL,BAL,ACT,2026
00-0033902,Tanoh Kpassagnon,DL,TEN,RES,2026
00-0033904,Dion Dawkins,OL,BUF,ACT,2026
00-0033906,Alvin Kamara,RB,NO,ACT,2026
00-0033908,Cooper Kupp,WR,SEA,ACT,2026
00-0033910,Dan Feeney,OL,TB,ACT,2026
00-0033914,Alex Anzalone,LB,TB,ACT,2026
00-0033918,Fabian Moreau,DB,WAS,ACT,2026
00-0033921,Chris Godwin Jr.,WR,TB,ACT,2026
00-0033928,Jourdan Lewis,DB,JAX,ACT,2026
00-0033935,Trey Hendrickson,LB,BAL,ACT,2026
00-0033941,Rayshawn Jenkins,DB,PIT,ACT,2026
00-0033945,Samson Ebukam,DL,ATL,ACT,2026
00-0033947,Deatrich Wise,DL,WAS,RES,2026
00-0033949,Joshua Dobbs,QB,DET,ACT,2026
00-0033952,Grover Stewart,DL,IND,ACT,2026
00-0033955,Jeremy McNichols,RB,WAS,RES,2026
00-0033964,Al-Quadin Muhammad,LB,TB,ACT,2026
00-0034051,Christian Kuntz,LS,PIT,ACT,2026
00-0034067,Scott Daly,LS,GB,DEV,2026
00-0034091,George Odum,DB,HOU,DEV,2026
00-0034112,Austin Schlottmann,OL,TEN,ACT,2026
00-0034114,Coleman Shelton,OL,LA,ACT,2026
00-0034158,Brian O'Neill,OL,MIN,ACT,2026
00-0034160,Michael Dickson,P,SEA,ACT,2026
00-0034161,Daniel Carlson,K,NO,ACT,2026
00-0034162,J.K. Scott,P,LAC,ACT,2026
00-0034163,Jacob Martin,DL,TEN,ACT,2026
00-0034173,Eddy Pineiro,K,SF,ACT,2026
00-0034198,Trent Sieg,LS,DAL,ACT,2026
00-0034234,Poona Ford,DL,LA,ACT,2026
00-0034248,Elijah Campbell,DB,NYG,ACT,2026
00-0034261,Austin Corbett,OL,BUF,ACT,2026
00-0034264,Jalyn Holmes,DL,TEN,DEV,2026
00-0034270,Tyler Conklin,TE,DET,ACT,2026
00-0034275,Foley Fatukasi,DL,LV,ACT,2026
00-0034277,DeShon Elliott,DB,PIT,RES,2026
00-0034278,Tremon Smith,DB,HOU,ACT,2026
00-0034285,Zach Sieler,DL,MIA,ACT,2026
00-0034302,Frankie Luvu,LB,WAS,ACT,2026
00-0034320,Kentavius Street,DL,CHI,ACT,2026
00-0034333,Daron Payne,DL,WAS,ACT,2026
00-0034342,Quenton Nelson,OL,IND,ACT,2026
00-0034344,Marcus Davenport,DL,CHI,DEV,2026
00-0034348,Courtland Sutton,WR,DEN,ACT,2026
00-0034350,Uchenna Nwosu,LB,SEA,ACT,2026
00-0034351,Dallas Goedert,TE,PHI,ACT,2026
00-0034355,M.J. Stewart,DB,HOU,RES,2026
00-0034356,Donte Jackson,DB,LAC,ACT,2026
00-0034361,Justin Reid,DB,NO,ACT,2026
00-0034365,Ian Thomas,TE,LV,ACT,2026
00-0034371,Da'Shawn Hand,DL,ATL,ACT,2026
00-0034373,Dorance Armstrong,LB,WAS,RES,2026
00-0034376,Taron Johnson,DB,LV,ACT,2026
00-0034377,Avonte Maddox,DB,DET,ACT,2026
00-0034381,Josh Sweat,LB,ARI,ACT,2026
00-0034383,Dalton Schultz,TE,HOU,ACT,2026
00-0034384,D.J. Reed,DB,DET,ACT,2026
00-0034391,Siran Neal,DB,SF,ACT,2026
00-0034397,Tim Settle,DL,WAS,ACT,2026
00-0034399,Wyatt Teller,OL,HOU,ACT,2026
00-0034407,Ray-Ray McCloud,WR,CHI,RES,2026
00-0034413,Foye Oluokun,LB,JAX,ACT,2026
00-0034417,Matt Pryor,OL,ARI,DEV,2026
00-0034419,Braxton Berrios,WR,NYG,DEV,2026
00-0034429,Jordan Mailata,OL,PHI,ACT,2026
00-0034431,Zaire Franklin,LB,GB,ACT,2026
00-0034437,Logan Cooke,P,JAX,ACT,2026
00-0034446,Jalen Davis,DB,CIN,ACT,2026
00-0034465,Jeremy Reaves,DB,WAS,ACT,2026
00-0034473,Dennis Gardeck,LB,JAX,ACT,2026
00-0034485,Jonathan Owens,DB,IND,ACT,2026
00-0034487,Trent Sherfield,WR,BUF,DEV,2026
00-0034488,Tavierre Thomas,DB,MIN,DEV,2026
00-0034495,Evan Brown,OL,HOU,ACT,2026
00-0034571,Trent Scott,OL,WAS,DEV,2026
00-0034573,Charvarius Ward,DB,IND,ACT,2026
00-0034577,Kyle Allen,QB,BUF,ACT,2026
00-0034613,Tanner Hudson,TE,CIN,DEV,2026
00-0034639,Mike Ford,DB,ATL,ACT,2026
00-0034657,Matt Dickerson,DL,JAX,ACT,2026
00-0034668,Aaron Stinnie,OL,NYG,ACT,2026
00-0034673,Tremaine Edmunds,LB,NYG,ACT,2026
00-0034675,Jessie Bates,DB,ATL,ACT,2026
00-0034720,Robert Spillane,LB,NE,ACT,2026
00-0034721,Corey Bojorquez,P,CLE,ACT,2026
00-0034752,Orlando Brown,OL,CIN,ACT,2026
00-0034753,Mark Andrews,TE,BAL,ACT,2026
00-0034754,Oren Burks,LB,CIN,ACT,2026
00-0034759,Kolton Miller,OL,LV,ACT,2026
00-0034760,Nathan Shepherd,DL,NO,ACT,2026
00-0034768,Chukwuma Okorafor,OL,NYJ,ACT,2026
00-0034771,Mason Rudolph,QB,PIT,ACT,2026
00-0034773,Vita Vea,DL,TB,ACT,2026
00-0034775,Christian Kirk,WR,SF,RES,2026
00-0034778,Carlton Davis III,DB,NE,ACT,2026
00-0034779,Ronnie Harrison,LB,MIA,ACT,2026
00-0034780,Isaac Yiadom,DB,WAS,DEV,2026
00-0034782,Harrison Phillips,DL,NYJ,ACT,2026
00-0034789,Minkah Fitzpatrick,DB,NYJ,ACT,2026
00-0034790,Derwin James,DB,LAC,ACT,2026
00-0034794,Jason Sanders,K,NYJ,DEV,2026
00-0034796,Lamar Jackson,QB,BAL,ACT,2026
00-0034798,Durham Smythe,TE,BAL,ACT,2026
00-0034800,B.J. Hill,DL,CIN,ACT,2026
00-0034801,Josh Woods,LB,ATL,ACT,2026
00-0034805,John Franklin-Myers,DL,TEN,ACT,2026
00-0034807,Ogbo Okoronkwo,DL,SF,DEV,2026
00-0034810,Sebastian Joseph-Day,DL,PIT,ACT,2026
00-0034815,Fred Warner,LB,SF,ACT,2026
00-0034817,Geron Christian,OL,JAX,DEV,2026
00-0034825,Arden Key,DL,IND,ACT,2026
00-0034827,DJ Moore,WR,BUF,ACT,2026
00-0034828,Harold Landry III,LB,NE,RES,2026
00-0034829,Mike Gesicki,TE,CIN,ACT,2026
00-0034832,Bradley Chubb,LB,BUF,ACT,2026
00-0034836,Braden Smith,OL,HOU,RES,2026
00-0034837,Calvin Ridley,WR,TEN,ACT,2026
00-0034843,Mike Hughes,DB,ATL,ACT,2026
00-0034844,Saquon Barkley,RB,PHI,ACT,2026
00-0034847,Mike McGlinchey,OL,DEN,ACT,2026
00-0034854,KhaDarel Hodge,WR,SF,DEV,2026
00-0034855,Baker Mayfield,QB,TB,ACT,2026
00-0034856,Denzel Ward,DB,CLE,ACT,2026
00-0034857,Josh Allen,QB,BUF,ACT,2026
00-0034869,Sam Darnold,QB,SEA,ACT,2026
00-0034874,Roquan Smith,LB,BAL,ACT,2026
00-0034941,Mitch Wishnowsky,P,NE,DEV,2026
00-0034951,Fred Johnson,OL,PHI,ACT,2026
00-0034959,Andrew Beck,RB,NYJ,ACT,2026
00-0034960,Jakobi Meyers,WR,JAX,ACT,2026
00-0034966,D'Angelo Ross,DB,CLE,DEV,2026
00-0034967,Rashan Gary,LB,DAL,ACT,2026
00-0034973,Maxx Crosby,DL,LV,ACT,2026
00-0034974,Julian Love,DB,SEA,ACT,2026
00-0034975,Justice Hill,RB,BAL,ACT,2026
00-0034978,Ben Powers,OL,DEN,ACT,2026
00-0034981,Foster Moreau,TE,HOU,ACT,2026
00-0034982,Dre Greenlaw,LB,SF,ACT,2026
00-0034987,E.J. Speed,LB,HOU,RES,2026
00-0034989,Justin Skule,OL,TB,ACT,2026
00-0034993,Marcus Epps,DB,PHI,ACT,2026
00-0035020,Demetrius Flannigan-Fowles,LB,BUF,RES,2026
00-0035021,Ashton Dulin,WR,IND,ACT,2026
00-0035026,Kevin Givens,DL,SF,DEV,2026
00-0035039,Stephen Carlson,TE,CHI,DEV,2026
00-0035045,D.J. Montgomery,WR,IND,RES,2026
00-0035062,Sam Mustipher,OL,JAX,RES,2026
00-0035112,Patrick Mekari,OL,JAX,RES,2026
00-0035118,Matthew Orzech,LS,GB,ACT,2026
00-0035125,Alec Ingold,RB,LAC,ACT,2026
00-0035127,Andre James,OL,TEN,CUT,2026
00-0035133,Keisean Nixon,DB,GB,ACT,2026
00-0035144,Mack Wilson,LB,ARI,ACT,2026
00-0035149,Nick Allegretti,OL,WAS,ACT,2026
00-0035156,Jack Fox,P,DET,ACT,2026
00-0035166,Azeez Al-Shaair,LB,HOU,ACT,2026
00-0035190,AJ Cole,P,LV,ACT,2026
00-0035192,Joey Slye,K,TEN,ACT,2026
00-0035202,Del'Shawn Phillips,LB,LAC,ACT,2026
00-0035208,Olamide Zaccheaus,WR,ATL,ACT,2026
00-0035227,P.J. Locke,DB,DAL,ACT,2026
00-0035228,Kyler Murray,QB,MIN,ACT,2026
00-0035229,T.J. Hockenson,TE,MIN,ACT,2026
00-0035230,Ed Oliver,DL,BUF,ACT,2026
00-0035234,Tytus Howard,OL,CLE,ACT,2026
00-0035235,Kaleb McGary,OL,ATL,RET,2026
00-0035236,Byron Murphy,DB,MIN,ACT,2026
00-0035237,Jawaan Taylor,OL,ATL,ACT,2026
00-0035239,Sean Murphy-Bunting,DB,TB,DEV,2026
00-0035240,Jahlani Tavai,LB,JAX,ACT,2026
00-0035242,Erik McCoy,OL,NO,ACT,2026
00-0035248,Zach Allen,DL,DEN,ACT,2026
00-0035249,Josh Oliver,TE,MIN,ACT,2026
00-0035250,Devin Singletary,RB,NYG,ACT,2026
00-0035251,Will Grier,QB,CAR,RET,2026
00-0035253,C.J. Gardner-Johnson,DB,BUF,ACT,2026
00-0035254,Anthony Nelson,LB,TB,ACT,2026
00-0035258,Hjalte Froholdt,OL,ARI,ACT,2026
00-0035261,Tony Pollard,RB,TEN,ACT,2026
00-0035262,Drue Tranquill,LB,KC,ACT,2026
00-0035264,Jarrett Stidham,QB,DEN,ACT,2026
00-0035269,Matt Gay,K,LV,ACT,2026
00-0035270,Amani Oruwariye,DB,BAL,DEV,2026
00-0035272,Andrew Van Ginkel,LB,MIN,ACT,2026
00-0035276,Blake Cashman,LB,MIN,ACT,2026
00-0035277,Mike Jackson,DB,CAR,ACT,2026
00-0035278,Byron Cowart,DL,WAS,DEV,2026
00-0035279,Charles Omenihu,DL,WAS,ACT,2026
00-0035280,Jake Bailey,P,ATL,ACT,2026
00-0035282,Easton Stick,QB,TB,DEV,2026
00-0035286,Cole Holcomb,LB,PIT,ACT,2026
00-0035289,Gardner Minshew,QB,ARI,ACT,2026
00-0035298,Scott Miller,WR,CHI,DEV,2026
00-0035316,Kaden Elliss,LB,NO,ACT,2026
00-0035317,Joshua Miles,OL,LV,RET,2026
00-0035345,Chris Myarick,TE,LV,DEV,2026
00-0035352,Tyrel Dodson,LB,CAR,DEV,2026
00-0035355,Blake Hance,OL,LA,DEV,2026
00-0035357,Cam Lewis,DB,CHI,ACT,2026
00-0035358,Chase McLaughlin,K,TB,ACT,2026
00-0035359,David Sills,WR,TB,RES,2026
00-0035363,Joe Giles-Harris,LB,CIN,DEV,2026
00-0035378,Andrew Wingard,DB,ARI,ACT,2026
00-0035386,T.J. Edwards,LB,CHI,ACT,2026
00-0035402,Carl Granderson,LB,NO,ACT,2026
00-0035406,Lil'Jordan Humphrey,WR,DEN,ACT,2026
00-0035408,Nick Moore,LS,BAL,ACT,2026
00-0035409,Shy Tuttle,DL,WAS,ACT,2026
00-0035413,Luke Gifford,LB,SF,ACT,2026
00-0035500,Greg Dortch,WR,BUF,DEV,2026
00-0035525,Devin Bush,LB,CHI,ACT,2026
00-0035526,Elgton Jenkins,OL,CLE,ACT,2026
00-0035535,Darius Slayton,WR,NYG,ACT,2026
00-0035537,Ty Johnson,RB,BUF,ACT,2026
00-0035544,Tom Kennedy,WR,DET,DEV,2026
00-0035567,Craig Reynolds,RB,WAS,DEV,2026
00-0035588,Garrett Bradbury,OL,CHI,ACT,2026
00-0035589,Gary Jennings,WR,LAC,DEV,2026
00-0035594,Travis Homer,RB,PIT,DEV,2026
00-0035602,Alex Bachman,WR,LA,DEV,2026
00-0035617,Troy Reeder,LB,NYJ,DEV,2026
00-0035630,Chris Lindstrom,OL,ATL,ACT,2026
00-0035631,Drew Sample,TE,CIN,ACT,2026
00-0035632,Amani Hooker,DB,TEN,ACT,2026
00-0035636,L.J. Collier,DL,ARI,ACT,2026
00-0035637,Rock Ya-Sin,DB,DET,ACT,2026
00-0035639,Parris Campbell,WR,DAL,RET,2026
00-0035640,DK Metcalf,WR,PIT,ACT,2026
00-0035642,Josh Hines-Allen,DL,JAX,ACT,2026
00-0035643,Jeffery Simmons,DL,TEN,ACT,2026
00-0035644,Noah Fant,TE,NO,ACT,2026
00-0035645,Gunner Olszewski,WR,NYG,RES,2026
00-0035647,Montez Sweat,DL,CHI,ACT,2026
00-0035659,Terry McLaurin,WR,WAS,ACT,2026
00-0035662,Marquise Brown,WR,PHI,ACT,2026
00-0035665,David Long,DB,NO,RES,2026
00-0035667,Greg Gaines,DL,BUF,ACT,2026
00-0035668,David Edwards,OL,NO,ACT,2026
00-0035669,Nick Scott,DB,CAR,ACT,2026
00-0035672,Cody Barton,LB,TEN,ACT,2026
00-0035674,Jerry Tillery,DL,IND,ACT,2026
00-0035676,A.J. Brown,WR,NE,ACT,2026
00-0035678,Dre'Mont Jones,LB,NE,ACT,2026
00-0035679,Connor McGovern,OL,BUF,ACT,2026
00-0035680,Quincy Williams,LB,CLE,ACT,2026
00-0035683,Dexter Lawrence,DL,CIN,ACT,2026
00-0035685,David Montgomery,RB,HOU,ACT,2026
00-0035686,Michael Deiter,OL,DEN,RES,2026
00-0035687,Bobby Okereke,LB,CAR,ACT,2026
00-0035688,Trey Pipkins,OL,LAC,ACT,2026
00-0035689,Dawson Knox,TE,BUF,ACT,2026
00-0035692,Clelin Ferrell,DL,MIA,DEV,2026
00-0035699,Jamel Dean,DB,PIT,ACT,2026
00-0035700,Josh Jacobs,RB,GB,EXE,2026
00-0035702,Dalton Risner,OL,CIN,ACT,2026
00-0035704,Drew Lock,QB,SEA,ACT,2026
00-0035705,Jalen Thompson,DB,DAL,ACT,2026
00-0035707,Devin White,LB,DET,ACT,2026
00-0035710,Daniel Jones,QB,IND,ACT,2026
00-0035713,Brian Burns,LB,NYG,ACT,2026
00-0035717,Nick Bosa,DL,SF,ACT,2026
00-0035718,Quinnen Williams,DL,DAL,ACT,2026
00-0035719,Deebo Samuel Sr.,WR,SF,ACT,2026
00-0035743,Brett Toth,OL,SF,RES,2026
00-0035763,Malcolm Roach,DL,DEN,ACT,2026
00-0035764,Calvin Throckmorton,OL,DEN,DEV,2026
00-0035795,James Pierre,DB,MIN,ACT,2026
00-0035821,Corliss Waitman,P,SF,ACT,2026
00-0035827,Ross Matiscik,LS,JAX,ACT,2026
00-0035829,Austen Pleasants,OL,SF,RES,2026
00-0035857,Chris Williams,DL,CLE,DEV,2026
00-0035859,Blake Gillikin,P,ARI,ACT,2026
00-0035889,Tommy Townsend,P,TEN,ACT,2026
00-0035890,Tershawn Wharton,DL,CAR,RES,2026
00-0035891,Cody White,WR,LV,DEV,2026
00-0035895,Joe Bachie,LB,DET,DEV,2026
00-0035900,Cole Christiansen,LB,KC,DEV,2026
00-0035924,Jonathan Ward,RB,BAL,DEV,2026
00-0035933,Michael Hoecht,LB,BUF,ACT,2026
00-0035942,Christian Rozeboom,LB,TB,ACT,2026
00-0035992,Trystan Colon,OL,JAX,RET,2026
00-0035993,Tyler Huntley,QB,BAL,ACT,2026
00-0035997,Julian Good-Jones,OL,WAS,DEV,2026
00-0036020,Salvon Ahmed,RB,CHI,DEV,2026
00-0036036,Terence Steele,OL,DAL,ACT,2026
00-0036037,Sam Franklin Jr.,DB,BUF,ACT,2026
00-0036040,Juwan Johnson,TE,NO,ACT,2026
00-0036045,Cam Gill,LB,CAR,DEV,2026
00-0036081,Broderick Washington,DL,BAL,ACT,2026
00-0036082,Liam McCullough,LS,ATL,ACT,2026
00-0036087,Myles Bryant,DB,CLE,DEV,2026
00-0036093,Bill Murray,OL,LA,ACT,2026
00-0036105,Nick Leverett,OL,DAL,DEV,2026
00-0036114,A.J. Green,DB,MIA,CUT,2026
00-0036124,Khalil Dorsey,DB,DET,ACT,2026
00-0036130,Nnamdi Madubuike,DL,BAL,ACT,2026
00-0036132,Ben Bredeson,OL,TB,ACT,2026
00-0036139,Rico Dowdle,RB,PIT,ACT,2026
00-0036157,Kristian Welch,LB,GB,DEV,2026
00-0036158,J.K. Dobbins,RB,DEN,ACT,2026
00-0036159,Joshua Uche,LB,MIA,ACT,2026
00-0036162,Tyler Bass,K,BUF,ACT,2026
00-0036166,Dane Jackson,DB,JAX,RET,2026
00-0036171,Aaron Brewer,OL,MIA,ACT,2026
00-0036181,Teair Tart,DL,LAC,ACT,2026
00-0036182,Nick Westbrook-Ikhine,WR,IND,DEV,2026
00-0036187,Reggie Gilliam,RB,NE,ACT,2026
00-0036192,A.J. Epenesa,DL,PHI,ACT,2026
00-0036193,Anfernee Jennings,LB,NO,ACT,2026
00-0036198,Mike Onwenu,OL,NE,ACT,2026
00-0036199,Geno Stone,DB,BUF,DEV,2026
00-0036204,LaCale London,DL,ATL,ACT,2026
00-0036212,Tua Tagovailoa,QB,ATL,ACT,2026
00-0036215,Danny Pinter,OL,BAL,RES,2026
00-0036220,Derrick Brown,DL,CAR,ACT,2026
00-0036221,Brandon Jones,DB,DEN,ACT,2026
00-0036222,Isaiah Rodgers,DB,MIN,ACT,2026
00-0036223,Jonathan Taylor,RB,IND,ACT,2026
00-0036224,Jonathan Greenard,LB,PHI,ACT,2026
00-0036231,Kyle Dugger,DB,CIN,ACT,2026
00-0036237,Larrell Murchison,DL,LA,DEV,2026
00-0036239,Jonathan Garvin,LB,CHI,RES,2026
00-0036241,Bryce Hall,DB,HOU,DEV,2026
00-0036244,Colby Parkinson,TE,LA,ACT,2026
00-0036246,Jon Runyan,OL,NYG,ACT,2026
00-0036248,Austin Jackson,OL,MIA,ACT,2026
00-0036249,Julian Okwara,DL,CLE,CUT,2026
00-0036252,Michael Pittman,WR,PIT,ACT,2026
00-0036253,Julian Blackmon,DB,NO,ACT,2026
00-0036256,Colton McKivitz,OL,SF,ACT,2026
00-0036258,Jonah Jackson,OL,CHI,ACT,2026
00-0036259,Jauan Jennings,WR,MIN,ACT,2026
00-0036260,Javon Kinlaw,DL,WAS,ACT,2026
00-0036262,DaVon Hamilton,DL,JAX,ACT,2026
00-0036264,Jordan Love,QB,GB,ACT,2026
00-0036265,AJ Dillon,RB,CAR,ACT,2026
00-0036266,Jordan Elliott,DL,TEN,ACT,2026
00-0036267,Jedrick Wills,OL,BUF,DEV,2026
00-0036272,Ben Bartch,OL,DET,ACT,2026
00-0036275,D'Andre Swift,RB,CHI,ACT,2026
00-0036281,C.J. Henderson,DB,ATL,ACT,2026
00-0036282,Grant Delpit,DB,CLE,ACT,2026
00-0036285,A.J. Terrell,DB,ATL,ACT,2026
00-0036286,K'Lavon Chaisson,LB,WAS,ACT,2026
00-0036287,Noah Igbinoghene,DB,CLE,ACT,2026
00-0036290,Cole Kmet,TE,CHI,ACT,2026
00-0036292,Jaylon Johnson,DB,CHI,ACT,2026
00-0036293,Jeremy Chinn,DB,LV,ACT,2026
00-0036295,Matt Hennessy,OL,DAL,RES,2026
00-0036298,Akeem Davis-Gaither,LB,IND,ACT,2026
00-0036300,Mykal Walker,LB,NYJ,RES,2026
00-0036302,Jaylinn Hawkins,DB,BAL,ACT,2026
00-0036305,Trevis Gipson,LB,CAR,ACT,2026
00-0036306,Daniel Thomas,DB,CLE,ACT,2026
00-0036307,Kindle Vildor,DB,NE,DEV,2026
00-0036309,Darnell Mooney,WR,NYG,ACT,2026
00-0036310,Hakeem Adeniji,OL,BAL,RET,2026
00-0036313,Braden Mann,P,PHI,ACT,2026
00-0036321,Chase Young,LB,NO,ACT,2026
00-0036322,Justin Jefferson,WR,MIN,ACT,2026
00-0036323,Patrick Queen,LB,PIT,ACT,2026
00-0036325,Robert Hunt,OL,CAR,ACT,2026
00-0036327,Ezra Cleveland,OL,JAX,ACT,2026
00-0036329,Ashtyn Davis,DB,SF,ACT,2026
00-0036331,Devin Duvernay,WR,ARI,ACT,2026
00-0036333,Alex Highsmith,LB,PIT,ACT,2026
00-0036335,D.J. Wonnum,LB,DET,ACT,2026
00-0036337,James Lynch,DL,CHI,ACT,2026
00-0036338,Troy Dye,LB,LAC,ACT,2026
00-0036339,Kevin Dotson,OL,LA,ACT,2026
00-0036341,Khalid Kareem,DL,ATL,DEV,2026
00-0036345,K.J. Osborn,WR,TEN,DEV,2026
00-0036347,Blake Brandel,OL,MIN,ACT,2026
00-0036348,Josh Metellus,DB,MIN,ACT,2026
00-0036349,Kam Curl,DB,LA,ACT,2026
00-0036354,Kyle Hinton,OL,ATL,ACT,2026
00-0036355,Justin Herbert,QB,LAC,ACT,2026
00-0036356,Isaiah Simmons,DB,CAR,DEV,2026
00-0036358,CeeDee Lamb,WR,DAL,ACT,2026
00-0036361,Trevon Diggs,DB,SEA,DEV,2026
00-0036362,Willie Gay Jr.,LB,MIA,ACT,2026
00-0036363,Josh Jones,OL,SEA,ACT,2026
00-0036366,Neville Gallimore,DL,CHI,ACT,2026
00-0036369,John Simpson,OL,BAL,ACT,2026
00-0036374,L'Jarius Sneed,DB,KC,ACT,2026
00-0036375,Amik Robertson,DB,WAS,ACT,2026
00-0036376,Tyler Biadasz,OL,LAC,RES,2026
00-0036378,Michael Danna,LB,BUF,ACT,2026
00-0036380,Alohi Gilman,DB,KC,ACT,2026
00-0036386,Andrew Thomas,OL,NYG,ACT,2026
00-0036387,Jalen Reagor,WR,MIA,DEV,2026
00-0036388,Xavier McKinney,DB,GB,ACT,2026
00-0036389,Jalen Hurts,QB,PHI,ACT,2026
00-0036391,Lloyd Cushenberry III,OL,BUF,ACT,2026
00-0036392,Matt Peart,OL,DEN,ACT,2026
00-0036394,Darnay Holmes,DB,ATL,DEV,2026
00-0036395,K'Von Wallace,DB,BAL,DEV,2026
00-0036396,Jack Driscoll,OL,PIT,RES,2026
00-0036406,Tristan Wirfs,OL,TB,ACT,2026
00-0036407,Jerry Jeudy,WR,CLE,ACT,2026
00-0036408,Cesar Ruiz,OL,NO,ACT,2026
00-0036409,Jordyn Brooks,LB,MIA,ACT,2026
00-0036410,Tee Higgins,WR,CIN,ACT,2026
00-0036411,Antoine Winfield Jr.,DB,TB,ACT,2026
00-0036416,Kristian Fulton,DB,KC,ACT,2026
00-0036417,Damien Lewis,OL,CAR,ACT,2026
00-0036418,Zack Baun,LB,PHI,ACT,2026
00-0036421,Terrell Burgess,DB,TEN,ACT,2026
00-0036422,Adam Trautman,TE,DEN,ACT,2026
00-0036423,Albert Okwuegbunam,TE,LV,DEV,2026
00-0036425,DeeJay Dallas,RB,MIN,DEV,2026
00-0036428,Justin Strnad,LB,DEN,ACT,2026
00-0036429,Charlie Woerner,TE,ATL,ACT,2026
00-0036442,Joe Burrow,QB,CIN,ACT,2026
00-0036443,Rex Sunahara,LS,CLE,ACT,2026
00-0036448,Isaac Alarcon,OL,SF,DEV,2026
00-0036463,Chris Blair,WR,ATL,ACT,2026
00-0036479,Kwity Paye,DL,LV,ACT,2026
00-0036480,Dayo Odeyingbo,DL,CHI,ACT,2026
00-0036483,Will Fries,OL,MIN,ACT,2026
00-0036491,Tarik Black,WR,DET,CUT,2026
00-0036497,Tim Jones,WR,JAX,DEV,2026
00-0036500,Jamien Sherwood,LB,NYJ,ACT,2026
00-0036501,Michael Carter II,DB,PHI,ACT,2026
00-0036502,Jason Pinnock,DB,NYG,ACT,2026
00-0036504,Brandin Echols,DB,PIT,ACT,2026
00-0036511,Milo Eifler,LB,TEN,RES,2026
00-0036534,Shane Zylstra,TE,NE,DEV,2026
00-0036535,Will Sherman,OL,NO,ACT,2026
00-0036550,Rashod Bateman,WR,BAL,ACT,2026
00-0036551,Aaron Banks,OL,GB,ACT,2026
00-0036554,Nico Collins,WR,HOU,ACT,2026
00-0036555,Chuba Hubbard,RB,CAR,ACT,2026
00-0036556,Brevin Jordan,TE,HOU,ACT,2026
00-0036557,Jaylon Moore,OL,KC,ACT,2026
00-0036563,Deommodore Lenoir,DB,SF,ACT,2026
00-0036564,Talanoa Hufanga,DB,DEN,ACT,2026
00-0036568,Roy Lopez,DL,ARI,ACT,2026
00-0036584,Foster Sarell,OL,SF,DEV,2026
00-0036587,Ar'Darius Washington,DB,NYG,ACT,2026
00-0036590,Quintin Morris,TE,JAX,ACT,2026
00-0036603,Alaric Jackson,OL,LA,ACT,2026
00-0036604,Jordan Meredith,OL,NYJ,ACT,2026
00-0036613,Jaylen Waddle,WR,DEN,ACT,2026
00-0036616,Christian Darrisaw,OL,MIN,ACT,2026
00-0036617,Asante Samuel Jr.,DB,PIT,ACT,2026
00-0036618,Sam Cosmi,OL,WAS,ACT,2026
00-0036619,Dillon Radunz,OL,NO,RES,2026
00-0036621,Nick Bolton,LB,KC,ACT,2026
00-0036622,Josh Myers,OL,NYJ,ACT,2026
00-0036623,Creed Humphrey,OL,KC,ACT,2026
00-0036624,Alim McNeill,DL,DET,ACT,2026
00-0036625,Benjamin St-Juste,DB,GB,ACT,2026
00-0036626,Dyami Brown,WR,WAS,ACT,2026
00-0036628,John Bates,TE,WAS,ACT,2026
00-0036629,Camryn Bynum,DB,IND,ACT,2026
00-0036630,Tylan Wallace,WR,CLE,ACT,2026
00-0036634,Tony Fields II,LB,CHI,RES,2026
00-0036635,Ihmir Smith-Marsette,WR,ARI,DEV,2026
00-0036637,Noah Gray,TE,KC,ACT,2026
00-0036638,Darrick Forrest,DB,SF,RES,2026
00-0036642,Tedarrell Slaton,DL,CIN,ACT,2026
00-0036643,K.J. Britt,LB,NE,DEV,2026
00-0036644,Cameron McGrone,LB,LV,DEV,2026
00-0036646,Simi Fehoko,WR,ARI,ACT,2026
00-0036647,Cornell Powell,WR,PIT,CUT,2026
00-0036648,Nick Niemann,LB,GB,ACT,2026
00-0036653,Stone Forsythe,OL,CAR,ACT,2026
00-0036655,Cole Van Lanen,OL,JAX,ACT,2026
00-0036658,Isaiah McDuffie,LB,GB,ACT,2026
00-0036660,Trey Smith,OL,KC,ACT,2026
00-0036670,Jermar Jefferson,RB,MIN,RES,2026
00-0036672,Grant Stuard,LB,LA,ACT,2026
00-0036677,Zayne Anderson,DB,MIA,ACT,2026
00-0036679,Shane Buechele,QB,BUF,DEV,2026
00-0036682,Malik Herring,DL,MIA,ACT,2026
00-0036683,Devon Key,DB,DEN,ACT,2026
00-0036695,Naquan Jones,DL,MIN,DEV,2026
00-0036705,Sam Kamara,DL,CLE,DEV,2026
00-0036716,Amen Ogbongbemiga,LB,DET,DEV,2026
00-0036727,Adam Prentice,RB,DEN,DEV,2026
00-0036728,Curtis Robinson,LB,DAL,DEV,2026
00-0036736,Kayode Awosika,OL,LAC,ACT,2026
00-0036754,Brock Wright,TE,DET,ACT,2026
00-0036775,Brandon Smith,WR,PIT,DEV,2026
00-0036783,Ryan McCollum,OL,PIT,ACT,2026
00-0036788,Jack Heflin,DL,NYJ,DEV,2026
00-0036795,Jake Curhan,OL,CAR,DEV,2026
00-0036813,Christian Elliss,LB,NE,ACT,2026
00-0036816,Riley Patterson,K,MIA,ACT,2026
00-0036825,Feleipe Franks,TE,CAR,ACT,2026
00-0036833,Ryan Neuzil,OL,ATL,ACT,2026
00-0036841,Austin Trammell,WR,JAX,DEV,2026
00-0036842,Kene Nwangwu,RB,NYJ,ACT,2026
00-0036844,Garret Wallow,LB,SF,ACT,2026
00-0036849,Tutu Atwell,WR,LA,ACT,2026
00-0036850,Cameron Sample,DL,ATL,CUT,2026
00-0036854,Evan McPherson,K,CIN,ACT,2026
00-0036859,Jimmy Morrissey,OL,IND,CUT,2026
00-0036862,Ben Skowronek,WR,PIT,ACT,2026
00-0036866,James Hudson,OL,TEN,ACT,2026
00-0036867,Chris Rumph II,LB,NO,ACT,2026
00-0036869,Dan Moore Jr.,OL,TEN,ACT,2026
00-0036870,Buddy Johnson,LB,CHI,DEV,2026
00-0036871,Nate Hobbs,DB,SF,RES,2026
00-0036872,Joshuah Bledsoe,DB,WAS,CUT,2026
00-0036874,Pat Surtain II,DB,DEN,ACT,2026
00-0036875,Rhamondre Stevenson,RB,NE,ACT,2026
00-0036876,Kylen Granson,TE,TEN,ACT,2026
00-0036879,Sam Ehlinger,QB,DEN,ACT,2026
00-0036880,Penei Sewell,OL,DET,ACT,2026
00-0036883,Tommy Togiai,DL,HOU,ACT,2026
00-0036885,Tre Brown,DB,NYJ,RES,2026
00-0036887,Luke Farrell,TE,SF,ACT,2026
00-0036888,Damar Hamlin,DB,BUF,ACT,2026
00-0036893,Najee Harris,RB,NYG,ACT,2026
00-0036894,Pat Freiermuth,TE,PIT,ACT,2026
00-0036896,Victor Dimukeje,DL,SF,RES,2026
00-0036898,Davis Mills,QB,HOU,ACT,2026
00-0036900,Ja'Marr Chase,WR,CIN,ACT,2026
00-0036901,Eric Stokes,DB,LV,ACT,2026
00-0036902,Joseph Ossai,LB,NYJ,ACT,2026
00-0036903,Bobby Brown III,DL,CAR,ACT,2026
00-0036905,Larry Borom,OL,DET,ACT,2026
00-0036909,Khyiris Tonga,DL,KC,ACT,2026
00-0036912,DeVonta Smith,WR,PHI,ACT,2026
00-0036914,Greg Rousseau,LB,BUF,ACT,2026
00-0036915,Jeremiah Owusu-Koramoah,LB,CLE,RES,2026
00-0036916,Milton Williams,DL,NE,ACT,2026
00-0036917,Zech McPhearson,DB,LA,RES,2026
00-0036919,Kenny Gainwell,RB,TB,ACT,2026
00-0036922,Patrick Johnson,LB,LV,ACT,2026
00-0036924,Michael Carter,RB,TEN,DEV,2026
00-0036926,Payton Turner,DL,DET,RES,2026
00-0036927,Pete Werner,LB,NO,ACT,2026
00-0036932,Micah Parsons,LB,GB,RES,2026
00-0036933,Zaven Collins,LB,ARI,ACT,2026
00-0036934,Jaelan Phillips,LB,CAR,ACT,2026
00-0036937,Paulson Adebo,DB,NYG,ACT,2026
00-0036940,Odafe Oweh,LB,WAS,ACT,2026
00-0036941,Andre Cisco,DB,NYJ,ACT,2026
00-0036942,Osa Odighizuwa,DL,SF,ACT,2026
00-0036943,Mitchell Fraboni,LS,DEN,DEV,2026
00-0036944,Jaycee Horn,DB,CAR,ACT,2026
00-0036945,Justin Fields,QB,KC,ACT,2026
00-0036952,Jonathon Cooper,LB,DEN,EXE,2026
00-0036953,Teven Jenkins,OL,CLE,ACT,2026
00-0036954,Levi Onwuzurike,DL,DET,ACT,2026
00-0036956,Darren Hall,DB,ATL,RES,2026
00-0036959,Michael Bandy,WR,DEN,DEV,2026
00-0036962,Tre'von Moehrig,DB,CAR,ACT,2026
00-0036963,Amon-Ra St. Brown,WR,DET,ACT,2026
00-0036964,Derrick Barnes,LB,DET,ACT,2026
00-0036967,Joe Tryon,DL,PHI,RET,2026
00-0036968,Brady Christensen,OL,CAR,RES,2026
00-0036970,Kyle Pitts,TE,ATL,ACT,2026
00-0036971,Trevor Lawrence,QB,JAX,ACT,2026
00-0036972,Mac Jones,QB,SF,ACT,2026
00-0036973,Travis Etienne,RB,NO,ACT,2026
00-0036974,Tyson Campbell,DB,CLE,ACT,2026
00-0036975,Walker Little,OL,JAX,ACT,2026
00-0036976,Spencer Brown,OL,BUF,ACT,2026
00-0036979,Alijah Vera-Tucker,OL,NE,ACT,2026
00-0036980,Elijah Moore,WR,PHI,ACT,2026
00-0036981,Christian Barmore,DL,NE,ACT,2026
00-0036982,Chauncey Golston,DL,NYG,ACT,2026
00-0036983,Kendrick Green,OL,CLE,RES,2026
00-0036984,Trey Sermon,RB,ATL,RES,2026
00-0036985,Robert Hainsey,OL,JAX,ACT,2026
00-0036986,Nahshon Wright,DB,NYJ,ACT,2026
00-0036987,Brandon Stephens,DB,NYJ,ACT,2026
00-0036988,Josh Palmer,WR,BUF,ACT,2026
00-0036989,Malcolm Koonce,DL,LV,ACT,2026
00-0036990,Divine Deablo,LB,ATL,ACT,2026
00-0036992,Elijah Molden,DB,LAC,ACT,2026
00-0036993,Ifeatu Melifonwu,DB,TB,DEV,2026
00-0036994,Ernest Jones,LB,SEA,ACT,2026
00-0036995,Baron Browning,LB,ARI,ACT,2026
00-0036996,Greg Newsome II,DB,NYG,ACT,2026
00-0036997,Javonte Williams,RB,DAL,ACT,2026
00-0036998,Jevon Holland,DB,NYG,ACT,2026
00-0037001,Quinn Meinerz,OL,DEN,ACT,2026
00-0037002,Landon Dickerson,OL,PHI,ACT,2026
00-0037003,Chazz Surratt,LB,SEA,ACT,2026
00-0037004,Hunter Long,TE,ARI,ACT,2026
00-0037005,Tommy Tremble,TE,CAR,ACT,2026
00-0037007,Patrick Jones II,LB,CAR,ACT,2026
00-0037009,Rashawn Slater,OL,LAC,ACT,2026
00-0037011,Tre' McKitty,TE,WAS,CUT,2026
00-0037012,Trey Lance,QB,LAC,ACT,2026
00-0037013,Zach Wilson,QB,NO,ACT,2026
00-0037031,Nikola Kalinic,TE,CHI,RES,2026
00-0037034,Dee Alford,DB,BUF,ACT,2026
00-0037040,Roy Mbaeteka,OL,IND,DEV,2026
00-0037051,Elijah Garcia,DL,DAL,DEV,2026
00-0037055,Lance McCutcheon,WR,TEN,CUT,2026
00-0037057,Keir Thomas,LB,LA,RES,2026
00-0037073,Jordan Davis,DL,PHI,ACT,2026
00-0037074,Quay Walker,LB,LV,ACT,2026
00-0037075,Devonte Wyatt,DL,GB,ACT,2026
00-0037076,Sean Rhyan,OL,GB,ACT,2026
00-0037077,Sam Howell,QB,DAL,ACT,2026
00-0037078,Cole Turner,TE,MIA,RES,2026
00-0037079,Riq Woolen,DB,PHI,ACT,2026
00-0037080,Tyreke Smith,DL,KC,DEV,2026
00-0037081,Braxton Jones,OL,CHI,ACT,2026
00-0037082,Dominique Robinson,DL,HOU,ACT,2026
00-0037083,Kingsley Enagbare,LB,NYJ,ACT,2026
00-0037085,Tyler Badie,RB,DEN,ACT,2026
00-0037086,Grant Calcaterra,TE,PHI,RES,2026
00-0037091,Bo Melton,WR,GB,ACT,2026
00-0037092,Chris Paul,OL,WAS,ACT,2026
00-0037093,Dareke Young,WR,LV,ACT,2026
00-0037094,Jonathan Ford,DL,GB,ACT,2026
00-0037096,Elijah Hicks,DB,CHI,ACT,2026
00-0037098,Samori Toure,WR,PHI,CUT,2026
00-0037106,Jaylon Jones,DB,CHI,CUT,2026
00-0037109,Jack Sanborn,LB,CHI,ACT,2026
00-0037112,Jake Tonges,TE,SF,ACT,2026
00-0037120,Tyler Goodson,RB,ATL,DEV,2026
00-0037129,Josh Blackwell,DB,CHI,ACT,2026
00-0037130,Reed Blankenship,DB,HOU,ACT,2026
00-0037132,Britain Covey,WR,PHI,DEV,2026
00-0037136,Mario Goodrich,DB,TEN,CUT,2026
00-0037137,Josh Jobe,DB,SEA,ACT,2026
00-0037138,Josh Sills,OL,IND,DEV,2026
00-0037141,Joey Blount,DB,ARI,RES,2026
00-0037155,Tony Adams,DB,TEN,ACT,2026
00-0037156,Irvin Charles,WR,SEA,RES,2026
00-0037157,Bam Knight,RB,ARI,ACT,2026
00-0037184,Josh Ross,LB,MIN,CUT,2026
00-0037190,Sauce Gardner,DB,IND,ACT,2026
00-0037191,Trent McDuffie,DB,LA,ACT,2026
00-0037192,George Karlaftis,DL,KC,ACT,2026
00-0037193,Bryan Cook,DB,CIN,ACT,2026
00-0037194,Darian Kinnard,OL,NYG,DEV,2026
00-0037195,Jaylen Watson,DB,LA,ACT,2026
00-0037196,Rasheed Walker,OL,CAR,ACT,2026
00-0037197,Isiah Pacheco,RB,DET,RES,2026
00-0037203,LaBryan Ray,DL,CAR,RET,2026
00-0037205,Brenden Schooler,DB,NE,RES,2026
00-0037207,Mike Caliendo,OL,KC,ACT,2026
00-0037208,Jack Cochrane,LB,KC,ACT,2026
00-0037224,Cameron Dicker,K,LAC,ACT,2026
00-0037225,Chris Glaser,OL,DAL,CUT,2026
00-0037228,Jaylen Warren,RB,PIT,ACT,2026
00-0037229,Ikem Ekwonu,OL,CAR,RES,2026
00-0037230,Israel Antwine,DL,DEN,CUT,2026
00-0037231,Kevin Austin Jr.,WR,NO,DEV,2026
00-0037235,Travon Walker,DL,JAX,ACT,2026
00-0037236,Aidan Hutchinson,DL,DET,ACT,2026
00-0037237,Derek Stingley Jr.,DB,HOU,ACT,2026
00-0037238,Drake London,WR,ATL,ACT,2026
00-0037239,Chris Olave,WR,NO,ACT,2026
00-0037240,Jameson Williams,WR,DET,ACT,2026
00-0037241,Trevor Penning,OL,LAC,ACT,2026
00-0037242,Kaiir Elam,DB,LAC,DEV,2026
00-0037243,Tyler Smith,OL,DAL,ACT,2026
00-0037244,Devin Lloyd,LB,CAR,ACT,2026
00-0037246,Jalen Pitre,DB,HOU,ACT,2026
00-0037247,George Pickens,WR,DAL,ACT,2026
00-0037248,James Cook,RB,BUF,ACT,2026
00-0037249,Nik Bonitto,LB,DEN,ACT,2026
00-0037250,Martin Emerson,DB,NO,ACT,2026
00-0037251,Alex Wright,DL,CLE,RES,2026
00-0037252,Greg Dulcich,TE,MIA,ACT,2026
00-0037253,Marcus Jones,DB,NE,ACT,2026
00-0037254,Terrel Bernard,LB,BUF,ACT,2026
00-0037255,Dylan Parham,OL,NYJ,ACT,2026
00-0037256,Rachaad White,RB,WAS,ACT,2026
00-0037258,Dameon Pierce,RB,PHI,DEV,2026
00-0037259,Micah McFadden,LB,NYG,ACT,2026
00-0037260,D.J. Davidson,DL,WAS,RET,2026
00-0037261,Khalil Shakir,WR,BUF,ACT,2026
00-0037262,Thomas Booker,DL,LV,ACT,2026
00-0037263,Tyler Allgeier,RB,ARI,ACT,2026
00-0037266,Matt Waletzko,OL,KC,RES,2026
00-0037268,Zyon McCollum,DB,TB,ACT,2026
00-0037270,Otito Ogbonnia,DL,DAL,ACT,2026
00-0037271,D'Marco Jackson,LB,CHI,ACT,2026
00-0037274,Esezi Otomewo,DL,PIT,DEV,2026
00-0037275,DaRon Bland,DB,DAL,ACT,2026
00-0037276,Ty Chandler,RB,NO,RES,2026
00-0037277,Teagan Quitoriano,TE,ARI,DEV,2026
00-0037278,Luke Wattenberg,OL,DEN,ACT,2026
00-0037281,Damone Clark,LB,DET,RES,2026
00-0037283,John Ridgeway,DL,NO,ACT,2026
00-0037284,Matt Araiza,P,KC,ACT,2026
00-0037287,Vederian Lowe,OL,SF,ACT,2026
00-0037288,Christian Benford,DB,BUF,ACT,2026
00-0037289,Malcolm Rodriguez,LB,DET,ACT,2026
00-0037291,Jalen Nailor,WR,LV,ACT,2026
00-0037292,Andrew Ogletree,TE,IND,ACT,2026
00-0037294,Jordan Jackson,DL,DEN,ACT,2026
00-0037297,Cade Mays,OL,DET,RES,2026
00-0037301,Theo Jackson,DB,MIN,ACT,2026
00-0037302,Austin Deculus,OL,TEN,CUT,2026
00-0037303,Matt Henningsen,DL,DEN,RES,2026
00-0037304,Connor Heyward,RB,LV,ACT,2026
00-0037305,Luke Tenuta,OL,IND,DEV,2026
00-0037307,Ja'Sir Taylor,DB,CIN,RES,2026
00-0037310,James Houston,LB,DAL,ACT,2026
00-0037311,Ko Kieft,TE,TB,ACT,2026
00-0037312,Chance Campbell,LB,PHI,DEV,2026
00-0037313,Montaric Brown,DB,JAX,ACT,2026
00-0037317,Nick Muse,TE,ATL,DEV,2026
00-0037320,Deane Leonard,DB,LAC,ACT,2026
00-0037323,Rodney Thomas,DB,SEA,DEV,2026
00-0037324,Chris Oladokun,QB,KC,RES,2026
00-0037327,Skylar Thompson,QB,BAL,RES,2026
00-0037329,Brittain Brown,RB,CHI,RES,2026
00-0037336,Brock Hoffman,OL,PIT,ACT,2026
00-0037340,Zaire Mitchell-Paden,TE,HOU,DEV,2026
00-0037349,Kellen Diesch,OL,SEA,CUT,2026
00-0037353,Kader Kohou,DB,KC,DEV,2026
00-0037356,Ben Stille,DL,DET,DEV,2026
00-0037364,Arron Mosby,LB,GB,DEV,2026
00-0037380,Kaden Davis,WR,CHI,DEV,2026
00-0037381,Sebastian Gutierrez,OL,DAL,CUT,2026
00-0037382,Brandon Johnson,WR,PIT,DEV,2026
00-0037384,Ja'Quan McMillian,DB,DEN,ACT,2026
00-0037385,Michael Niese,OL,DET,RES,2026
00-0037395,Dallis Flowers,DB,CHI,RES,2026
00-0037404,Ryan Van Demark,OL,MIN,ACT,2026
00-0037410,Jashaun Corbin,RB,DAL,CUT,2026
00-0037413,Ben Brown,OL,NE,ACT,2026
00-0037414,Devin Cochran,OL,DET,DEV,2026
00-0037422,Kendric Pryor,WR,CIN,CUT,2026
00-0037428,Alec Anderson,OL,BUF,ACT,2026
00-0037431,Kingsley Jonathan,DL,NYJ,RES,2026
00-0037457,Jake Hansen,LB,HOU,ACT,2026
00-0037461,Tristin McCollum,DB,LV,ACT,2026
00-0037468,Raheem Layne,DB,NYG,DEV,2026
00-0037475,Stone Smartt,TE,NO,DEV,2026
00-0037480,Dylan Cook,OL,PIT,ACT,2026
00-0037487,Deven Thompkins,WR,LV,DEV,2026
00-0037493,Mike Brown,DB,NE,DEV,2026
00-0037500,Ryan Wright,P,NO,ACT,2026
00-0037509,Sincere McCormick,RB,SF,DEV,2026
00-0037512,Isaiah Pola-Mao,DB,LV,ACT,2026
00-0037522,Qwuantrezz Knight,DB,WAS,CUT,2026
00-0037524,Tay Martin,WR,DET,ACT,2026
00-0037525,Jordan Mason,RB,MIN,ACT,2026
00-0037526,Marcelino McCrary-Ball,LB,NYJ,ACT,2026
00-0037527,Segun Olubi,LB,LV,ACT,2026
00-0037539,Lucas Krull,TE,DEN,DEV,2026
00-0037544,Nephi Sewell,LB,CHI,RES,2026
00-0037545,Rashid Shaheed,WR,SEA,ACT,2026
00-0037547,Daniel Whelan,P,GB,ACT,2026
00-0037549,Darrell Baker Jr.,DB,MIA,RES,2026
00-0037557,Ronnie Rivers,RB,LA,ACT,2026
00-0037561,Markquese Bell,DB,DAL,ACT,2026
00-0037563,Malik Davis,RB,DAL,ACT,2026
00-0037570,Dennis Houston,WR,TB,CUT,2026
00-0037585,Timmy Horne,DL,TEN,DEV,2026
00-0037587,Nate Landman,LB,LA,ACT,2026
00-0037594,Julius Chestnut,RB,TEN,ACT,2026
00-0037596,Jack Gibbens,LB,ARI,ACT,2026
00-0037601,Xavier Newman-Johnson,OL,NYJ,DEV,2026
00-0037602,Sam Okuayinonu,DL,SF,ACT,2026
00-0037611,Kayvon Thibodeaux,LB,NYG,ACT,2026
00-0037614,John Metchie III,WR,CAR,ACT,2026
00-0037615,Nakobe Dean,LB,LV,ACT,2026
00-0037616,Nick Cross,DB,WAS,ACT,2026
00-0037617,Hassan Haskins,RB,NE,DEV,2026
00-0037618,Zach Thomas,OL,TEN,CUT,2026
00-0037620,Andrew Stueber,OL,ATL,CUT,2026
00-0037633,Jacob Hummel,LB,HOU,ACT,2026
00-0037661,Ja'Marcus Ingram,DB,HOU,RES,2026
00-0037663,Jermaine Johnson II,LB,TEN,ACT,2026
00-0037664,Alec Pierce,WR,IND,ACT,2026
00-0037665,Sam Williams,DL,CLE,ACT,2026
00-0037666,Jalen Tolbert,WR,MIA,ACT,2026
00-0037667,Kerby Joseph,DB,DET,RES,2026
00-0037686,Tucker Addington,LS,MIA,ACT,2026
00-0037692,Brandon Aubrey,K,DAL,ACT,2026
00-0037708,Maurice Alexander,WR,CHI,CUT,2026
00-0037711,Jeremiah Pharms Jr.,DL,NE,DEV,2026
00-0037740,Garrett Wilson,WR,NYJ,ACT,2026
00-0037741,Jahan Dotson,WR,ATL,ACT,2026
00-0037742,Treylon Burks,WR,WAS,ACT,2026
00-0037743,Daxton Hill,DB,CIN,ACT,2026
00-0037744,Trey McBride,TE,ARI,ACT,2026
00-0037745,Velus Jones Jr.,RB,SEA,DEV,2026
00-0037746,Brian Robinson,RB,ATL,ACT,2026
00-0037748,Marquis Hayes,OL,NYJ,DEV,2026
00-0037752,Tycen Anderson,DB,DEN,ACT,2026
00-0037753,Cam Taylor-Britt,DB,IND,RES,2026
00-0037754,Nicholas Petit-Frere,OL,WAS,CUT,2026
00-0037755,Jelani Woods,TE,NYJ,ACT,2026
00-0037756,Travis Jones,DL,BAL,ACT,2026
00-0037757,Bernhard Raimann,OL,IND,ACT,2026
00-0037758,Cordale Flott,DB,TEN,ACT,2026
00-0037799,Dondrea Tillman,LB,DEN,ACT,2026
00-0037801,KaVontae Turpin,WR,DAL,ACT,2026
00-0037804,Zachary Carter,DL,ARI,RES,2026
00-0037805,Jeremy Ruckert,TE,NYJ,ACT,2026
00-0037807,Joshua Ezeudu,OL,KC,ACT,2026
00-0037808,DeAngelo Malone,LB,ATL,RES,2026
00-0037809,Chig Okonkwo,TE,WAS,ACT,2026
00-0037812,Abraham Lucas,OL,SEA,ACT,2026
00-0037814,Luke Fortner,OL,CAR,ACT,2026
00-0037815,Cameron Thomas,DL,ATL,ACT,2026
00-0037816,Romeo Doubs,WR,NE,ACT,2026
00-0037817,Zach Bako-Bewele,OL,GB,ACT,2026
00-0037818,Zion Johnson,OL,CLE,ACT,2026
00-0037819,Leo Chenal,LB,WAS,ACT,2026
00-0037821,Charles Cross,OL,SEA,ACT,2026
00-0037823,Christian Harris,LB,ATL,ACT,2026
00-0037825,Tyler Linderbaum,OL,LV,ACT,2026
00-0037826,Drake Jackson,LB,WAS,RES,2026
00-0037828,Danny Gray,WR,PHI,DEV,2026
00-0037829,Spencer Burford,OL,LV,ACT,2026
00-0037830,Samuel Womack,DB,NYJ,DEV,2026
00-0037831,Nick Zakelj,OL,SF,RES,2026
00-0037832,Kalia Davis,DL,CLE,RES,2026
00-0037834,Brock Purdy,QB,SF,ACT,2026
00-0037835,Luke Goedeke,OL,TB,ACT,2026
00-0037837,Calvin Austin III,WR,NYG,RES,2026
00-0037838,Isaiah Likely,TE,NYG,ACT,2026
00-0037839,Cobie Durant,DB,DAL,ACT,2026
00-0037840,Kyren Williams,RB,LA,ACT,2026
00-0037841,Quentin Lake,DB,LA,ACT,2026
00-0037842,Derion Kendrick,DB,DAL,DEV,2026
00-0037843,Daniel Hardy,DL,CHI,ACT,2026
00-0037844,Russ Yeast,DB,CIN,DEV,2026
00-0037845,A.J. Arcuri,OL,BAL,DEV,2026
00-0037984,Pepe Williams,DB,TB,CUT,2026
00-0038038,Kyle Hamilton,DB,BAL,ACT,2026
00-0038039,Jack Jones,DB,SF,ACT,2026
00-0038040,Zamir White,RB,NO,DEV,2026
00-0038041,Jake Ferguson,TE,DAL,ACT,2026
00-0038043,Joshua Williams,DB,TEN,RES,2026
00-0038046,Charlie Kolar,TE,LAC,ACT,2026
00-0038090,Skyy Moore,WR,GB,ACT,2026
00-0038091,JT Woods,DB,NYG,CUT,2026
00-0038092,Erik Ezukanma,WR,PHI,CUT,2026
00-0038094,Jordan Stout,P,NYG,ACT,2026
00-0038098,Pierre Strong,RB,GB,DEV,2026
00-0038099,Phidarian Mathis,DL,BUF,RES,2026
00-0038100,Percy Butler,DB,WAS,ACT,2026
00-0038101,Akayleb Evans,DB,CAR,ACT,2026
00-0038102,Kenny Pickett,QB,CAR,ACT,2026
00-0038103,Cole Strange,OL,LAC,ACT,2026
00-0038104,Tyquan Thornton,WR,KC,ACT,2026
00-0038105,Damarri Mathis,DB,CLE,RES,2026
00-0038106,Eyioma Uwazurike,DL,DEN,ACT,2026
00-0038107,Micheal Clemons,DL,IND,ACT,2026
00-0038108,Bailey Zappe,QB,NYJ,DEV,2026
00-0038111,Kyler Gordon,DB,CHI,RES,2026
00-0038112,Cam Jurgens,OL,PHI,ACT,2026
00-0038114,Max Mitchell,OL,NYJ,ACT,2026
00-0038115,Daniel Bellinger,TE,TEN,ACT,2026
00-0038116,Arnold Ebiketie,LB,PHI,ACT,2026
00-0038117,Wan'Dale Robinson,WR,TEN,ACT,2026
00-0038118,Daniel Faalele,OL,JAX,ACT,2026
00-0038120,Breece Hall,RB,NYJ,ACT,2026
00-0038121,Alontae Taylor,DB,TEN,ACT,2026
00-0038123,Dane Belton,DB,NYJ,ACT,2026
00-0038124,Christian Watson,WR,GB,ACT,2026
00-0038125,Roger McCreary,DB,DET,ACT,2026
00-0038127,Logan Hall,DL,HOU,ACT,2026
00-0038128,Malik Willis,QB,MIA,ACT,2026
00-0038129,Cade Otton,TE,TB,ACT,2026
00-0038131,Ed Ingram,OL,HOU,ACT,2026
00-0038133,Boye Mafe,DL,CIN,ACT,2026
00-0038134,Kenneth Walker III,RB,KC,ACT,2026
00-0038135,Jaquan Brisker,DB,PIT,ACT,2026
00-0038136,Coby Bryant,DB,CHI,RES,2026
00-0038144,Adedayo Odeleye,DL,DAL,DEV,2026
00-0038181,Lucky Jackson,WR,DET,DEV,2026
00-0038194,Kohl Levao,OL,NYJ,DEV,2026
00-0038223,Liam Fornadel,OL,NYJ,CUT,2026
00-0038304,Barry Wesley,OL,NO,CUT,2026
00-0038348,Josh Butler,DB,DAL,CUT,2026
00-0038354,Tanner Brown,K,NO,CUT,2026
00-0038359,Xavier Smith,WR,LA,ACT,2026
00-0038360,Alex Ward,LS,LV,ACT,2026
00-0038366,Tanner Ingle,DB,LA,DEV,2026
00-0038368,Quindell Johnson,DB,WAS,CUT,2026
00-0038383,Andrew Vorhees,OL,BAL,ACT,2026
00-0038386,Jalen Carter,DL,PHI,ACT,2026
00-0038387,Colby Wooden,DL,NO,ACT,2026
00-0038388,Darius Rush,DB,WAS,DEV,2026
00-0038389,Israel Abanikanda,RB,DAL,DEV,2026
00-0038390,Noah Sewell,LB,CHI,RES,2026
00-0038391,Sean Clifford,QB,CIN,DEV,2026
00-0038392,Daniel Scott,DB,IND,DEV,2026
00-0038393,Dontayvion Wicks,WR,PHI,ACT,2026
00-0038394,Will Mallory,TE,IND,RES,2026
00-0038395,Terell Smith,DB,WAS,DEV,2026
00-0038396,Eric Gray,RB,NYG,CUT,2026
00-0038397,Evan Hull,RB,ARI,DEV,2026
00-0038398,Karl Brooks,DL,GB,ACT,2026
00-0038399,Zaire Barnes,LB,NYG,ACT,2026
00-0038400,Tanner McKee,QB,PHI,ACT,2026
00-0038401,Jarrick Bernard-Converse,DB,NYG,RES,2026
00-0038403,Tre Hawkins III,DB,MIN,CUT,2026
00-0038405,Travis Bell,DL,CLE,RES,2026
00-0038406,Zack Kuntz,TE,DAL,CUT,2026
00-0038407,Jaylon Jones,DB,IND,ACT,2026
00-0038408,Carrington Valentine,DB,GB,ACT,2026
00-0038409,Lew Nichols III,RB,PIT,DEV,2026
00-0038411,Anthony Johnson Jr.,DB,CHI,CUT,2026
00-0038412,Moro Ojomo,DL,PHI,ACT,2026
00-0038414,Kendall Williamson,DB,LAC,ACT,2026
00-0038416,Tyson Bagent,QB,CHI,ACT,2026
00-0038426,Lorenz Metz,OL,NE,DEV,2026
00-0038428,Andre Szmyt,K,CLE,ACT,2026
00-0038429,Liam Anderson,LB,MIA,DEV,2026
00-0038440,Zavier Scott,RB,CHI,DEV,2026
00-0038453,Corey Mayfield Jr.,DB,TEN,CUT,2026
00-0038454,Keaton Mitchell,RB,LAC,ACT,2026
00-0038458,Owen Wright,RB,HOU,CUT,2026
00-0038462,Keshawn Banks,DL,ATL,RES,2026
00-0038463,Brenton Cox Jr.,LB,GB,ACT,2026
00-0038475,Alex Cook,DB,LA,CUT,2026
00-0038476,Tommy DeVito,QB,NE,ACT,2026
00-0038479,Dyontae Johnson,LB,TEN,CUT,2026
00-0038488,Brady Russell,RB,SEA,ACT,2026
00-0038489,Ben VanSumeren,RB,KC,DEV,2026
00-0038492,Jason Brownlee,WR,KC,CUT,2026
00-0038493,Claudin Cherelus,LB,CAR,ACT,2026
00-0038494,Trey Dean III,DB,GB,RES,2026
00-0038496,Xavier Gipson,WR,NYG,CUT,2026
00-0038498,E.J. Jenkins,TE,PHI,ACT,2026
00-0038504,Trenton Simpson,LB,BAL,ACT,2026
00-0038505,Tavius Robinson,LB,BAL,ACT,2026
00-0038506,Jordon Riley,DL,GB,RES,2026
00-0038509,Jerome Carvin,OL,JAX,CUT,2026
00-0038513,Cam Jones,LB,KC,DEV,2026
00-0038514,Truman Jones,DL,TEN,ACT,2026
00-0038519,Nikko Remigio,WR,KC,ACT,2026
00-0038521,Reese Taylor,DB,MIA,ACT,2026
00-0038523,Kahlef Hailassie,DB,MIN,DEV,2026
00-0038535,DJ Johnson,LB,WAS,DEV,2026
00-0038536,Chandler Zavala,OL,CAR,DEV,2026
00-0038540,Paris Johnson Jr.,OL,ARI,ACT,2026
00-0038541,Tyree Wilson,LB,NO,ACT,2026
00-0038542,Bijan Robinson,RB,ATL,ACT,2026
00-0038543,Jaxon Smith-Njigba,WR,SEA,ACT,2026
00-0038544,Quentin Johnston,WR,LAC,ACT,2026
00-0038545,Mazi Smith,DL,MIA,DEV,2026
00-0038546,Myles Murphy,DL,CIN,ACT,2026
00-0038547,Luke Schoonmaker,TE,DAL,ACT,2026
00-0038548,O'Cyrus Torrence,OL,BUF,ACT,2026
00-0038549,DJ Turner II,DB,CIN,ACT,2026
00-0038550,Hendon Hooker,QB,TEN,DEV,2026
00-0038551,Kendre Miller,RB,NO,ACT,2026
00-0038552,Riley Moss,DB,DEN,ACT,2026
00-0038553,Daiyan Henley,LB,LAC,ACT,2026
00-0038554,Ji'Ayir Brown,DB,SF,ACT,2026
00-0038555,Tank Bigsby,RB,PHI,ACT,2026
00-0038556,DeMarvion Overshown,LB,DAL,ACT,2026
00-0038557,Dorian Williams,LB,BUF,ACT,2026
00-0038558,Darnell Washington,TE,PIT,ACT,2026
00-0038559,Michael Wilson,WR,ARI,ACT,2026
00-0038560,Jordan Battle,DB,CIN,ACT,2026
00-0038562,Jake Moody,K,BAL,DEV,2026
00-0038563,Tre Tucker,WR,LV,ACT,2026
00-0038564,Cameron Latu,TE,NE,ACT,2026
00-0038565,Mekhi Blackmon,DB,CLE,ACT,2026
00-0038566,Nick Saldiveri,OL,NO,RES,2026
00-0038567,Chad Ryland,K,ARI,ACT,2026
00-0038568,Clark Phillips III,DB,CHI,ACT,2026
00-0038570,Ventrell Miller,LB,JAX,ACT,2026
00-0038571,Jon Gaines II,OL,ARI,ACT,2026
00-0038573,Derius Davis,WR,LAC,ACT,2026
00-0038574,Isaiah McGuire,DL,CLE,ACT,2026
00-0038575,Viliami Fehoko Jr.,DL,SF,CUT,2026
00-0038576,Charlie Jones,WR,NYG,DEV,2026
00-0038577,Nick Herbig,LB,PIT,ACT,2026
00-0038578,Jay Ward,DB,MIN,ACT,2026
00-0038579,Aidan O'Connell,QB,LV,ACT,2026
00-0038580,Yasir Abdullah,LB,ATL,ACT,2026
00-0038585,Cameron Mitchell,DB,IND,RES,2026
00-0038586,Atonio Mafi,OL,LV,ACT,2026
00-0038587,Jammie Robinson,DB,ATL,DEV,2026
00-0038588,Jordan Howden,DB,NO,ACT,2026
00-0038589,Josh Whyle,TE,GB,ACT,2026
00-0038590,Justin Shorter,WR,LV,RES,2026
00-0038591,Mike Morris,DL,SEA,ACT,2026
00-0038592,Colby Sorsdal,OL,DET,CUT,2026
00-0038593,Olu Oluwatimi,OL,SEA,ACT,2026
00-0038594,Darrell Luter Jr.,DB,LV,ACT,2026
00-0038595,Jordan McFadden,OL,CHI,ACT,2026
00-0038596,Antonio Johnson,DB,JAX,ACT,2026
00-0038597,Chase Brown,RB,CIN,ACT,2026
00-0038599,Henry To'oTo'o,LB,HOU,ACT,2026
00-0038600,Owen Pappoe,LB,TEN,ACT,2026
00-0038601,Asim Richards,OL,NO,ACT,2026
00-0038603,Robert Beal Jr.,DL,MIA,ACT,2026
00-0038604,Eric Scott Jr.,DB,DET,CUT,2026
00-0038605,JL Skinner,DB,DEN,ACT,2026
00-0038606,Parker Washington,WR,JAX,ACT,2026
00-0038608,Kayshon Boutte,WR,HOU,ACT,2026
00-0038609,Luke Wypler,OL,CLE,ACT,2026
00-0038610,Bryce Baringer,P,NE,RES,2026
00-0038611,Chris Rodriguez Jr.,RB,JAX,ACT,2026
00-0038613,Jerrick Reed II,DB,TEN,DEV,2026
00-0038614,Scott Matlock,RB,LAC,RES,2026
00-0038615,Jarrett Patterson,OL,SF,ACT,2026
00-0038616,Christian Braswell,DB,JAX,ACT,2026
00-0038617,Amari Burney,LB,JAX,CUT,2026
00-0038618,Xavier Hutchinson,WR,HOU,ACT,2026
00-0038619,Andrei Iosivas,WR,CIN,ACT,2026
00-0038620,Erick Hallett,DB,TEN,DEV,2026
00-0038621,DeMario Douglas,WR,NE,ACT,2026
00-0038622,Deuce Vaughn,RB,HOU,CUT,2026
00-0038623,Dante Stills,DL,ARI,ACT,2026
00-0038624,Ameer Speed,DB,DAL,ACT,2026
00-0038625,Dee Winters,LB,DAL,ACT,2026
00-0038628,DeMarcco Hellams,DB,ATL,ACT,2026
00-0038629,Jovaughn Gwyn,OL,BAL,ACT,2026
00-0038633,Nick Broeker,OL,BUF,DEV,2026
00-0038635,Andre Jones Jr.,LB,BUF,DEV,2026
00-0038638,Derek Parish,DL,HOU,CUT,2026
00-0038640,Jalen Brooks,WR,ARI,ACT,2026
00-0038641,Isaiah Bolden,DB,PHI,CUT,2026
00-0038642,D.J. Ivey,DB,CIN,ACT,2026
00-0038643,Brayden Willis,TE,SF,ACT,2026
00-0038644,Brandon Hill,DB,PIT,CUT,2026
00-0038645,Spencer Anderson,OL,PIT,ACT,2026
00-0038646,Alex Austin,DB,MIA,CUT,2026
00-0038647,Ronnie Bell,WR,NO,CUT,2026
00-0038648,Jalen Graham,LB,SF,DEV,2026
00-0038649,Alex Forsyth,OL,DEN,ACT,2026
00-0038653,Cory Durden,DL,NE,ACT,2026
00-0038655,Steven Gilmore,DB,LA,CUT,2026
00-0038658,Adrian Martinez,QB,SF,CUT,2026
00-0038660,Trevor Nowaske,LB,DET,ACT,2026
00-0038661,Chris Smith,DL,DET,DEV,2026
00-0038663,Starling Thomas V,DB,ARI,DEV,2026
00-0038667,Elijah Cooks,WR,CAR,CUT,2026
00-0038678,Jordan Mims,RB,PHI,CUT,2026
00-0038679,Tyrell Shavers,WR,BUF,RES,2026
00-0038684,Ethan Bonner,DB,MIA,DEV,2026
00-0038685,Chris Brooks,RB,GB,ACT,2026
00-0038693,Garrett Nelson,LB,NO,CUT,2026
00-0038694,Brandon Pili,DL,SEA,ACT,2026
00-0038696,Keidron Smith,DB,ATL,CUT,2026
00-0038703,Kendell Brooks,DB,TEN,RES,2026
00-0038705,Emari Demercado,RB,DAL,ACT,2026
00-0038710,Blake Whiteheart,TE,CLE,ACT,2026
00-0038711,Mohamoud Diabate,LB,TEN,DEV,2026
00-0038715,Ronnie Hickman Jr.,DB,CLE,ACT,2026
00-0038716,Jeremiah Martin,DL,CHI,CUT,2026
00-0038717,Tanner McCalister,DB,KC,DEV,2026
00-0038720,Julian Hill,TE,NE,RES,2026
00-0038724,Ali Gaye,DL,HOU,RES,2026
00-0038728,Jared Wayne,WR,HOU,ACT,2026
00-0038729,Kilian Zierer,OL,JAX,DEV,2026
00-0038731,TJ Bass,OL,DAL,ACT,2026
00-0038735,Princeton Fant,TE,DAL,RES,2026
00-0038737,Isaiah Land,LB,DAL,DEV,2026
00-0038738,Hunter Luepke,RB,DAL,ACT,2026
00-0038740,Jalen Moreno-Cropper,WR,NO,DEV,2026
00-0038742,Tyrus Wheat,LB,DAL,ACT,2026
00-0038748,B.T. Potter,K,TB,CUT,2026
00-0038752,Jake Bobo,WR,SEA,RES,2026
00-0038764,Patrick O'Connell,LB,SEA,ACT,2026
00-0038765,Ty Okada,DB,SEA,ACT,2026
00-0038769,Chris Stoll,LS,SEA,ACT,2026
00-0038776,Ricky Lee,OL,JAX,CUT,2026
00-0038778,Jalen Redmond,DL,MIN,ACT,2026
00-0038781,Rejzohn Wright,DB,NO,RES,2026
00-0038782,Eku Leota,LB,ARI,ACT,2026
00-0038783,Nate Adkins,TE,DEN,ACT,2026
00-0038785,Henry Byrd,OL,MIN,DEV,2026
00-0038788,Art Green,DB,NYG,CUT,2026
00-0038791,Thomas Incoom,LB,CAR,ACT,2026
00-0038792,Demontrey Jacobs,OL,ARI,DEV,2026
00-0038794,Jaleel McLaughlin,RB,CLE,DEV,2026
00-0038796,Alex Palczewski,OL,DEN,ACT,2026
00-0038797,Emanuel Wilson,RB,SEA,ACT,2026
00-0038801,Andre Carter II,LB,LAC,DEV,2026
00-0038807,Ivan Pace Jr.,LB,MIN,ACT,2026
00-0038809,Ben Sims,TE,MIA,RES,2026
00-0038817,Evan Deckers,LS,TB,ACT,2026
00-0038818,Luke Haggard,OL,TB,ACT,2026
00-0038820,Christian Izien,DB,DET,ACT,2026
00-0038823,Kaevon Merriweather,DB,JAX,DEV,2026
00-0038824,Ryan Miller,WR,MIA,ACT,2026
00-0038839,Mitchell Tinsley,WR,HOU,DEV,2026
00-0038840,Brycen Tremayne,WR,CAR,ACT,2026
00-0038841,Nick Whiteside,DB,DET,DEV,2026
00-0038848,Anthony Kendall,DB,BUF,DEV,2026
00-0038851,Caleb Murphy,LB,NYG,CUT,2026
00-0038852,John Ojukwu,OL,PHI,DEV,2026
00-0038853,Otis Reese,LB,BUF,CUT,2026
00-0038865,Andrew Farmer,LB,SF,RES,2026
00-0038866,AJ Finley,DB,SEA,DEV,2026
00-0038877,D'Shawn Jamison,DB,PIT,CUT,2026
00-0038883,Isaiah Winstead,WR,PIT,CUT,2026
00-0038890,Shaka Heyward,LB,CIN,DEV,2026
00-0038891,Shedrick Jackson,WR,LV,CUT,2026
00-0038893,Devonnsha Maxwell,DL,ATL,CUT,2026
00-0038896,Jacob Saylors,RB,DET,ACT,2026
00-0038905,Blake Grupe,K,NYJ,ACT,2026
00-0038908,Anfernee Orji,LB,NYG,CUT,2026
00-0038911,Malik Cunningham,WR,DET,CUT,2026
00-0038922,Drake Thomas,LB,SEA,ACT,2026
00-0038923,Dalton Wagner,OL,LV,CUT,2026
00-0038930,Carlos Washington,RB,MIA,DEV,2026
00-0038932,Darnell Wright,OL,CHI,ACT,2026
00-0038933,Dalton Kincaid,TE,BUF,ACT,2026
00-0038934,Anton Harrison,OL,JAX,ACT,2026
00-0038935,Brenton Strange,TE,JAX,ACT,2026
00-0038936,Juice Scruggs,OL,DET,ACT,2026
00-0038937,Zacch Pickens,DL,NYG,CUT,2026
00-0038938,Jalin Hyatt,WR,NYG,DEV,2026
00-0038939,Brodric Martin,DL,ARI,CUT,2026
00-0038940,Tyler Lacy,DL,DET,ACT,2026
00-0038941,Tyler Scott,WR,LA,CUT,2026
00-0038951,Sean Tucker,RB,TB,ACT,2026
00-0038953,Dylan Drummond,WR,ATL,DEV,2026
00-0038956,Ekow Boye-Doe,DB,DET,CUT,2026
00-0038958,Markees Watts,LB,CLE,RET,2026
00-0038966,Natrone Brooks,DB,ATL,CUT,2026
00-0038976,Marvin Mims Jr.,WR,DEN,ACT,2026
00-0038977,Tank Dell,WR,HOU,RES,2026
00-0038978,Byron Young,DL,PHI,ACT,2026
00-0038979,Cedric Tillman,WR,NO,DEV,2026
00-0038980,Zach Harrison,DL,ATL,DEV,2026
00-0038981,Wanya Morris,OL,DAL,DEV,2026
00-0038982,Chamarri Conner,DB,KC,ACT,2026
00-0038984,Kei'Trel Clark,DB,ARI,ACT,2026
00-0038986,Nic Jones,DB,NYG,ACT,2026
00-0038994,Jordan Addison,WR,MIN,ACT,2026
00-0038995,Bryan Bresee,DL,NO,RES,2026
00-0038996,Tucker Kraft,TE,GB,ACT,2026
00-0038997,Josh Downs,WR,IND,ACT,2026
00-0038998,Jake Haener,QB,NYG,DEV,2026
00-0039000,Deonte Banks,DB,NYG,ACT,2026
00-0039001,Tyler Steen,OL,PHI,ACT,2026
00-0039002,Sydney Brown,DB,ATL,ACT,2026
00-0039003,Drew Sanders,LB,DEN,RES,2026
00-0039004,Carter Warren,OL,MIA,RES,2026
00-0039006,Felix Anudike-Uzomah,DL,KC,ACT,2026
00-0039007,Garrett Williams,DB,ARI,ACT,2026
00-0039009,Dylan Horton,DL,HOU,RES,2026
00-0039010,Braeden Daniels,OL,LV,CUT,2026
00-0039013,Nolan Smith,LB,PHI,ACT,2026
00-0039014,Dawand Jones,OL,CLE,ACT,2026
00-0039018,Jack Campbell,LB,DET,ACT,2026
00-0039019,John Michael Schmitz,OL,NYG,ACT,2026
00-0039020,Anthony Bradford,OL,SEA,ACT,2026
00-0039021,Roschon Johnson,RB,CHI,ACT,2026
00-0039023,Joel Wilson,TE,TEN,DEV,2026
00-0039030,Jake Andrews,OL,HOU,ACT,2026
00-0039031,Adetomiwa Adebawore,DL,IND,ACT,2026
00-0039032,Tyjae Spears,RB,TEN,ACT,2026
00-0039034,Peter Skoronski,OL,TEN,ACT,2026
00-0039040,De'Von Achane,RB,MIA,ACT,2026
00-0039041,Elijah Higgins,TE,ARI,ACT,2026
00-0039042,Ryan Hayes,OL,CAR,RES,2026
00-0039047,Derick Hall,LB,SEA,ACT,2026
00-0039048,Matthew Bergeron,OL,ATL,ACT,2026
00-0039049,SirVocea Dennis,LB,TB,ACT,2026
00-0039050,Payne Durham,TE,TB,ACT,2026
00-0039051,Josh Hayes,DB,TB,RES,2026
00-0039052,Trey Palmer,WR,NO,DEV,2026
00-0039053,Jose Ramirez,LB,NE,DEV,2026
00-0039054,Marte Mapu,LB,HOU,CUT,2026
00-0039058,Steve Avila,OL,LA,ACT,2026
00-0039059,Ethan Evans,P,LA,ACT,2026
00-0039060,Jason Taylor II,DB,DET,CUT,2026
00-0039061,Desjuan Johnson,LB,LA,ACT,2026
00-0039062,Jonathan Mingo,WR,DAL,ACT,2026
00-0039063,Calijah Kancey,DL,TB,ACT,2026
00-0039064,Zay Flowers,WR,BAL,ACT,2026
00-0039065,Sam LaPorta,TE,DET,ACT,2026
00-0039066,Michael Mayer,TE,LV,ACT,2026
00-0039067,Rashee Rice,WR,KC,ACT,2026
00-0039068,Yaya Diaby,LB,TB,ACT,2026
00-0039070,Gervon Dexter Sr.,DL,ATL,ACT,2026
00-0039071,Tyrique Stevenson,DB,CHI,ACT,2026
00-0039072,Jakorian Bennett,DB,PHI,RES,2026
00-0039074,Davis Allen,TE,LA,ACT,2026
00-0039075,Puka Nacua,WR,LA,ACT,2026
00-0039077,Warren McClendon Jr.,OL,LA,ACT,2026
00-0039107,Stetson Bennett,QB,LA,ACT,2026
00-0039108,Will Anderson Jr.,DL,HOU,ACT,2026
00-0039109,Broderick Jones,OL,DAL,ACT,2026
00-0039110,Keeanu Benton,DL,PIT,ACT,2026
00-0039111,Tuli Tuipulotu,LB,LAC,ACT,2026
00-0039112,Lukas Van Ness,LB,GB,ACT,2026
00-0039137,Byron Young,LB,LA,ACT,2026
00-0039138,Kobie Turner,DL,LA,ACT,2026
00-0039139,Jahmyr Gibbs,RB,DET,ACT,2026
00-0039140,Kelee Ringo,DB,PHI,ACT,2026
00-0039141,Brian Branch,DB,DET,RES,2026
00-0039142,Will McDonald IV,LB,NYJ,ACT,2026
00-0039143,Isaiah Foskey,DL,CIN,DEV,2026
00-0039144,Luke Musgrave,TE,GB,RES,2026
00-0039145,Joe Tippmann,OL,NYJ,ACT,2026
00-0039146,Jayden Reed,WR,GB,ACT,2026
00-0039147,Christian Gonzalez,DB,NE,ACT,2026
00-0039148,Keion White,DL,SF,ACT,2026
00-0039149,Quan Martin,DB,WAS,ACT,2026
00-0039150,Bryce Young,QB,CAR,ACT,2026
00-0039151,Emmanuel Forbes,DB,LA,ACT,2026
00-0039152,Will Levis,QB,TEN,CUT,2026
00-0039155,BJ Ojulari,LB,ARI,CUT,2026
00-0039156,Julius Brents,DB,MIA,ACT,2026
00-0039157,Cody Mauch,OL,TB,ACT,2026
00-0039158,Blake Freeland,OL,CIN,DEV,2026
00-0039163,C.J. Stroud,QB,HOU,ACT,2026
00-0039164,Anthony Richardson,QB,IND,ACT,2026
00-0039165,Zach Charbonnet,RB,SEA,RES,2026
00-0039167,Joey Porter Jr.,DB,PIT,ACT,2026
00-0039169,Devon Witherspoon,DB,SEA,ACT,2026
00-0039172,Jake Bates,K,DET,ACT,2026
00-0039174,Chukwuebuka Godrick,OL,MIA,ACT,2026
00-0039176,Basil Okoye,DL,NYG,ACT,2026
00-0039177,David Agoha,DL,DEN,DEV,2026
00-0039178,Austin Ajiake,LB,IND,ACT,2026
00-0039207,Durell Nchami,DL,IND,CUT,2026
00-0039229,Charlie Smyth,K,NO,DEV,2026
00-0039232,Nate Wiggins,DB,BAL,ACT,2026
00-0039233,Roger Rosengarten,OL,BAL,ACT,2026
00-0039234,T.J. Tampa,DB,BAL,ACT,2026
00-0039236,Johnny Wilson,WR,PHI,RES,2026
00-0039237,Nick Samac,OL,MIN,ACT,2026
00-0039239,Kalen King,DB,ARI,DEV,2026
00-0039241,Beau Brade,DB,NYG,CUT,2026
00-0039242,Corey Bullock,OL,CAR,ACT,2026
00-0039244,Chris Collier,RB,LV,RES,2026
00-0039245,Ryan Cooper Jr.,DB,DET,CUT,2026
00-0039246,Darrian Dalcourt,OL,NE,CUT,2026
00-0039259,Dayton Wade,WR,BAL,CUT,2026
00-0039262,Gottlieb Ayedze,OL,MIA,DEV,2026
00-0039263,McCallan Castles,TE,GB,RES,2026
00-0039265,Gabe Hall,DL,PHI,DEV,2026
00-0039266,Kendall Milton,RB,CIN,DEV,2026
00-0039267,Andre' Sam,DB,PHI,RES,2026
00-0039268,Peter Bowden,LS,LAC,CUT,2026
00-0039272,Donovan Jennings,OL,GB,ACT,2026
00-0039275,Messiah Swinson,TE,CLE,DEV,2026
00-0039277,Jimmy Ciarlo,LB,BUF,CUT,2026
00-0039284,Braiden McGregor,LB,NYJ,ACT,2026
00-0039285,Jarius Monroe,DB,NYJ,CUT,2026
00-0039288,Jackson Sirmon,LB,NO,DEV,2026
00-0039289,Leonard Taylor III,DL,NE,ACT,2026
00-0039292,Shemar Bartholomew,DB,TEN,DEV,2026
00-0039299,George Holani,RB,SEA,ACT,2026
00-0039305,Jack Westover,TE,WAS,DEV,2026
00-0039309,Byron Murphy II,DL,SEA,ACT,2026
00-0039310,Trevor Keegan,OL,MIN,ACT,2026
00-0039312,Miles Battle,DB,MIA,CUT,2026
00-0039313,Swayze Bozeman,LB,CIN,ACT,2026
00-0039317,Ethan Driskell,OL,KC,DEV,2026
00-0039318,Curtis Jacobs,LB,WAS,RES,2026
00-0039322,D.J. Miller,DB,BUF,CUT,2026
00-0039323,Ryan Rehkow,P,CIN,ACT,2026
00-0039324,Christian Roland-Wallace,DB,KC,ACT,2026
00-0039325,Carson Steele,RB,PHI,DEV,2026
00-0039329,Julian Hicks,WR,SEA,DEV,2026
00-0039333,Brandon Codrington,DB,SF,DEV,2026
00-0039337,Malik Nabers,WR,NYG,ACT,2026
00-0039338,Brock Bowers,TE,LV,ACT,2026
00-0039339,Taliese Fuaga,OL,NO,ACT,2026
00-0039340,Laiatu Latu,DL,IND,ACT,2026
00-0039341,Tyler Guyton,OL,DAL,ACT,2026
00-0039342,Xavier Legette,WR,CAR,ACT,2026
00-0039343,Kamari Lassiter,DB,HOU,ACT,2026
00-0039344,Jonathon Brooks,RB,CAR,ACT,2026
00-0039345,Renardo Green,DB,SF,ACT,2026
00-0039346,Junior Colson,LB,LAC,DEV,2026
00-0039347,Trevin Wallace,LB,NYJ,ACT,2026
00-0039348,Cooper Beebe,OL,DAL,ACT,2026
00-0039349,DJ Glaze,OL,LV,ACT,2026
00-0039350,Zak Zinter,OL,CLE,ACT,2026
00-0039351,Dominick Puni,OL,SF,ACT,2026
00-0039352,Marist Liufau,LB,DAL,RES,2026
00-0039353,Jarrian Jones,DB,JAX,ACT,2026
00-0039354,McKinnley Jackson,DL,CIN,CUT,2026
00-0039355,Luke McCaffrey,WR,WAS,ACT,2026
00-0039356,Ja'Tavion Sanders,TE,CAR,ACT,2026
00-0039357,Decamerion Richardson,DB,NO,ACT,2026
00-0039358,Mason McCormick,OL,PIT,ACT,2026
00-0039359,Cade Stover,TE,HOU,ACT,2026
00-0039360,Malik Mustapha,DB,SF,ACT,2026
00-0039361,Bucky Irving,RB,TB,ACT,2026
00-0039362,Giovanni Manu,OL,DET,RES,2026
00-0039363,Isaac Guerendo,RB,SF,RES,2026
00-0039364,Sione Vaki,RB,DET,ACT,2026
00-0039365,Jacob Cowing,WR,SF,ACT,2026
00-0039366,Tarheeb Still,DB,LAC,ACT,2026
00-0039368,Jordan Magee,LB,WAS,ACT,2026
00-0039369,Cam Hart,DB,LAC,ACT,2026
00-0039370,JD Bertrand,LB,ATL,RES,2026
00-0039371,Kris Abrams-Draine,DB,DEN,ACT,2026
00-0039372,Jarvis Brownlee Jr.,DB,NYJ,ACT,2026
00-0039373,Audric Estimé,RB,NO,ACT,2026
00-0039374,Tommy Eichenberg,LB,LV,ACT,2026
00-0039375,Josh Newton,DB,CIN,ACT,2026
00-0039376,Spencer Rattler,QB,NO,ACT,2026
00-0039377,Jaylon Carlies,LB,IND,ACT,2026
00-0039378,Deantre Prince,DB,CHI,DEV,2026
00-0039379,Jamari Thrash,WR,CLE,RES,2026
00-0039380,Chau Smith-Wade,DB,CAR,ACT,2026
00-0039381,Dominique Hampton,LB,TEN,RES,2026
00-0039382,Christian Jones,OL,CHI,DEV,2026
00-0039383,Jaylin Simpson,DB,MIA,DEV,2026
00-0039384,Tyrone Tracy Jr.,RB,NYG,ACT,2026
00-0039386,Bub Means,WR,NO,CUT,2026
00-0039387,Caelen Carson,DB,DAL,ACT,2026
00-0039388,Jaylan Ford,LB,NO,RES,2026
00-0039389,Logan Lee,DL,PIT,RES,2026
00-0039390,Marcellas Dial Jr.,DB,MIA,ACT,2026
00-0039391,Kimani Vidal,RB,LAC,ACT,2026
00-0039392,Jha'Quan Jackson,WR,TB,CUT,2026
00-0039394,Casey Washington,WR,CAR,DEV,2026
00-0039395,Jamal Hill,LB,HOU,DEV,2026
00-0039396,Mekhi Wingo,DL,DET,ACT,2026
00-0039397,Tejhaun Palmer,WR,NE,CUT,2026
00-0039398,Joe Milton III,QB,DAL,CUT,2026
00-0039400,Zion Logue,DL,BUF,CUT,2026
00-0039401,Khristian Boyd,DL,NO,ACT,2026
00-0039402,Jaden Crumedy,DL,GB,DEV,2026
00-0039404,Will Reichard,K,MIN,ACT,2026
00-0039405,Jawhar Jordan,RB,HOU,DEV,2026
00-0039406,Nathaniel Watson,LB,CLE,DEV,2026
00-0039407,Dylan Laube,RB,LV,ACT,2026
00-0039408,Christian Mahogany,OL,DET,ACT,2026
00-0039409,Cam Little,K,JAX,ACT,2026
00-0039410,Ryan Flournoy,WR,DAL,ACT,2026
00-0039411,Elijah Klein,OL,DET,DEV,2026
00-0039412,Javontae Jean-Baptiste,LB,WAS,ACT,2026
00-0039414,Daijahn Anthony,DB,CIN,CUT,2026
00-0039417,Myles Harden,DB,CLE,ACT,2026
00-0039418,MJ Devonshire,DB,GB,CUT,2026
00-0039419,Michael Jurgens,OL,MIN,RES,2026
00-0039420,Jaheim Bell,TE,PIT,CUT,2026
00-0039421,Levi Drake Rodriguez,DL,MIN,ACT,2026
00-0039422,Nathan Thomas,OL,HOU,ACT,2026
00-0039423,Jonah Laulu,DL,LV,ACT,2026
00-0039424,Devaughn Vele,WR,NO,ACT,2026
00-0039425,Myles Cole,DL,NO,CUT,2026
00-0039427,Solomon Byrd,DL,HOU,RES,2026
00-0039429,Michael Barrett,LB,BAL,CUT,2026
00-0039430,James Williams,LB,TEN,ACT,2026
00-0039431,Jowon Briggs,DL,NYJ,ACT,2026
00-0039433,Marcus Harris,DL,KC,DEV,2026
00-0039435,Tatum Bethune,LB,SF,ACT,2026
00-0039436,Jaylen Harrell,LB,TEN,RES,2026
00-0039437,Cornelius Johnson,WR,BAL,CUT,2026
00-0039438,Nick Gargiulo,OL,DEN,RES,2026
00-0039442,Kingsley Eguakun,OL,NYG,DEV,2026
00-0039445,Hogan Hatten,LS,DET,ACT,2026
00-0039446,Bryan Hudson,OL,NYG,ACT,2026
00-0039447,Nate Lynn,LB,NYJ,DEV,2026
00-0039451,Isaiah Williams,WR,NYJ,ACT,2026
00-0039454,Beanie Bishop Jr.,DB,CHI,RES,2026
00-0039457,Jacoby Windmon,LB,PIT,DEV,2026
00-0039459,Theo Benedet,OL,CHI,ACT,2026
00-0039460,Carl Jones,LB,BAL,DEV,2026
00-0039461,Jamree Kromah,DL,CHI,ACT,2026
00-0039464,Austin Reed,QB,BAL,CUT,2026
00-0039465,Reddy Steward,DB,DAL,DEV,2026
00-0039466,Ian Wheeler,RB,BUF,CUT,2026
00-0039469,Te'Cory Couch,DB,BUF,DEV,2026
00-0039471,Frank Gore Jr.,RB,BUF,DEV,2026
00-0039473,Xavier Johnson,WR,CIN,CUT,2026
00-0039477,Jack Browning,P,ARI,CUT,2026
00-0039481,Storm Duck,DB,MIA,RES,2026
00-0039485,Andrew Meyer,OL,MIA,ACT,2026
00-0039488,Mark Perry,DB,GB,CUT,2026
00-0039489,Hayden Rucci,TE,JAX,DEV,2026
00-0039491,Jalen Coker,WR,CAR,ACT,2026
00-0039494,Kenny Dyson,LB,MIN,RES,2026
00-0039498,Harrison Mevis,K,LA,ACT,2026
00-0039506,Alex Johnson,DB,LA,RES,2026
00-0039507,Marcellus Johnson,OL,DAL,DEV,2026
00-0039508,Jake Kubas,OL,NE,DEV,2026
00-0039510,Casey Rogers,DL,NE,CUT,2026
00-0039513,Chris Edmonds,DB,CLE,CUT,2026
00-0039515,Winston Reid,LB,CLE,ACT,2026
00-0039518,Treyton Welch,TE,NO,DEV,2026
00-0039521,Xavier Weaver,WR,ARI,CUT,2026
00-0039526,Emany Johnson,LB,LAC,CUT,2026
00-0039530,Brevyn Spann-Ford,TE,DAL,ACT,2026
00-0039532,Julius Wood,DB,MIA,ACT,2026
00-0039534,Carter Bradley,QB,JAX,RES,2026
00-0039535,Andrew Coker,OL,CIN,CUT,2026
00-0039539,Amari Gainer,LB,MIA,DEV,2026
00-0039544,Will Putnam,OL,LV,DEV,2026
00-0039548,Ron Stone Jr.,LB,DEN,CUT,2026
00-0039550,Shawn Bowman,TE,ARI,DEV,2026
00-0039555,Steven Jones,OL,PIT,DEV,2026
00-0039565,Levelle Bailey,LB,DEN,RES,2026
00-0039567,Nik Constantinou,P,CLE,CUT,2026
00-0039568,Frank Crum,OL,DEN,RES,2026
00-0039570,Jordan Miller,DL,MIA,DEV,2026
00-0039576,Spencer Shrader,K,IND,ACT,2026
00-0039577,Kedon Slovis,QB,GB,DEV,2026
00-0039578,Dalton Tucker,OL,IND,ACT,2026
00-0039586,Tyrek Funderburk,DB,CAR,CUT,2026
00-0039587,Antonio Grier Jr.,LB,CHI,CUT,2026
00-0039589,Kameron Johnson,WR,TB,ACT,2026
00-0039596,Rashad Wisdom,DB,TB,CUT,2026
00-0039601,Demani Richardson,DB,CAR,CUT,2026
00-0039603,British Brooks,RB,HOU,ACT,2026
00-0039609,Kyler Baugh,DL,PIT,DEV,2026
00-0039612,Sincere Haynesworth,OL,BUF,CUT,2026
00-0039620,Rico Payton,DB,NYG,RES,2026
00-0039622,Isaiah Stalbird,LB,NO,ACT,2026
00-0039623,Mason Tipton,WR,NO,RES,2026
00-0039624,Kyle Hergel,OL,CHI,DEV,2026
00-0039626,Cole Burgess,WR,PIT,RES,2026
00-0039631,Cam Grandy,TE,MIN,DEV,2026
00-0039632,PJ Jules,DB,CIN,ACT,2026
00-0039634,Austin McNamara,P,NYJ,ACT,2026
00-0039637,Maema Njongmeta,LB,CAR,CUT,2026
00-0039644,Isaiah Iton,DL,NE,RES,2026
00-0039648,David Martin-Robinson,TE,TEN,ACT,2026
00-0039650,Bryce Oliver,WR,CLE,DEV,2026
00-0039652,Jabari Small,RB,DET,CUT,2026
00-0039660,Thomas Harper,DB,DET,ACT,2026
00-0039676,Chigozie Anusiem,DB,LV,RES,2026
00-0039677,Sam Hartman,QB,WAS,DEV,2026
00-0039679,Ben Nikkel,WR,IND,CUT,2026
00-0039681,Tyler Owens,DB,WAS,ACT,2026
00-0039685,A.J. Woods,DB,ATL,CUT,2026
00-0039686,Colson Yankoff,TE,WAS,ACT,2026
00-0039692,Dell Pettus,DB,NE,ACT,2026
00-0039696,Evan Anderson,DL,SF,CUT,2026
00-0039697,Jaylen Mahoney,DB,PHI,CUT,2026
00-0039700,Drake Nugent,OL,SF,DEV,2026
00-0039702,Mason Pline,TE,KC,CUT,2026
00-0039703,Cody Schrader,RB,DEN,DEV,2026
00-0039710,Jeshaun Jones,WR,MIN,RES,2026
00-0039714,Dwight McGlothern,DB,MIN,CUT,2026
00-0039716,Doug Nester,OL,PIT,DEV,2026
00-0039718,Bo Richter,LB,MIN,ACT,2026
00-0039720,Taki Taimani,DL,MIN,RES,2026
00-0039722,JaQuae Jackson,WR,LAC,CUT,2026
00-0039725,Jayden Price,DB,NO,ACT,2026
00-0039731,JC Latham,OL,TEN,ACT,2026
00-0039732,Bo Nix,QB,DEN,ACT,2026
00-0039733,Ruke Orhorhoro,DL,JAX,ACT,2026
00-0039734,Braden Fiske,DL,LA,ACT,2026
00-0039735,Jackson Powers-Johnson,OL,LV,ACT,2026
00-0039736,Matt Goncalves,OL,IND,ACT,2026
00-0039737,Tip Reiman,TE,ARI,RES,2026
00-0039738,Blake Corum,RB,LA,ACT,2026
00-0039739,Roman Wilson,WR,PIT,ACT,2026
00-0039740,Jalyx Hunt,LB,PHI,ACT,2026
00-0039741,Payton Wilson,LB,PIT,ACT,2026
00-0039742,Javon Foster,OL,CIN,ACT,2026
00-0039743,Jordan Jefferson,DL,LAC,DEV,2026
00-0039744,Tanor Bortolini,OL,IND,ACT,2026
00-0039745,Tory Taylor,P,CHI,ACT,2026
00-0039746,Will Shipley,RB,PHI,ACT,2026
00-0039749,Tyler Davis,DL,LA,ACT,2026
00-0039751,Jordan Whittington,WR,LA,ACT,2026
00-0039752,Cedric Johnson,DL,CIN,ACT,2026
00-0039753,Beaux Limmer,OL,LA,ACT,2026
00-0039754,Devin Culp,TE,TB,CUT,2026
00-0039755,KT Leveston,OL,CLE,DEV,2026
00-0039763,Joe Andreessen,LB,BUF,ACT,2026
00-0039764,Elijah Chatman,DL,CLE,RES,2026
00-0039767,Quinton Newsome,DB,ARI,CUT,2026
00-0039770,Charles Woods,DB,NE,ACT,2026
00-0039772,Josh Wallace,DB,LA,ACT,2026
00-0039774,Omar Speights,LB,LA,ACT,2026
00-0039775,Elias Neal,LB,LA,DEV,2026
00-0039776,Jaylen McCollough,DB,LA,ACT,2026
00-0039780,Cam Lampkin,DB,LA,DEV,2026
00-0039783,Anthony Goodlow,DL,CAR,DEV,2026
00-0039784,Justin Dedich,OL,LA,RES,2026
00-0039789,Qwan'tez Stiggers,DB,NYJ,ACT,2026
00-0039790,Olumuyiwa Fashanu,OL,NYJ,ACT,2026
00-0039791,Adisa Isaac,LB,BAL,DEV,2026
00-0039792,Devontez Walker,WR,BAL,ACT,2026
00-0039793,AJ Barner,TE,SEA,ACT,2026
00-0039794,Braelon Allen,RB,NYJ,ACT,2026
00-0039795,Nehemiah Pritchett,DB,SEA,ACT,2026
00-0039796,Rasheen Ali,RB,BAL,ACT,2026
00-0039798,Isaiah Davis,RB,NYJ,ACT,2026
00-0039800,DJ James,DB,NYG,CUT,2026
00-0039807,Max Melton,DB,ARI,ACT,2026
00-0039808,Isaiah Adams,OL,ARI,ACT,2026
00-0039809,Jonah Elliss,LB,DEN,ACT,2026
00-0039811,MarShawn Lloyd,RB,GB,ACT,2026
00-0039812,Ty'Ron Hopper,LB,GB,ACT,2026
00-0039813,Evan Williams,DB,GB,ACT,2026
00-0039814,Erick All,TE,CIN,ACT,2026
00-0039815,Tyrice Knight,LB,SEA,ACT,2026
00-0039816,Anthony Gould,WR,IND,DEV,2026
00-0039817,Jacob Monk,OL,GB,ACT,2026
00-0039818,Kitan Oladapo,DB,GB,ACT,2026
00-0039819,Travis Glover,OL,GB,ACT,2026
00-0039821,Andru Phillips,DB,NYG,ACT,2026
00-0039822,Kiran Amegadjie,OL,PHI,DEV,2026
00-0039823,Elijah Jones,DB,NYG,DEV,2026
00-0039824,Jared Wiley,TE,KC,ACT,2026
00-0039825,Jaden Hicks,DB,KC,ACT,2026
00-0039826,Jeremiah Trotter Jr.,LB,PHI,ACT,2026
00-0039827,Hunter Nourzad,OL,KC,ACT,2026
00-0039828,Walter Rouse,OL,NE,ACT,2026
00-0039829,Darius Muasau,LB,NE,ACT,2026
00-0039830,Dylan McMahon,OL,LA,ACT,2026
00-0039831,Kamal Hadden,DB,GB,ACT,2026
00-0039832,Jarrett Kingston,OL,MIA,ACT,2026
00-0039833,C.J. Hanson,OL,KC,RES,2026
00-0039834,Kamren Kinchens,DB,LA,ACT,2026
00-0039835,Justin Eboigbe,DL,LAC,ACT,2026
00-0039836,Brennan Jackson,LB,LV,RES,2026
00-0039837,Bralen Trice,LB,ATL,CUT,2026
00-0039838,Calen Bullock,DB,HOU,ACT,2026
00-0039839,Christian Haynes,OL,SEA,ACT,2026
00-0039840,Austin Booker,DL,CHI,ACT,2026
00-0039841,Cooper DeJean,DB,PHI,ACT,2026
00-0039842,Michael Jerrell,OL,ATL,ACT,2026
00-0039843,Qadir Ismail,TE,CHI,DEV,2026
00-0039844,Kingsley Suamataia,OL,KC,ACT,2026
00-0039846,Tykee Smith,DB,TB,ACT,2026
00-0039847,Theo Johnson,TE,NYG,ACT,2026
00-0039849,Marvin Harrison Jr.,WR,ARI,ACT,2026
00-0039850,Edgerrin Cooper,LB,GB,ACT,2026
00-0039851,Drake Maye,QB,NE,ACT,2026
00-0039852,Jared Verse,DL,CLE,ACT,2026
00-0039854,Darius Robinson,DL,ARI,ACT,2026
00-0039855,Jalen McMillan,WR,TB,ACT,2026
00-0039857,Blake Fisher,OL,HOU,ACT,2026
00-0039858,Cedric Gray,LB,TEN,ACT,2026
00-0039859,Brandon Dorlus,DL,ATL,ACT,2026
00-0039860,Kool-Aid McKinstry,DB,NO,ACT,2026
00-0039861,Tyler Nubin,DB,NYG,ACT,2026
00-0039862,Ennis Rakestraw Jr.,DB,DET,ACT,2026
00-0039863,Caedan Wallace,OL,MIA,ACT,2026
00-0039864,Dadrion Taylor-Demerson,DB,ARI,ACT,2026
00-0039867,Javon Bullard,DB,GB,ACT,2026
00-0039868,Troy Franklin,WR,DEN,ACT,2026
00-0039871,Troy Fautanu,OL,PIT,ACT,2026
00-0039872,Cole Bishop,DB,BUF,ACT,2026
00-0039873,DeWayne Carter,DL,BUF,ACT,2026
00-0039874,Jaylen Wright,RB,MIA,ACT,2026
00-0039875,Ray Davis,RB,BUF,ACT,2026
00-0039876,Sedrick Van Pran-Granger,OL,IND,ACT,2026
00-0039877,Mohamed Kamara,LB,TB,RES,2026
00-0039878,Edefuan Ulofoshio,LB,CLE,RES,2026
00-0039879,Javon Solomon,LB,BUF,ACT,2026
00-0039880,Malik Washington,WR,MIA,ACT,2026
00-0039881,Patrick McMorris,DB,SF,CUT,2026
00-0039882,Tylan Grable,OL,BUF,ACT,2026
00-0039883,Daequan Hardy,DB,PIT,RES,2026
00-0039884,Tahj Washington,WR,PHI,CUT,2026
00-0039886,T'Vondre Sweat,DL,NYJ,ACT,2026
00-0039888,Quinyon Mitchell,DB,PHI,ACT,2026
00-0039889,Maason Smith,DL,ATL,ACT,2026
00-0039890,Adonai Mitchell,WR,NYJ,ACT,2026
00-0039893,Brian Thomas Jr.,WR,JAX,ACT,2026
00-0039894,Xavier Worthy,WR,KC,ACT,2026
00-0039895,Mike Hall Jr.,DL,CLE,ACT,2026
00-0039896,Zach Frazier,OL,PIT,ACT,2026
00-0039897,Joe Alt,OL,LAC,ACT,2026
00-0039898,Mike Sainristil,DB,WAS,ACT,2026
00-0039899,Patrick Paul,OL,MIA,ACT,2026
00-0039901,Keon Coleman,WR,BUF,ACT,2026
00-0039902,Chris Braswell,LB,HOU,DEV,2026
00-0039903,Terrion Arnold,DB,SEA,EXE,2026
00-0039904,Jordan Morgan,OL,GB,ACT,2026
00-0039905,Graham Barton,OL,TB,ACT,2026
00-0039906,Jer'Zhan Newton,DL,WAS,RES,2026
00-0039907,Ja'Lynn Polk,WR,NO,RET,2026
00-0039908,Kris Jenkins,DL,CIN,ACT,2026
00-0039910,Jayden Daniels,QB,WAS,ACT,2026
00-0039911,Chop Robinson,LB,MIA,ACT,2026
00-0039912,Ben Sinnott,TE,WAS,ACT,2026
00-0039913,Brandon Coleman,OL,WAS,ACT,2026
00-0039915,Ladd McConkey,WR,LAC,ACT,2026
00-0039916,Ricky Pearsall,WR,SF,RES,2026
00-0039917,Michael Penix Jr.,QB,ATL,ACT,2026
00-0039918,Caleb Williams,QB,CHI,ACT,2026
00-0039919,Rome Odunze,WR,CHI,ACT,2026
00-0039920,Malachi Corley,WR,CLE,ACT,2026
00-0039921,Trey Benson,RB,ARI,RES,2026
00-0039923,J.J. McCarthy,QB,MIN,ACT,2026
00-0039924,Dallas Turner,LB,MIN,ACT,2026
00-0039925,Amarius Mims,OL,CIN,ACT,2026
00-0039926,Jalen Sundell,OL,SEA,ACT,2026
00-0039930,Travis Clayton,DL,BUF,DEV,2026
00-0039931,Julius Welschof,LB,PIT,DEV,2026
00-0039932,Laekin Vakalahi,OL,LAC,DEV,2026
00-0039936,Thomas Yassmin,TE,GB,RES,2026
00-0039938,David Olajiga,DL,BAL,DEV,2026
00-0039944,Jamie Sheriff,LB,SEA,CUT,2026
00-0039946,Kyon Barrs,DL,CAR,CUT,2026
00-0039956,Elliott Brown,LB,ARI,CUT,2026
00-0039959,Tra Fluellen,DB,GB,CUT,2026
00-0040003,Lenny Krieg,K,GB,DEV,2026
00-0040004,T.J. Maguranyanga,LB,WAS,RES,2026
00-0040007,Tyler Booker,OL,DAL,ACT,2026
00-0040008,Shavon Revel Jr.,DB,DAL,ACT,2026
00-0040009,Savion Williams,WR,GB,RES,2026
00-0040010,Barryn Sorrell,LB,GB,ACT,2026
00-0040011,Shemar James,LB,DAL,ACT,2026
00-0040012,Collin Oliver,LB,GB,RES,2026
00-0040013,Smael Mondon Jr.,LB,PHI,ACT,2026
00-0040014,Kyle McCord,QB,MIA,ACT,2026
00-0040015,Myles Hinton,OL,CIN,ACT,2026
00-0040016,Warren Brinson,DL,GB,ACT,2026
00-0040017,Ajani Cornelius,OL,DAL,ACT,2026
00-0040018,Antwaun Powell-Ryland,DL,CIN,CUT,2026
00-0040019,Jay Toia,DL,DAL,CUT,2026
00-0040020,Micah Robinson,DB,TEN,ACT,2026
00-0040021,Phil Mafah,RB,DAL,CUT,2026
00-0040022,Tommy Akingbesote,DL,JAX,CUT,2026
00-0040023,John Williams,OL,GB,ACT,2026
00-0040024,Darius Cooper,WR,PHI,ACT,2026
00-0040026,Maxen Hook,DB,SEA,DEV,2026
00-0040033,Johnathan Baldwin,DB,GB,RES,2026
00-0040034,Brant Banks,OL,GB,CUT,2026
00-0040037,Jamon Johnson,LB,BAL,CUT,2026
00-0040039,Amar Johnson,RB,LAC,DEV,2026
00-0040041,Nazir Stackhouse,DL,TEN,ACT,2026
00-0040043,Justin Barron,LB,DAL,DEV,2026
00-0040044,Zion Childress,DB,CAR,DEV,2026
00-0040045,Alijah Clark,DB,DAL,ACT,2026
00-0040046,Rivaldo Fairweather,TE,ARI,CUT,2026
00-0040049,Josh Kelly,WR,HOU,DEV,2026
00-0040054,Seth Coleman-Lyles,DL,MIA,CUT,2026
00-0040055,Jalan Gaines,DL,SEA,CUT,2026
00-0040056,Jared Ivey,DL,ATL,ACT,2026
00-0040058,Nick Kallerup,TE,SEA,ACT,2026
00-0040059,Amari Kight,OL,SEA,RES,2026
00-0040060,Marshall Lang,TE,MIN,CUT,2026
00-0040061,Connor O'Toole,LB,SEA,ACT,2026
00-0040063,J.R. Singleton,DL,SEA,CUT,2026
00-0040064,Wy'Kevious Thomas,DL,SEA,CUT,2026
00-0040065,Isas Waxter,DB,LAC,CUT,2026
00-0040066,Jackson Woodard,LB,MIA,ACT,2026
00-0040067,Jacardia Wright,RB,SEA,DEV,2026
00-0040068,Emery Jones Jr.,OL,BAL,ACT,2026
00-0040069,Teddye Buchanan,LB,BAL,ACT,2026
00-0040070,Carson Vinson,OL,BAL,ACT,2026
00-0040071,Mac McWilliams,DB,PHI,ACT,2026
00-0040072,Jeffrey Bassa,LB,KC,ACT,2026
00-0040073,Bilhal Kone,DB,BAL,RES,2026
00-0040074,Tyler Loop,K,BAL,ACT,2026
00-0040075,LaJohntay Wester,WR,BAL,ACT,2026
00-0040076,Aeneas Peebles,DL,BAL,ACT,2026
00-0040077,Robert Longerbeam,DB,PHI,DEV,2026
00-0040078,Brashard Smith,RB,KC,ACT,2026
00-0040079,Garrett Dellinger,OL,TEN,ACT,2026
00-0040081,Jake Briningstool,TE,KC,ACT,2026
00-0040083,Dalton Cooper,OL,GB,DEV,2026
00-0040087,Brandon George,LB,PHI,CUT,2026
00-0040088,Coziah Izzard,DL,CLE,CUT,2026
00-0040089,Kevin Knowles,DB,TB,ACT,2026
00-0040092,Esa Pole,OL,WAS,DEV,2026
00-0040093,Melvin Smith Jr.,DB,TEN,ACT,2026
00-0040094,Tre Watson,TE,MIA,DEV,2026
00-0040098,Gerad Lichtenhan,OL,BAL,DEV,2026
00-0040099,Xavier Guillory,WR,BAL,DEV,2026
00-0040100,Jay Higgins,LB,BAL,ACT,2026
00-0040101,Reid Holskey,OL,IND,DEV,2026
00-0040104,Keondre Jackson,DB,BAL,ACT,2026
00-0040105,Jayson Jones,DL,TB,DEV,2026
00-0040106,Reuben Lowery,DB,IND,RET,2026
00-0040108,Chandler Martin,LB,NYG,DEV,2026
00-0040112,Marquise Robinson,DB,BAL,CUT,2026
00-0040116,Josh Simmons,OL,KC,ACT,2026
00-0040118,Cooper McDonald,LB,KC,ACT,2026
00-0040120,Jimmy Holiday,WR,KC,RES,2026
00-0040122,Ashton Jeanty,RB,LV,ACT,2026
00-0040123,Armand Membou,OL,NYJ,ACT,2026
00-0040124,Tetairoa McMillan,WR,CAR,ACT,2026
00-0040125,Kelvin Banks Jr.,OL,NO,ACT,2026
00-0040126,Colston Loveland,TE,CHI,ACT,2026
00-0040127,Kenneth Grant,DL,MIA,RES,2026
00-0040128,Tyler Warren,TE,IND,ACT,2026
00-0040129,Emeka Egbuka,WR,TB,ACT,2026
00-0040130,Jayden Higgins,WR,HOU,RES,2026
00-0040131,Kyle Williams,WR,NE,ACT,2026
00-0040132,Landon Jackson,DL,BUF,ACT,2026
00-0040133,Azareye'h Thomas,DB,NYJ,ACT,2026
00-0040134,Pat Bryant,WR,DEN,ACT,2026
00-0040135,Nick Martin,LB,SF,RES,2026
00-0040136,Princely Umanmielen,LB,CAR,ACT,2026
00-0040137,Jordan Burch,LB,ARI,ACT,2026
00-0040138,Jaylin Noel,WR,HOU,ACT,2026
00-0040139,Justin Walley,DB,IND,ACT,2026
00-0040140,Dylan Fairchild,OL,CIN,ACT,2026
00-0040141,Kevin Winston Jr.,DB,TEN,ACT,2026
00-0040142,Kaleb Johnson,RB,GB,ACT,2026
00-0040143,Jacob Parrish,DB,TB,ACT,2026
00-0040144,Jamaree Caldwell,DL,LAC,ACT,2026
00-0040145,Caleb Ransaw,DB,JAX,ACT,2026
00-0040146,Wyatt Milum,OL,JAX,ACT,2026
00-0040147,Jared Wilson,OL,NE,ACT,2026
00-0040148,Xavier Watts,DB,ATL,ACT,2026
00-0040149,Jaylin Smith,DB,HOU,ACT,2026
00-0040150,Caleb Rogers,OL,LV,ACT,2026
00-0040151,Charles Grant,OL,LV,ACT,2026
00-0040152,Upton Stout,DB,SF,ACT,2026
00-0040153,Sai'vion Jones,DL,DEN,ACT,2026
00-0040154,Tai Felton,WR,MIN,ACT,2026
00-0040155,Danny Stutsman,LB,NO,ACT,2026
00-0040156,Billy Bowman Jr.,DB,ATL,ACT,2026
00-0040157,Barrett Carter,LB,CIN,ACT,2026
00-0040158,David Walker,LB,TB,ACT,2026
00-0040159,Lathan Ransom,DB,CAR,ACT,2026
00-0040160,Jack Sawyer,LB,PIT,ACT,2026
00-0040161,Kyle Kennard,LB,LAC,RES,2026
00-0040162,Dylan Sampson,RB,CLE,ACT,2026
00-0040163,Jalen Travis,OL,IND,ACT,2026
00-0040164,Jaylin Lane,WR,WAS,ACT,2026
00-0040165,Malachi Moore,DB,NYJ,ACT,2026
00-0040166,Quincy Riley,DB,NO,ACT,2026
00-0040167,Ruben Hyppolite II,LB,CHI,RES,2026
00-0040168,Que Robinson,LB,DEN,ACT,2026
00-0040169,Tonka Hemingway,DL,LV,ACT,2026
00-0040170,Elic Ayomanor,WR,TEN,ACT,2026
00-0040171,Joshua Farmer,DL,NE,ACT,2026
00-0040172,Jordan Watkins,WR,SF,ACT,2026
00-0040173,Tyrion Ingram-Dawkins,DL,MIN,ACT,2026
00-0040174,Cam Jackson,DL,CAR,ACT,2026
00-0040175,Jordan Phillips,DL,MIA,ACT,2026
00-0040176,Bradyn Swinson,LB,PIT,DEV,2026
00-0040177,Jordan James,RB,SF,ACT,2026
00-0040178,Jason Marshall Jr.,DB,MIA,ACT,2026
00-0040179,DJ Giddens,RB,IND,ACT,2026
00-0040180,Jalen Rivers,OL,CIN,ACT,2026
00-0040181,Marcus Mbow,OL,NYG,ACT,2026
00-0040182,Dante Trader Jr.,DB,MIA,ACT,2026
00-0040183,Elijah Roberts,DL,TB,ACT,2026
00-0040184,KeAndre Lambert-Smith,WR,LAC,ACT,2026
00-0040185,Marques Sigle,DB,SF,ACT,2026
00-0040186,Francisco Mauigoa,LB,NYJ,ACT,2026
00-0040187,Mitchell Evans,TE,CAR,ACT,2026
00-0040188,Yahya Black,DL,PIT,ACT,2026
00-0040189,Oronde Gadsden II,TE,LAC,ACT,2026
00-0040190,Jackson Slater,OL,TEN,ACT,2026
00-0040192,Jordan Hancock,DB,BUF,ACT,2026
00-0040193,Miles Frazier,OL,DET,ACT,2026
00-0040194,Jackson Hawes,TE,BUF,ACT,2026
00-0040195,Denzel Burke,DB,ARI,ACT,2026
00-0040196,Tyler Baron,LB,NYJ,RES,2026
00-0040197,Dorian Strong,DB,BUF,RES,2026
00-0040198,Ollie Gordon II,RB,MIA,ACT,2026
00-0040199,JJ Pegues,DL,LV,ACT,2026
00-0040200,Andy Borregales,K,NE,ACT,2026
00-0040201,Marcus Harris,DB,TEN,ACT,2026
00-0040202,Devin Neal,RB,NO,RES,2026
00-0040203,Will Howard,QB,PIT,ACT,2026
00-0040204,Jaylen Reed,DB,NE,ACT,2026
00-0040205,Kalel Mullings,RB,TEN,DEV,2026
00-0040206,Riley Leonard,QB,IND,ACT,2026
00-0040207,Tim Smith,DL,IND,ACT,2026
00-0040208,Tahj Brooks,RB,CIN,ACT,2026
00-0040209,Jalen McLeod,LB,JAX,DEV,2026
00-0040210,Luke Newman,OL,CHI,ACT,2026
00-0040211,Graham Mertz,QB,HOU,RES,2026
00-0040212,Branson Taylor,OL,LAC,RES,2026
00-0040213,Rayuan Lane III,DB,JAX,ACT,2026
00-0040215,Gavin Bartholomew,TE,MIN,ACT,2026
00-0040216,Kain Medrano,LB,WAS,ACT,2026
00-0040217,Chase Lundt,OL,BUF,DEV,2026
00-0040218,Jimmy Horn Jr.,WR,CAR,ACT,2026
00-0040219,Hayden Conner,OL,ARI,ACT,2026
00-0040221,R.J. Mickens,DB,LAC,ACT,2026
00-0040222,Cam Miller,QB,MIA,CUT,2026
00-0040223,Jeremy Crawshaw,P,DEN,ACT,2026
00-0040224,Jack Nelson,OL,MIN,DEV,2026
00-0040225,Thomas Fidone II,TE,NYG,ACT,2026
00-0040226,Marcus Bryant,OL,NE,RES,2026
00-0040227,Jonah Monheim,OL,JAX,ACT,2026
00-0040228,Cody Lindenberg,LB,LV,ACT,2026
00-0040229,Kyonte Hamilton,DL,HOU,RES,2026
00-0040230,Kitan Crawford,DB,ARI,ACT,2026
00-0040231,Carson Bruener,LB,PIT,ACT,2026
00-0040232,Donte Kent,DB,PIT,RES,2026
00-0040233,Dan Jackson,DB,DET,CUT,2026
00-0040234,Quinn Ewers,QB,JAX,ACT,2026
00-0040235,Hunter Wohler,DB,IND,ACT,2026
00-0040236,Kyle Monangai,RB,CHI,ACT,2026
00-0040237,Tez Johnson,WR,TB,ACT,2026
00-0040238,LeQuint Allen Jr.,RB,JAX,ACT,2026
00-0040239,Kaden Prather,WR,GB,CUT,2026
00-0040240,Caleb Lohner,TE,DEN,RES,2026
00-0040241,Dominic Lovett,WR,DET,DEV,2026
00-0040242,Jacory Croskey-Merritt,RB,WAS,ACT,2026
00-0040243,Korie Black,DB,NYG,RES,2026
00-0040244,Moliki Matavao,TE,NO,RES,2026
00-0040245,Connor Colby,OL,SF,ACT,2026
00-0040246,Julian Ashby,LS,NE,ACT,2026
00-0040247,Junior Bergen,WR,NYJ,CUT,2026
00-0040248,Zeek Biggers,DL,MIA,ACT,2026
00-0040249,Fadil Diggs,LB,NO,DEV,2026
00-0040251,Trikweze Bridges,DB,CIN,DEV,2026
00-0040252,Kobee Minor,DB,NE,CUT,2026
00-0040255,Adin Huntington,DL,CLE,ACT,2026
00-0040259,Gage Larvadain,WR,CLE,CUT,2026
00-0040260,Ahmani Marshall,RB,CLE,CUT,2026
00-0040261,Easton Mascarenas-Arnold,LB,CLE,ACT,2026
00-0040263,Donovan McMillon,DB,CLE,ACT,2026
00-0040265,Ja'Seem Reed,WR,CAR,DEV,2026
00-0040268,Major Burns,DB,MIA,DEV,2026
00-0040270,Power Echols,LB,SEA,RES,2026
00-0040273,Tysheem Johnson,DB,SEA,CUT,2026
00-0040275,JP Richardson,WR,CHI,DEV,2026
00-0040277,Jahdae Walker,WR,CHI,ACT,2026
00-0040279,Ryan Fitzgerald,K,CAR,ACT,2026
00-0040283,Jared Harrison-Hunte,DL,ARI,DEV,2026
00-0040284,Jack Henderson,DB,PIT,CUT,2026
00-0040289,Bam Martin-Scott,LB,CAR,RES,2026
00-0040293,Michael Reid,DB,NO,ACT,2026
00-0040295,Trevian Thomas,DB,JAX,CUT,2026
00-0040296,Corey Thornton,DB,CAR,DEV,2026
00-0040298,Andrew Armstrong,WR,KC,DEV,2026
00-0040299,Eugene Asante,LB,ARI,DEV,2026
00-0040302,A.J. Henning,WR,MIA,CUT,2026
00-0040304,Alex Huntley,DL,MIA,CUT,2026
00-0040307,Josh Priebe,OL,MIA,CUT,2026
00-0040310,John Saunders Jr.,DB,NE,CUT,2026
00-0040311,Theo Wease Jr.,WR,LAC,DEV,2026
00-0040313,Kam Arnold,LB,KC,CUT,2026
00-0040314,Ricky Barber,DL,WAS,ACT,2026
00-0040317,Jacoby Jones,WR,WAS,RES,2026
00-0040318,Ale Kaho,LB,WAS,DEV,2026
00-0040319,Robert McDaniel,DB,TB,CUT,2026
00-0040320,Timothy McKay,OL,JAX,CUT,2026
00-0040322,Car'lin Vigers,DB,PIT,DEV,2026
00-0040323,Chandler Brayboy,WR,JAX,CUT,2026
00-0040324,Cam Camper,WR,NYJ,CUT,2026
00-0040326,Branson Combs,LB,JAX,ACT,2026
00-0040328,Ethan Downs,LB,KC,RES,2026
00-0040329,BJ Green II,DL,JAX,ACT,2026
00-0040331,Patrick Herbert,TE,LAC,DEV,2026
00-0040332,Ja'Quinden Jackson,RB,PHI,CUT,2026
00-0040336,Jabbar Muhammad,DB,JAX,DEV,2026
00-0040337,Eli Pancol,WR,IND,CUT,2026
00-0040338,Keivie Rose,DL,JAX,RES,2026
00-0040339,Cam'Ron Silmon-Craig,DB,JAX,DEV,2026
00-0040341,Doneiko Slaughter,DB,PIT,DEV,2026
00-0040342,Danny Striggow,DL,JAX,ACT,2026
00-0040347,Johnathan Edwards,DB,IND,ACT,2026
00-0040349,Marshall Foerner,OL,TB,CUT,2026
00-0040352,Coleman Owen,WR,IND,RES,2026
00-0040357,Trey Washington,DB,IND,DEV,2026
00-0040359,Jacob Bayer,OL,CIN,ACT,2026
00-0040361,Stephen Gosnell,WR,BUF,DEV,2026
00-0040362,Keonta Jenkins,LB,BUF,DEV,2026
00-0040363,Keleki Latu,TE,BUF,ACT,2026
00-0040364,Wande Owens,DB,BUF,CUT,2026
00-0040365,Daryl Porter,DB,PIT,CUT,2026
00-0040369,Howard Cross III,DL,CIN,DEV,2026
00-0040371,Eric Gregory,DL,NE,DEV,2026
00-0040372,Bralyn Lux,DB,CIN,DEV,2026
00-0040374,Seth McLaughlin,OL,DET,CUT,2026
00-0040375,Jordan Moore,WR,CIN,DEV,2026
00-0040379,William Wagner,LS,CIN,ACT,2026
00-0040380,Jeremiah Byers,OL,CLE,CUT,2026
00-0040382,Josh Fryar,OL,ARI,ACT,2026
00-0040384,Elijah Simmons,DL,TB,ACT,2026
00-0040387,Zach Horton,TE,DET,CUT,2026
00-0040388,Jakobie Keeney-James,WR,PIT,CUT,2026
00-0040390,Jackson Meeks,TE,DET,ACT,2026
00-0040391,Mason Miller,OL,DET,DEV,2026
00-0040392,Caden Prieskorn,TE,CAR,CUT,2026
00-0040394,Anthony Tyus III,RB,CAR,DEV,2026
00-0040395,Jared Bartlett,LB,JAX,RES,2026
00-0040396,Dean Clark,DB,NYJ,CUT,2026
00-0040397,Jordan Clark,DB,NYJ,DEV,2026
00-0040398,Brady Cook,QB,MIA,ACT,2026
00-0040400,Donovan Edwards,RB,MIA,CUT,2026
00-0040401,Gus Hartwig,OL,DET,CUT,2026
00-0040403,Fatorma Mulbah,DL,MIA,CUT,2026
00-0040404,Payton Page,DL,NYJ,DEV,2026
00-0040405,Jamaal Pritchett,WR,NYJ,DEV,2026
00-0040406,Quentin Skinner,WR,BUF,CUT,2026
00-0040407,Aaron Smith,LB,SEA,RES,2026
00-0040409,Austin Brinkman,LS,HOU,ACT,2026
00-0040410,Eli Cox,OL,JAX,DEV,2026
00-0040411,Alijah Huzzie,DB,HOU,DEV,2026
00-0040413,K.C. Ossai,LB,HOU,RES,2026
00-0040414,Junior Tafuna,DL,HOU,DEV,2026
00-0040415,Connor Bazelak,QB,TB,CUT,2026
00-0040416,John Bullock,LB,TB,CUT,2026
00-0040417,Benjamin Chukwuma,OL,TB,ACT,2026
00-0040419,Garrett Greene,WR,TB,DEV,2026
00-0040420,Nash Hutmacher,OL,TB,CUT,2026
00-0040422,Jake Majors,OL,PHI,DEV,2026
00-0040423,Roman Parodie,DB,TB,CUT,2026
00-0040425,JJ Roberts,DB,TB,DEV,2026
00-0040427,Ben Scott,OL,TB,DEV,2026
00-0040429,Josh Williams,RB,TB,DEV,2026
00-0040431,Dalen Cambre,WR,NYG,DEV,2026
00-0040432,Beaux Collins,WR,ATL,RES,2026
00-0040434,Trace Ford,LB,NYG,DEV,2026
00-0040438,Antwane Wells Jr.,WR,ATL,DEV,2026
00-0040442,Marques Cox,OL,MIA,CUT,2026
00-0040445,Courtney Jackson,WR,TEN,CUT,2026
00-0040446,Joseph Michalski,OL,NE,CUT,2026
00-0040449,Karene Reid,LB,DEN,ACT,2026
00-0040451,Xavier Truss,OL,NO,CUT,2026
00-0040452,Johnny Walker Jr.,LB,DEN,DEV,2026
00-0040454,Kristian Williams,DL,DEN,CUT,2026
00-0040457,Jermaine Terry,TE,CLE,CUT,2026
00-0040458,TeRah Edwards,DL,CAR,ACT,2026
00-0040460,Marlowe Wax,LB,LAC,ACT,2026
00-0040464,DJ Uiagalelei,QB,LAC,DEV,2026
00-0040466,Raheim Sanders,RB,CLE,ACT,2026
00-0040467,Josh Kaltenberger,OL,LAC,DEV,2026
00-0040468,Eric Rogers,DB,LAC,CUT,2026
00-0040471,Nikko Reed,DB,LAC,DEV,2026
00-0040472,Garmon Randolph,LB,CIN,DEV,2026
00-0040473,Myles Purchase,DB,LAC,CUT,2026
00-0040476,Ulysses Bentley IV,RB,IND,CUT,2026
00-0040479,Hudson Clark,DB,ARI,CUT,2026
00-0040486,Jah Joyner,DL,SF,CUT,2026
00-0040487,Treven Ma'ae,DL,LV,CUT,2026
00-0040488,Carter Runyon,TE,LV,RES,2026
00-0040489,Greedy Vance,DB,LV,DEV,2026
00-0040492,Tyler Batty,LB,MIN,RES,2026
00-0040494,Max Brosmer,QB,MIN,DEV,2026
00-0040495,Logan Brown,OL,SEA,DEV,2026
00-0040496,Chaz Chambliss,LB,MIN,ACT,2026
00-0040497,Zeke Correll,OL,PHI,CUT,2026
00-0040498,Dontae Fleming,WR,MIN,RES,2026
00-0040499,Keenan Garber,DB,NYJ,CUT,2026
00-0040500,Joe Huber,OL,MIN,ACT,2026
00-0040503,Dorian Mausi,LB,TEN,RES,2026
00-0040504,Bryson Nesbit,TE,MIN,RES,2026
00-0040506,Myles Price,WR,MIN,ACT,2026
00-0040507,Zemaiah Vaughn,DB,MIN,ACT,2026
00-0040509,Ben Yurosek,TE,MIN,ACT,2026
00-0040512,Brandon Crenshaw-Dickson,OL,TEN,ACT,2026
00-0040517,Cam Horsley,DL,ARI,DEV,2026
00-0040518,Jalen Kimber,DB,CIN,CUT,2026
00-0040522,Xavier Restrepo,WR,TEN,DEV,2026
00-0040526,Tre Stewart,RB,ARI,CUT,2026
00-0040527,Sebastian Castro,DB,PIT,DEV,2026
00-0040528,JJ Galbreath,TE,IND,CUT,2026
00-0040530,Ben Sauls,K,NYG,CUT,2026
00-0040531,Roc Taylor,WR,CAR,CUT,2026
00-0040534,Ke'Shawn Williams,WR,CIN,ACT,2026
00-0040535,Dalys Beanum,DB,NO,CUT,2026
00-0040537,Elliott Davison,DB,NO,CUT,2026
00-0040539,Easton Kilty,OL,NO,DEV,2026
00-0040541,Torricelli Simpkins III,OL,CAR,DEV,2026
00-0040546,Cobee Bryant,DB,ATL,CUT,2026
00-0040547,Nate Carter,RB,KC,DEV,2026
00-0040548,Joshua Gray,OL,MIN,CUT,2026
00-0040550,Dontae Manning,DB,CHI,RES,2026
00-0040551,Nick Nash,WR,WAS,CUT,2026
00-0040552,Joshua Simon,TE,WAS,DEV,2026
00-0040553,Quincy Skinner Jr.,WR,NYJ,CUT,2026
00-0040554,Malik Verdon,LB,ATL,RES,2026
00-0040556,Corey Kiner,RB,NE,ACT,2026
00-0040557,Drew Moss,OL,TEN,DEV,2026
00-0040558,Isaiah Neyor,WR,GB,DEV,2026
00-0040559,Jakob Robinson,DB,SF,DEV,2026
00-0040560,Sebastian Valdez,DL,SF,DEV,2026
00-0040563,Efton Chism III,WR,NE,ACT,2026
00-0040564,Jack Conley,OL,NE,CUT,2026
00-0040565,Brandon Crossley,DB,NE,CUT,2026
00-0040566,CJ Dippre,TE,TB,DEV,2026
00-0040567,Brock Lampe,RB,SEA,CUT,2026
00-0040568,Lan Larison,RB,NE,DEV,2026
00-0040570,Jeremiah Webb,WR,NE,RES,2026
00-0040572,Jahvaree Ritzie,DL,MIN,DEV,2026
00-0040573,Cam Riley,LB,MIA,CUT,2026
00-0040574,Elijah Ponder,LB,NE,ACT,2026
00-0040576,Josh Minkins,DB,ARI,CUT,2026
00-0040577,Jalon Walker,LB,ATL,RES,2026
00-0040578,James Pearce Jr.,LB,ATL,RES,2026
00-0040579,Carson Schwesinger,LB,CLE,ACT,2026
00-0040580,Josaiah Stewart,LB,LA,ACT,2026
00-0040581,Dont'e Thornton Jr.,WR,LV,RES,2026
00-0040582,Arian Smith,WR,NYJ,ACT,2026
00-0040583,Woody Marks,RB,HOU,ACT,2026
00-0040584,Gunnar Helm,TE,TEN,ACT,2026
00-0040585,Ty Hamilton,DL,LA,ACT,2026
00-0040586,Jaydon Blue,RB,PHI,DEV,2026
00-0040587,Drew Kendall,OL,PHI,ACT,2026
00-0040588,Pooh Paul Jr.,LB,SEA,CUT,2026
00-0040589,Kurtis Rourke,QB,SF,ACT,2026
00-0040590,Konata Mumpfield,WR,LA,ACT,2026
00-0040593,Mehki Butler,OL,NE,CUT,2026
00-0040594,Jamil Muhammad,DL,CLE,CUT,2026
00-0040595,Bill Norton,DL,LA,DEV,2026
00-0040597,Brennan Presley,WR,LA,DEV,2026
00-0040598,Mark Redman,TE,GB,ACT,2026
00-0040600,Nate Valcarcel,DB,LA,CUT,2026
00-0040601,Jordan Waters,RB,LA,DEV,2026
00-0040602,Trey Wedig,OL,IND,CUT,2026
00-0040604,Jahfari Harvey,LB,LV,DEV,2026
00-0040609,Tru Edwards,WR,LA,CUT,2026
00-0040611,Wyatt Bowles,OL,LA,CUT,2026
00-0040613,Shaun Dolac,LB,LA,ACT,2026
00-0040616,Kisean Johnson,WR,GB,CUT,2026
00-0040617,Luke Floriea,WR,CLE,CUT,2026
00-0040618,Max Hurleman,WR,PIT,DEV,2026
00-0040621,Montorie Foster Jr,WR,SEA,ACT,2026
00-0040624,Elijah Williams,DL,MIN,ACT,2026
00-0040625,Nick Jackson,LB,TB,CUT,2026
00-0040628,Drake Dabney,TE,GB,DEV,2026
00-0040629,Dalevon Campbell,WR,LAC,RES,2026
00-0040631,Willie Lampkin,OL,PHI,ACT,2026
00-0040633,Kyrese Rowan,WR,DEN,CUT,2026
00-0040634,Jordan Turner,LB,DEN,ACT,2026
00-0040636,Keyon Martin,DB,BAL,ACT,2026
00-0040637,Lucas Scott,RB,BAL,CUT,2026
00-0040639,Grey Zabel,OL,SEA,ACT,2026
00-0040640,Ashton Gillotte,DL,KC,ACT,2026
00-0040641,Darien Porter,DB,LV,ACT,2026
00-0040642,Vernon Broughton,DL,NO,ACT,2026
00-0040643,Jonas Sanker,DB,NO,ACT,2026
00-0040644,Trevor Etienne,RB,CAR,RES,2026
00-0040645,Cody Simon,LB,ARI,ACT,2026
00-0040646,Jalen Royals,WR,KC,ACT,2026
00-0040647,Rylie Mills,DL,SEA,ACT,2026
00-0040648,Tory Horton,WR,SEA,ACT,2026
00-0040649,Robbie Ouzts,RB,SEA,RES,2026
00-0040650,Bryce Cabeldue,OL,SEA,ACT,2026
00-0040651,Damien Martinez,RB,GB,CUT,2026
00-0040652,Mason Richman,OL,SEA,RES,2026
00-0040653,Ricky White III,WR,SEA,DEV,2026
00-0040654,Kai Kroeger,P,HOU,ACT,2026
00-0040655,Keith Cooper Jr.,DL,MIA,ACT,2026
00-0040656,Hunter Dekkers,QB,NO,CUT,2026
00-0040658,Kaimon Rucker,LB,BAL,DEV,2026
00-0040659,Derrick Canteen,DB,TEN,CUT,2026
00-0040660,Mykel Williams,DL,SF,RES,2026
00-0040661,Donovan Jackson,OL,MIN,ACT,2026
00-0040662,Ty Robinson,DL,PHI,ACT,2026
00-0040663,Harold Fannin Jr.,TE,CLE,ACT,2026
00-0040666,Omarion Hampton,RB,LAC,ACT,2026
00-0040667,Matthew Golden,WR,GB,ACT,2026
00-0040668,Shedeur Sanders,QB,CLE,ACT,2026
00-0040669,Isaac TeSlaa,WR,DET,ACT,2026
00-0040670,Nohl Williams,DB,KC,ACT,2026
00-0040672,Tyleik Williams,DL,DET,ACT,2026
00-0040673,Jalen Milroe,QB,SEA,ACT,2026
00-0040674,Keydrain Calligan,DB,TEN,CUT,2026
00-0040676,Cam Ward,QB,TEN,ACT,2026
00-0040677,Abdul Carter,LB,NYG,ACT,2026
00-0040678,Derrick Harmon,DL,PIT,ACT,2026
00-0040679,Sean Fresch,DB,DEN,DEV,2026
00-0040684,Patrick Jenkins,DL,CLE,CUT,2026
00-0040685,Mason Graham,DL,CLE,ACT,2026
00-0040686,Josh Conerly Jr.,OL,WAS,ACT,2026
00-0040687,Cameron Williams,OL,ATL,ACT,2026
00-0040688,Malaki Starks,DB,BAL,ACT,2026
00-0040689,Anthony Campbell,DL,GB,ACT,2026
00-0040691,Jaxson Dart,QB,NYG,ACT,2026
00-0040692,Jarquez Hunter,RB,MIA,DEV,2026
00-0040694,Darius Alexander,DL,NYG,ACT,2026
00-0040697,Thomas Gordon,TE,DET,DEV,2026
00-0040699,Will Campbell,OL,NE,ACT,2026
00-0040702,Mitch Van Vooren,TE,DAL,DEV,2026
00-0040704,Dillon Gabriel,QB,CLE,RES,2026
00-0040705,Chimere Dike,WR,TEN,ACT,2026
00-0040706,Walter Nolen,DL,ARI,ACT,2026
00-0040708,Jihaad Campbell,LB,PHI,ACT,2026
00-0040709,Maxwell Hairston,DB,BUF,ACT,2026
00-0040710,Deone Walker,DL,BUF,ACT,2026
00-0040711,CJ West,DL,SF,ACT,2026
00-0040712,Vershon Lee,OL,ARI,DEV,2026
00-0040715,Cam Skattebo,RB,NYG,ACT,2026
00-0040716,Craig Woodson,DB,NE,ACT,2026
00-0040718,Travis Hunter,WR,JAX,ACT,2026
00-0040719,Bhayshul Tuten,RB,JAX,ACT,2026
00-0040720,Jahdae Barron,DB,DEN,ACT,2026
00-0040721,Alfred Collins,DL,SF,ACT,2026
00-0040722,Mike Green,LB,BAL,ACT,2026
00-0040723,Jack Kiser,LB,JAX,DEV,2026
00-0040724,T.J. Sanders,DL,BUF,ACT,2026
00-0040725,Donovan Ezeiruaku,LB,DAL,ACT,2026
00-0040726,Anthony Belton,OL,GB,ACT,2026
00-0040727,Tre Harris,WR,LAC,ACT,2026
00-0040728,Tate Ratledge,OL,DET,ACT,2026
00-0040729,Jack Bech,WR,LV,ACT,2026
00-0040730,RJ Harvey,RB,DEN,ACT,2026
00-0040731,Trey Amos,DB,WAS,RES,2026
00-0040733,Nick Emmanwori,DB,SEA,ACT,2026
00-0040734,TreVeyon Henderson,RB,NE,ACT,2026
00-0040735,Luther Burden III,WR,CHI,ACT,2026
00-0040736,Mason Taylor,TE,NYJ,ACT,2026
00-0040737,Terrance Ferguson,TE,LA,ACT,2026
00-0040738,Demetrius Knight Jr.,LB,CIN,ACT,2026
00-0040739,Elijah Arroyo,TE,SEA,ACT,2026
00-0040740,Ozzy Trapilo,OL,CHI,ACT,2026
00-0040741,Shemar Turner,DL,CHI,RES,2026
00-0040742,Jonah Savaiinaea,OL,MIA,ACT,2026
00-0040743,Tyler Shough,QB,NO,ACT,2026
00-0040744,Jaylahn Tuimoloau,DL,IND,ACT,2026
00-0040745,Aireontae Ersery,OL,HOU,ACT,2026
00-0040746,Nic Scourton,LB,CAR,RES,2026
00-0040747,Benjamin Morrison,DB,TB,ACT,2026
00-0040748,Omarr Norman-Lott,DL,KC,RES,2026
00-0040749,Andrew Mukuba,DB,PHI,ACT,2026
00-0040751,Will Johnson,DB,ARI,ACT,2026
00-0040752,Oluwafemi Oladejo,LB,TEN,ACT,2026
00-0040753,Will Sheppard,WR,MIA,DEV,2026
00-0040756,Shemar Stewart,DL,CIN,ACT,2026
00-0040761,Ahmed Hassanein,DL,DET,ACT,2026
00-0040762,Laki Tasi,DL,TEN,DEV,2026
00-0040763,Mapalo Mwansa,LB,CAR,DEV,2026
00-0040764,Federico Maranges,OL,SEA,DEV,2026
00-0040765,Valentin Senn,OL,ARI,DEV,2026
00-0040769,Jaden Smith,WR,DAL,CUT,2026
00-0040782,Isaiah Bond,WR,CLE,ACT,2026
00-0040784,Quinshon Judkins,RB,CLE,ACT,2026
00-0040785,Dohnte Meyers,WR,CIN,ACT,2026
00-0040786,Jacob Roberts,LB,MIN,RES,2026
00-0040787,Devin Veresuk,LB,IND,CUT,2026
00-0040790,Rob Carter Jr.,DB,IND,DEV,2026
00-0040792,Layne Pryor,TE,HOU,CUT,2026
00-0040793,Paschal Ekeji,LB,NYJ,DEV,2026
00-0040808,Jaheim Thomas,LB,MIA,CUT,2026
00-0040853,Carson Towt,TE,IND,RES,2026
00-0040864,Jeffrey M'ba,DL,WAS,DEV,2026
00-0040865,Caleb Downs,DB,DAL,ACT,2026
00-0040866,Olaivavega Ioane,OL,BAL,ACT,2026
00-0040867,Makai Lemon,WR,PHI,ACT,2026
00-0040868,Treydan Stukes,DB,LV,ACT,2026
00-0040869,Chris McClellan,DL,GB,ACT,2026
00-0040870,Ja'Kobi Lane,WR,BAL,ACT,2026
00-0040871,Trey Zuhn III,OL,LV,ACT,2026
00-0040872,Jaishawn Barham,LB,DAL,ACT,2026
00-0040873,Julian Neal,DB,SEA,ACT,2026
00-0040874,Drew Shelton,OL,DAL,ACT,2026
00-0040875,Devin Moore,DB,DAL,RES,2026
00-0040876,Elijah Sarratt,WR,BAL,ACT,2026
00-0040877,Dani Dennis-Sutton,LB,GB,ACT,2026
00-0040878,Mike Washington Jr.,RB,LV,ACT,2026
00-0040879,Matthew Hibner,TE,BAL,ACT,2026
00-0040880,LT Overton,DL,DAL,ACT,2026
00-0040881,Fernando Carmona,OL,TEN,ACT,2026
00-0040882,Beau Stephens,OL,SEA,ACT,2026
00-0040883,Dalton Johnson,DB,LV,ACT,2026
00-0040884,Jager Burton,OL,GB,ACT,2026
00-0040885,Chandler Rivers,DB,BAL,ACT,2026
00-0040886,Nicholas Singleton,RB,TEN,ACT,2026
00-0040887,Josh Cuevas,TE,BAL,ACT,2026
00-0040888,Adam Randall,RB,BAL,RES,2026
00-0040889,Hezekiah Masses,DB,LV,ACT,2026
00-0040890,Cyrus Allen,WR,KC,ACT,2026
00-0040891,Cole Payton,QB,PHI,ACT,2026
00-0040892,Jackie Marshall,DL,TEN,ACT,2026
00-0040893,Pat Coogan,OL,TEN,ACT,2026
00-0040894,Malik Benson,WR,LV,ACT,2026
00-0040895,Emmanuel Henderson Jr.,WR,SEA,DEV,2026
00-0040896,Domani Jackson,DB,GB,DEV,2026
00-0040897,Micah Morris,OL,PHI,ACT,2026
00-0040898,Ryan Eckley,P,BAL,ACT,2026
00-0040899,Trey Smack,K,GB,ACT,2026
00-0040900,Anthony Smith,WR,DAL,DEV,2026
00-0040901,Jaren Kanak,TE,TEN,RES,2026
00-0040902,Brandon Cleveland,DL,LV,DEV,2026
00-0040903,Andre Fuller,DB,SEA,DEV,2026
00-0040904,Deven Eastern,DL,SEA,DEV,2026
00-0040905,Cole Wisniewski,DB,PHI,DEV,2026
00-0040906,Garrett Nussmeier,QB,KC,ACT,2026
00-0040907,Rayshaun Benny,DL,BAL,DEV,2026
00-0040908,Keyshawn James-Newby,LB,PHI,DEV,2026
00-0040909,Evan Beerntsen,OL,BAL,CUT,2026
00-0040910,Michael Dansby,DB,SEA,DEV,2026
00-0040912,Hank Beatty,WR,TEN,CUT,2026
00-0040914,Bishop Fitzgerald,DB,PIT,DEV,2026
00-0040917,Jalen McMurray,DB,TEN,DEV,2026
00-0040918,Rasheed Miller,OL,TEN,DEV,2026
00-0040919,Tyren Montgomery,WR,TEN,DEV,2026
00-0040920,Mani Powell,LB,TEN,CUT,2026
00-0040921,Aamil Wagner,OL,TEN,CUT,2026
00-0040922,Deontae Lawson,LB,PHI,CUT,2026
00-0040923,Maximus Pulley,DB,PHI,DEV,2026
00-0040924,Jaeden Roberts,OL,ATL,CUT,2026
00-0040925,Rocco Underwood,LS,PHI,ACT,2026
00-0040926,Joshua Weru,LB,PHI,DEV,2026
00-0040928,Kapena Gushiken,DB,IND,ACT,2026
00-0040929,Tucker Large,DB,PHI,RES,2026
00-0040930,Camden Brown,WR,DAL,ACT,2026
00-0040931,Tommy Dunn,DL,DAL,DEV,2026
00-0040933,Kelvin Gilliam,DL,DAL,RES,2026
00-0040934,Jordan Hudson,WR,DAL,DEV,2026
00-0040935,Langston Patterson,LB,DAL,CUT,2026
00-0040936,Shiyazh Pete,OL,DAL,CUT,2026
00-0040937,Dominic Richardson,RB,NYJ,RES,2026
00-0040938,DJ Rogers,TE,DAL,RES,2026
00-0040939,Michael Trigg,TE,DAL,DEV,2026
00-0040940,DJ Withers,DL,DAL,CUT,2026
00-0040941,Dylan Barrett,OL,GB,CUT,2026
00-0040943,Josh Gesky,OL,GB,DEV,2026
00-0040944,Nyjalik Kelly,LB,GB,DEV,2026
00-0040946,Jaden Nixon,RB,GB,CUT,2026
00-0040947,TJ Quinn,LB,GB,CUT,2026
00-0040948,J. Michael Sturdivant,WR,GB,ACT,2026
00-0040949,Dillon Wade,OL,GB,DEV,2026
00-0040950,Vincent Anthony Jr.,DL,SF,DEV,2026
00-0040951,Wesley Bissainthe,LB,KC,CUT,2026
00-0040952,Cole Brevard,DL,KC,CUT,2026
00-0040953,Jeff Caldwell,WR,KC,RES,2026
00-0040954,Omari Evans,WR,KC,DEV,2026
00-0040955,John Michael Gyllenborg,TE,KC,RES,2026
00-0040956,Amari McNeill,DL,KC,CUT,2026
00-0040957,Xavier Nwankpa,DB,KC,ACT,2026
00-0040958,Pete Nygra,OL,KC,DEV,2026
00-0040959,Jaydn Ott,RB,KC,DEV,2026
00-0040960,Damon Payne,DL,KC,CUT,2026
00-0040961,D'Arco Perkins-McAllister,DB,KC,DEV,2026
00-0040962,Bryce Phillips,DB,MIN,DEV,2026
00-0040963,DeShon Singleton,DB,KC,DEV,2026
00-0040964,EJ Smith,RB,KC,RES,2026
00-0040965,Josh Thompson,OL,ATL,DEV,2026
00-0040966,Zelmar Vedder,DB,KC,CUT,2026
00-0040967,Jacob De Jesus,WR,KC,CUT,2026
00-0040968,Murvin Kenion,DB,GB,DEV,2026
00-0040969,Ethan Hurkett,DL,KC,CUT,2026
00-0040970,Michael Briscoe,WR,MIN,DEV,2026
00-0040971,Devean Deal,LB,LA,CUT,2026
00-0040972,Aidan Hubbard,LB,SEA,DEV,2026
00-0040973,Marvin Jones Jr.,LB,SEA,DEV,2026
00-0040974,Lance Mason,TE,PIT,CUT,2026
00-0040975,Uso Seumalo,DL,SEA,DEV,2026
00-0040976,Levi Wentz,WR,PIT,CUT,2026
00-0040977,Cortez Braham,WR,BAL,CUT,2026
00-0040978,Ethan Burke,LB,BAL,ACT,2026
00-0040979,Nick Dawkins,OL,BAL,DEV,2026
00-0040980,Dominic DeLuca,LB,BAL,DEV,2026
00-0040981,Joe Fagnano,QB,BAL,ACT,2026
00-0040982,Aaron Graves,DL,BAL,CUT,2026
00-0040983,Matthew McDoom,DB,CIN,CUT,2026
00-0040984,Dontae McMillan,RB,BAL,CUT,2026
00-0040986,Ty Pezza,WR,BAL,DEV,2026
00-0040987,Diego Pounds,OL,KC,ACT,2026
00-0040988,Jahquez Robinson,DB,BAL,RES,2026
00-0040989,Octavian Smith,WR,BAL,CUT,2026
00-0040991,Elijah Tau-Tolliver,RB,BAL,CUT,2026
00-0040992,Silas Walters,DB,TB,DEV,2026
00-0040993,Ladarius Webb Jr.,DB,BAL,CUT,2026
00-0040995,Dion Wilson,DL,BAL,CUT,2026
00-0040996,Jacob Clark,QB,LV,CUT,2026
00-0040997,Tyler Duzansky,LS,LV,CUT,2026
00-0040998,Roman Hemby,RB,LV,DEV,2026
00-0040999,Isaiah Jatta,OL,LV,CUT,2026
00-0041000,Devin Lafayette,DB,LV,DEV,2026
00-0041001,Matt Lauter,TE,MIN,CUT,2026
00-0041002,Caleb Offord,DB,LV,CUT,2026
00-0041003,Justin Pickett,OL,LV,RES,2026
00-0041004,Chase Roberts,WR,LV,RES,2026
00-0041005,Corey Rucker,WR,LV,RES,2026
00-0041006,Cian Slone,LB,LV,DEV,2026
00-0041007,Gary Smith III,DL,LV,DEV,2026
00-0041008,Xavian Sorey Jr.,LB,LV,CUT,2026
00-0041010,Tanner Wall,DB,NYJ,CUT,2026
00-0041011,E.J. Williams Jr.,WR,LV,CUT,2026
00-0041012,Anthony Dunn,DL,NYJ,CUT,2026
00-0041013,Emmett Johnson,RB,KC,ACT,2026
00-0041014,Niklas Henning,OL,LV,DEV,2026
00-0041016,Patrick Gurd,TE,LV,CUT,2026
00-0041017,Kamar Missouri,OL,LV,DEV,2026
00-0041018,Devyn Perkins,DB,LV,CUT,2026
00-0041019,Kahlil Benson,OL,KC,ACT,2026
00-0041020,Xavier Loyd,WR,KC,CUT,2026
00-0041021,Marlen Sewell,DB,CHI,DEV,2026
00-0041026,David Bailey,LB,NYJ,ACT,2026
00-0041027,Jeremiyah Love,RB,ARI,ACT,2026
00-0041028,Sonny Styles,LB,WAS,ACT,2026
00-0041029,Jordyn Tyson,WR,NO,RES,2026
00-0041030,Spencer Fano,OL,CLE,ACT,2026
00-0041031,Rueben Bain Jr.,LB,TB,ACT,2026
00-0041032,Kenyon Sadiq,TE,NYJ,ACT,2026
00-0041033,Caleb Banks,DL,MIN,ACT,2026
00-0041034,Monroe Freeling,OL,CAR,ACT,2026
00-0041035,De'Zhaun Stribling,WR,SF,ACT,2026
00-0041036,TJ Parker,LB,BUF,ACT,2026
00-0041037,Denzel Boston,WR,CLE,ACT,2026
00-0041038,D'Angelo Ponds,DB,NYJ,ACT,2026
00-0041039,CJ Allen,LB,IND,ACT,2026
00-0041040,Antonio Williams,WR,WAS,ACT,2026
00-0041041,Oscar Delp,TE,NO,ACT,2026
00-0041042,Malachi Fields,WR,NYG,ACT,2026
00-0041043,A.J. Haulcy,DB,IND,ACT,2026
00-0041044,Zachariah Branch,WR,ATL,ACT,2026
00-0041045,Albert Regis,DL,JAX,ACT,2026
00-0041046,Domonique Orange,DL,MIN,ACT,2026
00-0041047,Chris Brazzell II,WR,CAR,RES,2026
00-0041048,Ted Hurst III,WR,TB,ACT,2026
00-0041049,Austin Barber,OL,CLE,ACT,2026
00-0041050,Emmanuel Pregnon,OL,JAX,ACT,2026
00-0041051,Zavion Thomas,WR,CHI,ACT,2026
00-0041052,Kaelon Black,RB,SF,ACT,2026
00-0041053,Caleb Tiernan,OL,MIN,ACT,2026
00-0041054,Jakobe Thomas,DB,MIN,ACT,2026
00-0041055,Jalen Huskey,DB,JAX,ACT,2026
00-0041056,Cade Klubnik,QB,NYJ,ACT,2026
00-0041057,Keionte Scott,DB,TB,ACT,2026
00-0041058,Travis Burke,OL,LAC,ACT,2026
00-0041059,Wesley Williams,DL,JAX,ACT,2026
00-0041060,Malik Muhammad,DB,CHI,ACT,2026
00-0041061,Carver Willis,OL,SF,ACT,2026
00-0041062,Connor Lew,OL,CIN,ACT,2026
00-0041063,Will Lee III,DB,CAR,ACT,2026
00-0041064,Genesis Smith,DB,LAC,ACT,2026
00-0041065,Jeremiah Wright,OL,NO,ACT,2026
00-0041066,Kendal Daniels,LB,ATL,ACT,2026
00-0041067,Bryce Lance,WR,NO,ACT,2026
00-0041068,Ephesians Prysock,DB,SF,ACT,2026
00-0041069,Colbie Young,WR,CIN,ACT,2026
00-0041070,Reggie Virgil,WR,ARI,ACT,2026
00-0041071,Sam Hecht,OL,CAR,ACT,2026
00-0041072,Nick Barrett,DL,LAC,ACT,2026
00-0041073,Parker Brailsford,OL,CLE,ACT,2026
00-0041074,Joshua Josephs,LB,WAS,ACT,2026
00-0041075,Justin Jefferson,LB,CLE,ACT,2026
00-0041076,Zakee Wheatley,DB,CAR,ACT,2026
00-0041077,Justin Joly,TE,MIA,ACT,2026
00-0041078,Jaden Dugger,LB,SF,ACT,2026
00-0041079,DeMonte Capehart,DL,TB,ACT,2026
00-0041080,George Gumbs Jr.,DL,IND,ACT,2026
00-0041081,Max Bredeson,RB,MIN,ACT,2026
00-0041082,Billy Schrauth,OL,TB,ACT,2026
00-0041083,Charles Demmings,DB,MIN,ACT,2026
00-0041084,Tanner Koziol,TE,JAX,ACT,2026
00-0041085,Keyshaun Elliott,LB,CHI,ACT,2026
00-0041086,Jalon Kilgore,DB,BUF,ACT,2026
00-0041087,Joe Royer,TE,CLE,RES,2026
00-0041088,Karon Prunty,DB,NE,ACT,2026
00-0041089,Lorenzo Styles Jr.,DB,NO,RES,2026
00-0041090,Enrique Cruz,OL,SF,ACT,2026
00-0041091,Zane Durant,DL,BUF,RES,2026
00-0041092,Taylen Green,QB,CLE,ACT,2026
00-0041093,Karson Sharar,LB,ARI,ACT,2026
00-0041094,Bauer Sharp,TE,TB,ACT,2026
00-0041095,Bobby Jamison-Travis,DL,NYG,ACT,2026
00-0041096,Kaytron Allen,RB,WAS,ACT,2026
00-0041097,Anez Cooper,OL,NYJ,RES,2026
00-0041098,Brian Parker II,OL,CIN,RES,2026
00-0041099,Barion Brown,WR,NO,ACT,2026
00-0041100,Josh Cameron,WR,JAX,ACT,2026
00-0041101,J.C. Davis,OL,NYG,ACT,2026
00-0041102,Jack Kelly,LB,NYG,ACT,2026
00-0041103,Dametrious Crownover,OL,NE,ACT,2026
00-0041104,Demond Claiborne,RB,MIN,ACT,2026
00-0041105,Logan Taylor,OL,LAC,ACT,2026
00-0041106,C.J. Williams,WR,JAX,ACT,2026
00-0041107,Alex Harkey,OL,LAC,ACT,2026
00-0041108,Matt Gulbin,OL,WAS,ACT,2026
00-0041109,Namdi Obiazor,LB,NE,ACT,2026
00-0041110,Jordan van den Berg,DL,CHI,ACT,2026
00-0041111,Caden Curry,DL,IND,ACT,2026
00-0041112,Harold Perkins Jr.,LB,ATL,ACT,2026
00-0041113,Jayden Williams,OL,ARI,ACT,2026
00-0041114,TJ Hall,DB,NO,DEV,2026
00-0041115,Toriano Pride Jr.,DB,CLE,ACT,2026
00-0041116,Jack Endries,TE,CIN,ACT,2026
00-0041117,Athan Kaliakmanis,QB,WAS,ACT,2026
00-0041118,Landon Robinson,DL,CIN,ACT,2026
00-0041119,Jackson Kuwatch,LB,CAR,ACT,2026
00-0041120,VJ Payne,DB,NYJ,RES,2026
00-0041121,Ethan Onianwa,OL,ATL,ACT,2026
00-0041122,Zach Durfee,DL,JAX,RES,2026
00-0041123,Behren Morton,QB,NE,ACT,2026
00-0041124,Gavin Gerhardt,OL,MIN,CUT,2026
00-0041125,Seth McGowan,RB,IND,ACT,2026
00-0041126,Tommy Doman Jr.,P,BUF,ACT,2026
00-0041127,Parker Hughes,LB,JAX,RES,2026
00-0041128,Ar'maj Reed-Adams,OL,BUF,ACT,2026
00-0041129,Jam Miller,RB,NE,CUT,2026
00-0041130,Miles Scott,DB,DEN,DEV,2026
00-0041131,Carsen Ryan,TE,CLE,ACT,2026
00-0041132,Deion Burks,WR,IND,ACT,2026
00-0041133,Dallen Bentley,TE,DEN,ACT,2026
00-0041134,Red Murdock,LB,DEN,DEV,2026
00-0041136,Rene Konga,DL,MIA,RES,2026
00-0041137,Kevin Cline,OL,MIA,CUT,2026
00-0041138,Albert Reese,OL,CAR,ACT,2026
00-0041139,Damon Bankston,RB,NYG,CUT,2026
00-0041140,Anquin Barnes Jr.,DL,NYG,CUT,2026
00-0041141,Ben Barten,DL,NYG,DEV,2026
00-0041142,Thaddeus Dixon,DB,NYG,RES,2026
00-0041143,Ben Mann,LS,NYG,ACT,2026
00-0041144,Ryan Schernecke,OL,NYG,DEV,2026
00-0041145,Dominic Zvada,K,NYG,ACT,2026
00-0041146,Isaia Glass,OL,CAR,DEV,2026
00-0041147,Jaylon Guilbeau,DB,PIT,CUT,2026
00-0041148,Aaron Hall,DL,CAR,ACT,2026
00-0041149,Haynes King,QB,CAR,ACT,2026
00-0041150,Cam Miller,DB,CAR,CUT,2026
00-0041151,Parker Petersen,DL,CAR,DEV,2026
00-0041152,Kobe Prentice,WR,NYG,CUT,2026
00-0041153,Devonta Smith,DB,CAR,DEV,2026
00-0041154,Isaiah Smith,LB,CAR,CUT,2026
00-0041156,Mark Gronowski,QB,MIA,CUT,2026
00-0041158,Donaven McCulley,WR,MIA,CUT,2026
00-0041159,Rodney McGraw,DL,MIA,DEV,2026
00-0041160,Louis Moore,DB,MIA,CUT,2026
00-0041161,Le'Veon Moss,RB,MIA,RET,2026
00-0041162,Mason Reiger,LB,PHI,DEV,2026
00-0041163,Kahlil Saunders,DL,NO,CUT,2026
00-0041164,Caden Barnett,OL,CHI,DEV,2026
00-0041165,Coleman Bennett,RB,MIA,CUT,2026
00-0041167,Beau Gardner,LS,CHI,ACT,2026
00-0041168,Omari Kelly,WR,CHI,CUT,2026
00-0041169,Jaren Kump,OL,CHI,CUT,2026
00-0041170,Hayden Large,TE,CHI,RES,2026
00-0041171,Jayden Loving,DL,CHI,ACT,2026
00-0041172,Miller Moss,QB,CHI,CUT,2026
00-0041173,Mason Murphy,OL,NO,ACT,2026
00-0041175,Skyler Thomas,DB,CHI,ACT,2026
00-0041176,Jaden Bradley,WR,WAS,DEV,2026
00-0041177,Fred Davis,DB,WAS,DEV,2026
00-0041178,Robert Henry Jr.,RB,WAS,DEV,2026
00-0041179,Chris Hilton Jr.,WR,GB,DEV,2026
00-0041180,Quentin Moore,TE,WAS,RES,2026
00-0041181,Malik Spencer,DB,WAS,RES,2026
00-0041182,Drew Stevens,K,WAS,ACT,2026
00-0041183,Tanoa Togiai,OL,WAS,ACT,2026
00-0041184,Carlos Allen Jr.,DL,ATL,DEV,2026
00-0041185,Vinny Anthony II,WR,ATL,DEV,2026
00-0041186,James Brockermeyer,OL,ATL,DEV,2026
00-0041188,Malcolm DeWalt IV,DB,ATL,ACT,2026
00-0041191,Cash Jones,RB,ATL,DEV,2026
00-0041192,Riley Mahlman,OL,ATL,DEV,2026
00-0041194,Jack Strand,QB,ATL,ACT,2026
00-0041195,Jack Velling,TE,ATL,DEV,2026
00-0041196,Mory Bamba,DB,NYJ,DEV,2026
00-0041199,Caullin Lacy,WR,NYJ,CUT,2026
00-0041203,Joey Aguilar,QB,JAX,DEV,2026
00-0041204,T.J. Bollers,DL,JAX,DEV,2026
00-0041205,Brady Boyd,WR,JAX,CUT,2026
00-0041206,Alex Bullock,WR,JAX,RET,2026
00-0041207,Ethan Conner,TE,MIA,CUT,2026
00-0041208,Garrett DiGiorgio,OL,JAX,RES,2026
00-0041209,Quindarius Dunnigan,DL,JAX,CUT,2026
00-0041210,Preston Hodge,DB,JAX,CUT,2026
00-0041211,Jalen Hunt,DL,NE,DEV,2026
00-0041213,Devin Neal,DB,JAX,CUT,2026
00-0041214,Jimto Obidegwu,OL,JAX,CUT,2026
00-0041215,Ben Patterson,WR,CLE,CUT,2026
00-0041216,Trebor Pena,WR,JAX,DEV,2026
00-0041217,J'Mari Taylor,RB,JAX,DEV,2026
00-0041218,Bryan Thomas Jr.,DL,JAX,ACT,2026
00-0041219,Jordan White,OL,JAX,RET,2026
00-0041220,Michael Wortham,WR,JAX,DEV,2026
00-0041223,Theron Gaines,LB,BUF,CUT,2026
00-0041224,Da'Metrius Weatherspoon,OL,BUF,CUT,2026
00-0041225,Cameron Ball,DL,IND,DEV,2026
00-0041226,Austin Brown,DB,IND,CUT,2026
00-0041227,Tahj Chambers,LB,IND,ACT,2026
00-0041228,Sahmir Hagans,WR,IND,CUT,2026
00-0041230,Mitchell Melton,DL,IND,DEV,2026
00-0041232,Nolan Rucci,OL,IND,DEV,2026
00-0041233,Raylen Sharpe,WR,IND,CUT,2026
00-0041234,Geno VanDeMark,OL,NYG,DEV,2026
00-0041236,West Weeks,LB,IND,DEV,2026
00-0041237,Chase Curtis,TE,NYJ,CUT,2026
00-0041238,Xavier Hill,OL,NYJ,CUT,2026
00-0041239,Chip Trayanum,RB,NYJ,RES,2026
00-0041240,Liam Brown,OL,CIN,CUT,2026
00-0041241,Kentrel Bullock,RB,CIN,DEV,2026
00-0041242,Jack Dingle,LB,CIN,CUT,2026
00-0041243,Eric Gentry,LB,CIN,CUT,2026
00-0041244,Jamal Haynes,RB,CIN,CUT,2026
00-0041245,Christian Jones,OL,CIN,CUT,2026
00-0041246,Josh Kattus,TE,CIN,CUT,2026
00-0041247,Corey Robinson II,OL,CIN,CUT,2026
00-0041248,Noah Thomas,WR,CIN,DEV,2026
00-0041249,Ceyair Wright,DB,CIN,CUT,2026
00-0041251,Jalon Daniels,QB,TB,ACT,2026
00-0041252,Kenny Fletcher Jr.,TE,TB,CUT,2026
00-0041253,Ayden Garnes,DB,TB,ACT,2026
00-0041254,Josiah Green,DL,TB,CUT,2026
00-0041255,Henry Lutovsky,OL,TB,DEV,2026
00-0041256,Jack Pyburn,LB,KC,ACT,2026
00-0041257,Eric Rivers Jr.,WR,TB,DEV,2026
00-0041259,Devan Boykin,DB,PIT,CUT,2026
00-0041261,Kevin Jobity Jr.,DL,PIT,ACT,2026
00-0041263,Lake McRee,TE,PIT,DEV,2026
00-0041265,Squirrel White,WR,CHI,RET,2026
00-0041266,Keelan Marion,WR,ATL,CUT,2026
00-0041267,Malik McClain,WR,NYJ,DEV,2026
00-0041268,Cade Denhoff,LB,BUF,CUT,2026
00-0041269,Jordan Dunbar,DB,BUF,CUT,2026
00-0041270,Bruno Fina,OL,BUF,CUT,2026
00-0041272,Ja'Mori Maclin,WR,BUF,DEV,2026
00-0041274,Max Tomczak,WR,BUF,CUT,2026
00-0041275,Kani Walker,DB,BUF,DEV,2026
00-0041276,Kam Dewberry,OL,ATL,DEV,2026
00-0041277,Davon Booth,RB,IND,DEV,2026
00-0041278,Nate Evans,DB,CLE,CUT,2026
00-0041279,Logan Fano,DL,CLE,DEV,2026
00-0041282,Izavion Miller,OL,CLE,CUT,2026
00-0041283,DeCarlos Nicholson,DB,CAR,CUT,2026
00-0041284,Wes Pahl,P,CLE,DEV,2026
00-0041285,Khordae Sydnor,DL,CLE,DEV,2026
00-0041286,Zion Washington,DB,CLE,DEV,2026
00-0041287,Kole Wilson,WR,CLE,DEV,2026
00-0041288,Tyreak Sapp,DL,CLE,DEV,2026
00-0041289,Brent Austin,DB,DEN,DEV,2026
00-0041290,Luke Basso,LS,DEN,DEV,2026
00-0041292,Kolbe Katsis,WR,DEN,DEV,2026
00-0041293,Dane Key,WR,DEN,DEV,2026
00-0041294,Joseph Manjack,WR,DEN,CUT,2026
00-0041295,Dasan McCullough,LB,DEN,CUT,2026
00-0041296,Tyler Miller,OL,DEN,DEV,2026
00-0041297,Gavin Ortega,OL,DEN,DEV,2026
00-0041298,Parker Robertson,DB,DEN,CUT,2026
00-0041299,Cameron Ross,WR,DEN,CUT,2026
00-0041300,William Wright,DB,CHI,CUT,2026
00-0041301,Taurean York,LB,DEN,CUT,2026
00-0041302,Dominic Bailey,DL,HOU,DEV,2026
00-0041303,Sam Hagen,OL,HOU,RES,2026
00-0041304,Stephen Hall,DB,HOU,CUT,2026
00-0041305,Sabastian Harsh,DL,HOU,ACT,2026
00-0041306,James Neal III,OL,HOU,DEV,2026
00-0041308,Treyvhon Saunders,WR,HOU,CUT,2026
00-0041309,Daniel Sobkowicz,WR,HOU,DEV,2026
00-0041312,Noah Whittington,RB,HOU,DEV,2026
00-0041313,Collin Wright,DB,HOU,ACT,2026
00-0041314,Tanner Arkin,TE,NE,ACT,2026
00-0041315,David Blay Jr.,DL,PHI,CUT,2026
00-0041316,Channing Canada,DB,NE,ACT,2026
00-0041317,Nick DeGennaro,WR,NE,CUT,2026
00-0041318,Kyle Dixon,WR,NE,DEV,2026
00-0041319,Cameron Dorner,WR,NE,DEV,2026
00-0041320,Kenneth Harris,DB,IND,DEV,2026
00-0041321,Khalil Jacobs,LB,NE,RES,2026
00-0041322,Jimmy Kibble,WR,NE,CUT,2026
00-0041323,Myles Montgomery,RB,NE,RES,2026
00-0041324,JonDarius Morgan,OL,NE,CUT,2026
00-0041325,Jacob Rizy,OL,NE,DEV,2026
00-0041326,CJ Donaldson,RB,NO,DEV,2026
00-0041327,Cody Hardy,TE,NO,CUT,2026
00-0041329,Michael Heldman,LB,NO,RES,2026
00-0041330,Alan Herron,OL,NO,DEV,2026
00-0041332,Jeremiah McClendon,DB,CLE,CUT,2026
00-0041335,Jay'Viar Suggs,DL,NO,DEV,2026
00-0041336,Alex Wollschlaeger,OL,NO,DEV,2026
00-0041338,Caden Fordham,LB,TB,CUT,2026
00-0041339,Deshawn McKnight,DL,TB,RES,2026
00-0041340,Marcus Allen,DB,MIN,RES,2026
00-0041341,Da'Veawn Armstead,DB,MIN,DEV,2026
00-0041342,Dillon Bell,WR,MIN,DEV,2026
00-0041344,Tyreek Chappell,DB,MIN,RES,2026
00-0041348,Tristan Leigh,OL,MIN,CUT,2026
00-0041349,Delby Lemieux,OL,MIN,CUT,2026
00-0041351,Tomas Rimac,OL,MIN,CUT,2026
00-0041352,Marcus Sanders Jr.,WR,MIN,CUT,2026
00-0041353,Cam'Ron Stewart,LB,MIN,CUT,2026
00-0041354,Jacob Thomas,DB,MIN,ACT,2026
00-0041355,Arden Walker,LB,GB,CUT,2026
00-0041357,Khalil Dinkins,TE,SF,DEV,2026
00-0041358,Bryson Eason,DL,KC,ACT,2026
00-0041359,Wesley Grimes,WR,SF,DEV,2026
00-0041360,Mikail Kamara,DL,SF,RES,2026
00-0041361,Will Pauling,WR,SF,DEV,2026
00-0041362,Jalen Stroman,DB,SF,DEV,2026
00-0041363,James Thompson Jr.,DL,SF,ACT,2026
00-0041364,Elijah Culp,DB,ARI,CUT,2026
00-0041365,Ka'ena Decambra,OL,HOU,DEV,2026
00-0041366,Jameson Geers,TE,ARI,RES,2026
00-0041367,Cam Robertson,LB,ARI,DEV,2026
00-0041368,Harrison Wallace III,WR,ARI,DEV,2026
00-0041369,Damonic Williams,DL,ARI,DEV,2026
00-0041370,Wydett Williams Jr.,DB,ARI,ACT,2026
00-0041371,Noah Avinger,DB,LAC,CUT,2026
00-0041372,Lander Barton,LB,LAC,DEV,2026
00-0041373,Jerand Bradley,WR,LAC,CUT,2026
00-0041374,Sincere Brown,WR,LAC,RES,2026
00-0041375,Jahmeer Carter,DL,LAC,CUT,2026
00-0041376,Gregory Desrosiers,RB,LAC,DEV,2026
00-0041377,Devin Grant,DB,LAC,CUT,2026
00-0041378,Jacobian Guillory,DL,LAC,CUT,2026
00-0041379,Niles King,DL,KC,CUT,2026
00-0041380,Devonte Ross,WR,LAC,CUT,2026
00-0041381,Rodney Shelley,DB,LAC,ACT,2026
00-0041382,Avery Smith,DB,SEA,ACT,2026
00-0041383,Jacob Spomer,OL,LAC,ACT,2026
00-0041384,Evan Svoboda,TE,LAC,DEV,2026
00-0041385,Nadame Tucker,DL,LAC,DEV,2026
00-0041386,Terry Webb,DL,LAC,DEV,2026
00-0041387,Isaiah World,OL,LAC,RES,2026
00-0041390,Christen Miller,DL,NO,ACT,2026
00-0041391,Davison Igbinosun,DB,BUF,ACT,2026
00-0041392,Jake Slaughter,OL,LAC,ACT,2026
00-0041393,Daylen Everette,DB,PIT,ACT,2026
00-0041394,Keagen Trost,OL,LA,RES,2026
00-0041395,Eli Raridon,TE,NE,ACT,2026
00-0041396,Gennings Dunker,OL,PIT,ACT,2026
00-0041397,Kaden Wetjen,WR,PIT,ACT,2026
00-0041398,Riley Nowakowski,TE,PIT,ACT,2026
00-0041399,CJ Daniels,WR,LA,ACT,2026
00-0041400,Gabe Rubio,DL,PIT,ACT,2026
00-0041401,Robert Spears-Jennings,DB,PIT,ACT,2026
00-0041402,Quintayvious Hutchins,LB,NE,ACT,2026
00-0041403,Rohan Jones,TE,LA,CUT,2026
00-0041404,Wesley Bailey,LB,LA,ACT,2026
00-0041405,Peter Manuma,DB,NE,CUT,2026
00-0041406,Larry Worth,DB,SF,CUT,2026
00-0041408,Wayne Matthews II,LB,CHI,DEV,2026
00-0041409,Daveren Rayner,LB,ATL,CUT,2026
00-0041410,Jaden Keller,LB,NYJ,DEV,2026
00-0041411,Michael Coats Jr.,DB,CLE,CUT,2026
00-0041412,Xavier Holmes,LB,NE,CUT,2026
00-0041413,Nick Andersen,DB,LA,DEV,2026
00-0041414,Matthew Caldwell,QB,LA,RES,2026
00-0041415,Dean Connors,RB,LA,DEV,2026
00-0041416,Nyzier Fourqurean,DB,LA,DEV,2026
00-0041417,"Al'zillion ""AZ"" Hamilton",DB,LA,CUT,2026
00-0041418,Bryce Henderson,OL,LA,CUT,2026
00-0041419,Nikhai Hill-Green,LB,LA,CUT,2026
00-0041421,Darryl Peterson III,LB,LA,DEV,2026
00-0041422,Dan Villari,TE,LA,DEV,2026
00-0041423,Payton Zdroik,DL,LA,CUT,2026
00-0041424,Javin Wright,LB,TB,DEV,2026
00-0041425,Austin Blaske,OL,LA,DEV,2026
00-0041428,Jaxson Moi,DL,LA,CUT,2026
00-0041429,Eddie Walls III,LB,LA,RES,2026
00-0041430,Greg Crippen,OL,PIT,CUT,2026
00-0041431,Bangally Kamara,LB,MIN,DEV,2026
00-0041432,Smith Vilbert,DL,MIN,CUT,2026
00-0041434,Yasir Holmes,LB,TB,DEV,2026
00-0041435,Dean Patterson IV,WR,TB,DEV,2026
00-0041436,DJ Herman,RB,MIA,ACT,2026
00-0041437,DJ Wingfield,OL,DAL,CUT,2026
00-0041438,Carnell Tate,WR,TEN,ACT,2026
00-0041439,Blake Miller,OL,DET,ACT,2026
00-0041440,Kayden McDonald,DL,HOU,ACT,2026
00-0041441,Derrick Moore,LB,DET,ACT,2026
00-0041442,Jimmy Rolder,LB,DET,ACT,2026
00-0041443,Skyler Bell,WR,BUF,ACT,2026
00-0041444,Kaleb Elarms-Orr,LB,BUF,ACT,2026
00-0041445,Keith Abney II,DB,DET,ACT,2026
00-0041446,Kendrick Law,WR,DET,RES,2026
00-0041447,Skyler Gill-Howard,DL,DET,ACT,2026
00-0041448,Tyre West,DL,DET,DEV,2026
00-0041449,Aiden Fisher,LB,HOU,ACT,2026
00-0041451,Brock Rechsteiner,WR,NO,RES,2026
00-0041452,Johnny Pascuzzi,TE,LAC,CUT,2026
00-0041453,Luke Altmyer,QB,DET,DEV,2026
00-0041454,Aamaris Brown,DB,DET,DEV,2026
00-0041455,Erick Hunter,LB,NE,ACT,2026
00-0041458,Anthony Lucas,DL,DET,DEV,2026
00-0041459,Eric O'Neill,DL,DET,ACT,2026
00-0041460,Melvin Priestly,OL,DET,CUT,2026
00-0041462,Colton Hood,DB,NYG,ACT,2026
00-0041463,Bud Clark,DB,SEA,RES,2026
00-0041464,Tacario Davis,DB,CIN,ACT,2026
00-0041465,Wade Woodaz,LB,HOU,ACT,2026
00-0041466,Kamari Ramsey,DB,HOU,ACT,2026
00-0041467,Lewis Bond,WR,HOU,DEV,2026
00-0041468,Chase Bisontis,OL,ARI,RES,2026
00-0041469,Avieon Terrell,DB,ATL,ACT,2026
00-0041470,Brandon Cisse,DB,GB,ACT,2026
00-0041471,Emmanuel McNeil-Warren,DB,CLE,ACT,2026
00-0041472,Marlin Klein,TE,HOU,ACT,2026
00-0041473,Stephen Dix Jr,LB,MIA,CUT,2026
00-0041475,Trayvon Rudolph,WR,MIN,DEV,2026
00-0041476,Rashad Rochelle,WR,SEA,CUT,2026
00-0041478,Lee Hunter,DL,CAR,ACT,2026
00-0041479,Anthony Hill Jr.,LB,TEN,ACT,2026
00-0041481,Terrill Davis,WR,MIN,CUT,2026
00-0041482,Max Iheanachor,OL,PIT,ACT,2026
00-0041483,Eli Stowers,TE,PHI,ACT,2026
00-0041484,Anterio Thompson,DL,ATL,RES,2026
00-0041485,Miles Davis,RB,CAR,CUT,2026
00-0041486,Anderson Castle,RB,IND,DEV,2026
00-0041487,Tywone Malone,DL,CAR,CUT,2026
00-0041488,Tamon Lynum,DB,PIT,CUT,2026
00-0041489,Germie Bernard,WR,PIT,ACT,2026
00-0041490,Eli Heidenreich,RB,PIT,ACT,2026
00-0041492,Reid Carrico,LB,TEN,CUT,2026
00-0041493,Marlon Jones,DB,GB,RES,2026
00-0041494,Zion Young,LB,BAL,ACT,2026
00-0041495,Jake Golday,LB,MIN,ACT,2026
00-0041496,Jonah Coleman,RB,DEN,ACT,2026
00-0041497,Jadon Canady,DB,KC,ACT,2026
00-0041498,Kage Casey,OL,DEN,ACT,2026
00-0041500,Travis Shaw,DL,TB,CUT,2026
00-0041501,R Mason Thomas,DL,KC,ACT,2026
00-0041502,Josiah Trotter,LB,TB,ACT,2026
00-0041503,Nate Boerkircher,TE,JAX,ACT,2026
00-0041505,Francis Mauigoa,OL,NYG,ACT,2026
00-0041507,Courtland Ford,OL,NYJ,CUT,2026
00-0041508,Keldric Faulk,LB,TEN,ACT,2026
00-0041509,Arvell Reese,LB,NYG,ACT,2026
00-0041510,Max Klare,TE,LA,ACT,2026
00-0041511,Omar Cooper Jr.,WR,NYJ,ACT,2026
00-0041512,Jadarian Price,RB,SEA,ACT,2026
00-0041513,Josh Kreutz,OL,IND,CUT,2026
00-0041514,Jai'Onte' McMillan,DB,MIA,CUT,2026
00-0041515,Chase Wilson,LB,NYJ,CUT,2026
00-0041517,Jalen Farmer,OL,IND,ACT,2026
00-0041518,Bryce Boettcher,LB,IND,ACT,2026
00-0041519,Derrick Graham,OL,SEA,CUT,2026
00-0041521,Kadyn Proctor,OL,MIA,ACT,2026
00-0041522,Jacob Rodriguez,LB,MIA,ACT,2026
00-0041523,Caleb Douglas,WR,MIA,ACT,2026
00-0041524,Will Kacmarek,TE,MIA,ACT,2026
00-0041525,Chris Bell,WR,MIA,ACT,2026
00-0041526,Trey Moore,LB,MIA,RES,2026
00-0041527,Kyle Louis,LB,MIA,ACT,2026
00-0041528,Michael Taaffe,DB,MIA,ACT,2026
00-0041529,Kevin Coleman Jr.,WR,MIA,ACT,2026
00-0041530,DJ Campbell,OL,MIA,ACT,2026
00-0041531,Max Llewellyn,DL,MIA,DEV,2026
00-0041532,Keylan Rutledge,OL,HOU,ACT,2026
00-0041533,Chris Johnson,DB,MIA,ACT,2026
00-0041534,Tim Keenan III,DL,LA,DEV,2026
00-0041535,Louis Hansen,TE,HOU,CUT,2026
00-0041537,Malachi Lawrence,LB,DAL,ACT,2026
00-0041538,Dillon Thieneman,DB,CHI,ACT,2026
00-0041539,Logan Jones,OL,CHI,ACT,2026
00-0041540,Zion Wilson,DL,PHI,CUT,2026
00-0041541,Caleb Lomu,OL,NE,ACT,2026
00-0041543,Mansoor Delane,DB,KC,ACT,2026
00-0041544,Akheem Mesidor,LB,LAC,ACT,2026
00-0041545,Peter Woods,DL,KC,ACT,2026
00-0041546,Cashius Howell,DL,CIN,ACT,2026
00-0041547,KC Concepcion,WR,CLE,ACT,2026
00-0041548,Jude Bowry,OL,BUF,ACT,2026
00-0041549,Darrell Jackson Jr.,DL,NYJ,ACT,2026
00-0041550,Brenen Thompson,WR,LAC,ACT,2026
00-0041552,Tyler Onyedim,DL,DEN,ACT,2026
00-0041553,Keyron Crawford,LB,LV,RES,2026
00-0041554,Markel Bell,OL,PHI,ACT,2026
00-0041555,Kaleb Proctor,DL,ARI,RES,2026
00-0041556,Romello Height,DL,SF,ACT,2026
00-0041557,Gracen Halton,DL,SF,ACT,2026
00-0041558,Sam Roush,TE,CHI,ACT,2026
00-0041559,Febechi Nwaiwu,OL,HOU,ACT,2026
00-0041560,Jack Bouwmeester,P,LA,DEV,2026
00-0041561,Carson Beck,QB,ARI,ACT,2026
00-0041562,Fernando Mendoza,QB,LV,ACT,2026
00-0041563,Jermod McCoy,DB,LV,ACT,2026
00-0041564,Riley Wilson,LB,NE,DEV,2026
00-0041565,Drew Allar,QB,PIT,ACT,2026
00-0041566,Jeremiah Franklin,TE,MIA,CUT,2026
00-0041568,Ty Simpson,QB,LA,ACT,2026
00-0041569,Gabe Jacas,LB,NE,ACT,2026
00-0041570,Tyler Moore,TE,IND,CUT,2026
00-0041571,Liam Clifford,WR,LAC,CUT,2026
00-0041572,Roydell Williams,RB,DET,CUT,2026
00-0041573,Jarod Washington,DB,MIN,CUT,2026
00-0041574,Mekhi Rodgers,DB,IND,CUT,2026
00-0041575,Jeff Weimer,WR,KC,CUT,2026
00-0041576,Drew Biber,TE,CLE,CUT,2026
00-0041577,Connor Hulstein,TE,NYJ,RES,2026
00-0041578,Jarrod Gray,OL,NYG,DEV,2026
00-0041579,Seydou Traore,TE,MIA,ACT,2026
00-0041580,Uar Bernard,DL,PHI,DEV,2026
00-0041581,Brett Thorson,P,MIN,ACT,2026
00-0041582,Kansei Matsuzawa,K,LV,DEV,2026
00-0041583,Paul Rubelt,OL,TB,DEV,2026
00-0041584,Jordan Washington,DB,SEA,CUT,2026
00-0041585,Grant Finley,RB,NYG,DEV,2026
00-0041586,Eric Butler,DB,NE,CUT,2026
00-0041587,Daniel Rickert,DL,LA,RES,2026
00-0041588,Justin Jones,RB,SEA,CUT,2026
00-0041589,Ricardo Hallman,DB,DEN,CUT,2026
00-0041590,Malakai Williams,LB,NO,CUT,2026
00-0041591,Brien Taylor,DL,NO,CUT,2026
00-0041592,Xavier Williams,DB,TB,RES,2026
00-0041594,Keveion'ta Spears,DL,ARI,CUT,2026
00-0041595,Barika Kpeenu,RB,TB,CUT,2026
00-0041596,Cam Rice,DL,MIA,CUT,2026
00-0041597,Devyn Bobby,DB,ARI,CUT,2026
00-0041598,Alex Tecza,RB,PIT,CUT,2026
00-0041599,Matthew Henry,WR,TB,CUT,2026
