Datum,GameId,Saison,Heim,Gast,HeimTore,GastTore,HeimReg,GastReg,Ende,HeimSOG,GastSOG,HeimPIM,GastPIM,HeimTwId,HeimTw,GastTwId,GastTw
2024-10-04,2024020001,20242025,BUF,NJD,1,4,1,4,REG,31,23,4,8,8480045,U. Luukkonen,8474593,J. Markstrom
2024-10-05,2024020002,20242025,NJD,BUF,3,1,3,1,REG,37,18,9,13,8474596,J. Allen,8482221,D. Levi
2024-10-08,2024020003,20242025,SEA,STL,2,3,2,3,REG,32,25,13,11,8475831,P. Grubauer,8476412,J. Binnington
2024-10-08,2024020004,20242025,FLA,BOS,6,4,6,4,REG,35,28,15,19,8475683,S. Bobrovsky,8476914,J. Korpisalo
2024-10-08,2024020005,20242025,UTA,CHI,5,2,5,2,REG,27,26,11,17,8478971,C. Ingram,8475852,P. Mrazek
2024-10-09,2024020006,20242025,MTL,TOR,1,0,1,0,REG,27,48,8,10,8478470,S. Montembeault,8476932,A. Stolarz
2024-10-09,2024020007,20242025,PIT,NYR,0,6,0,6,REG,31,40,6,8,8477465,T. Jarry,8478048,I. Shesterkin
2024-10-09,2024020008,20242025,EDM,WPG,0,6,0,6,REG,30,20,6,2,8479973,S. Skinner,8476945,C. Hellebuyck
2024-10-09,2024020009,20242025,VAN,CGY,5,6,5,5,OT,24,26,15,17,8481668,A. Silovs,8478435,D. Vladar
2024-10-09,2024020010,20242025,VGK,COL,8,4,8,4,REG,21,32,6,6,8478499,A. Hill,8480382,A. Georgiev
2024-10-10,2024020011,20242025,BOS,MTL,6,4,6,4,REG,29,24,12,10,8480280,J. Swayman,8480051,C. Primeau
2024-10-10,2024020012,20242025,BUF,LAK,1,3,1,3,REG,33,23,35,15,8480045,U. Luukkonen,8475311,D. Kuemper
2024-10-10,2024020013,20242025,OTT,FLA,3,1,3,1,REG,31,32,4,6,8476999,L. Ullmark,8475683,S. Bobrovsky
2024-10-10,2024020014,20242025,DET,PIT,3,6,3,6,REG,32,28,4,10,8475660,C. Talbot,8482446,J. Blomqvist
2024-10-10,2024020015,20242025,NJD,TOR,2,4,2,4,REG,23,22,4,10,8474593,J. Markstrom,8483710,D. Hildeby
2024-10-10,2024020016,20242025,NYI,UTA,4,5,4,4,OT,27,26,4,10,8473575,S. Varlamov,8478971,C. Ingram
2024-10-10,2024020017,20242025,NSH,DAL,3,4,3,4,REG,36,20,6,10,8475809,S. Wedgewood,8479979,J. Oettinger
2024-10-10,2024020018,20242025,MIN,CBJ,3,2,3,2,REG,26,33,4,6,8479406,F. Gustavsson,8478007,E. Merzlikins
2024-10-10,2024020019,20242025,SJS,STL,4,5,4,4,OT,29,40,4,4,8478406,M. Blackwood,8480981,J. Hofer
2024-10-11,2024020020,20242025,CAR,TBL,1,4,1,4,REG,21,23,12,8,8475883,F. Andersen,8476883,A. Vasilevskiy
2024-10-11,2024020021,20242025,WPG,CHI,2,1,1,1,OT,35,26,2,4,8476945,C. Hellebuyck,8482821,A. Soderblom
2024-10-11,2024020022,20242025,VAN,PHI,2,3,2,2,SO,26,31,8,8,8480947,K. Lankinen,8481035,S. Ersson
2024-10-11,2024020023,20242025,VGK,STL,4,3,4,3,REG,28,22,4,4,8478499,A. Hill,8476412,J. Binnington
2024-10-12,2024020024,20242025,BOS,LAK,2,1,1,1,OT,26,34,10,10,8480280,J. Swayman,8475311,D. Kuemper
2024-10-12,2024020025,20242025,BUF,FLA,5,2,5,2,REG,27,25,6,8,8482221,D. Levi,8481519,S. Knight
2024-10-12,2024020026,20242025,TOR,PIT,4,2,4,2,REG,33,23,8,6,8476932,A. Stolarz,8482446,J. Blomqvist
2024-10-12,2024020027,20242025,MTL,OTT,4,1,4,1,REG,26,25,10,8,8478470,S. Montembeault,8476999,L. Ullmark
2024-10-12,2024020028,20242025,DET,NSH,3,0,3,0,REG,22,42,6,4,8475660,C. Talbot,8477424,J. Saros
2025-01-07,2024020029,20242025,TBL,CAR,3,2,3,2,REG,33,31,6,10,8476883,A. Vasilevskiy,8481611,P. Kochetkov
2024-10-12,2024020030,20242025,NYR,UTA,5,6,5,5,OT,34,26,26,26,8478048,I. Shesterkin,8478971,C. Ingram
2024-10-12,2024020031,20242025,WSH,NJD,3,5,3,5,REG,32,33,10,8,8479292,C. Lindgren,8474593,J. Markstrom
2024-10-12,2024020032,20242025,DAL,NYI,3,0,3,0,REG,27,34,0,4,8479979,J. Oettinger,8473575,S. Varlamov
2024-10-12,2024020033,20242025,MIN,SEA,4,5,4,4,SO,38,34,4,4,8470594,M. Fleury,8478916,J. Daccord
2024-10-12,2024020034,20242025,COL,CBJ,4,6,4,6,REG,30,23,18,10,8481020,J. Annunen,8480193,D. Tarasov
2024-10-12,2024020035,20242025,CGY,PHI,6,3,6,3,REG,32,40,15,27,8481692,D. Wolf,8478905,I. Fedotov
2024-10-12,2024020036,20242025,EDM,CHI,2,5,2,5,REG,38,20,6,6,8475717,C. Pickard,8475852,P. Mrazek
2024-10-12,2024020037,20242025,SJS,ANA,0,2,0,2,REG,30,30,12,8,8477970,V. Vanecek,8480843,L. Dostal
2024-10-13,2024020038,20242025,WPG,MIN,2,1,1,1,OT,35,27,6,4,8476945,C. Hellebuyck,8479406,F. Gustavsson
2024-10-13,2024020039,20242025,DAL,SEA,2,0,2,0,REG,23,25,10,8,8479193,C. DeSmith,8475831,P. Grubauer
2024-10-13,2024020040,20242025,EDM,CGY,1,4,1,4,REG,26,29,6,2,8479973,S. Skinner,8478435,D. Vladar
2024-10-13,2024020041,20242025,VGK,ANA,3,1,3,1,REG,32,23,2,8,8478492,I. Samsonov,8473503,J. Reimer
2024-10-14,2024020042,20242025,BOS,FLA,3,4,3,4,REG,27,26,21,19,8480280,J. Swayman,8475683,S. Bobrovsky
2024-10-14,2024020043,20242025,OTT,LAK,8,7,7,7,OT,41,26,17,17,8481544,M. Sogaard,8475311,D. Kuemper
2024-10-14,2024020044,20242025,NJD,UTA,3,0,3,0,REG,32,20,8,12,8474596,J. Allen,8478872,K. Vejmelka
2024-10-14,2024020045,20242025,NYR,DET,4,1,4,1,REG,28,32,8,10,8478048,I. Shesterkin,8479312,A. Lyon
2024-10-14,2024020046,20242025,MTL,PIT,3,6,3,6,REG,28,30,4,6,8478470,S. Montembeault,8477465,T. Jarry
2024-10-14,2024020047,20242025,COL,NYI,2,6,2,6,REG,34,37,4,6,8480382,A. Georgiev,8478009,I. Sorokin
2024-10-15,2024020048,20242025,TBL,VAN,4,1,4,1,REG,27,27,8,14,8476883,A. Vasilevskiy,8481668,A. Silovs
2024-10-15,2024020049,20242025,WSH,VGK,4,2,4,2,REG,22,26,8,6,8480313,L. Thompson,8478499,A. Hill
2024-10-15,2024020050,20242025,CAR,NJD,4,2,4,2,REG,31,26,6,2,8481611,P. Kochetkov,8474593,J. Markstrom
2024-10-15,2024020051,20242025,CBJ,FLA,3,4,3,4,REG,38,22,6,4,8478007,E. Merzlikins,8481519,S. Knight
2024-10-15,2024020052,20242025,STL,MIN,1,4,1,4,REG,28,27,10,4,8476412,J. Binnington,8479406,F. Gustavsson
2024-10-15,2024020053,20242025,NSH,SEA,3,7,3,7,REG,33,35,6,6,8477424,J. Saros,8478916,J. Daccord
2024-10-15,2024020054,20242025,DAL,SJS,3,2,2,2,SO,38,27,6,8,8479979,J. Oettinger,8478406,M. Blackwood
2024-10-15,2024020055,20242025,CGY,CHI,3,1,3,1,REG,27,32,4,6,8481692,D. Wolf,8475852,P. Mrazek
2024-10-15,2024020056,20242025,EDM,PHI,4,3,3,3,OT,31,30,20,18,8479973,S. Skinner,8481035,S. Ersson
2024-10-16,2024020057,20242025,PIT,BUF,6,5,5,5,OT,43,33,4,10,8482446,J. Blomqvist,8480045,U. Luukkonen
2024-10-16,2024020058,20242025,TOR,LAK,6,2,6,2,REG,26,34,8,8,8476932,A. Stolarz,8479496,D. Rittich
2024-10-16,2024020059,20242025,COL,BOS,3,5,3,5,REG,25,26,13,11,8480382,A. Georgiev,8476914,J. Korpisalo
2024-10-16,2024020060,20242025,ANA,UTA,5,4,4,4,OT,34,30,8,14,8480843,L. Dostal,8478971,C. Ingram
2024-10-17,2024020061,20242025,MTL,LAK,1,4,1,4,REG,27,32,4,10,8478470,S. Montembeault,8479496,D. Rittich
2024-10-17,2024020062,20242025,OTT,NJD,1,3,1,3,REG,31,35,4,6,8476341,A. Forsberg,8474593,J. Markstrom
2024-10-17,2024020063,20242025,DET,NYR,2,5,2,5,REG,31,34,12,14,8475660,C. Talbot,8471734,J. Quick
2024-10-17,2024020064,20242025,TBL,VGK,4,3,4,3,REG,25,25,6,2,8476883,A. Vasilevskiy,8478499,A. Hill
2024-10-17,2024020065,20242025,FLA,VAN,2,3,2,2,OT,28,33,9,9,8475683,S. Bobrovsky,8480947,K. Lankinen
2024-10-17,2024020066,20242025,WSH,DAL,3,2,3,2,REG,26,24,8,10,8479292,C. Lindgren,8479193,C. DeSmith
2024-10-17,2024020067,20242025,CBJ,BUF,6,4,6,4,REG,25,24,4,6,8480193,D. Tarasov,8482221,D. Levi
2024-10-17,2024020068,20242025,STL,NYI,1,0,0,0,OT,30,34,6,4,8480981,J. Hofer,8478009,I. Sorokin
2024-10-17,2024020069,20242025,NSH,EDM,2,4,2,4,REG,27,36,13,11,8477424,J. Saros,8475717,C. Pickard
2024-10-17,2024020070,20242025,CHI,SJS,4,2,4,2,REG,27,22,6,14,8475852,P. Mrazek,8477970,V. Vanecek
2024-10-17,2024020071,20242025,SEA,PHI,6,4,6,4,REG,29,25,15,19,8475831,P. Grubauer,8478905,I. Fedotov
2024-10-18,2024020072,20242025,PIT,CAR,1,4,1,4,REG,26,38,10,12,8482446,J. Blomqvist,8475883,F. Andersen
2024-10-18,2024020073,20242025,WPG,SJS,8,3,8,3,REG,36,22,4,12,8476945,C. Hellebuyck,8477970,V. Vanecek
2024-10-18,2024020074,20242025,COL,ANA,4,3,3,3,OT,49,19,6,8,8480382,A. Georgiev,8480843,L. Dostal
2024-10-19,2024020075,20242025,OTT,TBL,5,4,5,4,REG,28,29,10,14,8476341,A. Forsberg,8476883,A. Vasilevskiy
2024-10-19,2024020076,20242025,NSH,DET,2,5,2,5,REG,39,24,8,6,8477424,J. Saros,8479312,A. Lyon
2024-10-19,2024020077,20242025,DAL,EDM,4,1,4,1,REG,24,31,4,2,8479979,J. Oettinger,8479973,S. Skinner
2024-10-19,2024020078,20242025,FLA,VGK,4,3,3,3,OT,49,26,2,4,8475683,S. Bobrovsky,8478492,I. Samsonov
2024-10-19,2024020079,20242025,TOR,NYR,1,4,1,4,REG,35,29,4,6,8476932,A. Stolarz,8478048,I. Shesterkin
2024-10-19,2024020080,20242025,NJD,WSH,5,6,5,5,OT,31,37,9,9,8474593,J. Markstrom,8480313,L. Thompson
2024-10-19,2024020081,20242025,NYI,MTL,4,3,3,3,SO,36,24,2,12,8473575,S. Varlamov,8480051,C. Primeau
2024-10-19,2024020082,20242025,PHI,VAN,0,3,0,3,REG,26,32,6,8,8481035,S. Ersson,8480947,K. Lankinen
2024-10-19,2024020083,20242025,CBJ,MIN,1,3,1,3,REG,24,34,6,6,8480193,D. Tarasov,8479406,F. Gustavsson
2024-10-19,2024020084,20242025,STL,CAR,4,3,4,3,REG,19,40,10,14,8480981,J. Hofer,8481611,P. Kochetkov
2024-10-19,2024020085,20242025,CHI,BUF,2,4,2,4,REG,37,22,12,6,8482821,A. Soderblom,8480045,U. Luukkonen
2024-10-19,2024020086,20242025,UTA,BOS,2,1,1,1,OT,32,22,8,10,8478971,C. Ingram,8480280,J. Swayman
2024-10-19,2024020087,20242025,SEA,CGY,2,1,1,1,OT,23,22,6,10,8478916,J. Daccord,8478435,D. Vladar
2024-10-20,2024020088,20242025,WPG,PIT,6,3,6,3,REG,37,42,4,6,8477480,E. Comrie,8477968,A. Nedeljkovic
2024-10-20,2024020089,20242025,SJS,COL,1,4,1,4,REG,26,22,13,17,8477970,V. Vanecek,8481020,J. Annunen
2024-10-20,2024020090,20242025,ANA,LAK,1,4,1,4,REG,14,36,4,6,8480843,L. Dostal,8479496,D. Rittich
2024-10-21,2024020091,20242025,TOR,TBL,5,2,5,2,REG,29,34,17,13,8476932,A. Stolarz,8476883,A. Vasilevskiy
2024-10-22,2024020092,20242025,PHI,WSH,1,4,1,4,REG,18,29,17,13,8481035,S. Ersson,8479292,C. Lindgren
2024-10-22,2024020093,20242025,FLA,MIN,1,5,1,5,REG,25,22,4,0,8475683,S. Bobrovsky,8479406,F. Gustavsson
2024-10-22,2024020094,20242025,NJD,TBL,5,8,5,8,REG,35,37,6,8,8474596,J. Allen,8477992,J. Johansson
2024-10-22,2024020095,20242025,BUF,DAL,4,2,4,2,REG,25,30,6,2,8480045,U. Luukkonen,8479979,J. Oettinger
2024-10-22,2024020096,20242025,MTL,NYR,2,7,2,7,REG,23,45,25,15,8480051,C. Primeau,8478048,I. Shesterkin
2024-10-22,2024020097,20242025,CBJ,TOR,6,2,6,2,REG,38,28,10,12,8480193,D. Tarasov,8483710,D. Hildeby
2024-10-22,2024020098,20242025,NYI,DET,0,1,0,1,REG,30,11,2,6,8478009,I. Sorokin,8479312,A. Lyon
2024-10-22,2024020099,20242025,STL,WPG,2,3,2,3,REG,29,24,4,4,8476412,J. Binnington,8476945,C. Hellebuyck
2024-10-22,2024020100,20242025,CHI,VAN,3,6,3,6,REG,34,30,4,10,8475852,P. Mrazek,8480947,K. Lankinen
2024-10-22,2024020101,20242025,NSH,BOS,4,0,4,0,REG,42,33,13,17,8477424,J. Saros,8480280,J. Swayman
2024-10-22,2024020102,20242025,CGY,PIT,4,3,3,3,SO,25,38,8,8,8481692,D. Wolf,8477968,A. Nedeljkovic
2024-10-22,2024020103,20242025,EDM,CAR,2,3,2,2,OT,35,33,6,10,8479973,S. Skinner,8475883,F. Andersen
2024-10-22,2024020104,20242025,UTA,OTT,0,4,0,4,REG,31,22,6,8,8478872,K. Vejmelka,8476341,A. Forsberg
2024-10-22,2024020105,20242025,ANA,SJS,3,1,3,1,REG,40,28,6,14,8480843,L. Dostal,8478406,M. Blackwood
2024-10-22,2024020106,20242025,SEA,COL,2,3,2,3,REG,27,28,6,2,8475831,P. Grubauer,8481020,J. Annunen
2024-10-22,2024020107,20242025,VGK,LAK,6,1,6,1,REG,30,35,8,4,8478492,I. Samsonov,8479496,D. Rittich
2024-10-23,2024020108,20242025,WSH,PHI,6,3,6,3,REG,25,29,10,8,8480313,L. Thompson,8478905,I. Fedotov
2024-10-24,2024020109,20242025,BOS,DAL,2,5,2,5,REG,27,32,10,8,8480280,J. Swayman,8479193,C. DeSmith
2024-10-24,2024020110,20242025,TOR,STL,1,5,1,5,REG,41,27,6,10,8479361,J. Woll,8476412,J. Binnington
2024-10-24,2024020111,20242025,DET,NJD,5,3,5,3,REG,20,40,22,18,8475660,C. Talbot,8474593,J. Markstrom
2024-10-24,2024020112,20242025,TBL,MIN,2,4,2,4,REG,26,18,6,2,8476883,A. Vasilevskiy,8470594,M. Fleury
2024-10-24,2024020113,20242025,NYR,FLA,1,3,1,3,REG,25,29,4,8,8478048,I. Shesterkin,8475683,S. Bobrovsky
2024-10-24,2024020114,20242025,CGY,CAR,2,4,2,4,REG,32,43,10,8,8478435,D. Vladar,8481611,P. Kochetkov
2024-10-24,2024020115,20242025,UTA,COL,1,5,1,5,REG,26,26,8,6,8478872,K. Vejmelka,8481020,J. Annunen
2024-10-24,2024020116,20242025,SEA,WPG,3,4,3,3,OT,32,36,2,4,8478916,J. Daccord,8476945,C. Hellebuyck
2024-10-24,2024020117,20242025,LAK,SJS,3,2,3,2,REG,30,26,19,11,8479496,D. Rittich,8478406,M. Blackwood
2024-10-25,2024020118,20242025,VGK,OTT,6,4,6,4,REG,28,39,4,4,8478499,A. Hill,8476999,L. Ullmark
2024-10-25,2024020119,20242025,NJD,NYI,3,4,3,3,OT,36,30,13,9,8474596,J. Allen,8478009,I. Sorokin
2024-10-25,2024020120,20242025,CHI,NSH,2,3,2,3,REG,29,34,15,15,8475852,P. Mrazek,8477424,J. Saros
2024-10-25,2024020121,20242025,EDM,PIT,4,0,4,0,REG,50,27,9,7,8479973,S. Skinner,8482446,J. Blomqvist
2024-10-26,2024020122,20242025,BUF,DET,5,3,5,3,REG,39,25,4,8,8480045,U. Luukkonen,8479312,A. Lyon
2024-10-26,2024020123,20242025,PHI,MIN,7,5,7,5,REG,23,26,8,6,8481035,S. Ersson,8479406,F. Gustavsson
2024-10-26,2024020124,20242025,LAK,UTA,3,2,3,2,REG,23,26,6,6,8475311,D. Kuemper,8478971,C. Ingram
2024-10-26,2024020125,20242025,BOS,TOR,4,3,3,3,OT,34,23,8,12,8480280,J. Swayman,8476932,A. Stolarz
2024-10-26,2024020126,20242025,MTL,STL,5,2,5,2,REG,26,31,6,6,8478470,S. Montembeault,8476412,J. Binnington
2024-10-26,2024020127,20242025,TBL,WSH,3,0,3,0,REG,21,32,11,13,8476883,A. Vasilevskiy,8479292,C. Lindgren
2024-10-26,2024020128,20242025,NYR,ANA,2,1,2,1,REG,32,33,4,4,8471734,J. Quick,8480843,L. Dostal
2024-10-26,2024020129,20242025,CGY,WPG,3,5,3,5,REG,29,35,22,12,8481692,D. Wolf,8477480,E. Comrie
2024-10-26,2024020130,20242025,NYI,FLA,3,6,3,6,REG,28,29,4,6,8473575,S. Varlamov,8481519,S. Knight
2024-10-26,2024020131,20242025,NSH,CBJ,4,3,3,3,OT,33,28,6,6,8475809,S. Wedgewood,8480193,D. Tarasov
2024-10-26,2024020132,20242025,DAL,CHI,4,2,4,2,REG,30,24,6,4,8479979,J. Oettinger,8475852,P. Mrazek
2024-10-26,2024020133,20242025,VAN,PIT,4,3,4,3,REG,34,24,4,6,8480947,K. Lankinen,8477968,A. Nedeljkovic
2024-10-26,2024020134,20242025,VGK,SJS,7,3,7,3,REG,42,26,4,8,8478492,I. Samsonov,8477970,V. Vanecek
2024-10-26,2024020135,20242025,SEA,CAR,1,4,1,4,REG,19,39,12,6,8478916,J. Daccord,8475883,F. Andersen
2024-10-27,2024020136,20242025,DET,EDM,2,3,2,2,OT,26,34,9,7,8475660,C. Talbot,8475717,C. Pickard
2024-10-27,2024020137,20242025,NJD,ANA,6,2,6,2,REG,34,26,11,7,8474593,J. Markstrom,8473503,J. Reimer
2024-10-27,2024020138,20242025,PHI,MTL,3,4,3,4,REG,26,24,4,6,8482783,A. Kolosov,8480051,C. Primeau
2024-10-27,2024020139,20242025,COL,OTT,5,4,5,4,REG,32,30,2,2,8481020,J. Annunen,8476341,A. Forsberg
2024-10-28,2024020140,20242025,BUF,FLA,2,5,2,5,REG,28,31,12,10,8480045,U. Luukkonen,8475683,S. Bobrovsky
2024-10-28,2024020141,20242025,TBL,NSH,3,2,2,2,OT,27,37,8,6,8476883,A. Vasilevskiy,8477424,J. Saros
2024-10-28,2024020142,20242025,CBJ,EDM,6,1,6,1,REG,25,32,10,8,8478007,E. Merzlikins,8479973,S. Skinner
2024-10-28,2024020143,20242025,WPG,TOR,4,6,4,6,REG,23,36,4,8,8476945,C. Hellebuyck,8476932,A. Stolarz
2024-10-28,2024020144,20242025,COL,CHI,2,5,2,5,REG,26,26,6,8,8480382,A. Georgiev,8475852,P. Mrazek
2024-10-28,2024020145,20242025,UTA,SJS,4,5,4,4,OT,23,46,13,9,8478971,C. Ingram,8478406,M. Blackwood
2024-10-28,2024020146,20242025,VAN,CAR,3,4,3,3,OT,27,32,6,6,8480947,K. Lankinen,8481611,P. Kochetkov
2024-10-28,2024020147,20242025,VGK,CGY,5,0,5,0,REG,38,16,2,4,8478499,A. Hill,8478435,D. Vladar
2024-10-29,2024020148,20242025,BOS,PHI,0,2,0,2,REG,25,19,6,8,8476914,J. Korpisalo,8481035,S. Ersson
2024-10-29,2024020149,20242025,MTL,SEA,2,8,2,8,REG,30,23,26,12,8480051,C. Primeau,8478916,J. Daccord
2024-10-29,2024020150,20242025,OTT,STL,8,1,8,1,REG,35,27,12,10,8476999,L. Ullmark,8480981,J. Hofer
2024-10-29,2024020151,20242025,WSH,NYR,5,3,5,3,REG,46,19,11,13,8480313,L. Thompson,8478048,I. Shesterkin
2024-10-29,2024020152,20242025,NYI,ANA,1,3,1,3,REG,41,22,6,8,8478009,I. Sorokin,8480843,L. Dostal
2024-10-29,2024020153,20242025,PIT,MIN,3,5,3,5,REG,29,40,15,9,8482446,J. Blomqvist,8470594,M. Fleury
2024-10-29,2024020154,20242025,SJS,LAK,4,2,4,2,REG,21,28,8,8,8477970,V. Vanecek,8479496,D. Rittich
2024-10-30,2024020155,20242025,CBJ,NYI,2,0,2,0,REG,26,26,2,0,8478007,E. Merzlikins,8473575,S. Varlamov
2024-10-30,2024020156,20242025,DET,WPG,2,6,2,6,REG,21,29,4,6,8479312,A. Lyon,8476945,C. Hellebuyck
2024-10-30,2024020157,20242025,COL,TBL,2,5,2,5,REG,35,21,24,17,8478039,K. Kahkonen,8476883,A. Vasilevskiy
2024-10-30,2024020158,20242025,UTA,CGY,5,1,5,1,REG,28,31,8,10,8478971,C. Ingram,8481692,D. Wolf
2024-10-30,2024020159,20242025,VAN,NJD,0,6,0,6,REG,20,22,11,15,8481668,A. Silovs,8474593,J. Markstrom
2024-10-30,2024020160,20242025,LAK,VGK,6,3,6,3,REG,27,26,13,9,8475311,D. Kuemper,8478492,I. Samsonov
2024-10-31,2024020161,20242025,TOR,SEA,4,1,4,1,REG,30,25,6,4,8479361,J. Woll,8478916,J. Daccord
2024-10-31,2024020162,20242025,PHI,STL,2,1,2,1,REG,21,21,4,6,8481035,S. Ersson,8476412,J. Binnington
2024-10-31,2024020163,20242025,PIT,ANA,2,1,1,1,OT,45,23,2,6,8477968,A. Nedeljkovic,8480843,L. Dostal
2024-10-31,2024020164,20242025,WSH,MTL,6,3,6,3,REG,34,15,15,15,8479292,C. Lindgren,8480051,C. Primeau
2024-10-31,2024020165,20242025,CAR,BOS,8,2,8,2,REG,37,15,8,10,8481611,P. Kochetkov,8476914,J. Korpisalo
2024-10-31,2024020166,20242025,NSH,EDM,1,5,1,5,REG,27,29,12,16,8477424,J. Saros,8475717,C. Pickard
2024-10-31,2024020167,20242025,SJS,CHI,3,2,3,2,REG,29,29,6,2,8478406,M. Blackwood,8475852,P. Mrazek
2024-11-01,2024020168,20242025,DAL,FLA,4,6,4,6,REG,36,28,6,8,8479979,J. Oettinger,8475683,S. Bobrovsky
2024-11-01,2024020169,20242025,BUF,NYI,3,4,3,4,REG,35,36,15,15,8482221,D. Levi,8478009,I. Sorokin
2024-11-01,2024020170,20242025,NYR,OTT,2,1,2,1,REG,18,41,10,4,8478048,I. Shesterkin,8476999,L. Ullmark
2024-11-01,2024020171,20242025,CBJ,WPG,2,6,2,6,REG,22,44,4,4,8478007,E. Merzlikins,8477480,E. Comrie
2024-11-01,2024020172,20242025,MIN,TBL,5,3,5,3,REG,22,30,11,7,8479406,F. Gustavsson,8476883,A. Vasilevskiy
2024-11-01,2024020173,20242025,CGY,NJD,3,0,3,0,REG,32,22,13,25,8478435,D. Vladar,8474593,J. Markstrom
2024-11-02,2024020174,20242025,FLA,DAL,4,2,4,2,REG,25,25,15,15,8481519,S. Knight,8479193,C. DeSmith
2024-11-02,2024020175,20242025,PHI,BOS,0,3,0,3,REG,20,31,12,14,8482783,A. Kolosov,8476914,J. Korpisalo
2024-11-02,2024020176,20242025,LAK,CHI,3,4,3,3,SO,40,21,9,11,8475311,D. Kuemper,8475852,P. Mrazek
2024-11-02,2024020177,20242025,WSH,CBJ,7,2,7,2,REG,22,36,6,2,8480313,L. Thompson,8480193,D. Tarasov
2024-11-02,2024020178,20242025,OTT,SEA,3,0,3,0,REG,23,22,8,4,8476341,A. Forsberg,8475831,P. Grubauer
2024-11-02,2024020179,20242025,DET,BUF,2,1,2,1,REG,23,32,4,8,8475660,C. Talbot,8480045,U. Luukkonen
2024-11-02,2024020180,20242025,PIT,MTL,3,1,3,1,REG,24,26,11,13,8477968,A. Nedeljkovic,8478470,S. Montembeault
2024-11-02,2024020181,20242025,STL,TOR,4,2,4,2,REG,24,37,20,20,8476412,J. Binnington,8479361,J. Woll
2024-11-02,2024020182,20242025,NSH,COL,5,2,5,2,REG,26,31,8,6,8477424,J. Saros,8481020,J. Annunen
2024-11-02,2024020183,20242025,VGK,UTA,4,3,3,3,OT,35,19,5,7,8478499,A. Hill,8478971,C. Ingram
2024-11-02,2024020184,20242025,SJS,VAN,2,3,2,3,REG,23,28,4,4,8478406,M. Blackwood,8480947,K. Lankinen
2024-11-03,2024020185,20242025,NYR,NYI,5,2,5,2,REG,40,37,10,6,8478048,I. Shesterkin,8478009,I. Sorokin
2024-11-03,2024020186,20242025,WPG,TBL,7,4,7,4,REG,34,30,17,31,8476945,C. Hellebuyck,8477992,J. Johansson
2024-11-03,2024020187,20242025,BOS,SEA,2,0,2,0,REG,33,23,11,15,8480280,J. Swayman,8478916,J. Daccord
2024-11-03,2024020188,20242025,CAR,WSH,4,2,4,2,REG,45,21,8,6,8481611,P. Kochetkov,8479292,C. Lindgren
2024-11-03,2024020189,20242025,MIN,TOR,2,1,1,1,OT,33,28,6,8,8479406,F. Gustavsson,8476932,A. Stolarz
2024-11-03,2024020190,20242025,CGY,EDM,2,4,2,4,REG,31,31,6,6,8478435,D. Vladar,8479973,S. Skinner
2024-11-03,2024020191,20242025,ANA,CHI,2,4,2,4,REG,40,29,9,25,8480843,L. Dostal,8482821,A. Soderblom
2024-11-04,2024020192,20242025,NSH,LAK,0,3,0,3,REG,16,27,20,18,8477424,J. Saros,8475311,D. Kuemper
2024-11-04,2024020193,20242025,EDM,NJD,0,3,0,3,REG,31,16,2,4,8475717,C. Pickard,8474596,J. Allen
2024-11-05,2024020194,20242025,BUF,OTT,5,1,5,1,REG,34,38,21,21,8480045,U. Luukkonen,8476999,L. Ullmark
2024-11-05,2024020195,20242025,TOR,BOS,4,0,4,0,REG,27,29,12,16,8476932,A. Stolarz,8480280,J. Swayman
2024-11-05,2024020196,20242025,MTL,CGY,2,3,2,2,OT,24,35,2,6,8478470,S. Montembeault,8481692,D. Wolf
2024-11-05,2024020197,20242025,CAR,PHI,6,4,6,4,REG,35,16,6,4,8481611,P. Kochetkov,8482783,A. Kolosov
2024-11-05,2024020198,20242025,NYI,PIT,4,3,3,3,SO,26,35,6,8,8478009,I. Sorokin,8477968,A. Nedeljkovic
2024-11-05,2024020199,20242025,STL,TBL,3,2,3,2,REG,23,23,6,2,8476412,J. Binnington,8476883,A. Vasilevskiy
2024-11-05,2024020200,20242025,MIN,LAK,1,5,1,5,REG,24,28,4,8,8479406,F. Gustavsson,8479496,D. Rittich
2024-11-05,2024020201,20242025,WPG,UTA,3,0,3,0,REG,28,21,8,4,8476945,C. Hellebuyck,8478872,K. Vejmelka
2024-11-05,2024020202,20242025,COL,SEA,6,3,6,3,REG,32,20,6,18,8481020,J. Annunen,8475831,P. Grubauer
2024-11-05,2024020203,20242025,ANA,VAN,1,5,1,5,REG,22,37,10,8,8480843,L. Dostal,8480947,K. Lankinen
2024-11-05,2024020204,20242025,SJS,CBJ,2,1,1,1,OT,27,50,8,10,8477970,V. Vanecek,8478007,E. Merzlikins
2024-11-06,2024020205,20242025,WSH,NSH,3,2,3,2,REG,36,35,4,10,8480313,L. Thompson,8477424,J. Saros
2024-11-06,2024020206,20242025,CHI,DET,1,4,1,4,REG,29,25,4,4,8475852,P. Mrazek,8475660,C. Talbot
2024-11-06,2024020207,20242025,EDM,VGK,2,4,2,4,REG,29,35,4,2,8479973,S. Skinner,8478499,A. Hill
2024-11-07,2024020208,20242025,BOS,CGY,4,3,3,3,OT,38,37,10,8,8476914,J. Korpisalo,8481692,D. Wolf
2024-11-07,2024020209,20242025,OTT,NYI,2,4,2,4,REG,30,25,6,8,8476341,A. Forsberg,8473575,S. Varlamov
2024-11-07,2024020210,20242025,TBL,PHI,1,2,1,1,SO,23,31,4,4,8476883,A. Vasilevskiy,8478905,I. Fedotov
2024-11-07,2024020211,20242025,FLA,NSH,6,2,6,2,REG,34,18,18,22,8475683,S. Bobrovsky,8475809,S. Wedgewood
2024-11-07,2024020212,20242025,NJD,MTL,5,3,5,3,REG,27,24,4,6,8474593,J. Markstrom,8478470,S. Montembeault
2024-11-07,2024020213,20242025,NYR,BUF,1,6,1,6,REG,26,22,8,8,8478048,I. Shesterkin,8480045,U. Luukkonen
2024-11-07,2024020214,20242025,CAR,PIT,5,1,5,1,REG,18,36,8,2,8481611,P. Kochetkov,8477968,A. Nedeljkovic
2024-11-07,2024020215,20242025,STL,UTA,2,4,2,4,REG,15,31,21,22,8480981,J. Hofer,8478971,C. Ingram
2024-11-07,2024020216,20242025,DAL,CHI,3,1,3,1,REG,40,26,6,6,8479979,J. Oettinger,8482821,A. Soderblom
2024-11-07,2024020217,20242025,WPG,COL,1,0,1,0,REG,28,35,2,4,8476945,C. Hellebuyck,8480382,A. Georgiev
2024-11-07,2024020218,20242025,LAK,VAN,2,4,2,4,REG,28,23,21,12,8475311,D. Kuemper,8480947,K. Lankinen
2024-11-07,2024020219,20242025,SJS,MIN,2,5,2,5,REG,26,31,6,6,8477970,V. Vanecek,8470594,M. Fleury
2024-11-08,2024020220,20242025,TOR,DET,3,1,3,1,REG,20,22,6,2,8476932,A. Stolarz,8475660,C. Talbot
2024-11-08,2024020221,20242025,WSH,PIT,2,4,2,4,REG,34,32,4,6,8479292,C. Lindgren,8482446,J. Blomqvist
2024-11-08,2024020222,20242025,ANA,MIN,2,5,2,5,REG,35,31,10,16,8480843,L. Dostal,8479406,F. Gustavsson
2024-11-08,2024020223,20242025,SEA,VGK,4,3,3,3,OT,32,24,8,2,8478916,J. Daccord,8478499,A. Hill
2024-11-09,2024020224,20242025,BUF,CGY,3,2,2,2,SO,19,26,6,6,8480045,U. Luukkonen,8478435,D. Vladar
2024-11-09,2024020225,20242025,FLA,PHI,4,3,3,3,SO,31,37,6,4,8475683,S. Bobrovsky,8481035,S. Ersson
2024-11-09,2024020226,20242025,BOS,OTT,2,3,2,2,OT,16,34,4,4,8480280,J. Swayman,8476999,L. Ullmark
2024-11-09,2024020227,20242025,TOR,MTL,4,1,4,1,REG,27,21,6,10,8479361,J. Woll,8478470,S. Montembeault
2024-11-09,2024020228,20242025,DET,NYR,0,4,0,4,REG,37,24,4,4,8478024,V. Husso,8471734,J. Quick
2024-11-09,2024020229,20242025,STL,WSH,1,8,1,8,REG,25,27,6,8,8476412,J. Binnington,8480313,L. Thompson
2024-11-09,2024020230,20242025,WPG,DAL,4,1,4,1,REG,25,33,15,27,8476945,C. Hellebuyck,8479193,C. DeSmith
2024-11-09,2024020231,20242025,NYI,NJD,3,4,3,3,OT,22,33,4,0,8478009,I. Sorokin,8474593,J. Markstrom
2024-11-09,2024020232,20242025,NSH,UTA,4,0,4,0,REG,21,27,9,13,8477424,J. Saros,8478971,C. Ingram
2024-11-09,2024020233,20242025,COL,CAR,6,4,6,4,REG,29,31,8,8,8480382,A. Georgiev,8477484,S. Martin
2024-11-09,2024020234,20242025,LAK,CBJ,5,2,5,2,REG,23,26,9,13,8479496,D. Rittich,8478007,E. Merzlikins
2024-11-09,2024020235,20242025,VAN,EDM,3,7,3,7,REG,20,31,6,4,8480947,K. Lankinen,8479973,S. Skinner
2024-11-10,2024020236,20242025,NJD,SJS,0,1,0,1,REG,44,27,6,4,8474596,J. Allen,8478406,M. Blackwood
2024-11-10,2024020237,20242025,CHI,MIN,2,1,1,1,OT,22,33,6,6,8475852,P. Mrazek,8479406,F. Gustavsson
2024-11-10,2024020238,20242025,ANA,CBJ,4,2,4,2,REG,30,40,4,4,8476434,J. Gibson,8480193,D. Tarasov
2024-11-11,2024020239,20242025,BUF,MTL,5,7,5,7,REG,18,23,12,10,8480045,U. Luukkonen,8480051,C. Primeau
2024-11-11,2024020240,20242025,PHI,SJS,4,3,3,3,SO,43,31,14,16,8481035,S. Ersson,8477970,V. Vanecek
2024-11-11,2024020241,20242025,PIT,DAL,1,7,1,7,REG,21,40,8,2,8477968,A. Nedeljkovic,8479979,J. Oettinger
2024-11-11,2024020242,20242025,CGY,LAK,3,1,3,1,REG,28,29,9,9,8481692,D. Wolf,8475311,D. Kuemper
2024-11-11,2024020243,20242025,COL,NSH,3,2,2,2,OT,32,30,4,4,8480382,A. Georgiev,8477424,J. Saros
2024-11-11,2024020244,20242025,VGK,CAR,2,5,2,5,REG,32,34,8,6,8481033,A. Schmid,8481611,P. Kochetkov
2024-11-12,2024020245,20242025,TOR,OTT,0,3,0,3,REG,27,41,8,10,8476932,A. Stolarz,8476999,L. Ullmark
2024-11-12,2024020246,20242025,FLA,NJD,1,4,1,4,REG,35,24,11,15,8481519,S. Knight,8474593,J. Markstrom
2024-11-12,2024020247,20242025,NYR,WPG,3,6,3,6,REG,36,33,4,6,8478048,I. Shesterkin,8476945,C. Hellebuyck
2024-11-12,2024020248,20242025,STL,BOS,2,3,2,3,REG,22,30,8,6,8476412,J. Binnington,8480280,J. Swayman
2024-11-12,2024020249,20242025,EDM,NYI,4,3,3,3,OT,42,22,2,4,8479973,S. Skinner,8478009,I. Sorokin
2024-11-12,2024020250,20242025,VAN,CGY,3,1,3,1,REG,32,29,4,6,8480947,K. Lankinen,8478435,D. Vladar
2024-11-12,2024020251,20242025,SEA,CBJ,5,2,5,2,REG,33,40,0,6,8478916,J. Daccord,8478007,E. Merzlikins
2024-11-13,2024020252,20242025,PIT,DET,2,3,2,2,OT,33,31,4,4,8477968,A. Nedeljkovic,8475660,C. Talbot
2024-11-13,2024020253,20242025,WSH,TOR,3,4,3,3,OT,27,34,4,2,8480313,L. Thompson,8479361,J. Woll
2024-11-13,2024020254,20242025,UTA,CAR,4,1,4,1,REG,21,50,25,2,8478872,K. Vejmelka,8481611,P. Kochetkov
2024-11-13,2024020255,20242025,COL,LAK,4,2,4,2,REG,26,15,2,6,8480382,A. Georgiev,8475311,D. Kuemper
2024-11-13,2024020256,20242025,ANA,VGK,2,3,2,3,REG,24,39,6,6,8480843,L. Dostal,8478499,A. Hill
2024-11-14,2024020257,20242025,BUF,STL,4,3,3,3,OT,33,27,2,6,8482221,D. Levi,8476412,J. Binnington
2024-11-14,2024020258,20242025,OTT,PHI,4,5,4,4,OT,37,19,4,12,8476999,L. Ullmark,8478905,I. Fedotov
2024-11-14,2024020259,20242025,TBL,WPG,4,1,4,1,REG,29,24,10,6,8476883,A. Vasilevskiy,8477480,E. Comrie
2024-11-14,2024020260,20242025,FLA,NJD,2,6,2,6,REG,27,29,17,17,8475683,S. Bobrovsky,8474596,J. Allen
2024-11-14,2024020261,20242025,NYR,SJS,3,2,3,2,REG,35,27,6,4,8478048,I. Shesterkin,8478406,M. Blackwood
2024-11-14,2024020262,20242025,DAL,BOS,7,2,7,2,REG,38,25,9,19,8479979,J. Oettinger,8480280,J. Swayman
2024-11-14,2024020263,20242025,MIN,MTL,3,0,3,0,REG,28,19,8,8,8479406,F. Gustavsson,8478470,S. Montembeault
2024-11-14,2024020264,20242025,EDM,NSH,3,2,2,2,OT,34,22,4,8,8475717,C. Pickard,8475809,S. Wedgewood
2024-11-14,2024020265,20242025,VAN,NYI,2,5,2,5,REG,26,32,13,7,8480947,K. Lankinen,8473575,S. Varlamov
2024-11-14,2024020266,20242025,SEA,CHI,3,1,3,1,REG,26,19,2,6,8478916,J. Daccord,8475852,P. Mrazek
2024-11-15,2024020267,20242025,CBJ,PIT,6,2,6,2,REG,39,23,8,10,8478007,E. Merzlikins,8477465,T. Jarry
2024-11-15,2024020268,20242025,COL,WSH,2,5,2,5,REG,19,20,4,2,8481529,T. Miner,8479292,C. Lindgren
2024-11-15,2024020269,20242025,CGY,NSH,2,0,2,0,REG,33,29,11,15,8481692,D. Wolf,8477424,J. Saros
2024-11-15,2024020270,20242025,UTA,VGK,2,4,2,4,REG,32,29,11,23,8478872,K. Vejmelka,8478499,A. Hill
2024-11-15,2024020271,20242025,ANA,DET,6,4,6,4,REG,29,25,8,8,8476434,J. Gibson,8479312,A. Lyon
2024-11-16,2024020272,20242025,BOS,STL,2,3,2,2,OT,18,31,4,4,8476914,J. Korpisalo,8476412,J. Binnington
2024-11-16,2024020273,20242025,SEA,NYI,3,2,3,2,REG,27,24,2,6,8478916,J. Daccord,8478009,I. Sorokin
2024-11-16,2024020274,20242025,TOR,EDM,4,3,3,3,OT,22,30,17,8,8476932,A. Stolarz,8479973,S. Skinner
2024-11-16,2024020275,20242025,MTL,CBJ,5,1,5,1,REG,30,26,13,13,8478470,S. Montembeault,8480193,D. Tarasov
2024-11-16,2024020276,20242025,TBL,NJD,4,0,4,0,REG,26,29,8,6,8476883,A. Vasilevskiy,8474593,J. Markstrom
2024-11-16,2024020277,20242025,FLA,WPG,5,0,5,0,REG,31,27,31,43,8475683,S. Bobrovsky,8476945,C. Hellebuyck
2024-11-16,2024020278,20242025,PHI,BUF,5,2,5,2,REG,32,25,10,12,8478905,I. Fedotov,8482221,D. Levi
2024-11-16,2024020279,20242025,PIT,SJS,4,3,3,3,SO,36,29,8,2,8477968,A. Nedeljkovic,8478406,M. Blackwood
2024-11-16,2024020280,20242025,CAR,OTT,4,0,4,0,REG,28,24,8,8,8477484,S. Martin,8476341,A. Forsberg
2024-11-16,2024020281,20242025,MIN,DAL,1,2,1,2,REG,23,40,12,14,8479406,F. Gustavsson,8479979,J. Oettinger
2024-11-16,2024020282,20242025,LAK,DET,4,1,4,1,REG,41,18,0,2,8479496,D. Rittich,8475660,C. Talbot
2024-11-16,2024020283,20242025,VAN,CHI,4,1,4,1,REG,33,29,2,6,8481668,A. Silovs,8482821,A. Soderblom
2024-11-17,2024020284,20242025,CAR,STL,4,1,4,1,REG,24,30,2,6,8481611,P. Kochetkov,8480981,J. Hofer
2024-11-17,2024020285,20242025,VAN,NSH,3,5,3,5,REG,27,22,4,2,8480947,K. Lankinen,8477424,J. Saros
2024-11-17,2024020286,20242025,VGK,WSH,2,5,2,5,REG,42,25,2,2,8478492,I. Samsonov,8480313,L. Thompson
2024-11-17,2024020287,20242025,SEA,NYR,0,2,0,2,REG,24,23,0,2,8475831,P. Grubauer,8471734,J. Quick
2024-11-18,2024020288,20242025,BOS,CBJ,1,5,1,5,REG,29,28,11,19,8480280,J. Swayman,8478007,E. Merzlikins
2024-11-18,2024020289,20242025,PHI,COL,2,3,2,3,REG,26,29,12,10,8482783,A. Kolosov,8481020,J. Annunen
2024-11-18,2024020290,20242025,MTL,EDM,3,0,3,0,REG,25,30,8,6,8478470,S. Montembeault,8475717,C. Pickard
2024-11-18,2024020291,20242025,DAL,ANA,2,4,2,4,REG,36,27,4,4,8479193,C. DeSmith,8480843,L. Dostal
2024-11-18,2024020292,20242025,UTA,WSH,2,6,2,6,REG,26,24,13,15,8478872,K. Vejmelka,8479292,C. Lindgren
2024-11-18,2024020293,20242025,SJS,DET,5,4,4,4,OT,34,20,4,8,8478406,M. Blackwood,8475660,C. Talbot
2024-11-19,2024020294,20242025,OTT,EDM,2,5,2,5,REG,29,31,13,11,8476999,L. Ullmark,8479973,S. Skinner
2024-11-19,2024020295,20242025,PIT,TBL,2,3,2,2,OT,19,35,6,4,8477465,T. Jarry,8476883,A. Vasilevskiy
2024-11-19,2024020296,20242025,STL,MIN,2,4,2,4,REG,24,28,6,6,8476412,J. Binnington,8479406,F. Gustavsson
2024-11-19,2024020297,20242025,WPG,FLA,6,3,6,3,REG,27,23,10,10,8476945,C. Hellebuyck,8475683,S. Bobrovsky
2024-11-19,2024020298,20242025,CHI,ANA,2,3,2,3,REG,20,24,4,2,8482821,A. Soderblom,8476434,J. Gibson
2024-11-19,2024020299,20242025,CGY,NYI,2,1,1,1,SO,31,29,6,2,8481692,D. Wolf,8473575,S. Varlamov
2024-11-19,2024020300,20242025,VAN,NYR,3,4,3,4,REG,24,33,6,8,8481668,A. Silovs,8478048,I. Shesterkin
2024-11-20,2024020301,20242025,TOR,VGK,3,0,3,0,REG,26,31,12,10,8479361,J. Woll,8478499,A. Hill
2024-11-20,2024020302,20242025,PHI,CAR,1,4,1,4,REG,19,37,2,6,8478905,I. Fedotov,8481611,P. Kochetkov
2024-11-20,2024020303,20242025,DAL,SJS,5,2,5,2,REG,31,23,6,8,8479979,J. Oettinger,8478406,M. Blackwood
2024-11-20,2024020304,20242025,SEA,NSH,3,0,3,0,REG,37,24,6,6,8478916,J. Daccord,8477424,J. Saros
2024-11-20,2024020305,20242025,LAK,BUF,0,1,0,1,REG,23,19,6,10,8479496,D. Rittich,8480045,U. Luukkonen
2024-11-21,2024020306,20242025,BOS,UTA,1,0,1,0,REG,31,22,18,24,8476914,J. Korpisalo,8478872,K. Vejmelka
2024-11-21,2024020307,20242025,OTT,VGK,2,3,2,3,REG,40,32,6,6,8476999,L. Ullmark,8478492,I. Samsonov
2024-11-21,2024020308,20242025,DET,NYI,2,1,2,1,REG,31,23,2,6,8479312,A. Lyon,8478009,I. Sorokin
2024-11-21,2024020309,20242025,NJD,CAR,4,2,4,2,REG,21,22,4,6,8474593,J. Markstrom,8477484,S. Martin
2024-11-21,2024020310,20242025,WSH,COL,1,2,1,2,REG,29,27,6,4,8480313,L. Thompson,8480382,A. Georgiev
2024-11-21,2024020311,20242025,CBJ,TBL,7,6,6,6,OT,43,30,4,2,8478007,E. Merzlikins,8477992,J. Johansson
2024-11-21,2024020312,20242025,STL,SJS,3,2,2,2,SO,31,24,4,2,8476412,J. Binnington,8482137,Y. Askarov
2024-11-21,2024020313,20242025,CHI,FLA,3,1,3,1,REG,20,33,4,2,8475852,P. Mrazek,8481519,S. Knight
2024-11-21,2024020314,20242025,CGY,NYR,3,2,3,2,REG,49,29,2,8,8481692,D. Wolf,8478048,I. Shesterkin
2024-11-21,2024020315,20242025,EDM,MIN,3,5,3,5,REG,31,26,7,9,8479973,S. Skinner,8470594,M. Fleury
2024-11-22,2024020316,20242025,PIT,WPG,1,4,1,4,REG,18,30,11,11,8477465,T. Jarry,8476945,C. Hellebuyck
2024-11-22,2024020317,20242025,ANA,BUF,2,3,2,2,OT,24,32,11,11,8476434,J. Gibson,8480045,U. Luukkonen
2024-11-23,2024020318,20242025,PHI,CHI,3,2,2,2,OT,37,21,2,6,8482783,A. Kolosov,8475852,P. Mrazek
2024-11-23,2024020319,20242025,CGY,MIN,4,3,3,3,SO,31,23,8,6,8478435,D. Vladar,8479406,F. Gustavsson
2024-11-23,2024020320,20242025,LAK,SEA,2,1,2,1,REG,21,20,8,4,8479496,D. Rittich,8478916,J. Daccord
2024-11-23,2024020321,20242025,FLA,COL,4,7,4,7,REG,31,25,2,10,8475683,S. Bobrovsky,8480382,A. Georgiev
2024-11-23,2024020322,20242025,MTL,VGK,2,6,2,6,REG,17,28,2,4,8478470,S. Montembeault,8478499,A. Hill
2024-11-23,2024020323,20242025,OTT,VAN,3,4,3,4,REG,29,21,31,30,8476999,L. Ullmark,8480947,K. Lankinen
2024-11-23,2024020324,20242025,DET,BOS,1,2,1,2,REG,20,29,4,8,8475660,C. Talbot,8480280,J. Swayman
2024-11-23,2024020325,20242025,TBL,DAL,2,4,2,4,REG,29,28,6,6,8476883,A. Vasilevskiy,8479979,J. Oettinger
2024-11-23,2024020326,20242025,PIT,UTA,1,6,1,6,REG,28,30,8,8,8477968,A. Nedeljkovic,8478872,K. Vejmelka
2024-11-23,2024020327,20242025,WSH,NJD,2,3,2,3,REG,25,33,17,11,8479292,C. Lindgren,8474596,J. Allen
2024-11-23,2024020328,20242025,CBJ,CAR,5,4,4,4,SO,32,36,8,10,8478007,E. Merzlikins,8481611,P. Kochetkov
2024-11-23,2024020329,20242025,NSH,WPG,4,1,4,1,REG,36,24,6,8,8477424,J. Saros,8477480,E. Comrie
2024-11-23,2024020330,20242025,NYI,STL,3,1,3,1,REG,31,25,2,4,8478009,I. Sorokin,8476412,J. Binnington
2024-11-23,2024020331,20242025,SJS,BUF,2,4,2,4,REG,33,31,10,14,8478406,M. Blackwood,8473503,J. Reimer
2024-11-23,2024020332,20242025,EDM,NYR,6,2,6,2,REG,40,34,6,6,8479973,S. Skinner,8471734,J. Quick
2024-11-24,2024020333,20242025,TOR,UTA,3,2,3,2,REG,35,26,4,10,8479361,J. Woll,8478872,K. Vejmelka
2024-11-25,2024020334,20242025,TBL,COL,8,2,8,2,REG,33,25,6,4,8476883,A. Vasilevskiy,8481020,J. Annunen
2024-11-25,2024020335,20242025,FLA,WSH,1,4,1,4,REG,21,31,10,10,8481519,S. Knight,8480313,L. Thompson
2024-11-25,2024020336,20242025,NJD,NSH,5,2,5,2,REG,46,22,23,2,8474593,J. Markstrom,8477424,J. Saros
2024-11-25,2024020337,20242025,NYR,STL,2,5,2,5,REG,29,44,8,8,8478048,I. Shesterkin,8480981,J. Hofer
2024-11-25,2024020338,20242025,PHI,VGK,4,5,4,4,SO,36,30,2,6,8478905,I. Fedotov,8478492,I. Samsonov
2024-11-25,2024020339,20242025,CAR,DAL,6,4,6,4,REG,34,19,2,4,8477484,S. Martin,8479979,J. Oettinger
2024-11-25,2024020340,20242025,OTT,CGY,4,3,4,3,REG,30,27,6,18,8476341,A. Forsberg,8481692,D. Wolf
2024-11-25,2024020341,20242025,NYI,DET,2,4,2,4,REG,29,21,8,10,8473575,S. Varlamov,8479312,A. Lyon
2024-11-25,2024020342,20242025,MIN,WPG,1,4,1,4,REG,44,32,8,6,8479406,F. Gustavsson,8476945,C. Hellebuyck
2024-11-25,2024020343,20242025,ANA,SEA,2,3,2,3,REG,23,28,10,6,8480843,L. Dostal,8478916,J. Daccord
2024-11-25,2024020344,20242025,SJS,LAK,7,2,7,2,REG,21,24,4,10,8482137,Y. Askarov,8479496,D. Rittich
2024-11-26,2024020345,20242025,BOS,VAN,0,2,0,2,REG,33,15,2,6,8480280,J. Swayman,8480947,K. Lankinen
2024-11-26,2024020346,20242025,MTL,UTA,2,3,2,2,OT,13,29,20,8,8478470,S. Montembeault,8478872,K. Vejmelka
2024-11-27,2024020347,20242025,BUF,MIN,0,1,0,1,REG,39,30,0,4,8480045,U. Luukkonen,8479406,F. Gustavsson
2024-11-27,2024020348,20242025,NJD,STL,0,3,0,3,REG,32,20,6,8,8474593,J. Markstrom,8476412,J. Binnington
2024-11-27,2024020349,20242025,CAR,NYR,4,3,4,3,REG,31,22,4,8,8477484,S. Martin,8478048,I. Shesterkin
2024-11-27,2024020350,20242025,DET,CGY,2,1,1,1,OT,27,25,8,6,8475660,C. Talbot,8478435,D. Vladar
2024-11-27,2024020351,20242025,TBL,WSH,4,5,4,5,REG,28,32,11,11,8476883,A. Vasilevskiy,8479292,C. Lindgren
2024-11-27,2024020352,20242025,FLA,TOR,5,1,5,1,REG,24,24,6,10,8475683,S. Bobrovsky,8476932,A. Stolarz
2024-11-27,2024020353,20242025,NYI,BOS,3,6,3,6,REG,24,21,0,2,8478009,I. Sorokin,8476914,J. Korpisalo
2024-11-27,2024020354,20242025,PIT,VAN,5,4,5,4,REG,23,29,2,8,8477465,T. Jarry,8481668,A. Silovs
2024-11-27,2024020355,20242025,CBJ,MTL,3,4,3,3,OT,24,23,11,13,8478007,E. Merzlikins,8480051,C. Primeau
2024-11-27,2024020356,20242025,NSH,PHI,2,3,2,2,OT,27,23,4,6,8477424,J. Saros,8482783,A. Kolosov
2024-11-27,2024020357,20242025,CHI,DAL,6,2,6,2,REG,26,27,8,4,8475852,P. Mrazek,8479193,C. DeSmith
2024-11-27,2024020358,20242025,COL,VGK,2,1,1,1,SO,34,19,2,4,8480382,A. Georgiev,8478499,A. Hill
2024-11-27,2024020359,20242025,LAK,WPG,4,1,4,1,REG,33,14,8,6,8479496,D. Rittich,8476945,C. Hellebuyck
2024-11-27,2024020360,20242025,SEA,ANA,2,5,2,5,REG,44,33,6,22,8478916,J. Daccord,8476434,J. Gibson
2024-11-27,2024020361,20242025,SJS,OTT,3,4,3,4,REG,39,11,4,4,8478406,M. Blackwood,8476999,L. Ullmark
2024-11-29,2024020362,20242025,PHI,NYR,3,1,3,1,REG,35,23,0,2,8478905,I. Fedotov,8478048,I. Shesterkin
2024-11-29,2024020363,20242025,MIN,CHI,3,2,3,2,REG,29,23,4,4,8470594,M. Fleury,8475852,P. Mrazek
2024-11-29,2024020364,20242025,BUF,VAN,3,4,3,3,OT,34,22,8,10,8480045,U. Luukkonen,8480947,K. Lankinen
2024-11-29,2024020365,20242025,DET,NJD,4,5,4,5,REG,28,29,11,13,8475660,C. Talbot,8474593,J. Markstrom
2024-11-29,2024020366,20242025,WSH,NYI,5,4,4,4,OT,26,24,4,8,8480313,L. Thompson,8473575,S. Varlamov
2024-11-29,2024020367,20242025,CAR,FLA,3,6,3,6,REG,31,30,6,10,8477484,S. Martin,8475683,S. Bobrovsky
2024-11-29,2024020368,20242025,CBJ,CGY,5,2,5,2,REG,34,29,21,19,8478007,E. Merzlikins,8481692,D. Wolf
2024-11-29,2024020369,20242025,NSH,TBL,2,3,2,2,OT,31,28,10,6,8477424,J. Saros,8477992,J. Johansson
2024-11-29,2024020370,20242025,ANA,LAK,1,2,1,2,REG,31,18,6,8,8476434,J. Gibson,8481707,E. Portillo
2024-11-29,2024020371,20242025,SJS,SEA,8,5,8,5,REG,27,31,17,7,8477970,V. Vanecek,8475831,P. Grubauer
2024-11-29,2024020372,20242025,BOS,PIT,1,2,1,2,REG,31,36,6,8,8480280,J. Swayman,8477465,T. Jarry
2024-11-29,2024020373,20242025,DAL,COL,5,3,5,3,REG,24,32,10,6,8479979,J. Oettinger,8480382,A. Georgiev
2024-11-29,2024020374,20242025,VGK,WPG,4,3,4,3,REG,30,25,6,4,8478499,A. Hill,8477480,E. Comrie
2024-11-29,2024020375,20242025,UTA,EDM,3,4,3,3,OT,31,32,6,2,8478872,K. Vejmelka,8475717,C. Pickard
2024-11-30,2024020376,20242025,NYR,MTL,4,3,4,3,REG,28,28,17,23,8471734,J. Quick,8478470,S. Montembeault
2024-11-30,2024020377,20242025,FLA,CAR,6,0,6,0,REG,35,20,8,16,8481519,S. Knight,8477484,S. Martin
2024-11-30,2024020378,20242025,TBL,TOR,3,5,3,5,REG,41,29,2,4,8476883,A. Vasilevskiy,8479361,J. Woll
2024-11-30,2024020379,20242025,NJD,WSH,5,6,5,6,REG,27,32,14,10,8474596,J. Allen,8479292,C. Lindgren
2024-11-30,2024020380,20242025,PIT,CGY,6,2,6,2,REG,43,32,6,20,8477968,A. Nedeljkovic,8478435,D. Vladar
2024-11-30,2024020381,20242025,STL,PHI,2,3,2,2,OT,27,31,4,6,8476412,J. Binnington,8482783,A. Kolosov
2024-11-30,2024020382,20242025,LAK,OTT,5,2,5,2,REG,27,22,2,2,8479496,D. Rittich,8476341,A. Forsberg
2024-11-30,2024020383,20242025,NYI,BUF,3,0,3,0,REG,20,29,4,6,8478009,I. Sorokin,8473503,J. Reimer
2024-11-30,2024020384,20242025,MIN,NSH,3,2,2,2,OT,28,27,11,11,8479406,F. Gustavsson,8477424,J. Saros
2024-11-30,2024020385,20242025,COL,EDM,1,4,1,4,REG,28,32,8,14,8480382,A. Georgiev,8479973,S. Skinner
2024-11-30,2024020386,20242025,VGK,UTA,0,6,0,6,REG,29,28,11,11,8478492,I. Samsonov,8483530,J. Stauber
2024-11-30,2024020387,20242025,SEA,SJS,2,4,2,4,REG,38,23,2,4,8478916,J. Daccord,8478406,M. Blackwood
2024-12-01,2024020388,20242025,DET,VAN,4,5,4,4,OT,31,32,8,6,8478024,V. Husso,8480947,K. Lankinen
2024-12-01,2024020389,20242025,BOS,MTL,6,3,6,3,REG,30,28,16,16,8480280,J. Swayman,8480051,C. Primeau
2024-12-01,2024020390,20242025,CHI,CBJ,3,6,3,6,REG,31,36,9,27,8475852,P. Mrazek,8478007,E. Merzlikins
2024-12-01,2024020391,20242025,DAL,WPG,3,1,3,1,REG,31,27,4,10,8479979,J. Oettinger,8476945,C. Hellebuyck
2024-12-01,2024020392,20242025,ANA,OTT,4,3,3,3,SO,34,31,12,10,8480843,L. Dostal,8476999,L. Ullmark
2024-12-02,2024020393,20242025,NYR,NJD,1,5,1,5,REG,39,28,10,10,8478048,I. Shesterkin,8474593,J. Markstrom
2024-12-02,2024020394,20242025,TOR,CHI,4,1,4,1,REG,22,28,8,4,8476932,A. Stolarz,8482821,A. Soderblom
2024-12-02,2024020395,20242025,UTA,DAL,1,2,1,2,REG,37,21,6,4,8478872,K. Vejmelka,8479193,C. DeSmith
2024-12-03,2024020396,20242025,BOS,DET,3,2,2,2,OT,35,25,12,12,8476914,J. Korpisalo,8478024,V. Husso
2024-12-03,2024020397,20242025,BUF,COL,4,5,4,5,REG,30,41,2,4,8480045,U. Luukkonen,8475809,S. Wedgewood
2024-12-03,2024020398,20242025,MTL,NYI,2,1,1,1,OT,27,31,6,4,8478470,S. Montembeault,8478009,I. Sorokin
2024-12-03,2024020399,20242025,PIT,FLA,5,4,4,4,OT,16,41,4,4,8477465,T. Jarry,8481519,S. Knight
2024-12-03,2024020400,20242025,WSH,SJS,1,2,1,1,OT,28,31,18,6,8480313,L. Thompson,8478406,M. Blackwood
2024-12-03,2024020401,20242025,CAR,SEA,2,4,2,4,REG,19,28,4,2,8481611,P. Kochetkov,8478916,J. Daccord
2024-12-03,2024020402,20242025,MIN,VAN,3,2,2,2,OT,29,32,6,2,8479406,F. Gustavsson,8480947,K. Lankinen
2024-12-03,2024020403,20242025,WPG,STL,1,4,1,4,REG,23,32,6,4,8476945,C. Hellebuyck,8480981,J. Hofer
2024-12-03,2024020404,20242025,CGY,CBJ,3,0,3,0,REG,22,16,2,8,8478435,D. Vladar,8478007,E. Merzlikins
2024-12-03,2024020405,20242025,VGK,EDM,1,0,1,0,REG,16,28,0,0,8478499,A. Hill,8479973,S. Skinner
2024-12-04,2024020406,20242025,TOR,NSH,3,2,3,2,REG,28,24,4,6,8479361,J. Woll,8477424,J. Saros
2024-12-04,2024020407,20242025,CHI,BOS,2,4,2,4,REG,22,27,8,4,8475852,P. Mrazek,8480280,J. Swayman
2024-12-04,2024020408,20242025,ANA,VGK,1,4,1,4,REG,20,33,4,2,8476434,J. Gibson,8478492,I. Samsonov
2024-12-04,2024020409,20242025,LAK,DAL,3,2,3,2,REG,17,28,4,2,8479496,D. Rittich,8479979,J. Oettinger
2024-12-05,2024020410,20242025,BUF,WPG,2,3,2,2,OT,30,31,25,23,8480045,U. Luukkonen,8476945,C. Hellebuyck
2024-12-05,2024020411,20242025,MTL,NSH,3,0,3,0,REG,30,29,8,6,8478470,S. Montembeault,8481020,J. Annunen
2024-12-05,2024020412,20242025,OTT,DET,2,1,2,1,REG,32,20,8,12,8476999,L. Ullmark,8478024,V. Husso
2024-12-05,2024020413,20242025,TBL,SJS,8,1,8,1,REG,35,21,6,2,8476883,A. Vasilevskiy,8478406,M. Blackwood
2024-12-05,2024020414,20242025,PHI,FLA,5,7,5,7,REG,34,28,14,12,8482783,A. Kolosov,8481519,S. Knight
2024-12-05,2024020415,20242025,CAR,COL,5,3,5,3,REG,35,19,6,8,8481611,P. Kochetkov,8475809,S. Wedgewood
2024-12-05,2024020416,20242025,NYI,SEA,2,5,2,5,REG,29,25,4,6,8478009,I. Sorokin,8478916,J. Daccord
2024-12-05,2024020417,20242025,CGY,STL,3,4,3,3,OT,39,24,8,10,8478435,D. Vladar,8476412,J. Binnington
2024-12-05,2024020418,20242025,EDM,CBJ,6,3,6,3,REG,36,22,4,8,8475717,C. Pickard,8480193,D. Tarasov
2024-12-06,2024020419,20242025,TOR,WSH,1,3,1,3,REG,21,26,8,4,8476932,A. Stolarz,8479292,C. Lindgren
2024-12-06,2024020420,20242025,NJD,SEA,3,2,3,2,REG,36,19,4,4,8474593,J. Markstrom,8475831,P. Grubauer
2024-12-06,2024020421,20242025,NYR,PIT,4,2,4,2,REG,32,22,10,8,8478048,I. Shesterkin,8477968,A. Nedeljkovic
2024-12-06,2024020422,20242025,VAN,CBJ,5,2,5,2,REG,17,32,17,15,8480947,K. Lankinen,8478007,E. Merzlikins
2024-12-06,2024020423,20242025,VGK,DAL,3,2,3,2,REG,28,40,4,12,8478499,A. Hill,8479979,J. Oettinger
2024-12-06,2024020424,20242025,ANA,MIN,1,5,1,5,REG,27,33,8,6,8476434,J. Gibson,8479406,F. Gustavsson
2024-12-07,2024020425,20242025,BOS,PHI,4,3,3,3,OT,31,26,8,14,8480280,J. Swayman,8482783,A. Kolosov
2024-12-07,2024020426,20242025,BUF,UTA,2,5,2,5,REG,25,28,5,11,8480045,U. Luukkonen,8478872,K. Vejmelka
2024-12-07,2024020427,20242025,CHI,WPG,2,4,2,4,REG,14,29,4,2,8482821,A. Soderblom,8476945,C. Hellebuyck
2024-12-07,2024020428,20242025,NYI,CAR,4,3,4,3,REG,25,31,8,6,8478009,I. Sorokin,8481611,P. Kochetkov
2024-12-07,2024020429,20242025,FLA,SJS,3,1,3,1,REG,54,29,19,15,8475683,S. Bobrovsky,8478406,M. Blackwood
2024-12-07,2024020430,20242025,MTL,WSH,2,4,2,4,REG,24,35,6,4,8478470,S. Montembeault,8480313,L. Thompson
2024-12-07,2024020431,20242025,OTT,NSH,3,1,3,1,REG,30,37,7,11,8476999,L. Ullmark,8477424,J. Saros
2024-12-07,2024020432,20242025,DET,COL,1,2,1,2,REG,30,25,4,4,8478024,V. Husso,8480382,A. Georgiev
2024-12-07,2024020433,20242025,PIT,TOR,5,2,5,2,REG,29,27,6,10,8477465,T. Jarry,8479361,J. Woll
2024-12-07,2024020434,20242025,LAK,MIN,4,1,4,1,REG,34,23,9,9,8475311,D. Kuemper,8470594,M. Fleury
2024-12-07,2024020435,20242025,EDM,STL,4,2,4,2,REG,21,31,4,2,8479973,S. Skinner,8476412,J. Binnington
2024-12-08,2024020436,20242025,NYR,SEA,5,7,5,7,REG,37,22,4,4,8471734,J. Quick,8475831,P. Grubauer
2024-12-08,2024020437,20242025,VAN,TBL,2,4,2,4,REG,25,33,6,6,8480947,K. Lankinen,8476883,A. Vasilevskiy
2024-12-08,2024020438,20242025,OTT,NYI,2,4,2,4,REG,31,13,4,6,8476341,A. Forsberg,8478009,I. Sorokin
2024-12-08,2024020439,20242025,WPG,CBJ,1,4,1,4,REG,25,28,6,10,8477480,E. Comrie,8478007,E. Merzlikins
2024-12-08,2024020440,20242025,NJD,COL,0,4,0,4,REG,25,24,4,4,8474596,J. Allen,8475809,S. Wedgewood
2024-12-08,2024020441,20242025,PHI,UTA,2,4,2,4,REG,24,25,18,6,8481035,S. Ersson,8483530,J. Stauber
2024-12-08,2024020442,20242025,DAL,CGY,6,2,6,2,REG,28,31,6,8,8479979,J. Oettinger,8481692,D. Wolf
2024-12-09,2024020443,20242025,BUF,DET,5,6,5,5,SO,21,31,10,8,8473503,J. Reimer,8482657,S. Cossa
2024-12-09,2024020444,20242025,NYR,CHI,1,2,1,2,REG,30,32,4,4,8478048,I. Shesterkin,8482821,A. Soderblom
2024-12-09,2024020445,20242025,MTL,ANA,3,2,2,2,SO,21,29,11,9,8478470,S. Montembeault,8480843,L. Dostal
2024-12-10,2024020446,20242025,NJD,TOR,1,2,1,1,OT,39,17,6,8,8474593,J. Markstrom,8476932,A. Stolarz
2024-12-10,2024020447,20242025,PIT,COL,2,6,2,6,REG,27,27,8,8,8477465,T. Jarry,8475809,S. Wedgewood
2024-12-10,2024020448,20242025,CAR,SJS,3,2,3,2,REG,28,23,6,8,8481611,P. Kochetkov,8477970,V. Vanecek
2024-12-10,2024020449,20242025,CBJ,PHI,3,5,3,5,REG,18,25,11,9,8478007,E. Merzlikins,8481035,S. Ersson
2024-12-10,2024020450,20242025,NYI,LAK,1,3,1,3,REG,20,30,2,6,8478009,I. Sorokin,8475311,D. Kuemper
2024-12-10,2024020451,20242025,NSH,CGY,3,4,3,4,REG,20,28,4,2,8477424,J. Saros,8478435,D. Vladar
2024-12-10,2024020452,20242025,WPG,BOS,8,1,8,1,REG,35,24,29,37,8476945,C. Hellebuyck,8480280,J. Swayman
2024-12-10,2024020453,20242025,EDM,TBL,2,1,2,1,REG,25,22,4,4,8479973,S. Skinner,8476883,A. Vasilevskiy
2024-12-10,2024020454,20242025,UTA,MIN,4,5,4,4,SO,25,38,4,6,8478872,K. Vejmelka,8479406,F. Gustavsson
2024-12-10,2024020455,20242025,VAN,STL,3,4,3,3,OT,25,25,6,8,8477967,T. Demko,8480981,J. Hofer
2024-12-10,2024020456,20242025,SEA,FLA,1,2,1,1,SO,18,33,4,6,8478916,J. Daccord,8475683,S. Bobrovsky
2024-12-11,2024020457,20242025,BUF,NYR,2,3,2,3,REG,31,28,13,9,8480045,U. Luukkonen,8478048,I. Shesterkin
2024-12-11,2024020458,20242025,OTT,ANA,5,1,5,1,REG,34,32,15,25,8476999,L. Ullmark,8476434,J. Gibson
2024-12-12,2024020459,20242025,TOR,ANA,3,2,3,2,REG,33,28,2,4,8479361,J. Woll,8480843,L. Dostal
2024-12-12,2024020460,20242025,MTL,PIT,2,9,2,9,REG,23,33,6,8,8478470,S. Montembeault,8477465,T. Jarry
2024-12-12,2024020461,20242025,NJD,LAK,3,1,3,1,REG,26,14,2,2,8474593,J. Markstrom,8479496,D. Rittich
2024-12-12,2024020462,20242025,PHI,DET,4,1,4,1,REG,36,26,2,2,8482783,A. Kolosov,8475660,C. Talbot
2024-12-12,2024020463,20242025,CBJ,WSH,1,2,1,1,OT,33,37,2,10,8482982,J. Greaves,8479292,C. Lindgren
2024-12-12,2024020464,20242025,NYI,CHI,5,4,5,4,REG,21,30,4,6,8478009,I. Sorokin,8482821,A. Soderblom
2024-12-12,2024020465,20242025,STL,SJS,3,4,3,4,REG,20,31,11,11,8476412,J. Binnington,8480382,A. Georgiev
2024-12-12,2024020466,20242025,DAL,NSH,1,4,1,4,REG,36,26,4,4,8479979,J. Oettinger,8481020,J. Annunen
2024-12-12,2024020467,20242025,MIN,EDM,1,7,1,7,REG,30,35,13,11,8479406,F. Gustavsson,8475717,C. Pickard
2024-12-12,2024020468,20242025,WPG,VGK,2,3,2,2,OT,20,36,8,2,8476945,C. Hellebuyck,8478499,A. Hill
2024-12-12,2024020469,20242025,COL,UTA,1,4,1,4,REG,24,23,4,6,8475809,S. Wedgewood,8478872,K. Vejmelka
2024-12-12,2024020470,20242025,CGY,TBL,3,8,3,8,REG,22,26,6,0,8478435,D. Vladar,8476883,A. Vasilevskiy
2024-12-12,2024020471,20242025,VAN,FLA,4,0,4,0,REG,19,27,6,4,8480947,K. Lankinen,8475683,S. Bobrovsky
2024-12-12,2024020472,20242025,SEA,BOS,5,1,5,1,REG,21,34,2,6,8475831,P. Grubauer,8476914,J. Korpisalo
2024-12-13,2024020473,20242025,CAR,OTT,0,3,0,3,REG,32,22,6,4,8481611,P. Kochetkov,8476999,L. Ullmark
2024-12-14,2024020474,20242025,NJD,CHI,4,1,4,1,REG,24,17,6,6,8474593,J. Markstrom,8482123,D. Commesso
2024-12-14,2024020475,20242025,NYR,LAK,1,5,1,5,REG,32,32,11,11,8471734,J. Quick,8475311,D. Kuemper
2024-12-14,2024020476,20242025,MIN,PHI,4,1,4,1,REG,22,22,13,9,8470594,M. Fleury,8481035,S. Ersson
2024-12-14,2024020477,20242025,EDM,VGK,6,3,6,3,REG,34,42,2,4,8479973,S. Skinner,8478499,A. Hill
2024-12-14,2024020478,20242025,OTT,PIT,3,2,2,2,OT,31,27,0,4,8476999,L. Ullmark,8477465,T. Jarry
2024-12-14,2024020479,20242025,DET,TOR,4,2,4,2,REG,26,25,4,6,8478024,V. Husso,8479361,J. Woll
2024-12-14,2024020480,20242025,WSH,BUF,4,2,4,2,REG,31,21,9,11,8480313,L. Thompson,8480045,U. Luukkonen
2024-12-14,2024020481,20242025,CBJ,ANA,3,4,3,3,OT,42,27,2,4,8482982,J. Greaves,8476434,J. Gibson
2024-12-14,2024020482,20242025,WPG,MTL,4,2,4,2,REG,27,28,8,12,8476945,C. Hellebuyck,8478470,S. Montembeault
2024-12-14,2024020483,20242025,DAL,STL,2,1,1,1,OT,37,16,6,10,8479979,J. Oettinger,8476412,J. Binnington
2024-12-14,2024020484,20242025,COL,NSH,5,2,5,2,REG,33,39,6,8,8478406,M. Blackwood,8477424,J. Saros
2024-12-14,2024020485,20242025,CGY,FLA,3,0,3,0,REG,27,32,8,6,8481692,D. Wolf,8481519,S. Knight
2024-12-14,2024020486,20242025,VAN,BOS,1,5,1,5,REG,20,28,10,6,8477967,T. Demko,8480280,J. Swayman
2024-12-14,2024020487,20242025,SJS,UTA,3,4,3,4,REG,22,40,16,10,8477970,V. Vanecek,8478872,K. Vejmelka
2024-12-14,2024020488,20242025,SEA,TBL,1,5,1,5,REG,22,31,6,4,8475831,P. Grubauer,8477992,J. Johansson
2024-12-15,2024020489,20242025,CHI,NYI,5,3,5,3,REG,23,33,6,4,8482821,A. Soderblom,8478009,I. Sorokin
2024-12-15,2024020490,20242025,TOR,BUF,5,3,5,3,REG,41,27,4,18,8483710,D. Hildeby,8482221,D. Levi
2024-12-15,2024020491,20242025,CAR,CBJ,4,1,4,1,REG,28,28,10,4,8474682,D. Tokarski,8478007,E. Merzlikins
2024-12-15,2024020492,20242025,STL,NYR,3,2,3,2,REG,24,28,0,2,8480981,J. Hofer,8471734,J. Quick
2024-12-15,2024020493,20242025,MIN,VGK,2,3,2,3,REG,22,27,7,7,8482661,J. Wallstedt,8478492,I. Samsonov
2024-12-16,2024020494,20242025,DAL,WSH,3,1,3,1,REG,24,26,15,11,8479979,J. Oettinger,8479292,C. Lindgren
2024-12-16,2024020495,20242025,EDM,FLA,5,6,5,6,REG,30,28,13,11,8479973,S. Skinner,8475683,S. Bobrovsky
2024-12-16,2024020496,20242025,VAN,COL,3,1,3,1,REG,25,31,8,4,8477967,T. Demko,8478406,M. Blackwood
2024-12-17,2024020497,20242025,MTL,BUF,6,1,6,1,REG,27,21,10,12,8478470,S. Montembeault,8480045,U. Luukkonen
2024-12-17,2024020498,20242025,TBL,CBJ,5,3,5,3,REG,33,32,14,19,8476883,A. Vasilevskiy,8482982,J. Greaves
2024-12-17,2024020499,20242025,PIT,LAK,3,2,2,2,OT,31,31,6,6,8477968,A. Nedeljkovic,8475311,D. Kuemper
2024-12-17,2024020500,20242025,CAR,NYI,4,0,4,0,REG,29,32,4,6,8481611,P. Kochetkov,8478009,I. Sorokin
2024-12-17,2024020501,20242025,STL,NJD,1,4,1,4,REG,20,28,14,10,8476412,J. Binnington,8474593,J. Markstrom
2024-12-17,2024020502,20242025,NSH,NYR,2,0,2,0,REG,32,25,11,9,8477424,J. Saros,8478048,I. Shesterkin
2024-12-17,2024020503,20242025,CHI,WSH,3,2,3,2,REG,23,22,8,6,8482821,A. Soderblom,8480313,L. Thompson
2024-12-17,2024020504,20242025,CGY,BOS,3,4,3,3,OT,23,35,2,0,8481692,D. Wolf,8480280,J. Swayman
2024-12-17,2024020505,20242025,SEA,OTT,0,3,0,3,REG,30,27,8,10,8478916,J. Daccord,8476999,L. Ullmark
2024-12-17,2024020506,20242025,SJS,WPG,3,4,3,4,REG,35,33,4,6,8480382,A. Georgiev,8476945,C. Hellebuyck
2024-12-18,2024020507,20242025,DET,PHI,6,4,6,4,REG,24,19,2,6,8479312,A. Lyon,8481035,S. Ersson
2024-12-18,2024020508,20242025,DAL,TOR,3,5,3,5,REG,39,19,2,8,8479979,J. Oettinger,8479361,J. Woll
2024-12-18,2024020509,20242025,MIN,FLA,1,6,1,6,REG,27,33,16,16,8470594,M. Fleury,8475683,S. Bobrovsky
2024-12-18,2024020510,20242025,UTA,VAN,3,2,2,2,OT,31,26,6,6,8478872,K. Vejmelka,8477967,T. Demko
2024-12-18,2024020511,20242025,ANA,WPG,3,2,3,2,REG,31,23,8,6,8480843,L. Dostal,8477480,E. Comrie
2024-12-19,2024020512,20242025,TBL,STL,3,1,3,1,REG,18,32,9,11,8476883,A. Vasilevskiy,8476412,J. Binnington
2024-12-19,2024020513,20242025,PHI,LAK,3,7,3,7,REG,26,27,2,4,8482783,A. Kolosov,8475311,D. Kuemper
2024-12-19,2024020514,20242025,CBJ,NJD,4,2,4,2,REG,20,42,2,4,8478007,E. Merzlikins,8474596,J. Allen
2024-12-19,2024020515,20242025,NSH,PIT,4,5,4,4,OT,26,20,6,10,8477424,J. Saros,8477465,T. Jarry
2024-12-19,2024020516,20242025,CHI,SEA,3,1,3,1,REG,24,27,10,8,8482821,A. Soderblom,8478916,J. Daccord
2024-12-19,2024020517,20242025,CGY,OTT,2,3,2,2,OT,32,29,11,9,8478435,D. Vladar,8476999,L. Ullmark
2024-12-19,2024020518,20242025,EDM,BOS,3,2,2,2,OT,26,26,4,4,8479973,S. Skinner,8480280,J. Swayman
2024-12-19,2024020519,20242025,VGK,VAN,3,1,3,1,REG,21,20,4,2,8478499,A. Hill,8480947,K. Lankinen
2024-12-19,2024020520,20242025,SJS,COL,2,4,2,4,REG,34,31,10,8,8480382,A. Georgiev,8478406,M. Blackwood
2024-12-20,2024020521,20242025,BUF,TOR,3,6,3,6,REG,27,29,15,13,8473503,J. Reimer,8476899,M. Murray
2024-12-20,2024020522,20242025,DET,MTL,3,4,3,4,REG,28,33,4,8,8475660,C. Talbot,8478470,S. Montembeault
2024-12-20,2024020523,20242025,FLA,STL,2,1,1,1,OT,27,27,4,4,8475683,S. Bobrovsky,8480981,J. Hofer
2024-12-20,2024020524,20242025,WSH,CAR,3,1,3,1,REG,22,25,6,4,8479292,C. Lindgren,8481611,P. Kochetkov
2024-12-20,2024020525,20242025,DAL,NYR,1,3,1,3,REG,42,30,8,27,8479979,J. Oettinger,8478048,I. Shesterkin
2024-12-20,2024020526,20242025,MIN,UTA,1,2,1,2,REG,29,18,6,10,8470594,M. Fleury,8478872,K. Vejmelka
2024-12-20,2024020527,20242025,ANA,COL,2,4,2,4,REG,32,23,13,13,8476434,J. Gibson,8475809,S. Wedgewood
2024-12-21,2024020528,20242025,NSH,LAK,3,2,2,2,OT,26,24,2,4,8481020,J. Annunen,8475311,D. Kuemper
2024-12-21,2024020529,20242025,CGY,CHI,6,4,6,4,REG,30,28,32,36,8481692,D. Wolf,8475852,P. Mrazek
2024-12-21,2024020530,20242025,EDM,SJS,3,2,2,2,OT,42,22,2,4,8475717,C. Pickard,8482137,Y. Askarov
2024-12-21,2024020531,20242025,BOS,BUF,3,1,3,1,REG,19,20,6,6,8476914,J. Korpisalo,8473503,J. Reimer
2024-12-21,2024020532,20242025,TOR,NYI,3,6,3,6,REG,29,34,0,0,8479361,J. Woll,8478009,I. Sorokin
2024-12-21,2024020533,20242025,MTL,DET,5,1,5,1,REG,24,21,8,10,8478470,S. Montembeault,8479312,A. Lyon
2024-12-21,2024020534,20242025,NJD,PIT,3,0,3,0,REG,27,12,14,12,8474593,J. Markstrom,8477465,T. Jarry
2024-12-21,2024020535,20242025,PHI,CBJ,5,4,4,4,OT,30,25,4,8,8481035,S. Ersson,8478007,E. Merzlikins
2024-12-21,2024020536,20242025,WPG,MIN,5,0,5,0,REG,24,19,10,12,8476945,C. Hellebuyck,8482661,J. Wallstedt
2024-12-21,2024020537,20242025,VAN,OTT,4,5,4,4,OT,25,22,10,6,8480947,K. Lankinen,8482447,L. Meriläinen
2024-12-21,2024020538,20242025,VGK,SEA,6,2,6,2,REG,34,23,8,2,8478492,I. Samsonov,8475831,P. Grubauer
2024-12-22,2024020539,20242025,NYR,CAR,1,3,1,3,REG,23,33,10,8,8478048,I. Shesterkin,8481611,P. Kochetkov
2024-12-22,2024020540,20242025,TBL,FLA,2,4,2,4,REG,21,26,6,8,8476883,A. Vasilevskiy,8481519,S. Knight
2024-12-22,2024020541,20242025,WSH,LAK,3,1,3,1,REG,21,26,2,2,8480313,L. Thompson,8479496,D. Rittich
2024-12-22,2024020542,20242025,UTA,ANA,4,5,4,4,SO,25,30,12,10,8483530,J. Stauber,8480843,L. Dostal
2024-12-22,2024020543,20242025,COL,SEA,5,2,5,2,REG,29,19,2,8,8478406,M. Blackwood,8478916,J. Daccord
2024-12-22,2024020544,20242025,EDM,OTT,3,1,3,1,REG,21,21,4,12,8479973,S. Skinner,8482447,L. Meriläinen
2024-12-23,2024020545,20242025,NJD,NYR,5,0,5,0,REG,30,12,22,20,8474593,J. Markstrom,8471734,J. Quick
2024-12-23,2024020546,20242025,TOR,WPG,2,5,2,5,REG,25,27,9,11,8479361,J. Woll,8476945,C. Hellebuyck
2024-12-23,2024020547,20242025,BOS,WSH,4,1,4,1,REG,22,11,23,12,8480280,J. Swayman,8479292,C. Lindgren
2024-12-23,2024020548,20242025,DET,STL,0,4,0,4,REG,19,21,4,2,8475660,C. Talbot,8476412,J. Binnington
2024-12-23,2024020549,20242025,FLA,TBL,0,4,0,4,REG,36,29,26,37,8475683,S. Bobrovsky,8477992,J. Johansson
2024-12-23,2024020550,20242025,PIT,PHI,7,3,7,3,REG,22,27,0,6,8477465,T. Jarry,8481035,S. Ersson
2024-12-23,2024020551,20242025,CBJ,MTL,5,4,5,4,REG,32,31,4,6,8482982,J. Greaves,8478470,S. Montembeault
2024-12-23,2024020552,20242025,NYI,BUF,1,7,1,7,REG,28,25,12,8,8478009,I. Sorokin,8480045,U. Luukkonen
2024-12-23,2024020553,20242025,NSH,CAR,5,2,5,2,REG,25,27,4,6,8477424,J. Saros,8474682,D. Tokarski
2024-12-23,2024020554,20242025,MIN,CHI,4,3,4,3,REG,27,31,0,2,8479406,F. Gustavsson,8482821,A. Soderblom
2024-12-23,2024020555,20242025,VAN,SJS,4,3,4,3,REG,24,29,30,22,8477967,T. Demko,8482137,Y. Askarov
2024-12-23,2024020556,20242025,UTA,DAL,2,3,2,3,REG,26,29,6,4,8478872,K. Vejmelka,8479193,C. DeSmith
2024-12-23,2024020557,20242025,VGK,ANA,3,1,3,1,REG,33,32,8,6,8478499,A. Hill,8480843,L. Dostal
2024-12-27,2024020558,20242025,BUF,CHI,6,2,6,2,REG,35,17,4,4,8480045,U. Luukkonen,8482821,A. Soderblom
2024-12-27,2024020559,20242025,DET,TOR,2,5,2,5,REG,25,23,6,6,8475660,C. Talbot,8479361,J. Woll
2024-12-27,2024020560,20242025,NJD,CAR,4,2,4,2,REG,23,31,6,2,8474593,J. Markstrom,8481611,P. Kochetkov
2024-12-27,2024020561,20242025,CBJ,BOS,6,2,6,2,REG,33,26,4,6,8478007,E. Merzlikins,8476914,J. Korpisalo
2024-12-27,2024020562,20242025,STL,NSH,7,4,7,4,REG,30,30,15,15,8480981,J. Hofer,8477424,J. Saros
2024-12-27,2024020563,20242025,DAL,MIN,2,3,2,2,OT,29,18,2,6,8479979,J. Oettinger,8479406,F. Gustavsson
2024-12-27,2024020564,20242025,UTA,COL,1,4,1,4,REG,35,37,9,11,8478872,K. Vejmelka,8478406,M. Blackwood
2024-12-27,2024020565,20242025,SJS,VGK,3,6,3,6,REG,25,36,6,8,8480382,A. Georgiev,8478499,A. Hill
2024-12-28,2024020566,20242025,FLA,MTL,0,4,0,4,REG,34,25,7,7,8481519,S. Knight,8482487,J. Dobes
2024-12-28,2024020567,20242025,VAN,SEA,4,5,4,4,OT,22,29,8,6,8477967,T. Demko,8475831,P. Grubauer
2024-12-28,2024020568,20242025,ANA,PHI,1,3,1,3,REG,33,25,10,6,8480843,L. Dostal,8481035,S. Ersson
2024-12-28,2024020569,20242025,LAK,EDM,4,3,3,3,OT,29,27,4,2,8475311,D. Kuemper,8479973,S. Skinner
2024-12-28,2024020570,20242025,BOS,CBJ,4,0,4,0,REG,28,18,16,14,8480280,J. Swayman,8480193,D. Tarasov
2024-12-28,2024020571,20242025,TOR,WSH,2,5,2,5,REG,37,32,2,4,8476899,M. Murray,8480313,L. Thompson
2024-12-28,2024020572,20242025,TBL,NYR,6,2,6,2,REG,25,44,6,10,8476883,A. Vasilevskiy,8471734,J. Quick
2024-12-28,2024020573,20242025,CAR,NJD,5,2,5,2,REG,41,23,8,21,8474682,D. Tokarski,8474596,J. Allen
2024-12-28,2024020574,20242025,WPG,OTT,4,2,4,2,REG,23,35,8,6,8476945,C. Hellebuyck,8481544,M. Sogaard
2024-12-28,2024020575,20242025,NYI,PIT,6,3,6,3,REG,34,25,8,4,8478009,I. Sorokin,8477465,T. Jarry
2024-12-28,2024020576,20242025,SJS,CGY,1,3,1,3,REG,22,33,11,9,8482137,Y. Askarov,8481692,D. Wolf
2024-12-29,2024020577,20242025,CHI,DAL,1,5,1,5,REG,25,35,23,6,8482821,A. Soderblom,8479979,J. Oettinger
2024-12-29,2024020578,20242025,ANA,EDM,5,3,5,3,REG,32,23,8,12,8480843,L. Dostal,8475717,C. Pickard
2024-12-29,2024020579,20242025,DET,WSH,4,2,4,2,REG,27,27,8,8,8479312,A. Lyon,8479292,C. Lindgren
2024-12-29,2024020580,20242025,TBL,MTL,2,5,2,5,REG,23,37,4,6,8477992,J. Johansson,8478470,S. Montembeault
2024-12-29,2024020581,20242025,PIT,NYI,3,2,3,2,REG,41,31,4,4,8477968,A. Nedeljkovic,8477405,M. Hogberg
2024-12-29,2024020582,20242025,STL,BUF,2,4,2,4,REG,37,16,6,8,8476412,J. Binnington,8480045,U. Luukkonen
2024-12-29,2024020583,20242025,MIN,OTT,1,3,1,3,REG,31,37,11,11,8479406,F. Gustavsson,8482447,L. Meriläinen
2024-12-29,2024020584,20242025,VGK,CGY,3,0,3,0,REG,37,31,8,8,8478492,I. Samsonov,8478435,D. Vladar
2024-12-29,2024020585,20242025,LAK,PHI,5,4,5,4,REG,20,21,6,6,8479496,D. Rittich,8482783,A. Kolosov
2024-12-30,2024020586,20242025,FLA,NYR,5,3,5,3,REG,26,35,10,8,8475683,S. Bobrovsky,8478048,I. Shesterkin
2024-12-30,2024020587,20242025,WPG,NSH,3,0,3,0,REG,28,22,4,8,8476945,C. Hellebuyck,8477424,J. Saros
2024-12-30,2024020588,20242025,SEA,UTA,5,2,5,2,REG,33,30,6,8,8475831,P. Grubauer,8478872,K. Vejmelka
2024-12-31,2024020589,20242025,WSH,BOS,3,1,3,1,REG,27,27,10,10,8480313,L. Thompson,8480280,J. Swayman
2024-12-31,2024020590,20242025,TOR,NYI,3,1,3,1,REG,25,31,4,20,8479361,J. Woll,8478009,I. Sorokin
2024-12-31,2024020591,20242025,VGK,MTL,2,3,2,3,REG,29,22,0,2,8478499,A. Hill,8478470,S. Montembeault
2024-12-31,2024020592,20242025,CHI,STL,2,6,2,6,REG,30,28,13,15,8475852,P. Mrazek,8476412,J. Binnington
2024-12-31,2024020593,20242025,DET,PIT,4,2,4,2,REG,25,25,6,6,8479312,A. Lyon,8477968,A. Nedeljkovic
2024-12-31,2024020594,20242025,CBJ,CAR,4,3,3,3,SO,28,35,10,8,8478007,E. Merzlikins,8481611,P. Kochetkov
2024-12-31,2024020595,20242025,DAL,BUF,4,2,4,2,REG,33,23,0,2,8479193,C. DeSmith,8480045,U. Luukkonen
2024-12-31,2024020596,20242025,MIN,NSH,5,3,5,3,REG,38,46,16,35,8479406,F. Gustavsson,8481020,J. Annunen
2024-12-31,2024020597,20242025,COL,WPG,5,2,5,2,REG,38,22,0,2,8478406,M. Blackwood,8477480,E. Comrie
2024-12-31,2024020598,20242025,ANA,NJD,3,2,3,2,REG,26,34,10,12,8480843,L. Dostal,8474593,J. Markstrom
2024-12-31,2024020599,20242025,SJS,PHI,0,4,0,4,REG,22,34,8,4,8480382,A. Georgiev,8481035,S. Ersson
2024-12-31,2024020600,20242025,CGY,VAN,3,1,3,1,REG,29,24,25,25,8481692,D. Wolf,8480947,K. Lankinen
2024-12-31,2024020601,20242025,EDM,UTA,4,1,4,1,REG,38,27,6,8,8479973,S. Skinner,8483530,J. Stauber
2025-01-01,2024020602,20242025,LAK,NJD,3,0,3,0,REG,24,33,12,6,8475311,D. Kuemper,8474596,J. Allen
2025-01-02,2024020603,20242025,FLA,CAR,1,3,1,3,REG,26,40,6,4,8475683,S. Bobrovsky,8481611,P. Kochetkov
2025-01-02,2024020604,20242025,NYR,BOS,2,1,2,1,REG,27,33,2,2,8471734,J. Quick,8480280,J. Swayman
2025-01-02,2024020605,20242025,WSH,MIN,3,4,3,3,SO,31,33,4,6,8479292,C. Lindgren,8470594,M. Fleury
2025-01-02,2024020606,20242025,CBJ,DET,4,5,4,5,REG,25,26,10,0,8478007,E. Merzlikins,8475660,C. Talbot
2025-01-02,2024020607,20242025,NYI,TOR,1,2,1,2,REG,33,31,4,4,8478009,I. Sorokin,8479361,J. Woll
2025-01-02,2024020608,20242025,DAL,OTT,4,2,4,2,REG,25,13,8,10,8479979,J. Oettinger,8482447,L. Meriläinen
2025-01-02,2024020609,20242025,WPG,ANA,3,4,3,3,OT,30,24,0,4,8476945,C. Hellebuyck,8476434,J. Gibson
2025-01-02,2024020610,20242025,COL,BUF,6,5,5,5,OT,29,21,6,8,8475809,S. Wedgewood,8480045,U. Luukkonen
2025-01-02,2024020611,20242025,CGY,UTA,3,5,3,5,REG,26,26,18,18,8478435,D. Vladar,8478872,K. Vejmelka
2025-01-02,2024020612,20242025,VGK,PHI,5,2,5,2,REG,27,25,4,2,8478492,I. Samsonov,8482783,A. Kolosov
2025-01-02,2024020613,20242025,SEA,VAN,3,4,3,3,SO,27,22,6,6,8475831,P. Grubauer,8480947,K. Lankinen
2025-01-02,2024020614,20242025,SJS,TBL,2,1,2,1,REG,25,25,11,11,8482137,Y. Askarov,8476883,A. Vasilevskiy
2025-01-03,2024020615,20242025,FLA,PIT,3,2,2,2,SO,33,31,28,10,8481519,S. Knight,8477465,T. Jarry
2025-01-03,2024020616,20242025,CHI,MTL,4,2,4,2,REG,26,40,11,13,8482821,A. Soderblom,8478470,S. Montembeault
2025-01-03,2024020617,20242025,STL,OTT,4,0,4,0,REG,25,20,7,7,8476412,J. Binnington,8476341,A. Forsberg
2025-01-03,2024020618,20242025,EDM,ANA,3,2,3,2,REG,26,29,6,4,8479973,S. Skinner,8480843,L. Dostal
2025-01-03,2024020619,20242025,VAN,NSH,0,3,0,3,REG,27,19,9,11,8480947,K. Lankinen,8477424,J. Saros
2025-01-04,2024020620,20242025,WSH,NYR,7,4,7,4,REG,28,33,8,8,8480313,L. Thompson,8471734,J. Quick
2025-01-04,2024020621,20242025,WPG,DET,2,4,2,4,REG,23,29,6,4,8476945,C. Hellebuyck,8479312,A. Lyon
2025-01-04,2024020622,20242025,SJS,NJD,3,2,3,2,REG,24,30,2,8,8482137,Y. Askarov,8474593,J. Markstrom
2025-01-04,2024020623,20242025,TOR,BOS,6,4,6,4,REG,29,31,4,4,8479361,J. Woll,8480280,J. Swayman
2025-01-04,2024020624,20242025,CAR,MIN,0,4,0,4,REG,21,27,8,10,8481611,P. Kochetkov,8479406,F. Gustavsson
2025-01-04,2024020625,20242025,CBJ,STL,6,4,6,4,REG,39,33,9,9,8478007,E. Merzlikins,8480981,J. Hofer
2025-01-04,2024020626,20242025,COL,MTL,1,2,1,1,SO,23,23,8,12,8478406,M. Blackwood,8482487,J. Dobes
2025-01-04,2024020627,20242025,CGY,NSH,1,4,1,4,REG,32,28,11,13,8481692,D. Wolf,8481020,J. Annunen
2025-01-04,2024020628,20242025,DAL,UTA,3,2,2,2,OT,29,35,2,0,8479979,J. Oettinger,8478872,K. Vejmelka
2025-01-04,2024020629,20242025,LAK,TBL,2,1,2,1,REG,21,34,4,4,8475311,D. Kuemper,8476883,A. Vasilevskiy
2025-01-04,2024020630,20242025,VGK,BUF,3,1,3,1,REG,33,24,6,4,8478499,A. Hill,8473503,J. Reimer
2025-01-04,2024020631,20242025,SEA,EDM,2,4,2,4,REG,18,32,2,4,8475831,P. Grubauer,8475717,C. Pickard
2025-01-05,2024020632,20242025,CHI,NYR,2,6,2,6,REG,27,34,2,4,8482821,A. Soderblom,8475839,L. Domingue
2025-01-05,2024020633,20242025,BOS,NYI,4,5,4,4,OT,30,37,0,0,8476914,J. Korpisalo,8478009,I. Sorokin
2025-01-05,2024020634,20242025,CAR,PIT,4,3,3,3,OT,31,19,6,4,8474682,D. Tokarski,8477968,A. Nedeljkovic
2025-01-05,2024020635,20242025,TOR,PHI,3,2,2,2,OT,25,32,13,9,8483710,D. Hildeby,8478905,I. Fedotov
2025-01-05,2024020636,20242025,ANA,TBL,4,1,4,1,REG,26,37,4,2,8476434,J. Gibson,8477992,J. Johansson
2025-01-06,2024020637,20242025,BUF,WSH,4,3,3,3,SO,27,28,6,8,8480045,U. Luukkonen,8479292,C. Lindgren
2025-01-06,2024020638,20242025,MTL,VAN,5,4,4,4,OT,24,20,6,8,8478470,S. Montembeault,8480947,K. Lankinen
2025-01-06,2024020639,20242025,COL,FLA,3,1,3,1,REG,34,27,6,6,8478406,M. Blackwood,8475683,S. Bobrovsky
2025-01-06,2024020640,20242025,SEA,NJD,2,3,2,3,REG,24,29,5,7,8475831,P. Grubauer,8474593,J. Markstrom
2025-01-07,2024020641,20242025,BOS,EDM,0,4,0,4,REG,26,39,11,9,8480280,J. Swayman,8479973,S. Skinner
2025-01-07,2024020642,20242025,DET,OTT,3,2,2,2,OT,33,33,4,6,8475660,C. Talbot,8476341,A. Forsberg
2025-01-07,2024020643,20242025,NYR,DAL,4,5,4,4,OT,26,39,4,4,8471734,J. Quick,8479979,J. Oettinger
2025-01-07,2024020644,20242025,PHI,TOR,2,3,2,3,REG,32,17,15,13,8478905,I. Fedotov,8479361,J. Woll
2025-01-07,2024020645,20242025,PIT,CBJ,3,4,3,3,SO,23,29,4,2,8477465,T. Jarry,8478007,E. Merzlikins
2025-01-07,2024020646,20242025,MIN,STL,6,4,6,4,REG,26,33,2,0,8470594,M. Fleury,8476412,J. Binnington
2025-01-07,2024020647,20242025,WPG,NSH,5,2,5,2,REG,30,28,16,4,8476945,C. Hellebuyck,8477424,J. Saros
2025-01-07,2024020648,20242025,ANA,CGY,2,3,2,2,OT,28,33,19,6,8476434,J. Gibson,8481692,D. Wolf
2025-01-07,2024020649,20242025,SJS,VGK,2,4,2,4,REG,21,42,2,4,8480382,A. Georgiev,8478492,I. Samsonov
2025-01-08,2024020650,20242025,WSH,VAN,2,1,1,1,OT,18,31,14,10,8480313,L. Thompson,8480947,K. Lankinen
2025-01-08,2024020651,20242025,CHI,COL,3,1,3,1,REG,20,36,4,2,8475852,P. Mrazek,8481529,T. Miner
2025-01-08,2024020652,20242025,UTA,FLA,1,4,1,4,REG,26,33,6,10,8478872,K. Vejmelka,8475683,S. Bobrovsky
2025-04-17,2024020653,20242025,LAK,CGY,1,5,1,5,REG,31,29,4,6,8479496,D. Rittich,8478435,D. Vladar
2025-01-09,2024020654,20242025,OTT,BUF,0,4,0,4,REG,35,21,15,15,8476341,A. Forsberg,8480045,U. Luukkonen
2025-01-09,2024020655,20242025,TBL,BOS,4,1,4,1,REG,31,28,24,27,8476883,A. Vasilevskiy,8480280,J. Swayman
2025-01-09,2024020656,20242025,NYR,NJD,3,2,2,2,OT,32,23,6,6,8478048,I. Shesterkin,8474593,J. Markstrom
2025-01-09,2024020657,20242025,PHI,DAL,1,4,1,4,REG,28,23,2,4,8481035,S. Ersson,8479193,C. DeSmith
2025-01-09,2024020658,20242025,PIT,EDM,5,3,5,3,REG,26,43,8,4,8477968,A. Nedeljkovic,8479973,S. Skinner
2025-01-09,2024020659,20242025,CAR,TOR,6,3,6,3,REG,34,33,4,6,8481611,P. Kochetkov,8479361,J. Woll
2025-01-09,2024020660,20242025,CBJ,SEA,6,2,6,2,REG,24,31,6,2,8478007,E. Merzlikins,8475831,P. Grubauer
2025-01-09,2024020661,20242025,STL,ANA,6,2,6,2,REG,34,23,6,4,8480981,J. Hofer,8476434,J. Gibson
2025-01-09,2024020662,20242025,MIN,COL,1,6,1,6,REG,25,27,6,6,8479406,F. Gustavsson,8478406,M. Blackwood
2025-01-09,2024020663,20242025,VGK,NYI,0,4,0,4,REG,30,21,2,2,8478499,A. Hill,8478009,I. Sorokin
2025-01-10,2024020664,20242025,DET,CHI,5,3,5,3,REG,28,15,0,8,8475660,C. Talbot,8475852,P. Mrazek
2025-01-10,2024020665,20242025,WSH,MTL,2,3,2,2,OT,17,30,6,8,8480313,L. Thompson,8482487,J. Dobes
2025-01-10,2024020666,20242025,CAR,VAN,2,0,2,0,REG,20,14,8,8,8474682,D. Tokarski,8477967,T. Demko
2025-01-10,2024020667,20242025,WPG,LAK,1,2,1,1,OT,19,23,6,4,8477480,E. Comrie,8475311,D. Kuemper
2025-01-10,2024020668,20242025,UTA,SJS,2,1,2,1,REG,26,19,6,2,8478872,K. Vejmelka,8480382,A. Georgiev
2025-01-11,2024020669,20242025,FLA,BOS,3,4,3,3,OT,43,18,14,10,8475683,S. Bobrovsky,8480280,J. Swayman
2025-01-11,2024020670,20242025,BUF,SEA,2,6,2,6,REG,35,29,15,17,8480045,U. Luukkonen,8478916,J. Daccord
2025-01-11,2024020671,20242025,PIT,OTT,0,5,0,5,REG,29,22,14,20,8477465,T. Jarry,8482447,L. Meriläinen
2025-01-11,2024020672,20242025,TOR,VAN,0,3,0,3,REG,20,18,0,6,8483710,D. Hildeby,8480947,K. Lankinen
2025-01-11,2024020673,20242025,MTL,DAL,1,2,1,1,SO,31,36,4,8,8478470,S. Montembeault,8479979,J. Oettinger
2025-01-11,2024020674,20242025,NJD,TBL,3,2,2,2,OT,26,25,6,4,8474593,J. Markstrom,8476883,A. Vasilevskiy
2025-01-11,2024020675,20242025,PHI,ANA,6,0,6,0,REG,30,22,14,28,8481035,S. Ersson,8476434,J. Gibson
2025-01-11,2024020676,20242025,CHI,EDM,3,4,3,4,REG,22,34,4,4,8482821,A. Soderblom,8475717,C. Pickard
2025-01-11,2024020677,20242025,STL,CBJ,1,2,1,2,REG,32,30,4,6,8476412,J. Binnington,8482982,J. Greaves
2025-01-11,2024020678,20242025,WPG,COL,3,0,3,0,REG,29,22,4,0,8476945,C. Hellebuyck,8478406,M. Blackwood
2025-01-11,2024020679,20242025,NSH,WSH,1,4,1,4,REG,33,16,4,6,8477424,J. Saros,8480313,L. Thompson
2025-01-11,2024020680,20242025,UTA,NYI,1,2,1,2,REG,22,32,8,6,8478971,C. Ingram,8477405,M. Hogberg
2025-01-11,2024020681,20242025,CGY,LAK,2,1,2,1,REG,18,32,18,20,8481692,D. Wolf,8479496,D. Rittich
2025-01-11,2024020682,20242025,VGK,NYR,1,2,1,2,REG,30,26,2,6,8478492,I. Samsonov,8478048,I. Shesterkin
2025-01-11,2024020683,20242025,SJS,MIN,1,3,1,3,REG,37,22,0,4,8482137,Y. Askarov,8470594,M. Fleury
2025-01-12,2024020684,20242025,DET,SEA,6,2,6,2,REG,23,33,6,12,8475660,C. Talbot,8478916,J. Daccord
2025-01-12,2024020685,20242025,OTT,DAL,3,2,3,2,REG,27,26,8,6,8482447,L. Meriläinen,8479193,C. DeSmith
2025-01-12,2024020686,20242025,PIT,TBL,2,5,2,5,REG,33,19,2,8,8477465,T. Jarry,8477992,J. Johansson
2025-01-12,2024020687,20242025,CAR,ANA,2,3,2,2,OT,37,20,4,4,8481611,P. Kochetkov,8480843,L. Dostal
2025-01-12,2024020688,20242025,VGK,MIN,4,1,4,1,REG,37,16,9,15,8478499,A. Hill,8479406,F. Gustavsson
2025-01-13,2024020689,20242025,PHI,FLA,4,3,4,3,REG,29,23,6,14,8481035,S. Ersson,8475683,S. Bobrovsky
2025-01-13,2024020690,20242025,CHI,CGY,2,5,2,5,REG,25,36,6,15,8475852,P. Mrazek,8481692,D. Wolf
2025-01-13,2024020691,20242025,EDM,LAK,1,0,1,0,REG,30,30,4,6,8479973,S. Skinner,8475311,D. Kuemper
2025-01-14,2024020692,20242025,BOS,TBL,6,2,6,2,REG,24,45,16,18,8480280,J. Swayman,8476883,A. Vasilevskiy
2025-01-14,2024020693,20242025,TOR,DAL,1,4,1,4,REG,28,23,6,4,8479361,J. Woll,8479979,J. Oettinger
2025-01-14,2024020694,20242025,DET,SJS,3,6,3,6,REG,28,24,2,4,8478024,V. Husso,8480382,A. Georgiev
2025-01-14,2024020695,20242025,NJD,FLA,1,2,1,1,SO,27,28,4,6,8474593,J. Markstrom,8481519,S. Knight
2025-01-14,2024020696,20242025,PIT,SEA,2,4,2,4,REG,33,18,4,12,8477465,T. Jarry,8478916,J. Daccord
2025-01-14,2024020697,20242025,WSH,ANA,3,0,3,0,REG,25,19,2,4,8480313,L. Thompson,8476434,J. Gibson
2025-01-14,2024020698,20242025,CBJ,PHI,3,2,2,2,SO,28,25,6,4,8480193,D. Tarasov,8478905,I. Fedotov
2025-01-14,2024020699,20242025,NYI,OTT,0,2,0,2,REG,24,27,7,7,8477405,M. Hogberg,8482447,L. Meriläinen
2025-01-14,2024020700,20242025,STL,CGY,2,1,2,1,REG,25,28,4,4,8476412,J. Binnington,8478435,D. Vladar
2025-01-14,2024020701,20242025,NSH,VGK,5,3,5,3,REG,23,22,4,2,8481020,J. Annunen,8478492,I. Samsonov
2025-01-14,2024020702,20242025,WPG,VAN,6,1,6,1,REG,33,24,4,6,8476945,C. Hellebuyck,8480947,K. Lankinen
2025-01-14,2024020703,20242025,COL,NYR,3,2,2,2,OT,26,29,6,6,8478406,M. Blackwood,8478048,I. Shesterkin
2025-01-14,2024020704,20242025,UTA,MTL,3,5,3,5,REG,25,27,18,24,8478872,K. Vejmelka,8478470,S. Montembeault
2025-01-15,2024020705,20242025,BUF,CAR,4,2,4,2,REG,24,37,6,2,8480045,U. Luukkonen,8474682,D. Tokarski
2025-01-15,2024020706,20242025,MIN,EDM,3,5,3,5,REG,34,36,4,6,8479406,F. Gustavsson,8475717,C. Pickard
2025-01-16,2024020707,20242025,TOR,NJD,4,3,3,3,OT,41,24,6,4,8479361,J. Woll,8474593,J. Markstrom
2025-01-16,2024020708,20242025,OTT,WSH,0,1,0,0,OT,24,26,6,10,8482447,L. Meriläinen,8480313,L. Thompson
2025-01-16,2024020709,20242025,TBL,ANA,4,3,3,3,SO,35,37,6,12,8476883,A. Vasilevskiy,8480843,L. Dostal
2025-01-16,2024020710,20242025,FLA,DET,2,5,2,5,REG,43,20,10,8,8475683,S. Bobrovsky,8475660,C. Talbot
2025-01-16,2024020711,20242025,CBJ,SJS,4,1,4,1,REG,34,19,6,4,8478007,E. Merzlikins,8480382,A. Georgiev
2025-01-16,2024020712,20242025,NYI,PHI,3,5,3,5,REG,29,24,8,8,8478009,I. Sorokin,8481035,S. Ersson
2025-01-16,2024020713,20242025,STL,CGY,4,1,4,1,REG,29,29,9,13,8480981,J. Hofer,8481692,D. Wolf
2025-01-16,2024020714,20242025,NSH,CHI,3,2,2,2,SO,41,26,7,11,8477424,J. Saros,8482821,A. Soderblom
2025-01-16,2024020715,20242025,DAL,MTL,1,3,1,3,REG,33,24,4,6,8479979,J. Oettinger,8482487,J. Dobes
2025-01-16,2024020716,20242025,WPG,SEA,2,1,2,1,REG,36,18,2,4,8476945,C. Hellebuyck,8478916,J. Daccord
2025-01-16,2024020717,20242025,UTA,NYR,3,5,3,5,REG,31,25,6,6,8478872,K. Vejmelka,8478048,I. Shesterkin
2025-01-16,2024020718,20242025,COL,EDM,3,4,3,4,REG,25,28,8,4,8478406,M. Blackwood,8479973,S. Skinner
2025-01-16,2024020719,20242025,VAN,LAK,1,5,1,5,REG,21,21,21,15,8477967,T. Demko,8475311,D. Kuemper
2025-01-17,2024020720,20242025,BUF,PIT,2,5,2,5,REG,42,19,20,22,8480045,U. Luukkonen,8477968,A. Nedeljkovic
2025-01-17,2024020721,20242025,CAR,VGK,3,2,3,2,REG,28,31,6,6,8481611,P. Kochetkov,8478499,A. Hill
2025-01-18,2024020722,20242025,NJD,PHI,1,3,1,3,REG,13,18,4,4,8474596,J. Allen,8481035,S. Ersson
2025-01-18,2024020723,20242025,OTT,BOS,6,5,5,5,SO,44,28,17,15,8482447,L. Meriläinen,8480280,J. Swayman
2025-01-18,2024020724,20242025,COL,DAL,6,3,6,3,REG,36,29,8,6,8475809,S. Wedgewood,8479193,C. DeSmith
2025-01-18,2024020725,20242025,FLA,ANA,3,0,3,0,REG,45,34,17,4,8481519,S. Knight,8476434,J. Gibson
2025-01-18,2024020726,20242025,MTL,TOR,3,7,3,7,REG,35,34,8,10,8478470,S. Montembeault,8479361,J. Woll
2025-01-18,2024020727,20242025,TBL,DET,5,1,5,1,REG,22,39,14,8,8476883,A. Vasilevskiy,8475660,C. Talbot
2025-01-18,2024020728,20242025,NYR,CBJ,1,0,0,0,SO,26,27,4,2,8478048,I. Shesterkin,8480193,D. Tarasov
2025-01-18,2024020729,20242025,WSH,PIT,4,1,4,1,REG,32,19,6,10,8480313,L. Thompson,8482446,J. Blomqvist
2025-01-18,2024020730,20242025,WPG,CGY,1,3,1,3,REG,39,22,4,4,8477480,E. Comrie,8481692,D. Wolf
2025-01-18,2024020731,20242025,NYI,SJS,4,1,4,1,REG,31,19,2,2,8477405,M. Hogberg,8480382,A. Georgiev
2025-01-18,2024020732,20242025,CHI,VGK,5,3,5,3,REG,23,35,23,13,8475852,P. Mrazek,8478492,I. Samsonov
2025-01-18,2024020733,20242025,NSH,MIN,6,2,6,2,REG,38,29,23,21,8477424,J. Saros,8470594,M. Fleury
2025-01-18,2024020734,20242025,UTA,STL,4,2,4,2,REG,33,24,13,11,8478971,C. Ingram,8476412,J. Binnington
2025-01-18,2024020735,20242025,VAN,EDM,3,2,3,2,REG,27,15,29,33,8477967,T. Demko,8479973,S. Skinner
2025-01-18,2024020736,20242025,SEA,LAK,4,2,4,2,REG,22,30,4,6,8478916,J. Daccord,8475311,D. Kuemper
2025-01-19,2024020737,20242025,NJD,OTT,1,2,1,2,REG,26,20,6,2,8474593,J. Markstrom,8476341,A. Forsberg
2025-01-19,2024020738,20242025,MTL,NYR,5,4,4,4,OT,37,28,15,17,8482487,J. Dobes,8471734,J. Quick
2025-01-19,2024020739,20242025,DAL,DET,4,1,4,1,REG,25,34,6,2,8479979,J. Oettinger,8479312,A. Lyon
2025-01-20,2024020740,20242025,BOS,SJS,6,3,6,3,REG,33,28,2,4,8476914,J. Korpisalo,8482137,Y. Askarov
2025-01-20,2024020741,20242025,COL,MIN,1,3,1,3,REG,27,26,8,6,8478406,M. Blackwood,8470594,M. Fleury
2025-01-20,2024020742,20242025,SEA,BUF,6,4,6,4,REG,34,29,6,4,8478916,J. Daccord,8482221,D. Levi
2025-01-20,2024020743,20242025,VGK,STL,4,5,4,4,SO,32,28,4,4,8478499,A. Hill,8476412,J. Binnington
2025-01-20,2024020744,20242025,TOR,TBL,5,3,5,3,REG,28,30,4,2,8479361,J. Woll,8477992,J. Johansson
2025-01-20,2024020745,20242025,NYI,CBJ,3,1,3,1,REG,25,26,10,6,8478009,I. Sorokin,8478007,E. Merzlikins
2025-01-20,2024020746,20242025,CHI,CAR,3,4,3,3,OT,25,48,4,4,8475852,P. Mrazek,8475883,F. Andersen
2025-01-20,2024020747,20242025,UTA,WPG,5,2,5,2,REG,28,25,12,16,8478971,C. Ingram,8476945,C. Hellebuyck
2025-01-20,2024020748,20242025,LAK,PIT,1,5,1,5,REG,26,32,2,6,8479496,D. Rittich,8477968,A. Nedeljkovic
2025-01-21,2024020749,20242025,MTL,TBL,3,2,3,2,REG,22,35,8,4,8478470,S. Montembeault,8476883,A. Vasilevskiy
2025-01-21,2024020750,20242025,NYR,OTT,5,0,5,0,REG,29,20,10,14,8478048,I. Shesterkin,8476341,A. Forsberg
2025-01-21,2024020751,20242025,PHI,DET,2,1,1,1,OT,26,28,0,2,8481035,S. Ersson,8479312,A. Lyon
2025-01-21,2024020752,20242025,NSH,SJS,7,5,7,5,REG,41,24,8,6,8481020,J. Annunen,8480382,A. Georgiev
2025-01-21,2024020753,20242025,DAL,CAR,1,2,1,2,REG,23,19,6,6,8479979,J. Oettinger,8481611,P. Kochetkov
2025-01-21,2024020754,20242025,EDM,WSH,2,3,2,3,REG,32,14,6,6,8479973,S. Skinner,8480313,L. Thompson
2025-01-21,2024020755,20242025,VAN,BUF,2,3,2,3,REG,34,26,4,2,8477967,T. Demko,8480045,U. Luukkonen
2025-01-21,2024020756,20242025,ANA,FLA,2,5,2,5,REG,30,29,6,4,8480843,L. Dostal,8475683,S. Bobrovsky
2025-01-22,2024020757,20242025,TOR,CBJ,1,5,1,5,REG,29,19,9,15,8483710,D. Hildeby,8478007,E. Merzlikins
2025-01-22,2024020758,20242025,NJD,BOS,5,1,5,1,REG,34,23,6,14,8474596,J. Allen,8480280,J. Swayman
2025-01-22,2024020759,20242025,COL,WPG,2,3,2,2,OT,27,25,4,6,8478406,M. Blackwood,8476945,C. Hellebuyck
2025-01-22,2024020760,20242025,LAK,FLA,2,1,2,1,REG,28,28,4,4,8475311,D. Kuemper,8481519,S. Knight
2025-01-23,2024020761,20242025,BOS,OTT,2,0,2,0,REG,26,29,18,14,8476914,J. Korpisalo,8476341,A. Forsberg
2025-01-23,2024020762,20242025,DET,MTL,4,2,4,2,REG,45,29,4,8,8475660,C. Talbot,8478470,S. Montembeault
2025-01-23,2024020763,20242025,NYR,PHI,6,1,6,1,REG,37,34,6,4,8478048,I. Shesterkin,8481035,S. Ersson
2025-01-23,2024020764,20242025,CAR,CBJ,7,4,7,4,REG,43,22,4,6,8475883,F. Andersen,8480193,D. Tarasov
2025-01-23,2024020765,20242025,STL,VGK,2,4,2,4,REG,17,31,4,4,8480981,J. Hofer,8478492,I. Samsonov
2025-01-23,2024020766,20242025,MIN,UTA,0,4,0,4,REG,26,29,4,6,8479406,F. Gustavsson,8478872,K. Vejmelka
2025-01-23,2024020767,20242025,CGY,BUF,5,2,5,2,REG,26,34,29,11,8481692,D. Wolf,8480045,U. Luukkonen
2025-01-23,2024020768,20242025,EDM,VAN,6,2,6,2,REG,34,26,8,26,8475717,C. Pickard,8477967,T. Demko
2025-01-23,2024020769,20242025,ANA,PIT,5,1,5,1,REG,34,32,10,8,8476434,J. Gibson,8477968,A. Nedeljkovic
2025-01-23,2024020770,20242025,SEA,WSH,0,3,0,3,REG,22,32,0,2,8478916,J. Daccord,8479292,C. Lindgren
2025-01-23,2024020771,20242025,SJS,NSH,5,6,5,6,REG,35,38,27,36,8482137,Y. Askarov,8481020,J. Annunen
2025-01-24,2024020772,20242025,NYI,PHI,3,1,3,1,REG,27,30,2,6,8478009,I. Sorokin,8478905,I. Fedotov
2025-01-24,2024020773,20242025,CHI,TBL,3,4,3,3,OT,14,40,6,4,8482821,A. Soderblom,8477992,J. Johansson
2025-01-24,2024020774,20242025,DAL,VGK,4,3,4,3,REG,27,21,6,4,8479979,J. Oettinger,8478499,A. Hill
2025-01-24,2024020775,20242025,WPG,UTA,5,2,5,2,REG,29,19,6,2,8476945,C. Hellebuyck,8478971,C. Ingram
2025-01-25,2024020776,20242025,BOS,COL,3,1,3,1,REG,15,28,4,0,8480280,J. Swayman,8475809,S. Wedgewood
2025-01-25,2024020777,20242025,EDM,BUF,3,2,3,2,REG,34,41,6,2,8479973,S. Skinner,8473503,J. Reimer
2025-01-25,2024020778,20242025,SEA,PIT,4,1,4,1,REG,25,29,4,6,8478916,J. Daccord,8482446,J. Blomqvist
2025-01-25,2024020779,20242025,MTL,NJD,3,4,3,3,OT,32,44,2,2,8482487,J. Dobes,8474596,J. Allen
2025-01-25,2024020780,20242025,OTT,TOR,2,1,2,1,REG,23,29,4,6,8476341,A. Forsberg,8479361,J. Woll
2025-01-25,2024020781,20242025,DET,TBL,2,0,2,0,REG,32,28,8,8,8475660,C. Talbot,8476883,A. Vasilevskiy
2025-01-25,2024020782,20242025,CBJ,LAK,3,2,2,2,OT,24,33,2,2,8478007,E. Merzlikins,8475311,D. Kuemper
2025-01-25,2024020783,20242025,STL,DAL,0,2,0,2,REG,33,19,6,2,8476412,J. Binnington,8479193,C. DeSmith
2025-01-25,2024020784,20242025,MIN,CGY,4,5,4,5,REG,25,29,17,15,8470594,M. Fleury,8481692,D. Wolf
2025-01-25,2024020785,20242025,NYI,CAR,3,2,2,2,OT,27,27,7,11,8477405,M. Hogberg,8481611,P. Kochetkov
2025-01-25,2024020786,20242025,VAN,WSH,2,1,2,1,REG,25,33,6,6,8480947,K. Lankinen,8479292,C. Lindgren
2025-01-25,2024020787,20242025,ANA,NSH,5,2,5,2,REG,35,43,6,4,8480843,L. Dostal,8477424,J. Saros
2025-01-25,2024020788,20242025,SJS,FLA,2,7,2,7,REG,23,32,2,2,8482137,Y. Askarov,8475683,S. Bobrovsky
2025-01-26,2024020789,20242025,NYR,COL,4,5,4,5,REG,37,22,4,4,8478048,I. Shesterkin,8478406,M. Blackwood
2025-01-26,2024020790,20242025,OTT,UTA,3,1,3,1,REG,27,35,6,6,8482447,L. Meriläinen,8478872,K. Vejmelka
2025-01-26,2024020791,20242025,WPG,CGY,5,2,5,2,REG,27,22,10,6,8477480,E. Comrie,8478435,D. Vladar
2025-01-26,2024020792,20242025,CHI,MIN,2,4,2,4,REG,20,28,10,10,8475852,P. Mrazek,8479406,F. Gustavsson
2025-01-26,2024020793,20242025,VGK,FLA,4,1,4,1,REG,26,34,6,4,8478499,A. Hill,8481519,S. Knight
2025-01-27,2024020794,20242025,DET,LAK,5,2,5,2,REG,28,25,2,6,8475660,C. Talbot,8475311,D. Kuemper
2025-01-27,2024020795,20242025,PHI,NJD,4,2,4,2,REG,26,33,8,6,8481035,S. Ersson,8474596,J. Allen
2025-01-27,2024020796,20242025,STL,VAN,2,5,2,5,REG,26,30,9,15,8480981,J. Hofer,8480947,K. Lankinen
2025-01-27,2024020797,20242025,EDM,SEA,4,2,4,2,REG,31,28,6,2,8475717,C. Pickard,8478916,J. Daccord
2025-01-27,2024020798,20242025,SJS,PIT,2,1,2,1,REG,28,30,8,6,8482137,Y. Askarov,8477968,A. Nedeljkovic
2025-01-28,2024020799,20242025,BUF,BOS,7,2,7,2,REG,33,27,4,16,8480045,U. Luukkonen,8480280,J. Swayman
2025-01-28,2024020800,20242025,MTL,WPG,1,4,1,4,REG,25,24,6,0,8478470,S. Montembeault,8476945,C. Hellebuyck
2025-01-28,2024020801,20242025,TBL,CHI,1,4,1,4,REG,35,21,15,17,8477992,J. Johansson,8482821,A. Soderblom
2025-01-28,2024020802,20242025,NYR,CAR,0,4,0,4,REG,22,26,9,11,8478048,I. Shesterkin,8475883,F. Andersen
2025-01-28,2024020803,20242025,NYI,COL,5,2,5,2,REG,28,32,4,0,8478009,I. Sorokin,8478406,M. Blackwood
2025-01-28,2024020804,20242025,CGY,WSH,1,3,1,3,REG,33,23,10,10,8481692,D. Wolf,8480313,L. Thompson
2025-01-28,2024020805,20242025,VGK,DAL,3,4,3,3,OT,28,28,6,4,8478499,A. Hill,8479979,J. Oettinger
2025-01-28,2024020806,20242025,SEA,ANA,4,6,4,6,REG,30,23,8,10,8475831,P. Grubauer,8480843,L. Dostal
2025-01-29,2024020807,20242025,TOR,MIN,1,3,1,3,REG,33,25,2,2,8479361,J. Woll,8479406,F. Gustavsson
2025-01-29,2024020808,20242025,FLA,LAK,3,0,3,0,REG,39,29,6,10,8475683,S. Bobrovsky,8475311,D. Kuemper
2025-01-29,2024020809,20242025,NJD,PHI,5,0,5,0,REG,26,24,16,16,8474596,J. Allen,8481035,S. Ersson
2025-01-29,2024020810,20242025,NSH,VAN,1,3,1,3,REG,32,22,6,4,8477424,J. Saros,8477967,T. Demko
2025-01-29,2024020811,20242025,UTA,PIT,2,3,2,2,OT,29,29,7,7,8478971,C. Ingram,8477968,A. Nedeljkovic
2025-01-30,2024020812,20242025,BOS,WPG,2,6,2,6,REG,28,28,18,6,8476914,J. Korpisalo,8476945,C. Hellebuyck
2025-01-30,2024020813,20242025,MTL,MIN,0,4,0,4,REG,19,27,2,2,8482487,J. Dobes,8470594,M. Fleury
2025-01-30,2024020814,20242025,OTT,WSH,5,4,4,4,OT,34,35,12,6,8476341,A. Forsberg,8479292,C. Lindgren
2025-01-30,2024020815,20242025,TBL,LAK,3,0,3,0,REG,33,28,2,4,8476883,A. Vasilevskiy,8479496,D. Rittich
2025-01-30,2024020816,20242025,PHI,NYI,0,3,0,3,REG,23,28,11,13,8478905,I. Fedotov,8478009,I. Sorokin
2025-01-30,2024020817,20242025,CAR,CHI,3,2,3,2,REG,27,20,6,4,8481611,P. Kochetkov,8482821,A. Soderblom
2025-01-30,2024020818,20242025,CGY,ANA,4,1,4,1,REG,30,31,17,13,8481692,D. Wolf,8476434,J. Gibson
2025-01-30,2024020819,20242025,EDM,DET,2,3,2,2,SO,47,35,6,8,8479973,S. Skinner,8479312,A. Lyon
2025-01-30,2024020820,20242025,VGK,CBJ,1,2,1,1,OT,26,24,2,2,8478492,I. Samsonov,8478007,E. Merzlikins
2025-01-30,2024020821,20242025,SEA,SJS,6,2,6,2,REG,33,28,9,9,8478916,J. Daccord,8480382,A. Georgiev
2025-01-31,2024020822,20242025,BUF,NSH,4,3,4,3,REG,27,31,8,4,8480045,U. Luukkonen,8481020,J. Annunen
2025-01-31,2024020823,20242025,DAL,VAN,5,3,5,3,REG,16,29,10,4,8479979,J. Oettinger,8477967,T. Demko
2025-01-31,2024020824,20242025,COL,STL,5,0,5,0,REG,36,19,4,8,8478406,M. Blackwood,8480981,J. Hofer
2025-01-31,2024020825,20242025,UTA,CBJ,2,3,2,2,OT,34,23,4,6,8478872,K. Vejmelka,8480193,D. Tarasov
2025-02-01,2024020826,20242025,FLA,CHI,5,1,5,1,REG,44,25,8,10,8475683,S. Bobrovsky,8475852,P. Mrazek
2025-02-01,2024020827,20242025,BOS,NYR,6,3,6,3,REG,25,25,4,6,8480280,J. Swayman,8478048,I. Shesterkin
2025-02-01,2024020828,20242025,OTT,MIN,6,0,6,0,REG,52,16,10,31,8482447,L. Meriläinen,8479406,F. Gustavsson
2025-02-01,2024020829,20242025,TBL,NYI,2,3,2,2,OT,31,36,9,11,8476883,A. Vasilevskiy,8478009,I. Sorokin
2025-02-01,2024020830,20242025,PIT,NSH,3,0,3,0,REG,36,25,4,8,8477968,A. Nedeljkovic,8477424,J. Saros
2025-02-01,2024020831,20242025,WSH,WPG,4,5,4,4,OT,29,30,6,4,8480313,L. Thompson,8476945,C. Hellebuyck
2025-02-01,2024020832,20242025,CAR,LAK,2,4,2,4,REG,28,26,7,11,8475883,F. Andersen,8475311,D. Kuemper
2025-02-01,2024020833,20242025,EDM,TOR,3,4,3,4,REG,48,28,6,6,8479973,S. Skinner,8479361,J. Woll
2025-02-01,2024020834,20242025,CGY,DET,1,3,1,3,REG,34,25,0,4,8481692,D. Wolf,8475660,C. Talbot
2025-02-02,2024020835,20242025,BUF,NJD,4,3,4,3,REG,34,24,10,21,8480045,U. Luukkonen,8474596,J. Allen
2025-02-02,2024020836,20242025,COL,PHI,2,0,2,0,REG,32,24,2,4,8478406,M. Blackwood,8481035,S. Ersson
2025-02-02,2024020837,20242025,ANA,MTL,3,2,3,2,REG,22,23,13,13,8480843,L. Dostal,8478470,S. Montembeault
2025-02-02,2024020838,20242025,FLA,NYI,6,3,6,3,REG,33,34,8,6,8481519,S. Knight,8480819,J. Skarek
2025-02-02,2024020839,20242025,NYR,VGK,4,2,4,2,REG,28,36,9,11,8471734,J. Quick,8478499,A. Hill
2025-02-02,2024020840,20242025,DAL,CBJ,5,3,5,3,REG,39,30,6,6,8479193,C. DeSmith,8478007,E. Merzlikins
2025-02-02,2024020841,20242025,UTA,STL,1,2,1,2,REG,25,29,11,13,8478971,C. Ingram,8476412,J. Binnington
2025-02-02,2024020842,20242025,VAN,DET,2,3,2,2,OT,27,18,2,0,8480947,K. Lankinen,8479312,A. Lyon
2025-02-02,2024020843,20242025,SEA,CGY,2,3,2,3,REG,31,35,10,8,8478916,J. Daccord,8478435,D. Vladar
2025-02-03,2024020844,20242025,NSH,OTT,2,5,2,5,REG,27,39,12,4,8477424,J. Saros,8476341,A. Forsberg
2025-02-04,2024020845,20242025,BOS,MIN,3,0,3,0,REG,35,36,8,6,8480280,J. Swayman,8470594,M. Fleury
2025-02-04,2024020846,20242025,BUF,CBJ,3,2,3,2,REG,21,29,7,7,8473503,J. Reimer,8478007,E. Merzlikins
2025-02-04,2024020847,20242025,TBL,OTT,4,3,4,3,REG,38,28,4,8,8476883,A. Vasilevskiy,8476999,L. Ullmark
2025-02-04,2024020848,20242025,PIT,NJD,2,3,2,2,SO,27,21,10,10,8477968,A. Nedeljkovic,8482076,N. Daws
2025-02-04,2024020849,20242025,WSH,FLA,6,3,6,3,REG,26,33,4,8,8480313,L. Thompson,8475683,S. Bobrovsky
2025-02-04,2024020850,20242025,NYI,VGK,2,1,2,1,REG,14,34,2,2,8478009,I. Sorokin,8478492,I. Samsonov
2025-02-04,2024020851,20242025,STL,EDM,2,3,2,2,OT,22,39,6,2,8476412,J. Binnington,8479973,S. Skinner
2025-02-04,2024020852,20242025,WPG,CAR,3,0,3,0,REG,30,29,2,6,8477480,E. Comrie,8481611,P. Kochetkov
2025-02-04,2024020853,20242025,CGY,TOR,3,6,3,6,REG,26,30,8,10,8481692,D. Wolf,8479361,J. Woll
2025-02-04,2024020854,20242025,UTA,PHI,3,2,2,2,OT,42,20,7,11,8478872,K. Vejmelka,8481035,S. Ersson
2025-02-04,2024020855,20242025,VAN,COL,3,0,3,0,REG,31,25,13,31,8477967,T. Demko,8478406,M. Blackwood
2025-02-04,2024020856,20242025,ANA,DAL,2,1,2,1,REG,28,27,2,6,8476434,J. Gibson,8479979,J. Oettinger
2025-02-04,2024020857,20242025,SEA,DET,4,5,4,4,SO,27,40,8,2,8478916,J. Daccord,8475660,C. Talbot
2025-02-04,2024020858,20242025,SJS,MTL,3,4,3,4,REG,30,20,8,8,8480382,A. Georgiev,8478470,S. Montembeault
2025-02-05,2024020859,20242025,NYR,BOS,3,2,3,2,REG,22,17,6,6,8478048,I. Shesterkin,8476914,J. Korpisalo
2025-02-05,2024020860,20242025,CHI,EDM,3,4,3,3,OT,32,38,6,2,8482821,A. Soderblom,8475717,C. Pickard
2025-02-05,2024020861,20242025,LAK,MTL,6,3,6,3,REG,37,21,6,4,8475311,D. Kuemper,8482487,J. Dobes
2025-02-06,2024020862,20242025,TBL,OTT,5,1,5,1,REG,31,28,4,6,8476883,A. Vasilevskiy,8476341,A. Forsberg
2025-02-06,2024020863,20242025,NJD,VGK,1,3,1,3,REG,15,40,10,2,8474596,J. Allen,8478499,A. Hill
2025-02-06,2024020864,20242025,PHI,WSH,3,4,3,4,REG,22,18,4,4,8478905,I. Fedotov,8479292,C. Lindgren
2025-02-06,2024020865,20242025,CBJ,UTA,2,3,2,2,OT,22,33,11,9,8478007,E. Merzlikins,8478971,C. Ingram
2025-02-06,2024020866,20242025,STL,FLA,2,3,2,3,REG,22,34,7,9,8480981,J. Hofer,8481519,S. Knight
2025-02-06,2024020867,20242025,MIN,CAR,2,1,2,1,REG,24,38,4,6,8479406,F. Gustavsson,8475883,F. Andersen
2025-02-06,2024020868,20242025,CGY,COL,2,4,2,4,REG,29,34,11,15,8481692,D. Wolf,8478406,M. Blackwood
2025-02-06,2024020869,20242025,SEA,TOR,1,3,1,3,REG,27,30,11,13,8478916,J. Daccord,8476932,A. Stolarz
2025-02-06,2024020870,20242025,SJS,VAN,1,2,1,1,OT,34,24,8,4,8477970,V. Vanecek,8477967,T. Demko
2025-02-07,2024020871,20242025,NYR,PIT,2,3,2,3,REG,24,26,4,4,8478048,I. Shesterkin,8477968,A. Nedeljkovic
2025-02-07,2024020872,20242025,WPG,NYI,4,3,4,3,REG,27,35,6,4,8476945,C. Hellebuyck,8478009,I. Sorokin
2025-02-07,2024020873,20242025,CHI,NSH,6,2,6,2,REG,30,33,11,11,8475852,P. Mrazek,8477424,J. Saros
2025-02-07,2024020874,20242025,EDM,COL,4,5,4,5,REG,27,31,12,10,8475717,C. Pickard,8478406,M. Blackwood
2025-02-07,2024020875,20242025,LAK,DAL,5,4,4,4,SO,37,30,9,9,8479496,D. Rittich,8479979,J. Oettinger
2025-02-08,2024020876,20242025,MTL,NJD,0,4,0,4,REG,34,22,4,4,8478470,S. Montembeault,8474596,J. Allen
2025-02-08,2024020877,20242025,DET,TBL,3,6,3,6,REG,37,18,10,4,8475660,C. Talbot,8476883,A. Vasilevskiy
2025-02-08,2024020878,20242025,CAR,UTA,7,3,7,3,REG,38,39,10,4,8481611,P. Kochetkov,8478872,K. Vejmelka
2025-02-08,2024020879,20242025,BOS,VGK,3,4,3,4,REG,24,38,15,9,8480280,J. Swayman,8478492,I. Samsonov
2025-02-08,2024020880,20242025,FLA,OTT,5,1,5,1,REG,48,27,6,10,8475683,S. Bobrovsky,8476999,L. Ullmark
2025-02-08,2024020881,20242025,PHI,PIT,3,2,3,2,REG,20,33,4,2,8481035,S. Ersson,8482446,J. Blomqvist
2025-02-08,2024020882,20242025,CBJ,NYR,3,4,3,4,REG,25,40,2,2,8478007,E. Merzlikins,8471734,J. Quick
2025-02-08,2024020883,20242025,STL,CHI,6,5,5,5,SO,40,21,0,4,8476412,J. Binnington,8482821,A. Soderblom
2025-02-08,2024020884,20242025,VAN,TOR,2,1,2,1,REG,25,28,4,4,8480947,K. Lankinen,8479361,J. Woll
2025-02-08,2024020885,20242025,NSH,BUF,6,4,6,4,REG,23,29,6,6,8481020,J. Annunen,8480045,U. Luukkonen
2025-02-08,2024020886,20242025,MIN,NYI,6,3,6,3,REG,33,35,4,4,8479406,F. Gustavsson,8478009,I. Sorokin
2025-02-08,2024020887,20242025,CGY,SEA,2,3,2,2,OT,29,28,10,6,8481692,D. Wolf,8478916,J. Daccord
2025-02-08,2024020888,20242025,LAK,ANA,1,2,1,1,SO,45,26,4,6,8479496,D. Rittich,8480843,L. Dostal
2025-02-08,2024020889,20242025,SJS,DAL,3,8,3,8,REG,27,34,4,4,8477970,V. Vanecek,8479193,C. DeSmith
2025-02-09,2024020890,20242025,WSH,UTA,4,5,4,4,SO,42,27,2,4,8480313,L. Thompson,8478872,K. Vejmelka
2025-02-09,2024020891,20242025,MTL,TBL,3,5,3,5,REG,35,21,4,6,8478470,S. Montembeault,8476883,A. Vasilevskiy
2025-02-22,2024020892,20242025,PHI,EDM,6,3,6,3,REG,32,18,2,4,8481035,S. Ersson,8479973,S. Skinner
2025-02-22,2024020893,20242025,PIT,WSH,3,8,3,8,REG,32,30,10,6,8477968,A. Nedeljkovic,8480313,L. Thompson
2025-02-22,2024020894,20242025,DET,MIN,3,4,3,3,OT,30,39,10,12,8475660,C. Talbot,8470594,M. Fleury
2025-02-22,2024020895,20242025,BUF,NYR,8,2,8,2,REG,33,28,8,6,8480045,U. Luukkonen,8471734,J. Quick
2025-02-22,2024020896,20242025,FLA,SEA,1,2,1,2,REG,27,22,2,2,8475683,S. Bobrovsky,8478916,J. Daccord
2025-02-22,2024020897,20242025,NJD,DAL,2,4,2,4,REG,33,26,6,8,8474596,J. Allen,8479193,C. DeSmith
2025-02-22,2024020898,20242025,NSH,COL,2,1,2,1,REG,17,32,2,4,8477424,J. Saros,8475809,S. Wedgewood
2025-02-22,2024020899,20242025,BOS,ANA,2,3,2,2,OT,30,29,4,10,8480280,J. Swayman,8476434,J. Gibson
2025-02-22,2024020900,20242025,TOR,CAR,6,3,6,3,REG,23,35,6,6,8476932,A. Stolarz,8481611,P. Kochetkov
2025-02-22,2024020901,20242025,OTT,MTL,2,5,2,5,REG,27,25,9,13,8476999,L. Ullmark,8478470,S. Montembeault
2025-02-22,2024020902,20242025,CBJ,CHI,5,1,5,1,REG,21,28,13,7,8478007,E. Merzlikins,8475852,P. Mrazek
2025-02-22,2024020903,20242025,STL,WPG,3,4,3,3,SO,24,28,6,10,8480981,J. Hofer,8477480,E. Comrie
2025-02-22,2024020904,20242025,LAK,UTA,5,3,5,3,REG,26,28,4,4,8475311,D. Kuemper,8478971,C. Ingram
2025-02-22,2024020905,20242025,VGK,VAN,3,1,3,1,REG,35,34,8,6,8478499,A. Hill,8480947,K. Lankinen
2025-02-23,2024020906,20242025,WSH,EDM,7,3,7,3,REG,35,25,6,4,8479292,C. Lindgren,8475717,C. Pickard
2025-02-23,2024020907,20242025,PIT,NYR,3,5,3,5,REG,40,16,2,6,8482446,J. Blomqvist,8478048,I. Shesterkin
2025-02-23,2024020908,20242025,DET,ANA,5,4,4,4,OT,36,28,6,12,8479312,A. Lyon,8480843,L. Dostal
2025-02-23,2024020909,20242025,TBL,SEA,4,1,4,1,REG,24,37,2,0,8476883,A. Vasilevskiy,8478848,A. Stezka
2025-02-23,2024020910,20242025,STL,COL,3,1,3,1,REG,25,29,9,7,8476412,J. Binnington,8478406,M. Blackwood
2025-02-23,2024020911,20242025,NSH,NJD,0,5,0,5,REG,29,36,2,8,8481020,J. Annunen,8482076,N. Daws
2025-02-23,2024020912,20242025,CHI,TOR,2,5,2,5,REG,27,30,4,2,8482821,A. Soderblom,8479361,J. Woll
2025-02-23,2024020913,20242025,NYI,DAL,3,4,3,4,REG,37,29,22,19,8478009,I. Sorokin,8479979,J. Oettinger
2025-02-23,2024020914,20242025,CGY,SJS,3,2,3,2,REG,36,29,8,24,8481692,D. Wolf,8480382,A. Georgiev
2025-02-23,2024020915,20242025,UTA,VAN,2,1,2,1,REG,32,16,10,10,8478872,K. Vejmelka,8481668,A. Silovs
2025-02-24,2024020916,20242025,WPG,SJS,2,1,1,1,OT,35,18,8,6,8476945,C. Hellebuyck,8477970,V. Vanecek
2025-02-24,2024020917,20242025,LAK,VGK,5,2,5,2,REG,19,23,6,8,8475311,D. Kuemper,8478492,I. Samsonov
2025-02-25,2024020918,20242025,BOS,TOR,4,5,4,4,OT,36,29,6,12,8480280,J. Swayman,8476932,A. Stolarz
2025-02-25,2024020919,20242025,BUF,ANA,3,2,3,2,REG,37,18,15,15,8480045,U. Luukkonen,8480843,L. Dostal
2025-02-25,2024020920,20242025,MTL,CAR,4,0,4,0,REG,18,20,6,10,8478470,S. Montembeault,8475883,F. Andersen
2025-02-25,2024020921,20242025,TBL,EDM,4,1,4,1,REG,36,24,2,6,8476883,A. Vasilevskiy,8479973,S. Skinner
2025-02-25,2024020922,20242025,PHI,PIT,6,1,6,1,REG,38,24,4,6,8481035,S. Ersson,8477968,A. Nedeljkovic
2025-02-25,2024020923,20242025,WSH,CGY,1,3,1,3,REG,27,25,6,8,8480313,L. Thompson,8478435,D. Vladar
2025-02-25,2024020924,20242025,CBJ,DAL,6,4,6,4,REG,29,22,6,4,8478007,E. Merzlikins,8479979,J. Oettinger
2025-02-25,2024020925,20242025,NYI,NYR,1,5,1,5,REG,37,18,2,2,8478009,I. Sorokin,8478048,I. Shesterkin
2025-02-25,2024020926,20242025,STL,SEA,7,2,7,2,REG,27,27,4,4,8476412,J. Binnington,8483668,N. Kokko
2025-02-25,2024020927,20242025,NSH,FLA,1,4,1,4,REG,18,25,22,16,8477424,J. Saros,8481519,S. Knight
2025-02-25,2024020928,20242025,MIN,DET,2,3,2,3,REG,24,16,4,6,8479406,F. Gustavsson,8475660,C. Talbot
2025-02-25,2024020929,20242025,UTA,CHI,2,1,2,1,REG,37,22,6,12,8478872,K. Vejmelka,8482821,A. Soderblom
2025-02-26,2024020930,20242025,OTT,WPG,1,4,1,4,REG,24,39,15,11,8476999,L. Ullmark,8476945,C. Hellebuyck
2025-02-26,2024020931,20242025,COL,NJD,5,1,5,1,REG,37,23,4,8,8478406,M. Blackwood,8474596,J. Allen
2025-02-26,2024020932,20242025,LAK,VAN,2,3,2,2,OT,26,17,4,6,8479496,D. Rittich,8480947,K. Lankinen
2025-02-27,2024020933,20242025,BOS,NYI,1,2,1,2,REG,39,20,4,6,8480280,J. Swayman,8478009,I. Sorokin
2025-02-27,2024020934,20242025,MTL,SJS,4,3,3,3,OT,33,26,5,9,8478470,S. Montembeault,8480382,A. Georgiev
2025-02-27,2024020935,20242025,DET,CBJ,2,5,2,5,REG,31,30,4,6,8475660,C. Talbot,8480193,D. Tarasov
2025-02-27,2024020936,20242025,TBL,CGY,3,0,3,0,REG,22,28,18,8,8476883,A. Vasilevskiy,8481692,D. Wolf
2025-02-27,2024020937,20242025,FLA,EDM,4,3,4,3,REG,36,27,9,17,8475683,S. Bobrovsky,8479973,S. Skinner
2025-02-27,2024020938,20242025,PIT,PHI,5,4,4,4,OT,25,37,4,2,8482446,J. Blomqvist,8481035,S. Ersson
2025-02-27,2024020939,20242025,WSH,STL,2,5,2,5,REG,18,19,2,4,8479292,C. Lindgren,8480981,J. Hofer
2025-02-27,2024020940,20242025,CAR,BUF,5,2,5,2,REG,37,15,9,9,8481611,P. Kochetkov,8473503,J. Reimer
2025-02-27,2024020941,20242025,NSH,WPG,2,1,2,1,REG,31,23,8,6,8477424,J. Saros,8477480,E. Comrie
2025-02-27,2024020942,20242025,UTA,MIN,6,1,6,1,REG,31,16,9,13,8478872,K. Vejmelka,8470594,M. Fleury
2025-02-27,2024020943,20242025,VGK,CHI,7,5,7,5,REG,33,22,0,6,8478492,I. Samsonov,8482821,A. Soderblom
2025-02-27,2024020944,20242025,ANA,VAN,5,2,5,2,REG,25,24,6,6,8480843,L. Dostal,8481668,A. Silovs
2025-02-28,2024020945,20242025,NYR,TOR,2,3,2,3,REG,35,16,6,6,8478048,I. Shesterkin,8476932,A. Stolarz
2025-02-28,2024020946,20242025,DAL,LAK,6,2,6,2,REG,31,31,8,6,8479979,J. Oettinger,8475311,D. Kuemper
2025-02-28,2024020947,20242025,COL,MIN,5,2,5,2,REG,30,20,6,6,8478406,M. Blackwood,8479406,F. Gustavsson
2025-03-01,2024020948,20242025,CBJ,DET,5,3,5,3,REG,21,46,4,2,8478007,E. Merzlikins,8475660,C. Talbot
2025-03-01,2024020949,20242025,NYI,NSH,7,4,7,4,REG,35,29,6,6,8478009,I. Sorokin,8477424,J. Saros
2025-03-01,2024020950,20242025,WSH,TBL,1,3,1,3,REG,21,19,8,8,8480313,L. Thompson,8476883,A. Vasilevskiy
2025-03-01,2024020951,20242025,FLA,CGY,3,0,3,0,REG,42,23,12,12,8475683,S. Bobrovsky,8478435,D. Vladar
2025-03-01,2024020952,20242025,PIT,BOS,2,3,2,3,REG,33,26,6,16,8477968,A. Nedeljkovic,8476914,J. Korpisalo
2025-03-01,2024020953,20242025,BUF,MTL,2,4,2,4,REG,25,29,24,10,8480045,U. Luukkonen,8482487,J. Dobes
2025-03-01,2024020954,20242025,OTT,SJS,5,3,5,3,REG,32,37,10,10,8476999,L. Ullmark,8477970,V. Vanecek
2025-03-01,2024020955,20242025,CAR,EDM,1,3,1,3,REG,36,31,4,8,8475883,F. Andersen,8475717,C. Pickard
2025-03-01,2024020956,20242025,WPG,PHI,1,2,1,1,SO,30,32,7,9,8476945,C. Hellebuyck,8478905,I. Fedotov
2025-03-01,2024020957,20242025,STL,LAK,4,1,4,1,REG,34,26,4,6,8476412,J. Binnington,8479496,D. Rittich
2025-03-01,2024020958,20242025,UTA,NJD,1,3,1,3,REG,25,29,9,9,8478872,K. Vejmelka,8482076,N. Daws
2025-03-01,2024020959,20242025,ANA,CHI,3,6,3,6,REG,31,24,14,10,8476434,J. Gibson,8482821,A. Soderblom
2025-03-01,2024020960,20242025,SEA,VAN,6,3,6,3,REG,24,31,4,4,8478916,J. Daccord,8480947,K. Lankinen
2025-03-02,2024020961,20242025,PIT,TOR,5,6,5,5,OT,34,33,2,4,8482446,J. Blomqvist,8479361,J. Woll
2025-03-02,2024020962,20242025,MIN,BOS,1,0,1,0,REG,22,28,9,9,8479406,F. Gustavsson,8480280,J. Swayman
2025-03-02,2024020963,20242025,CAR,CGY,2,1,1,1,OT,33,16,13,17,8481611,P. Kochetkov,8481692,D. Wolf
2025-03-02,2024020964,20242025,DAL,STL,6,3,6,3,REG,21,42,6,8,8479979,J. Oettinger,8476412,J. Binnington
2025-03-02,2024020965,20242025,NYR,NSH,4,0,4,0,REG,34,34,11,27,8471734,J. Quick,8481020,J. Annunen
2025-03-02,2024020966,20242025,VGK,NJD,2,0,2,0,REG,24,25,2,4,8478499,A. Hill,8474593,J. Markstrom
2025-03-03,2024020967,20242025,WSH,OTT,5,4,4,4,SO,41,37,17,9,8480313,L. Thompson,8476999,L. Ullmark
2025-03-03,2024020968,20242025,MTL,BUF,4,3,3,3,OT,20,36,10,12,8478470,S. Montembeault,8473503,J. Reimer
2025-03-03,2024020969,20242025,FLA,TBL,2,1,2,1,REG,29,29,14,6,8475683,S. Bobrovsky,8476883,A. Vasilevskiy
2025-03-03,2024020970,20242025,NYR,NYI,4,0,4,0,REG,27,21,2,4,8478048,I. Shesterkin,8478009,I. Sorokin
2025-03-03,2024020971,20242025,TOR,SJS,2,3,2,2,SO,27,22,9,15,8476932,A. Stolarz,8480382,A. Georgiev
2025-03-03,2024020972,20242025,CHI,LAK,5,1,5,1,REG,19,42,2,4,8481519,S. Knight,8475311,D. Kuemper
2025-03-04,2024020973,20242025,BOS,NSH,3,6,3,6,REG,21,30,0,4,8480280,J. Swayman,8477424,J. Saros
2025-03-04,2024020974,20242025,BUF,SJS,2,6,2,6,REG,22,28,6,6,8480045,U. Luukkonen,8480382,A. Georgiev
2025-03-04,2024020975,20242025,DET,CAR,1,2,1,2,REG,25,30,4,6,8479312,A. Lyon,8475883,F. Andersen
2025-03-04,2024020976,20242025,TBL,CBJ,6,2,6,2,REG,40,33,6,18,8477992,J. Johansson,8478007,E. Merzlikins
2025-03-04,2024020977,20242025,PHI,CGY,3,6,3,6,REG,29,34,4,6,8478905,I. Fedotov,8481692,D. Wolf
2025-03-04,2024020978,20242025,NYI,WPG,3,2,3,2,REG,29,28,11,9,8478009,I. Sorokin,8476945,C. Hellebuyck
2025-03-04,2024020979,20242025,DAL,NJD,4,3,4,3,REG,21,28,4,10,8479193,C. DeSmith,8474593,J. Markstrom
2025-03-04,2024020980,20242025,COL,PIT,4,1,4,1,REG,25,33,4,2,8475809,S. Wedgewood,8477968,A. Nedeljkovic
2025-03-04,2024020981,20242025,EDM,ANA,2,6,2,6,REG,35,27,6,6,8479973,S. Skinner,8480843,L. Dostal
2025-03-04,2024020982,20242025,SEA,MIN,3,4,3,4,REG,36,20,2,4,8478916,J. Daccord,8479406,F. Gustavsson
2025-03-05,2024020983,20242025,NYR,WSH,2,3,2,2,OT,17,26,18,16,8478048,I. Shesterkin,8479292,C. Lindgren
2025-03-05,2024020984,20242025,CHI,OTT,3,4,3,3,OT,20,26,2,2,8482821,A. Soderblom,8476999,L. Ullmark
2025-03-05,2024020985,20242025,VGK,TOR,5,2,5,2,REG,25,31,15,13,8478499,A. Hill,8476932,A. Stolarz
2025-03-05,2024020986,20242025,VAN,ANA,3,2,3,2,REG,36,16,15,19,8480947,K. Lankinen,8476434,J. Gibson
2025-03-05,2024020987,20242025,LAK,STL,2,3,2,2,SO,23,30,8,4,8475311,D. Kuemper,8476412,J. Binnington
2025-03-06,2024020988,20242025,DET,UTA,2,4,2,4,REG,40,19,6,6,8479312,A. Lyon,8478872,K. Vejmelka
2025-03-06,2024020989,20242025,TBL,BUF,6,5,6,5,REG,26,33,10,8,8476883,A. Vasilevskiy,8480045,U. Luukkonen
2025-03-06,2024020990,20242025,FLA,CBJ,3,0,3,0,REG,36,16,18,18,8475683,S. Bobrovsky,8478007,E. Merzlikins
2025-03-06,2024020991,20242025,PHI,WPG,1,4,1,4,REG,22,27,4,2,8481035,S. Ersson,8477480,E. Comrie
2025-03-06,2024020992,20242025,CAR,BOS,3,2,3,2,REG,23,34,4,6,8481611,P. Kochetkov,8476914,J. Korpisalo
2025-03-06,2024020993,20242025,NSH,SEA,5,3,5,3,REG,34,25,6,2,8477424,J. Saros,8478916,J. Daccord
2025-03-06,2024020994,20242025,DAL,CGY,3,2,2,2,OT,27,28,4,2,8479979,J. Oettinger,8478435,D. Vladar
2025-03-06,2024020995,20242025,EDM,MTL,3,2,2,2,OT,32,27,4,4,8479973,S. Skinner,8478470,S. Montembeault
2025-03-06,2024020996,20242025,COL,SJS,7,3,7,3,REG,32,34,10,8,8478406,M. Blackwood,8480382,A. Georgiev
2025-03-07,2024020997,20242025,NJD,WPG,1,6,1,6,REG,23,35,4,4,8474593,J. Markstrom,8476945,C. Hellebuyck
2025-03-07,2024020998,20242025,WSH,DET,5,2,5,2,REG,28,19,11,7,8480313,L. Thompson,8475660,C. Talbot
2025-03-07,2024020999,20242025,CHI,UTA,4,3,3,3,OT,25,39,14,12,8481519,S. Knight,8478872,K. Vejmelka
2025-03-07,2024021000,20242025,VAN,MIN,3,1,3,1,REG,20,38,9,11,8480947,K. Lankinen,8479406,F. Gustavsson
2025-03-07,2024021001,20242025,VGK,PIT,4,0,4,0,REG,27,22,0,6,8478492,I. Samsonov,8477968,A. Nedeljkovic
2025-03-07,2024021002,20242025,ANA,STL,3,4,3,4,REG,24,22,2,8,8480843,L. Dostal,8476412,J. Binnington
2025-03-08,2024021003,20242025,OTT,NYR,4,3,3,3,OT,37,23,4,8,8476999,L. Ullmark,8478048,I. Shesterkin
2025-03-08,2024021004,20242025,PHI,SEA,1,4,1,4,REG,24,32,6,10,8481035,S. Ersson,8475831,P. Grubauer
2025-03-08,2024021005,20242025,TBL,BOS,0,4,0,4,REG,25,25,7,9,8476883,A. Vasilevskiy,8480280,J. Swayman
2025-03-08,2024021006,20242025,FLA,BUF,4,0,4,0,REG,36,21,9,7,8477970,V. Vanecek,8480045,U. Luukkonen
2025-03-08,2024021007,20242025,COL,TOR,7,4,7,4,REG,34,21,4,8,8478406,M. Blackwood,8476932,A. Stolarz
2025-03-08,2024021008,20242025,CGY,MTL,1,0,1,0,REG,24,26,4,2,8481692,D. Wolf,8482487,J. Dobes
2025-03-08,2024021009,20242025,NSH,CHI,3,2,2,2,OT,41,19,11,13,8481020,J. Annunen,8482821,A. Soderblom
2025-03-08,2024021010,20242025,LAK,STL,2,1,1,1,OT,23,20,4,4,8475311,D. Kuemper,8480981,J. Hofer
2025-03-08,2024021011,20242025,EDM,DAL,5,4,5,4,REG,27,25,6,0,8479973,S. Skinner,8479979,J. Oettinger
2025-03-08,2024021012,20242025,SJS,NYI,2,4,2,4,REG,40,28,8,8,8480382,A. Georgiev,8478009,I. Sorokin
2025-03-09,2024021013,20242025,PHI,NJD,1,3,1,3,REG,24,23,2,2,8478905,I. Fedotov,8474596,J. Allen
2025-03-09,2024021014,20242025,WSH,SEA,4,2,4,2,REG,24,32,28,20,8479292,C. Lindgren,8478916,J. Daccord
2025-03-09,2024021015,20242025,MIN,PIT,1,3,1,3,REG,30,22,4,12,8470594,M. Fleury,8477465,T. Jarry
2025-03-09,2024021016,20242025,CAR,WPG,4,2,4,2,REG,27,22,8,24,8475883,F. Andersen,8476945,C. Hellebuyck
2025-03-09,2024021017,20242025,NYR,CBJ,3,7,3,7,REG,35,28,19,15,8471734,J. Quick,8480193,D. Tarasov
2025-03-09,2024021018,20242025,VGK,LAK,5,6,5,6,REG,32,35,7,7,8478499,A. Hill,8479496,D. Rittich
2025-03-09,2024021019,20242025,VAN,DAL,1,4,1,4,REG,23,19,10,6,8480947,K. Lankinen,8479193,C. DeSmith
2025-03-09,2024021020,20242025,ANA,NYI,4,1,4,1,REG,28,32,6,4,8480843,L. Dostal,8477405,M. Hogberg
2025-03-10,2024021021,20242025,BUF,EDM,3,2,3,2,REG,23,34,6,4,8480045,U. Luukkonen,8479973,S. Skinner
2025-03-10,2024021022,20242025,OTT,DET,2,1,2,1,REG,23,49,8,10,8476999,L. Ullmark,8475660,C. Talbot
2025-03-10,2024021023,20242025,COL,CHI,3,0,3,0,REG,21,20,8,6,8475809,S. Wedgewood,8481519,S. Knight
2025-03-10,2024021024,20242025,UTA,TOR,3,4,3,3,SO,33,26,15,13,8478872,K. Vejmelka,8479361,J. Woll
2025-03-11,2024021025,20242025,BOS,FLA,3,2,3,2,REG,24,28,13,15,8480280,J. Swayman,8475683,S. Bobrovsky
2025-03-11,2024021026,20242025,NJD,CBJ,5,3,5,3,REG,28,20,6,10,8474593,J. Markstrom,8478007,E. Merzlikins
2025-03-11,2024021027,20242025,PHI,OTT,2,5,2,5,REG,22,24,4,4,8478905,I. Fedotov,8476341,A. Forsberg
2025-03-11,2024021028,20242025,PIT,VGK,3,2,2,2,OT,17,37,2,8,8477465,T. Jarry,8478492,I. Samsonov
2025-03-11,2024021029,20242025,CAR,TBL,4,1,4,1,REG,31,24,4,10,8481611,P. Kochetkov,8476883,A. Vasilevskiy
2025-03-11,2024021030,20242025,MIN,COL,2,1,1,1,SO,23,28,4,2,8479406,F. Gustavsson,8478406,M. Blackwood
2025-03-11,2024021031,20242025,WPG,NYR,2,1,2,1,REG,24,22,8,10,8476945,C. Hellebuyck,8478048,I. Shesterkin
2025-03-11,2024021032,20242025,VAN,MTL,2,4,2,4,REG,31,27,2,6,8480947,K. Lankinen,8478470,S. Montembeault
2025-03-11,2024021033,20242025,ANA,WSH,4,7,4,7,REG,29,43,2,4,8480843,L. Dostal,8480313,L. Thompson
2025-03-11,2024021034,20242025,LAK,NYI,4,1,4,1,REG,32,34,16,2,8475311,D. Kuemper,8478009,I. Sorokin
2025-03-11,2024021035,20242025,SJS,NSH,2,3,2,3,REG,27,19,20,14,8480382,A. Georgiev,8477424,J. Saros
2025-03-12,2024021036,20242025,DET,BUF,7,3,7,3,REG,29,26,67,81,8475852,P. Mrazek,8480045,U. Luukkonen
2025-03-12,2024021037,20242025,CGY,VAN,3,4,3,3,SO,23,31,8,6,8481692,D. Wolf,8480947,K. Lankinen
2025-03-12,2024021038,20242025,UTA,ANA,3,2,3,2,REG,39,21,4,4,8478872,K. Vejmelka,8478024,V. Husso
2025-03-12,2024021039,20242025,SEA,MTL,5,4,4,4,OT,35,25,6,8,8478916,J. Daccord,8482487,J. Dobes
2025-03-13,2024021040,20242025,TOR,FLA,2,3,2,3,REG,25,25,9,11,8476932,A. Stolarz,8475683,S. Bobrovsky
2025-03-13,2024021041,20242025,OTT,BOS,6,3,6,3,REG,32,25,4,6,8476999,L. Ullmark,8476914,J. Korpisalo
2025-03-13,2024021042,20242025,NJD,EDM,3,2,3,2,REG,22,33,2,4,8474596,J. Allen,8479973,S. Skinner
2025-03-13,2024021043,20242025,PHI,TBL,4,3,3,3,SO,29,20,6,4,8481035,S. Ersson,8477992,J. Johansson
2025-03-13,2024021044,20242025,PIT,STL,5,3,5,3,REG,22,35,4,0,8477465,T. Jarry,8476412,J. Binnington
2025-03-13,2024021045,20242025,CBJ,VGK,0,4,0,4,REG,27,29,6,6,8478007,E. Merzlikins,8478499,A. Hill
2025-03-13,2024021046,20242025,MIN,NYR,2,3,2,2,OT,28,31,6,8,8479406,F. Gustavsson,8478048,I. Shesterkin
2025-03-13,2024021047,20242025,LAK,WSH,3,0,3,0,REG,27,21,12,10,8475311,D. Kuemper,8479292,C. Lindgren
2025-03-13,2024021048,20242025,SJS,CHI,4,2,4,2,REG,25,26,7,19,8480382,A. Georgiev,8481519,S. Knight
2025-03-14,2024021049,20242025,CAR,DET,4,2,4,2,REG,32,26,4,4,8475883,F. Andersen,8475852,P. Mrazek
2025-03-14,2024021050,20242025,NYI,EDM,1,2,1,1,OT,25,35,6,8,8478009,I. Sorokin,8475717,C. Pickard
2025-03-14,2024021051,20242025,WPG,DAL,4,1,4,1,REG,22,25,2,2,8476945,C. Hellebuyck,8479979,J. Oettinger
2025-03-14,2024021052,20242025,CGY,COL,2,4,2,4,REG,24,28,2,4,8481692,D. Wolf,8475809,S. Wedgewood
2025-03-14,2024021053,20242025,ANA,NSH,2,1,2,1,REG,15,29,6,4,8480843,L. Dostal,8477424,J. Saros
2025-03-14,2024021054,20242025,SEA,UTA,4,2,4,2,REG,23,25,4,6,8475831,P. Grubauer,8478872,K. Vejmelka
2025-03-15,2024021055,20242025,BUF,VGK,4,3,3,3,SO,37,19,22,14,8480045,U. Luukkonen,8478499,A. Hill
2025-03-15,2024021056,20242025,PIT,NJD,7,3,7,3,REG,24,27,12,6,8477465,T. Jarry,8474593,J. Markstrom
2025-03-15,2024021057,20242025,SJS,WSH,1,5,1,5,REG,20,28,16,16,8484312,G. Romanov,8480313,L. Thompson
2025-03-15,2024021058,20242025,BOS,TBL,2,6,2,6,REG,12,40,4,0,8480280,J. Swayman,8476883,A. Vasilevskiy
2025-03-15,2024021059,20242025,TOR,OTT,2,4,2,4,REG,23,25,7,7,8476932,A. Stolarz,8476999,L. Ullmark
2025-03-15,2024021060,20242025,MTL,FLA,3,1,3,1,REG,15,22,4,6,8478470,S. Montembeault,8475683,S. Bobrovsky
2025-03-15,2024021061,20242025,PHI,CAR,0,5,0,5,REG,26,30,6,4,8481035,S. Ersson,8481611,P. Kochetkov
2025-03-15,2024021062,20242025,CBJ,NYR,0,4,0,4,REG,21,21,2,6,8480193,D. Tarasov,8478048,I. Shesterkin
2025-03-15,2024021063,20242025,MIN,STL,1,5,1,5,REG,18,28,2,2,8479406,F. Gustavsson,8480981,J. Hofer
2025-03-15,2024021064,20242025,LAK,NSH,1,0,0,0,OT,21,24,4,6,8475311,D. Kuemper,8481020,J. Annunen
2025-03-15,2024021065,20242025,VAN,CHI,6,2,6,2,REG,15,19,28,26,8481668,A. Silovs,8482821,A. Soderblom
2025-03-16,2024021066,20242025,DET,VGK,3,0,3,0,REG,27,18,2,6,8475852,P. Mrazek,8478492,I. Samsonov
2025-03-16,2024021067,20242025,COL,DAL,4,3,3,3,OT,35,22,2,10,8475809,S. Wedgewood,8479979,J. Oettinger
2025-03-16,2024021068,20242025,STL,ANA,7,2,7,2,REG,26,25,13,15,8476412,J. Binnington,8480843,L. Dostal
2025-03-16,2024021069,20242025,NYR,EDM,1,3,1,3,REG,22,23,8,6,8478048,I. Shesterkin,8479973,S. Skinner
2025-03-16,2024021070,20242025,NYI,FLA,4,2,4,2,REG,34,24,2,6,8478009,I. Sorokin,8477970,V. Vanecek
2025-03-16,2024021071,20242025,VAN,UTA,1,3,1,3,REG,19,23,8,14,8480947,K. Lankinen,8478872,K. Vejmelka
2025-03-16,2024021072,20242025,SEA,WPG,2,3,2,2,OT,21,26,6,6,8478916,J. Daccord,8477480,E. Comrie
2025-03-17,2024021073,20242025,BOS,BUF,2,3,2,2,OT,20,30,13,9,8476914,J. Korpisalo,8480045,U. Luukkonen
2025-03-17,2024021074,20242025,TBL,PHI,2,0,2,0,REG,23,21,12,8,8476883,A. Vasilevskiy,8478905,I. Fedotov
2025-03-17,2024021075,20242025,CBJ,NJD,1,2,1,2,REG,46,20,2,2,8482982,J. Greaves,8474596,J. Allen
2025-03-17,2024021076,20242025,TOR,CGY,6,2,6,2,REG,29,26,10,6,8479361,J. Woll,8481692,D. Wolf
2025-03-17,2024021077,20242025,MIN,LAK,3,1,3,1,REG,22,29,6,6,8479406,F. Gustavsson,8475311,D. Kuemper
2025-03-18,2024021078,20242025,MTL,OTT,6,3,6,3,REG,33,25,6,8,8478470,S. Montembeault,8476999,L. Ullmark
2025-03-18,2024021079,20242025,NYR,CGY,1,2,1,2,REG,13,35,8,4,8478048,I. Shesterkin,8478435,D. Vladar
2025-03-18,2024021080,20242025,PIT,NYI,2,4,2,4,REG,21,38,2,4,8477465,T. Jarry,8478009,I. Sorokin
2025-03-18,2024021081,20242025,WSH,DET,4,1,4,1,REG,26,24,0,0,8480313,L. Thompson,8475852,P. Mrazek
2025-03-18,2024021082,20242025,NSH,STL,1,4,1,4,REG,23,21,33,18,8477424,J. Saros,8480981,J. Hofer
2025-03-18,2024021083,20242025,DAL,ANA,4,3,3,3,OT,31,25,8,8,8479979,J. Oettinger,8480843,L. Dostal
2025-03-18,2024021084,20242025,CHI,SEA,2,6,2,6,REG,29,30,7,7,8481519,S. Knight,8478916,J. Daccord
2025-03-18,2024021085,20242025,EDM,UTA,7,1,7,1,REG,43,30,11,11,8475717,C. Pickard,8483530,J. Stauber
2025-03-18,2024021086,20242025,VAN,WPG,6,2,6,2,REG,22,22,4,2,8480947,K. Lankinen,8476945,C. Hellebuyck
2025-03-19,2024021087,20242025,TOR,COL,2,1,2,1,REG,26,39,6,6,8479361,J. Woll,8478406,M. Blackwood
2025-03-19,2024021088,20242025,MIN,SEA,4,0,4,0,REG,28,34,6,8,8479406,F. Gustavsson,8475831,P. Grubauer
2025-03-20,2024021089,20242025,OTT,COL,1,5,1,5,REG,16,33,10,6,8476341,A. Forsberg,8475809,S. Wedgewood
2025-03-20,2024021090,20242025,NJD,CGY,3,5,3,5,REG,29,28,10,4,8474593,J. Markstrom,8481692,D. Wolf
2025-03-20,2024021091,20242025,NYR,TOR,3,4,3,4,REG,30,28,2,2,8478048,I. Shesterkin,8476932,A. Stolarz
2025-03-20,2024021092,20242025,WSH,PHI,3,2,3,2,REG,16,28,2,2,8479292,C. Lindgren,8481035,S. Ersson
2025-03-20,2024021093,20242025,CBJ,FLA,0,1,0,0,OT,25,29,6,6,8478007,E. Merzlikins,8475683,S. Bobrovsky
2025-03-20,2024021094,20242025,NYI,MTL,4,3,3,3,OT,25,41,8,6,8478009,I. Sorokin,8478470,S. Montembeault
2025-03-20,2024021095,20242025,STL,VAN,4,3,3,3,OT,29,18,2,2,8476412,J. Binnington,8480947,K. Lankinen
2025-03-20,2024021096,20242025,NSH,ANA,1,4,1,4,REG,34,35,4,6,8481020,J. Annunen,8476434,J. Gibson
2025-03-20,2024021097,20242025,DAL,TBL,2,3,2,2,SO,24,38,6,8,8479193,C. DeSmith,8476883,A. Vasilevskiy
2025-03-20,2024021098,20242025,CHI,LAK,1,3,1,3,REG,17,33,4,8,8481519,S. Knight,8475311,D. Kuemper
2025-03-20,2024021099,20242025,EDM,WPG,3,4,3,3,OT,24,20,8,2,8479973,S. Skinner,8476945,C. Hellebuyck
2025-03-20,2024021100,20242025,UTA,BUF,5,2,5,2,REG,31,27,12,10,8478872,K. Vejmelka,8473503,J. Reimer
2025-03-20,2024021101,20242025,VGK,BOS,5,1,5,1,REG,32,19,2,6,8478499,A. Hill,8480280,J. Swayman
2025-03-20,2024021102,20242025,SJS,CAR,1,3,1,3,REG,25,29,6,6,8484312,G. Romanov,8475883,F. Andersen
2025-03-21,2024021103,20242025,PIT,CBJ,6,3,6,3,REG,34,47,9,7,8477968,A. Nedeljkovic,8478007,E. Merzlikins
2025-03-22,2024021104,20242025,NYR,VAN,5,3,5,3,REG,12,39,12,6,8478048,I. Shesterkin,8480947,K. Lankinen
2025-03-22,2024021105,20242025,DAL,PHI,3,2,2,2,OT,19,24,8,10,8479979,J. Oettinger,8481035,S. Ersson
2025-03-22,2024021106,20242025,MIN,BUF,4,1,4,1,REG,21,21,6,6,8479406,F. Gustavsson,8480045,U. Luukkonen
2025-03-22,2024021107,20242025,STL,CHI,4,1,4,1,REG,25,27,10,24,8480981,J. Hofer,8482821,A. Soderblom
2025-03-22,2024021108,20242025,NYI,CGY,3,4,3,3,OT,29,35,4,2,8477405,M. Hogberg,8478435,D. Vladar
2025-03-22,2024021109,20242025,LAK,CAR,7,2,7,2,REG,25,36,4,6,8479496,D. Rittich,8481611,P. Kochetkov
2025-03-22,2024021110,20242025,WSH,FLA,6,3,6,3,REG,33,36,8,6,8480313,L. Thompson,8477970,V. Vanecek
2025-03-22,2024021111,20242025,UTA,TBL,6,4,6,4,REG,25,27,9,7,8478872,K. Vejmelka,8477990,B. Halverson
2025-03-22,2024021112,20242025,MTL,COL,4,5,4,4,SO,29,37,11,17,8478470,S. Montembeault,8478406,M. Blackwood
2025-03-22,2024021113,20242025,NJD,OTT,2,3,2,3,REG,27,19,6,6,8474596,J. Allen,8476999,L. Ullmark
2025-03-22,2024021114,20242025,NSH,TOR,5,2,5,2,REG,32,26,6,6,8477424,J. Saros,8479361,J. Woll
2025-03-22,2024021115,20242025,VGK,DET,6,3,6,3,REG,36,31,14,14,8478499,A. Hill,8475660,C. Talbot
2025-03-22,2024021116,20242025,EDM,SEA,5,4,5,4,REG,29,32,6,10,8479973,S. Skinner,8478916,J. Daccord
2025-03-22,2024021117,20242025,SJS,BOS,3,1,3,1,REG,21,23,9,9,8480382,A. Georgiev,8476914,J. Korpisalo
2025-03-23,2024021118,20242025,CHI,PHI,7,4,7,4,REG,29,29,4,8,8481519,S. Knight,8478905,I. Fedotov
2025-03-23,2024021119,20242025,WPG,BUF,3,5,3,5,REG,36,17,6,6,8477480,E. Comrie,8473503,J. Reimer
2025-03-23,2024021120,20242025,FLA,PIT,4,3,3,3,SO,31,27,4,4,8475683,S. Bobrovsky,8477465,T. Jarry
2025-03-23,2024021121,20242025,STL,NSH,4,1,4,1,REG,18,32,38,23,8476412,J. Binnington,8481020,J. Annunen
2025-03-23,2024021122,20242025,VGK,TBL,4,2,4,2,REG,30,37,13,13,8478492,I. Samsonov,8476883,A. Vasilevskiy
2025-03-23,2024021123,20242025,ANA,CAR,2,5,2,5,REG,37,37,6,12,8480843,L. Dostal,8475883,F. Andersen
2025-03-23,2024021124,20242025,LAK,BOS,7,2,7,2,REG,23,13,8,6,8475311,D. Kuemper,8480280,J. Swayman
2025-03-24,2024021125,20242025,NJD,VAN,3,4,3,3,SO,25,28,6,4,8474593,J. Markstrom,8477967,T. Demko
2025-03-24,2024021126,20242025,NYI,CBJ,3,4,3,3,SO,33,30,2,4,8478009,I. Sorokin,8478007,E. Merzlikins
2025-03-24,2024021127,20242025,DAL,MIN,3,0,3,0,REG,29,32,6,10,8479979,J. Oettinger,8479406,F. Gustavsson
2025-03-24,2024021128,20242025,UTA,DET,1,5,1,5,REG,19,14,2,10,8478872,K. Vejmelka,8479312,A. Lyon
2025-03-25,2024021129,20242025,BUF,OTT,3,2,3,2,REG,24,32,8,2,8473503,J. Reimer,8476341,A. Forsberg
2025-03-25,2024021130,20242025,TOR,PHI,7,2,7,2,REG,30,19,4,2,8476932,A. Stolarz,8481035,S. Ersson
2025-03-25,2024021131,20242025,TBL,PIT,6,1,6,1,REG,27,15,4,18,8476883,A. Vasilevskiy,8477968,A. Nedeljkovic
2025-03-25,2024021132,20242025,CAR,NSH,1,3,1,3,REG,35,16,6,6,8481611,P. Kochetkov,8477424,J. Saros
2025-03-25,2024021133,20242025,STL,MTL,6,1,6,1,REG,37,25,8,30,8476412,J. Binnington,8478470,S. Montembeault
2025-03-25,2024021134,20242025,MIN,VGK,1,5,1,5,REG,24,38,2,0,8470594,M. Fleury,8478499,A. Hill
2025-03-25,2024021135,20242025,WPG,WSH,3,2,2,2,OT,25,29,6,6,8476945,C. Hellebuyck,8480313,L. Thompson
2025-03-25,2024021136,20242025,COL,DET,5,2,5,2,REG,28,23,4,4,8478406,M. Blackwood,8479312,A. Lyon
2025-03-25,2024021137,20242025,CGY,SEA,4,3,3,3,OT,37,29,13,13,8481692,D. Wolf,8478916,J. Daccord
2025-03-25,2024021138,20242025,LAK,NYR,3,1,3,1,REG,33,23,11,13,8475311,D. Kuemper,8478048,I. Shesterkin
2025-03-26,2024021139,20242025,NYI,VAN,2,5,2,5,REG,28,25,4,6,8478009,I. Sorokin,8477967,T. Demko
2025-03-26,2024021140,20242025,CHI,NJD,3,5,3,5,REG,24,21,4,4,8481519,S. Knight,8474593,J. Markstrom
2025-03-26,2024021141,20242025,EDM,DAL,3,4,3,4,REG,44,24,8,14,8479973,S. Skinner,8479979,J. Oettinger
2025-03-26,2024021142,20242025,ANA,BOS,6,2,6,2,REG,37,25,25,11,8476434,J. Gibson,8476914,J. Korpisalo
2025-03-27,2024021143,20242025,BUF,PIT,7,3,7,3,REG,30,25,13,15,8473503,J. Reimer,8477968,A. Nedeljkovic
2025-03-27,2024021144,20242025,DET,OTT,3,4,3,4,REG,34,32,9,17,8475660,C. Talbot,8476999,L. Ullmark
2025-03-27,2024021145,20242025,TBL,UTA,8,0,8,0,REG,22,25,9,9,8476883,A. Vasilevskiy,8483530,J. Stauber
2025-03-27,2024021146,20242025,PHI,MTL,6,4,6,4,REG,30,30,6,8,8481035,S. Ersson,8482487,J. Dobes
2025-03-27,2024021147,20242025,NSH,STL,2,3,2,3,REG,18,21,11,11,8477424,J. Saros,8480981,J. Hofer
2025-03-27,2024021148,20242025,MIN,WSH,4,2,4,2,REG,21,30,2,4,8479406,F. Gustavsson,8479292,C. Lindgren
2025-03-27,2024021149,20242025,COL,LAK,4,0,4,0,REG,26,22,6,6,8478406,M. Blackwood,8479496,D. Rittich
2025-03-27,2024021150,20242025,CGY,DAL,2,5,2,5,REG,48,19,14,18,8481692,D. Wolf,8479193,C. DeSmith
2025-03-27,2024021151,20242025,SEA,EDM,6,1,6,1,REG,37,37,6,8,8478916,J. Daccord,8475717,C. Pickard
2025-03-27,2024021152,20242025,SJS,TOR,6,5,5,5,SO,35,35,10,20,8480382,A. Georgiev,8479361,J. Woll
2025-03-28,2024021153,20242025,FLA,UTA,2,1,1,1,OT,32,15,8,10,8475683,S. Bobrovsky,8478872,K. Vejmelka
2025-03-28,2024021154,20242025,CAR,MTL,4,1,4,1,REG,24,15,6,8,8475883,F. Andersen,8478470,S. Montembeault
2025-03-28,2024021155,20242025,CBJ,VAN,7,6,6,6,SO,38,37,6,10,8478007,E. Merzlikins,8480947,K. Lankinen
2025-03-28,2024021156,20242025,WPG,NJD,4,0,4,0,REG,19,24,6,2,8476945,C. Hellebuyck,8474596,J. Allen
2025-03-28,2024021157,20242025,CHI,VGK,3,5,3,5,REG,21,22,4,2,8481519,S. Knight,8478499,A. Hill
2025-03-28,2024021158,20242025,ANA,NYR,5,4,4,4,OT,33,30,12,8,8480843,L. Dostal,8478048,I. Shesterkin
2025-03-29,2024021159,20242025,PHI,BUF,7,4,7,4,REG,32,21,4,6,8481035,S. Ersson,8480045,U. Luukkonen
2025-03-29,2024021160,20242025,TBL,NYI,5,3,5,3,REG,24,38,4,0,8477992,J. Johansson,8478009,I. Sorokin
2025-03-29,2024021161,20242025,COL,STL,1,2,1,2,REG,29,27,8,2,8478406,M. Blackwood,8476412,J. Binnington
2025-03-29,2024021162,20242025,MIN,NJD,2,5,2,5,REG,24,33,9,11,8479406,F. Gustavsson,8474593,J. Markstrom
2025-03-29,2024021163,20242025,NSH,VGK,1,3,1,3,REG,24,29,2,2,8481020,J. Annunen,8478499,A. Hill
2025-03-29,2024021164,20242025,OTT,CBJ,3,2,3,2,REG,27,30,2,4,8476999,L. Ullmark,8480193,D. Tarasov
2025-03-29,2024021165,20242025,LAK,TOR,1,3,1,3,REG,36,26,13,13,8475311,D. Kuemper,8476932,A. Stolarz
2025-03-29,2024021166,20242025,DET,BOS,2,1,2,1,REG,22,21,22,16,8475660,C. Talbot,8480280,J. Swayman
2025-03-29,2024021167,20242025,EDM,CGY,3,2,2,2,OT,29,28,8,4,8475717,C. Pickard,8481692,D. Wolf
2025-03-29,2024021168,20242025,SJS,NYR,1,6,1,6,REG,22,33,6,8,8480382,A. Georgiev,8471734,J. Quick
2025-03-29,2024021169,20242025,SEA,DAL,1,5,1,5,REG,36,21,13,13,8478916,J. Daccord,8479979,J. Oettinger
2025-03-30,2024021170,20242025,FLA,MTL,2,4,2,4,REG,26,23,20,6,8475683,S. Bobrovsky,8478470,S. Montembeault
2025-03-30,2024021171,20242025,WSH,BUF,5,8,5,8,REG,29,23,12,6,8480313,L. Thompson,8473503,J. Reimer
2025-03-30,2024021172,20242025,WPG,VAN,3,1,3,1,REG,27,24,4,6,8476945,C. Hellebuyck,8477967,T. Demko
2025-03-30,2024021173,20242025,CHI,UTA,2,5,2,5,REG,29,31,7,13,8482821,A. Soderblom,8478872,K. Vejmelka
2025-03-30,2024021174,20242025,PIT,OTT,1,0,0,0,OT,35,31,4,6,8477465,T. Jarry,8476341,A. Forsberg
2025-03-30,2024021175,20242025,CAR,NYI,6,4,6,4,REG,30,31,8,8,8481611,P. Kochetkov,8477405,M. Hogberg
2025-03-30,2024021176,20242025,ANA,TOR,2,3,2,3,REG,31,23,4,8,8480843,L. Dostal,8479361,J. Woll
2025-03-30,2024021177,20242025,LAK,SJS,8,1,8,1,REG,36,23,8,12,8479496,D. Rittich,8484312,G. Romanov
2025-03-31,2024021178,20242025,NJD,MIN,3,2,2,2,SO,28,30,4,4,8474593,J. Markstrom,8479406,F. Gustavsson
2025-03-31,2024021179,20242025,PHI,NSH,2,1,2,1,REG,18,29,2,2,8478905,I. Fedotov,8481020,J. Annunen
2025-03-31,2024021180,20242025,COL,CGY,2,3,2,2,SO,30,27,2,4,8475809,S. Wedgewood,8478435,D. Vladar
2025-03-31,2024021181,20242025,SEA,DAL,1,3,1,3,REG,36,31,6,6,8475831,P. Grubauer,8479193,C. DeSmith
2025-04-01,2024021182,20242025,BOS,WSH,3,4,3,4,REG,24,32,9,11,8480280,J. Swayman,8479292,C. Lindgren
2025-04-01,2024021183,20242025,MTL,FLA,3,2,2,2,OT,21,27,6,6,8478470,S. Montembeault,8477970,V. Vanecek
2025-04-01,2024021184,20242025,OTT,BUF,2,5,2,5,REG,35,22,6,12,8476999,L. Ullmark,8473503,J. Reimer
2025-04-01,2024021185,20242025,CBJ,NSH,8,4,8,4,REG,37,28,17,19,8478007,E. Merzlikins,8477424,J. Saros
2025-04-01,2024021186,20242025,NYI,TBL,1,4,1,4,REG,29,24,15,15,8478009,I. Sorokin,8476883,A. Vasilevskiy
2025-04-01,2024021187,20242025,STL,DET,2,1,1,1,OT,37,21,4,6,8476412,J. Binnington,8475660,C. Talbot
2025-04-01,2024021188,20242025,UTA,CGY,3,1,3,1,REG,28,34,8,4,8478872,K. Vejmelka,8481692,D. Wolf
2025-04-01,2024021189,20242025,VGK,EDM,2,3,2,3,REG,22,20,6,2,8478499,A. Hill,8475717,C. Pickard
2025-04-01,2024021190,20242025,ANA,SJS,4,3,3,3,SO,37,31,6,10,8480843,L. Dostal,8480382,A. Georgiev
2025-04-01,2024021191,20242025,LAK,WPG,4,1,4,1,REG,20,20,4,2,8475311,D. Kuemper,8476945,C. Hellebuyck
2025-04-02,2024021192,20242025,NYR,MIN,5,4,4,4,OT,39,24,4,8,8478048,I. Shesterkin,8479406,F. Gustavsson
2025-04-02,2024021193,20242025,CAR,WSH,5,1,5,1,REG,31,21,68,74,8475883,F. Andersen,8479292,C. Lindgren
2025-04-02,2024021194,20242025,TOR,FLA,3,2,3,2,REG,26,31,4,2,8476932,A. Stolarz,8475683,S. Bobrovsky
2025-04-02,2024021195,20242025,CHI,COL,2,3,2,2,SO,23,31,6,6,8481519,S. Knight,8475809,S. Wedgewood
2025-04-02,2024021196,20242025,VAN,SEA,0,5,0,5,REG,24,19,18,10,8477967,T. Demko,8478916,J. Daccord
2025-04-03,2024021197,20242025,MTL,BOS,4,1,4,1,REG,32,19,11,9,8478470,S. Montembeault,8480280,J. Swayman
2025-04-03,2024021198,20242025,OTT,TBL,2,1,2,1,REG,19,32,6,4,8476999,L. Ullmark,8476883,A. Vasilevskiy
2025-04-03,2024021199,20242025,CBJ,COL,3,7,3,7,REG,30,32,4,4,8478007,E. Merzlikins,8478406,M. Blackwood
2025-04-03,2024021200,20242025,STL,PIT,5,4,4,4,OT,19,28,2,10,8480981,J. Hofer,8477465,T. Jarry
2025-04-03,2024021201,20242025,DAL,NSH,5,1,5,1,REG,27,29,6,10,8479979,J. Oettinger,8481020,J. Annunen
2025-04-03,2024021202,20242025,UTA,LAK,2,4,2,4,REG,30,20,2,8,8478872,K. Vejmelka,8475311,D. Kuemper
2025-04-03,2024021203,20242025,CGY,ANA,4,1,4,1,REG,34,27,4,6,8481692,D. Wolf,8476434,J. Gibson
2025-04-03,2024021204,20242025,VGK,WPG,0,4,0,4,REG,26,22,4,2,8478499,A. Hill,8477480,E. Comrie
2025-04-03,2024021205,20242025,SJS,EDM,2,3,2,3,REG,29,38,4,2,8484312,G. Romanov,8475717,C. Pickard
2025-04-04,2024021206,20242025,DET,CAR,5,3,5,3,REG,21,33,4,4,8475660,C. Talbot,8481611,P. Kochetkov
2025-04-04,2024021207,20242025,WSH,CHI,5,3,5,3,REG,29,22,2,6,8479292,C. Lindgren,8481519,S. Knight
2025-04-04,2024021208,20242025,NYI,MIN,3,1,3,1,REG,27,28,4,6,8478009,I. Sorokin,8479406,F. Gustavsson
2025-04-05,2024021209,20242025,NJD,NYR,4,0,4,0,REG,16,26,6,6,8474593,J. Markstrom,8478048,I. Shesterkin
2025-04-05,2024021210,20242025,OTT,FLA,3,0,3,0,REG,22,39,18,32,8476341,A. Forsberg,8475683,S. Bobrovsky
2025-04-05,2024021211,20242025,DAL,PIT,3,5,3,5,REG,24,40,6,4,8479193,C. DeSmith,8477465,T. Jarry
2025-04-05,2024021212,20242025,VAN,ANA,6,2,6,2,REG,26,32,4,4,8477967,T. Demko,8480843,L. Dostal
2025-04-05,2024021213,20242025,LAK,EDM,3,0,3,0,REG,29,27,2,6,8475311,D. Kuemper,8475717,C. Pickard
2025-04-05,2024021214,20242025,BOS,CAR,5,1,5,1,REG,27,40,2,4,8480280,J. Swayman,8475883,F. Andersen
2025-04-05,2024021215,20242025,BUF,TBL,3,2,2,2,SO,38,24,4,6,8473503,J. Reimer,8477992,J. Johansson
2025-04-05,2024021216,20242025,TOR,CBJ,5,0,5,0,REG,27,27,14,14,8476932,A. Stolarz,8478007,E. Merzlikins
2025-04-05,2024021217,20242025,MTL,PHI,3,2,3,2,REG,26,24,8,4,8478470,S. Montembeault,8481035,S. Ersson
2025-04-05,2024021218,20242025,STL,COL,5,4,5,4,REG,22,39,6,6,8476412,J. Binnington,8478406,M. Blackwood
2025-04-05,2024021219,20242025,UTA,WPG,4,1,4,1,REG,28,33,8,6,8478872,K. Vejmelka,8476945,C. Hellebuyck
2025-04-05,2024021220,20242025,CGY,VGK,2,3,2,2,OT,23,34,4,8,8481692,D. Wolf,8481033,A. Schmid
2025-04-05,2024021221,20242025,SJS,SEA,1,5,1,5,REG,24,22,29,35,8480382,A. Georgiev,8478916,J. Daccord
2025-04-06,2024021222,20242025,NYI,WSH,4,1,4,1,REG,22,29,4,4,8478009,I. Sorokin,8479292,C. Lindgren
2025-04-06,2024021223,20242025,MIN,DAL,3,2,2,2,OT,41,25,8,6,8479406,F. Gustavsson,8479979,J. Oettinger
2025-04-06,2024021224,20242025,OTT,CBJ,4,0,4,0,REG,30,29,0,6,8476999,L. Ullmark,8478007,E. Merzlikins
2025-04-06,2024021225,20242025,DET,FLA,2,1,2,1,REG,24,33,4,22,8475660,C. Talbot,8477970,V. Vanecek
2025-04-06,2024021226,20242025,BUF,BOS,6,3,6,3,REG,37,20,2,4,8480045,U. Luukkonen,8476914,J. Korpisalo
2025-04-06,2024021227,20242025,CHI,PIT,3,1,3,1,REG,31,29,6,2,8481519,S. Knight,8477968,A. Nedeljkovic
2025-04-06,2024021228,20242025,NSH,MTL,1,2,1,2,REG,37,17,9,15,8477424,J. Saros,8482487,J. Dobes
2025-04-06,2024021229,20242025,VAN,VGK,2,3,2,3,REG,21,35,4,2,8480947,K. Lankinen,8478499,A. Hill
2025-04-07,2024021230,20242025,NYR,TBL,1,5,1,5,REG,39,23,18,6,8478048,I. Shesterkin,8476883,A. Vasilevskiy
2025-04-07,2024021231,20242025,WPG,STL,3,1,3,1,REG,26,15,4,2,8476945,C. Hellebuyck,8480981,J. Hofer
2025-04-07,2024021232,20242025,ANA,EDM,3,2,3,2,REG,21,47,28,12,8480843,L. Dostal,8480885,O. Rodrigue
2025-04-07,2024021233,20242025,LAK,SEA,1,2,1,2,REG,29,28,4,8,8475311,D. Kuemper,8478916,J. Daccord
2025-04-07,2024021234,20242025,SJS,CGY,2,3,2,3,REG,31,32,2,6,8484312,G. Romanov,8481692,D. Wolf
2025-04-08,2024021235,20242025,BUF,CAR,3,0,3,0,REG,18,33,6,4,8473503,J. Reimer,8481611,P. Kochetkov
2025-04-08,2024021236,20242025,MTL,DET,4,1,4,1,REG,21,36,6,4,8478470,S. Montembeault,8475660,C. Talbot
2025-04-08,2024021237,20242025,FLA,TOR,3,1,3,1,REG,37,18,4,2,8475683,S. Bobrovsky,8479361,J. Woll
2025-04-08,2024021238,20242025,NJD,BOS,2,7,2,7,REG,21,25,4,2,8474593,J. Markstrom,8480280,J. Swayman
2025-04-08,2024021239,20242025,CBJ,OTT,5,2,5,2,REG,35,35,10,6,8478007,E. Merzlikins,8476341,A. Forsberg
2025-04-08,2024021240,20242025,PIT,CHI,5,0,5,0,REG,27,26,4,6,8477465,T. Jarry,8481519,S. Knight
2025-04-08,2024021241,20242025,NSH,NYI,7,6,6,6,OT,32,22,4,6,8481020,J. Annunen,8478009,I. Sorokin
2025-04-08,2024021242,20242025,DAL,VAN,5,6,5,5,OT,28,32,10,10,8479193,C. DeSmith,8477967,T. Demko
2025-04-08,2024021243,20242025,UTA,SEA,7,1,7,1,REG,41,19,15,19,8478872,K. Vejmelka,8478916,J. Daccord
2025-04-08,2024021244,20242025,COL,VGK,3,2,2,2,SO,36,21,13,13,8475809,S. Wedgewood,8481033,A. Schmid
2025-04-09,2024021245,20242025,TBL,TOR,3,4,3,3,OT,28,31,11,15,8476883,A. Vasilevskiy,8476932,A. Stolarz
2025-04-09,2024021246,20242025,NYR,PHI,5,8,5,8,REG,29,30,0,16,8471734,J. Quick,8482783,A. Kolosov
2025-04-09,2024021247,20242025,MIN,SJS,8,7,7,7,OT,44,31,2,10,8470594,M. Fleury,8480382,A. Georgiev
2025-04-09,2024021248,20242025,EDM,STL,4,3,4,3,REG,23,26,21,11,8475717,C. Pickard,8476412,J. Binnington
2025-04-09,2024021249,20242025,ANA,CGY,4,3,3,3,OT,23,39,12,2,8478024,V. Husso,8481692,D. Wolf
2025-04-10,2024021250,20242025,BOS,CHI,2,5,2,5,REG,33,21,4,6,8480280,J. Swayman,8482821,A. Soderblom
2025-04-10,2024021251,20242025,FLA,DET,4,1,4,1,REG,31,23,14,2,8475683,S. Bobrovsky,8475660,C. Talbot
2025-04-10,2024021252,20242025,WSH,CAR,5,4,4,4,SO,28,34,7,11,8479292,C. Lindgren,8475883,F. Andersen
2025-04-10,2024021253,20242025,CBJ,BUF,3,2,3,2,REG,30,41,2,2,8482982,J. Greaves,8473503,J. Reimer
2025-04-10,2024021254,20242025,NYI,NYR,2,9,2,9,REG,46,32,2,4,8477405,M. Hogberg,8478048,I. Shesterkin
2025-04-10,2024021255,20242025,DAL,WPG,0,4,0,4,REG,25,35,7,7,8479979,J. Oettinger,8476945,C. Hellebuyck
2025-04-10,2024021256,20242025,COL,VAN,1,4,1,4,REG,32,30,9,9,8478406,M. Blackwood,8480947,K. Lankinen
2025-04-10,2024021257,20242025,UTA,NSH,3,4,3,3,SO,42,31,8,6,8478872,K. Vejmelka,8477424,J. Saros
2025-04-10,2024021258,20242025,VGK,SEA,2,1,2,1,REG,25,25,4,0,8478499,A. Hill,8478916,J. Daccord
2025-04-10,2024021259,20242025,LAK,ANA,6,1,6,1,REG,29,25,10,12,8475311,D. Kuemper,8480843,L. Dostal
2025-04-11,2024021260,20242025,OTT,MTL,5,2,5,2,REG,34,22,11,13,8476999,L. Ullmark,8478470,S. Montembeault
2025-04-11,2024021261,20242025,TBL,DET,3,4,3,3,OT,21,26,2,0,8476883,A. Vasilevskiy,8479312,A. Lyon
2025-04-11,2024021262,20242025,NJD,PIT,2,4,2,4,REG,28,24,8,6,8474596,J. Allen,8477465,T. Jarry
2025-04-11,2024021263,20242025,EDM,SJS,4,2,4,2,REG,34,24,4,10,8475717,C. Pickard,8484312,G. Romanov
2025-04-11,2024021264,20242025,CGY,MIN,4,2,4,2,REG,32,18,4,4,8481692,D. Wolf,8479406,F. Gustavsson
2025-04-12,2024021265,20242025,PHI,NYI,4,3,3,3,SO,22,40,8,8,8481035,S. Ersson,8477405,M. Hogberg
2025-04-12,2024021266,20242025,CAR,NYR,7,3,7,3,REG,28,31,4,4,8481611,P. Kochetkov,8478048,I. Shesterkin
2025-04-12,2024021267,20242025,LAK,COL,5,4,5,4,REG,33,26,6,6,8475311,D. Kuemper,8478406,M. Blackwood
2025-04-12,2024021268,20242025,FLA,BUF,3,2,2,2,SO,34,28,17,17,8477970,V. Vanecek,8480045,U. Luukkonen
2025-04-12,2024021269,20242025,TOR,MTL,1,0,0,0,OT,35,15,11,15,8476932,A. Stolarz,8482487,J. Dobes
2025-04-12,2024021270,20242025,CBJ,WSH,7,0,7,0,REG,26,22,26,48,8482982,J. Greaves,8482411,H. Shepard
2025-04-12,2024021271,20242025,CHI,WPG,4,5,4,4,SO,32,42,4,4,8481519,S. Knight,8476945,C. Hellebuyck
2025-04-12,2024021272,20242025,DAL,UTA,3,5,3,5,REG,24,34,8,8,8479193,C. DeSmith,8478872,K. Vejmelka
2025-04-12,2024021273,20242025,VAN,MIN,2,3,2,2,OT,14,33,11,21,8480947,K. Lankinen,8479406,F. Gustavsson
2025-04-12,2024021274,20242025,VGK,NSH,5,3,5,3,REG,29,17,2,6,8478499,A. Hill,8481020,J. Annunen
2025-04-12,2024021275,20242025,SEA,STL,4,3,3,3,SO,18,23,2,4,8475831,P. Grubauer,8476412,J. Binnington
2025-04-13,2024021276,20242025,OTT,PHI,4,3,3,3,OT,25,32,4,8,8476341,A. Forsberg,8478905,I. Fedotov
2025-04-13,2024021277,20242025,NJD,NYI,0,1,0,1,REG,25,23,17,2,8474593,J. Markstrom,8478009,I. Sorokin
2025-04-13,2024021278,20242025,PIT,BOS,1,4,1,4,REG,24,32,8,8,8477465,T. Jarry,8476914,J. Korpisalo
2025-04-13,2024021279,20242025,CAR,TOR,1,4,1,4,REG,26,20,4,8,8475883,F. Andersen,8479361,J. Woll
2025-04-13,2024021280,20242025,TBL,BUF,7,4,7,4,REG,31,25,4,4,8477992,J. Johansson,8473503,J. Reimer
2025-04-13,2024021281,20242025,WSH,CBJ,1,4,1,4,REG,31,23,11,9,8479292,C. Lindgren,8482982,J. Greaves
2025-04-13,2024021282,20242025,WPG,EDM,1,4,1,4,REG,18,39,2,4,8477480,E. Comrie,8479973,S. Skinner
2025-04-13,2024021283,20242025,CGY,SJS,5,2,5,2,REG,30,30,4,2,8481692,D. Wolf,8484312,G. Romanov
2025-04-13,2024021284,20242025,ANA,COL,2,4,2,4,REG,21,25,6,4,8480843,L. Dostal,8475809,S. Wedgewood
2025-04-14,2024021285,20242025,MTL,CHI,3,4,3,3,SO,21,25,8,10,8478470,S. Montembeault,8482821,A. Soderblom
2025-04-14,2024021286,20242025,DET,DAL,6,4,6,4,REG,37,28,6,6,8475660,C. Talbot,8479979,J. Oettinger
2025-04-14,2024021287,20242025,FLA,NYR,3,5,3,5,REG,30,25,4,4,8475683,S. Bobrovsky,8471734,J. Quick
2025-04-14,2024021288,20242025,NSH,UTA,3,7,3,7,REG,31,36,6,6,8477424,J. Saros,8480191,M. Villalta
2025-04-14,2024021289,20242025,EDM,LAK,0,5,0,5,REG,21,36,53,14,8475717,C. Pickard,8475311,D. Kuemper
2025-04-14,2024021290,20242025,VAN,SJS,2,1,1,1,OT,37,16,6,10,8484268,N. Tolopilo,8480382,A. Georgiev
2025-04-15,2024021291,20242025,BOS,NJD,4,5,4,4,OT,24,26,6,6,8480280,J. Swayman,8474596,J. Allen
2025-04-15,2024021292,20242025,BUF,TOR,0,4,0,4,REG,35,32,4,4,8480045,U. Luukkonen,8476932,A. Stolarz
2025-04-15,2024021293,20242025,OTT,CHI,3,4,3,3,OT,37,16,8,8,8476341,A. Forsberg,8481519,S. Knight
2025-04-15,2024021294,20242025,TBL,FLA,5,1,5,1,REG,31,24,17,30,8476883,A. Vasilevskiy,8477970,V. Vanecek
2025-04-15,2024021295,20242025,PHI,CBJ,0,3,0,3,REG,29,34,4,6,8481035,S. Ersson,8482982,J. Greaves
2025-04-15,2024021296,20242025,NYI,WSH,1,3,1,3,REG,33,36,6,8,8478009,I. Sorokin,8479292,C. Lindgren
2025-04-15,2024021297,20242025,STL,UTA,6,1,6,1,REG,29,23,18,22,8476412,J. Binnington,8478872,K. Vejmelka
2025-04-15,2024021298,20242025,MIN,ANA,3,2,2,2,OT,40,29,2,4,8479406,F. Gustavsson,8480843,L. Dostal
2025-04-15,2024021299,20242025,CGY,VGK,5,4,4,4,SO,28,42,2,4,8481692,D. Wolf,8478492,I. Samsonov
2025-04-15,2024021300,20242025,SEA,LAK,5,6,5,6,REG,34,24,6,8,8478916,J. Daccord,8479496,D. Rittich
2025-04-16,2024021301,20242025,MTL,CAR,4,2,4,2,REG,22,29,2,6,8478470,S. Montembeault,8481611,P. Kochetkov
2025-04-16,2024021302,20242025,WPG,ANA,2,1,1,1,OT,44,31,2,8,8476945,C. Hellebuyck,8478024,V. Husso
2025-04-16,2024021303,20242025,NJD,DET,2,5,2,5,REG,30,27,8,8,8482076,N. Daws,8479312,A. Lyon
2025-04-16,2024021304,20242025,NSH,DAL,5,1,5,1,REG,34,30,12,8,8477424,J. Saros,8479979,J. Oettinger
2025-04-16,2024021305,20242025,VAN,VGK,1,4,1,4,REG,17,31,6,2,8480947,K. Lankinen,8481033,A. Schmid
2025-04-16,2024021306,20242025,SJS,EDM,0,3,0,3,REG,18,28,4,4,8480382,A. Georgiev,8479973,S. Skinner
2025-04-17,2024021307,20242025,BUF,PHI,5,4,5,4,REG,31,24,4,2,8473503,J. Reimer,8482783,A. Kolosov
2025-04-17,2024021308,20242025,TOR,DET,4,3,3,3,OT,20,34,4,4,8479361,J. Woll,8475660,C. Talbot
2025-04-17,2024021309,20242025,OTT,CAR,7,5,7,5,REG,32,33,6,28,8476999,L. Ullmark,8475883,F. Andersen
2025-04-17,2024021310,20242025,NYR,TBL,4,0,4,0,REG,22,27,6,2,8478048,I. Shesterkin,8477992,J. Johansson
2025-04-17,2024021311,20242025,PIT,WSH,5,2,5,2,REG,38,20,4,4,8477968,A. Nedeljkovic,8483532,C. Stevenson
2025-04-17,2024021312,20242025,CBJ,NYI,6,1,6,1,REG,26,37,2,0,8482982,J. Greaves,8477405,M. Hogberg
2025-10-07,2025020001,20252026,FLA,CHI,3,2,3,2,REG,37,19,11,9,8475683,S. Bobrovsky,8481519,S. Knight
2025-10-07,2025020002,20252026,NYR,PIT,0,3,0,3,REG,25,31,2,4,8478048,I. Shesterkin,8481668,A. Silovs
2025-10-07,2025020003,20252026,LAK,COL,1,4,1,4,REG,25,23,17,13,8475311,D. Kuemper,8475809,S. Wedgewood
2025-10-08,2025020004,20252026,TOR,MTL,5,2,5,2,REG,27,31,4,4,8476932,A. Stolarz,8478470,S. Montembeault
2025-10-08,2025020005,20252026,WSH,BOS,1,3,1,3,REG,36,22,4,10,8480313,L. Thompson,8480280,J. Swayman
2025-10-08,2025020006,20252026,EDM,CGY,3,4,3,3,SO,35,22,8,18,8479973,S. Skinner,8481692,D. Wolf
2025-10-08,2025020007,20252026,VGK,LAK,5,6,5,5,SO,35,26,6,13,8478499,A. Hill,8476341,A. Forsberg
2025-10-09,2025020008,20252026,BOS,CHI,4,3,3,3,OT,33,24,10,14,8476914,J. Korpisalo,8482821,A. Soderblom
2025-10-09,2025020009,20252026,BUF,NYR,0,4,0,4,REG,37,33,8,10,8479312,A. Lyon,8478048,I. Shesterkin
2025-10-09,2025020010,20252026,DET,MTL,1,5,1,5,REG,31,17,6,8,8476434,J. Gibson,8482487,J. Dobes
2025-10-09,2025020011,20252026,TBL,OTT,4,5,4,5,REG,25,34,22,20,8476883,A. Vasilevskiy,8476999,L. Ullmark
2025-10-09,2025020012,20252026,FLA,PHI,2,1,2,1,REG,34,20,4,10,8475683,S. Bobrovsky,8478435,D. Vladar
2025-10-09,2025020013,20252026,PIT,NYI,4,3,4,3,REG,28,37,8,25,8477465,T. Jarry,8478009,I. Sorokin
2025-10-09,2025020014,20252026,CAR,NJD,6,3,6,3,REG,33,22,4,6,8475883,F. Andersen,8474593,J. Markstrom
2025-10-09,2025020015,20252026,STL,MIN,0,5,0,5,REG,26,21,6,4,8476412,J. Binnington,8479406,F. Gustavsson
2025-10-09,2025020016,20252026,NSH,CBJ,2,1,2,1,REG,32,39,4,10,8477424,J. Saros,8482982,J. Greaves
2025-10-09,2025020017,20252026,WPG,DAL,4,5,4,5,REG,25,37,14,10,8476945,C. Hellebuyck,8479979,J. Oettinger
2025-10-09,2025020018,20252026,COL,UTA,2,1,2,1,REG,27,33,6,8,8475809,S. Wedgewood,8478872,K. Vejmelka
2025-10-09,2025020019,20252026,VAN,CGY,5,1,5,1,REG,26,18,8,10,8477967,T. Demko,8481692,D. Wolf
2025-10-09,2025020020,20252026,SJS,VGK,3,4,3,3,OT,23,31,8,8,8477968,A. Nedeljkovic,8481033,A. Schmid
2025-10-09,2025020021,20252026,SEA,ANA,3,1,3,1,REG,31,36,2,4,8478916,J. Daccord,8480843,L. Dostal
2025-10-11,2025020022,20252026,WPG,LAK,3,2,3,2,REG,27,32,15,13,8476945,C. Hellebuyck,8475311,D. Kuemper
2025-10-11,2025020023,20252026,CGY,STL,2,4,2,4,REG,29,28,13,17,8481692,D. Wolf,8480981,J. Hofer
2025-10-11,2025020024,20252026,BOS,BUF,3,1,3,1,REG,31,22,8,8,8480280,J. Swayman,8479312,A. Lyon
2025-10-11,2025020025,20252026,DET,TOR,6,3,6,3,REG,35,23,6,10,8475660,C. Talbot,8476932,A. Stolarz
2025-10-11,2025020026,20252026,TBL,NJD,3,5,3,5,REG,17,31,8,6,8476883,A. Vasilevskiy,8474593,J. Markstrom
2025-10-11,2025020027,20252026,FLA,OTT,6,2,6,2,REG,27,28,4,10,8475683,S. Bobrovsky,8476999,L. Ullmark
2025-10-11,2025020028,20252026,NYI,WSH,2,4,2,4,REG,36,29,4,4,8478009,I. Sorokin,8480313,L. Thompson
2025-10-11,2025020029,20252026,PIT,NYR,1,6,1,6,REG,19,30,6,8,8481668,A. Silovs,8478048,I. Shesterkin
2025-10-11,2025020030,20252026,CAR,PHI,4,3,3,3,OT,39,23,8,10,8475883,F. Andersen,8481035,S. Ersson
2025-10-11,2025020031,20252026,CHI,MTL,2,3,2,3,REG,22,28,39,17,8481519,S. Knight,8478470,S. Montembeault
2025-10-11,2025020032,20252026,NSH,UTA,2,3,2,2,OT,23,23,12,14,8477424,J. Saros,8478872,K. Vejmelka
2025-10-11,2025020033,20252026,MIN,CBJ,4,7,4,7,REG,52,32,6,12,8479406,F. Gustavsson,8478007,E. Merzlikins
2025-10-11,2025020034,20252026,COL,DAL,4,5,4,4,SO,39,22,9,15,8475809,S. Wedgewood,8479979,J. Oettinger
2025-10-11,2025020035,20252026,EDM,VAN,3,1,3,1,REG,37,15,6,12,8475717,C. Pickard,8477967,T. Demko
2025-10-11,2025020036,20252026,SJS,ANA,6,7,6,6,OT,23,44,13,13,8482137,Y. Askarov,8475852,P. Mrazek
2025-10-11,2025020037,20252026,SEA,VGK,2,1,1,1,OT,22,27,11,11,8478916,J. Daccord,8478499,A. Hill
2025-10-12,2025020038,20252026,NYR,WSH,0,1,0,1,REG,35,21,2,4,8471734,J. Quick,8479292,C. Lindgren
2025-10-13,2025020039,20252026,BUF,COL,1,3,1,3,REG,28,37,10,6,8479312,A. Lyon,8475809,S. Wedgewood
2025-10-13,2025020040,20252026,BOS,TBL,3,4,3,4,REG,33,23,8,14,8476914,J. Korpisalo,8477992,J. Johansson
2025-10-13,2025020041,20252026,OTT,NSH,1,4,1,4,REG,32,26,10,10,8476999,L. Ullmark,8477424,J. Saros
2025-10-13,2025020042,20252026,NYI,WPG,2,5,2,5,REG,35,26,6,8,8478009,I. Sorokin,8477480,E. Comrie
2025-10-13,2025020043,20252026,TOR,DET,2,3,2,3,REG,40,15,8,6,8476932,A. Stolarz,8475660,C. Talbot
2025-10-13,2025020044,20252026,PHI,FLA,5,2,5,2,REG,22,26,10,10,8478435,D. Vladar,8480193,D. Tarasov
2025-10-13,2025020045,20252026,CBJ,NJD,2,3,2,3,REG,33,28,4,10,8482982,J. Greaves,8474596,J. Allen
2025-10-13,2025020046,20252026,VAN,STL,2,5,2,5,REG,29,36,6,2,8480947,K. Lankinen,8476412,J. Binnington
2025-10-13,2025020047,20252026,MIN,LAK,4,3,3,3,SO,26,34,6,12,8482661,J. Wallstedt,8475311,D. Kuemper
2025-10-13,2025020048,20252026,CHI,UTA,3,1,3,1,REG,14,22,6,6,8481519,S. Knight,8477970,V. Vanecek
2025-10-14,2025020049,20252026,TOR,NSH,7,4,7,4,REG,28,30,6,6,8480051,C. Primeau,8481020,J. Annunen
2025-10-14,2025020050,20252026,MTL,SEA,5,4,4,4,OT,22,22,8,6,8478470,S. Montembeault,8478916,J. Daccord
2025-10-14,2025020051,20252026,NYR,EDM,0,2,0,2,REG,30,22,0,6,8478048,I. Shesterkin,8479973,S. Skinner
2025-10-14,2025020052,20252026,WSH,TBL,3,2,2,2,OT,28,19,8,10,8480313,L. Thompson,8476883,A. Vasilevskiy
2025-10-14,2025020053,20252026,CGY,VGK,2,4,2,4,REG,29,30,6,4,8481692,D. Wolf,8481033,A. Schmid
2025-10-14,2025020054,20252026,DAL,MIN,5,2,5,2,REG,25,41,25,11,8479979,J. Oettinger,8479406,F. Gustavsson
2025-10-14,2025020055,20252026,SJS,CAR,1,5,1,5,REG,17,43,8,12,8477968,A. Nedeljkovic,8483548,B. Bussi
2025-10-14,2025020056,20252026,ANA,PIT,4,3,4,3,REG,22,25,0,12,8480843,L. Dostal,8477465,T. Jarry
2025-10-15,2025020057,20252026,BUF,OTT,8,4,8,4,REG,27,37,12,10,8479312,A. Lyon,8482447,L. Meriläinen
2025-10-15,2025020058,20252026,DET,FLA,4,1,4,1,REG,25,21,4,6,8475660,C. Talbot,8475683,S. Bobrovsky
2025-10-15,2025020059,20252026,STL,CHI,3,8,3,8,REG,26,29,6,4,8480981,J. Hofer,8482821,A. Soderblom
2025-10-15,2025020060,20252026,UTA,CGY,3,1,3,1,REG,32,20,17,21,8478872,K. Vejmelka,8482445,D. Cooley
2025-10-16,2025020061,20252026,TOR,NYR,2,1,1,1,OT,24,29,6,4,8476932,A. Stolarz,8478048,I. Shesterkin
2025-10-16,2025020062,20252026,MTL,NSH,3,2,2,2,OT,30,19,4,6,8482487,J. Dobes,8477424,J. Saros
2025-10-16,2025020063,20252026,OTT,SEA,4,3,3,3,SO,23,33,6,4,8476999,L. Ullmark,8475831,P. Grubauer
2025-10-16,2025020064,20252026,NJD,FLA,3,1,3,1,REG,33,22,12,8,8474596,J. Allen,8480193,D. Tarasov
2025-10-16,2025020065,20252026,NYI,EDM,4,2,4,2,REG,25,33,8,10,8479496,D. Rittich,8479973,S. Skinner
2025-10-16,2025020066,20252026,PHI,WPG,2,5,2,5,REG,17,15,2,8,8481035,S. Ersson,8476945,C. Hellebuyck
2025-10-16,2025020067,20252026,CBJ,COL,1,4,1,4,REG,23,36,2,4,8478007,E. Merzlikins,8475809,S. Wedgewood
2025-10-16,2025020068,20252026,DAL,VAN,3,5,3,5,REG,31,26,6,8,8479193,C. DeSmith,8477967,T. Demko
2025-10-16,2025020069,20252026,VGK,BOS,6,5,6,5,REG,37,24,6,12,8481033,A. Schmid,8480280,J. Swayman
2025-10-16,2025020070,20252026,ANA,CAR,1,4,1,4,REG,24,32,10,14,8480843,L. Dostal,8475883,F. Andersen
2025-10-16,2025020071,20252026,LAK,PIT,2,4,2,4,REG,32,26,4,4,8476341,A. Forsberg,8481668,A. Silovs
2025-10-17,2025020072,20252026,DET,TBL,2,1,1,1,OT,31,32,6,6,8476434,J. Gibson,8476883,A. Vasilevskiy
2025-10-17,2025020073,20252026,WSH,MIN,5,1,5,1,REG,45,14,4,10,8480313,L. Thompson,8479406,F. Gustavsson
2025-10-17,2025020074,20252026,CHI,VAN,2,3,2,2,SO,33,32,12,8,8481519,S. Knight,8480947,K. Lankinen
2025-10-17,2025020075,20252026,UTA,SJS,6,3,6,3,REG,34,21,18,18,8478872,K. Vejmelka,8482137,Y. Askarov
2025-10-18,2025020076,20252026,BUF,FLA,3,0,3,0,REG,31,32,26,12,8479312,A. Lyon,8475683,S. Bobrovsky
2025-10-18,2025020077,20252026,OTT,NYI,4,5,4,5,REG,32,23,6,2,8476999,L. Ullmark,8478009,I. Sorokin
2025-10-18,2025020078,20252026,NJD,EDM,5,3,5,3,REG,23,30,6,6,8474596,J. Allen,8475717,C. Pickard
2025-10-18,2025020079,20252026,TOR,SEA,3,4,3,3,OT,30,28,4,8,8476932,A. Stolarz,8478916,J. Daccord
2025-10-18,2025020080,20252026,MTL,NYR,3,4,3,4,REG,24,22,13,13,8478470,S. Montembeault,8471734,J. Quick
2025-10-18,2025020081,20252026,PHI,MIN,2,1,1,1,OT,21,16,9,9,8478435,D. Vladar,8482661,J. Wallstedt
2025-10-18,2025020082,20252026,CBJ,TBL,3,2,3,2,REG,31,24,17,13,8482982,J. Greaves,8477992,J. Johansson
2025-10-18,2025020083,20252026,STL,DAL,3,1,3,1,REG,22,19,4,4,8476412,J. Binnington,8479979,J. Oettinger
2025-10-18,2025020084,20252026,WPG,NSH,4,1,4,1,REG,24,31,13,11,8476945,C. Hellebuyck,8477424,J. Saros
2025-10-18,2025020085,20252026,COL,BOS,4,1,4,1,REG,38,14,4,10,8475809,S. Wedgewood,8480280,J. Swayman
2025-10-18,2025020086,20252026,LAK,CAR,3,4,3,3,OT,28,40,6,2,8476341,A. Forsberg,8483548,B. Bussi
2025-10-18,2025020087,20252026,VGK,CGY,6,1,6,1,REG,28,27,16,16,8478499,A. Hill,8481692,D. Wolf
2025-10-18,2025020088,20252026,SJS,PIT,0,3,0,3,REG,31,27,2,4,8477968,A. Nedeljkovic,8477465,T. Jarry
2025-10-19,2025020089,20252026,WSH,VAN,3,4,3,4,REG,31,24,11,13,8479292,C. Lindgren,8477967,T. Demko
2025-10-19,2025020090,20252026,DET,EDM,4,2,4,2,REG,25,18,2,0,8476434,J. Gibson,8479973,S. Skinner
2025-10-19,2025020091,20252026,CHI,ANA,2,1,1,1,OT,30,39,10,4,8481519,S. Knight,8480843,L. Dostal
2025-10-19,2025020092,20252026,UTA,BOS,3,2,3,2,REG,27,26,15,17,8477970,V. Vanecek,8476914,J. Korpisalo
2025-10-20,2025020093,20252026,NYR,MIN,1,3,1,3,REG,24,32,6,2,8478048,I. Shesterkin,8479406,F. Gustavsson
2025-10-20,2025020094,20252026,PHI,SEA,5,2,5,2,REG,27,23,32,28,8478435,D. Vladar,8478916,J. Daccord
2025-10-20,2025020095,20252026,MTL,BUF,4,2,4,2,REG,32,32,6,6,8482487,J. Dobes,8479312,A. Lyon
2025-10-20,2025020096,20252026,CGY,WPG,1,2,1,2,REG,33,27,6,10,8481692,D. Wolf,8476945,C. Hellebuyck
2025-10-20,2025020097,20252026,VGK,CAR,4,1,4,1,REG,26,27,8,8,8481033,A. Schmid,8475883,F. Andersen
2025-10-21,2025020098,20252026,TOR,NJD,2,5,2,5,REG,25,35,9,11,8476932,A. Stolarz,8474596,J. Allen
2025-10-21,2025020099,20252026,OTT,EDM,2,3,2,2,OT,21,25,6,6,8476999,L. Ullmark,8479973,S. Skinner
2025-10-21,2025020100,20252026,NYI,SJS,4,3,4,3,REG,27,36,6,6,8478009,I. Sorokin,8482137,Y. Askarov
2025-10-21,2025020101,20252026,PIT,VAN,5,1,5,1,REG,26,24,6,8,8481668,A. Silovs,8480947,K. Lankinen
2025-10-21,2025020102,20252026,WSH,SEA,4,1,4,1,REG,34,19,4,4,8480313,L. Thompson,8476899,M. Murray
2025-10-21,2025020103,20252026,BOS,FLA,3,4,3,4,REG,31,23,15,19,8480280,J. Swayman,8475683,S. Bobrovsky
2025-10-21,2025020104,20252026,STL,LAK,1,2,1,1,OT,18,28,11,11,8476412,J. Binnington,8475311,D. Kuemper
2025-10-21,2025020105,20252026,NSH,ANA,2,5,2,5,REG,28,32,20,12,8477424,J. Saros,8480843,L. Dostal
2025-10-21,2025020106,20252026,DAL,CBJ,1,5,1,5,REG,23,29,4,4,8479979,J. Oettinger,8478007,E. Merzlikins
2025-10-21,2025020107,20252026,UTA,COL,4,3,3,3,OT,33,33,2,4,8478872,K. Vejmelka,8475809,S. Wedgewood
2025-10-22,2025020108,20252026,NJD,MIN,4,1,4,1,REG,35,31,6,4,8482076,N. Daws,8479406,F. Gustavsson
2025-10-22,2025020109,20252026,BUF,DET,4,2,4,2,REG,31,31,4,10,8481551,C. Ellis,8476434,J. Gibson
2025-10-22,2025020110,20252026,CGY,MTL,1,2,1,1,OT,37,28,6,10,8481692,D. Wolf,8482487,J. Dobes
2025-10-23,2025020111,20252026,BOS,ANA,5,7,5,7,REG,42,30,11,9,8476914,J. Korpisalo,8475852,P. Mrazek
2025-10-23,2025020112,20252026,OTT,PHI,2,1,2,1,REG,33,23,8,12,8476999,L. Ullmark,8478435,D. Vladar
2025-10-23,2025020113,20252026,TBL,CHI,2,3,2,3,REG,31,25,12,6,8476883,A. Vasilevskiy,8481519,S. Knight
2025-10-23,2025020114,20252026,FLA,PIT,3,5,3,5,REG,37,17,6,8,8475683,S. Bobrovsky,8477465,T. Jarry
2025-10-23,2025020115,20252026,NYI,DET,7,2,7,2,REG,30,34,32,16,8479496,D. Rittich,8475660,C. Talbot
2025-10-23,2025020116,20252026,NYR,SJS,5,6,5,5,OT,28,24,15,13,8478048,I. Shesterkin,8477968,A. Nedeljkovic
2025-10-23,2025020117,20252026,STL,UTA,4,7,4,7,REG,20,25,12,12,8476412,J. Binnington,8478872,K. Vejmelka
2025-10-23,2025020118,20252026,NSH,VAN,2,1,2,1,REG,35,22,10,6,8477424,J. Saros,8477967,T. Demko
2025-10-23,2025020119,20252026,DAL,LAK,2,3,2,2,OT,31,25,6,10,8479979,J. Oettinger,8475311,D. Kuemper
2025-10-23,2025020120,20252026,WPG,SEA,0,3,0,3,REG,32,28,12,16,8476945,C. Hellebuyck,8478916,J. Daccord
2025-10-23,2025020121,20252026,COL,CAR,4,5,4,4,SO,48,31,14,18,8481529,T. Miner,8475883,F. Andersen
2025-10-23,2025020122,20252026,EDM,MTL,6,5,6,5,REG,29,27,2,20,8475717,C. Pickard,8478470,S. Montembeault
2025-10-24,2025020123,20252026,BUF,TOR,5,3,5,3,REG,30,34,10,4,8479312,A. Lyon,8476932,A. Stolarz
2025-10-24,2025020124,20252026,NJD,SJS,3,1,3,1,REG,29,17,8,10,8474596,J. Allen,8482137,Y. Askarov
2025-10-24,2025020125,20252026,CBJ,WSH,1,5,1,5,REG,35,30,9,6,8482982,J. Greaves,8480313,L. Thompson
2025-10-24,2025020126,20252026,WPG,CGY,5,3,5,3,REG,32,33,19,21,8477480,E. Comrie,8481692,D. Wolf
2025-10-25,2025020127,20252026,PHI,NYI,4,3,3,3,SO,26,26,18,20,8481035,S. Ersson,8478009,I. Sorokin
2025-10-25,2025020128,20252026,BOS,COL,3,2,3,2,REG,19,33,10,14,8480280,J. Swayman,8475809,S. Wedgewood
2025-10-25,2025020129,20252026,TBL,ANA,4,3,4,3,REG,33,40,11,19,8477992,J. Johansson,8480843,L. Dostal
2025-10-25,2025020130,20252026,FLA,VGK,3,0,3,0,REG,26,17,6,8,8475683,S. Bobrovsky,8481033,A. Schmid
2025-10-25,2025020131,20252026,MIN,UTA,2,6,2,6,REG,35,41,4,10,8479406,F. Gustavsson,8478872,K. Vejmelka
2025-10-25,2025020132,20252026,TOR,BUF,4,3,3,3,OT,23,26,13,21,8480051,C. Primeau,8480045,U. Luukkonen
2025-10-25,2025020133,20252026,DET,STL,6,4,6,4,REG,28,29,8,6,8476434,J. Gibson,8476412,J. Binnington
2025-10-25,2025020134,20252026,PIT,CBJ,4,5,4,4,SO,31,41,7,11,8481668,A. Silovs,8478007,E. Merzlikins
2025-10-25,2025020135,20252026,WSH,OTT,1,7,1,7,REG,13,34,14,12,8479292,C. Lindgren,8476999,L. Ullmark
2025-10-25,2025020136,20252026,VAN,MTL,3,4,3,4,REG,31,24,6,6,8480947,K. Lankinen,8482487,J. Dobes
2025-10-25,2025020137,20252026,NSH,LAK,5,4,4,4,SO,25,40,6,4,8477424,J. Saros,8475311,D. Kuemper
2025-10-25,2025020138,20252026,DAL,CAR,3,2,3,2,REG,34,28,6,8,8479979,J. Oettinger,8483548,B. Bussi
2025-10-25,2025020139,20252026,SEA,EDM,3,2,3,2,REG,23,33,4,6,8478916,J. Daccord,8479973,S. Skinner
2025-10-26,2025020140,20252026,NJD,COL,4,3,3,3,OT,24,24,4,2,8474596,J. Allen,8481529,T. Miner
2025-10-26,2025020141,20252026,TBL,VGK,2,1,1,1,OT,28,19,11,15,8476883,A. Vasilevskiy,8482761,C. Lindbom
2025-10-26,2025020142,20252026,MIN,SJS,5,6,5,5,OT,33,25,4,8,8482661,J. Wallstedt,8482137,Y. Askarov
2025-10-26,2025020143,20252026,WPG,UTA,2,3,2,3,REG,30,32,8,4,8476945,C. Hellebuyck,8477970,V. Vanecek
2025-10-26,2025020144,20252026,CHI,LAK,1,3,1,3,REG,23,22,6,10,8482821,A. Soderblom,8476341,A. Forsberg
2025-10-26,2025020145,20252026,NSH,DAL,2,3,2,3,REG,25,28,10,4,8481020,J. Annunen,8479193,C. DeSmith
2025-10-26,2025020146,20252026,CGY,NYR,5,1,5,1,REG,30,31,2,6,8481692,D. Wolf,8478048,I. Shesterkin
2025-10-26,2025020147,20252026,VAN,EDM,4,3,3,3,OT,27,29,4,4,8477967,T. Demko,8475717,C. Pickard
2025-10-27,2025020148,20252026,PIT,STL,6,3,6,3,REG,26,28,8,2,8477465,T. Jarry,8480981,J. Hofer
2025-10-27,2025020149,20252026,OTT,BOS,7,2,7,2,REG,23,28,2,10,8482447,L. Meriläinen,8480280,J. Swayman
2025-10-28,2025020150,20252026,PHI,PIT,3,2,2,2,SO,34,26,48,48,8481035,S. Ersson,8481668,A. Silovs
2025-10-28,2025020151,20252026,TOR,CGY,4,3,4,3,REG,37,29,6,6,8476932,A. Stolarz,8481692,D. Wolf
2025-10-28,2025020152,20252026,BUF,CBJ,3,4,3,3,OT,38,39,4,6,8479312,A. Lyon,8482982,J. Greaves
2025-10-28,2025020153,20252026,FLA,ANA,2,3,2,2,SO,33,17,15,13,8480193,D. Tarasov,8480843,L. Dostal
2025-10-28,2025020154,20252026,BOS,NYI,5,2,5,2,REG,22,35,10,8,8476914,J. Korpisalo,8478009,I. Sorokin
2025-10-28,2025020155,20252026,CAR,VGK,3,6,3,6,REG,24,35,10,4,8475883,F. Andersen,8481033,A. Schmid
2025-10-28,2025020156,20252026,NSH,TBL,2,5,2,5,REG,20,32,10,10,8477424,J. Saros,8476883,A. Vasilevskiy
2025-10-28,2025020157,20252026,MIN,WPG,3,4,3,3,OT,35,21,7,13,8479406,F. Gustavsson,8476945,C. Hellebuyck
2025-10-28,2025020158,20252026,STL,DET,2,5,2,5,REG,22,20,9,9,8476412,J. Binnington,8476434,J. Gibson
2025-10-28,2025020159,20252026,DAL,WSH,1,0,1,0,REG,19,24,6,8,8479979,J. Oettinger,8480313,L. Thompson
2025-10-28,2025020160,20252026,CHI,OTT,7,3,7,3,REG,26,24,20,16,8481519,S. Knight,8476999,L. Ullmark
2025-10-28,2025020161,20252026,COL,NJD,8,4,8,4,REG,42,30,4,12,8475809,S. Wedgewood,8474593,J. Markstrom
2025-10-28,2025020162,20252026,EDM,UTA,6,3,6,3,REG,24,23,4,2,8479973,S. Skinner,8478872,K. Vejmelka
2025-10-28,2025020163,20252026,VAN,NYR,0,2,0,2,REG,23,25,13,11,8477967,T. Demko,8471734,J. Quick
2025-10-28,2025020164,20252026,SEA,MTL,3,4,3,3,OT,21,21,6,10,8478916,J. Daccord,8482487,J. Dobes
2025-10-28,2025020165,20252026,SJS,LAK,3,4,3,4,REG,40,14,2,10,8482137,Y. Askarov,8475311,D. Kuemper
2025-10-29,2025020166,20252026,CBJ,TOR,6,3,6,3,REG,24,36,4,4,8478007,E. Merzlikins,8480051,C. Primeau
2025-10-30,2025020167,20252026,BOS,BUF,4,3,3,3,OT,22,40,13,13,8476914,J. Korpisalo,8479312,A. Lyon
2025-10-30,2025020168,20252026,OTT,CGY,4,3,3,3,SO,38,29,10,10,8476999,L. Ullmark,8482445,D. Cooley
2025-10-30,2025020169,20252026,TBL,DAL,2,1,1,1,OT,33,21,6,8,8476883,A. Vasilevskiy,8479979,J. Oettinger
2025-10-30,2025020170,20252026,PHI,NSH,4,1,4,1,REG,18,33,6,4,8478435,D. Vladar,8477424,J. Saros
2025-10-30,2025020171,20252026,CAR,NYI,6,2,6,2,REG,34,28,12,6,8483548,B. Bussi,8479496,D. Rittich
2025-10-30,2025020172,20252026,STL,VAN,3,4,3,3,SO,39,18,6,6,8476412,J. Binnington,8480947,K. Lankinen
2025-10-30,2025020173,20252026,MIN,PIT,1,4,1,4,REG,27,34,2,4,8479406,F. Gustavsson,8477465,T. Jarry
2025-10-30,2025020174,20252026,WPG,CHI,6,3,6,3,REG,32,24,4,6,8476945,C. Hellebuyck,8481519,S. Knight
2025-10-30,2025020175,20252026,EDM,NYR,3,4,3,3,OT,36,35,4,6,8479973,S. Skinner,8478048,I. Shesterkin
2025-10-30,2025020176,20252026,SJS,NJD,5,2,5,2,REG,28,31,6,2,8477968,A. Nedeljkovic,8474596,J. Allen
2025-10-30,2025020177,20252026,LAK,DET,3,4,3,3,SO,39,27,6,8,8475311,D. Kuemper,8475660,C. Talbot
2025-10-31,2025020178,20252026,VGK,COL,2,4,2,4,REG,23,26,4,12,8482761,C. Lindbom,8475809,S. Wedgewood
2025-10-31,2025020179,20252026,WSH,NYI,1,3,1,3,REG,23,23,8,8,8480313,L. Thompson,8478009,I. Sorokin
2025-10-31,2025020180,20252026,ANA,DET,5,2,5,2,REG,32,30,14,10,8480843,L. Dostal,8476434,J. Gibson
2025-11-01,2025020181,20252026,BOS,CAR,2,1,2,1,REG,22,29,2,2,8480280,J. Swayman,8475883,F. Andersen
2025-11-01,2025020182,20252026,WPG,PIT,5,2,5,2,REG,34,30,4,8,8477480,E. Comrie,8481668,A. Silovs
2025-11-01,2025020183,20252026,NSH,CGY,4,2,4,2,REG,24,35,6,20,8477424,J. Saros,8482445,D. Cooley
2025-11-01,2025020184,20252026,SJS,COL,3,2,2,2,OT,23,38,4,6,8482137,Y. Askarov,8478406,M. Blackwood
2025-11-01,2025020185,20252026,FLA,DAL,4,3,3,3,SO,28,22,6,2,8475683,S. Bobrovsky,8479193,C. DeSmith
2025-11-01,2025020186,20252026,BUF,WSH,4,3,3,3,SO,24,34,17,25,8480045,U. Luukkonen,8479292,C. Lindgren
2025-11-01,2025020187,20252026,MTL,OTT,4,3,3,3,OT,27,17,16,16,8478470,S. Montembeault,8476999,L. Ullmark
2025-11-01,2025020188,20252026,PHI,TOR,2,5,2,5,REG,33,27,6,10,8478435,D. Vladar,8476932,A. Stolarz
2025-11-01,2025020189,20252026,CBJ,STL,3,2,3,2,REG,35,39,9,11,8482982,J. Greaves,8480981,J. Hofer
2025-11-01,2025020190,20252026,MIN,VAN,5,2,5,2,REG,28,28,18,18,8479406,F. Gustavsson,8477967,T. Demko
2025-11-01,2025020191,20252026,LAK,NJD,1,4,1,4,REG,44,22,0,8,8475311,D. Kuemper,8474593,J. Markstrom
2025-11-01,2025020192,20252026,EDM,CHI,3,2,2,2,OT,30,29,2,6,8479973,S. Skinner,8481519,S. Knight
2025-11-01,2025020193,20252026,SEA,NYR,2,3,2,2,OT,13,27,6,4,8478916,J. Daccord,8478048,I. Shesterkin
2025-11-02,2025020194,20252026,UTA,TBL,2,4,2,4,REG,27,26,16,6,8478872,K. Vejmelka,8477992,J. Johansson
2025-11-02,2025020195,20252026,NYI,CBJ,3,2,3,2,REG,39,22,8,4,8479496,D. Rittich,8478007,E. Merzlikins
2025-11-02,2025020196,20252026,PHI,CGY,1,2,1,2,REG,18,21,4,2,8482783,A. Kolosov,8481692,D. Wolf
2025-11-02,2025020197,20252026,ANA,NJD,4,1,4,1,REG,29,33,2,4,8480843,L. Dostal,8474596,J. Allen
2025-11-02,2025020198,20252026,SJS,DET,2,3,2,2,SO,18,32,4,6,8477968,A. Nedeljkovic,8475660,C. Talbot
2025-11-03,2025020199,20252026,TOR,PIT,4,3,4,3,REG,20,37,6,2,8476932,A. Stolarz,8477465,T. Jarry
2025-11-03,2025020200,20252026,STL,EDM,3,2,3,2,REG,22,26,2,4,8476412,J. Binnington,8475717,C. Pickard
2025-11-03,2025020201,20252026,NSH,VAN,4,5,4,4,OT,29,36,6,8,8477424,J. Saros,8477967,T. Demko
2025-11-03,2025020202,20252026,SEA,CHI,3,1,3,1,REG,24,30,6,2,8478916,J. Daccord,8482821,A. Soderblom
2025-11-04,2025020203,20252026,BUF,UTA,1,2,1,1,OT,18,35,4,4,8479312,A. Lyon,8478872,K. Vejmelka
2025-11-04,2025020204,20252026,MTL,PHI,4,5,4,4,SO,20,42,19,15,8478470,S. Montembeault,8478435,D. Vladar
2025-11-04,2025020205,20252026,NYI,BOS,3,4,3,3,SO,33,27,12,10,8478009,I. Sorokin,8480280,J. Swayman
2025-11-04,2025020206,20252026,NYR,CAR,0,3,0,3,REG,26,32,6,4,8478048,I. Shesterkin,8481611,P. Kochetkov
2025-11-04,2025020207,20252026,DAL,EDM,4,3,3,3,SO,27,26,4,8,8479193,C. DeSmith,8479973,S. Skinner
2025-11-04,2025020208,20252026,MIN,NSH,3,2,2,2,OT,24,34,4,6,8479406,F. Gustavsson,8481020,J. Annunen
2025-11-04,2025020209,20252026,COL,TBL,3,2,3,2,REG,33,24,11,11,8475809,S. Wedgewood,8476883,A. Vasilevskiy
2025-11-04,2025020210,20252026,VGK,DET,1,0,1,0,REG,34,24,4,2,8481033,A. Schmid,8476434,J. Gibson
2025-11-04,2025020211,20252026,ANA,FLA,7,3,7,3,REG,32,21,25,16,8480843,L. Dostal,8475683,S. Bobrovsky
2025-11-04,2025020212,20252026,LAK,WPG,3,0,3,0,REG,26,23,8,10,8475311,D. Kuemper,8476945,C. Hellebuyck
2025-11-05,2025020213,20252026,TOR,UTA,5,3,5,3,REG,19,24,6,2,8476932,A. Stolarz,8477970,V. Vanecek
2025-11-05,2025020214,20252026,WSH,STL,6,1,6,1,REG,32,24,11,9,8480313,L. Thompson,8480981,J. Hofer
2025-11-05,2025020215,20252026,CGY,CBJ,5,1,5,1,REG,26,43,4,6,8481692,D. Wolf,8482982,J. Greaves
2025-11-05,2025020216,20252026,VAN,CHI,2,5,2,5,REG,45,28,2,4,8480947,K. Lankinen,8481519,S. Knight
2025-11-05,2025020217,20252026,SEA,SJS,1,6,1,6,REG,30,23,6,12,8478916,J. Daccord,8482137,Y. Askarov
2025-11-06,2025020218,20252026,BOS,OTT,3,2,2,2,OT,25,22,8,8,8476914,J. Korpisalo,8476999,L. Ullmark
2025-11-06,2025020219,20252026,BUF,STL,0,3,0,3,REG,28,17,9,11,8480045,U. Luukkonen,8480981,J. Hofer
2025-11-06,2025020220,20252026,NJD,MTL,4,3,3,3,OT,28,19,4,10,8474593,J. Markstrom,8482487,J. Dobes
2025-11-06,2025020221,20252026,PIT,WSH,5,3,5,3,REG,31,30,6,10,8481668,A. Silovs,8479292,C. Lindgren
2025-11-06,2025020222,20252026,CAR,MIN,4,3,4,3,REG,27,24,23,22,8475883,F. Andersen,8479406,F. Gustavsson
2025-11-06,2025020223,20252026,NSH,PHI,1,3,1,3,REG,24,26,6,10,8477424,J. Saros,8478435,D. Vladar
2025-11-06,2025020224,20252026,DAL,ANA,5,7,5,7,REG,26,25,10,10,8479979,J. Oettinger,8480843,L. Dostal
2025-11-06,2025020225,20252026,VGK,TBL,3,6,3,6,REG,32,27,6,6,8482761,C. Lindbom,8476883,A. Vasilevskiy
2025-11-06,2025020226,20252026,LAK,FLA,2,5,2,5,REG,26,24,9,13,8476341,A. Forsberg,8475683,S. Bobrovsky
2025-11-07,2025020227,20252026,DET,NYR,1,4,1,4,REG,33,26,11,11,8475660,C. Talbot,8471734,J. Quick
2025-11-07,2025020228,20252026,NYI,MIN,2,5,2,5,REG,27,26,2,4,8479496,D. Rittich,8482661,J. Wallstedt
2025-11-07,2025020229,20252026,CGY,CHI,0,4,0,4,REG,33,27,21,21,8481692,D. Wolf,8481519,S. Knight
2025-11-07,2025020230,20252026,SJS,WPG,2,1,2,1,REG,28,33,4,8,8477968,A. Nedeljkovic,8476945,C. Hellebuyck
2025-11-08,2025020231,20252026,NJD,PIT,2,1,1,1,SO,24,34,7,9,8474596,J. Allen,8481668,A. Silovs
2025-11-08,2025020232,20252026,PHI,OTT,2,3,2,2,OT,22,14,8,8,8481035,S. Ersson,8476999,L. Ullmark
2025-11-08,2025020233,20252026,NSH,DAL,4,5,4,5,REG,21,22,10,8,8481020,J. Annunen,8479979,J. Oettinger
2025-11-08,2025020234,20252026,TOR,BOS,3,5,3,5,REG,33,39,9,15,8483710,D. Hildeby,8480280,J. Swayman
2025-11-08,2025020235,20252026,MTL,UTA,6,2,6,2,REG,23,27,4,4,8478470,S. Montembeault,8478872,K. Vejmelka
2025-11-08,2025020236,20252026,TBL,WSH,3,2,3,2,REG,20,30,11,23,8476883,A. Vasilevskiy,8480313,L. Thompson
2025-11-08,2025020237,20252026,NYR,NYI,0,5,0,5,REG,33,26,4,4,8478048,I. Shesterkin,8478009,I. Sorokin
2025-11-08,2025020238,20252026,CAR,BUF,6,3,6,3,REG,35,22,4,6,8481611,P. Kochetkov,8479312,A. Lyon
2025-11-08,2025020239,20252026,STL,SEA,3,4,3,3,OT,19,30,6,2,8480981,J. Hofer,8475831,P. Grubauer
2025-11-08,2025020240,20252026,EDM,COL,1,9,1,9,REG,24,34,14,10,8475717,C. Pickard,8475809,S. Wedgewood
2025-11-08,2025020241,20252026,VAN,CBJ,4,3,4,3,REG,24,32,10,21,8480947,K. Lankinen,8478007,E. Merzlikins
2025-11-08,2025020242,20252026,VGK,ANA,3,4,3,3,OT,39,29,2,6,8481033,A. Schmid,8475852,P. Mrazek
2025-11-08,2025020243,20252026,SJS,FLA,3,1,3,1,REG,23,39,10,4,8482137,Y. Askarov,8480193,D. Tarasov
2025-11-09,2025020244,20252026,DET,CHI,1,5,1,5,REG,46,20,6,10,8476434,J. Gibson,8482821,A. Soderblom
2025-11-09,2025020245,20252026,PIT,LAK,2,3,2,3,REG,33,27,8,4,8483703,S. Murashov,8475311,D. Kuemper
2025-11-09,2025020246,20252026,TOR,CAR,4,5,4,5,REG,20,47,10,8,8483710,D. Hildeby,8483548,B. Bussi
2025-11-09,2025020247,20252026,OTT,UTA,4,2,4,2,REG,25,31,4,6,8482447,L. Meriläinen,8477970,V. Vanecek
2025-11-09,2025020248,20252026,DAL,SEA,2,1,2,1,REG,25,31,8,8,8479193,C. DeSmith,8476899,M. Murray
2025-11-09,2025020249,20252026,MIN,CGY,2,0,2,0,REG,19,36,6,6,8482661,J. Wallstedt,8482445,D. Cooley
2025-11-09,2025020250,20252026,VAN,COL,4,5,4,4,OT,33,32,6,10,8480947,K. Lankinen,8478406,M. Blackwood
2025-11-09,2025020251,20252026,ANA,WPG,4,1,4,1,REG,21,24,8,8,8480843,L. Dostal,8477480,E. Comrie
2025-11-10,2025020252,20252026,NJD,NYI,2,3,2,2,OT,35,24,2,6,8474593,J. Markstrom,8478009,I. Sorokin
2025-11-10,2025020253,20252026,NYR,NSH,6,3,6,3,REG,18,30,8,4,8478048,I. Shesterkin,8477424,J. Saros
2025-11-10,2025020254,20252026,EDM,CBJ,5,4,4,4,OT,24,22,13,11,8479973,S. Skinner,8482982,J. Greaves
2025-11-10,2025020255,20252026,VGK,FLA,2,3,2,3,REG,32,20,13,13,8482761,C. Lindbom,8475683,S. Bobrovsky
2025-11-11,2025020256,20252026,BOS,TOR,5,3,5,3,REG,32,33,12,16,8480280,J. Swayman,8483710,D. Hildeby
2025-11-11,2025020257,20252026,MTL,LAK,1,5,1,5,REG,22,26,6,4,8478470,S. Montembeault,8475311,D. Kuemper
2025-11-11,2025020258,20252026,OTT,DAL,2,3,2,2,OT,29,33,6,4,8476999,L. Ullmark,8479979,J. Oettinger
2025-11-11,2025020259,20252026,CAR,WSH,1,4,1,4,REG,31,28,17,17,8475883,F. Andersen,8480313,L. Thompson
2025-11-11,2025020260,20252026,STL,CGY,3,2,3,2,REG,31,40,4,6,8476412,J. Binnington,8481692,D. Wolf
2025-11-11,2025020261,20252026,MIN,SJS,1,2,1,1,OT,29,18,6,8,8479406,F. Gustavsson,8482137,Y. Askarov
2025-11-11,2025020262,20252026,COL,ANA,4,1,4,1,REG,36,36,6,10,8475809,S. Wedgewood,8480843,L. Dostal
2025-11-11,2025020263,20252026,VAN,WPG,3,5,3,5,REG,33,30,8,4,8480947,K. Lankinen,8476945,C. Hellebuyck
2025-11-11,2025020264,20252026,SEA,CBJ,1,2,1,1,SO,23,34,8,4,8476899,M. Murray,8482982,J. Greaves
2025-11-12,2025020265,20252026,TBL,NYR,3,7,3,7,REG,36,21,6,8,8476883,A. Vasilevskiy,8478048,I. Shesterkin
2025-11-12,2025020266,20252026,PHI,EDM,1,2,1,1,OT,21,31,6,8,8478435,D. Vladar,8479973,S. Skinner
2025-11-12,2025020267,20252026,UTA,BUF,5,2,5,2,REG,37,19,14,24,8478872,K. Vejmelka,8481551,C. Ellis
2025-11-12,2025020268,20252026,CHI,NJD,3,4,3,3,OT,20,37,2,6,8481519,S. Knight,8474593,J. Markstrom
2025-11-13,2025020269,20252026,TOR,LAK,3,4,3,3,OT,15,37,4,2,8483710,D. Hildeby,8475311,D. Kuemper
2025-11-13,2025020270,20252026,MTL,DAL,0,7,0,7,REG,24,19,15,13,8482487,J. Dobes,8479193,C. DeSmith
2025-11-13,2025020271,20252026,OTT,BOS,5,3,5,3,REG,22,21,9,9,8482447,L. Meriläinen,8476914,J. Korpisalo
2025-11-13,2025020272,20252026,DET,ANA,6,3,6,3,REG,33,28,22,24,8476434,J. Gibson,8480843,L. Dostal
2025-11-13,2025020273,20252026,FLA,WSH,6,3,6,3,REG,28,40,4,8,8480193,D. Tarasov,8480313,L. Thompson
2025-11-13,2025020274,20252026,CBJ,EDM,5,4,5,4,REG,25,29,6,4,8482982,J. Greaves,8475717,C. Pickard
2025-11-13,2025020275,20252026,COL,BUF,6,3,6,3,REG,34,21,6,4,8478406,M. Blackwood,8480045,U. Luukkonen
2025-11-13,2025020276,20252026,CGY,SJS,2,0,2,0,REG,36,17,4,6,8481692,D. Wolf,8482137,Y. Askarov
2025-11-13,2025020277,20252026,VGK,NYI,3,4,3,3,OT,29,24,10,4,8481033,A. Schmid,8478009,I. Sorokin
2025-11-13,2025020278,20252026,SEA,WPG,5,3,5,3,REG,18,26,4,6,8475831,P. Grubauer,8476945,C. Hellebuyck
2025-11-14,2025020279,20252026,CAR,VAN,4,3,3,3,OT,38,17,4,4,8481611,P. Kochetkov,8480947,K. Lankinen
2025-11-14,2025020280,20252026,STL,PHI,5,6,5,5,SO,17,31,2,2,8476412,J. Binnington,8481035,S. Ersson
2025-11-14,2025020281,20252026,NSH,PIT,2,1,1,1,OT,30,17,4,2,8477424,J. Saros,8481668,A. Silovs
2025-11-14,2025020282,20252026,UTA,NYI,2,3,2,2,OT,30,21,6,22,8478872,K. Vejmelka,8479496,D. Rittich
2025-11-15,2025020283,20252026,FLA,TBL,1,3,1,3,REG,23,20,14,16,8475683,S. Bobrovsky,8476883,A. Vasilevskiy
2025-11-15,2025020284,20252026,MIN,ANA,2,0,2,0,REG,30,28,4,12,8482661,J. Wallstedt,8475852,P. Mrazek
2025-11-15,2025020285,20252026,MTL,BOS,2,3,2,3,REG,28,23,26,30,8478470,S. Montembeault,8480280,J. Swayman
2025-11-15,2025020286,20252026,OTT,LAK,0,1,0,1,REG,17,18,6,4,8476999,L. Ullmark,8476341,A. Forsberg
2025-11-15,2025020287,20252026,DET,BUF,4,5,4,4,OT,28,27,8,8,8476434,J. Gibson,8481551,C. Ellis
2025-11-15,2025020288,20252026,WSH,NJD,2,3,2,2,SO,31,31,6,2,8480313,L. Thompson,8474596,J. Allen
2025-11-15,2025020289,20252026,CAR,EDM,3,4,3,3,OT,36,23,2,4,8475883,F. Andersen,8479973,S. Skinner
2025-11-15,2025020290,20252026,CBJ,NYR,1,2,1,1,SO,27,33,9,7,8482982,J. Greaves,8478048,I. Shesterkin
2025-11-15,2025020291,20252026,CHI,TOR,3,2,3,2,REG,32,33,4,4,8481519,S. Knight,8479361,J. Woll
2025-11-15,2025020292,20252026,STL,VGK,1,4,1,4,REG,23,34,6,4,8480981,J. Hofer,8481033,A. Schmid
2025-11-15,2025020293,20252026,DAL,PHI,5,1,5,1,REG,28,21,2,4,8479979,J. Oettinger,8478435,D. Vladar
2025-11-15,2025020294,20252026,CGY,WPG,3,4,3,3,SO,34,23,2,16,8481692,D. Wolf,8476945,C. Hellebuyck
2025-11-15,2025020295,20252026,SEA,SJS,4,1,4,1,REG,23,26,12,4,8475831,P. Grubauer,8477968,A. Nedeljkovic
2025-11-16,2025020296,20252026,PIT,NSH,4,0,4,0,REG,22,21,6,0,8483703,S. Murashov,8477424,J. Saros
2025-11-16,2025020297,20252026,TBL,VAN,2,6,2,6,REG,30,18,33,33,8477992,J. Johansson,8480947,K. Lankinen
2025-11-16,2025020298,20252026,MIN,VGK,3,2,2,2,OT,28,25,8,8,8479406,F. Gustavsson,8482761,C. Lindbom
2025-11-16,2025020299,20252026,NYR,DET,1,2,1,2,REG,19,42,22,14,8471734,J. Quick,8475660,C. Talbot
2025-11-16,2025020300,20252026,COL,NYI,4,1,4,1,REG,28,29,13,11,8475809,S. Wedgewood,8478009,I. Sorokin
2025-11-17,2025020301,20252026,BOS,CAR,1,3,1,3,REG,30,32,6,10,8480280,J. Swayman,8481611,P. Kochetkov
2025-11-17,2025020302,20252026,BUF,EDM,5,1,5,1,REG,28,33,7,9,8481551,C. Ellis,8479973,S. Skinner
2025-11-17,2025020303,20252026,FLA,VAN,8,5,8,5,REG,41,15,18,18,8475683,S. Bobrovsky,8480238,J. Patera
2025-11-17,2025020304,20252026,WSH,LAK,2,1,2,1,REG,25,31,6,4,8479292,C. Lindgren,8475311,D. Kuemper
2025-11-17,2025020305,20252026,CBJ,MTL,4,3,3,3,SO,23,32,0,4,8482982,J. Greaves,8482487,J. Dobes
2025-11-17,2025020306,20252026,ANA,UTA,3,2,2,2,OT,26,18,9,9,8480843,L. Dostal,8478872,K. Vejmelka
2025-11-18,2025020307,20252026,TOR,STL,3,2,2,2,OT,29,29,6,6,8479361,J. Woll,8476412,J. Binnington
2025-11-18,2025020308,20252026,DET,SEA,4,2,4,2,REG,27,22,4,4,8475660,C. Talbot,8478916,J. Daccord
2025-11-18,2025020309,20252026,TBL,NJD,5,1,5,1,REG,29,32,8,8,8476883,A. Vasilevskiy,8474593,J. Markstrom
2025-11-18,2025020310,20252026,DAL,NYI,2,3,2,3,REG,24,22,19,16,8479979,J. Oettinger,8479496,D. Rittich
2025-11-18,2025020311,20252026,WPG,CBJ,5,2,5,2,REG,30,22,2,4,8477480,E. Comrie,8478007,E. Merzlikins
2025-11-18,2025020312,20252026,CHI,CGY,5,2,5,2,REG,23,21,60,60,8482821,A. Soderblom,8481692,D. Wolf
2025-11-18,2025020313,20252026,VGK,NYR,3,2,3,2,REG,26,19,2,4,8481033,A. Schmid,8478048,I. Shesterkin
2025-11-18,2025020314,20252026,SJS,UTA,3,2,2,2,OT,22,26,4,6,8482137,Y. Askarov,8477970,V. Vanecek
2025-11-19,2025020315,20252026,WSH,EDM,7,4,7,4,REG,22,30,6,2,8480313,L. Thompson,8479973,S. Skinner
2025-11-19,2025020316,20252026,BUF,CGY,2,6,2,6,REG,30,35,2,6,8481551,C. Ellis,8482445,D. Cooley
2025-11-19,2025020317,20252026,MIN,CAR,4,3,3,3,SO,19,45,4,2,8482661,J. Wallstedt,8475883,F. Andersen
2025-11-19,2025020318,20252026,ANA,BOS,4,3,4,3,REG,33,39,14,26,8480843,L. Dostal,8476914,J. Korpisalo
2025-11-20,2025020319,20252026,TOR,CBJ,2,3,2,2,OT,29,30,2,4,8479361,J. Woll,8482982,J. Greaves
2025-11-20,2025020320,20252026,MTL,WSH,4,8,4,8,REG,28,36,12,10,8482487,J. Dobes,8479292,C. Lindgren
2025-11-20,2025020321,20252026,DET,NYI,0,5,0,5,REG,29,26,37,21,8476434,J. Gibson,8478009,I. Sorokin
2025-11-20,2025020322,20252026,TBL,EDM,2,1,1,1,OT,35,25,9,21,8476883,A. Vasilevskiy,8475717,C. Pickard
2025-11-20,2025020323,20252026,FLA,NJD,1,0,1,0,REG,24,32,4,2,8475683,S. Bobrovsky,8474596,J. Allen
2025-11-20,2025020324,20252026,PHI,STL,3,2,2,2,OT,28,29,4,4,8478435,D. Vladar,8480981,J. Hofer
2025-11-20,2025020325,20252026,CHI,SEA,2,3,2,3,REG,24,27,6,4,8481519,S. Knight,8478916,J. Daccord
2025-11-20,2025020326,20252026,COL,NYR,6,3,6,3,REG,35,19,4,12,8475809,S. Wedgewood,8478048,I. Shesterkin
2025-11-20,2025020327,20252026,UTA,VGK,1,4,1,4,REG,26,33,17,15,8478872,K. Vejmelka,8481033,A. Schmid
2025-11-20,2025020328,20252026,VAN,DAL,2,4,2,4,REG,36,24,4,10,8480947,K. Lankinen,8479979,J. Oettinger
2025-11-20,2025020329,20252026,ANA,OTT,2,3,2,3,REG,25,25,6,4,8475852,P. Mrazek,8476999,L. Ullmark
2025-11-20,2025020330,20252026,SJS,LAK,4,3,3,3,SO,24,34,10,8,8482137,Y. Askarov,8476341,A. Forsberg
2025-11-21,2025020331,20252026,BUF,CHI,9,3,9,3,REG,31,23,4,4,8480045,U. Luukkonen,8482821,A. Soderblom
2025-11-21,2025020332,20252026,PIT,MIN,0,5,0,5,REG,19,21,6,4,8483703,S. Murashov,8479406,F. Gustavsson
2025-11-21,2025020333,20252026,WPG,CAR,3,4,3,4,REG,28,28,8,8,8477480,E. Comrie,8483548,B. Bussi
2025-11-21,2025020334,20252026,LAK,BOS,1,2,1,1,OT,32,26,4,20,8475311,D. Kuemper,8480280,J. Swayman
2025-11-22,2025020335,20252026,DET,CBJ,4,3,3,3,OT,33,35,8,8,8475660,C. Talbot,8482982,J. Greaves
2025-11-22,2025020336,20252026,NYI,STL,1,2,1,2,REG,30,22,2,6,8478009,I. Sorokin,8476412,J. Binnington
2025-11-22,2025020337,20252026,MTL,TOR,5,2,5,2,REG,29,26,33,35,8482487,J. Dobes,8479361,J. Woll
2025-11-22,2025020338,20252026,FLA,EDM,3,6,3,6,REG,38,31,20,24,8480193,D. Tarasov,8479973,S. Skinner
2025-11-22,2025020339,20252026,PHI,NJD,6,3,6,3,REG,29,35,8,12,8478435,D. Vladar,8474596,J. Allen
2025-11-22,2025020340,20252026,PIT,SEA,2,3,2,2,OT,32,21,6,10,8483703,S. Murashov,8475831,P. Grubauer
2025-11-22,2025020341,20252026,WSH,TBL,3,5,3,5,REG,32,16,11,27,8479292,C. Lindgren,8477992,J. Johansson
2025-11-22,2025020342,20252026,SJS,OTT,2,3,2,3,REG,19,27,13,15,8477968,A. Nedeljkovic,8476999,L. Ullmark
2025-11-22,2025020343,20252026,NSH,COL,0,3,0,3,REG,35,26,4,6,8477424,J. Saros,8478406,M. Blackwood
2025-11-22,2025020344,20252026,UTA,NYR,3,2,3,2,REG,34,22,6,4,8478872,K. Vejmelka,8471734,J. Quick
2025-11-22,2025020345,20252026,CGY,DAL,3,2,2,2,SO,33,30,25,28,8482445,D. Cooley,8479193,C. DeSmith
2025-11-22,2025020346,20252026,ANA,VGK,4,3,3,3,OT,33,32,10,6,8480843,L. Dostal,8481033,A. Schmid
2025-11-23,2025020347,20252026,BUF,CAR,4,1,4,1,REG,21,30,6,8,8480045,U. Luukkonen,8475883,F. Andersen
2025-11-23,2025020348,20252026,WPG,MIN,0,3,0,3,REG,32,30,9,15,8477480,E. Comrie,8482661,J. Wallstedt
2025-11-23,2025020349,20252026,NYI,SEA,1,0,0,0,SO,34,19,2,4,8479496,D. Rittich,8478916,J. Daccord
2025-11-23,2025020350,20252026,CHI,COL,0,1,0,1,REG,22,26,6,4,8481519,S. Knight,8475809,S. Wedgewood
2025-11-23,2025020351,20252026,SJS,BOS,3,1,3,1,REG,31,35,16,22,8482137,Y. Askarov,8480280,J. Swayman
2025-11-23,2025020352,20252026,VAN,CGY,2,5,2,5,REG,31,21,8,8,8480947,K. Lankinen,8481692,D. Wolf
2025-11-24,2025020353,20252026,TBL,PHI,3,0,3,0,REG,18,20,7,9,8476883,A. Vasilevskiy,8481035,S. Ersson
2025-11-24,2025020354,20252026,NJD,DET,4,3,4,3,REG,20,35,17,23,8474593,J. Markstrom,8475660,C. Talbot
2025-11-24,2025020355,20252026,NYR,STL,3,2,3,2,REG,21,21,8,0,8478048,I. Shesterkin,8480981,J. Hofer
2025-11-24,2025020356,20252026,WSH,CBJ,5,1,5,1,REG,31,23,4,6,8480313,L. Thompson,8478007,E. Merzlikins
2025-11-24,2025020357,20252026,NSH,FLA,3,8,3,8,REG,39,26,6,8,8481020,J. Annunen,8480193,D. Tarasov
2025-11-24,2025020358,20252026,UTA,VGK,5,1,5,1,REG,23,34,6,4,8478872,K. Vejmelka,8482761,C. Lindbom
2025-11-24,2025020359,20252026,LAK,OTT,2,1,2,1,REG,22,28,6,6,8475311,D. Kuemper,8482447,L. Meriläinen
2025-11-25,2025020360,20252026,EDM,DAL,3,8,3,8,REG,25,30,10,6,8475717,C. Pickard,8479979,J. Oettinger
2025-11-26,2025020361,20252026,DET,NSH,3,6,3,6,REG,31,29,10,10,8475660,C. Talbot,8481020,J. Annunen
2025-11-26,2025020362,20252026,TBL,CGY,5,1,5,1,REG,23,32,10,8,8476883,A. Vasilevskiy,8482445,D. Cooley
2025-11-26,2025020363,20252026,FLA,PHI,2,4,2,4,REG,27,18,2,6,8475683,S. Bobrovsky,8478435,D. Vladar
2025-11-26,2025020364,20252026,NJD,STL,3,2,2,2,OT,29,23,8,4,8474593,J. Markstrom,8476412,J. Binnington
2025-11-26,2025020365,20252026,NYI,BOS,1,3,1,3,REG,44,14,2,8,8478009,I. Sorokin,8480280,J. Swayman
2025-11-26,2025020366,20252026,PIT,BUF,4,2,4,2,REG,19,31,0,2,8477465,T. Jarry,8480045,U. Luukkonen
2025-11-26,2025020367,20252026,WSH,WPG,4,3,4,3,REG,35,21,6,6,8479292,C. Lindgren,8477480,E. Comrie
2025-11-26,2025020368,20252026,CAR,NYR,2,4,2,4,REG,38,18,2,10,8475883,F. Andersen,8478048,I. Shesterkin
2025-11-26,2025020369,20252026,CBJ,TOR,1,2,1,1,OT,36,24,6,8,8482982,J. Greaves,8479361,J. Woll
2025-11-26,2025020370,20252026,CHI,MIN,3,4,3,3,OT,37,24,20,18,8481519,S. Knight,8479406,F. Gustavsson
2025-11-26,2025020371,20252026,COL,SJS,6,0,6,0,REG,42,26,8,8,8478406,M. Blackwood,8477968,A. Nedeljkovic
2025-11-26,2025020372,20252026,UTA,MTL,3,4,3,4,REG,34,17,8,10,8478872,K. Vejmelka,8482487,J. Dobes
2025-11-26,2025020373,20252026,VGK,OTT,3,4,3,3,SO,35,22,6,6,8481033,A. Schmid,8476999,L. Ullmark
2025-11-26,2025020374,20252026,ANA,VAN,4,5,4,5,REG,41,28,8,14,8475852,P. Mrazek,8484268,N. Tolopilo
2025-11-26,2025020375,20252026,SEA,DAL,2,3,2,3,REG,28,21,4,10,8478916,J. Daccord,8479193,C. DeSmith
2025-11-28,2025020376,20252026,BOS,NYR,2,6,2,6,REG,21,37,6,4,8476914,J. Korpisalo,8478048,I. Shesterkin
2025-11-28,2025020377,20252026,DET,TBL,3,6,3,6,REG,37,27,4,4,8476434,J. Gibson,8476883,A. Vasilevskiy
2025-11-28,2025020378,20252026,MIN,COL,3,2,2,2,SO,39,41,2,2,8482661,J. Wallstedt,8475809,S. Wedgewood
2025-11-28,2025020379,20252026,BUF,NJD,0,5,0,5,REG,42,23,7,9,8479312,A. Lyon,8474596,J. Allen
2025-11-28,2025020380,20252026,FLA,CGY,3,5,3,5,REG,41,34,4,4,8480193,D. Tarasov,8482445,D. Cooley
2025-11-28,2025020381,20252026,NYI,PHI,3,4,3,3,SO,31,21,4,10,8479496,D. Rittich,8481035,S. Ersson
2025-11-28,2025020382,20252026,STL,OTT,4,3,4,3,REG,31,28,6,10,8476412,J. Binnington,8482447,L. Meriläinen
2025-11-28,2025020383,20252026,VGK,MTL,1,4,1,4,REG,31,19,4,4,8481033,A. Schmid,8478470,S. Montembeault
2025-11-28,2025020384,20252026,ANA,LAK,5,4,4,4,SO,31,27,2,4,8478024,V. Husso,8475311,D. Kuemper
2025-11-28,2025020385,20252026,SJS,VAN,3,2,3,2,REG,24,34,22,16,8482137,Y. Askarov,8484268,N. Tolopilo
2025-11-28,2025020386,20252026,WSH,TOR,4,2,4,2,REG,34,22,0,4,8480313,L. Thompson,8479361,J. Woll
2025-11-28,2025020387,20252026,CAR,WPG,5,1,5,1,REG,35,13,8,12,8483548,B. Bussi,8483114,T. Milic
2025-11-28,2025020388,20252026,CBJ,PIT,3,4,3,3,OT,29,24,4,4,8482982,J. Greaves,8477465,T. Jarry
2025-11-28,2025020389,20252026,CHI,NSH,3,4,3,4,REG,27,29,6,10,8482821,A. Soderblom,8477424,J. Saros
2025-11-28,2025020390,20252026,DAL,UTA,4,3,4,3,REG,28,30,4,10,8479979,J. Oettinger,8477970,V. Vanecek
2025-11-29,2025020391,20252026,NYR,TBL,1,4,1,4,REG,13,35,4,4,8478048,I. Shesterkin,8477992,J. Johansson
2025-11-29,2025020392,20252026,COL,MTL,7,2,7,2,REG,36,23,6,8,8478406,M. Blackwood,8482487,J. Dobes
2025-11-29,2025020393,20252026,SEA,EDM,0,4,0,4,REG,26,25,24,30,8478916,J. Daccord,8479973,S. Skinner
2025-11-29,2025020394,20252026,BOS,DET,3,2,2,2,SO,20,26,17,11,8480280,J. Swayman,8475660,C. Talbot
2025-11-29,2025020395,20252026,NJD,PHI,3,5,3,5,REG,32,31,6,8,8474593,J. Markstrom,8478435,D. Vladar
2025-11-29,2025020396,20252026,PIT,TOR,2,7,2,7,REG,35,23,10,10,8477465,T. Jarry,8483710,D. Hildeby
2025-11-29,2025020397,20252026,NSH,WPG,2,5,2,5,REG,23,27,15,15,8481020,J. Annunen,8477480,E. Comrie
2025-11-29,2025020398,20252026,STL,UTA,1,0,1,0,REG,19,18,17,4,8480981,J. Hofer,8478872,K. Vejmelka
2025-11-29,2025020399,20252026,MIN,BUF,2,3,2,2,SO,24,33,6,6,8479406,F. Gustavsson,8481551,C. Ellis
2025-11-29,2025020400,20252026,VGK,SJS,4,3,4,3,REG,24,21,4,4,8482761,C. Lindbom,8477968,A. Nedeljkovic
2025-11-29,2025020401,20252026,LAK,VAN,2,1,1,1,OT,23,20,6,8,8476341,A. Forsberg,8480947,K. Lankinen
2025-11-30,2025020402,20252026,NYI,WSH,1,4,1,4,REG,31,19,4,6,8478009,I. Sorokin,8480313,L. Thompson
2025-11-30,2025020403,20252026,CHI,ANA,5,3,5,3,REG,18,26,6,8,8481519,S. Knight,8475852,P. Mrazek
2025-11-30,2025020404,20252026,CAR,CGY,1,0,0,0,OT,17,16,4,14,8483548,B. Bussi,8482445,D. Cooley
2025-11-30,2025020405,20252026,DAL,OTT,6,1,6,1,REG,26,16,8,10,8479193,C. DeSmith,8476999,L. Ullmark
2025-12-01,2025020406,20252026,NJD,CBJ,3,5,3,5,REG,33,25,40,34,8474596,J. Allen,8478007,E. Merzlikins
2025-12-01,2025020407,20252026,PHI,PIT,1,5,1,5,REG,29,27,8,14,8478435,D. Vladar,8477465,T. Jarry
2025-12-01,2025020408,20252026,BUF,WPG,5,1,5,1,REG,31,24,14,26,8480045,U. Luukkonen,8483114,T. Milic
2025-12-01,2025020409,20252026,STL,ANA,1,4,1,4,REG,22,26,6,12,8480981,J. Hofer,8478024,V. Husso
2025-12-01,2025020410,20252026,SJS,UTA,6,3,6,3,REG,30,34,6,8,8482137,Y. Askarov,8477970,V. Vanecek
2025-12-02,2025020411,20252026,MTL,OTT,2,5,2,5,REG,22,29,8,10,8478470,S. Montembeault,8476999,L. Ullmark
2025-12-02,2025020412,20252026,DET,BOS,5,4,5,4,REG,32,38,6,28,8476434,J. Gibson,8480280,J. Swayman
2025-12-02,2025020413,20252026,FLA,TOR,1,4,1,4,REG,26,31,6,2,8475683,S. Bobrovsky,8479361,J. Woll
2025-12-02,2025020414,20252026,NYI,TBL,2,1,2,1,REG,24,31,6,6,8478009,I. Sorokin,8476883,A. Vasilevskiy
2025-12-02,2025020415,20252026,NYR,DAL,3,2,2,2,OT,41,26,4,10,8478048,I. Shesterkin,8479193,C. DeSmith
2025-12-02,2025020416,20252026,NSH,CGY,5,1,5,1,REG,28,28,20,16,8477424,J. Saros,8482445,D. Cooley
2025-12-02,2025020417,20252026,COL,VAN,3,1,3,1,REG,31,21,0,2,8475809,S. Wedgewood,8480947,K. Lankinen
2025-12-02,2025020418,20252026,EDM,MIN,0,1,0,1,REG,33,24,4,6,8479973,S. Skinner,8482661,J. Wallstedt
2025-12-02,2025020419,20252026,VGK,CHI,4,3,3,3,SO,28,30,8,4,8479394,C. Hart,8481519,S. Knight
2025-12-02,2025020420,20252026,LAK,WSH,1,3,1,3,REG,25,25,9,9,8475311,D. Kuemper,8480313,L. Thompson
2025-12-03,2025020421,20252026,NJD,DAL,0,3,0,3,REG,30,28,4,6,8474593,J. Markstrom,8479979,J. Oettinger
2025-12-03,2025020422,20252026,MTL,WPG,3,2,2,2,SO,31,32,7,7,8482487,J. Dobes,8477480,E. Comrie
2025-12-03,2025020423,20252026,PHI,BUF,5,2,5,2,REG,35,29,14,23,8481035,S. Ersson,8481551,C. Ellis
2025-12-03,2025020424,20252026,ANA,UTA,0,7,0,7,REG,27,34,4,6,8478024,V. Husso,8478872,K. Vejmelka
2025-12-03,2025020425,20252026,SJS,WSH,1,7,1,7,REG,24,31,2,8,8477968,A. Nedeljkovic,8479292,C. Lindgren
2025-12-04,2025020426,20252026,BOS,STL,5,2,5,2,REG,27,39,4,4,8476914,J. Korpisalo,8476412,J. Binnington
2025-12-04,2025020427,20252026,OTT,NYR,2,4,2,4,REG,27,28,2,6,8482447,L. Meriläinen,8478048,I. Shesterkin
2025-12-04,2025020428,20252026,TBL,PIT,3,4,3,4,REG,40,31,13,17,8477992,J. Johansson,8477465,T. Jarry
2025-12-04,2025020429,20252026,FLA,NSH,1,2,1,1,OT,31,29,12,14,8475683,S. Bobrovsky,8477424,J. Saros
2025-12-04,2025020430,20252026,NYI,COL,6,3,6,3,REG,42,38,6,8,8478009,I. Sorokin,8478406,M. Blackwood
2025-12-04,2025020431,20252026,CAR,TOR,1,5,1,5,REG,33,24,4,6,8475883,F. Andersen,8479361,J. Woll
2025-12-04,2025020432,20252026,CBJ,DET,6,5,5,5,SO,32,33,10,6,8478007,E. Merzlikins,8475660,C. Talbot
2025-12-04,2025020433,20252026,CGY,MIN,4,1,4,1,REG,31,27,10,2,8481692,D. Wolf,8479406,F. Gustavsson
2025-12-04,2025020434,20252026,EDM,SEA,9,4,9,4,REG,32,32,6,10,8475717,C. Pickard,8475831,P. Grubauer
2025-12-04,2025020435,20252026,LAK,CHI,1,2,1,2,REG,27,36,6,10,8475311,D. Kuemper,8481519,S. Knight
2025-12-05,2025020436,20252026,NJD,VGK,0,3,0,3,REG,24,25,4,4,8474593,J. Markstrom,8481033,A. Schmid
2025-12-05,2025020437,20252026,WPG,BUF,4,1,4,1,REG,23,35,6,4,8477480,E. Comrie,8480045,U. Luukkonen
2025-12-05,2025020438,20252026,DAL,SJS,4,1,4,1,REG,24,17,10,6,8479979,J. Oettinger,8482137,Y. Askarov
2025-12-05,2025020439,20252026,VAN,UTA,1,4,1,4,REG,33,18,6,8,8480947,K. Lankinen,8478872,K. Vejmelka
2025-12-05,2025020440,20252026,ANA,WSH,4,3,3,3,SO,38,21,6,10,8478024,V. Husso,8480313,L. Thompson
2025-12-06,2025020441,20252026,NYR,COL,2,3,2,2,OT,27,42,4,4,8478048,I. Shesterkin,8478406,M. Blackwood
2025-12-06,2025020442,20252026,FLA,CBJ,7,6,6,6,OT,40,31,8,6,8475683,S. Bobrovsky,8478007,E. Merzlikins
2025-12-06,2025020443,20252026,BOS,NJD,4,1,4,1,REG,22,30,2,2,8480280,J. Swayman,8474596,J. Allen
2025-12-06,2025020444,20252026,TOR,MTL,1,2,1,1,SO,23,34,6,6,8483710,D. Hildeby,8482487,J. Dobes
2025-12-06,2025020445,20252026,OTT,STL,1,2,1,2,REG,42,20,10,20,8476999,L. Ullmark,8480981,J. Hofer
2025-12-06,2025020446,20252026,TBL,NYI,0,2,0,2,REG,32,19,6,4,8477992,J. Johansson,8478009,I. Sorokin
2025-12-06,2025020447,20252026,CAR,NSH,6,3,6,3,REG,40,22,6,14,8483548,B. Bussi,8477424,J. Saros
2025-12-06,2025020448,20252026,CGY,UTA,2,0,2,0,REG,23,28,9,7,8481692,D. Wolf,8477970,V. Vanecek
2025-12-06,2025020449,20252026,LAK,CHI,6,0,6,0,REG,32,23,8,6,8475311,D. Kuemper,8481519,S. Knight
2025-12-06,2025020450,20252026,EDM,WPG,6,2,6,2,REG,27,21,4,4,8479973,S. Skinner,8483114,T. Milic
2025-12-06,2025020451,20252026,VAN,MIN,4,2,4,2,REG,21,30,10,10,8484268,N. Tolopilo,8482661,J. Wallstedt
2025-12-06,2025020452,20252026,SEA,DET,3,4,3,4,REG,27,25,4,6,8478916,J. Daccord,8476434,J. Gibson
2025-12-07,2025020453,20252026,PHI,COL,2,3,2,3,REG,25,28,4,2,8481035,S. Ersson,8478406,M. Blackwood
2025-12-07,2025020454,20252026,FLA,NYI,4,1,4,1,REG,30,21,6,6,8480193,D. Tarasov,8479496,D. Rittich
2025-12-07,2025020455,20252026,CAR,SJS,1,4,1,4,REG,29,23,6,8,8481611,P. Kochetkov,8477968,A. Nedeljkovic
2025-12-07,2025020456,20252026,DAL,PIT,3,2,2,2,SO,23,29,4,2,8479979,J. Oettinger,8477465,T. Jarry
2025-12-07,2025020457,20252026,MTL,STL,3,4,3,4,REG,26,18,6,4,8482487,J. Dobes,8476412,J. Binnington
2025-12-07,2025020458,20252026,NYR,VGK,2,3,2,2,OT,24,28,11,9,8471734,J. Quick,8479394,C. Hart
2025-12-07,2025020459,20252026,WSH,CBJ,2,0,2,0,REG,38,39,6,8,8480313,L. Thompson,8482982,J. Greaves
2025-12-07,2025020460,20252026,ANA,CHI,7,1,7,1,REG,53,20,2,8,8478024,V. Husso,8482821,A. Soderblom
2025-12-08,2025020461,20252026,TOR,TBL,2,0,2,0,REG,25,29,22,24,8483710,D. Hildeby,8477992,J. Johansson
2025-12-08,2025020462,20252026,UTA,LAK,2,4,2,4,REG,21,27,2,8,8478872,K. Vejmelka,8475311,D. Kuemper
2025-12-08,2025020463,20252026,CGY,BUF,7,4,7,4,REG,28,29,18,16,8481692,D. Wolf,8480045,U. Luukkonen
2025-12-08,2025020464,20252026,VAN,DET,0,4,0,4,REG,39,21,4,6,8480947,K. Lankinen,8476434,J. Gibson
2025-12-08,2025020465,20252026,SEA,MIN,1,4,1,4,REG,24,29,8,8,8475831,P. Grubauer,8479406,F. Gustavsson
2025-12-09,2025020466,20252026,MTL,TBL,1,6,1,6,REG,27,27,15,17,8478470,S. Montembeault,8477992,J. Johansson
2025-12-09,2025020467,20252026,OTT,NJD,3,4,3,4,REG,38,32,8,8,8476999,L. Ullmark,8474593,J. Markstrom
2025-12-09,2025020468,20252026,NYI,VGK,5,4,4,4,SO,27,37,10,8,8478009,I. Sorokin,8479394,C. Hart
2025-12-09,2025020469,20252026,PHI,SJS,4,1,4,1,REG,30,18,4,4,8478435,D. Vladar,8477968,A. Nedeljkovic
2025-12-09,2025020470,20252026,PIT,ANA,3,4,3,3,SO,47,28,2,8,8481668,A. Silovs,8478024,V. Husso
2025-12-09,2025020471,20252026,CAR,CBJ,4,1,4,1,REG,32,24,6,8,8483548,B. Bussi,8482982,J. Greaves
2025-12-09,2025020472,20252026,STL,BOS,2,5,2,5,REG,26,31,6,6,8480981,J. Hofer,8480280,J. Swayman
2025-12-09,2025020473,20252026,WPG,DAL,3,4,3,4,REG,33,19,8,8,8477480,E. Comrie,8479193,C. DeSmith
2025-12-09,2025020474,20252026,EDM,BUF,3,4,3,3,OT,30,28,12,8,8479973,S. Skinner,8479312,A. Lyon
2025-12-09,2025020475,20252026,NSH,COL,4,3,3,3,SO,31,42,8,4,8477424,J. Saros,8475809,S. Wedgewood
2025-12-10,2025020476,20252026,CHI,NYR,3,0,3,0,REG,25,21,6,8,8481519,S. Knight,8478048,I. Shesterkin
2025-12-10,2025020477,20252026,CGY,DET,3,4,3,4,REG,37,29,8,10,8482445,D. Cooley,8476434,J. Gibson
2025-12-10,2025020478,20252026,UTA,FLA,3,4,3,4,REG,30,36,4,6,8478872,K. Vejmelka,8475683,S. Bobrovsky
2025-12-10,2025020479,20252026,SEA,LAK,3,2,2,2,OT,33,26,10,14,8478916,J. Daccord,8476341,A. Forsberg
2025-12-11,2025020480,20252026,TOR,SJS,2,3,2,2,OT,30,32,4,6,8483710,D. Hildeby,8477968,A. Nedeljkovic
2025-12-11,2025020481,20252026,NJD,TBL,4,8,4,8,REG,37,35,11,11,8474596,J. Allen,8477992,J. Johansson
2025-12-11,2025020482,20252026,NYI,ANA,5,2,5,2,REG,37,33,2,8,8479496,D. Rittich,8478024,V. Husso
2025-12-11,2025020483,20252026,PHI,VGK,2,3,2,2,OT,19,22,2,6,8478435,D. Vladar,8481033,A. Schmid
2025-12-11,2025020484,20252026,PIT,MTL,2,4,2,4,REG,38,29,8,12,8477465,T. Jarry,8484170,J. Fowler
2025-12-11,2025020485,20252026,WSH,CAR,2,3,2,2,SO,25,39,9,7,8480313,L. Thompson,8483548,B. Bussi
2025-12-11,2025020486,20252026,CBJ,OTT,3,6,3,6,REG,27,29,4,0,8482982,J. Greaves,8476999,L. Ullmark
2025-12-11,2025020487,20252026,NSH,STL,7,2,7,2,REG,32,26,11,13,8477424,J. Saros,8476412,J. Binnington
2025-12-11,2025020488,20252026,MIN,DAL,5,2,5,2,REG,32,18,2,6,8479406,F. Gustavsson,8479979,J. Oettinger
2025-12-11,2025020489,20252026,WPG,BOS,3,6,3,6,REG,29,24,9,13,8477480,E. Comrie,8476914,J. Korpisalo
2025-12-11,2025020490,20252026,COL,FLA,6,2,6,2,REG,42,25,4,6,8478406,M. Blackwood,8480193,D. Tarasov
2025-12-11,2025020491,20252026,EDM,DET,4,1,4,1,REG,29,28,4,4,8479973,S. Skinner,8475660,C. Talbot
2025-12-11,2025020492,20252026,VAN,BUF,2,3,2,3,REG,32,15,8,10,8477967,T. Demko,8479312,A. Lyon
2025-12-12,2025020493,20252026,STL,CHI,3,2,3,2,REG,26,29,12,14,8480981,J. Hofer,8481519,S. Knight
2025-12-12,2025020494,20252026,UTA,SEA,5,3,5,3,REG,33,37,10,6,8478872,K. Vejmelka,8475831,P. Grubauer
2025-12-13,2025020495,20252026,NJD,ANA,4,1,4,1,REG,22,31,4,4,8474596,J. Allen,8480843,L. Dostal
2025-12-13,2025020496,20252026,MIN,OTT,3,2,3,2,REG,25,36,15,13,8482661,J. Wallstedt,8482447,L. Meriläinen
2025-12-13,2025020497,20252026,PIT,SJS,5,6,5,5,OT,43,31,12,14,8481668,A. Silovs,8482137,Y. Askarov
2025-12-13,2025020498,20252026,NYI,TBL,3,2,2,2,SO,17,34,8,8,8478009,I. Sorokin,8477992,J. Johansson
2025-12-13,2025020499,20252026,TOR,EDM,3,6,3,6,REG,28,37,4,2,8483710,D. Hildeby,8477465,T. Jarry
2025-12-13,2025020500,20252026,NYR,MTL,5,4,4,4,OT,29,18,4,6,8478048,I. Shesterkin,8484170,J. Fowler
2025-12-13,2025020501,20252026,PHI,CAR,3,4,3,3,SO,18,21,4,0,8481035,S. Ersson,8481611,P. Kochetkov
2025-12-13,2025020502,20252026,CBJ,VGK,2,3,2,3,REG,30,26,6,8,8482982,J. Greaves,8479394,C. Hart
2025-12-13,2025020503,20252026,WPG,WSH,5,1,5,1,REG,35,25,10,6,8476945,C. Hellebuyck,8480313,L. Thompson
2025-12-13,2025020504,20252026,CHI,DET,0,4,0,4,REG,26,24,6,6,8482821,A. Soderblom,8476434,J. Gibson
2025-12-13,2025020505,20252026,DAL,FLA,0,4,0,4,REG,15,23,23,13,8479979,J. Oettinger,8475683,S. Bobrovsky
2025-12-13,2025020506,20252026,COL,NSH,4,2,4,2,REG,41,29,6,8,8475809,S. Wedgewood,8481020,J. Annunen
2025-12-13,2025020507,20252026,LAK,CGY,1,2,1,1,OT,22,38,13,9,8475311,D. Kuemper,8481692,D. Wolf
2025-12-14,2025020508,20252026,NJD,VAN,1,2,1,2,REG,26,15,6,6,8474593,J. Markstrom,8477967,T. Demko
2025-12-14,2025020509,20252026,PIT,UTA,4,5,4,4,OT,16,36,8,4,8483703,S. Murashov,8478872,K. Vejmelka
2025-12-14,2025020510,20252026,CAR,PHI,3,2,2,2,SO,32,26,10,14,8483548,B. Bussi,8478435,D. Vladar
2025-12-14,2025020511,20252026,MIN,BOS,6,2,6,2,REG,31,31,4,6,8479406,F. Gustavsson,8480280,J. Swayman
2025-12-14,2025020512,20252026,MTL,EDM,4,1,4,1,REG,27,28,10,8,8482487,J. Dobes,8475717,C. Pickard
2025-12-14,2025020513,20252026,SEA,BUF,1,3,1,3,REG,24,23,4,6,8478916,J. Daccord,8479312,A. Lyon
2025-12-15,2025020514,20252026,TBL,FLA,2,5,2,5,REG,28,24,17,17,8477992,J. Johansson,8475683,S. Bobrovsky
2025-12-15,2025020515,20252026,NYR,ANA,1,4,1,4,REG,27,26,6,6,8478048,I. Shesterkin,8480843,L. Dostal
2025-12-15,2025020516,20252026,WPG,OTT,2,3,2,2,OT,25,31,6,4,8476945,C. Hellebuyck,8476999,L. Ullmark
2025-12-15,2025020517,20252026,STL,NSH,2,5,2,5,REG,22,26,17,15,8480981,J. Hofer,8477424,J. Saros
2025-12-15,2025020518,20252026,DAL,LAK,4,1,4,1,REG,26,28,8,6,8479193,C. DeSmith,8476341,A. Forsberg
2025-12-16,2025020519,20252026,BOS,UTA,4,1,4,1,REG,23,21,16,28,8480280,J. Swayman,8477970,V. Vanecek
2025-12-16,2025020520,20252026,TOR,CHI,3,2,3,2,REG,27,25,2,6,8479361,J. Woll,8481519,S. Knight
2025-12-16,2025020521,20252026,MTL,PHI,1,4,1,4,REG,22,21,8,4,8484170,J. Fowler,8478435,D. Vladar
2025-12-16,2025020522,20252026,DET,NYI,3,2,3,2,REG,21,18,2,4,8476434,J. Gibson,8478009,I. Sorokin
2025-12-16,2025020523,20252026,NYR,VAN,0,3,0,3,REG,23,17,6,8,8471734,J. Quick,8477967,T. Demko
2025-12-16,2025020524,20252026,PIT,EDM,4,6,4,6,REG,30,23,8,12,8479973,S. Skinner,8477465,T. Jarry
2025-12-16,2025020525,20252026,CBJ,ANA,4,3,3,3,OT,28,27,8,4,8482982,J. Greaves,8478024,V. Husso
2025-12-16,2025020526,20252026,MIN,WSH,5,0,5,0,REG,32,25,4,8,8479406,F. Gustavsson,8479292,C. Lindgren
2025-12-16,2025020527,20252026,SJS,CGY,6,3,6,3,REG,26,30,4,2,8482137,Y. Askarov,8481692,D. Wolf
2025-12-16,2025020528,20252026,SEA,COL,3,5,3,5,REG,38,39,16,16,8475831,P. Grubauer,8478406,M. Blackwood
2025-12-17,2025020529,20252026,FLA,LAK,3,2,3,2,REG,29,29,8,8,8480193,D. Tarasov,8476341,A. Forsberg
2025-12-17,2025020530,20252026,DET,UTA,1,4,1,4,REG,28,28,8,8,8475660,C. Talbot,8478872,K. Vejmelka
2025-12-17,2025020531,20252026,STL,WPG,1,0,1,0,REG,26,24,6,20,8480981,J. Hofer,8476945,C. Hellebuyck
2025-12-17,2025020532,20252026,NSH,CAR,1,4,1,4,REG,26,37,8,6,8477424,J. Saros,8481611,P. Kochetkov
2025-12-17,2025020533,20252026,VGK,NJD,1,2,1,1,SO,37,33,4,8,8479394,C. Hart,8474596,J. Allen
2025-12-18,2025020534,20252026,BOS,EDM,1,3,1,3,REG,26,25,20,6,8480280,J. Swayman,8477465,T. Jarry
2025-12-18,2025020535,20252026,BUF,PHI,5,3,5,3,REG,28,27,6,10,8479312,A. Lyon,8481035,S. Ersson
2025-12-18,2025020536,20252026,MTL,CHI,4,1,4,1,REG,35,15,4,4,8482487,J. Dobes,8481519,S. Knight
2025-12-18,2025020537,20252026,OTT,PIT,4,0,4,0,REG,26,25,4,4,8476999,L. Ullmark,8481668,A. Silovs
2025-12-18,2025020538,20252026,TBL,LAK,1,2,1,2,REG,32,20,2,20,8476883,A. Vasilevskiy,8476341,A. Forsberg
2025-12-18,2025020539,20252026,WSH,TOR,4,0,4,0,REG,29,22,10,6,8480313,L. Thompson,8483710,D. Hildeby
2025-12-18,2025020540,20252026,CBJ,MIN,2,5,2,5,REG,29,28,2,4,8482982,J. Greaves,8482661,J. Wallstedt
2025-12-18,2025020541,20252026,STL,NYR,1,2,1,1,OT,27,31,6,8,8476412,J. Binnington,8478048,I. Shesterkin
2025-12-18,2025020542,20252026,CGY,SEA,4,2,4,2,REG,46,23,2,10,8481692,D. Wolf,8478916,J. Daccord
2025-12-18,2025020543,20252026,SJS,DAL,3,5,3,5,REG,37,30,2,6,8477968,A. Nedeljkovic,8479979,J. Oettinger
2025-12-19,2025020544,20252026,FLA,CAR,4,3,3,3,SO,41,29,8,8,8475683,S. Bobrovsky,8483548,B. Bussi
2025-12-19,2025020545,20252026,NYI,VAN,1,4,1,4,REG,24,31,6,6,8478009,I. Sorokin,8477967,T. Demko
2025-12-19,2025020546,20252026,COL,WPG,3,2,3,2,REG,26,22,9,9,8475809,S. Wedgewood,8476945,C. Hellebuyck
2025-12-19,2025020547,20252026,UTA,NJD,1,2,1,2,REG,33,22,10,8,8478872,K. Vejmelka,8474593,J. Markstrom
2025-12-19,2025020548,20252026,ANA,DAL,3,8,3,8,REG,25,25,18,8,8475852,P. Mrazek,8479193,C. DeSmith
2025-12-20,2025020549,20252026,NYR,PHI,5,4,4,4,SO,27,32,15,13,8478048,I. Shesterkin,8481035,S. Ersson
2025-12-20,2025020550,20252026,WSH,DET,2,5,2,5,REG,26,41,4,4,8480313,L. Thompson,8476434,J. Gibson
2025-12-20,2025020551,20252026,OTT,CHI,6,4,6,4,REG,40,24,6,24,8482447,L. Meriläinen,8482821,A. Soderblom
2025-12-20,2025020552,20252026,MIN,EDM,5,2,5,2,REG,37,30,4,4,8479406,F. Gustavsson,8475717,C. Pickard
2025-12-20,2025020553,20252026,BUF,NYI,3,2,2,2,SO,32,34,6,8,8479312,A. Lyon,8479496,D. Rittich
2025-12-20,2025020554,20252026,FLA,STL,2,6,2,6,REG,29,32,6,6,8480193,D. Tarasov,8480981,J. Hofer
2025-12-20,2025020555,20252026,BOS,VAN,4,5,4,4,SO,43,23,10,8,8480280,J. Swayman,8480947,K. Lankinen
2025-12-20,2025020556,20252026,MTL,PIT,4,0,4,0,REG,21,31,6,2,8484170,J. Fowler,8479973,S. Skinner
2025-12-20,2025020557,20252026,TBL,CAR,6,4,6,4,REG,29,22,14,10,8476883,A. Vasilevskiy,8481611,P. Kochetkov
2025-12-20,2025020558,20252026,NSH,TOR,5,3,5,3,REG,34,22,4,6,8477424,J. Saros,8479361,J. Woll
2025-12-20,2025020559,20252026,CGY,VGK,6,3,6,3,REG,26,37,9,5,8482445,D. Cooley,8481033,A. Schmid
2025-12-20,2025020560,20252026,ANA,CBJ,4,3,4,3,REG,28,26,4,4,8480843,L. Dostal,8478007,E. Merzlikins
2025-12-20,2025020561,20252026,SJS,SEA,2,4,2,4,REG,36,32,2,8,8482137,Y. Askarov,8478916,J. Daccord
2025-12-21,2025020562,20252026,DET,WSH,3,2,2,2,OT,27,33,2,4,8475660,C. Talbot,8479292,C. Lindgren
2025-12-21,2025020563,20252026,MIN,COL,1,5,1,5,REG,29,42,8,6,8482661,J. Wallstedt,8478406,M. Blackwood
2025-12-21,2025020564,20252026,BOS,OTT,2,6,2,6,REG,20,28,42,54,8480280,J. Swayman,8476999,L. Ullmark
2025-12-21,2025020565,20252026,NJD,BUF,1,3,1,3,REG,27,25,0,2,8474596,J. Allen,8480045,U. Luukkonen
2025-12-21,2025020566,20252026,PIT,MTL,4,3,3,3,SO,31,25,6,8,8481668,A. Silovs,8482487,J. Dobes
2025-12-21,2025020567,20252026,NSH,NYR,2,1,2,1,REG,32,17,6,4,8481020,J. Annunen,8471734,J. Quick
2025-12-21,2025020568,20252026,DAL,TOR,5,1,5,1,REG,22,28,8,6,8479979,J. Oettinger,8483710,D. Hildeby
2025-12-21,2025020569,20252026,UTA,WPG,4,3,3,3,OT,22,26,6,6,8478872,K. Vejmelka,8476945,C. Hellebuyck
2025-12-21,2025020570,20252026,EDM,VGK,4,3,4,3,REG,21,31,10,6,8478971,C. Ingram,8479394,C. Hart
2025-12-22,2025020571,20252026,TBL,STL,4,1,4,1,REG,17,24,4,8,8476883,A. Vasilevskiy,8476412,J. Binnington
2025-12-22,2025020572,20252026,PHI,VAN,5,2,5,2,REG,39,25,4,2,8478435,D. Vladar,8477967,T. Demko
2025-12-22,2025020573,20252026,ANA,SEA,1,3,1,3,REG,41,21,18,16,8480843,L. Dostal,8475831,P. Grubauer
2025-12-22,2025020574,20252026,LAK,CBJ,1,3,1,3,REG,24,30,14,12,8476341,A. Forsberg,8482982,J. Greaves
2025-12-23,2025020575,20252026,TOR,PIT,6,3,6,3,REG,31,32,6,6,8479361,J. Woll,8479973,S. Skinner
2025-12-23,2025020576,20252026,WSH,NYR,3,7,3,7,REG,32,21,8,6,8480313,L. Thompson,8478048,I. Shesterkin
2025-12-23,2025020577,20252026,BOS,MTL,2,6,2,6,REG,28,29,34,32,8480280,J. Swayman,8484170,J. Fowler
2025-12-23,2025020578,20252026,OTT,BUF,2,3,2,2,OT,26,25,4,8,8476999,L. Ullmark,8479312,A. Lyon
2025-12-23,2025020579,20252026,DET,DAL,4,3,3,3,OT,25,22,10,6,8476434,J. Gibson,8479193,C. DeSmith
2025-12-23,2025020580,20252026,NYI,NJD,2,1,2,1,REG,25,32,0,0,8479496,D. Rittich,8474593,J. Markstrom
2025-12-23,2025020581,20252026,CAR,FLA,2,5,2,5,REG,19,22,12,6,8475883,F. Andersen,8475683,S. Bobrovsky
2025-12-23,2025020582,20252026,MIN,NSH,2,3,2,2,OT,32,29,10,8,8479406,F. Gustavsson,8477424,J. Saros
2025-12-23,2025020583,20252026,CHI,PHI,1,3,1,3,REG,21,26,8,10,8481519,S. Knight,8481035,S. Ersson
2025-12-23,2025020584,20252026,COL,UTA,1,0,1,0,REG,26,32,6,4,8475809,S. Wedgewood,8477970,V. Vanecek
2025-12-23,2025020585,20252026,EDM,CGY,5,1,5,1,REG,39,19,65,89,8478971,C. Ingram,8481692,D. Wolf
2025-12-23,2025020586,20252026,VGK,SJS,7,2,7,2,REG,26,23,4,8,8479394,C. Hart,8477968,A. Nedeljkovic
2025-12-23,2025020587,20252026,LAK,SEA,2,3,2,3,REG,37,28,4,6,8477831,P. Copley,8478916,J. Daccord
2025-12-27,2025020588,20252026,NYI,NYR,2,0,2,0,REG,26,27,8,12,8479496,D. Rittich,8478048,I. Shesterkin
2025-12-27,2025020589,20252026,BUF,BOS,4,1,4,1,REG,34,23,2,6,8480045,U. Luukkonen,8476914,J. Korpisalo
2025-12-27,2025020590,20252026,TOR,OTT,7,5,7,5,REG,33,31,4,8,8479361,J. Woll,8482447,L. Meriläinen
2025-12-27,2025020591,20252026,FLA,TBL,2,4,2,4,REG,26,25,49,87,8475683,S. Bobrovsky,8476883,A. Vasilevskiy
2025-12-27,2025020592,20252026,NJD,WSH,3,4,3,3,OT,38,33,4,6,8474596,J. Allen,8480313,L. Thompson
2025-12-27,2025020593,20252026,CAR,DET,5,2,5,2,REG,38,20,6,4,8483548,B. Bussi,8476434,J. Gibson
2025-12-27,2025020594,20252026,WPG,MIN,3,4,3,3,OT,26,19,13,11,8476945,C. Hellebuyck,8482661,J. Wallstedt
2025-12-27,2025020595,20252026,STL,NSH,3,2,3,2,REG,20,32,4,4,8480981,J. Hofer,8477424,J. Saros
2025-12-27,2025020596,20252026,DAL,CHI,3,4,3,3,SO,31,33,4,8,8479979,J. Oettinger,8482821,A. Soderblom
2025-12-27,2025020597,20252026,LAK,ANA,6,1,6,1,REG,30,26,8,12,8476341,A. Forsberg,8480843,L. Dostal
2025-12-27,2025020598,20252026,CGY,EDM,3,2,3,2,REG,32,31,8,6,8481692,D. Wolf,8478971,C. Ingram
2025-12-27,2025020599,20252026,VAN,SJS,3,6,3,6,REG,27,37,10,8,8477967,T. Demko,8482137,Y. Askarov
2025-12-27,2025020600,20252026,VGK,COL,5,6,5,5,SO,25,39,2,4,8479394,C. Hart,8475809,S. Wedgewood
2025-12-28,2025020601,20252026,DET,TOR,3,2,2,2,OT,36,27,6,4,8475660,C. Talbot,8483710,D. Hildeby
2025-12-28,2025020602,20252026,TBL,MTL,5,4,4,4,SO,21,35,13,7,8477992,J. Johansson,8484170,J. Fowler
2025-12-28,2025020603,20252026,CBJ,NYI,4,2,4,2,REG,35,26,8,21,8482982,J. Greaves,8479496,D. Rittich
2025-12-28,2025020604,20252026,CHI,PIT,3,7,3,7,REG,24,24,7,11,8481519,S. Knight,8481668,A. Silovs
2025-12-28,2025020605,20252026,SEA,PHI,4,1,4,1,REG,20,33,4,0,8475831,P. Grubauer,8478435,D. Vladar
2025-12-29,2025020606,20252026,OTT,CBJ,1,4,1,4,REG,28,22,11,13,8482447,L. Meriläinen,8482982,J. Greaves
2025-12-29,2025020607,20252026,FLA,WSH,5,3,5,3,REG,29,27,12,12,8475683,S. Bobrovsky,8480313,L. Thompson
2025-12-29,2025020608,20252026,CAR,NYR,3,2,2,2,OT,35,20,4,8,8483548,B. Bussi,8478048,I. Shesterkin
2025-12-29,2025020609,20252026,WPG,EDM,1,3,1,3,REG,42,21,7,11,8476945,C. Hellebuyck,8475717,C. Pickard
2025-12-29,2025020610,20252026,STL,BUF,2,4,2,4,REG,18,34,6,2,8480981,J. Hofer,8479312,A. Lyon
2025-12-29,2025020611,20252026,COL,LAK,5,2,5,2,REG,26,25,6,8,8478406,M. Blackwood,8476341,A. Forsberg
2025-12-29,2025020612,20252026,UTA,NSH,3,4,3,4,REG,31,26,4,8,8477970,V. Vanecek,8477424,J. Saros
2025-12-29,2025020613,20252026,CGY,BOS,2,1,1,1,OT,20,26,4,10,8481692,D. Wolf,8480280,J. Swayman
2025-12-29,2025020614,20252026,VGK,MIN,2,5,2,5,REG,16,27,15,4,8481033,A. Schmid,8479406,F. Gustavsson
2025-12-29,2025020615,20252026,ANA,SJS,4,5,4,5,REG,42,13,4,6,8480843,L. Dostal,8482137,Y. Askarov
2025-12-29,2025020616,20252026,SEA,VAN,2,3,2,2,SO,39,24,9,15,8478916,J. Daccord,8480947,K. Lankinen
2025-12-30,2025020617,20252026,TOR,NJD,4,0,4,0,REG,30,33,11,11,8479361,J. Woll,8474593,J. Markstrom
2025-12-30,2025020618,20252026,FLA,MTL,2,3,2,2,OT,30,29,8,8,8480193,D. Tarasov,8478470,S. Montembeault
2025-12-30,2025020619,20252026,PIT,CAR,5,1,5,1,REG,28,28,0,4,8479973,S. Skinner,8475883,F. Andersen
2025-12-30,2025020620,20252026,CHI,NYI,2,3,2,2,SO,19,21,8,6,8481519,S. Knight,8479496,D. Rittich
2025-12-30,2025020621,20252026,VAN,PHI,3,6,3,6,REG,35,33,9,15,8477967,T. Demko,8478435,D. Vladar
2025-12-31,2025020622,20252026,WSH,NYR,6,3,6,3,REG,27,25,7,11,8479292,C. Lindgren,8471734,J. Quick
2025-12-31,2025020623,20252026,VGK,NSH,2,4,2,4,REG,31,19,18,6,8481033,A. Schmid,8481020,J. Annunen
2025-12-31,2025020624,20252026,ANA,TBL,3,4,3,3,OT,28,29,6,6,8480843,L. Dostal,8476883,A. Vasilevskiy
2025-12-31,2025020625,20252026,SJS,MIN,4,3,3,3,SO,28,23,2,2,8482137,Y. Askarov,8482661,J. Wallstedt
2025-12-31,2025020626,20252026,DET,WPG,2,1,2,1,REG,19,24,6,6,8476434,J. Gibson,8476945,C. Hellebuyck
2025-12-31,2025020627,20252026,CBJ,NJD,2,3,2,3,REG,35,33,7,11,8482982,J. Greaves,8474596,J. Allen
2025-12-31,2025020628,20252026,DAL,BUF,1,4,1,4,REG,29,31,4,4,8479193,C. DeSmith,8480045,U. Luukkonen
2025-12-31,2025020629,20252026,COL,STL,6,1,6,1,REG,43,13,6,6,8478406,M. Blackwood,8476412,J. Binnington
2025-12-31,2025020630,20252026,CGY,PHI,5,1,5,1,REG,26,26,6,8,8481692,D. Wolf,8481035,S. Ersson
2025-12-31,2025020631,20252026,EDM,BOS,2,6,2,6,REG,36,29,43,47,8478971,C. Ingram,8480280,J. Swayman
2026-01-01,2025020632,20252026,OTT,WSH,4,3,4,3,REG,32,29,17,17,8482447,L. Meriläinen,8480313,L. Thompson
2026-01-01,2025020633,20252026,NYI,UTA,2,7,2,7,REG,22,21,8,10,8479496,D. Rittich,8478872,K. Vejmelka
2026-01-01,2025020634,20252026,TOR,WPG,6,5,6,5,REG,30,40,4,2,8483710,D. Hildeby,8477480,E. Comrie
2026-01-01,2025020635,20252026,PIT,DET,4,3,3,3,OT,31,27,16,6,8481668,A. Silovs,8475660,C. Talbot
2026-01-01,2025020636,20252026,CAR,MTL,5,7,5,7,REG,25,23,2,6,8483548,B. Bussi,8482487,J. Dobes
2026-01-01,2025020637,20252026,CHI,DAL,4,3,4,3,REG,21,25,2,8,8481519,S. Knight,8479979,J. Oettinger
2026-01-01,2025020638,20252026,SEA,NSH,4,1,4,1,REG,23,25,4,2,8475831,P. Grubauer,8477424,J. Saros
2026-01-01,2025020639,20252026,LAK,TBL,3,5,3,5,REG,20,24,9,11,8475311,D. Kuemper,8477992,J. Johansson
2026-01-02,2025020640,20252026,STL,VGK,4,3,4,3,REG,19,25,4,4,8480981,J. Hofer,8479394,C. Hart
2026-01-02,2025020641,20252026,FLA,NYR,1,5,1,5,REG,37,20,6,12,8475683,S. Bobrovsky,8478048,I. Shesterkin
2026-01-02,2025020642,20252026,VAN,SEA,3,4,3,3,SO,24,28,4,6,8477967,T. Demko,8478916,J. Daccord
2026-01-02,2025020643,20252026,ANA,MIN,2,5,2,5,REG,28,34,8,2,8480843,L. Dostal,8479406,F. Gustavsson
2026-01-03,2025020644,20252026,DET,PIT,1,4,1,4,REG,12,31,4,4,8476434,J. Gibson,8479973,S. Skinner
2026-01-03,2025020645,20252026,NJD,UTA,4,1,4,1,REG,30,31,4,6,8474593,J. Markstrom,8478872,K. Vejmelka
2026-01-03,2025020646,20252026,CBJ,BUF,5,1,5,1,REG,35,33,14,6,8482982,J. Greaves,8480045,U. Luukkonen
2026-01-03,2025020647,20252026,EDM,PHI,2,5,2,5,REG,25,29,9,11,8475717,C. Pickard,8478435,D. Vladar
2026-01-03,2025020648,20252026,STL,MTL,2,0,2,0,REG,19,26,8,4,8476412,J. Binnington,8484170,J. Fowler
2026-01-03,2025020649,20252026,SJS,TBL,3,7,3,7,REG,22,26,30,16,8477968,A. Nedeljkovic,8476883,A. Vasilevskiy
2026-01-03,2025020650,20252026,OTT,WPG,4,2,4,2,REG,27,23,18,10,8482447,L. Meriläinen,8476945,C. Hellebuyck
2026-01-03,2025020651,20252026,NYI,TOR,4,3,3,3,OT,25,21,4,4,8479496,D. Rittich,8479361,J. Woll
2026-01-03,2025020652,20252026,WSH,CHI,2,3,2,2,SO,34,33,4,2,8480313,L. Thompson,8481519,S. Knight
2026-01-03,2025020653,20252026,CAR,COL,3,5,3,5,REG,28,34,10,6,8475883,F. Andersen,8475809,S. Wedgewood
2026-01-03,2025020654,20252026,CGY,NSH,3,4,3,4,REG,23,36,26,28,8481692,D. Wolf,8477424,J. Saros
2026-01-03,2025020655,20252026,LAK,MIN,5,4,4,4,SO,38,28,8,6,8475311,D. Kuemper,8482661,J. Wallstedt
2026-01-03,2025020656,20252026,VAN,BOS,2,3,2,2,OT,34,22,6,12,8480947,K. Lankinen,8480280,J. Swayman
2026-01-04,2025020657,20252026,DAL,MTL,3,4,3,3,OT,27,28,10,4,8479979,J. Oettinger,8478470,S. Montembeault
2026-01-04,2025020658,20252026,CBJ,PIT,4,5,4,4,OT,25,43,6,0,8482982,J. Greaves,8481668,A. Silovs
2026-01-04,2025020659,20252026,FLA,COL,2,1,2,1,REG,25,28,8,6,8480193,D. Tarasov,8475809,S. Wedgewood
2026-01-04,2025020660,20252026,NJD,CAR,1,3,1,3,REG,29,29,6,10,8474596,J. Allen,8483548,B. Bussi
2026-01-04,2025020661,20252026,CHI,VGK,3,2,2,2,OT,20,15,2,4,8482821,A. Soderblom,8481033,A. Schmid
2026-01-05,2025020662,20252026,NYR,UTA,2,3,2,2,OT,24,27,4,10,8471734,J. Quick,8478872,K. Vejmelka
2026-01-05,2025020663,20252026,WSH,ANA,7,4,7,4,REG,29,45,16,14,8479292,C. Lindgren,8475852,P. Mrazek
2026-01-05,2025020664,20252026,OTT,DET,3,5,3,5,REG,37,21,8,12,8482411,H. Shepard,8476434,J. Gibson
2026-01-05,2025020665,20252026,CGY,SEA,1,5,1,5,REG,42,28,2,2,8481692,D. Wolf,8475831,P. Grubauer
2026-01-05,2025020666,20252026,LAK,MIN,4,2,4,2,REG,33,35,14,4,8475311,D. Kuemper,8479406,F. Gustavsson
2026-01-06,2025020667,20252026,BUF,VAN,5,3,5,3,REG,20,37,8,2,8480045,U. Luukkonen,8477967,T. Demko
2026-01-06,2025020668,20252026,TBL,COL,4,2,4,2,REG,28,33,18,6,8476883,A. Vasilevskiy,8475809,S. Wedgewood
2026-01-06,2025020669,20252026,NYI,NJD,9,0,9,0,REG,24,44,6,0,8478009,I. Sorokin,8474593,J. Markstrom
2026-01-06,2025020670,20252026,PHI,ANA,5,2,5,2,REG,39,18,26,37,8478435,D. Vladar,8480843,L. Dostal
2026-01-06,2025020671,20252026,CAR,DAL,6,3,6,3,REG,33,23,6,10,8483548,B. Bussi,8479193,C. DeSmith
2026-01-06,2025020672,20252026,TOR,FLA,4,1,4,1,REG,23,32,11,9,8479361,J. Woll,8475683,S. Bobrovsky
2026-01-06,2025020673,20252026,WPG,VGK,3,4,3,3,OT,20,31,13,9,8476945,C. Hellebuyck,8479394,C. Hart
2026-01-06,2025020674,20252026,EDM,NSH,6,2,6,2,REG,43,26,4,4,8478971,C. Ingram,8477424,J. Saros
2026-01-06,2025020675,20252026,SJS,CBJ,5,2,5,2,REG,36,36,11,15,8477968,A. Nedeljkovic,8482982,J. Greaves
2026-01-06,2025020676,20252026,SEA,BOS,7,4,7,4,REG,27,36,6,8,8478916,J. Daccord,8480280,J. Swayman
2026-01-07,2025020677,20252026,WSH,DAL,1,4,1,4,REG,24,36,11,11,8480313,L. Thompson,8479193,C. DeSmith
2026-01-07,2025020678,20252026,MTL,CGY,4,1,4,1,REG,36,29,8,2,8484170,J. Fowler,8481692,D. Wolf
2026-01-07,2025020679,20252026,CHI,STL,7,3,7,3,REG,35,30,20,8,8481519,S. Knight,8476412,J. Binnington
2026-01-07,2025020680,20252026,UTA,OTT,3,1,3,1,REG,21,33,6,6,8478872,K. Vejmelka,8482447,L. Meriläinen
2026-01-07,2025020681,20252026,LAK,SJS,3,4,3,3,OT,26,28,8,6,8475311,D. Kuemper,8482137,Y. Askarov
2026-01-08,2025020682,20252026,BOS,CGY,4,1,4,1,REG,30,29,6,6,8476914,J. Korpisalo,8481692,D. Wolf
2026-01-08,2025020683,20252026,MTL,FLA,6,2,6,2,REG,19,27,22,24,8478470,S. Montembeault,8475683,S. Bobrovsky
2026-01-08,2025020684,20252026,DET,VAN,5,1,5,1,REG,25,24,4,6,8476434,J. Gibson,8480947,K. Lankinen
2026-01-08,2025020685,20252026,NYR,BUF,2,5,2,5,REG,32,21,4,6,8471734,J. Quick,8481551,C. Ellis
2026-01-08,2025020686,20252026,PHI,TOR,1,2,1,1,OT,23,23,4,6,8478435,D. Vladar,8483710,D. Hildeby
2026-01-08,2025020687,20252026,PIT,NJD,4,1,4,1,REG,29,29,4,6,8479973,S. Skinner,8474596,J. Allen
2026-01-08,2025020688,20252026,CAR,ANA,5,2,5,2,REG,35,13,6,14,8475883,F. Andersen,8478024,V. Husso
2026-01-08,2025020689,20252026,NSH,NYI,2,1,1,1,SO,27,31,10,8,8477424,J. Saros,8479496,D. Rittich
2026-01-08,2025020690,20252026,WPG,EDM,3,4,3,4,REG,16,30,9,9,8476945,C. Hellebuyck,8475717,C. Pickard
2026-01-08,2025020691,20252026,COL,OTT,8,2,8,2,REG,34,31,16,42,8475809,S. Wedgewood,8482447,L. Meriläinen
2026-01-08,2025020692,20252026,VGK,CBJ,5,3,5,3,REG,26,25,2,4,8481033,A. Schmid,8482982,J. Greaves
2026-01-08,2025020693,20252026,SEA,MIN,2,3,2,2,OT,28,34,2,6,8475831,P. Grubauer,8482661,J. Wallstedt
2026-01-09,2025020694,20252026,CHI,WSH,1,5,1,5,REG,24,24,6,8,8482123,D. Commesso,8480313,L. Thompson
2026-01-09,2025020695,20252026,WPG,LAK,5,1,5,1,REG,20,24,4,4,8477480,E. Comrie,8475311,D. Kuemper
2026-01-09,2025020696,20252026,UTA,STL,4,2,4,2,REG,23,28,22,20,8478872,K. Vejmelka,8480981,J. Hofer
2026-01-10,2025020697,20252026,BOS,NYR,10,2,10,2,REG,34,29,26,18,8480280,J. Swayman,8471734,J. Quick
2026-01-10,2025020698,20252026,PIT,CGY,1,2,1,2,REG,28,25,10,8,8481668,A. Silovs,8482445,D. Cooley
2026-01-10,2025020699,20252026,COL,CBJ,4,0,4,0,REG,31,29,4,4,8481529,T. Miner,8478007,E. Merzlikins
2026-01-10,2025020700,20252026,SJS,DAL,5,4,4,4,OT,31,20,4,12,8477968,A. Nedeljkovic,8479193,C. DeSmith
2026-01-10,2025020701,20252026,BUF,ANA,5,3,5,3,REG,32,36,13,13,8480045,U. Luukkonen,8480843,L. Dostal
2026-01-10,2025020702,20252026,TOR,VAN,5,0,5,0,REG,24,29,15,15,8479361,J. Woll,8480947,K. Lankinen
2026-01-10,2025020703,20252026,MTL,DET,0,4,0,4,REG,27,24,8,2,8484170,J. Fowler,8476434,J. Gibson
2026-01-10,2025020704,20252026,OTT,FLA,2,3,2,3,REG,19,21,10,12,8482447,L. Meriläinen,8475683,S. Bobrovsky
2026-01-10,2025020705,20252026,PHI,TBL,2,7,2,7,REG,20,23,9,9,8481035,S. Ersson,8476883,A. Vasilevskiy
2026-01-10,2025020706,20252026,CAR,SEA,3,2,3,2,REG,36,12,2,2,8483548,B. Bussi,8478916,J. Daccord
2026-01-10,2025020707,20252026,NSH,CHI,0,3,0,3,REG,36,21,8,8,8477424,J. Saros,8482123,D. Commesso
2026-01-10,2025020708,20252026,MIN,NYI,3,4,3,3,OT,36,27,6,8,8479406,F. Gustavsson,8478009,I. Sorokin
2026-01-10,2025020709,20252026,EDM,LAK,3,4,3,3,SO,26,30,4,8,8478971,C. Ingram,8476341,A. Forsberg
2026-01-10,2025020710,20252026,VGK,STL,4,2,4,2,REG,25,19,7,7,8481033,A. Schmid,8476412,J. Binnington
2026-01-11,2025020711,20252026,WPG,NJD,4,3,4,3,REG,22,27,2,4,8476945,C. Hellebuyck,8474596,J. Allen
2026-01-11,2025020712,20252026,BOS,PIT,1,0,1,0,REG,19,27,4,12,8476914,J. Korpisalo,8479973,S. Skinner
2026-01-11,2025020713,20252026,NSH,WSH,3,2,3,2,REG,21,32,10,12,8481020,J. Annunen,8479292,C. Lindgren
2026-01-11,2025020714,20252026,UTA,CBJ,2,3,2,2,OT,27,36,6,4,8477970,V. Vanecek,8482982,J. Greaves
2026-01-11,2025020715,20252026,SJS,VGK,2,7,2,7,REG,20,32,8,10,8482137,Y. Askarov,8482761,C. Lindbom
2026-01-12,2025020716,20252026,BUF,FLA,3,4,3,4,REG,23,32,7,9,8481551,C. Ellis,8475683,S. Bobrovsky
2026-01-12,2025020717,20252026,DET,CAR,4,3,3,3,OT,18,34,10,28,8476434,J. Gibson,8475883,F. Andersen
2026-01-12,2025020718,20252026,NYR,SEA,2,4,2,4,REG,22,29,4,4,8471734,J. Quick,8475831,P. Grubauer
2026-01-12,2025020719,20252026,PHI,TBL,1,5,1,5,REG,21,26,46,32,8478435,D. Vladar,8477992,J. Johansson
2026-01-12,2025020720,20252026,MTL,VAN,6,3,6,3,REG,41,23,4,2,8482487,J. Dobes,8484268,N. Tolopilo
2026-01-12,2025020721,20252026,MIN,NJD,2,5,2,5,REG,23,29,4,4,8482661,J. Wallstedt,8474593,J. Markstrom
2026-01-12,2025020722,20252026,CHI,EDM,1,4,1,4,REG,30,37,2,4,8481519,S. Knight,8478971,C. Ingram
2026-01-12,2025020723,20252026,COL,TOR,3,4,3,3,OT,34,31,6,8,8481529,T. Miner,8479361,J. Woll
2026-01-12,2025020724,20252026,LAK,DAL,1,3,1,3,REG,25,18,2,6,8475311,D. Kuemper,8479979,J. Oettinger
2026-01-13,2025020725,20252026,OTT,VAN,2,1,2,1,REG,40,20,2,4,8482447,L. Meriläinen,8480947,K. Lankinen
2026-01-13,2025020726,20252026,PIT,TBL,1,2,1,1,SO,27,31,14,33,8481668,A. Silovs,8476883,A. Vasilevskiy
2026-01-13,2025020727,20252026,WSH,MTL,3,2,2,2,OT,42,25,23,25,8480313,L. Thompson,8478470,S. Montembeault
2026-01-13,2025020728,20252026,CBJ,CGY,5,3,5,3,REG,43,32,9,13,8482982,J. Greaves,8481692,D. Wolf
2026-01-13,2025020729,20252026,BOS,DET,3,0,3,0,REG,41,24,4,4,8480280,J. Swayman,8475660,C. Talbot
2026-01-13,2025020730,20252026,STL,CAR,3,0,3,0,REG,31,33,6,6,8480981,J. Hofer,8483548,B. Bussi
2026-01-13,2025020731,20252026,NSH,EDM,4,3,3,3,OT,27,31,13,11,8477424,J. Saros,8477465,T. Jarry
2026-01-13,2025020732,20252026,WPG,NYI,5,4,5,4,REG,22,27,2,4,8476945,C. Hellebuyck,8478009,I. Sorokin
2026-01-13,2025020733,20252026,UTA,TOR,6,1,6,1,REG,41,20,8,6,8478872,K. Vejmelka,8483710,D. Hildeby
2026-01-13,2025020734,20252026,ANA,DAL,3,1,3,1,REG,25,25,4,4,8480843,L. Dostal,8479193,C. DeSmith
2026-01-14,2025020735,20252026,NJD,SEA,3,2,2,2,OT,26,17,4,4,8474593,J. Markstrom,8475831,P. Grubauer
2026-01-14,2025020736,20252026,BUF,PHI,5,2,5,2,REG,15,22,10,12,8480045,U. Luukkonen,8481035,S. Ersson
2026-01-14,2025020737,20252026,NYR,OTT,4,8,4,8,REG,22,30,6,2,8471734,J. Quick,8482447,L. Meriläinen
2026-01-14,2025020738,20252026,LAK,VGK,2,3,2,2,OT,24,27,4,2,8475311,D. Kuemper,8481033,A. Schmid
2026-01-15,2025020739,20252026,BOS,SEA,4,2,4,2,REG,24,28,13,9,8480280,J. Swayman,8478916,J. Daccord
2026-01-15,2025020740,20252026,BUF,MTL,5,3,5,3,REG,27,23,10,12,8481551,C. Ellis,8484170,J. Fowler
2026-01-15,2025020741,20252026,PIT,PHI,6,3,6,3,REG,30,34,13,13,8479973,S. Skinner,8482783,A. Kolosov
2026-01-15,2025020742,20252026,WSH,SJS,2,3,2,3,REG,23,26,6,4,8480313,L. Thompson,8477968,A. Nedeljkovic
2026-01-15,2025020743,20252026,CBJ,VAN,4,1,4,1,REG,36,31,4,4,8478007,E. Merzlikins,8480947,K. Lankinen
2026-01-15,2025020744,20252026,MIN,WPG,2,6,2,6,REG,34,29,8,6,8482661,J. Wallstedt,8476945,C. Hellebuyck
2026-01-15,2025020745,20252026,CHI,CGY,1,3,1,3,REG,23,23,17,19,8481519,S. Knight,8482445,D. Cooley
2026-01-15,2025020746,20252026,UTA,DAL,2,1,2,1,REG,27,27,4,6,8478872,K. Vejmelka,8479979,J. Oettinger
2026-01-15,2025020747,20252026,EDM,NYI,0,1,0,1,REG,35,18,2,4,8478971,C. Ingram,8478009,I. Sorokin
2026-01-15,2025020748,20252026,VGK,TOR,6,5,5,5,OT,33,28,2,6,8478499,A. Hill,8479361,J. Woll
2026-01-16,2025020749,20252026,DET,SJS,4,2,4,2,REG,25,22,2,4,8476434,J. Gibson,8482137,Y. Askarov
2026-01-16,2025020750,20252026,CAR,FLA,9,1,9,1,REG,36,16,17,27,8483548,B. Bussi,8475683,S. Bobrovsky
2026-01-16,2025020751,20252026,STL,TBL,3,2,2,2,SO,21,36,6,4,8480981,J. Hofer,8476883,A. Vasilevskiy
2026-01-16,2025020752,20252026,COL,NSH,3,7,3,7,REG,43,30,2,4,8478406,M. Blackwood,8477424,J. Saros
2026-01-16,2025020753,20252026,LAK,ANA,2,3,2,2,SO,28,28,4,6,8475311,D. Kuemper,8480843,L. Dostal
2026-01-17,2025020754,20252026,BUF,MIN,4,5,4,4,OT,24,36,15,15,8480045,U. Luukkonen,8479406,F. Gustavsson
2026-01-17,2025020755,20252026,PHI,NYR,3,6,3,6,REG,28,28,8,4,8481035,S. Ersson,8477484,S. Martin
2026-01-17,2025020756,20252026,CGY,NYI,4,2,4,2,REG,19,30,4,6,8481692,D. Wolf,8479496,D. Rittich
2026-01-17,2025020757,20252026,UTA,SEA,6,3,6,3,REG,31,21,6,4,8478872,K. Vejmelka,8475831,P. Grubauer
2026-01-17,2025020758,20252026,OTT,MTL,5,6,5,5,OT,34,19,12,8,8482447,L. Meriläinen,8478470,S. Montembeault
2026-01-17,2025020759,20252026,NJD,CAR,1,4,1,4,REG,30,35,2,8,8474593,J. Markstrom,8475883,F. Andersen
2026-01-17,2025020760,20252026,PIT,CBJ,3,4,3,3,SO,33,26,6,8,8481668,A. Silovs,8478007,E. Merzlikins
2026-01-17,2025020761,20252026,WSH,FLA,2,5,2,5,REG,24,31,6,4,8480313,L. Thompson,8480193,D. Tarasov
2026-01-17,2025020762,20252026,WPG,TOR,3,4,3,3,OT,30,37,4,6,8476945,C. Hellebuyck,8483710,D. Hildeby
2026-01-17,2025020763,20252026,CHI,BOS,2,5,2,5,REG,24,23,2,2,8482821,A. Soderblom,8476914,J. Korpisalo
2026-01-17,2025020764,20252026,VAN,EDM,0,6,0,6,REG,31,35,6,2,8484268,N. Tolopilo,8477465,T. Jarry
2026-01-17,2025020765,20252026,VGK,NSH,7,2,7,2,REG,36,29,8,4,8481033,A. Schmid,8481020,J. Annunen
2026-01-17,2025020766,20252026,ANA,LAK,2,1,1,1,OT,33,18,17,11,8478024,V. Husso,8476341,A. Forsberg
2026-01-18,2025020767,20252026,DAL,TBL,1,4,1,4,REG,20,26,6,6,8479979,J. Oettinger,8476883,A. Vasilevskiy
2026-01-18,2025020768,20252026,DET,OTT,4,3,3,3,OT,34,22,10,12,8476434,J. Gibson,8473503,J. Reimer
2026-01-18,2025020769,20252026,EDM,STL,5,0,5,0,REG,28,27,6,6,8478971,C. Ingram,8476412,J. Binnington
2026-01-19,2025020770,20252026,CAR,BUF,2,1,2,1,REG,29,18,6,8,8483548,B. Bussi,8480045,U. Luukkonen
2026-01-19,2025020771,20252026,COL,WSH,5,2,5,2,REG,44,24,10,14,8475809,S. Wedgewood,8479292,C. Lindgren
2026-01-19,2025020772,20252026,SEA,PIT,3,6,3,6,REG,23,32,6,6,8478916,J. Daccord,8479973,S. Skinner
2026-01-19,2025020773,20252026,FLA,SJS,1,4,1,4,REG,36,28,19,19,8475683,S. Bobrovsky,8477968,A. Nedeljkovic
2026-01-19,2025020774,20252026,TOR,MIN,3,6,3,6,REG,30,39,6,8,8479361,J. Woll,8479406,F. Gustavsson
2026-01-19,2025020775,20252026,VGK,PHI,1,2,1,2,REG,25,17,4,14,8478499,A. Hill,8481035,S. Ersson
2026-01-19,2025020776,20252026,CHI,WPG,2,0,2,0,REG,24,32,4,6,8481519,S. Knight,8476945,C. Hellebuyck
2026-01-19,2025020777,20252026,CGY,NJD,1,2,1,1,OT,22,32,4,8,8482445,D. Cooley,8474593,J. Markstrom
2026-01-19,2025020778,20252026,VAN,NYI,3,4,3,4,REG,32,33,6,4,8480947,K. Lankinen,8478009,I. Sorokin
2026-01-19,2025020779,20252026,ANA,NYR,5,3,5,3,REG,26,22,8,6,8480843,L. Dostal,8477484,S. Martin
2026-01-20,2025020780,20252026,MTL,MIN,4,3,4,3,REG,33,20,8,6,8482487,J. Dobes,8482661,J. Wallstedt
2026-01-20,2025020781,20252026,TBL,SJS,4,1,4,1,REG,20,23,0,2,8476883,A. Vasilevskiy,8482137,Y. Askarov
2026-01-20,2025020782,20252026,CBJ,OTT,1,4,1,4,REG,22,21,8,8,8482982,J. Greaves,8473503,J. Reimer
2026-01-20,2025020783,20252026,DAL,BOS,6,2,6,2,REG,37,18,9,11,8479979,J. Oettinger,8480280,J. Swayman
2026-01-20,2025020784,20252026,NSH,BUF,3,5,3,5,REG,34,33,4,6,8481020,J. Annunen,8479312,A. Lyon
2026-01-20,2025020785,20252026,WPG,STL,3,1,3,1,REG,16,23,8,6,8477480,E. Comrie,8480981,J. Hofer
2026-01-20,2025020786,20252026,EDM,NJD,1,2,1,2,REG,23,17,19,11,8477465,T. Jarry,8474596,J. Allen
2026-01-20,2025020787,20252026,LAK,NYR,4,3,4,3,REG,27,36,4,6,8476341,A. Forsberg,8471734,J. Quick
2026-01-21,2025020788,20252026,TOR,DET,1,2,1,1,OT,31,41,4,4,8479361,J. Woll,8476434,J. Gibson
2026-01-21,2025020789,20252026,COL,ANA,1,2,1,1,SO,41,16,2,4,8475809,S. Wedgewood,8480843,L. Dostal
2026-01-21,2025020790,20252026,UTA,PHI,5,4,4,4,OT,27,29,15,11,8478872,K. Vejmelka,8481035,S. Ersson
2026-01-21,2025020791,20252026,CGY,PIT,1,4,1,4,REG,19,25,2,2,8481692,D. Wolf,8479973,S. Skinner
2026-01-21,2025020792,20252026,VAN,WSH,4,3,4,3,REG,25,32,10,10,8480947,K. Lankinen,8480313,L. Thompson
2026-01-21,2025020793,20252026,SEA,NYI,4,1,4,1,REG,25,25,14,6,8475831,P. Grubauer,8478009,I. Sorokin
2026-01-22,2025020794,20252026,BOS,VGK,4,3,4,3,REG,29,33,15,13,8476914,J. Korpisalo,8481033,A. Schmid
2026-01-22,2025020795,20252026,MTL,BUF,2,4,2,4,REG,34,17,8,10,8478470,S. Montembeault,8480045,U. Luukkonen
2026-01-22,2025020796,20252026,CAR,CHI,3,4,3,3,SO,31,22,7,15,8475883,F. Andersen,8481519,S. Knight
2026-01-22,2025020797,20252026,CBJ,DAL,1,0,1,0,REG,22,28,2,2,8482982,J. Greaves,8479193,C. DeSmith
2026-01-22,2025020798,20252026,NSH,OTT,5,3,5,3,REG,27,26,8,12,8477424,J. Saros,8473503,J. Reimer
2026-01-22,2025020799,20252026,WPG,FLA,1,2,1,1,SO,18,20,8,10,8476945,C. Hellebuyck,8480193,D. Tarasov
2026-01-22,2025020800,20252026,EDM,PIT,2,6,2,6,REG,32,23,4,4,8477465,T. Jarry,8481668,A. Silovs
2026-01-22,2025020801,20252026,MIN,DET,4,3,3,3,OT,39,34,4,8,8479406,F. Gustavsson,8475660,C. Talbot
2026-01-23,2025020802,20252026,TOR,VGK,3,6,3,6,REG,21,31,2,2,8476932,A. Stolarz,8478499,A. Hill
2026-01-23,2025020803,20252026,CHI,TBL,1,2,1,1,SO,19,31,11,9,8482821,A. Soderblom,8476883,A. Vasilevskiy
2026-01-23,2025020804,20252026,DAL,STL,3,2,3,2,REG,19,22,6,10,8479979,J. Oettinger,8476412,J. Binnington
2026-01-23,2025020805,20252026,COL,PHI,3,7,3,7,REG,35,20,4,8,8478406,M. Blackwood,8481035,S. Ersson
2026-01-23,2025020806,20252026,CGY,WSH,1,3,1,3,REG,26,38,18,16,8482445,D. Cooley,8480313,L. Thompson
2026-01-23,2025020807,20252026,VAN,NJD,4,5,4,5,REG,25,24,6,4,8480947,K. Lankinen,8474593,J. Markstrom
2026-01-23,2025020808,20252026,SJS,NYR,3,1,3,1,REG,32,29,4,14,8477968,A. Nedeljkovic,8477484,S. Martin
2026-01-23,2025020809,20252026,SEA,ANA,2,4,2,4,REG,22,31,4,4,8475831,P. Grubauer,8480843,L. Dostal
2026-01-24,2025020810,20252026,NYI,BUF,0,5,0,5,REG,26,21,6,8,8479496,D. Rittich,8479312,A. Lyon
2026-01-24,2025020811,20252026,NSH,UTA,2,5,2,5,REG,29,30,4,6,8477424,J. Saros,8478872,K. Vejmelka
2026-01-24,2025020812,20252026,BOS,MTL,4,3,4,3,REG,20,25,11,13,8480280,J. Swayman,8478470,S. Montembeault
2026-01-24,2025020813,20252026,OTT,CAR,1,4,1,4,REG,37,19,8,18,8473503,J. Reimer,8483548,B. Bussi
2026-01-24,2025020814,20252026,CBJ,TBL,8,5,8,5,REG,31,30,6,6,8482982,J. Greaves,8477992,J. Johansson
2026-01-24,2025020815,20252026,WPG,DET,1,5,1,5,REG,27,31,6,2,8476945,C. Hellebuyck,8476434,J. Gibson
2026-01-24,2025020816,20252026,STL,LAK,4,5,4,4,SO,29,28,11,13,8480981,J. Hofer,8475311,D. Kuemper
2026-01-24,2025020817,20252026,MIN,FLA,3,4,3,3,OT,21,34,17,17,8479406,F. Gustavsson,8475683,S. Bobrovsky
2026-01-24,2025020818,20252026,EDM,WSH,6,5,5,5,OT,40,27,10,10,8478971,C. Ingram,8479292,C. Lindgren
2026-01-25,2025020819,20252026,TOR,COL,1,4,1,4,REG,33,37,4,6,8479361,J. Woll,8478406,M. Blackwood
2026-01-25,2025020820,20252026,SEA,NJD,4,2,4,2,REG,19,29,13,23,8478916,J. Daccord,8474593,J. Markstrom
2026-01-25,2025020821,20252026,OTT,VGK,7,1,7,1,REG,32,20,2,2,8481544,M. Sogaard,8478499,A. Hill
2026-01-25,2025020822,20252026,VAN,PIT,2,3,2,3,REG,32,25,0,4,8480947,K. Lankinen,8479973,S. Skinner
2026-01-25,2025020823,20252026,CHI,FLA,1,5,1,5,REG,22,25,2,6,8481519,S. Knight,8480193,D. Tarasov
2026-01-25,2025020824,20252026,CGY,ANA,3,4,3,3,OT,35,21,4,2,8481692,D. Wolf,8480843,L. Dostal
2026-01-26,2025020825,20252026,TBL,UTA,2,0,2,0,REG,29,28,17,19,8476883,A. Vasilevskiy,8478872,K. Vejmelka
2026-01-26,2025020826,20252026,NYR,BOS,4,3,3,3,OT,28,24,2,8,8471734,J. Quick,8476914,J. Korpisalo
2026-01-26,2025020827,20252026,PHI,NYI,0,4,0,4,REG,21,23,8,8,8481035,S. Ersson,8478009,I. Sorokin
2026-03-09,2025020828,20252026,CBJ,LAK,4,5,4,4,OT,32,31,6,8,8482982,J. Greaves,8476341,A. Forsberg
2026-01-26,2025020829,20252026,EDM,ANA,7,4,7,4,REG,32,41,8,6,8477465,T. Jarry,8478024,V. Husso
2026-01-27,2025020830,20252026,BOS,NSH,3,2,2,2,OT,28,30,10,8,8480280,J. Swayman,8477424,J. Saros
2026-01-27,2025020831,20252026,TOR,BUF,4,7,4,7,REG,23,31,4,0,8479361,J. Woll,8481551,C. Ellis
2026-01-27,2025020832,20252026,MTL,VGK,3,2,2,2,OT,26,34,6,8,8482487,J. Dobes,8481033,A. Schmid
2026-01-27,2025020833,20252026,DET,LAK,1,3,1,3,REG,28,22,6,8,8476434,J. Gibson,8476341,A. Forsberg
2026-01-27,2025020834,20252026,FLA,UTA,3,4,3,4,REG,30,20,10,12,8475683,S. Bobrovsky,8477970,V. Vanecek
2026-01-27,2025020835,20252026,NJD,WPG,3,4,3,4,REG,29,26,4,4,8474596,J. Allen,8476945,C. Hellebuyck
2026-01-27,2025020836,20252026,STL,DAL,3,4,3,4,REG,26,24,6,2,8476412,J. Binnington,8479979,J. Oettinger
2026-01-27,2025020837,20252026,MIN,CHI,4,3,3,3,SO,23,32,10,2,8482661,J. Wallstedt,8481519,S. Knight
2026-01-27,2025020838,20252026,VAN,SJS,2,5,2,5,REG,25,33,15,15,8484268,N. Tolopilo,8482137,Y. Askarov
2026-01-27,2025020839,20252026,SEA,WSH,5,1,5,1,REG,32,20,15,13,8475831,P. Grubauer,8480313,L. Thompson
2026-01-28,2025020840,20252026,CBJ,PHI,5,3,5,3,REG,31,27,10,4,8478007,E. Merzlikins,8478435,D. Vladar
2026-01-28,2025020841,20252026,OTT,COL,5,2,5,2,REG,23,18,0,6,8473503,J. Reimer,8478406,M. Blackwood
2026-01-28,2025020842,20252026,NYI,NYR,5,2,5,2,REG,36,16,6,10,8479496,D. Rittich,8477484,S. Martin
2026-01-29,2025020843,20252026,BOS,PHI,6,3,6,3,REG,27,36,12,8,8480280,J. Swayman,8481035,S. Ersson
2026-01-29,2025020844,20252026,BUF,LAK,4,1,4,1,REG,32,38,28,28,8479312,A. Lyon,8475311,D. Kuemper
2026-01-29,2025020845,20252026,MTL,COL,7,3,7,3,REG,28,29,6,6,8482487,J. Dobes,8475809,S. Wedgewood
2026-01-29,2025020846,20252026,DET,WSH,3,4,3,3,SO,21,23,2,6,8476434,J. Gibson,8479292,C. Lindgren
2026-01-29,2025020847,20252026,TBL,WPG,4,1,4,1,REG,37,24,6,4,8476883,A. Vasilevskiy,8476945,C. Hellebuyck
2026-01-29,2025020848,20252026,NJD,NSH,3,2,2,2,OT,35,29,4,6,8474593,J. Markstrom,8481020,J. Annunen
2026-01-29,2025020849,20252026,NYR,NYI,1,2,1,2,REG,21,21,8,8,8471734,J. Quick,8478009,I. Sorokin
2026-01-29,2025020850,20252026,PIT,CHI,6,2,6,2,REG,45,20,8,6,8481668,A. Silovs,8482821,A. Soderblom
2026-01-29,2025020851,20252026,CAR,UTA,5,4,5,4,REG,33,25,4,10,8483548,B. Bussi,8478872,K. Vejmelka
2026-01-29,2025020852,20252026,STL,FLA,5,4,5,4,REG,31,20,25,19,8480981,J. Hofer,8480193,D. Tarasov
2026-01-29,2025020853,20252026,MIN,CGY,4,1,4,1,REG,24,30,11,9,8479406,F. Gustavsson,8482445,D. Cooley
2026-01-29,2025020854,20252026,EDM,SJS,4,3,3,3,OT,32,21,6,4,8478971,C. Ingram,8482137,Y. Askarov
2026-01-29,2025020855,20252026,VAN,ANA,2,0,2,0,REG,26,33,6,6,8484268,N. Tolopilo,8480843,L. Dostal
2026-01-29,2025020856,20252026,VGK,DAL,4,5,4,4,SO,21,27,4,2,8478499,A. Hill,8479979,J. Oettinger
2026-01-29,2025020857,20252026,SEA,TOR,5,2,5,2,REG,22,31,6,4,8478916,J. Daccord,8476932,A. Stolarz
2026-01-30,2025020858,20252026,CHI,CBJ,2,4,2,4,REG,24,26,4,4,8481519,S. Knight,8478007,E. Merzlikins
2026-01-31,2025020859,20252026,PHI,LAK,2,3,2,2,OT,21,21,2,4,8478435,D. Vladar,8475311,D. Kuemper
2026-01-31,2025020860,20252026,DET,COL,0,5,0,5,REG,28,21,6,6,8476434,J. Gibson,8478406,M. Blackwood
2026-01-31,2025020861,20252026,PIT,NYR,6,5,6,5,REG,34,20,6,12,8479973,S. Skinner,8471734,J. Quick
2026-01-31,2025020862,20252026,FLA,WPG,1,2,1,2,REG,28,21,8,4,8475683,S. Bobrovsky,8477480,E. Comrie
2026-01-31,2025020863,20252026,CGY,SJS,3,2,3,2,REG,42,25,10,22,8481692,D. Wolf,8477968,A. Nedeljkovic
2026-01-31,2025020864,20252026,WSH,CAR,4,3,3,3,OT,42,22,4,8,8483532,C. Stevenson,8475883,F. Andersen
2026-01-31,2025020865,20252026,BUF,MTL,2,4,2,4,REG,38,31,6,8,8479312,A. Lyon,8482487,J. Dobes
2026-01-31,2025020866,20252026,OTT,NJD,4,1,4,1,REG,34,27,12,8,8476999,L. Ullmark,8474596,J. Allen
2026-01-31,2025020867,20252026,NYI,NSH,3,4,3,4,REG,30,42,6,18,8478009,I. Sorokin,8477424,J. Saros
2026-01-31,2025020868,20252026,STL,CBJ,3,5,3,5,REG,33,23,4,8,8476412,J. Binnington,8482982,J. Greaves
2026-01-31,2025020869,20252026,VAN,TOR,2,3,2,2,SO,30,41,2,2,8484268,N. Tolopilo,8479361,J. Woll
2026-01-31,2025020870,20252026,UTA,DAL,2,3,2,3,REG,14,32,10,4,8478872,K. Vejmelka,8479193,C. DeSmith
2026-01-31,2025020871,20252026,EDM,MIN,3,7,3,7,REG,42,29,6,4,8477465,T. Jarry,8482661,J. Wallstedt
2026-01-31,2025020872,20252026,VGK,SEA,2,3,2,3,REG,29,22,2,4,8481033,A. Schmid,8478916,J. Daccord
2026-02-01,2025020873,20252026,TBL,BOS,6,5,5,5,SO,46,34,15,25,8476883,A. Vasilevskiy,8480280,J. Swayman
2026-02-01,2025020874,20252026,CAR,LAK,3,2,2,2,OT,34,13,10,14,8483548,B. Bussi,8476341,A. Forsberg
2026-02-01,2025020875,20252026,ANA,VGK,4,3,4,3,REG,23,31,4,4,8480843,L. Dostal,8478499,A. Hill
2026-02-02,2025020876,20252026,FLA,BUF,3,5,3,5,REG,42,20,6,8,8475683,S. Bobrovsky,8479312,A. Lyon
2026-02-02,2025020877,20252026,PIT,OTT,2,3,2,3,REG,16,31,8,2,8481668,A. Silovs,8476999,L. Ullmark
2026-02-02,2025020878,20252026,WSH,NYI,4,1,4,1,REG,25,30,9,13,8483532,C. Stevenson,8479496,D. Rittich
2026-02-02,2025020879,20252026,MIN,MTL,4,3,3,3,OT,24,20,2,6,8479406,F. Gustavsson,8482487,J. Dobes
2026-02-02,2025020880,20252026,NSH,STL,6,5,6,5,REG,28,34,4,4,8481020,J. Annunen,8480981,J. Hofer
2026-02-02,2025020881,20252026,CHI,SJS,6,3,6,3,REG,17,27,8,6,8481519,S. Knight,8482137,Y. Askarov
2026-02-02,2025020882,20252026,DAL,WPG,4,3,3,3,OT,28,27,6,8,8479979,J. Oettinger,8476945,C. Hellebuyck
2026-02-02,2025020883,20252026,COL,DET,0,2,0,2,REG,21,25,14,4,8478406,M. Blackwood,8476434,J. Gibson
2026-02-02,2025020884,20252026,UTA,VAN,6,2,6,2,REG,19,24,16,14,8478872,K. Vejmelka,8480947,K. Lankinen
2026-02-02,2025020885,20252026,CGY,TOR,2,4,2,4,REG,30,22,2,4,8481692,D. Wolf,8479361,J. Woll
2026-02-03,2025020886,20252026,TBL,BUF,4,3,3,3,OT,35,26,6,4,8476883,A. Vasilevskiy,8481551,C. Ellis
2026-02-03,2025020887,20252026,NJD,CBJ,0,3,0,3,REG,24,25,6,8,8474593,J. Markstrom,8478007,E. Merzlikins
2026-02-03,2025020888,20252026,NYI,PIT,5,4,4,4,OT,23,35,4,4,8478009,I. Sorokin,8479973,S. Skinner
2026-02-03,2025020889,20252026,PHI,WSH,4,2,4,2,REG,22,28,2,16,8478435,D. Vladar,8483532,C. Stevenson
2026-02-03,2025020890,20252026,CAR,OTT,4,3,4,3,REG,19,27,6,4,8483548,B. Bussi,8473503,J. Reimer
2026-02-03,2025020891,20252026,EDM,TOR,2,5,2,5,REG,36,27,21,9,8478971,C. Ingram,8476932,A. Stolarz
2026-02-03,2025020892,20252026,ANA,SEA,4,2,4,2,REG,31,28,4,20,8480843,L. Dostal,8475831,P. Grubauer
2026-02-04,2025020893,20252026,FLA,BOS,5,4,4,4,SO,26,29,25,15,8475683,S. Bobrovsky,8476914,J. Korpisalo
2026-02-04,2025020894,20252026,CBJ,CHI,4,0,4,0,REG,20,21,8,4,8482982,J. Greaves,8481519,S. Knight
2026-02-04,2025020895,20252026,WPG,MTL,1,5,1,5,REG,37,27,4,8,8476945,C. Hellebuyck,8478470,S. Montembeault
2026-02-04,2025020896,20252026,NSH,MIN,5,6,5,5,OT,35,43,9,11,8477424,J. Saros,8479406,F. Gustavsson
2026-02-04,2025020897,20252026,COL,SJS,4,2,4,2,REG,42,25,8,8,8478406,M. Blackwood,8482137,Y. Askarov
2026-02-04,2025020898,20252026,UTA,DET,4,1,4,1,REG,25,30,13,11,8478872,K. Vejmelka,8476434,J. Gibson
2026-02-04,2025020899,20252026,DAL,STL,5,4,5,4,REG,28,18,10,8,8479979,J. Oettinger,8476412,J. Binnington
2026-02-04,2025020900,20252026,CGY,EDM,4,3,4,3,REG,25,39,15,13,8482445,D. Cooley,8477465,T. Jarry
2026-02-04,2025020901,20252026,VGK,VAN,5,2,5,2,REG,31,23,2,2,8481033,A. Schmid,8480947,K. Lankinen
2026-02-04,2025020902,20252026,LAK,SEA,2,4,2,4,REG,27,23,16,12,8475311,D. Kuemper,8478916,J. Daccord
2026-02-05,2025020903,20252026,BUF,PIT,2,5,2,5,REG,27,32,11,15,8479312,A. Lyon,8481668,A. Silovs
2026-02-05,2025020904,20252026,TBL,FLA,6,1,6,1,REG,28,34,91,76,8476883,A. Vasilevskiy,8480193,D. Tarasov
2026-02-05,2025020905,20252026,NJD,NYI,1,3,1,3,REG,24,14,2,2,8474596,J. Allen,8478009,I. Sorokin
2026-02-05,2025020906,20252026,NYR,CAR,0,2,0,2,REG,16,43,6,4,8471734,J. Quick,8483548,B. Bussi
2026-02-05,2025020907,20252026,PHI,OTT,1,2,1,1,OT,16,27,2,2,8478435,D. Vladar,8473503,J. Reimer
2026-02-05,2025020908,20252026,WSH,NSH,4,2,4,2,REG,30,29,8,12,8480313,L. Thompson,8481020,J. Annunen
2026-02-05,2025020909,20252026,VGK,LAK,4,1,4,1,REG,22,33,15,9,8478499,A. Hill,8476341,A. Forsberg
2026-02-25,2025020910,20252026,NJD,BUF,1,2,1,2,REG,28,30,11,7,8474596,J. Allen,8480045,U. Luukkonen
2026-02-25,2025020911,20252026,WSH,PHI,3,1,3,1,REG,29,24,4,2,8480313,L. Thompson,8478435,D. Vladar
2026-02-25,2025020912,20252026,TBL,TOR,4,2,4,2,REG,36,34,4,8,8476883,A. Vasilevskiy,8476932,A. Stolarz
2026-02-25,2025020913,20252026,DAL,SEA,4,1,4,1,REG,32,19,15,11,8479193,C. DeSmith,8478916,J. Daccord
2026-02-25,2025020914,20252026,UTA,COL,2,4,2,4,REG,30,26,6,8,8478872,K. Vejmelka,8475809,S. Wedgewood
2026-02-25,2025020915,20252026,VAN,WPG,2,3,2,2,OT,23,28,4,2,8484268,N. Tolopilo,8477480,E. Comrie
2026-02-25,2025020916,20252026,LAK,VGK,4,6,4,6,REG,19,25,19,7,8476341,A. Forsberg,8478499,A. Hill
2026-02-25,2025020917,20252026,ANA,EDM,6,5,6,5,REG,29,27,4,10,8480843,L. Dostal,8477465,T. Jarry
2026-02-26,2025020918,20252026,BOS,CBJ,4,2,4,2,REG,23,40,2,6,8476914,J. Korpisalo,8478007,E. Merzlikins
2026-02-26,2025020919,20252026,MTL,NYI,3,4,3,3,OT,25,26,4,6,8478470,S. Montembeault,8478009,I. Sorokin
2026-02-26,2025020920,20252026,OTT,DET,1,2,1,1,OT,27,20,23,13,8476999,L. Ullmark,8476434,J. Gibson
2026-02-26,2025020921,20252026,FLA,TOR,5,1,5,1,REG,37,30,8,8,8475683,S. Bobrovsky,8479361,J. Woll
2026-02-26,2025020922,20252026,PIT,NJD,4,1,4,1,REG,37,30,8,6,8481668,A. Silovs,8474593,J. Markstrom
2026-02-26,2025020923,20252026,CAR,TBL,5,4,5,4,REG,33,28,4,4,8483548,B. Bussi,8477992,J. Johansson
2026-02-26,2025020924,20252026,NYR,PHI,2,3,2,2,OT,24,24,15,11,8478048,I. Shesterkin,8481035,S. Ersson
2026-02-26,2025020925,20252026,STL,SEA,5,1,5,1,REG,32,24,4,0,8480981,J. Hofer,8475831,P. Grubauer
2026-02-26,2025020926,20252026,NSH,CHI,4,2,4,2,REG,26,23,12,4,8481020,J. Annunen,8481519,S. Knight
2026-02-26,2025020927,20252026,COL,MIN,2,5,2,5,REG,47,36,12,6,8478406,M. Blackwood,8479406,F. Gustavsson
2026-02-26,2025020928,20252026,SJS,CGY,1,4,1,4,REG,35,29,6,4,8482137,Y. Askarov,8481692,D. Wolf
2026-02-26,2025020929,20252026,LAK,EDM,1,8,1,8,REG,22,37,6,4,8476341,A. Forsberg,8478971,C. Ingram
2026-02-27,2025020930,20252026,FLA,BUF,2,3,2,3,REG,29,39,4,6,8480193,D. Tarasov,8479312,A. Lyon
2026-02-27,2025020931,20252026,WSH,VGK,3,2,3,2,REG,30,26,4,8,8480313,L. Thompson,8481033,A. Schmid
2026-02-27,2025020932,20252026,UTA,MIN,5,2,5,2,REG,37,23,6,8,8478872,K. Vejmelka,8482661,J. Wallstedt
2026-02-27,2025020933,20252026,ANA,WPG,5,4,4,4,OT,40,33,13,9,8480843,L. Dostal,8476945,C. Hellebuyck
2026-02-28,2025020934,20252026,NYR,PIT,3,2,2,2,SO,25,34,16,4,8478048,I. Shesterkin,8479973,S. Skinner
2026-02-28,2025020935,20252026,PHI,BOS,3,1,3,1,REG,17,27,11,9,8478435,D. Vladar,8480280,J. Swayman
2026-02-28,2025020936,20252026,SJS,EDM,5,4,5,4,REG,33,24,6,4,8482137,Y. Askarov,8478971,C. Ingram
2026-02-28,2025020937,20252026,CBJ,NYI,3,4,3,3,OT,30,27,2,0,8482982,J. Greaves,8478009,I. Sorokin
2026-02-28,2025020938,20252026,COL,CHI,3,1,3,1,REG,35,15,8,8,8478406,M. Blackwood,8481519,S. Knight
2026-02-28,2025020939,20252026,TOR,OTT,2,5,2,5,REG,23,40,25,15,8479361,J. Woll,8476999,L. Ullmark
2026-02-28,2025020940,20252026,MTL,WSH,6,2,6,2,REG,25,29,10,8,8482487,J. Dobes,8479292,C. Lindgren
2026-02-28,2025020941,20252026,TBL,BUF,2,6,2,6,REG,38,35,28,12,8477992,J. Johansson,8480045,U. Luukkonen
2026-02-28,2025020942,20252026,CAR,DET,5,2,5,2,REG,36,29,4,10,8475883,F. Andersen,8475660,C. Talbot
2026-02-28,2025020943,20252026,STL,NJD,1,3,1,3,REG,26,33,4,6,8476412,J. Binnington,8474593,J. Markstrom
2026-02-28,2025020944,20252026,LAK,CGY,2,0,2,0,REG,37,29,0,0,8476341,A. Forsberg,8481692,D. Wolf
2026-02-28,2025020945,20252026,DAL,NSH,3,2,2,2,OT,25,27,11,11,8479979,J. Oettinger,8477424,J. Saros
2026-02-28,2025020946,20252026,SEA,VAN,5,1,5,1,REG,25,28,6,16,8478916,J. Daccord,8480947,K. Lankinen
2026-03-01,2025020947,20252026,PIT,VGK,5,0,5,0,REG,22,22,9,11,8481668,A. Silovs,8478499,A. Hill
2026-03-01,2025020948,20252026,NYI,FLA,5,4,5,4,REG,26,33,6,2,8479496,D. Rittich,8475683,S. Bobrovsky
2026-03-01,2025020949,20252026,UTA,CHI,0,4,0,4,REG,22,28,18,6,8478872,K. Vejmelka,8482821,A. Soderblom
2026-03-01,2025020950,20252026,SJS,WPG,2,1,1,1,OT,33,28,6,8,8477968,A. Nedeljkovic,8476945,C. Hellebuyck
2026-03-01,2025020951,20252026,MIN,STL,1,3,1,3,REG,23,24,2,4,8479406,F. Gustavsson,8480981,J. Hofer
2026-03-01,2025020952,20252026,ANA,CGY,3,2,2,2,SO,36,34,6,10,8480843,L. Dostal,8482445,D. Cooley
2026-03-02,2025020953,20252026,NYR,CBJ,4,5,4,4,OT,33,29,0,2,8478048,I. Shesterkin,8478007,E. Merzlikins
2026-03-02,2025020954,20252026,TOR,PHI,2,3,2,2,SO,31,25,6,4,8476932,A. Stolarz,8478435,D. Vladar
2026-03-02,2025020955,20252026,NSH,DET,2,4,2,4,REG,30,31,4,6,8477424,J. Saros,8475660,C. Talbot
2026-03-02,2025020956,20252026,VAN,DAL,1,6,1,6,REG,14,37,4,4,8484268,N. Tolopilo,8479979,J. Oettinger
2026-03-02,2025020957,20252026,SEA,CAR,2,1,2,1,REG,15,36,2,6,8478916,J. Daccord,8475883,F. Andersen
2026-03-02,2025020958,20252026,LAK,COL,2,4,2,4,REG,21,39,4,4,8476341,A. Forsberg,8478406,M. Blackwood
2026-03-03,2025020959,20252026,BOS,PIT,2,1,2,1,REG,28,35,4,6,8480280,J. Swayman,8479973,S. Skinner
2026-03-03,2025020960,20252026,BUF,VGK,3,2,3,2,REG,28,29,2,2,8479312,A. Lyon,8481033,A. Schmid
2026-03-03,2025020961,20252026,NJD,FLA,5,1,5,1,REG,33,21,10,10,8474593,J. Markstrom,8475683,S. Bobrovsky
2026-03-03,2025020962,20252026,WSH,UTA,2,3,2,3,REG,25,23,4,4,8480313,L. Thompson,8478872,K. Vejmelka
2026-03-03,2025020963,20252026,CBJ,NSH,3,2,3,2,REG,27,25,4,6,8482982,J. Greaves,8481020,J. Annunen
2026-03-03,2025020964,20252026,WPG,CHI,3,2,2,2,OT,32,19,6,4,8476945,C. Hellebuyck,8481519,S. Knight
2026-03-03,2025020965,20252026,CGY,DAL,1,6,1,6,REG,21,35,12,8,8482445,D. Cooley,8479193,C. DeSmith
2026-03-03,2025020966,20252026,EDM,OTT,5,4,4,4,OT,37,21,11,11,8478971,C. Ingram,8476999,L. Ullmark
2026-03-03,2025020967,20252026,MIN,TBL,5,1,5,1,REG,22,25,8,18,8479406,F. Gustavsson,8476883,A. Vasilevskiy
2026-03-03,2025020968,20252026,ANA,COL,1,5,1,5,REG,28,26,6,6,8480843,L. Dostal,8475809,S. Wedgewood
2026-03-03,2025020969,20252026,SJS,MTL,7,5,7,5,REG,28,36,14,10,8482137,Y. Askarov,8482487,J. Dobes
2026-03-04,2025020970,20252026,DET,VGK,3,4,3,3,OT,26,25,4,8,8475660,C. Talbot,8478499,A. Hill
2026-03-04,2025020971,20252026,NJD,TOR,4,3,3,3,SO,47,27,6,6,8474593,J. Markstrom,8476932,A. Stolarz
2026-03-04,2025020972,20252026,VAN,CAR,4,6,4,6,REG,22,33,8,10,8480947,K. Lankinen,8483548,B. Bussi
2026-03-04,2025020973,20252026,ANA,NYI,5,1,5,1,REG,26,43,8,8,8478024,V. Husso,8479496,D. Rittich
2026-03-04,2025020974,20252026,SEA,STL,2,3,2,3,REG,36,27,4,8,8475831,P. Grubauer,8480981,J. Hofer
2026-03-05,2025020975,20252026,NYR,TOR,6,2,6,2,REG,24,32,2,4,8478048,I. Shesterkin,8479361,J. Woll
2026-03-05,2025020976,20252026,PHI,UTA,0,3,0,3,REG,16,23,4,6,8478435,D. Vladar,8477970,V. Vanecek
2026-03-05,2025020977,20252026,PIT,BUF,1,5,1,5,REG,28,26,23,10,8481668,A. Silovs,8480045,U. Luukkonen
2026-03-05,2025020978,20252026,CBJ,FLA,4,2,4,2,REG,28,28,8,8,8482982,J. Greaves,8480193,D. Tarasov
2026-03-05,2025020979,20252026,NSH,BOS,6,3,6,3,REG,29,23,10,10,8477424,J. Saros,8476914,J. Korpisalo
2026-03-05,2025020980,20252026,WPG,TBL,4,1,4,1,REG,30,27,4,4,8476945,C. Hellebuyck,8476883,A. Vasilevskiy
2026-03-05,2025020981,20252026,CGY,OTT,1,4,1,4,REG,20,37,8,6,8482445,D. Cooley,8476999,L. Ullmark
2026-03-05,2025020982,20252026,LAK,NYI,5,3,5,3,REG,35,35,2,6,8475311,D. Kuemper,8478009,I. Sorokin
2026-03-06,2025020983,20252026,DET,FLA,1,3,1,3,REG,29,23,6,6,8476434,J. Gibson,8475683,S. Bobrovsky
2026-03-06,2025020984,20252026,DAL,COL,4,5,4,4,SO,21,29,10,6,8479979,J. Oettinger,8475809,S. Wedgewood
2026-03-06,2025020985,20252026,CHI,VAN,3,6,3,6,REG,23,22,10,8,8482821,A. Soderblom,8484268,N. Tolopilo
2026-03-06,2025020986,20252026,EDM,CAR,3,6,3,6,REG,16,32,6,4,8477465,T. Jarry,8475883,F. Andersen
2026-03-06,2025020987,20252026,ANA,MTL,6,5,5,5,SO,33,28,8,4,8480843,L. Dostal,8478470,S. Montembeault
2026-03-06,2025020988,20252026,VGK,MIN,2,4,2,4,REG,31,24,16,26,8481033,A. Schmid,8479406,F. Gustavsson
2026-03-06,2025020989,20252026,SJS,STL,2,3,2,2,OT,25,14,14,14,8477968,A. Nedeljkovic,8476412,J. Binnington
2026-03-07,2025020990,20252026,BOS,WSH,3,1,3,1,REG,30,23,6,12,8480280,J. Swayman,8480313,L. Thompson
2026-03-07,2025020991,20252026,NJD,NYR,6,3,6,3,REG,35,20,10,8,8474593,J. Markstrom,8471734,J. Quick
2026-03-07,2025020992,20252026,BUF,NSH,3,2,3,2,REG,24,25,8,6,8479312,A. Lyon,8477424,J. Saros
2026-03-07,2025020993,20252026,PIT,PHI,3,4,3,3,SO,23,16,9,17,8479973,S. Skinner,8478435,D. Vladar
2026-03-07,2025020994,20252026,TOR,TBL,2,5,2,5,REG,29,33,11,11,8476932,A. Stolarz,8476883,A. Vasilevskiy
2026-03-07,2025020995,20252026,CBJ,UTA,4,5,4,4,OT,31,25,34,16,8478007,E. Merzlikins,8478872,K. Vejmelka
2026-03-07,2025020996,20252026,WPG,VAN,3,2,2,2,OT,36,23,0,4,8476945,C. Hellebuyck,8480947,K. Lankinen
2026-03-07,2025020997,20252026,LAK,MTL,3,4,3,4,REG,39,23,2,6,8475311,D. Kuemper,8482487,J. Dobes
2026-03-07,2025020998,20252026,CGY,CAR,5,4,5,4,REG,25,29,6,8,8481692,D. Wolf,8483548,B. Bussi
2026-03-07,2025020999,20252026,SJS,NYI,1,2,1,1,OT,31,34,6,4,8482137,Y. Askarov,8478009,I. Sorokin
2026-03-07,2025021000,20252026,SEA,OTT,4,7,4,7,REG,21,37,6,23,8478916,J. Daccord,8476999,L. Ullmark
2026-03-08,2025021001,20252026,COL,MIN,3,2,2,2,SO,36,34,8,10,8475809,S. Wedgewood,8482661,J. Wallstedt
2026-03-08,2025021002,20252026,PIT,BOS,5,4,4,4,OT,40,28,8,6,8481668,A. Silovs,8476914,J. Korpisalo
2026-03-08,2025021003,20252026,BUF,TBL,8,7,8,7,REG,42,28,45,57,8480045,U. Luukkonen,8477992,J. Johansson
2026-03-08,2025021004,20252026,DAL,CHI,4,3,3,3,OT,31,19,2,6,8479193,C. DeSmith,8482821,A. Soderblom
2026-03-08,2025021005,20252026,NJD,DET,0,3,0,3,REG,31,30,10,6,8474593,J. Markstrom,8476434,J. Gibson
2026-03-08,2025021006,20252026,ANA,STL,0,4,0,4,REG,22,35,14,27,8478024,V. Husso,8480981,J. Hofer
2026-03-08,2025021007,20252026,VGK,EDM,2,4,2,4,REG,26,19,6,8,8478499,A. Hill,8478971,C. Ingram
2026-03-09,2025021008,20252026,PHI,NYR,2,6,2,6,REG,34,27,8,6,8478435,D. Vladar,8478048,I. Shesterkin
2026-03-09,2025021009,20252026,WSH,CGY,7,3,7,3,REG,29,26,0,6,8480313,L. Thompson,8482445,D. Cooley
2026-03-09,2025021010,20252026,CHI,UTA,3,2,2,2,OT,26,25,4,8,8482123,D. Commesso,8477970,V. Vanecek
2026-03-09,2025021011,20252026,VAN,OTT,0,2,0,2,REG,16,24,6,6,8480947,K. Lankinen,8473503,J. Reimer
2026-03-10,2025021012,20252026,BOS,LAK,2,1,1,1,OT,23,16,9,13,8480280,J. Swayman,8475311,D. Kuemper
2026-03-10,2025021013,20252026,BUF,SJS,6,3,6,3,REG,26,20,18,24,8479312,A. Lyon,8482137,Y. Askarov
2026-03-10,2025021014,20252026,MTL,TOR,3,1,3,1,REG,33,18,11,11,8482487,J. Dobes,8479361,J. Woll
2026-03-10,2025021015,20252026,TBL,CBJ,2,5,2,5,REG,18,32,15,13,8476883,A. Vasilevskiy,8478007,E. Merzlikins
2026-03-10,2025021016,20252026,FLA,DET,4,3,4,3,REG,28,28,4,6,8480193,D. Tarasov,8476434,J. Gibson
2026-03-10,2025021017,20252026,NYR,CGY,4,0,4,0,REG,29,21,4,6,8471734,J. Quick,8481692,D. Wolf
2026-03-10,2025021018,20252026,CAR,PIT,5,4,4,4,SO,44,28,12,12,8475883,F. Andersen,8479973,S. Skinner
2026-03-10,2025021019,20252026,STL,NYI,3,4,3,3,OT,23,49,8,2,8480981,J. Hofer,8478009,I. Sorokin
2026-03-10,2025021020,20252026,DAL,VGK,2,1,2,1,REG,16,27,6,10,8479979,J. Oettinger,8478499,A. Hill
2026-03-10,2025021021,20252026,MIN,UTA,5,0,5,0,REG,30,25,11,13,8479406,F. Gustavsson,8478872,K. Vejmelka
2026-03-10,2025021022,20252026,WPG,ANA,1,4,1,4,REG,13,35,4,6,8476945,C. Hellebuyck,8480843,L. Dostal
2026-03-10,2025021023,20252026,COL,EDM,3,4,3,4,REG,30,24,26,11,8478406,M. Blackwood,8478971,C. Ingram
2026-03-10,2025021024,20252026,SEA,NSH,2,4,2,4,REG,45,27,7,7,8478916,J. Daccord,8477424,J. Saros
2026-03-11,2025021025,20252026,OTT,MTL,2,3,2,3,REG,34,23,6,8,8476999,L. Ullmark,8484170,J. Fowler
2026-03-11,2025021026,20252026,PHI,WSH,4,1,4,1,REG,22,23,14,10,8481035,S. Ersson,8480313,L. Thompson
2026-03-12,2025021027,20252026,BOS,SJS,2,4,2,4,REG,41,28,14,24,8480280,J. Swayman,8477968,A. Nedeljkovic
2026-03-12,2025021028,20252026,BUF,WSH,1,2,1,2,REG,30,22,4,4,8480045,U. Luukkonen,8479292,C. Lindgren
2026-03-12,2025021029,20252026,TOR,ANA,6,4,6,4,REG,28,40,46,41,8479361,J. Woll,8480843,L. Dostal
2026-03-12,2025021030,20252026,TBL,DET,4,1,4,1,REG,29,25,2,2,8476883,A. Vasilevskiy,8476434,J. Gibson
2026-03-12,2025021031,20252026,FLA,CBJ,2,1,1,1,OT,21,31,4,4,8475683,S. Bobrovsky,8478007,E. Merzlikins
2026-03-12,2025021032,20252026,NJD,CGY,4,5,4,5,REG,32,29,0,6,8474593,J. Markstrom,8481692,D. Wolf
2026-03-12,2025021033,20252026,CAR,STL,1,3,1,3,REG,32,17,2,4,8483548,B. Bussi,8476412,J. Binnington
2026-03-12,2025021034,20252026,DAL,EDM,7,2,7,2,REG,27,32,22,24,8479979,J. Oettinger,8477465,T. Jarry
2026-03-12,2025021035,20252026,MIN,PHI,2,3,2,2,SO,23,27,6,6,8482661,J. Wallstedt,8478435,D. Vladar
2026-03-12,2025021036,20252026,WPG,NYR,3,6,3,6,REG,26,17,4,2,8476945,C. Hellebuyck,8478048,I. Shesterkin
2026-03-12,2025021037,20252026,UTA,CHI,2,3,2,2,OT,31,23,4,4,8478872,K. Vejmelka,8481519,S. Knight
2026-03-12,2025021038,20252026,VAN,NSH,4,3,3,3,SO,27,19,6,4,8484268,N. Tolopilo,8477424,J. Saros
2026-03-12,2025021039,20252026,VGK,PIT,6,2,6,2,REG,17,26,12,10,8478499,A. Hill,8481668,A. Silovs
2026-03-12,2025021040,20252026,SEA,COL,1,5,1,5,REG,29,26,6,4,8475831,P. Grubauer,8475809,S. Wedgewood
2026-03-13,2025021041,20252026,NYI,LAK,2,3,2,3,REG,23,27,8,10,8478009,I. Sorokin,8475311,D. Kuemper
2026-03-13,2025021042,20252026,STL,EDM,3,2,2,2,OT,25,38,6,2,8480981,J. Hofer,8478971,C. Ingram
2026-03-14,2025021043,20252026,OTT,ANA,2,0,2,0,REG,28,24,8,8,8476999,L. Ullmark,8478024,V. Husso
2026-03-14,2025021044,20252026,WSH,BOS,2,3,2,2,SO,28,34,12,10,8480313,L. Thompson,8480280,J. Swayman
2026-03-14,2025021045,20252026,WPG,COL,3,1,3,1,REG,19,29,4,2,8476945,C. Hellebuyck,8478406,M. Blackwood
2026-03-14,2025021046,20252026,MIN,NYR,2,4,2,4,REG,48,18,10,18,8479406,F. Gustavsson,8478048,I. Shesterkin
2026-03-14,2025021047,20252026,BUF,TOR,3,2,2,2,SO,33,18,15,19,8479312,A. Lyon,8479361,J. Woll
2026-03-14,2025021048,20252026,MTL,SJS,2,4,2,4,REG,27,22,0,4,8482487,J. Dobes,8477968,A. Nedeljkovic
2026-03-14,2025021049,20252026,TBL,CAR,2,4,2,4,REG,19,35,11,13,8476883,A. Vasilevskiy,8475883,F. Andersen
2026-03-14,2025021050,20252026,NJD,LAK,6,4,6,4,REG,28,31,6,6,8474596,J. Allen,8476341,A. Forsberg
2026-03-14,2025021051,20252026,NYI,CGY,3,2,3,2,REG,27,32,4,2,8479496,D. Rittich,8481692,D. Wolf
2026-03-14,2025021052,20252026,PHI,CBJ,1,2,1,1,SO,19,28,9,15,8478435,D. Vladar,8482982,J. Greaves
2026-03-14,2025021053,20252026,DAL,DET,3,2,2,2,OT,24,24,10,12,8479979,J. Oettinger,8476434,J. Gibson
2026-03-14,2025021054,20252026,UTA,PIT,3,4,3,4,REG,29,23,12,6,8478872,K. Vejmelka,8479973,S. Skinner
2026-03-14,2025021055,20252026,VAN,SEA,2,5,2,5,REG,34,33,6,4,8484268,N. Tolopilo,8475831,P. Grubauer
2026-03-14,2025021056,20252026,VGK,CHI,4,0,4,0,REG,32,21,22,24,8478499,A. Hill,8481519,S. Knight
2026-03-15,2025021057,20252026,WPG,STL,3,2,3,2,REG,16,31,2,6,8477480,E. Comrie,8476412,J. Binnington
2026-03-15,2025021058,20252026,OTT,SJS,7,4,7,4,REG,24,23,4,6,8476999,L. Ullmark,8476316,L. Brossoit
2026-03-15,2025021059,20252026,MTL,ANA,3,4,3,4,REG,30,28,4,10,8484170,J. Fowler,8480843,L. Dostal
2026-03-15,2025021060,20252026,MIN,TOR,2,4,2,4,REG,38,26,6,8,8482661,J. Wallstedt,8476932,A. Stolarz
2026-03-15,2025021061,20252026,EDM,NSH,3,1,3,1,REG,30,27,13,13,8478971,C. Ingram,8481020,J. Annunen
2026-03-15,2025021062,20252026,SEA,FLA,6,2,6,2,REG,25,25,8,8,8478916,J. Daccord,8480193,D. Tarasov
2026-03-16,2025021063,20252026,DET,CGY,5,2,5,2,REG,25,27,13,17,8476434,J. Gibson,8481692,D. Wolf
2026-03-16,2025021064,20252026,NJD,BOS,4,3,3,3,OT,34,22,20,18,8474593,J. Markstrom,8476914,J. Korpisalo
2026-03-16,2025021065,20252026,NYR,LAK,1,4,1,4,REG,22,26,4,4,8478048,I. Shesterkin,8475311,D. Kuemper
2026-03-16,2025021066,20252026,DAL,UTA,3,6,3,6,REG,30,22,16,16,8479193,C. DeSmith,8477970,V. Vanecek
2026-03-16,2025021067,20252026,COL,PIT,2,7,2,7,REG,27,20,11,15,8478406,M. Blackwood,8481668,A. Silovs
2026-03-17,2025021068,20252026,TOR,NYI,1,3,1,3,REG,27,34,17,11,8479361,J. Woll,8478009,I. Sorokin
2026-03-17,2025021069,20252026,MTL,BOS,3,2,2,2,OT,31,28,8,2,8482487,J. Dobes,8480280,J. Swayman
2026-03-17,2025021070,20252026,CBJ,CAR,5,1,5,1,REG,30,29,9,17,8482982,J. Greaves,8483548,B. Bussi
2026-03-17,2025021071,20252026,WPG,NSH,3,4,3,3,SO,39,23,2,8,8476945,C. Hellebuyck,8477424,J. Saros
2026-03-17,2025021072,20252026,CHI,MIN,3,4,3,3,OT,26,37,2,4,8481519,S. Knight,8479406,F. Gustavsson
2026-03-17,2025021073,20252026,EDM,SJS,5,3,5,3,REG,37,30,2,8,8478971,C. Ingram,8477968,A. Nedeljkovic
2026-03-17,2025021074,20252026,VAN,FLA,5,2,5,2,REG,22,23,24,28,8480947,K. Lankinen,8475683,S. Bobrovsky
2026-03-17,2025021075,20252026,VGK,BUF,0,2,0,2,REG,29,25,6,8,8478499,A. Hill,8480045,U. Luukkonen
2026-03-17,2025021076,20252026,SEA,TBL,2,6,2,6,REG,18,26,11,11,8475831,P. Grubauer,8476883,A. Vasilevskiy
2026-03-18,2025021077,20252026,NYR,NJD,3,6,3,6,REG,18,39,8,4,8471734,J. Quick,8474593,J. Markstrom
2026-03-18,2025021078,20252026,CAR,PIT,6,5,5,5,OT,44,35,10,6,8475883,F. Andersen,8479973,S. Skinner
2026-03-18,2025021079,20252026,WSH,OTT,4,1,4,1,REG,25,35,6,4,8480313,L. Thompson,8476999,L. Ullmark
2026-03-18,2025021080,20252026,COL,DAL,1,2,1,1,SO,34,18,4,6,8475809,S. Wedgewood,8479979,J. Oettinger
2026-03-18,2025021081,20252026,CGY,STL,2,1,1,1,SO,31,26,10,14,8482445,D. Cooley,8480981,J. Hofer
2026-03-18,2025021082,20252026,ANA,PHI,2,3,2,2,OT,36,28,15,15,8480843,L. Dostal,8478435,D. Vladar
2026-03-19,2025021083,20252026,BOS,WPG,6,1,6,1,REG,27,24,8,2,8480280,J. Swayman,8476945,C. Hellebuyck
2026-03-19,2025021084,20252026,OTT,NYI,3,2,3,2,REG,27,19,18,14,8473503,J. Reimer,8478009,I. Sorokin
2026-03-19,2025021085,20252026,DET,MTL,3,1,3,1,REG,28,33,8,8,8476434,J. Gibson,8482487,J. Dobes
2026-03-19,2025021086,20252026,CBJ,NYR,6,3,6,3,REG,37,25,12,8,8482982,J. Greaves,8478048,I. Shesterkin
2026-03-19,2025021087,20252026,NSH,SEA,3,1,3,1,REG,28,26,6,6,8481020,J. Annunen,8478916,J. Daccord
2026-03-19,2025021088,20252026,MIN,CHI,1,2,1,2,REG,29,26,18,18,8482661,J. Wallstedt,8481519,S. Knight
2026-03-19,2025021089,20252026,EDM,FLA,0,4,0,4,REG,21,23,4,4,8478971,C. Ingram,8475683,S. Bobrovsky
2026-03-19,2025021090,20252026,VAN,TBL,2,6,2,6,REG,21,31,2,4,8480947,K. Lankinen,8476883,A. Vasilevskiy
2026-03-19,2025021091,20252026,VGK,UTA,0,4,0,4,REG,28,18,9,9,8481033,A. Schmid,8478872,K. Vejmelka
2026-03-19,2025021092,20252026,SJS,BUF,0,5,0,5,REG,23,16,4,4,8477968,A. Nedeljkovic,8479312,A. Lyon
2026-03-19,2025021093,20252026,LAK,PHI,3,4,3,3,SO,25,20,4,8,8475311,D. Kuemper,8481035,S. Ersson
2026-03-20,2025021094,20252026,TOR,CAR,3,4,3,3,OT,26,36,10,4,8479361,J. Woll,8483548,B. Bussi
2026-03-20,2025021095,20252026,WSH,NJD,2,1,2,1,REG,28,31,4,2,8480313,L. Thompson,8474596,J. Allen
2026-03-20,2025021096,20252026,CHI,COL,1,4,1,4,REG,20,49,10,6,8482821,A. Soderblom,8478406,M. Blackwood
2026-03-20,2025021097,20252026,CGY,FLA,4,1,4,1,REG,36,25,6,25,8481692,D. Wolf,8480193,D. Tarasov
2026-03-20,2025021098,20252026,UTA,ANA,1,4,1,4,REG,30,24,17,21,8477970,V. Vanecek,8480843,L. Dostal
2026-03-21,2025021099,20252026,PIT,WPG,5,4,4,4,SO,32,25,0,4,8481668,A. Silovs,8476945,C. Hellebuyck
2026-03-21,2025021100,20252026,NSH,VGK,4,1,4,1,REG,20,40,12,12,8481020,J. Annunen,8481033,A. Schmid
2026-03-21,2025021101,20252026,MIN,DAL,2,1,1,1,OT,28,30,12,6,8479406,F. Gustavsson,8479979,J. Oettinger
2026-03-21,2025021102,20252026,LAK,BUF,1,4,1,4,REG,27,33,0,6,8476341,A. Forsberg,8480045,U. Luukkonen
2026-03-21,2025021103,20252026,SJS,PHI,1,4,1,4,REG,25,28,20,16,8477968,A. Nedeljkovic,8478435,D. Vladar
2026-03-21,2025021104,20252026,CBJ,SEA,5,2,5,2,REG,28,17,2,6,8478007,E. Merzlikins,8478916,J. Daccord
2026-03-21,2025021105,20252026,MTL,NYI,7,3,7,3,REG,36,22,28,30,8484170,J. Fowler,8478009,I. Sorokin
2026-03-21,2025021106,20252026,OTT,TOR,5,2,5,2,REG,44,14,8,10,8476999,L. Ullmark,8479361,J. Woll
2026-03-21,2025021107,20252026,VAN,STL,1,3,1,3,REG,15,21,6,4,8480947,K. Lankinen,8476412,J. Binnington
2026-03-21,2025021108,20252026,DET,BOS,2,4,2,4,REG,44,27,6,8,8476434,J. Gibson,8480280,J. Swayman
2026-03-21,2025021109,20252026,EDM,TBL,2,5,2,5,REG,27,28,18,18,8478971,C. Ingram,8476883,A. Vasilevskiy
2026-03-22,2025021110,20252026,NYR,WPG,2,3,2,2,SO,29,37,8,6,8482193,D. Garand,8477480,E. Comrie
2026-03-22,2025021111,20252026,WSH,COL,2,3,2,2,OT,22,24,4,10,8480313,L. Thompson,8478406,M. Blackwood
2026-03-22,2025021112,20252026,PIT,CAR,1,5,1,5,REG,19,26,14,8,8479973,S. Skinner,8475883,F. Andersen
2026-03-22,2025021113,20252026,CHI,NSH,2,3,2,2,OT,29,33,6,6,8481519,S. Knight,8477424,J. Saros
2026-03-22,2025021114,20252026,NYI,CBJ,1,0,1,0,REG,22,26,0,6,8478009,I. Sorokin,8482982,J. Greaves
2026-03-22,2025021115,20252026,DAL,VGK,2,3,2,3,REG,15,33,6,6,8479193,C. DeSmith,8478499,A. Hill
2026-03-22,2025021116,20252026,CGY,TBL,4,3,3,3,OT,29,35,2,0,8482445,D. Cooley,8477992,J. Johansson
2026-03-22,2025021117,20252026,ANA,BUF,6,5,5,5,OT,33,29,6,6,8478024,V. Husso,8479312,A. Lyon
2026-03-22,2025021118,20252026,UTA,LAK,4,3,3,3,OT,34,36,2,2,8478872,K. Vejmelka,8475311,D. Kuemper
2026-03-23,2025021119,20252026,NYR,OTT,1,2,1,2,REG,10,33,16,6,8478048,I. Shesterkin,8473503,J. Reimer
2026-03-24,2025021120,20252026,BOS,TOR,2,4,2,4,REG,20,35,16,17,8480280,J. Swayman,8476932,A. Stolarz
2026-03-24,2025021121,20252026,MTL,CAR,5,2,5,2,REG,19,43,6,8,8482487,J. Dobes,8475883,F. Andersen
2026-03-24,2025021122,20252026,DET,OTT,2,3,2,3,REG,35,21,11,15,8476434,J. Gibson,8476999,L. Ullmark
2026-03-24,2025021123,20252026,FLA,SEA,5,4,4,4,SO,24,27,2,2,8475683,S. Bobrovsky,8478916,J. Daccord
2026-03-24,2025021124,20252026,NYI,CHI,3,4,3,4,REG,47,24,4,4,8478009,I. Sorokin,8482821,A. Soderblom
2026-03-24,2025021125,20252026,PHI,CBJ,2,3,2,3,REG,26,19,11,9,8478435,D. Vladar,8482982,J. Greaves
2026-03-24,2025021126,20252026,PIT,COL,2,6,2,6,REG,32,30,8,10,8481668,A. Silovs,8475809,S. Wedgewood
2026-03-24,2025021127,20252026,TBL,MIN,6,3,6,3,REG,25,24,20,20,8476883,A. Vasilevskiy,8479406,F. Gustavsson
2026-03-24,2025021128,20252026,STL,WSH,3,0,3,0,REG,27,21,15,28,8480981,J. Hofer,8480313,L. Thompson
2026-03-24,2025021129,20252026,NSH,SJS,6,3,6,3,REG,19,30,8,4,8477424,J. Saros,8477968,A. Nedeljkovic
2026-03-24,2025021130,20252026,DAL,NJD,4,6,4,6,REG,27,25,6,8,8479193,C. DeSmith,8474596,J. Allen
2026-03-24,2025021131,20252026,WPG,VGK,4,1,4,1,REG,21,27,13,13,8476945,C. Hellebuyck,8478499,A. Hill
2026-03-24,2025021132,20252026,UTA,EDM,2,5,2,5,REG,18,26,0,4,8478872,K. Vejmelka,8477465,T. Jarry
2026-03-24,2025021133,20252026,CGY,LAK,3,2,2,2,SO,23,25,4,6,8481692,D. Wolf,8475311,D. Kuemper
2026-03-24,2025021134,20252026,VAN,ANA,3,5,3,5,REG,30,34,6,6,8480947,K. Lankinen,8480843,L. Dostal
2026-03-25,2025021135,20252026,BUF,BOS,3,4,3,3,OT,25,31,8,10,8480045,U. Luukkonen,8476914,J. Korpisalo
2026-03-25,2025021136,20252026,TOR,NYR,4,3,4,3,REG,18,43,8,4,8479361,J. Woll,8478048,I. Shesterkin
2026-03-26,2025021137,20252026,MTL,CBJ,2,1,2,1,REG,20,26,4,6,8482487,J. Dobes,8482982,J. Greaves
2026-03-26,2025021138,20252026,OTT,PIT,3,4,3,3,SO,29,40,4,2,8476999,L. Ullmark,8479973,S. Skinner
2026-03-26,2025021139,20252026,TBL,SEA,3,4,3,3,OT,33,20,13,13,8476883,A. Vasilevskiy,8475831,P. Grubauer
2026-03-26,2025021140,20252026,FLA,MIN,2,3,2,3,REG,20,50,2,2,8480193,D. Tarasov,8482661,J. Wallstedt
2026-03-26,2025021141,20252026,NYI,DAL,2,1,2,1,REG,25,27,4,6,8478009,I. Sorokin,8479979,J. Oettinger
2026-03-26,2025021142,20252026,PHI,CHI,5,1,5,1,REG,42,26,6,8,8481035,S. Ersson,8481519,S. Knight
2026-03-26,2025021143,20252026,STL,SJS,2,1,1,1,OT,23,25,9,21,8480981,J. Hofer,8477968,A. Nedeljkovic
2026-03-26,2025021144,20252026,NSH,NJD,2,4,2,4,REG,17,30,24,2,8481020,J. Annunen,8474593,J. Markstrom
2026-03-26,2025021145,20252026,WPG,COL,2,3,2,3,REG,24,35,13,15,8476945,C. Hellebuyck,8478406,M. Blackwood
2026-03-26,2025021146,20252026,UTA,WSH,4,7,4,7,REG,40,25,50,32,8477970,V. Vanecek,8480313,L. Thompson
2026-03-26,2025021147,20252026,CGY,ANA,2,3,2,2,OT,25,33,6,2,8482445,D. Cooley,8478024,V. Husso
2026-03-26,2025021148,20252026,VGK,EDM,3,4,3,3,OT,29,29,13,15,8478499,A. Hill,8478971,C. Ingram
2026-03-26,2025021149,20252026,VAN,LAK,0,4,0,4,REG,19,38,39,29,8480947,K. Lankinen,8475311,D. Kuemper
2026-03-27,2025021150,20252026,BUF,DET,2,5,2,5,REG,30,20,14,8,8479312,A. Lyon,8476434,J. Gibson
2026-03-27,2025021151,20252026,NYR,CHI,6,1,6,1,REG,38,28,13,13,8482193,D. Garand,8482821,A. Soderblom
2026-03-28,2025021152,20252026,TBL,OTT,4,2,4,2,REG,27,28,6,10,8476883,A. Vasilevskiy,8473503,J. Reimer
2026-03-28,2025021153,20252026,NYI,FLA,5,2,5,2,REG,40,21,2,6,8478009,I. Sorokin,8480193,D. Tarasov
2026-03-28,2025021154,20252026,EDM,ANA,4,2,4,2,REG,34,33,6,6,8478971,C. Ingram,8480843,L. Dostal
2026-03-28,2025021155,20252026,BOS,MIN,6,3,6,3,REG,31,34,13,11,8480280,J. Swayman,8479406,F. Gustavsson
2026-03-28,2025021156,20252026,PIT,DAL,3,6,3,6,REG,12,26,8,6,8479973,S. Skinner,8479979,J. Oettinger
2026-03-28,2025021157,20252026,CAR,NJD,5,2,5,2,REG,34,19,6,2,8483548,B. Bussi,8474593,J. Markstrom
2026-03-28,2025021158,20252026,CBJ,SJS,2,3,2,3,REG,24,36,4,2,8478007,E. Merzlikins,8477968,A. Nedeljkovic
2026-03-28,2025021159,20252026,BUF,SEA,3,2,2,2,SO,36,34,13,11,8480045,U. Luukkonen,8475831,P. Grubauer
2026-03-28,2025021160,20252026,STL,TOR,5,1,5,1,REG,38,13,6,4,8476412,J. Binnington,8479361,J. Woll
2026-03-28,2025021161,20252026,NSH,MTL,1,4,1,4,REG,24,32,16,8,8477424,J. Saros,8484170,J. Fowler
2026-03-28,2025021162,20252026,COL,WPG,2,4,2,4,REG,23,21,6,8,8478406,M. Blackwood,8476945,C. Hellebuyck
2026-03-28,2025021163,20252026,DET,PHI,3,5,3,5,REG,35,26,16,6,8476434,J. Gibson,8478435,D. Vladar
2026-03-28,2025021164,20252026,LAK,UTA,2,6,2,6,REG,31,28,6,4,8475311,D. Kuemper,8478872,K. Vejmelka
2026-03-28,2025021165,20252026,CGY,VAN,7,3,7,3,REG,23,34,13,11,8481692,D. Wolf,8480947,K. Lankinen
2026-03-28,2025021166,20252026,VGK,WSH,4,5,4,4,SO,29,22,12,8,8478499,A. Hill,8480313,L. Thompson
2026-03-29,2025021167,20252026,NYR,FLA,3,1,3,1,REG,22,27,11,7,8478048,I. Shesterkin,8475683,S. Bobrovsky
2026-03-29,2025021168,20252026,TBL,NSH,3,2,3,2,REG,28,31,18,8,8477992,J. Johansson,8481020,J. Annunen
2026-03-29,2025021169,20252026,CAR,MTL,1,3,1,3,REG,35,18,6,4,8475883,F. Andersen,8482487,J. Dobes
2026-03-29,2025021170,20252026,CBJ,BOS,3,4,3,3,SO,25,39,20,16,8482982,J. Greaves,8480280,J. Swayman
2026-03-29,2025021171,20252026,NJD,CHI,5,3,5,3,REG,40,31,6,4,8474596,J. Allen,8481519,S. Knight
2026-03-29,2025021172,20252026,PHI,DAL,2,1,1,1,OT,30,18,4,6,8481035,S. Ersson,8479193,C. DeSmith
2026-03-30,2025021173,20252026,NYI,PIT,3,8,3,8,REG,23,32,9,11,8478009,I. Sorokin,8481668,A. Silovs
2026-03-30,2025021174,20252026,COL,CGY,9,2,9,2,REG,49,29,2,8,8475809,S. Wedgewood,8482445,D. Cooley
2026-03-30,2025021175,20252026,VGK,VAN,4,2,4,2,REG,34,24,9,11,8478499,A. Hill,8480947,K. Lankinen
2026-03-30,2025021176,20252026,ANA,TOR,4,5,4,4,OT,32,29,32,64,8478024,V. Husso,8476932,A. Stolarz
2026-03-30,2025021177,20252026,SJS,STL,5,4,5,4,REG,29,26,6,8,8482137,Y. Askarov,8480981,J. Hofer
2026-03-31,2025021178,20252026,BOS,DAL,6,3,6,3,REG,24,16,6,4,8476914,J. Korpisalo,8479979,J. Oettinger
2026-03-31,2025021179,20252026,BUF,NYI,4,3,4,3,REG,33,28,13,15,8480045,U. Luukkonen,8478009,I. Sorokin
2026-03-31,2025021180,20252026,TBL,MTL,1,4,1,4,REG,37,23,30,32,8476883,A. Vasilevskiy,8482487,J. Dobes
2026-03-31,2025021181,20252026,FLA,OTT,6,3,6,3,REG,29,26,23,6,8480193,D. Tarasov,8473503,J. Reimer
2026-03-31,2025021182,20252026,NYR,NJD,4,1,4,1,REG,23,23,13,13,8478048,I. Shesterkin,8474593,J. Markstrom
2026-03-31,2025021183,20252026,PIT,DET,5,1,5,1,REG,32,23,9,11,8479973,S. Skinner,8475660,C. Talbot
2026-03-31,2025021184,20252026,WSH,PHI,6,4,6,4,REG,18,24,12,10,8480313,L. Thompson,8478435,D. Vladar
2026-03-31,2025021185,20252026,CBJ,CAR,2,5,2,5,REG,25,33,8,6,8482982,J. Greaves,8483548,B. Bussi
2026-03-31,2025021186,20252026,CHI,WPG,3,4,3,3,OT,21,24,2,4,8481519,S. Knight,8476945,C. Hellebuyck
2026-03-31,2025021187,20252026,EDM,SEA,3,0,3,0,REG,24,27,6,2,8478971,C. Ingram,8475831,P. Grubauer
2026-04-01,2025021188,20252026,COL,VAN,6,8,6,8,REG,30,26,6,4,8478406,M. Blackwood,8480947,K. Lankinen
2026-04-01,2025021189,20252026,LAK,STL,2,1,1,1,OT,26,24,11,11,8476341,A. Forsberg,8476412,J. Binnington
2026-04-01,2025021190,20252026,SJS,ANA,4,3,4,3,REG,21,31,13,11,8482137,Y. Askarov,8480843,L. Dostal
2026-04-02,2025021191,20252026,OTT,BUF,4,1,4,1,REG,24,22,9,19,8476999,L. Ullmark,8480045,U. Luukkonen
2026-04-02,2025021192,20252026,TBL,PIT,6,3,6,3,REG,33,24,10,8,8476883,A. Vasilevskiy,8479973,S. Skinner
2026-04-02,2025021193,20252026,FLA,BOS,2,1,2,1,REG,24,29,4,2,8475683,S. Bobrovsky,8480280,J. Swayman
2026-04-02,2025021194,20252026,NJD,WSH,7,3,7,3,REG,30,32,18,16,8474596,J. Allen,8480313,L. Thompson
2026-04-02,2025021195,20252026,NYR,MTL,2,3,2,3,REG,24,25,4,4,8478048,I. Shesterkin,8484170,J. Fowler
2026-04-02,2025021196,20252026,PHI,DET,2,4,2,4,REG,34,19,4,2,8481035,S. Ersson,8476434,J. Gibson
2026-04-02,2025021197,20252026,CAR,CBJ,5,1,5,1,REG,21,10,8,6,8475883,F. Andersen,8478007,E. Merzlikins
2026-04-02,2025021198,20252026,DAL,WPG,3,0,3,0,REG,21,22,23,19,8479979,J. Oettinger,8476945,C. Hellebuyck
2026-04-02,2025021199,20252026,MIN,VAN,5,2,5,2,REG,39,33,4,4,8479406,F. Gustavsson,8484268,N. Tolopilo
2026-04-02,2025021200,20252026,EDM,CHI,3,1,3,1,REG,39,18,2,6,8477465,T. Jarry,8481519,S. Knight
2026-04-02,2025021201,20252026,VGK,CGY,6,3,6,3,REG,34,22,4,12,8479394,C. Hart,8481692,D. Wolf
2026-04-02,2025021202,20252026,SJS,TOR,4,1,4,1,REG,25,20,2,4,8477968,A. Nedeljkovic,8476932,A. Stolarz
2026-04-02,2025021203,20252026,SEA,UTA,2,6,2,6,REG,27,31,12,6,8478916,J. Daccord,8478872,K. Vejmelka
2026-04-02,2025021204,20252026,LAK,NSH,4,5,4,4,SO,33,34,6,6,8475311,D. Kuemper,8477424,J. Saros
2026-04-03,2025021205,20252026,NYI,PHI,1,4,1,4,REG,22,21,4,6,8478009,I. Sorokin,8478435,D. Vladar
2026-04-03,2025021206,20252026,ANA,STL,2,6,2,6,REG,27,29,10,8,8480843,L. Dostal,8480981,J. Hofer
2026-04-04,2025021207,20252026,NYR,DET,4,1,4,1,REG,20,33,13,9,8471734,J. Quick,8476434,J. Gibson
2026-04-04,2025021208,20252026,OTT,MIN,1,4,1,4,REG,34,23,14,16,8476999,L. Ullmark,8482661,J. Wallstedt
2026-04-04,2025021209,20252026,DAL,COL,0,2,0,2,REG,17,22,4,6,8479193,C. DeSmith,8475809,S. Wedgewood
2026-04-04,2025021210,20252026,TBL,BOS,3,1,3,1,REG,23,22,8,2,8476883,A. Vasilevskiy,8480280,J. Swayman
2026-04-04,2025021211,20252026,PIT,FLA,9,4,9,4,REG,31,23,5,11,8481668,A. Silovs,8480193,D. Tarasov
2026-04-04,2025021212,20252026,NJD,MTL,3,4,3,3,SO,38,29,10,2,8474596,J. Allen,8482487,J. Dobes
2026-04-04,2025021213,20252026,WSH,BUF,6,2,6,2,REG,28,39,20,14,8480313,L. Thompson,8481551,C. Ellis
2026-04-04,2025021214,20252026,CAR,NYI,4,3,4,3,REG,40,16,4,8,8483548,B. Bussi,8478009,I. Sorokin
2026-04-04,2025021215,20252026,CBJ,WPG,1,2,1,2,REG,16,26,2,2,8482982,J. Greaves,8476945,C. Hellebuyck
2026-04-04,2025021216,20252026,VAN,UTA,4,7,4,7,REG,23,25,12,12,8484268,N. Tolopilo,8478872,K. Vejmelka
2026-04-04,2025021217,20252026,LAK,TOR,7,6,6,6,OT,40,20,12,12,8475311,D. Kuemper,8479361,J. Woll
2026-04-04,2025021218,20252026,EDM,VGK,1,5,1,5,REG,32,33,4,6,8478971,C. Ingram,8479394,C. Hart
2026-04-04,2025021219,20252026,ANA,CGY,3,5,3,5,REG,39,20,2,6,8478024,V. Husso,8482445,D. Cooley
2026-04-04,2025021220,20252026,SJS,NSH,3,6,3,6,REG,27,34,14,14,8482137,Y. Askarov,8477424,J. Saros
2026-04-04,2025021221,20252026,SEA,CHI,2,4,2,4,REG,27,31,6,4,8475831,P. Grubauer,8482821,A. Soderblom
2026-04-05,2025021222,20252026,DET,MIN,4,5,4,5,REG,24,20,4,2,8475660,C. Talbot,8479406,F. Gustavsson
2026-04-05,2025021223,20252026,PIT,FLA,5,2,5,2,REG,23,31,21,23,8481668,A. Silovs,8480193,D. Tarasov
2026-04-05,2025021224,20252026,PHI,BOS,2,1,1,1,OT,31,19,4,12,8478435,D. Vladar,8476914,J. Korpisalo
2026-04-05,2025021225,20252026,OTT,CAR,6,3,6,3,REG,31,28,4,4,8476999,L. Ullmark,8475883,F. Andersen
2026-04-05,2025021226,20252026,MTL,NJD,0,3,0,3,REG,18,20,11,45,8484170,J. Fowler,8474593,J. Markstrom
2026-04-05,2025021227,20252026,NYR,WSH,8,1,8,1,REG,33,21,21,23,8478048,I. Shesterkin,8479292,C. Lindgren
2026-04-05,2025021228,20252026,COL,STL,2,3,2,3,REG,28,29,8,6,8478406,M. Blackwood,8480981,J. Hofer
2026-04-06,2025021229,20252026,BUF,TBL,4,2,4,2,REG,30,25,14,12,8480045,U. Luukkonen,8476883,A. Vasilevskiy
2026-04-06,2025021230,20252026,WPG,SEA,6,2,6,2,REG,31,24,0,6,8476945,C. Hellebuyck,8475831,P. Grubauer
2026-04-06,2025021231,20252026,SJS,CHI,3,2,3,2,REG,23,29,6,4,8477968,A. Nedeljkovic,8481519,S. Knight
2026-04-06,2025021232,20252026,LAK,NSH,3,2,2,2,SO,28,31,4,0,8476341,A. Forsberg,8477424,J. Saros
2026-04-07,2025021233,20252026,MTL,FLA,4,3,3,3,SO,32,33,4,8,8482487,J. Dobes,8480193,D. Tarasov
2026-04-07,2025021234,20252026,OTT,TBL,6,2,6,2,REG,32,30,4,6,8476999,L. Ullmark,8477992,J. Johansson
2026-04-07,2025021235,20252026,DET,CBJ,3,4,3,3,SO,37,35,8,4,8476434,J. Gibson,8482982,J. Greaves
2026-04-07,2025021236,20252026,NJD,PHI,1,5,1,5,REG,24,20,4,4,8474593,J. Markstrom,8478435,D. Vladar
2026-04-07,2025021237,20252026,CAR,BOS,6,5,5,5,OT,41,21,2,8,8483548,B. Bussi,8476914,J. Korpisalo
2026-04-07,2025021238,20252026,STL,COL,1,3,1,3,REG,19,37,2,6,8480981,J. Hofer,8475809,S. Wedgewood
2026-04-07,2025021239,20252026,DAL,CGY,4,3,3,3,OT,25,20,4,10,8479979,J. Oettinger,8482445,D. Cooley
2026-04-07,2025021240,20252026,MIN,SEA,5,2,5,2,REG,29,27,13,9,8482661,J. Wallstedt,8478916,J. Daccord
2026-04-07,2025021241,20252026,UTA,EDM,6,5,5,5,OT,31,26,6,6,8478872,K. Vejmelka,8477465,T. Jarry
2026-04-07,2025021242,20252026,VAN,VGK,1,2,1,2,REG,11,29,2,4,8484268,N. Tolopilo,8479394,C. Hart
2026-04-07,2025021243,20252026,ANA,NSH,0,5,0,5,REG,43,25,8,12,8480843,L. Dostal,8481020,J. Annunen
2026-04-08,2025021244,20252026,NYR,BUF,3,5,3,5,REG,20,27,8,6,8478048,I. Shesterkin,8480045,U. Luukkonen
2026-04-08,2025021245,20252026,TOR,WSH,0,4,0,4,REG,22,20,4,6,8479361,J. Woll,8480313,L. Thompson
2026-04-08,2025021246,20252026,SJS,EDM,2,5,2,5,REG,14,26,6,2,8477968,A. Nedeljkovic,8478971,C. Ingram
2026-04-09,2025021247,20252026,BUF,CBJ,5,0,5,0,REG,24,37,8,4,8481551,C. Ellis,8482982,J. Greaves
2026-04-09,2025021248,20252026,MTL,TBL,2,1,2,1,REG,21,18,55,71,8482487,J. Dobes,8476883,A. Vasilevskiy
2026-04-09,2025021249,20252026,OTT,FLA,5,1,5,1,REG,26,23,2,2,8476999,L. Ullmark,8475683,S. Bobrovsky
2026-04-09,2025021250,20252026,DET,PHI,6,3,6,3,REG,22,27,16,12,8476434,J. Gibson,8481035,S. Ersson
2026-04-09,2025021251,20252026,NJD,PIT,2,5,2,5,REG,21,30,2,2,8474596,J. Allen,8479973,S. Skinner
2026-04-09,2025021252,20252026,NYI,TOR,5,3,5,3,REG,44,16,2,20,8478009,I. Sorokin,8482515,A. Akhtyamov
2026-04-09,2025021253,20252026,STL,WPG,2,3,2,3,REG,22,34,2,8,8476412,J. Binnington,8476945,C. Hellebuyck
2026-04-09,2025021254,20252026,DAL,MIN,5,4,5,4,REG,20,31,20,12,8479979,J. Oettinger,8479406,F. Gustavsson
2026-04-09,2025021255,20252026,CHI,CAR,2,7,2,7,REG,25,22,4,10,8481519,S. Knight,8475883,F. Andersen
2026-04-09,2025021256,20252026,COL,CGY,3,1,3,1,REG,41,29,4,6,8478406,M. Blackwood,8481692,D. Wolf
2026-04-09,2025021257,20252026,UTA,NSH,4,1,4,1,REG,27,30,4,16,8478872,K. Vejmelka,8477424,J. Saros
2026-04-09,2025021258,20252026,ANA,SJS,6,1,6,1,REG,30,19,2,8,8480843,L. Dostal,8482137,Y. Askarov
2026-04-09,2025021259,20252026,SEA,VGK,4,3,3,3,SO,33,35,2,2,8478916,J. Daccord,8478499,A. Hill
2026-04-09,2025021260,20252026,LAK,VAN,4,1,4,1,REG,26,25,2,2,8476341,A. Forsberg,8484268,N. Tolopilo
2026-04-11,2025021261,20252026,BOS,TBL,1,2,1,2,REG,21,24,4,4,8480280,J. Swayman,8476883,A. Vasilevskiy
2026-04-11,2025021262,20252026,NYI,OTT,0,3,0,3,REG,23,16,15,15,8478009,I. Sorokin,8476999,L. Ullmark
2026-04-11,2025021263,20252026,PIT,WSH,3,6,3,6,REG,11,32,4,0,8481668,A. Silovs,8480313,L. Thompson
2026-04-11,2025021264,20252026,LAK,EDM,1,0,1,0,REG,21,27,4,4,8476341,A. Forsberg,8478971,C. Ingram
2026-04-11,2025021265,20252026,DET,NJD,3,5,3,5,REG,28,33,0,2,8476434,J. Gibson,8474596,J. Allen
2026-04-11,2025021266,20252026,CHI,STL,3,5,3,5,REG,34,28,2,4,8482821,A. Soderblom,8480981,J. Hofer
2026-04-11,2025021267,20252026,NSH,MIN,2,1,2,1,REG,22,22,4,4,8481020,J. Annunen,8482661,J. Wallstedt
2026-04-11,2025021268,20252026,DAL,NYR,2,0,2,0,REG,19,22,17,15,8479979,J. Oettinger,8478048,I. Shesterkin
2026-04-11,2025021269,20252026,UTA,CAR,1,4,1,4,REG,27,29,11,15,8478872,K. Vejmelka,8475883,F. Andersen
2026-04-11,2025021270,20252026,TOR,FLA,2,6,2,6,REG,19,25,0,2,8479361,J. Woll,8480193,D. Tarasov
2026-04-11,2025021271,20252026,MTL,CBJ,2,5,2,5,REG,22,33,12,12,8482487,J. Dobes,8482982,J. Greaves
2026-04-11,2025021272,20252026,WPG,PHI,1,7,1,7,REG,28,23,4,6,8476945,C. Hellebuyck,8478435,D. Vladar
2026-04-11,2025021273,20252026,SEA,CGY,4,1,4,1,REG,21,27,2,4,8483668,N. Kokko,8482445,D. Cooley
2026-04-11,2025021274,20252026,COL,VGK,2,3,2,2,OT,32,29,6,6,8478406,M. Blackwood,8479394,C. Hart
2026-04-11,2025021275,20252026,SJS,VAN,3,4,3,3,SO,32,41,6,4,8482137,Y. Askarov,8480947,K. Lankinen
2026-04-12,2025021276,20252026,WSH,PIT,3,0,3,0,REG,27,24,4,2,8480313,L. Thompson,8479973,S. Skinner
2026-04-12,2025021277,20252026,NYI,MTL,1,4,1,4,REG,33,22,6,6,8478009,I. Sorokin,8484170,J. Fowler
2026-04-12,2025021278,20252026,CBJ,BOS,2,3,2,3,REG,35,22,0,6,8482982,J. Greaves,8476914,J. Korpisalo
2026-04-12,2025021279,20252026,NJD,OTT,4,3,3,3,OT,30,30,8,8,8482076,N. Daws,8473503,J. Reimer
2026-04-12,2025021280,20252026,ANA,VAN,3,4,3,3,OT,27,26,16,14,8480843,L. Dostal,8484268,N. Tolopilo
2026-04-12,2025021281,20252026,CGY,UTA,4,1,4,1,REG,23,29,4,4,8481692,D. Wolf,8477970,V. Vanecek
2026-04-13,2025021282,20252026,TBL,DET,4,3,3,3,OT,22,30,6,2,8476883,A. Vasilevskiy,8475660,C. Talbot
2026-04-13,2025021283,20252026,FLA,NYR,3,2,3,2,REG,16,27,6,4,8480193,D. Tarasov,8471734,J. Quick
2026-04-13,2025021284,20252026,PHI,CAR,3,2,2,2,SO,23,26,2,4,8478435,D. Vladar,8483548,B. Bussi
2026-04-13,2025021285,20252026,TOR,DAL,5,6,5,6,REG,27,32,6,4,8482515,A. Akhtyamov,8479193,C. DeSmith
2026-04-13,2025021286,20252026,STL,MIN,6,3,6,3,REG,22,31,13,13,8480981,J. Hofer,8479406,F. Gustavsson
2026-04-13,2025021287,20252026,NSH,SJS,2,3,2,3,REG,28,23,2,2,8481020,J. Annunen,8477968,A. Nedeljkovic
2026-04-13,2025021288,20252026,CHI,BUF,1,5,1,5,REG,16,26,4,8,8481519,S. Knight,8480045,U. Luukkonen
2026-04-13,2025021289,20252026,EDM,COL,1,2,1,1,SO,31,32,6,6,8478971,C. Ingram,8475809,S. Wedgewood
2026-04-13,2025021290,20252026,VGK,WPG,6,2,6,2,REG,38,23,14,18,8479394,C. Hart,8476945,C. Hellebuyck
2026-04-13,2025021291,20252026,SEA,LAK,3,5,3,5,REG,33,30,11,7,8483668,N. Kokko,8476341,A. Forsberg
2026-04-14,2025021292,20252026,BOS,NJD,4,0,4,0,REG,26,21,2,0,8480280,J. Swayman,8482076,N. Daws
2026-04-14,2025021293,20252026,NYI,CAR,1,2,1,2,REG,30,21,2,4,8479496,D. Rittich,8483548,B. Bussi
2026-04-14,2025021294,20252026,PHI,MTL,4,2,4,2,REG,25,29,10,4,8481035,S. Ersson,8482487,J. Dobes
2026-04-14,2025021295,20252026,CBJ,WSH,1,2,1,2,REG,28,21,6,0,8482982,J. Greaves,8483532,C. Stevenson
2026-04-14,2025021296,20252026,MIN,ANA,3,2,3,2,REG,20,37,8,4,8482661,J. Wallstedt,8480843,L. Dostal
2026-04-14,2025021297,20252026,UTA,WPG,5,3,5,3,REG,36,24,6,10,8478872,K. Vejmelka,8477480,E. Comrie
2026-04-14,2025021298,20252026,CGY,COL,1,3,1,3,REG,31,38,6,4,8481692,D. Wolf,8478406,M. Blackwood
2026-04-14,2025021299,20252026,STL,PIT,7,5,7,5,REG,31,23,4,6,8476412,J. Binnington,8479973,S. Skinner
2026-04-14,2025021300,20252026,VAN,LAK,4,3,3,3,OT,25,34,11,11,8480947,K. Lankinen,8475311,D. Kuemper
2026-04-15,2025021301,20252026,BUF,DAL,3,4,3,3,SO,24,28,6,6,8481551,C. Ellis,8479979,J. Oettinger
2026-04-15,2025021302,20252026,TBL,NYR,2,4,2,4,REG,31,21,10,10,8477990,B. Halverson,8482193,D. Garand
2026-04-15,2025021303,20252026,FLA,DET,8,1,8,1,REG,28,26,6,2,8480193,D. Tarasov,8476434,J. Gibson
2026-04-15,2025021304,20252026,OTT,TOR,3,1,3,1,REG,38,20,4,6,8473503,J. Reimer,8483710,D. Hildeby
2026-04-15,2025021305,20252026,CHI,SJS,5,2,5,2,REG,24,17,8,6,8481519,S. Knight,8482137,Y. Askarov
2026-04-15,2025021306,20252026,VGK,SEA,4,1,4,1,REG,26,23,0,4,8479394,C. Hart,8483668,N. Kokko
2026-04-16,2025021307,20252026,NSH,ANA,4,5,4,5,REG,21,40,12,6,8477424,J. Saros,8478024,V. Husso
2026-04-16,2025021308,20252026,WPG,SJS,1,6,1,6,REG,27,33,8,16,8477480,E. Comrie,8477968,A. Nedeljkovic
2026-04-16,2025021309,20252026,UTA,STL,3,5,3,5,REG,23,29,4,2,8478872,K. Vejmelka,8480981,J. Hofer
2026-04-16,2025021310,20252026,CGY,LAK,3,1,3,1,REG,20,28,6,8,8482949,A. Sergeev,8476341,A. Forsberg
2026-04-16,2025021311,20252026,EDM,VAN,6,1,6,1,REG,35,12,14,18,8478971,C. Ingram,8480947,K. Lankinen
2026-04-16,2025021312,20252026,COL,SEA,2,0,2,0,REG,35,22,6,10,8475809,S. Wedgewood,8484910,V. Ostman
