Datum,Turnier,Serie,Court,Belag,Runde,BestOf,Sieger,Verlierer,SRang,VRang,S1,V1,S2,V2,S3,V3,S4,V4,S5,V5,SSaetze,VSaetze,SSpiele,VSpiele,Status,QuoteS,QuoteV
2023-12-31,ASB Classic,WTA250,Outdoor,Hard,1st Round,3,Wang Xiy.,Cristian J.,71,87,6,1,5,7,7,6,,,,,2,1,18,14,Completed,1.48,2.61
2024-01-01,ASB Classic,WTA250,Outdoor,Hard,1st Round,3,Avanesyan E.,Barry M.,74,649,7,6,6,2,,,,,,,2,,13,8,Completed,1.04,11.37
2024-01-01,ASB Classic,WTA250,Outdoor,Hard,1st Round,3,Navarro E.,Fruhvirtova L.,31,88,2,6,6,4,6,2,,,,,2,1,14,12,Completed,1.39,2.96
2024-01-01,ASB Classic,WTA250,Outdoor,Hard,1st Round,3,Tsurenko L.,Vickery S.,32,143,7,5,6,4,,,,,,,2,,13,9,Completed,1.47,2.67
2024-01-01,ASB Classic,WTA250,Outdoor,Hard,1st Round,3,Parry D.,Bektas E.,76,91,6,7,7,5,6,3,,,,,2,1,19,15,Completed,2.24,1.64
2024-01-01,ASB Classic,WTA250,Outdoor,Hard,1st Round,3,Bouzkova M.,Frech M.,36,70,6,0,3,6,6,4,,,,,2,1,15,10,Completed,1.28,3.63
2024-01-01,ASB Classic,WTA250,Outdoor,Hard,1st Round,3,Wang Xin.,Putintseva Y.,35,63,6,4,7,5,,,,,,,2,,13,9,Completed,1.84,1.95
2024-01-01,ASB Classic,WTA250,Outdoor,Hard,1st Round,3,Anisimova A.,Pavlyuchenkova A.,373,60,7,5,6,4,,,,,,,2,,13,9,Completed,2.59,1.49
2024-01-01,ASB Classic,WTA250,Outdoor,Hard,1st Round,3,Sun L.,Kessler M.,214,217,6,4,6,3,,,,,,,2,,12,7,Completed,2.04,1.76
2024-01-02,ASB Classic,WTA250,Outdoor,Hard,1st Round,3,Martic P.,Masarova R.,41,65,3,6,6,3,6,3,,,,,2,1,15,12,Completed,1.67,2.2
2024-01-02,ASB Classic,WTA250,Outdoor,Hard,1st Round,3,Fruhvirtova B.,Blinkova A.,117,48,7,5,6,4,,,,,,,2,,13,9,Completed,1.63,2.28
2024-01-02,ASB Classic,WTA250,Outdoor,Hard,1st Round,3,Gracheva V.,Martincova T.,42,156,6,7,7,5,6,2,,,,,2,1,19,14,Completed,2.02,1.78
2024-01-02,ASB Classic,WTA250,Outdoor,Hard,1st Round,3,Gauff C.,Liu C.,3,95,6,4,6,2,,,,,,,2,,12,6,Completed,1.06,8.88
2024-01-02,ASB Classic,WTA250,Outdoor,Hard,1st Round,3,Svitolina E.,Wozniacki C.,25,256,6,4,6,3,,,,,,,2,,12,7,Completed,1.66,2.2
2024-01-02,ASB Classic,WTA250,Outdoor,Hard,1st Round,3,Yuan Y.,Day K.,77,89,7,6,6,7,6,1,,,,,2,1,19,14,Completed,1.56,2.38
2024-01-02,ASB Classic,WTA250,Outdoor,Hard,1st Round,3,Raducanu E.,Ruse E.G.,301,134,6,3,4,6,7,5,,,,,2,1,17,14,Completed,1.82,1.98
2024-01-02,ASB Classic,WTA250,Outdoor,Hard,2nd Round,3,Wang Xiy.,Wang Xin.,71,35,6,3,3,6,7,6,,,,,2,1,16,15,Completed,2.1,1.72
2024-01-03,ASB Classic,WTA250,Outdoor,Hard,2nd Round,3,Navarro E.,Avanesyan E.,31,74,6,1,6,2,,,,,,,2,,12,3,Completed,1.22,4.18
2024-01-03,ASB Classic,WTA250,Outdoor,Hard,2nd Round,3,Bouzkova M.,Anisimova A.,36,373,6,0,6,1,,,,,,,2,,12,1,Completed,1.61,2.29
2024-01-03,ASB Classic,WTA250,Outdoor,Hard,2nd Round,3,Parry D.,Tsurenko L.,76,32,2,6,6,4,6,1,,,,,2,1,14,11,Completed,3.17,1.35
2024-01-03,ASB Classic,WTA250,Outdoor,Hard,2nd Round,3,Martic P.,Yuan Y.,41,77,6,2,6,2,,,,,,,2,,12,4,Completed,1.7,2.14
2024-01-04,ASB Classic,WTA250,Outdoor,Hard,2nd Round,3,Gauff C.,Fruhvirtova B.,3,117,6,3,6,0,,,,,,,2,,12,3,Completed,1.07,8.31
2024-01-04,ASB Classic,WTA250,Outdoor,Hard,2nd Round,3,Gracheva V.,Sun L.,42,214,6,3,6,4,,,,,,,2,,12,7,Completed,1.7,2.13
2024-01-04,ASB Classic,WTA250,Outdoor,Hard,2nd Round,3,Svitolina E.,Raducanu E.,25,301,6,7,7,6,6,1,,,,,2,1,19,14,Completed,1.46,2.69
2024-01-04,ASB Classic,WTA250,Outdoor,Hard,Quarterfinals,3,Navarro E.,Martic P.,31,41,6,4,6,3,,,,,,,2,,12,7,Completed,1.77,2.04
2024-01-05,ASB Classic,WTA250,Outdoor,Hard,Quarterfinals,3,Gauff C.,Gracheva V.,3,42,6,1,6,1,,,,,,,2,,12,2,Completed,1.05,10.58
2024-01-05,ASB Classic,WTA250,Outdoor,Hard,Quarterfinals,3,Wang Xiy.,Parry D.,71,76,6,7,6,3,6,4,,,,,2,1,18,14,Completed,1.42,2.86
2024-01-05,ASB Classic,WTA250,Outdoor,Hard,Quarterfinals,3,Svitolina E.,Bouzkova M.,25,36,6,0,6,3,,,,,,,2,,12,3,Completed,1.88,1.91
2024-01-06,ASB Classic,WTA250,Outdoor,Hard,Semifinals,3,Gauff C.,Navarro E.,3,31,6,3,6,1,,,,,,,2,,12,4,Completed,1.1,6.99
2024-01-06,ASB Classic,WTA250,Outdoor,Hard,Semifinals,3,Svitolina E.,Wang Xiy.,25,71,2,6,6,4,6,3,,,,,2,1,14,13,Completed,1.26,3.85
2024-01-07,ASB Classic,WTA250,Outdoor,Hard,The Final,3,Gauff C.,Svitolina E.,3,25,6,7,6,3,6,3,,,,,2,1,18,13,Completed,1.18,4.86
2023-12-31,Brisbane International,WTA500,Outdoor,Hard,1st Round,3,Andreeva M.,Shnaider D.,58,97,6,2,6,3,,,,,,,2,,12,5,Completed,1.22,4.21
2023-12-31,Brisbane International,WTA500,Outdoor,Hard,1st Round,3,Rodionova Ar.,Trevisan M.,113,46,6,3,6,2,,,,,,,2,,12,5,Completed,2.64,1.48
2023-12-31,Brisbane International,WTA500,Outdoor,Hard,1st Round,3,Kalinskaya A.,Pera B.,80,69,6,2,6,1,,,,,,,2,,12,3,Completed,1.4,2.92
2023-12-31,Brisbane International,WTA500,Outdoor,Hard,1st Round,3,Schmiedlova A.,Dolehide C.,73,45,3,6,6,4,6,2,,,,,2,1,15,12,Completed,2.35,1.59
2023-12-31,Brisbane International,WTA500,Outdoor,Hard,1st Round,3,Giorgi C.,Stearns P.,55,49,5,7,6,2,6,3,,,,,2,1,17,12,Completed,1.79,2.01
2023-12-31,Brisbane International,WTA500,Outdoor,Hard,1st Round,3,Stephens S.,Siniakova K.,44,50,7,5,6,3,,,,,,,2,,13,8,Completed,2.18,1.68
2023-12-31,Brisbane International,WTA500,Outdoor,Hard,1st Round,3,Kostyuk M.,Bogdan A.,38,66,4,6,6,3,6,3,,,,,2,1,16,12,Completed,1.47,2.68
2023-12-31,Brisbane International,WTA500,Outdoor,Hard,1st Round,3,Bucsa C.,Minnen G.,61,64,5,7,6,3,6,1,,,,,2,1,17,11,Completed,1.72,2.11
2024-01-01,Brisbane International,WTA500,Outdoor,Hard,1st Round,3,Osaka N.,Korpatsch T.,,83,6,3,7,6,,,,,,,2,,13,9,Completed,1.31,3.42
2024-01-01,Brisbane International,WTA500,Outdoor,Hard,1st Round,3,Saville D.,Yastremska D.,209,98,6,0,6,4,,,,,,,2,,12,4,Completed,2.79,1.43
2024-01-02,Brisbane International,WTA500,Outdoor,Hard,1st Round,3,Noskova L.,Babos T.,40,192,5,7,7,6,7,6,,,,,2,1,19,19,Completed,1.21,4.33
2024-01-02,Brisbane International,WTA500,Outdoor,Hard,1st Round,3,Bronzetti L.,Krueger A.,52,78,6,4,7,5,,,,,,,2,,13,9,Completed,2.18,1.67
2024-01-02,Brisbane International,WTA500,Outdoor,Hard,1st Round,3,Gadecki O.,Birrell K.,124,115,4,6,6,0,6,4,,,,,2,1,16,10,Completed,1.52,2.51
2024-01-02,Brisbane International,WTA500,Outdoor,Hard,1st Round,3,Burel C.,Sonmez Z.,56,163,6,4,6,2,,,,,,,2,,12,6,Completed,1.36,3.17
2024-01-02,Brisbane International,WTA500,Outdoor,Hard,1st Round,3,Riera J.,Tomova V.,137,75,6,2,6,4,,,,,,,2,,12,6,Completed,2.47,1.54
2024-01-02,Brisbane International,WTA500,Outdoor,Hard,1st Round,3,Collins D.,Baptiste H.,54,129,6,1,4,6,6,3,,,,,2,1,16,10,Completed,1.26,3.82
2024-01-02,Brisbane International,WTA500,Outdoor,Hard,2nd Round,3,Rodionova Ar.,Kenin S.,113,37,7,5,7,6,,,,,,,2,,14,11,Completed,3.68,1.28
2024-01-02,Brisbane International,WTA500,Outdoor,Hard,2nd Round,3,Azarenka V.,Kalinskaya A.,23,80,6,1,7,6,,,,,,,2,,13,7,Completed,1.93,1.87
2024-01-03,Brisbane International,WTA500,Outdoor,Hard,2nd Round,3,Kudermetova V.,Schmiedlova A.,16,73,6,2,6,3,,,,,,,2,,12,5,Completed,1.19,4.58
2024-01-03,Brisbane International,WTA500,Outdoor,Hard,2nd Round,3,Potapova A.,Saville D.,28,209,6,4,3,6,6,4,,,,,2,1,15,14,Completed,1.53,2.49
2024-01-03,Brisbane International,WTA500,Outdoor,Hard,2nd Round,3,Pliskova Ka.,Osaka N.,39,,3,6,7,6,6,4,,,,,2,1,16,16,Completed,2.4,1.56
2024-01-03,Brisbane International,WTA500,Outdoor,Hard,2nd Round,3,Noskova L.,Cirstea S.,40,26,6,4,4,6,6,4,,,,,2,1,16,14,Completed,1.79,2.0
2024-01-03,Brisbane International,WTA500,Outdoor,Hard,2nd Round,3,Sabalenka A.,Bronzetti L.,2,52,6,3,6,0,,,,,,,2,,12,3,Completed,1.04,11.27
2024-01-03,Brisbane International,WTA500,Outdoor,Hard,2nd Round,3,Kasatkina D.,Kostyuk M.,18,38,6,3,6,4,,,,,,,2,,12,7,Completed,1.92,1.87
2024-01-03,Brisbane International,WTA500,Outdoor,Hard,2nd Round,3,Riera J.,Alexandrova E.,137,21,6,3,6,4,,,,,,,2,,12,7,Completed,4.1,1.23
2024-01-03,Brisbane International,WTA500,Outdoor,Hard,2nd Round,3,Ostapenko J.,Giorgi C.,12,55,6,1,6,4,,,,,,,2,,12,5,Completed,1.62,2.28
2024-01-03,Brisbane International,WTA500,Outdoor,Hard,2nd Round,3,Burel C.,Kalinina A.,56,27,6,4,6,1,,,,,,,2,,12,5,Completed,1.96,1.84
2024-01-03,Brisbane International,WTA500,Outdoor,Hard,2nd Round,3,Andreeva M.,Samsonova L.,58,15,6,2,6,1,,,,,,,2,,12,3,Completed,1.82,1.99
2024-01-03,Brisbane International,WTA500,Outdoor,Hard,2nd Round,3,Linette M.,Bucsa C.,22,61,6,3,7,5,,,,,,,2,,13,8,Completed,1.99,1.8
2024-01-03,Brisbane International,WTA500,Outdoor,Hard,2nd Round,3,Mertens E.,Stephens S.,30,44,2,6,6,1,6,3,,,,,2,1,14,10,Completed,1.64,2.23
2024-01-03,Brisbane International,WTA500,Outdoor,Hard,2nd Round,3,Rybakina E.,Gadecki O.,4,124,6,4,6,1,,,,,,,2,,12,5,Completed,1.08,7.89
2024-01-03,Brisbane International,WTA500,Outdoor,Hard,2nd Round,3,Zhu L.,Collins D.,33,54,1,6,6,3,7,6,,,,,2,1,14,15,Completed,3.68,1.28
2024-01-04,Brisbane International,WTA500,Outdoor,Hard,3rd Round,3,Azarenka V.,Burel C.,23,56,7,5,6,2,,,,,,,2,,13,7,Completed,1.44,2.77
2024-01-04,Brisbane International,WTA500,Outdoor,Hard,3rd Round,3,Noskova L.,Riera J.,40,137,6,1,6,7,6,3,,,,,2,1,18,11,Completed,1.4,2.93
2024-01-04,Brisbane International,WTA500,Outdoor,Hard,3rd Round,3,Ostapenko J.,Pliskova Ka.,12,39,6,2,4,6,6,3,,,,,2,1,16,11,Completed,1.54,2.46
2024-01-04,Brisbane International,WTA500,Outdoor,Hard,3rd Round,3,Kasatkina D.,Linette M.,18,22,6,4,6,2,,,,,,,2,,12,6,Completed,1.41,2.86
2024-01-04,Brisbane International,WTA500,Outdoor,Hard,3rd Round,3,Andreeva M.,Rodionova Ar.,58,113,6,1,6,1,,,,,,,2,,12,2,Completed,1.08,7.7
2024-01-04,Brisbane International,WTA500,Outdoor,Hard,3rd Round,3,Potapova A.,Kudermetova V.,28,16,7,5,6,7,6,4,,,,,2,1,19,16,Completed,2.91,1.4
2024-01-04,Brisbane International,WTA500,Outdoor,Hard,3rd Round,3,Rybakina E.,Mertens E.,4,30,6,1,6,0,,,,,,,2,,12,1,Completed,1.27,3.72
2024-01-04,Brisbane International,WTA500,Outdoor,Hard,3rd Round,3,Sabalenka A.,Zhu L.,2,33,6,1,6,0,,,,,,,2,,12,1,Completed,1.04,10.54
2024-01-05,Brisbane International,WTA500,Outdoor,Hard,Quarterfinals,3,Azarenka V.,Ostapenko J.,23,12,6,3,3,6,7,5,,,,,2,1,16,14,Completed,1.91,1.89
2024-01-05,Brisbane International,WTA500,Outdoor,Hard,Quarterfinals,3,Rybakina E.,Potapova A.,4,28,6,1,,,,,,,,,1,,6,1,Retired,1.12,6.16
2024-01-05,Brisbane International,WTA500,Outdoor,Hard,Quarterfinals,3,Noskova L.,Andreeva M.,40,58,7,5,6,3,,,,,,,2,,13,8,Completed,4.02,1.24
2024-01-05,Brisbane International,WTA500,Outdoor,Hard,Quarterfinals,3,Sabalenka A.,Kasatkina D.,2,18,6,1,6,4,,,,,,,2,,12,5,Completed,1.12,6.38
2024-01-06,Brisbane International,WTA500,Outdoor,Hard,Semifinals,3,Rybakina E.,Noskova L.,4,40,6,3,6,2,,,,,,,2,,12,5,Completed,1.17,5.01
2024-01-06,Brisbane International,WTA500,Outdoor,Hard,Semifinals,3,Sabalenka A.,Azarenka V.,2,23,6,2,6,4,,,,,,,2,,12,6,Completed,1.15,5.5
2024-01-07,Brisbane International,WTA500,Outdoor,Hard,The Final,3,Rybakina E.,Sabalenka A.,4,2,6,0,6,3,,,,,,,2,,12,3,Completed,5.0,1.4
2024-01-08,Adelaide International,WTA500,Outdoor,Hard,1st Round,3,Kostyuk M.,Kalinina A.,41,28,7,6,6,1,,,,,,,2,,13,7,Completed,1.66,2.2
2024-01-08,Adelaide International,WTA500,Outdoor,Hard,1st Round,3,Pavlyuchenkova A.,Haddad Maia B.,59,11,6,3,6,4,,,,,,,2,,12,7,Completed,2.2,1.66
2024-01-08,Adelaide International,WTA500,Outdoor,Hard,1st Round,3,Bucsa C.,Paolini J.,61,30,6,3,6,3,,,,,,,2,,12,6,Completed,3.26,1.33
2024-01-08,Adelaide International,WTA500,Outdoor,Hard,1st Round,3,Kalinskaya A.,Krejcikova B.,75,10,7,5,3,6,7,5,,,,,2,1,17,16,Completed,2.08,1.75
2024-01-08,Adelaide International,WTA500,Outdoor,Hard,1st Round,3,Bogdan A.,Boulter K.,66,57,,3,6,4,,,,,,,2,,6,4,Completed,3.35,1.37
2024-01-08,Adelaide International,WTA500,Outdoor,Hard,1st Round,3,Pera B.,Badosa P.,69,74,3,6,6,2,6,3,,,,,2,1,15,11,Completed,2.85,1.42
2024-01-08,Adelaide International,WTA500,Outdoor,Hard,1st Round,3,Siegemund L.,Samsonova L.,89,14,6,7,6,4,6,4,,,,,2,1,18,15,Completed,3.85,1.26
2024-01-09,Adelaide International,WTA500,Outdoor,Hard,1st Round,3,Ostapenko J.,Cirstea S.,12,26,2,6,6,2,6,4,,,,,2,1,14,12,Completed,1.53,2.48
2024-01-09,Adelaide International,WTA500,Outdoor,Hard,1st Round,3,Garcia C.,Preston T.,20,203,6,4,1,6,6,3,,,,,2,1,13,13,Completed,1.15,5.38
2024-01-09,Adelaide International,WTA500,Outdoor,Hard,1st Round,3,Kudermetova V.,Krueger A.,16,78,6,2,7,5,,,,,,,2,,13,7,Completed,1.31,3.44
2024-01-09,Adelaide International,WTA500,Outdoor,Hard,1st Round,3,Siniakova K.,Pliskova Ka.,49,37,6,2,6,1,,,,,,,2,,12,3,Completed,2.08,1.73
2024-01-09,Adelaide International,WTA500,Outdoor,Hard,1st Round,3,Kasatkina D.,Liu C.,15,104,6,4,6,3,,,,,,,2,,12,7,Completed,1.41,2.88
2024-01-09,Adelaide International,WTA500,Outdoor,Hard,1st Round,3,Alexandrova E.,Linette M.,21,24,3,6,7,6,7,5,,,,,2,1,17,17,Completed,1.61,2.3
2024-01-09,Adelaide International,WTA500,Outdoor,Hard,1st Round,3,Townsend T.,Sasnovich A.,80,83,6,3,7,6,,,,,,,2,,13,9,Completed,2.21,1.68
2024-01-10,Adelaide International,WTA500,Outdoor,Hard,2nd Round,3,Pegula J.,Pera B.,5,69,4,6,6,2,6,3,,,,,2,1,16,11,Completed,1.1,6.87
2024-01-10,Adelaide International,WTA500,Outdoor,Hard,2nd Round,3,Siegemund L.,Bogdan A.,89,66,6,4,7,5,,,,,,,2,,13,9,Completed,2.02,1.78
2024-01-10,Adelaide International,WTA500,Outdoor,Hard,2nd Round,3,Pavlyuchenkova A.,Siniakova K.,59,49,2,6,6,3,6,2,,,,,2,1,14,11,Completed,1.79,2.01
2024-01-10,Adelaide International,WTA500,Outdoor,Hard,2nd Round,3,Kostyuk M.,Townsend T.,41,80,6,3,2,6,6,4,,,,,2,1,14,13,Completed,1.52,2.52
2024-01-10,Adelaide International,WTA500,Outdoor,Hard,2nd Round,3,Ostapenko J.,Garcia C.,12,20,6,4,5,7,6,4,,,,,2,1,17,15,Completed,1.59,2.34
2024-01-10,Adelaide International,WTA500,Outdoor,Hard,2nd Round,3,Kasatkina D.,Kalinskaya A.,15,75,5,7,6,4,7,5,,,,,2,1,18,16,Completed,1.67,2.19
2024-01-10,Adelaide International,WTA500,Outdoor,Hard,2nd Round,3,Rybakina E.,Bucsa C.,3,61,6,3,7,5,,,,,,,2,,13,8,Completed,1.06,9.37
2024-01-10,Adelaide International,WTA500,Outdoor,Hard,2nd Round,3,Alexandrova E.,Kudermetova V.,21,16,6,4,6,4,,,,,,,2,,12,8,Completed,2.47,1.53
2024-01-11,Adelaide International,WTA500,Outdoor,Hard,Quarterfinals,3,Ostapenko J.,Kostyuk M.,12,41,7,5,6,3,,,,,,,2,,13,8,Completed,1.52,2.52
2024-01-11,Adelaide International,WTA500,Outdoor,Hard,Quarterfinals,3,Pegula J.,Pavlyuchenkova A.,5,59,6,7,7,5,6,4,,,,,2,1,19,16,Completed,1.33,3.29
2024-01-11,Adelaide International,WTA500,Outdoor,Hard,Quarterfinals,3,Alexandrova E.,Rybakina E.,21,3,6,3,6,3,,,,,,,2,,12,6,Completed,4.31,1.21
2024-01-12,Adelaide International,WTA500,Outdoor,Hard,Semifinals,3,Ostapenko J.,Alexandrova E.,12,21,6,2,7,6,,,,,,,2,,13,8,Completed,1.84,1.97
2024-01-13,Adelaide International,WTA500,Outdoor,Hard,The Final,3,Ostapenko J.,Kasatkina D.,12,15,6,3,6,2,,,,,,,2,,12,5,Completed,1.57,2.4
2024-01-08,Hobart International,WTA250,Outdoor,Hard,1st Round,3,Gracheva V.,Stearns P.,39,48,7,6,3,6,7,5,,,,,2,1,17,17,Completed,2.07,1.74
2024-01-08,Hobart International,WTA250,Outdoor,Hard,1st Round,3,Rus A.,Fruhvirtova L.,50,85,6,3,5,7,6,3,,,,,2,1,17,13,Completed,2.32,1.6
2024-01-08,Hobart International,WTA250,Outdoor,Hard,1st Round,3,Schmiedlova A.,Osorio M.,67,79,1,6,7,6,7,5,,,,,2,1,15,17,Completed,2.26,1.62
2024-01-08,Hobart International,WTA250,Outdoor,Hard,1st Round,3,Mertens E.,Collins D.,29,54,6,2,6,3,,,,,,,2,,12,5,Completed,2.11,1.72
2024-01-08,Hobart International,WTA250,Outdoor,Hard,1st Round,3,Saville D.,Blinkova A.,195,46,3,6,6,4,6,4,,,,,2,1,15,14,Completed,1.81,1.98
2024-01-08,Hobart International,WTA250,Outdoor,Hard,1st Round,3,Zhu L.,Bronzetti L.,33,56,7,5,6,1,,,,,,,2,,13,6,Completed,1.68,2.18
2024-01-09,Hobart International,WTA250,Outdoor,Hard,1st Round,3,Dolehide C.,Sherif M.,44,58,6,1,6,4,,,,,,,2,,12,5,Completed,1.55,2.44
2024-01-09,Hobart International,WTA250,Outdoor,Hard,1st Round,3,Tomova V.,Trevisan M.,77,60,6,3,6,3,,,,,,,2,,12,6,Completed,2.1,1.73
2024-01-09,Hobart International,WTA250,Outdoor,Hard,1st Round,3,Kenin S.,Minnen G.,38,65,6,3,6,3,,,,,,,2,,12,6,Completed,1.43,2.78
2024-01-09,Hobart International,WTA250,Outdoor,Hard,1st Round,3,Putintseva Y.,Cocciaretto E.,64,45,0,6,7,5,7,6,,,,,2,1,14,17,Completed,1.55,2.44
2024-01-09,Hobart International,WTA250,Outdoor,Hard,1st Round,3,Maria T.,Podoroska N.,42,63,6,1,4,3,,,,,,,1,,10,4,Retired,1.86,1.93
2024-01-09,Hobart International,WTA250,Outdoor,Hard,1st Round,3,Yuan Y.,Stephens S.,73,43,6,4,3,6,7,6,,,,,2,1,16,16,Completed,2.47,1.53
2024-01-09,Hobart International,WTA250,Outdoor,Hard,1st Round,3,Bouzkova M.,Golubic V.,35,90,6,2,6,4,,,,,,,2,,12,6,Completed,1.33,3.26
2024-01-09,Hobart International,WTA250,Outdoor,Hard,1st Round,3,Frech M.,Sorribes Tormo S.,72,53,0,6,6,1,6,4,,,,,2,1,12,11,Completed,2.16,1.69
2024-01-09,Hobart International,WTA250,Outdoor,Hard,1st Round,3,Wang Xin.,Gadecki O.,34,121,6,3,3,6,6,3,,,,,2,1,15,12,Completed,1.51,2.55
2024-01-09,Hobart International,WTA250,Outdoor,Hard,1st Round,3,Navarro E.,Burel C.,31,52,4,6,6,3,6,3,,,,,2,1,16,12,Completed,1.69,2.16
2024-01-10,Hobart International,WTA250,Outdoor,Hard,2nd Round,3,Rus A.,Gracheva V.,50,39,6,2,6,3,,,,,,,2,,12,5,Completed,2.12,1.71
2024-01-10,Hobart International,WTA250,Outdoor,Hard,2nd Round,3,Tomova V.,Maria T.,77,42,6,0,6,1,,,,,,,2,,12,1,Completed,1.97,1.82
2024-01-10,Hobart International,WTA250,Outdoor,Hard,2nd Round,3,Mertens E.,Schmiedlova A.,29,67,6,2,6,3,,,,,,,2,,12,5,Completed,1.19,4.6
2024-01-10,Hobart International,WTA250,Outdoor,Hard,2nd Round,3,Zhu L.,Dolehide C.,33,44,5,7,6,3,6,4,,,,,2,1,17,14,Completed,1.55,2.42
2024-01-10,Hobart International,WTA250,Outdoor,Hard,2nd Round,3,Yuan Y.,Wang Xin.,73,34,7,5,6,3,,,,,,,2,,13,8,Completed,2.31,1.6
2024-01-10,Hobart International,WTA250,Outdoor,Hard,2nd Round,3,Navarro E.,Frech M.,31,72,6,3,6,3,,,,,,,2,,12,6,Completed,1.47,2.65
2024-01-10,Hobart International,WTA250,Outdoor,Hard,2nd Round,3,Saville D.,Kenin S.,195,38,7,6,6,1,,,,,,,2,,13,7,Completed,2.47,1.53
2024-01-10,Hobart International,WTA250,Outdoor,Hard,2nd Round,3,Putintseva Y.,Bouzkova M.,64,35,6,4,1,6,6,3,,,,,2,1,13,13,Completed,2.91,1.4
2024-01-11,Hobart International,WTA250,Outdoor,Hard,Quarterfinals,3,Mertens E.,Rus A.,29,50,7,5,6,0,,,,,,,2,,13,5,Completed,1.21,4.35
2024-01-11,Hobart International,WTA250,Outdoor,Hard,Quarterfinals,3,Navarro E.,Tomova V.,31,77,4,6,6,3,6,2,,,,,2,1,16,11,Completed,1.26,3.78
2024-01-11,Hobart International,WTA250,Outdoor,Hard,Quarterfinals,3,Saville D.,Zhu L.,195,33,3,6,6,1,6,4,,,,,2,1,15,11,Completed,1.79,2.02
2024-01-11,Hobart International,WTA250,Outdoor,Hard,Quarterfinals,3,Yuan Y.,Putintseva Y.,73,64,7,5,7,6,,,,,,,2,,14,11,Completed,2.27,1.63
2024-01-12,Hobart International,WTA250,Outdoor,Hard,Semifinals,3,Mertens E.,Saville D.,29,195,6,4,4,6,7,5,,,,,2,1,17,15,Completed,1.33,3.33
2024-01-12,Hobart International,WTA250,Outdoor,Hard,Semifinals,3,Navarro E.,Yuan Y.,31,73,6,4,6,3,,,,,,,2,,12,7,Completed,1.37,3.1
2024-01-13,Hobart International,WTA250,Outdoor,Hard,The Final,3,Navarro E.,Mertens E.,31,29,6,1,4,6,7,5,,,,,2,1,17,12,Completed,2.09,1.74
2024-01-14,Australian Open,Grand Slam,Outdoor,Hard,1st Round,3,Rakhimova K.,Bektas E.,90,89,6,4,6,4,,,,,,,2,,12,8,Completed,1.86,1.95
2024-01-14,Australian Open,Grand Slam,Outdoor,Hard,1st Round,3,Tsurenko L.,Bronzetti L.,33,55,3,6,7,5,6,3,,,,,2,1,16,14,Completed,1.5,2.61
2024-01-14,Australian Open,Grand Slam,Outdoor,Hard,1st Round,3,Fernandez L.A.,Bejlek S.,35,133,7,6,6,2,,,,,,,2,,13,8,Completed,1.27,3.82
2024-01-14,Australian Open,Grand Slam,Outdoor,Hard,1st Round,3,Krejcikova B.,Hontama M.,11,121,2,6,6,4,6,3,,,,,2,1,14,13,Completed,1.17,5.23
2024-01-14,Australian Open,Grand Slam,Outdoor,Hard,1st Round,3,Avanesyan E.,Bai Z.,74,87,4,6,7,5,6,2,,,,,2,1,17,13,Completed,2.47,1.55
2024-01-14,Australian Open,Grand Slam,Outdoor,Hard,1st Round,3,Korpatsch T.,Burrage J.,80,102,2,6,6,3,6,0,,,,,2,1,14,9,Completed,1.75,2.1
2024-01-14,Australian Open,Grand Slam,Outdoor,Hard,1st Round,3,Parks A.,Snigur D.,82,134,2,6,6,2,6,4,,,,,2,1,14,12,Completed,2.06,1.78
2024-01-14,Australian Open,Grand Slam,Outdoor,Hard,1st Round,3,Timofeeva M.,Cornet A.,170,110,6,2,6,4,,,,,,,2,,12,6,Completed,1.74,2.11
2024-01-14,Australian Open,Grand Slam,Outdoor,Hard,1st Round,3,Fruhvirtova B.,Bogdan A.,107,63,2,6,6,4,6,3,,,,,2,1,14,13,Completed,1.65,2.26
2024-01-14,Australian Open,Grand Slam,Outdoor,Hard,1st Round,3,Sakkari M.,Hibino N.,8,88,6,4,6,1,,,,,,,2,,12,5,Completed,1.07,9.12
2024-01-14,Australian Open,Grand Slam,Outdoor,Hard,1st Round,3,Parry D.,Wang Xin.,72,36,6,3,2,6,6,3,,,,,2,1,14,12,Completed,3.06,1.38
2024-01-14,Australian Open,Grand Slam,Outdoor,Hard,1st Round,3,Anisimova A.,Samsonova L.,442,14,6,3,6,4,,,,,,,2,,12,7,Completed,2.93,1.41
2024-01-14,Australian Open,Grand Slam,Outdoor,Hard,1st Round,3,Korneeva A.,Sorribes Tormo S.,179,52,4,6,6,3,6,2,,,,,2,1,16,11,Completed,2.26,1.65
2024-01-14,Australian Open,Grand Slam,Outdoor,Hard,1st Round,3,Dolehide C.,Jeanjean L.,43,143,6,2,6,4,,,,,,,2,,12,6,Completed,1.42,2.9
2024-01-14,Australian Open,Grand Slam,Outdoor,Hard,1st Round,3,Wozniacki C.,Linette M.,252,24,6,2,2,0,,,,,,,1,,8,2,Retired,1.53,2.52
2024-01-14,Australian Open,Grand Slam,Outdoor,Hard,1st Round,3,Sabalenka A.,Seidel E.,2,173,6,0,6,1,,,,,,,2,,12,1,Completed,1.03,13.59
2024-01-15,Australian Open,Grand Slam,Outdoor,Hard,1st Round,3,Noskova L.,Bouzkova M.,50,34,6,1,7,5,,,,,,,2,,13,6,Completed,2.29,1.63
2024-01-15,Australian Open,Grand Slam,Outdoor,Hard,1st Round,3,Hunter S.,Errani S.,180,101,6,4,6,3,,,,,,,2,,12,7,Completed,1.3,3.58
2024-01-15,Australian Open,Grand Slam,Outdoor,Hard,1st Round,3,Podoroska N.,Zidansek T.,65,98,6,1,6,0,,,,,,,2,,12,1,Completed,1.84,1.97
2024-01-15,Australian Open,Grand Slam,Outdoor,Hard,1st Round,3,Gracheva V.,Wickmayer Y.,39,79,6,3,6,4,,,,,,,2,,12,7,Completed,1.63,2.28
2024-01-15,Australian Open,Grand Slam,Outdoor,Hard,1st Round,3,Svitolina E.,Preston T.,23,201,6,2,6,2,,,,,,,2,,12,4,Completed,1.07,8.41
2024-01-15,Australian Open,Grand Slam,Outdoor,Hard,1st Round,3,Tomova V.,Day K.,70,86,6,4,6,2,,,,,,,2,,12,6,Completed,1.49,2.66
2024-01-15,Australian Open,Grand Slam,Outdoor,Hard,1st Round,3,Yastremska D.,Vondrousova M.,93,7,6,1,6,2,,,,,,,2,,12,3,Completed,4.92,1.18
2024-01-15,Australian Open,Grand Slam,Outdoor,Hard,1st Round,3,Gauff C.,Schmiedlova A.,4,68,6,3,6,0,,,,,,,2,,12,3,Completed,1.02,17.12
2024-01-15,Australian Open,Grand Slam,Outdoor,Hard,1st Round,3,Juvan K.,Potapova A.,109,29,6,1,6,4,,,,,,,2,,12,5,Completed,3.26,1.34
2024-01-15,Australian Open,Grand Slam,Outdoor,Hard,1st Round,3,Siegemund L.,Alexandrova E.,78,20,6,2,3,6,7,6,,,,,2,1,16,14,Completed,3.01,1.39
2024-01-15,Australian Open,Grand Slam,Outdoor,Hard,1st Round,3,Maria T.,Osorio M.,42,10,7,5,6,7,6,4,,,,,2,1,19,16,Completed,2.61,1.5
2024-01-15,Australian Open,Grand Slam,Outdoor,Hard,1st Round,3,Kessler M.,Ferro F.,206,153,3,6,6,3,6,2,,,,,2,1,15,11,Completed,2.49,1.54
2024-01-15,Australian Open,Grand Slam,Outdoor,Hard,1st Round,3,Masarova R.,Sasnovich A.,91,81,6,3,6,4,,,,,,,2,,12,7,Completed,2.34,1.6
2024-01-15,Australian Open,Grand Slam,Outdoor,Hard,1st Round,3,Kostyuk M.,Liu C.,37,99,6,3,4,6,6,1,,,,,2,1,16,10,Completed,1.41,2.9
2024-01-15,Australian Open,Grand Slam,Outdoor,Hard,1st Round,3,Pavlyuchenkova A.,Vekic D.,46,25,6,4,6,4,,,,,,,2,,12,8,Completed,1.4,2.97
2024-01-15,Australian Open,Grand Slam,Outdoor,Hard,1st Round,3,Paolini J.,Shnaider D.,31,92,6,3,6,4,,,,,,,2,,12,7,Completed,1.51,2.57
2024-01-15,Australian Open,Grand Slam,Outdoor,Hard,1st Round,3,Mertens E.,Sherif M.,28,58,6,2,2,0,,,,,,,1,,8,2,Retired,1.14,5.69
2024-01-15,Australian Open,Grand Slam,Outdoor,Hard,1st Round,3,Frech M.,Saville D.,69,152,6,7,6,3,7,5,,,,,2,1,19,15,Completed,2.16,1.7
2024-01-15,Australian Open,Grand Slam,Outdoor,Hard,1st Round,3,Siniakova K.,Cristian J.,49,83,6,2,7,5,,,,,,,2,,13,7,Completed,1.33,3.35
2024-01-15,Australian Open,Grand Slam,Outdoor,Hard,1st Round,3,Zakharova A.,Putintseva Y.,190,64,2,6,6,0,6,3,,,,,2,1,14,9,Completed,3.79,1.27
2024-01-15,Australian Open,Grand Slam,Outdoor,Hard,1st Round,3,Golubic V.,Kudermetova V.,85,17,7,6,1,6,6,1,,,,,2,1,14,13,Completed,3.49,1.31
2024-01-15,Australian Open,Grand Slam,Outdoor,Hard,1st Round,3,Jabeur O.,Starodubtseva Y.,6,150,6,3,6,1,,,,,,,2,,12,4,Completed,1.17,5.1
2024-01-15,Australian Open,Grand Slam,Outdoor,Hard,1st Round,3,Badosa P.,Townsend T.,100,73,6,1,6,3,,,,,,,2,,12,4,Completed,1.63,2.29
2024-01-15,Australian Open,Grand Slam,Outdoor,Hard,1st Round,3,Haddad Maia B.,Fruhvirtova L.,12,84,6,2,3,6,6,2,,,,,2,1,15,10,Completed,1.26,3.94
2024-01-15,Australian Open,Grand Slam,Outdoor,Hard,1st Round,3,Rus A.,Kalinina A.,45,30,6,1,6,0,,,,,,,2,,12,1,Completed,2.36,1.59
2024-01-15,Australian Open,Grand Slam,Outdoor,Hard,1st Round,3,Andreeva M.,Pera B.,47,71,7,5,6,2,,,,,,,2,,13,7,Completed,1.17,5.04
2024-01-15,Australian Open,Grand Slam,Outdoor,Hard,1st Round,3,Kalinskaya A.,Volynets K.,75,103,6,3,3,6,6,2,,,,,2,1,15,11,Completed,1.35,3.22
2024-01-15,Australian Open,Grand Slam,Outdoor,Hard,1st Round,3,Garcia C.,Osaka N.,19,831,6,4,7,6,,,,,,,2,,13,10,Completed,2.16,1.7
2024-01-16,Australian Open,Grand Slam,Outdoor,Hard,1st Round,3,Kasatkina D.,Stearns P.,13,48,6,2,3,6,6,2,,,,,2,1,15,10,Completed,1.28,3.72
2024-01-16,Australian Open,Grand Slam,Outdoor,Hard,1st Round,3,Trevisan M.,Zarazua R.,59,97,4,6,6,4,6,2,,,,,2,1,16,12,Completed,1.66,2.23
2024-01-16,Australian Open,Grand Slam,Outdoor,Hard,1st Round,3,Cocciaretto E.,Sun L.,66,193,6,1,7,5,,,,,,,2,,13,6,Completed,1.77,2.06
2024-01-16,Australian Open,Grand Slam,Outdoor,Hard,1st Round,3,Stephens S.,Gadecki O.,44,120,6,3,6,1,,,,,,,2,,12,4,Completed,1.5,2.62
2024-01-16,Australian Open,Grand Slam,Outdoor,Hard,1st Round,3,Swiatek I.,Kenin S.,1,41,7,6,6,2,,,,,,,2,,13,8,Completed,1.03,12.99
2024-01-16,Australian Open,Grand Slam,Outdoor,Hard,1st Round,3,Collins D.,Kerber A.,62,655,6,2,3,6,6,1,,,,,2,1,15,9,Completed,1.37,3.15
2024-01-16,Australian Open,Grand Slam,Outdoor,Hard,1st Round,3,Navarro E.,Wang Xiy.,26,60,6,1,6,7,7,5,,,,,2,1,19,13,Completed,1.5,2.6
2024-01-16,Australian Open,Grand Slam,Outdoor,Hard,1st Round,3,Azarenka V.,Giorgi C.,22,53,6,1,4,6,6,3,,,,,2,1,16,10,Completed,1.3,3.59
2024-01-16,Australian Open,Grand Slam,Outdoor,Hard,1st Round,3,Tauson C.,Minnen G.,96,67,7,5,7,5,,,,,,,2,,14,10,Completed,1.36,3.19
2024-01-16,Australian Open,Grand Slam,Outdoor,Hard,1st Round,3,Dodin O.,Zhu L.,95,32,6,4,6,3,,,,,,,2,,12,7,Completed,3.61,1.29
2024-01-16,Australian Open,Grand Slam,Outdoor,Hard,1st Round,3,Burel C.,Krunic A.,51,687,6,4,6,1,,,,,,,2,,12,5,Completed,1.09,7.76
2024-01-16,Australian Open,Grand Slam,Outdoor,Hard,1st Round,3,Wang Y.,Cirstea S.,94,27,0,6,7,5,6,2,,,,,2,1,13,13,Completed,3.36,1.33
2024-01-16,Australian Open,Grand Slam,Outdoor,Hard,1st Round,3,Blinkova A.,Bucsa C.,57,56,6,2,6,4,,,,,,,2,,12,6,Completed,2.18,1.69
2024-01-16,Australian Open,Grand Slam,Outdoor,Hard,1st Round,3,Boulter K.,Yuan Y.,54,61,7,5,7,6,,,,,,,2,,14,11,Completed,1.64,2.26
2024-01-16,Australian Open,Grand Slam,Outdoor,Hard,1st Round,3,Ostapenko J.,Birrell K.,10,116,7,6,6,1,,,,,,,2,,13,7,Completed,1.13,6.07
2024-01-16,Australian Open,Grand Slam,Outdoor,Hard,1st Round,3,Zheng Q.,Krueger A.,15,76,3,6,6,2,6,3,,,,,2,1,15,11,Completed,1.17,5.06
2024-01-16,Australian Open,Grand Slam,Outdoor,Hard,1st Round,3,Rybakina E.,Pliskova Ka.,3,38,7,6,6,4,,,,,,,2,,13,10,Completed,1.14,5.82
2024-01-16,Australian Open,Grand Slam,Outdoor,Hard,1st Round,3,Raducanu E.,Rogers S.,296,161,6,3,6,2,,,,,,,2,,12,5,Completed,1.32,3.4
2024-01-16,Australian Open,Grand Slam,Outdoor,Hard,1st Round,3,Tomljanovic A.,Martic P.,271,40,7,6,4,6,6,4,,,,,2,1,17,16,Completed,2.02,1.81
2024-01-16,Australian Open,Grand Slam,Outdoor,Hard,1st Round,3,Pegula J.,Marino R.,5,182,6,2,6,4,,,,,,,2,,12,6,Completed,1.07,8.79
2024-01-17,Australian Open,Grand Slam,Outdoor,Hard,2nd Round,3,Timofeeva M.,Wozniacki C.,170,252,1,6,6,4,6,1,,,,,2,1,13,11,Completed,3.79,1.27
2024-01-17,Australian Open,Grand Slam,Outdoor,Hard,2nd Round,3,Andreeva M.,Jabeur O.,47,6,6,0,6,2,,,,,,,2,,12,2,Completed,1.78,2.05
2024-01-17,Australian Open,Grand Slam,Outdoor,Hard,2nd Round,3,Hunter S.,Siegemund L.,180,78,6,4,3,6,6,3,,,,,2,1,15,13,Completed,2.28,1.63
2024-01-17,Australian Open,Grand Slam,Outdoor,Hard,2nd Round,3,Parks A.,Fernandez L.A.,82,35,7,5,6,4,,,,,,,2,,13,9,Completed,5.23,1.16
2024-01-17,Australian Open,Grand Slam,Outdoor,Hard,2nd Round,3,Krejcikova B.,Korpatsch T.,11,80,6,2,6,2,,,,,,,2,,12,4,Completed,1.14,5.89
2024-01-17,Australian Open,Grand Slam,Outdoor,Hard,2nd Round,3,Gauff C.,Dolehide C.,4,43,7,6,6,2,,,,,,,2,,13,8,Completed,1.02,15.4
2024-01-17,Australian Open,Grand Slam,Outdoor,Hard,2nd Round,3,Parry D.,Rakhimova K.,72,90,7,5,6,2,,,,,,,2,,13,7,Completed,2.01,1.8
2024-01-17,Australian Open,Grand Slam,Outdoor,Hard,2nd Round,3,Anisimova A.,Podoroska N.,442,65,6,2,6,3,,,,,,,2,,12,5,Completed,1.31,3.49
2024-01-17,Australian Open,Grand Slam,Outdoor,Hard,2nd Round,3,Haddad Maia B.,Korneeva A.,12,179,6,1,6,2,,,,,,,2,,12,3,Completed,1.35,3.24
2024-01-17,Australian Open,Grand Slam,Outdoor,Hard,2nd Round,3,Zakharova A.,Juvan K.,190,109,6,1,6,1,,,,,,,2,,12,2,Completed,2.43,1.56
2024-01-17,Australian Open,Grand Slam,Outdoor,Hard,2nd Round,3,Frech M.,Garcia C.,69,19,6,4,7,6,,,,,,,2,,13,10,Completed,3.49,1.31
2024-01-17,Australian Open,Grand Slam,Outdoor,Hard,2nd Round,3,Badosa P.,Pavlyuchenkova A.,100,46,6,2,6,3,,,,,,,2,,12,5,Completed,2.22,1.67
2024-01-17,Australian Open,Grand Slam,Outdoor,Hard,2nd Round,3,Sabalenka A.,Fruhvirtova B.,2,107,6,3,6,2,,,,,,,2,,12,5,Completed,1.03,13.13
2024-01-17,Australian Open,Grand Slam,Outdoor,Hard,2nd Round,3,Tsurenko L.,Masarova R.,33,91,6,3,6,4,,,,,,,2,,12,7,Completed,1.51,2.61
2024-01-17,Australian Open,Grand Slam,Outdoor,Hard,2nd Round,3,Kostyuk M.,Mertens E.,37,28,5,7,6,1,7,6,,,,,2,1,18,14,Completed,2.34,1.61
2024-01-17,Australian Open,Grand Slam,Outdoor,Hard,2nd Round,3,Avanesyan E.,Sakkari M.,74,8,6,4,6,4,,,,,,,2,,12,8,Completed,8.88,1.07
2024-01-18,Australian Open,Grand Slam,Outdoor,Hard,2nd Round,3,Kalinskaya A.,Rus A.,75,45,6,1,7,5,,,,,,,2,,13,6,Completed,1.41,2.94
2024-01-18,Australian Open,Grand Slam,Outdoor,Hard,2nd Round,3,Noskova L.,Kessler M.,50,206,6,3,1,6,6,4,,,,,2,1,13,13,Completed,1.13,5.91
2024-01-18,Australian Open,Grand Slam,Outdoor,Hard,2nd Round,3,Swiatek I.,Collins D.,1,62,6,4,3,6,6,4,,,,,2,1,15,14,Completed,1.06,10.09
2024-01-18,Australian Open,Grand Slam,Outdoor,Hard,2nd Round,3,Dodin O.,Trevisan M.,95,59,6,4,6,4,,,,,,,2,,12,8,Completed,2.35,1.6
2024-01-18,Australian Open,Grand Slam,Outdoor,Hard,2nd Round,3,Paolini J.,Maria T.,31,42,6,2,6,3,,,,,,,2,,12,5,Completed,1.39,3.0
2024-01-18,Australian Open,Grand Slam,Outdoor,Hard,2nd Round,3,Stephens S.,Kasatkina D.,44,13,4,6,6,3,6,3,,,,,2,1,16,12,Completed,2.51,1.53
2024-01-18,Australian Open,Grand Slam,Outdoor,Hard,2nd Round,3,Burel C.,Pegula J.,51,5,6,4,6,2,,,,,,,2,,12,6,Completed,5.57,1.15
2024-01-18,Australian Open,Grand Slam,Outdoor,Hard,2nd Round,3,Zheng Q.,Boulter K.,15,54,6,3,6,3,,,,,,,2,,12,6,Completed,1.38,3.07
2024-01-18,Australian Open,Grand Slam,Outdoor,Hard,2nd Round,3,Navarro E.,Cocciaretto E.,26,66,4,6,6,3,6,3,,,,,2,1,16,12,Completed,1.34,3.26
2024-01-18,Australian Open,Grand Slam,Outdoor,Hard,2nd Round,3,Svitolina E.,Tomova V.,23,70,6,1,6,3,,,,,,,2,,12,4,Completed,1.16,5.18
2024-01-18,Australian Open,Grand Slam,Outdoor,Hard,2nd Round,3,Wang Y.,Raducanu E.,94,296,6,4,4,6,6,4,,,,,2,1,16,14,Completed,3.92,1.25
2024-01-18,Australian Open,Grand Slam,Outdoor,Hard,2nd Round,3,Golubic V.,Siniakova K.,85,49,6,3,2,6,6,4,,,,,2,1,14,13,Completed,2.79,1.44
2024-01-18,Australian Open,Grand Slam,Outdoor,Hard,2nd Round,3,Blinkova A.,Rybakina E.,57,3,6,4,4,6,7,6,,,,,2,1,17,16,Completed,11.03,1.05
2024-01-18,Australian Open,Grand Slam,Outdoor,Hard,2nd Round,3,Yastremska D.,Gracheva V.,93,39,6,3,6,2,,,,,,,2,,12,5,Completed,1.73,2.11
2024-01-18,Australian Open,Grand Slam,Outdoor,Hard,2nd Round,3,Ostapenko J.,Tomljanovic A.,10,271,6,0,3,6,6,4,,,,,2,1,15,10,Completed,1.26,3.86
2024-01-18,Australian Open,Grand Slam,Outdoor,Hard,2nd Round,3,Azarenka V.,Tauson C.,22,96,6,4,3,6,6,2,,,,,2,1,15,12,Completed,1.42,2.87
2024-01-19,Australian Open,Grand Slam,Outdoor,Hard,3rd Round,3,Anisimova A.,Badosa P.,442,100,7,5,6,4,,,,,,,2,,13,9,Completed,2.38,1.59
2024-01-19,Australian Open,Grand Slam,Outdoor,Hard,3rd Round,3,Sabalenka A.,Tsurenko L.,2,33,6,0,6,0,,,,,,,2,,12,0,Completed,1.06,9.63
2024-01-19,Australian Open,Grand Slam,Outdoor,Hard,3rd Round,3,Andreeva M.,Parry D.,47,72,1,6,6,1,7,6,,,,,2,1,14,13,Completed,1.1,7.18
2024-01-19,Australian Open,Grand Slam,Outdoor,Hard,3rd Round,3,Kostyuk M.,Avanesyan E.,37,74,2,6,6,4,6,4,,,,,2,1,14,14,Completed,1.26,3.9
2024-01-19,Australian Open,Grand Slam,Outdoor,Hard,3rd Round,3,Gauff C.,Parks A.,4,82,6,0,6,2,,,,,,,2,,12,2,Completed,1.05,10.57
2024-01-19,Australian Open,Grand Slam,Outdoor,Hard,3rd Round,3,Frech M.,Zakharova A.,69,190,4,6,7,5,6,4,,,,,2,1,17,15,Completed,1.54,2.49
2024-01-19,Australian Open,Grand Slam,Outdoor,Hard,3rd Round,3,Timofeeva M.,Haddad Maia B.,170,12,7,6,6,3,,,,,,,2,,13,9,Completed,4.01,1.25
2024-01-19,Australian Open,Grand Slam,Outdoor,Hard,3rd Round,3,Krejcikova B.,Hunter S.,11,180,4,6,7,5,6,3,,,,,2,1,17,14,Completed,1.23,4.19
2024-01-20,Australian Open,Grand Slam,Outdoor,Hard,3rd Round,3,Kalinskaya A.,Stephens S.,75,44,6,7,6,1,6,4,,,,,2,1,18,12,Completed,1.72,2.14
2024-01-20,Australian Open,Grand Slam,Outdoor,Hard,3rd Round,3,Yastremska D.,Navarro E.,93,26,6,2,2,6,6,1,,,,,2,1,14,9,Completed,2.73,1.46
2024-01-20,Australian Open,Grand Slam,Outdoor,Hard,3rd Round,3,Zheng Q.,Wang Y.,15,94,6,4,2,6,7,6,,,,,2,1,15,16,Completed,1.17,5.06
2024-01-20,Australian Open,Grand Slam,Outdoor,Hard,3rd Round,3,Dodin O.,Burel C.,95,51,6,2,6,4,,,,,,,2,,12,6,Completed,3.34,1.33
2024-01-20,Australian Open,Grand Slam,Outdoor,Hard,3rd Round,3,Paolini J.,Blinkova A.,31,57,7,6,6,4,,,,,,,2,,13,10,Completed,1.61,2.33
2024-01-20,Australian Open,Grand Slam,Outdoor,Hard,3rd Round,3,Azarenka V.,Ostapenko J.,22,10,6,1,7,5,,,,,,,2,,13,6,Completed,2.03,1.79
2024-01-20,Australian Open,Grand Slam,Outdoor,Hard,3rd Round,3,Noskova L.,Swiatek I.,50,1,3,6,6,3,6,4,,,,,2,1,15,13,Completed,9.79,1.06
2024-01-20,Australian Open,Grand Slam,Outdoor,Hard,3rd Round,3,Svitolina E.,Golubic V.,23,85,6,2,6,3,,,,,,,2,,12,5,Completed,1.17,5.2
2024-01-21,Australian Open,Grand Slam,Outdoor,Hard,4th Round,3,Gauff C.,Frech M.,4,69,6,1,6,2,,,,,,,2,,12,3,Completed,1.04,11.13
2024-01-21,Australian Open,Grand Slam,Outdoor,Hard,4th Round,3,Sabalenka A.,Anisimova A.,2,442,6,3,6,2,,,,,,,2,,12,5,Completed,1.2,4.6
2024-01-21,Australian Open,Grand Slam,Outdoor,Hard,4th Round,3,Kostyuk M.,Timofeeva M.,37,170,6,2,6,1,,,,,,,2,,12,3,Completed,1.5,2.61
2024-01-21,Australian Open,Grand Slam,Outdoor,Hard,4th Round,3,Krejcikova B.,Andreeva M.,11,47,4,6,6,3,6,2,,,,,2,1,16,11,Completed,2.47,1.55
2024-01-22,Australian Open,Grand Slam,Outdoor,Hard,4th Round,3,Yastremska D.,Azarenka V.,93,22,7,6,6,4,,,,,,,2,,13,10,Completed,3.32,1.33
2024-01-22,Australian Open,Grand Slam,Outdoor,Hard,4th Round,3,Noskova L.,Svitolina E.,50,23,3,0,,,,,,,,,,,3,0,Retired,2.6,1.51
2024-01-22,Australian Open,Grand Slam,Outdoor,Hard,4th Round,3,Kalinskaya A.,Paolini J.,75,31,6,4,6,2,,,,,,,2,,12,6,Completed,1.61,2.33
2024-01-22,Australian Open,Grand Slam,Outdoor,Hard,4th Round,3,Zheng Q.,Dodin O.,15,95,6,0,6,3,,,,,,,2,,12,3,Completed,1.2,4.55
2024-01-23,Australian Open,Grand Slam,Outdoor,Hard,Quarterfinals,3,Gauff C.,Kostyuk M.,4,37,7,6,6,7,6,2,,,,,2,1,19,15,Completed,1.13,6.03
2024-01-23,Australian Open,Grand Slam,Outdoor,Hard,Quarterfinals,3,Sabalenka A.,Krejcikova B.,2,11,6,2,6,3,,,,,,,2,,12,5,Completed,1.16,5.35
2024-01-24,Australian Open,Grand Slam,Outdoor,Hard,Quarterfinals,3,Yastremska D.,Noskova L.,93,50,6,3,6,4,,,,,,,2,,12,7,Completed,2.47,1.55
2024-01-24,Australian Open,Grand Slam,Outdoor,Hard,Quarterfinals,3,Zheng Q.,Kalinskaya A.,15,75,6,7,6,3,6,1,,,,,2,1,18,11,Completed,1.62,2.31
2024-01-25,Australian Open,Grand Slam,Outdoor,Hard,Semifinals,3,Sabalenka A.,Gauff C.,2,4,7,6,6,4,,,,,,,2,,13,10,Completed,1.46,2.72
2024-01-25,Australian Open,Grand Slam,Outdoor,Hard,Semifinals,3,Zheng Q.,Yastremska D.,15,93,6,4,6,4,,,,,,,2,,12,8,Completed,1.46,2.73
2024-01-27,Australian Open,Grand Slam,Outdoor,Hard,The Final,3,Sabalenka A.,Zheng Q.,2,15,6,3,6,2,,,,,,,2,,12,5,Completed,1.16,5.37
2024-01-29,Thailand Open,WTA250,Outdoor,Hard,1st Round,3,Wang Xiy.,Wang Q.,63,1378,6,1,6,1,,,,,,,2,,12,2,Completed,1.21,4.27
2024-01-29,Thailand Open,WTA250,Outdoor,Hard,1st Round,3,Hibino N.,Rakhimova K.,94,84,7,6,6,0,,,,,,,2,,13,6,Completed,2.25,1.63
2024-01-29,Thailand Open,WTA250,Outdoor,Hard,1st Round,3,Galfi D.,Tomljanovic A.,137,227,6,3,6,0,,,,,,,2,,12,3,Completed,3.34,1.32
2024-01-29,Thailand Open,WTA250,Outdoor,Hard,1st Round,3,Wang Xin.,Bektas E.,40,93,5,2,,,,,,,,,,,5,2,Retired,1.34,3.22
2024-01-29,Thailand Open,WTA250,Outdoor,Hard,1st Round,3,Shnaider D.,Linette M.,108,56,6,4,1,6,6,1,,,,,2,1,13,11,Completed,1.94,1.84
2024-01-29,Thailand Open,WTA250,Outdoor,Hard,1st Round,3,Golubic V.,Pigossi L.,71,114,6,1,6,2,,,,,,,2,,12,3,Completed,1.15,5.4
2024-01-29,Thailand Open,WTA250,Outdoor,Hard,1st Round,3,Badosa P.,Tararudee L.,83,298,3,6,6,4,6,1,,,,,2,1,15,11,Completed,1.02,15.14
2024-01-30,Thailand Open,WTA250,Outdoor,Hard,1st Round,3,Rodionova Ar.,Yuan Y.,101,64,7,6,4,6,6,3,,,,,2,1,17,15,Completed,3.75,1.26
2024-01-30,Thailand Open,WTA250,Outdoor,Hard,1st Round,3,Volynets K.,Zidansek T.,125,97,6,2,6,2,,,,,,,2,,12,4,Completed,1.34,3.22
2024-01-30,Thailand Open,WTA250,Outdoor,Hard,1st Round,3,Maria T.,Hartono A.,44,156,6,3,6,1,,,,,,,2,,12,4,Completed,1.68,2.16
2024-01-30,Thailand Open,WTA250,Outdoor,Hard,1st Round,3,Fruhvirtova L.,Tikhonova A.,126,194,6,3,6,1,,,,,,,2,,12,4,Completed,1.47,2.66
2024-01-30,Thailand Open,WTA250,Outdoor,Hard,1st Round,3,Bai Z.,Paquet C.,90,152,7,6,6,3,,,,,,,2,,13,9,Completed,1.66,2.2
2024-01-30,Thailand Open,WTA250,Outdoor,Hard,1st Round,3,Zhu L.,Preston T.,45,199,6,4,7,5,,,,,,,2,,13,9,Completed,1.4,2.89
2024-01-30,Thailand Open,WTA250,Outdoor,Hard,1st Round,3,Schmiedlova A.,Hontama M.,79,117,7,6,7,6,,,,,,,2,,14,12,Completed,2.3,1.61
2024-01-30,Thailand Open,WTA250,Outdoor,Hard,1st Round,3,Putintseva Y.,Naklo T.,70,406,5,7,6,3,6,2,,,,,2,1,17,12,Completed,1.05,10.0
2024-01-30,Thailand Open,WTA250,Outdoor,Hard,1st Round,3,Wang Y.,Korneeva A.,78,141,6,2,6,4,,,,,,,2,,12,6,Completed,2.3,1.61
2024-01-31,Thailand Open,WTA250,Outdoor,Hard,2nd Round,3,Galfi D.,Wang Xiy.,137,63,6,4,3,6,7,5,,,,,2,1,16,15,Completed,3.59,1.28
2024-01-31,Thailand Open,WTA250,Outdoor,Hard,2nd Round,3,Shnaider D.,Badosa P.,108,83,6,2,3,4,,,,,,,1,,9,6,Retired,2.68,1.47
2024-01-31,Thailand Open,WTA250,Outdoor,Hard,2nd Round,3,Wang Xin.,Hibino N.,40,94,7,5,6,4,,,,,,,2,,13,9,Completed,1.35,3.13
2024-01-31,Thailand Open,WTA250,Outdoor,Hard,2nd Round,3,Putintseva Y.,Golubic V.,70,71,7,6,7,6,,,,,,,2,,14,12,Completed,2.18,1.66
2024-02-01,Thailand Open,WTA250,Outdoor,Hard,2nd Round,3,Volynets K.,Maria T.,125,44,5,7,6,2,6,2,,,,,2,1,17,11,Completed,1.69,2.14
2024-02-01,Thailand Open,WTA250,Outdoor,Hard,2nd Round,3,Wang Y.,Schmiedlova A.,78,79,6,2,6,4,,,,,,,2,,12,6,Completed,1.48,2.64
2024-02-01,Thailand Open,WTA250,Outdoor,Hard,2nd Round,3,Zhu L.,Fruhvirtova L.,45,126,6,2,6,2,,,,,,,2,,12,4,Completed,1.76,2.06
2024-02-01,Thailand Open,WTA250,Outdoor,Hard,2nd Round,3,Rodionova Ar.,Bai Z.,101,90,3,6,6,1,6,0,,,,,2,1,15,7,Completed,2.56,1.5
2024-02-02,Thailand Open,WTA250,Outdoor,Hard,Quarterfinals,3,Wang Xin.,Putintseva Y.,40,70,6,1,3,6,6,3,,,,,2,1,15,10,Completed,1.72,2.11
2024-02-02,Thailand Open,WTA250,Outdoor,Hard,Quarterfinals,3,Zhu L.,Rodionova Ar.,45,101,6,3,6,3,,,,,,,2,,12,6,Completed,1.3,3.5
2024-02-02,Thailand Open,WTA250,Outdoor,Hard,Quarterfinals,3,Shnaider D.,Galfi D.,108,137,6,2,6,1,,,,,,,2,,12,3,Completed,1.54,2.46
2024-02-02,Thailand Open,WTA250,Outdoor,Hard,Quarterfinals,3,Wang Y.,Volynets K.,78,125,1,6,6,3,7,6,,,,,2,1,14,15,Completed,1.64,2.23
2024-02-03,Thailand Open,WTA250,Outdoor,Hard,Semifinals,3,Shnaider D.,Wang Xin.,108,40,6,2,7,6,,,,,,,2,,13,8,Completed,1.91,1.89
2024-02-03,Thailand Open,WTA250,Outdoor,Hard,Semifinals,3,Zhu L.,Wang Y.,45,78,6,3,6,2,,,,,,,2,,12,5,Completed,1.73,2.1
2024-02-04,Thailand Open,WTA250,Outdoor,Hard,The Final,3,Shnaider D.,Zhu L.,108,45,6,3,2,6,6,1,,,,,2,1,14,10,Completed,1.88,1.92
2024-01-29,Ladies Linz Open,WTA500,Indoor,Hard,1st Round,3,Pavlyuchenkova A.,Trevisan M.,42,57,6,4,6,0,,,,,,,2,,12,4,Completed,1.21,4.39
2024-01-29,Ladies Linz Open,WTA500,Indoor,Hard,1st Round,3,Boulter K.,Paolini J.,53,24,6,2,6,2,,,,,,,2,,12,4,Completed,1.94,1.85
2024-01-30,Ladies Linz Open,WTA500,Indoor,Hard,1st Round,3,Burrage J.,Gracheva V.,102,46,6,4,6,0,,,,,,,2,,12,4,Completed,2.26,1.63
2024-01-30,Ladies Linz Open,WTA500,Indoor,Hard,1st Round,3,Cristian J.,Podoroska N.,89,67,6,3,6,4,,,,,,,2,,12,7,Completed,1.61,2.29
2024-01-30,Ladies Linz Open,WTA500,Indoor,Hard,1st Round,3,Tauson C.,Giorgi C.,91,68,3,6,6,3,6,3,,,,,2,1,15,12,Completed,1.43,2.78
2024-01-30,Ladies Linz Open,WTA500,Indoor,Hard,1st Round,3,Cocciaretto E.,Stefanini L.,60,153,6,2,6,0,,,,,,,2,,12,2,Completed,1.54,2.46
2024-01-30,Ladies Linz Open,WTA500,Indoor,Hard,1st Round,3,Niemeier J.,Blinkova A.,159,50,6,3,6,4,,,,,,,2,,12,7,Completed,2.43,1.55
2024-01-30,Ladies Linz Open,WTA500,Indoor,Hard,1st Round,3,Bronzetti L.,Kerber A.,58,607,6,1,6,3,,,,,,,2,,12,4,Completed,2.21,1.66
2024-01-30,Ladies Linz Open,WTA500,Indoor,Hard,1st Round,3,Burel C.,Kraus S.,52,185,6,1,6,4,,,,,,,2,,12,5,Completed,1.15,5.44
2024-01-31,Ladies Linz Open,WTA500,Indoor,Hard,1st Round,3,Potapova A.,Errani S.,27,99,6,4,6,3,,,,,,,2,,12,7,Completed,1.19,4.65
2024-01-31,Ladies Linz Open,WTA500,Indoor,Hard,1st Round,3,Yastremska D.,Andreeva E.,29,111,7,6,3,6,6,2,,,,,2,1,16,14,Completed,1.83,1.97
2024-01-31,Ladies Linz Open,WTA500,Indoor,Hard,1st Round,3,Siniakova K.,Martic P.,49,48,4,6,6,3,7,5,,,,,2,1,17,14,Completed,1.71,2.12
2024-01-31,Ladies Linz Open,WTA500,Indoor,Hard,2nd Round,3,Burrage J.,Cristian J.,102,89,6,3,7,6,,,,,,,2,,13,9,Completed,1.81,1.98
2024-01-31,Ladies Linz Open,WTA500,Indoor,Hard,2nd Round,3,Alexandrova E.,Niemeier J.,21,159,6,3,6,0,,,,,,,2,,12,3,Completed,1.33,3.3
2024-01-31,Ladies Linz Open,WTA500,Indoor,Hard,2nd Round,3,Pavlyuchenkova A.,Boulter K.,42,53,7,6,6,4,,,,,,,2,,13,10,Completed,1.62,2.28
2024-02-01,Ladies Linz Open,WTA500,Indoor,Hard,2nd Round,3,Burel C.,Siniakova K.,52,49,6,3,5,7,6,4,,,,,2,1,17,14,Completed,1.98,1.82
2024-02-01,Ladies Linz Open,WTA500,Indoor,Hard,2nd Round,3,Mertens E.,Bronzetti L.,26,58,6,1,6,3,,,,,,,2,,12,4,Completed,1.36,3.09
2024-02-01,Ladies Linz Open,WTA500,Indoor,Hard,2nd Round,3,Vekic D.,Yastremska D.,34,29,6,1,6,1,,,,,,,2,,12,2,Completed,2.11,1.72
2024-02-01,Ladies Linz Open,WTA500,Indoor,Hard,2nd Round,3,Potapova A.,Cocciaretto E.,27,60,2,6,7,6,7,5,,,,,2,1,16,17,Completed,1.61,2.29
2024-02-01,Ladies Linz Open,WTA500,Indoor,Hard,2nd Round,3,Ostapenko J.,Tauson C.,12,91,3,6,6,4,7,6,,,,,2,1,16,16,Completed,1.7,2.15
2024-02-02,Ladies Linz Open,WTA500,Indoor,Hard,Quarterfinals,3,Vekic D.,Burel C.,34,52,6,0,7,6,,,,,,,2,,13,6,Completed,1.78,2.03
2024-02-02,Ladies Linz Open,WTA500,Indoor,Hard,Quarterfinals,3,Alexandrova E.,Potapova A.,21,27,6,2,7,6,,,,,,,2,,13,8,Completed,1.51,2.54
2024-02-02,Ladies Linz Open,WTA500,Indoor,Hard,Quarterfinals,3,Ostapenko J.,Burrage J.,12,102,6,1,6,2,,,,,,,2,,12,3,Completed,1.25,3.95
2024-02-02,Ladies Linz Open,WTA500,Indoor,Hard,Quarterfinals,3,Pavlyuchenkova A.,Mertens E.,42,26,6,3,6,2,,,,,,,2,,12,5,Completed,1.78,2.03
2024-02-03,Ladies Linz Open,WTA500,Indoor,Hard,Semifinals,3,Alexandrova E.,Vekic D.,21,34,5,7,7,6,7,6,,,,,2,1,19,19,Completed,1.48,2.66
2024-02-03,Ladies Linz Open,WTA500,Indoor,Hard,Semifinals,3,Ostapenko J.,Pavlyuchenkova A.,12,42,6,2,6,3,,,,,,,2,,12,5,Completed,1.83,1.97
2024-02-04,Ladies Linz Open,WTA500,Indoor,Hard,The Final,3,Ostapenko J.,Alexandrova E.,12,21,6,2,6,3,,,,,,,2,,12,5,Completed,1.55,2.44
2024-02-05,Abu Dhabi WTA Women's Tennis Open,WTA500,Outdoor,Hard,1st Round,3,Cirstea S.,Garcia C.,26,21,6,7,6,4,6,4,,,,,2,1,18,15,Completed,2.26,1.63
2024-02-05,Abu Dhabi WTA Women's Tennis Open,WTA500,Outdoor,Hard,1st Round,3,Krueger A.,Pera B.,82,89,6,2,5,7,6,3,,,,,2,1,17,12,Completed,1.64,2.24
2024-02-05,Abu Dhabi WTA Women's Tennis Open,WTA500,Outdoor,Hard,1st Round,3,Haddad Maia B.,Wang Xiy.,13,60,6,2,7,6,,,,,,,2,,13,8,Completed,1.48,2.62
2024-02-05,Abu Dhabi WTA Women's Tennis Open,WTA500,Outdoor,Hard,1st Round,3,Kasatkina D.,Parry D.,14,59,6,4,5,7,6,4,,,,,2,1,17,15,Completed,1.34,3.2
2024-02-05,Abu Dhabi WTA Women's Tennis Open,WTA500,Outdoor,Hard,1st Round,3,Raducanu E.,Bouzkova M.,296,36,6,4,6,1,,,,,,,2,,12,5,Completed,2.11,1.72
2024-02-06,Abu Dhabi WTA Women's Tennis Open,WTA500,Outdoor,Hard,1st Round,3,Sorribes Tormo S.,Noskova L.,54,31,6,3,3,6,6,3,,,,,2,1,15,12,Completed,3.35,1.32
2024-02-06,Abu Dhabi WTA Women's Tennis Open,WTA500,Outdoor,Hard,1st Round,3,Linette M.,Eala A.,55,187,7,6,6,1,,,,,,,2,,13,7,Completed,1.38,2.99
2024-02-06,Abu Dhabi WTA Women's Tennis Open,WTA500,Outdoor,Hard,1st Round,3,Bucsa C.,Wang Xin.,74,41,5,7,6,0,6,3,,,,,2,1,17,10,Completed,2.33,1.59
2024-02-06,Abu Dhabi WTA Women's Tennis Open,WTA500,Outdoor,Hard,1st Round,3,Collins D.,Osaka N.,71,757,7,5,6,0,,,,,,,2,,13,5,Completed,1.66,2.19
2024-02-06,Abu Dhabi WTA Women's Tennis Open,WTA500,Outdoor,Hard,1st Round,3,Watson H.,Kudermetova V.,156,16,6,3,7,5,,,,,,,2,,13,8,Completed,3.62,1.28
2024-02-06,Abu Dhabi WTA Women's Tennis Open,WTA500,Outdoor,Hard,1st Round,3,Kalinina A.,Bronzetti L.,32,53,6,1,7,6,,,,,,,2,,13,7,Completed,2.08,1.73
2024-02-06,Abu Dhabi WTA Women's Tennis Open,WTA500,Outdoor,Hard,1st Round,3,Samsonova L.,Tsurenko L.,15,37,6,0,6,1,,,,,,,2,,12,1,Completed,1.58,2.35
2024-02-07,Abu Dhabi WTA Women's Tennis Open,WTA500,Outdoor,Hard,2nd Round,3,Kasatkina D.,Krueger A.,14,82,6,3,7,5,,,,,,,2,,13,8,Completed,1.45,2.71
2024-02-07,Abu Dhabi WTA Women's Tennis Open,WTA500,Outdoor,Hard,2nd Round,3,Haddad Maia B.,Linette M.,13,55,7,6,6,7,6,1,,,,,2,1,19,14,Completed,1.28,3.62
2024-02-07,Abu Dhabi WTA Women's Tennis Open,WTA500,Outdoor,Hard,2nd Round,3,Cirstea S.,Sakkari M.,26,9,6,2,6,1,,,,,,,2,,12,3,Completed,2.42,1.55
2024-02-07,Abu Dhabi WTA Women's Tennis Open,WTA500,Outdoor,Hard,2nd Round,3,Jabeur O.,Raducanu E.,6,296,6,4,6,1,,,,,,,2,,12,5,Completed,1.9,1.89
2024-02-08,Abu Dhabi WTA Women's Tennis Open,WTA500,Outdoor,Hard,2nd Round,3,Krejcikova B.,Sorribes Tormo S.,12,54,6,2,1,0,,,,,,,1,,7,2,Retired,1.29,3.52
2024-02-08,Abu Dhabi WTA Women's Tennis Open,WTA500,Outdoor,Hard,2nd Round,3,Samsonova L.,Kalinina A.,15,32,6,1,6,3,,,,,,,2,,12,4,Completed,1.29,3.58
2024-02-08,Abu Dhabi WTA Women's Tennis Open,WTA500,Outdoor,Hard,2nd Round,3,Rybakina E.,Collins D.,5,71,4,6,6,3,6,3,,,,,2,1,16,12,Completed,1.37,3.08
2024-02-08,Abu Dhabi WTA Women's Tennis Open,WTA500,Outdoor,Hard,2nd Round,3,Bucsa C.,Watson H.,74,156,7,6,7,5,,,,,,,2,,14,11,Completed,1.78,2.02
2024-02-09,Abu Dhabi WTA Women's Tennis Open,WTA500,Outdoor,Hard,Quarterfinals,3,Samsonova L.,Krejcikova B.,15,12,7,5,6,4,,,,,,,2,,13,9,Completed,1.88,1.91
2024-02-09,Abu Dhabi WTA Women's Tennis Open,WTA500,Outdoor,Hard,Quarterfinals,3,Rybakina E.,Bucsa C.,5,74,6,1,6,4,,,,,,,2,,12,5,Completed,1.08,7.52
2024-02-09,Abu Dhabi WTA Women's Tennis Open,WTA500,Outdoor,Hard,Quarterfinals,3,Haddad Maia B.,Jabeur O.,13,6,6,3,6,4,,,,,,,2,,12,7,Completed,2.19,1.68
2024-02-09,Abu Dhabi WTA Women's Tennis Open,WTA500,Outdoor,Hard,Quarterfinals,3,Kasatkina D.,Cirstea S.,14,26,6,2,6,0,,,,,,,2,,12,2,Completed,1.81,1.99
2024-02-10,Abu Dhabi WTA Women's Tennis Open,WTA500,Outdoor,Hard,Semifinals,3,Kasatkina D.,Haddad Maia B.,14,13,6,3,4,6,7,6,,,,,2,1,17,15,Completed,2.01,1.8
2024-02-10,Abu Dhabi WTA Women's Tennis Open,WTA500,Outdoor,Hard,Semifinals,3,Rybakina E.,Samsonova L.,5,15,6,0,4,6,6,2,,,,,2,1,16,8,Completed,1.5,2.58
2024-02-11,Abu Dhabi WTA Women's Tennis Open,WTA500,Outdoor,Hard,The Final,3,Rybakina E.,Kasatkina D.,5,14,6,1,6,4,,,,,,,2,,12,5,Completed,1.28,3.68
2024-02-05,Transylvania Open,WTA250,Indoor,Hard,1st Round,3,Osorio M.,Tomova V.,11,64,6,2,6,4,,,,,,,2,,12,6,Completed,1.53,2.48
2024-02-05,Transylvania Open,WTA250,Indoor,Hard,1st Round,3,Parrizas Diaz N.,Siegemund L.,132,90,6,4,6,4,,,,,,,2,,12,8,Completed,2.51,1.52
2024-02-05,Transylvania Open,WTA250,Indoor,Hard,1st Round,3,Tauson C.,Podoroska N.,80,85,6,3,6,1,,,,,,,2,,12,4,Completed,1.16,5.16
2024-02-05,Transylvania Open,WTA250,Indoor,Hard,1st Round,3,Blinkova A.,Waltert S.,51,175,6,3,6,0,,,,,,,2,,12,3,Completed,1.35,3.15
2024-02-05,Transylvania Open,WTA250,Indoor,Hard,1st Round,3,Bogdan A.,Parks A.,65,110,7,5,7,5,,,,,,,2,,14,10,Completed,1.84,1.94
2024-02-05,Transylvania Open,WTA250,Indoor,Hard,1st Round,3,Rus A.,Minnen G.,45,75,7,5,6,1,,,,,,,2,,13,6,Completed,1.88,1.9
2024-02-06,Transylvania Open,WTA250,Indoor,Hard,1st Round,3,Dart H.,Bondar A.,103,125,6,4,7,6,,,,,,,2,,13,10,Completed,1.55,2.41
2024-02-06,Transylvania Open,WTA250,Indoor,Hard,1st Round,3,Cornet A.,Wickmayer Y.,104,83,7,5,4,6,6,3,,,,,2,1,17,14,Completed,1.74,2.08
2024-02-06,Transylvania Open,WTA250,Indoor,Hard,1st Round,3,Maria T.,Bai Z.,49,87,7,5,6,3,,,,,,,2,,13,8,Completed,1.67,2.18
2024-02-06,Transylvania Open,WTA250,Indoor,Hard,1st Round,3,Andreeva E.,Todoni A.,112,230,6,3,6,4,,,,,,,2,,12,7,Completed,1.14,5.4
2024-02-06,Transylvania Open,WTA250,Indoor,Hard,1st Round,3,Avanesyan E.,Korpatsch T.,61,77,6,4,7,6,,,,,,,2,,13,10,Completed,1.83,1.96
2024-02-06,Transylvania Open,WTA250,Indoor,Hard,1st Round,3,Sevastova A.,Mitu A.,656,216,6,2,6,3,,,,,,,2,,12,5,Completed,1.31,3.36
2024-02-06,Transylvania Open,WTA250,Indoor,Hard,1st Round,3,Cristian J.,Bassols M.,81,105,6,3,6,2,,,,,,,2,,12,5,Completed,1.7,2.02
2024-02-06,Transylvania Open,WTA250,Indoor,Hard,1st Round,3,Pliskova Ka.,Kraus S.,78,188,6,4,7,6,,,,,,,2,,13,10,Completed,1.31,3.38
2024-02-07,Transylvania Open,WTA250,Indoor,Hard,1st Round,3,Cocciaretto E.,Arango E.,56,122,6,0,6,1,,,,,,,2,,12,1,Completed,1.21,4.3
2024-02-07,Transylvania Open,WTA250,Indoor,Hard,1st Round,3,Errani S.,Mcnally C.,98,170,6,2,6,4,,,,,,,2,,12,6,Completed,2.7,1.45
2024-02-07,Transylvania Open,WTA250,Indoor,Hard,2nd Round,3,Parrizas Diaz N.,Blinkova A.,132,51,6,1,3,6,6,4,,,,,2,1,15,11,Completed,2.49,1.53
2024-02-07,Transylvania Open,WTA250,Indoor,Hard,2nd Round,3,Rus A.,Cornet A.,45,104,4,6,6,4,6,0,,,,,2,1,16,10,Completed,1.57,2.36
2024-02-07,Transylvania Open,WTA250,Indoor,Hard,2nd Round,3,Bogdan A.,Andreeva E.,65,112,6,4,6,4,,,,,,,2,,12,8,Completed,2.24,1.64
2024-02-08,Transylvania Open,WTA250,Indoor,Hard,2nd Round,3,Dart H.,Cocciaretto E.,103,56,5,7,7,5,6,3,,,,,2,1,18,15,Completed,2.84,1.41
2024-02-08,Transylvania Open,WTA250,Indoor,Hard,2nd Round,3,Sevastova A.,Avanesyan E.,656,61,6,2,6,7,2,0,,,,,1,1,14,9,Retired,1.7,2.14
2024-02-08,Transylvania Open,WTA250,Indoor,Hard,2nd Round,3,Errani S.,Maria T.,98,49,6,0,6,1,,,,,,,2,,12,1,Completed,2.45,1.54
2024-02-08,Transylvania Open,WTA250,Indoor,Hard,2nd Round,3,Cristian J.,Tauson C.,81,80,6,4,6,0,,,,,,,2,,12,4,Completed,3.47,1.3
2024-02-08,Transylvania Open,WTA250,Indoor,Hard,2nd Round,3,Pliskova Ka.,Osorio M.,78,11,6,2,6,1,,,,,,,2,,12,3,Completed,1.74,2.07
2024-02-09,Transylvania Open,WTA250,Indoor,Hard,Quarterfinals,3,Dart H.,Parrizas Diaz N.,103,132,6,3,6,2,,,,,,,2,,12,5,Completed,1.81,1.99
2024-02-09,Transylvania Open,WTA250,Indoor,Hard,Quarterfinals,3,Cristian J.,Sevastova A.,81,656,6,3,7,5,,,,,,,2,,13,8,Completed,1.73,2.1
2024-02-09,Transylvania Open,WTA250,Indoor,Hard,Quarterfinals,3,Bogdan A.,Rus A.,65,45,3,6,7,6,7,6,,,,,2,1,17,18,Completed,1.66,2.2
2024-02-09,Transylvania Open,WTA250,Indoor,Hard,Quarterfinals,3,Pliskova Ka.,Errani S.,78,98,6,2,6,0,,,,,,,2,,12,2,Completed,1.24,3.99
2024-02-10,Transylvania Open,WTA250,Indoor,Hard,Semifinals,3,Bogdan A.,Cristian J.,65,81,6,3,3,6,6,4,,,,,2,1,15,13,Completed,1.97,1.83
2024-02-10,Transylvania Open,WTA250,Indoor,Hard,Semifinals,3,Pliskova Ka.,Dart H.,78,103,6,3,6,3,,,,,,,2,,12,6,Completed,1.37,3.05
2024-02-11,Transylvania Open,WTA250,Indoor,Hard,The Final,3,Pliskova Ka.,Bogdan A.,78,65,6,4,6,3,,,,,,,2,,12,7,Completed,1.43,2.8
2024-02-11,Qatar Open,WTA1000,Outdoor,Hard,1st Round,3,Kostyuk M.,Dolehide C.,29,44,6,3,7,5,,,,,,,2,,13,8,Completed,1.28,3.64
2024-02-11,Qatar Open,WTA1000,Outdoor,Hard,1st Round,3,Tsurenko L.,Sonmez Z.,37,183,7,5,6,3,,,,,,,2,,13,8,Completed,1.19,4.6
2024-02-11,Qatar Open,WTA1000,Outdoor,Hard,1st Round,3,Alexandrova E.,Tomova V.,19,68,7,6,6,3,,,,,,,2,,13,9,Completed,1.22,4.18
2024-02-11,Qatar Open,WTA1000,Outdoor,Hard,1st Round,3,Siniakova K.,Vekic D.,42,27,7,5,6,1,,,,,,,2,,13,6,Completed,2.0,1.8
2024-02-11,Qatar Open,WTA1000,Outdoor,Hard,1st Round,3,Collins D.,Kudermetova V.,63,18,7,5,6,3,,,,,,,2,,13,8,Completed,1.64,2.24
2024-02-11,Qatar Open,WTA1000,Outdoor,Hard,1st Round,3,Minnen G.,Maria T.,85,50,6,1,6,1,,,,,,,2,,12,2,Completed,1.46,2.7
2024-02-11,Qatar Open,WTA1000,Outdoor,Hard,1st Round,3,Andreeva E.,Shnaider D.,106,75,7,6,6,4,,,,,,,2,,13,10,Completed,2.42,1.55
2024-02-11,Qatar Open,WTA1000,Outdoor,Hard,1st Round,3,Cirstea S.,Stephens S.,22,39,6,3,6,2,,,,,,,2,,12,5,Completed,1.68,2.16
2024-02-11,Qatar Open,WTA1000,Outdoor,Hard,1st Round,3,Zhu L.,Gracheva V.,57,47,6,1,6,1,,,,,,,2,,12,2,Completed,1.41,2.87
2024-02-12,Qatar Open,WTA1000,Outdoor,Hard,1st Round,3,Navarro E.,Paolini J.,23,24,6,3,7,5,,,,,,,2,,13,8,Completed,1.57,2.37
2024-02-12,Qatar Open,WTA1000,Outdoor,Hard,1st Round,3,Mertens E.,Stearns P.,25,65,6,2,6,3,,,,,,,2,,12,5,Completed,1.28,3.66
2024-02-12,Qatar Open,WTA1000,Outdoor,Hard,1st Round,3,Kalinina A.,Raducanu E.,30,262,6,0,7,6,,,,,,,2,,13,6,Completed,2.78,1.43
2024-02-12,Qatar Open,WTA1000,Outdoor,Hard,1st Round,3,Badosa P.,Krueger A.,79,74,6,3,4,6,6,4,,,,,2,1,16,13,Completed,1.81,2.01
2024-02-12,Qatar Open,WTA1000,Outdoor,Hard,1st Round,3,Fernandez L.A.,Samsonova L.,38,15,7,5,7,6,,,,,,,2,,14,11,Completed,2.59,1.49
2024-02-12,Qatar Open,WTA1000,Outdoor,Hard,1st Round,3,Azarenka V.,Frech M.,31,52,6,3,3,6,6,3,,,,,2,1,15,12,Completed,1.3,3.47
2024-02-12,Qatar Open,WTA1000,Outdoor,Hard,1st Round,3,Martic P.,Rus A.,67,43,7,5,3,6,7,6,,,,,2,1,17,17,Completed,1.61,2.29
2024-02-12,Qatar Open,WTA1000,Outdoor,Hard,1st Round,3,Potapova A.,Trevisan M.,34,58,6,4,6,4,,,,,,,2,,12,8,Completed,2.11,1.6
2024-02-12,Qatar Open,WTA1000,Outdoor,Hard,1st Round,3,Linette M.,Hibino N.,53,93,6,1,6,4,,,,,,,2,,12,5,Completed,1.47,2.66
2024-02-12,Qatar Open,WTA1000,Outdoor,Hard,1st Round,3,Pavlyuchenkova A.,Kasatkina D.,32,13,6,2,7,6,,,,,,,2,,13,8,Completed,1.76,2.05
2024-02-12,Qatar Open,WTA1000,Outdoor,Hard,1st Round,3,Bouzkova M.,Kenin S.,35,45,7,5,2,6,7,5,,,,,2,1,16,16,Completed,1.55,2.43
2024-02-12,Qatar Open,WTA1000,Outdoor,Hard,1st Round,3,Noskova L.,Pera B.,28,83,6,3,7,6,,,,,,,2,,13,9,Completed,1.44,2.74
2024-02-12,Qatar Open,WTA1000,Outdoor,Hard,1st Round,3,Osaka N.,Garcia C.,747,21,7,5,6,4,,,,,,,2,,13,9,Completed,2.11,1.72
2024-02-12,Qatar Open,WTA1000,Outdoor,Hard,1st Round,3,Wang Xin.,Haddad Maia B.,41,14,6,1,6,3,,,,,,,2,,12,4,Completed,3.26,1.34
2024-02-12,Qatar Open,WTA1000,Outdoor,Hard,1st Round,3,Pliskova Ka.,Kalinskaya A.,59,40,2,6,7,6,6,4,,,,,2,1,15,16,Completed,2.24,1.64
2024-02-12,Qatar Open,WTA1000,Outdoor,Hard,2nd Round,3,Swiatek I.,Cirstea S.,1,22,6,1,6,1,,,,,,,2,,12,2,Completed,1.07,8.29
2024-02-12,Qatar Open,WTA1000,Outdoor,Hard,2nd Round,3,Vondrousova M.,Minnen G.,8,85,6,2,0,6,6,4,,,,,2,1,12,12,Completed,1.28,3.67
2024-02-13,Qatar Open,WTA1000,Outdoor,Hard,2nd Round,3,Zheng Q.,Linette M.,7,53,6,2,2,6,6,3,,,,,2,1,14,11,Completed,1.2,4.43
2024-02-13,Qatar Open,WTA1000,Outdoor,Hard,2nd Round,3,Pavlyuchenkova A.,Kostyuk M.,32,29,2,1,,,,,,,,,,,2,1,Retired,1.75,2.06
2024-02-13,Qatar Open,WTA1000,Outdoor,Hard,2nd Round,3,Fernandez L.A.,Badosa P.,38,79,0,6,6,2,6,3,,,,,2,1,12,11,Completed,1.71,2.12
2024-02-13,Qatar Open,WTA1000,Outdoor,Hard,2nd Round,3,Navarro E.,Mertens E.,23,25,6,1,6,3,,,,,,,2,,12,4,Completed,1.97,1.82
2024-02-13,Qatar Open,WTA1000,Outdoor,Hard,2nd Round,3,Azarenka V.,Wang Xin.,31,41,7,6,6,2,,,,,,,2,,13,8,Completed,1.41,2.88
2024-02-13,Qatar Open,WTA1000,Outdoor,Hard,2nd Round,3,Noskova L.,Sakkari M.,28,9,3,6,7,6,7,5,,,,,2,1,17,17,Completed,1.86,1.93
2024-02-13,Qatar Open,WTA1000,Outdoor,Hard,2nd Round,3,Collins D.,Bouzkova M.,63,35,6,4,7,5,,,,,,,2,,13,9,Completed,1.49,2.58
2024-02-13,Qatar Open,WTA1000,Outdoor,Hard,2nd Round,3,Alexandrova E.,Andreeva E.,19,106,6,0,3,6,6,1,,,,,2,1,15,7,Completed,1.45,2.71
2024-02-13,Qatar Open,WTA1000,Outdoor,Hard,2nd Round,3,Pliskova Ka.,Potapova A.,59,34,6,1,5,7,6,4,,,,,2,1,17,12,Completed,1.88,1.91
2024-02-13,Qatar Open,WTA1000,Outdoor,Hard,2nd Round,3,Siniakova K.,Gauff C.,42,3,6,2,6,4,,,,,,,2,,12,6,Completed,5.35,1.15
2024-02-13,Qatar Open,WTA1000,Outdoor,Hard,2nd Round,3,Ostapenko J.,Kalinina A.,11,30,6,0,6,3,,,,,,,2,,12,3,Completed,1.2,4.51
2024-02-13,Qatar Open,WTA1000,Outdoor,Hard,2nd Round,3,Tsurenko L.,Jabeur O.,37,6,6,3,6,2,,,,,,,2,,12,5,Completed,2.98,1.38
2024-02-13,Qatar Open,WTA1000,Outdoor,Hard,2nd Round,3,Osaka N.,Martic P.,747,67,6,3,7,6,,,,,,,2,,13,9,Completed,1.46,2.67
2024-02-13,Qatar Open,WTA1000,Outdoor,Hard,2nd Round,3,Rybakina E.,Zhu L.,4,57,6,2,6,1,,,,,,,2,,12,3,Completed,1.17,5.13
2024-02-14,Qatar Open,WTA1000,Outdoor,Hard,3rd Round,3,Pavlyuchenkova A.,Vondrousova M.,32,8,7,5,6,3,,,,,,,2,,13,8,Completed,1.77,2.04
2024-02-14,Qatar Open,WTA1000,Outdoor,Hard,3rd Round,3,Collins D.,Siniakova K.,63,42,6,4,6,3,,,,,,,2,,12,7,Completed,1.56,2.4
2024-02-14,Qatar Open,WTA1000,Outdoor,Hard,3rd Round,3,Fernandez L.A.,Zheng Q.,38,7,7,5,6,3,,,,,,,2,,13,8,Completed,2.65,1.47
2024-02-14,Qatar Open,WTA1000,Outdoor,Hard,3rd Round,3,Pliskova Ka.,Noskova L.,59,28,7,0,6,1,,,,,,,2,,13,1,Completed,2.35,1.59
2024-02-14,Qatar Open,WTA1000,Outdoor,Hard,3rd Round,3,Rybakina E.,Navarro E.,4,23,6,1,6,7,6,4,,,,,2,1,18,12,Completed,1.17,4.91
2024-02-14,Qatar Open,WTA1000,Outdoor,Hard,3rd Round,3,Swiatek I.,Alexandrova E.,1,19,6,1,6,4,,,,,,,2,,12,5,Completed,1.08,7.74
2024-02-14,Qatar Open,WTA1000,Outdoor,Hard,3rd Round,3,Azarenka V.,Ostapenko J.,31,11,6,0,6,3,,,,,,,2,,12,3,Completed,2.33,1.6
2024-02-15,Qatar Open,WTA1000,Outdoor,Hard,Quarterfinals,3,Pavlyuchenkova A.,Collins D.,32,63,7,5,6,4,,,,,,,2,,13,9,Completed,2.16,1.69
2024-02-15,Qatar Open,WTA1000,Outdoor,Hard,Quarterfinals,3,Rybakina E.,Fernandez L.A.,4,38,6,4,6,2,,,,,,,2,,12,6,Completed,1.25,3.92
2024-02-15,Qatar Open,WTA1000,Outdoor,Hard,Quarterfinals,3,Swiatek I.,Azarenka V.,1,31,6,4,6,0,,,,,,,2,,12,4,Completed,1.12,6.12
2024-02-15,Qatar Open,WTA1000,Outdoor,Hard,Quarterfinals,3,Pliskova Ka.,Osaka N.,59,747,7,6,7,6,,,,,,,2,,14,12,Completed,2.13,1.7
2024-02-16,Qatar Open,WTA1000,Outdoor,Hard,Semifinals,3,Rybakina E.,Pavlyuchenkova A.,4,32,6,2,6,4,,,,,,,2,,12,6,Completed,1.28,3.68
2024-02-17,Qatar Open,WTA1000,Outdoor,Hard,The Final,3,Swiatek I.,Rybakina E.,1,4,7,6,6,2,,,,,,,2,,13,8,Completed,1.54,2.46
2024-02-18,Dubai Duty Free Tennis Championships,WTA1000,Outdoor,Hard,1st Round,3,Maria T.,Gracheva V.,54,49,6,2,6,1,,,,,,,2,,12,3,Completed,1.98,1.82
2024-02-18,Dubai Duty Free Tennis Championships,WTA1000,Outdoor,Hard,1st Round,3,Stearns P.,Andreeva M.,65,38,6,2,2,6,6,1,,,,,2,1,14,9,Completed,5.02,1.17
2024-02-18,Dubai Duty Free Tennis Championships,WTA1000,Outdoor,Hard,1st Round,3,Frech M.,Alexandrova E.,53,17,7,6,6,3,,,,,,,2,,13,9,Completed,3.1,1.36
2024-02-18,Dubai Duty Free Tennis Championships,WTA1000,Outdoor,Hard,1st Round,3,Hibino N.,Linette M.,90,48,6,2,3,6,6,4,,,,,2,1,15,12,Completed,2.63,1.48
2024-02-18,Dubai Duty Free Tennis Championships,WTA1000,Outdoor,Hard,1st Round,3,Vekic D.,Wang Xin.,31,42,6,2,6,4,,,,,,,2,,12,6,Completed,1.82,1.97
2024-02-18,Dubai Duty Free Tennis Championships,WTA1000,Outdoor,Hard,1st Round,3,Navarro E.,Siniakova K.,23,39,4,6,7,5,6,4,,,,,2,1,17,15,Completed,1.68,2.17
2024-02-18,Dubai Duty Free Tennis Championships,WTA1000,Outdoor,Hard,1st Round,3,Kalinskaya A.,Hunter S.,40,128,6,1,6,2,,,,,,,2,,12,3,Completed,1.3,3.47
2024-02-18,Dubai Duty Free Tennis Championships,WTA1000,Outdoor,Hard,1st Round,3,Paolini J.,Haddad Maia B.,26,14,4,6,6,4,6,0,,,,,2,1,16,10,Completed,2.65,1.48
2024-02-18,Dubai Duty Free Tennis Championships,WTA1000,Outdoor,Hard,1st Round,3,Stephens S.,Burel C.,41,47,6,4,1,6,6,2,,,,,2,1,13,12,Completed,1.99,1.8
2024-02-18,Dubai Duty Free Tennis Championships,WTA1000,Outdoor,Hard,1st Round,3,Cocciaretto E.,Mertens E.,58,25,1,6,6,3,7,6,,,,,2,1,14,15,Completed,2.72,1.46
2024-02-18,Dubai Duty Free Tennis Championships,WTA1000,Outdoor,Hard,1st Round,3,Krueger A.,Garcia C.,76,21,3,6,6,3,6,3,,,,,2,1,15,12,Completed,2.15,1.69
2024-02-18,Dubai Duty Free Tennis Championships,WTA1000,Outdoor,Hard,1st Round,3,Cirstea S.,Kenin S.,22,55,6,3,7,6,,,,,,,2,,13,9,Completed,1.57,2.36
2024-02-19,Dubai Duty Free Tennis Championships,WTA1000,Outdoor,Hard,1st Round,3,Fernandez L.A.,Pera B.,33,83,6,3,6,2,,,,,,,2,,12,5,Completed,1.35,3.18
2024-02-19,Dubai Duty Free Tennis Championships,WTA1000,Outdoor,Hard,1st Round,3,Azarenka V.,Rus A.,27,43,6,2,6,4,,,,,,,2,,12,6,Completed,1.14,5.62
2024-02-19,Dubai Duty Free Tennis Championships,WTA1000,Outdoor,Hard,1st Round,3,Martic P.,Dolehide C.,61,45,6,4,7,6,,,,,,,2,,13,10,Completed,1.41,2.88
2024-02-19,Dubai Duty Free Tennis Championships,WTA1000,Outdoor,Hard,1st Round,3,Pliskova Ka.,Zhang S.,36,776,6,3,7,5,,,,,,,2,,13,8,Completed,1.08,7.48
2024-02-19,Dubai Duty Free Tennis Championships,WTA1000,Outdoor,Hard,1st Round,3,Potapova A.,Zhu L.,35,57,4,6,6,2,6,4,,,,,2,1,16,12,Completed,1.72,2.1
2024-02-19,Dubai Duty Free Tennis Championships,WTA1000,Outdoor,Hard,1st Round,3,Pavlyuchenkova A.,Bouzkova M.,24,37,6,4,6,3,,,,,,,2,,12,7,Completed,1.45,2.74
2024-02-19,Dubai Duty Free Tennis Championships,WTA1000,Outdoor,Hard,1st Round,3,Ostapenko J.,Wang Xiy.,9,64,5,7,6,2,6,3,,,,,2,1,17,12,Completed,1.3,3.46
2024-02-19,Dubai Duty Free Tennis Championships,WTA1000,Outdoor,Hard,1st Round,3,Kudermetova V.,Yastremska D.,19,29,6,0,1,6,6,0,,,,,2,1,13,6,Completed,1.61,2.3
2024-02-19,Dubai Duty Free Tennis Championships,WTA1000,Outdoor,Hard,1st Round,3,Samsonova L.,Tomova V.,15,68,7,6,6,3,,,,,,,2,,13,9,Completed,1.22,4.18
2024-02-19,Dubai Duty Free Tennis Championships,WTA1000,Outdoor,Hard,1st Round,3,Sun L.,Badosa P.,181,74,6,4,,,,,,,,,1,,6,4,Retired,4.47,1.2
2024-02-19,Dubai Duty Free Tennis Championships,WTA1000,Outdoor,Hard,1st Round,3,Svitolina E.,Kalinina A.,20,32,6,3,7,6,,,,,,,2,,13,9,Completed,1.38,2.97
2024-02-19,Dubai Duty Free Tennis Championships,WTA1000,Outdoor,Hard,1st Round,3,Bronzetti L.,Kasatkina D.,60,13,7,6,4,6,7,5,,,,,2,1,18,17,Completed,4.07,1.23
2024-02-20,Dubai Duty Free Tennis Championships,WTA1000,Outdoor,Hard,2nd Round,3,Paolini J.,Fernandez L.A.,26,33,6,3,6,4,,,,,,,2,,12,7,Completed,3.39,1.31
2024-02-20,Dubai Duty Free Tennis Championships,WTA1000,Outdoor,Hard,2nd Round,3,Frech M.,Martic P.,53,61,6,4,1,6,6,2,,,,,2,1,13,12,Completed,1.86,1.93
2024-02-20,Dubai Duty Free Tennis Championships,WTA1000,Outdoor,Hard,2nd Round,3,Vondrousova M.,Stearns P.,8,65,6,1,5,7,6,2,,,,,2,1,17,10,Completed,1.33,3.26
2024-02-20,Dubai Duty Free Tennis Championships,WTA1000,Outdoor,Hard,2nd Round,3,Sakkari M.,Navarro E.,11,23,6,2,6,4,,,,,,,2,,12,6,Completed,2.02,1.78
2024-02-20,Dubai Duty Free Tennis Championships,WTA1000,Outdoor,Hard,2nd Round,3,Vekic D.,Sabalenka A.,31,2,6,7,6,3,6,0,,,,,2,1,18,10,Completed,7.12,1.09
2024-02-20,Dubai Duty Free Tennis Championships,WTA1000,Outdoor,Hard,2nd Round,3,Kalinskaya A.,Bucsa C.,40,67,6,3,6,4,,,,,,,2,,12,7,Completed,1.19,4.65
2024-02-20,Dubai Duty Free Tennis Championships,WTA1000,Outdoor,Hard,2nd Round,3,Cirstea S.,Kudermetova V.,22,19,6,1,6,4,,,,,,,2,,12,5,Completed,1.89,1.9
2024-02-20,Dubai Duty Free Tennis Championships,WTA1000,Outdoor,Hard,2nd Round,3,Svitolina E.,Maria T.,20,54,6,3,6,3,,,,,,,2,,12,6,Completed,1.14,5.49
2024-02-20,Dubai Duty Free Tennis Championships,WTA1000,Outdoor,Hard,2nd Round,3,Potapova A.,Bronzetti L.,35,60,6,0,6,3,,,,,,,2,,12,3,Completed,1.45,2.71
2024-02-20,Dubai Duty Free Tennis Championships,WTA1000,Outdoor,Hard,2nd Round,3,Ostapenko J.,Sun L.,9,181,6,4,6,3,,,,,,,2,,12,7,Completed,1.12,6.07
2024-02-20,Dubai Duty Free Tennis Championships,WTA1000,Outdoor,Hard,2nd Round,3,Rybakina E.,Azarenka V.,4,27,4,6,6,2,,,,,,,1,1,10,8,Retired,1.32,3.31
2024-02-20,Dubai Duty Free Tennis Championships,WTA1000,Outdoor,Hard,2nd Round,3,Zheng Q.,Hibino N.,7,90,5,7,6,2,6,2,,,,,2,1,17,11,Completed,1.13,5.75
2024-02-20,Dubai Duty Free Tennis Championships,WTA1000,Outdoor,Hard,2nd Round,3,Swiatek I.,Stephens S.,1,41,6,4,6,4,,,,,,,2,,12,8,Completed,1.04,11.08
2024-02-20,Dubai Duty Free Tennis Championships,WTA1000,Outdoor,Hard,2nd Round,3,Pliskova Ka.,Krueger A.,36,76,6,7,6,3,6,4,,,,,2,1,18,14,Completed,1.63,2.25
2024-02-20,Dubai Duty Free Tennis Championships,WTA1000,Outdoor,Hard,2nd Round,3,Gauff C.,Cocciaretto E.,3,58,6,1,7,5,,,,,,,2,,13,6,Completed,1.11,6.4
2024-02-21,Dubai Duty Free Tennis Championships,WTA1000,Outdoor,Hard,3rd Round,3,Paolini J.,Sakkari M.,26,11,6,4,6,2,,,,,,,2,,12,6,Completed,2.57,1.5
2024-02-21,Dubai Duty Free Tennis Championships,WTA1000,Outdoor,Hard,3rd Round,3,Vondrousova M.,Samsonova L.,8,15,6,2,6,2,,,,,,,2,,12,4,Completed,2.04,1.77
2024-02-21,Dubai Duty Free Tennis Championships,WTA1000,Outdoor,Hard,3rd Round,3,Kalinskaya A.,Ostapenko J.,40,9,6,4,7,5,,,,,,,2,,13,9,Completed,2.23,1.65
2024-02-21,Dubai Duty Free Tennis Championships,WTA1000,Outdoor,Hard,3rd Round,3,Rybakina E.,Frech M.,4,53,7,6,3,6,6,4,,,,,2,1,16,16,Completed,1.09,7.11
2024-02-21,Dubai Duty Free Tennis Championships,WTA1000,Outdoor,Hard,3rd Round,3,Cirstea S.,Vekic D.,22,31,3,6,6,3,7,5,,,,,2,1,16,14,Completed,1.84,1.95
2024-02-21,Dubai Duty Free Tennis Championships,WTA1000,Outdoor,Hard,3rd Round,3,Gauff C.,Pliskova Ka.,3,36,2,6,6,4,6,3,,,,,2,1,14,13,Completed,1.2,4.51
2024-02-21,Dubai Duty Free Tennis Championships,WTA1000,Outdoor,Hard,3rd Round,3,Swiatek I.,Svitolina E.,1,20,6,1,6,4,,,,,,,2,,12,5,Completed,1.19,4.68
2024-02-21,Dubai Duty Free Tennis Championships,WTA1000,Outdoor,Hard,3rd Round,3,Zheng Q.,Potapova A.,7,35,6,3,6,2,,,,,,,2,,12,5,Completed,1.45,2.72
2024-02-22,Dubai Duty Free Tennis Championships,WTA1000,Outdoor,Hard,Quarterfinals,3,Cirstea S.,Vondrousova M.,22,8,2,6,7,6,6,2,,,,,2,1,15,14,Completed,2.26,1.63
2024-02-22,Dubai Duty Free Tennis Championships,WTA1000,Outdoor,Hard,Quarterfinals,3,Swiatek I.,Zheng Q.,1,7,6,3,6,2,,,,,,,2,,12,5,Completed,1.15,5.54
2024-02-22,Dubai Duty Free Tennis Championships,WTA1000,Outdoor,Hard,Quarterfinals,3,Kalinskaya A.,Gauff C.,40,3,2,6,6,4,6,2,,,,,2,1,14,12,Completed,3.23,1.35
2024-02-23,Dubai Duty Free Tennis Championships,WTA1000,Outdoor,Hard,Semifinals,3,Paolini J.,Cirstea S.,26,22,6,2,7,6,,,,,,,2,,13,8,Completed,2.0,1.81
2024-02-23,Dubai Duty Free Tennis Championships,WTA1000,Outdoor,Hard,Semifinals,3,Kalinskaya A.,Swiatek I.,40,1,6,4,6,4,,,,,,,2,,12,8,Completed,6.89,1.1
2024-02-24,Dubai Duty Free Tennis Championships,WTA1000,Outdoor,Hard,The Final,3,Paolini J.,Kalinskaya A.,26,40,4,6,7,5,7,5,,,,,2,1,18,16,Completed,2.97,1.4
2024-02-26,ATX Open,WTA250,Outdoor,Hard,1st Round,3,Yuan Y.,Rodionova Ar.,68,99,3,6,6,3,6,1,,,,,2,1,15,10,Completed,1.41,2.83
2024-02-26,ATX Open,WTA250,Outdoor,Hard,1st Round,3,Parry D.,Ponchet J.,62,146,6,3,7,6,,,,,,,2,,13,9,Completed,1.49,2.57
2024-02-26,ATX Open,WTA250,Outdoor,Hard,1st Round,3,Wang Y.,Bronzetti L.,69,52,7,6,6,4,,,,,,,2,,13,10,Completed,1.77,2.01
2024-02-27,ATX Open,WTA250,Outdoor,Hard,1st Round,3,Osorio M.,Cornet A.,98,104,6,3,6,2,,,,,,,2,,12,5,Completed,1.46,2.66
2024-02-27,ATX Open,WTA250,Outdoor,Hard,1st Round,3,Arango E.,Parks A.,121,117,6,2,6,3,,,,,,,2,,12,5,Completed,2.69,1.45
2024-02-27,ATX Open,WTA250,Outdoor,Hard,1st Round,3,Rakhimova K.,Wickmayer Y.,94,87,6,3,6,7,7,6,,,,,2,1,19,16,Completed,1.62,2.26
2024-02-27,ATX Open,WTA250,Outdoor,Hard,1st Round,3,Semenistaja D.,Jimenez Kasintseva V.,115,318,6,7,6,2,6,4,,,,,2,1,18,13,Completed,1.38,2.96
2024-02-27,ATX Open,WTA250,Outdoor,Hard,1st Round,3,Townsend T.,Contreras Gomez F.,83,366,3,6,6,2,6,3,,,,,2,1,15,11,Completed,1.1,6.53
2024-02-27,ATX Open,WTA250,Outdoor,Hard,1st Round,3,Stephens S.,Martincova T.,40,155,6,4,6,0,,,,,,,2,,12,4,Completed,1.28,3.59
2024-02-27,ATX Open,WTA250,Outdoor,Hard,1st Round,3,Wang Xiy.,Podoroska N.,64,85,7,5,6,4,,,,,,,2,,13,9,Completed,1.24,3.96
2024-02-27,ATX Open,WTA250,Outdoor,Hard,1st Round,3,Kalinina A.,Bejlek S.,35,132,6,3,6,2,,,,,,,2,,12,5,Completed,1.79,2.0
2024-02-27,ATX Open,WTA250,Outdoor,Hard,1st Round,3,Volynets K.,Zarazua R.,112,102,6,4,7,6,,,,,,,2,,13,10,Completed,1.44,2.75
2024-02-27,ATX Open,WTA250,Outdoor,Hard,1st Round,3,Vickery S.,Marino R.,134,147,6,2,6,4,,,,,,,2,,12,6,Completed,2.15,1.68
2024-02-27,ATX Open,WTA250,Outdoor,Hard,1st Round,3,Sevastova A.,Riera J.,485,116,6,4,6,3,,,,,,,2,,12,7,Completed,1.48,2.6
2024-02-28,ATX Open,WTA250,Outdoor,Hard,1st Round,3,Schmiedlova A.,Stearns P.,76,61,6,2,4,6,7,5,,,,,2,1,17,13,Completed,3.14,1.35
2024-02-28,ATX Open,WTA250,Outdoor,Hard,1st Round,3,Collins D.,Gadecki O.,48,143,7,5,6,3,,,,,,,2,,13,8,Completed,1.11,6.41
2024-02-28,ATX Open,WTA250,Outdoor,Hard,2nd Round,3,Wang Y.,Arango E.,69,121,6,2,6,2,,,,,,,2,,12,4,Completed,1.26,3.79
2024-02-28,ATX Open,WTA250,Outdoor,Hard,2nd Round,3,Yuan Y.,Townsend T.,68,83,6,3,7,6,,,,,,,2,,13,9,Completed,2.14,1.69
2024-02-29,ATX Open,WTA250,Outdoor,Hard,2nd Round,3,Kalinina A.,Osorio M.,35,98,6,1,6,2,,,,,,,2,,12,3,Completed,1.75,2.05
2024-02-29,ATX Open,WTA250,Outdoor,Hard,2nd Round,3,Parry D.,Rakhimova K.,62,94,6,3,6,3,,,,,,,2,,12,6,Completed,1.55,2.41
2024-02-29,ATX Open,WTA250,Outdoor,Hard,2nd Round,3,Wang Xiy.,Semenistaja D.,64,115,6,1,6,2,,,,,,,2,,12,3,Completed,1.29,3.54
2024-02-29,ATX Open,WTA250,Outdoor,Hard,2nd Round,3,Collins D.,Volynets K.,48,112,4,6,7,6,6,0,,,,,2,1,17,12,Completed,1.2,4.36
2024-03-01,ATX Open,WTA250,Outdoor,Hard,2nd Round,3,Sevastova A.,Stephens S.,485,40,6,3,6,2,,,,,,,2,,12,5,Completed,2.72,1.45
2024-03-01,ATX Open,WTA250,Outdoor,Hard,2nd Round,3,Schmiedlova A.,Vickery S.,76,134,5,7,7,6,7,5,,,,,2,1,19,18,Completed,2.23,1.64
2024-03-01,ATX Open,WTA250,Outdoor,Hard,Quarterfinals,3,Kalinina A.,Parry D.,35,62,1,6,6,4,6,2,,,,,2,1,13,12,Completed,1.61,2.29
2024-03-01,ATX Open,WTA250,Outdoor,Hard,Quarterfinals,3,Wang Xiy.,Collins D.,64,48,6,2,,,,,,,,,1,,6,2,Retired,2.65,1.47
2024-03-02,ATX Open,WTA250,Outdoor,Hard,Quarterfinals,3,Schmiedlova A.,Sevastova A.,76,485,4,6,1,2,,,,,,,,1,5,8,Retired,3.07,1.36
2024-03-02,ATX Open,WTA250,Outdoor,Hard,Quarterfinals,3,Yuan Y.,Wang Y.,68,69,6,3,7,5,,,,,,,2,,13,8,Completed,2.01,1.78
2024-03-02,ATX Open,WTA250,Outdoor,Hard,Semifinals,3,Wang Xiy.,Kalinina A.,64,35,6,3,7,6,,,,,,,2,,13,9,Completed,1.72,2.12
2024-03-03,ATX Open,WTA250,Outdoor,Hard,Semifinals,3,Yuan Y.,Schmiedlova A.,68,76,6,0,6,3,,,,,,,2,,12,3,Completed,1.39,2.92
2024-03-03,ATX Open,WTA250,Outdoor,Hard,The Final,3,Yuan Y.,Wang Xiy.,68,64,6,4,7,6,,,,,,,2,,13,10,Completed,2.64,1.48
2024-02-26,San Diego Open,WTA500,Outdoor,Hard,1st Round,3,Boulter K.,Tsurenko L.,49,36,6,3,6,1,,,,,,,2,,12,4,Completed,1.81,1.98
2024-02-26,San Diego Open,WTA500,Outdoor,Hard,1st Round,3,Niemeier J.,Gracheva V.,126,55,6,3,6,0,,,,,,,2,,12,3,Completed,1.65,2.2
2024-02-27,San Diego Open,WTA500,Outdoor,Hard,1st Round,3,Saville D.,Zhu L.,148,58,6,3,6,3,,,,,,,2,,12,6,Completed,1.94,1.85
2024-02-27,San Diego Open,WTA500,Outdoor,Hard,1st Round,3,Stakusic M.,Melnikova M.,283,440,6,4,5,7,6,1,,,,,2,1,17,12,Completed,1.22,4.14
2024-02-27,San Diego Open,WTA500,Outdoor,Hard,1st Round,3,Wang Xin.,Tauson C.,41,92,6,2,2,6,6,1,,,,,2,1,14,9,Completed,2.14,1.69
2024-02-27,San Diego Open,WTA500,Outdoor,Hard,1st Round,3,Kostyuk M.,Li A.,34,167,6,4,4,6,6,2,,,,,2,1,16,12,Completed,1.2,4.44
2024-02-27,San Diego Open,WTA500,Outdoor,Hard,1st Round,3,Yastremska D.,Dolehide C.,33,45,6,4,5,7,6,1,,,,,2,1,17,12,Completed,1.52,2.48
2024-02-27,San Diego Open,WTA500,Outdoor,Hard,1st Round,3,Siniakova K.,Hontama M.,43,119,6,3,6,1,,,,,,,2,,12,4,Completed,1.26,3.8
2024-02-27,San Diego Open,WTA500,Outdoor,Hard,1st Round,3,Maria T.,Fernandez L.A.,47,32,6,7,4,0,,,,,,,,1,10,7,Retired,4.44,1.2
2024-02-27,San Diego Open,WTA500,Outdoor,Hard,1st Round,3,Preston T.,Frech M.,153,42,6,4,4,6,6,1,,,,,2,1,16,11,Completed,3.46,1.3
2024-02-28,San Diego Open,WTA500,Outdoor,Hard,1st Round,3,Vekic D.,Hui K.,28,872,7,5,6,2,,,,,,,2,,13,7,Completed,1.03,13.44
2024-02-28,San Diego Open,WTA500,Outdoor,Hard,1st Round,3,Blinkova A.,Wozniacki C.,51,206,1,6,6,4,6,1,,,,,2,1,13,11,Completed,2.27,1.62
2024-02-28,San Diego Open,WTA500,Outdoor,Hard,2nd Round,3,Kostyuk M.,Preston T.,34,153,6,4,6,3,,,,,,,2,,12,7,Completed,1.3,3.4
2024-02-28,San Diego Open,WTA500,Outdoor,Hard,2nd Round,3,Saville D.,Maria T.,148,47,5,7,7,6,6,2,,,,,2,1,18,15,Completed,1.59,2.33
2024-02-29,San Diego Open,WTA500,Outdoor,Hard,2nd Round,3,Boulter K.,Haddad Maia B.,49,13,3,6,6,3,6,4,,,,,2,1,15,13,Completed,2.18,1.67
2024-02-29,San Diego Open,WTA500,Outdoor,Hard,2nd Round,3,Pegula J.,Niemeier J.,5,126,6,0,6,4,,,,,,,2,,12,4,Completed,1.15,5.26
2024-02-29,San Diego Open,WTA500,Outdoor,Hard,2nd Round,3,Blinkova A.,Yastremska D.,51,33,7,6,6,2,,,,,,,2,,13,8,Completed,2.16,1.68
2024-02-29,San Diego Open,WTA500,Outdoor,Hard,2nd Round,3,Vekic D.,Stakusic M.,28,283,6,4,3,6,6,3,,,,,2,1,15,13,Completed,1.35,3.15
2024-03-01,San Diego Open,WTA500,Outdoor,Hard,2nd Round,3,Navarro E.,Siniakova K.,26,43,6,3,3,6,6,1,,,,,2,1,15,10,Completed,1.7,2.14
2024-03-01,San Diego Open,WTA500,Outdoor,Hard,2nd Round,3,Pavlyuchenkova A.,Wang Xin.,25,41,4,6,7,6,6,2,,,,,2,1,17,14,Completed,1.4,2.88
2024-03-01,San Diego Open,WTA500,Outdoor,Hard,Quarterfinals,3,Boulter K.,Vekic D.,49,28,6,4,6,3,,,,,,,2,,12,7,Completed,1.95,1.84
2024-03-01,San Diego Open,WTA500,Outdoor,Hard,Quarterfinals,3,Navarro E.,Saville D.,26,148,6,4,6,2,,,,,,,2,,12,6,Completed,1.35,3.13
2024-03-02,San Diego Open,WTA500,Outdoor,Hard,Quarterfinals,3,Pegula J.,Blinkova A.,5,51,6,1,2,6,6,2,,,,,2,1,14,9,Completed,1.2,4.58
2024-03-02,San Diego Open,WTA500,Outdoor,Hard,Quarterfinals,3,Kostyuk M.,Pavlyuchenkova A.,34,25,3,6,6,4,6,3,,,,,2,1,15,13,Completed,2.26,1.63
2024-03-02,San Diego Open,WTA500,Outdoor,Hard,Semifinals,3,Boulter K.,Navarro E.,49,26,6,3,6,1,,,,,,,2,,12,4,Completed,2.53,1.51
2024-03-03,San Diego Open,WTA500,Outdoor,Hard,Semifinals,3,Kostyuk M.,Pegula J.,34,5,7,6,6,1,,,,,,,2,,13,7,Completed,3.01,1.38
2024-03-03,San Diego Open,WTA500,Outdoor,Hard,The Final,3,Boulter K.,Kostyuk M.,49,34,5,7,6,2,6,2,,,,,2,1,17,11,Completed,2.01,1.79
2024-03-06,BNP Paribas Open,WTA1000,Outdoor,Hard,1st Round,3,Maria T.,Rus A.,46,48,7,6,6,2,,,,,,,2,,13,8,Completed,1.99,1.82
2024-03-06,BNP Paribas Open,WTA1000,Outdoor,Hard,1st Round,3,Bouzkova M.,Sorribes Tormo S.,40,50,6,1,6,1,,,,,,,2,,12,2,Completed,1.48,2.68
2024-03-06,BNP Paribas Open,WTA1000,Outdoor,Hard,1st Round,3,Kerber A.,Martic P.,607,58,6,3,6,4,,,,,,,2,,12,7,Completed,2.69,1.48
2024-03-06,BNP Paribas Open,WTA1000,Outdoor,Hard,1st Round,3,Sramkova R.,Wang Y.,127,66,6,4,6,0,,,,,,,2,,12,4,Completed,2.69,1.47
2024-03-06,BNP Paribas Open,WTA1000,Outdoor,Hard,1st Round,3,Hontama M.,Zhang S.,120,713,5,7,6,2,6,0,,,,,2,1,17,9,Completed,1.33,3.34
2024-03-06,BNP Paribas Open,WTA1000,Outdoor,Hard,1st Round,3,Volynets K.,Andreeva M.,131,38,7,5,7,5,,,,,,,2,,14,10,Completed,3.43,1.31
2024-03-06,BNP Paribas Open,WTA1000,Outdoor,Hard,1st Round,3,Giorgi C.,Boulter K.,106,27,6,3,6,2,,,,,,,2,,12,5,Completed,3.17,1.36
2024-03-06,BNP Paribas Open,WTA1000,Outdoor,Hard,1st Round,3,Pera B.,Saville D.,78,116,7,5,4,6,7,6,,,,,2,1,18,17,Completed,1.99,1.82
2024-03-06,BNP Paribas Open,WTA1000,Outdoor,Hard,1st Round,3,Putintseva Y.,Korpatsch T.,79,76,6,2,6,3,,,,,,,2,,12,5,Completed,,
2024-03-07,BNP Paribas Open,WTA1000,Outdoor,Hard,1st Round,3,Burel C.,Wang Xiy.,47,52,4,6,6,2,6,4,,,,,2,1,16,12,Completed,2.19,1.68
2024-03-07,BNP Paribas Open,WTA1000,Outdoor,Hard,1st Round,3,Bronzetti L.,Frech M.,53,43,6,2,6,4,,,,,,,2,,12,6,Completed,2.49,1.54
2024-03-07,BNP Paribas Open,WTA1000,Outdoor,Hard,1st Round,3,Siniakova K.,Minnen G.,41,81,7,5,7,6,,,,,,,2,,14,11,Completed,1.31,3.51
2024-03-07,BNP Paribas Open,WTA1000,Outdoor,Hard,1st Round,3,Raducanu E.,Masarova R.,250,96,6,2,6,3,,,,,,,2,,12,5,Completed,1.54,2.47
2024-03-07,BNP Paribas Open,WTA1000,Outdoor,Hard,1st Round,3,Podoroska N.,Krueger A.,84,71,3,6,6,3,6,3,,,,,2,1,15,12,Completed,3.45,1.31
2024-03-07,BNP Paribas Open,WTA1000,Outdoor,Hard,1st Round,3,Collins D.,Andreeva E.,56,98,7,6,7,6,,,,,,,2,,14,12,Completed,1.4,3.02
2024-03-07,BNP Paribas Open,WTA1000,Outdoor,Hard,1st Round,3,Parrizas Diaz N.,Kessler M.,134,123,6,3,7,6,,,,,,,2,,13,9,Completed,2.44,1.56
2024-03-07,BNP Paribas Open,WTA1000,Outdoor,Hard,1st Round,3,Wozniacki C.,Zhu L.,204,62,7,6,6,1,,,,,,,2,,13,7,Completed,1.68,2.2
2024-03-07,BNP Paribas Open,WTA1000,Outdoor,Hard,1st Round,3,Hibino N.,Williams V.,80,487,2,6,6,3,6,0,,,,,2,1,14,9,Completed,1.28,3.71
2024-03-07,BNP Paribas Open,WTA1000,Outdoor,Hard,1st Round,3,Baptiste H.,Montgomery R.,105,199,6,2,4,6,6,1,,,,,2,1,16,9,Completed,1.77,2.06
2024-03-07,BNP Paribas Open,WTA1000,Outdoor,Hard,1st Round,3,Blinkova A.,Pliskova Ka.,45,39,6,1,2,6,6,4,,,,,2,1,14,11,Completed,2.92,1.41
2024-03-07,BNP Paribas Open,WTA1000,Outdoor,Hard,1st Round,3,Townsend T.,Linette M.,77,54,3,6,7,6,6,1,,,,,2,1,16,13,Completed,1.7,2.17
2024-03-07,BNP Paribas Open,WTA1000,Outdoor,Hard,1st Round,3,Osaka N.,Errani S.,287,100,6,3,6,1,,,,,,,2,,12,4,Completed,1.2,4.55
2024-03-08,BNP Paribas Open,WTA1000,Outdoor,Hard,1st Round,3,Parry D.,Trevisan M.,61,59,7,5,6,3,,,,,,,2,,13,8,Completed,1.59,2.36
2024-03-08,BNP Paribas Open,WTA1000,Outdoor,Hard,1st Round,3,Wang Xin.,Schmiedlova A.,42,69,6,0,6,4,,,,,,,2,,12,4,Completed,1.27,3.79
2024-03-08,BNP Paribas Open,WTA1000,Outdoor,Hard,1st Round,3,Dodin O.,Avanesyan E.,85,63,1,6,6,3,7,6,,,,,2,1,14,15,Completed,1.99,1.82
2024-03-08,BNP Paribas Open,WTA1000,Outdoor,Hard,1st Round,3,Tsurenko L.,Hovde L.,37,286,6,3,6,1,,,,,,,2,,12,4,Completed,1.43,2.82
2024-03-08,BNP Paribas Open,WTA1000,Outdoor,Hard,1st Round,3,Dolehide C.,Bucsa C.,51,67,6,2,6,0,,,,,,,2,,12,2,Completed,2.17,1.69
2024-03-08,BNP Paribas Open,WTA1000,Outdoor,Hard,1st Round,3,Stephens S.,Sherif M.,44,70,7,5,6,3,,,,,,,2,,13,8,Completed,1.16,5.39
2024-03-08,BNP Paribas Open,WTA1000,Outdoor,Hard,1st Round,3,Yuan Y.,Gracheva V.,49,68,6,4,6,1,,,,,,,2,,12,5,Completed,1.29,3.67
2024-03-08,BNP Paribas Open,WTA1000,Outdoor,Hard,1st Round,3,Stearns P.,Cocciaretto E.,64,60,6,3,6,2,,,,,,,2,,12,5,Completed,2.22,1.63
2024-03-08,BNP Paribas Open,WTA1000,Outdoor,Hard,1st Round,3,Shnaider D.,Bogdan A.,74,65,5,7,7,6,6,3,,,,,2,1,18,16,Completed,1.65,2.25
2024-03-08,BNP Paribas Open,WTA1000,Outdoor,Hard,1st Round,3,Tomova V.,Kenin S.,75,55,6,4,7,6,,,,,,,2,,13,10,Completed,2.3,1.62
2024-03-08,BNP Paribas Open,WTA1000,Outdoor,Hard,2nd Round,3,Pavlyuchenkova A.,Parrizas Diaz N.,24,134,6,3,6,1,,,,,,,2,,12,4,Completed,1.21,4.5
2024-03-08,BNP Paribas Open,WTA1000,Outdoor,Hard,2nd Round,3,Kerber A.,Ostapenko J.,607,10,5,7,6,3,6,3,,,,,2,1,17,13,Completed,3.9,1.26
2024-03-08,BNP Paribas Open,WTA1000,Outdoor,Hard,2nd Round,3,Putintseva Y.,Alexandrova E.,79,16,7,5,6,1,,,,,,,2,,13,6,Completed,2.67,1.48
2024-03-08,BNP Paribas Open,WTA1000,Outdoor,Hard,2nd Round,3,Vondrousova M.,Pera B.,7,78,6,0,6,2,,,,,,,2,,12,2,Completed,1.35,3.23
2024-03-08,BNP Paribas Open,WTA1000,Outdoor,Hard,2nd Round,3,Swiatek I.,Collins D.,1,56,6,3,6,0,,,,,,,2,,12,3,Completed,1.1,6.97
2024-03-08,BNP Paribas Open,WTA1000,Outdoor,Hard,2nd Round,3,Kudermetova V.,Hibino N.,19,80,6,1,7,5,,,,,,,2,,13,6,Completed,1.32,3.39
2024-03-08,BNP Paribas Open,WTA1000,Outdoor,Hard,2nd Round,3,Wozniacki C.,Vekic D.,204,36,7,6,6,3,,,,,,,2,,13,9,Completed,1.96,1.86
2024-03-08,BNP Paribas Open,WTA1000,Outdoor,Hard,2nd Round,3,Kostyuk M.,Hontama M.,32,120,6,4,6,2,,,,,,,2,,12,6,Completed,1.2,4.64
2024-03-09,BNP Paribas Open,WTA1000,Outdoor,Hard,2nd Round,3,Paolini J.,Maria T.,14,46,6,3,6,3,,,,,,,2,,12,6,Completed,1.36,3.18
2024-03-09,BNP Paribas Open,WTA1000,Outdoor,Hard,2nd Round,3,Potapova A.,Bouzkova M.,33,40,7,5,6,1,,,,,,,2,,13,6,Completed,2.21,1.67
2024-03-09,BNP Paribas Open,WTA1000,Outdoor,Hard,2nd Round,3,Haddad Maia B.,Sramkova R.,13,127,7,5,6,2,,,,,,,2,,13,7,Completed,1.2,4.63
2024-03-09,BNP Paribas Open,WTA1000,Outdoor,Hard,2nd Round,3,Volynets K.,Jabeur O.,131,6,6,4,6,4,,,,,,,2,,12,8,Completed,2.55,1.52
2024-03-09,BNP Paribas Open,WTA1000,Outdoor,Hard,2nd Round,3,Kalinskaya A.,Townsend T.,25,77,7,5,3,6,6,4,,,,,2,1,16,15,Completed,1.35,3.25
2024-03-09,BNP Paribas Open,WTA1000,Outdoor,Hard,2nd Round,3,Noskova L.,Giorgi C.,29,106,6,3,7,5,,,,,,,2,,13,8,Completed,1.5,2.6
2024-03-09,BNP Paribas Open,WTA1000,Outdoor,Hard,2nd Round,3,Podoroska N.,Day K.,84,88,7,6,6,4,,,,,,,2,,13,10,Completed,1.74,2.11
2024-03-09,BNP Paribas Open,WTA1000,Outdoor,Hard,2nd Round,3,Keys M.,Baptiste H.,20,105,6,4,4,6,7,6,,,,,2,1,17,16,Completed,1.51,2.56
2024-03-09,BNP Paribas Open,WTA1000,Outdoor,Hard,2nd Round,3,Kasatkina D.,Dodin O.,12,85,6,3,7,6,,,,,,,2,,13,9,Completed,1.23,4.22
2024-03-09,BNP Paribas Open,WTA1000,Outdoor,Hard,2nd Round,3,Bronzetti L.,Kalinina A.,53,35,6,3,6,4,,,,,,,2,,12,7,Completed,2.41,1.57
2024-03-09,BNP Paribas Open,WTA1000,Outdoor,Hard,2nd Round,3,Gauff C.,Burel C.,3,47,2,6,6,3,7,6,,,,,2,1,15,15,Completed,1.12,6.3
2024-03-09,BNP Paribas Open,WTA1000,Outdoor,Hard,2nd Round,3,Parry D.,Fernandez L.A.,61,34,7,5,5,7,6,2,,,,,2,1,18,14,Completed,2.73,1.46
2024-03-09,BNP Paribas Open,WTA1000,Outdoor,Hard,2nd Round,3,Raducanu E.,Yastremska D.,250,31,4,0,,,,,,,,,,,4,0,Retired,1.59,2.36
2024-03-09,BNP Paribas Open,WTA1000,Outdoor,Hard,2nd Round,3,Sakkari M.,Shnaider D.,9,74,5,7,6,4,6,0,,,,,2,1,17,11,Completed,1.49,2.64
2024-03-09,BNP Paribas Open,WTA1000,Outdoor,Hard,2nd Round,3,Mertens E.,Wang Xin.,28,42,6,1,6,4,,,,,,,2,,12,5,Completed,1.81,2.01
2024-03-09,BNP Paribas Open,WTA1000,Outdoor,Hard,2nd Round,3,Garcia C.,Tomova V.,26,75,6,1,3,6,6,3,,,,,2,1,15,10,Completed,1.49,2.61
2024-03-09,BNP Paribas Open,WTA1000,Outdoor,Hard,2nd Round,3,Blinkova A.,Pegula J.,45,5,6,2,3,6,6,3,,,,,2,1,15,11,Completed,4.38,1.21
2024-03-09,BNP Paribas Open,WTA1000,Outdoor,Hard,2nd Round,3,Stephens S.,Cirstea S.,44,22,6,0,7,5,,,,,,,2,,13,5,Completed,2.12,1.73
2024-03-09,BNP Paribas Open,WTA1000,Outdoor,Hard,2nd Round,3,Dolehide C.,Azarenka V.,51,30,7,5,2,6,6,3,,,,,2,1,15,14,Completed,4.25,1.22
2024-03-09,BNP Paribas Open,WTA1000,Outdoor,Hard,2nd Round,3,Osaka N.,Samsonova L.,287,15,7,5,6,3,,,,,,,2,,13,8,Completed,1.89,1.92
2024-03-10,BNP Paribas Open,WTA1000,Outdoor,Hard,2nd Round,3,Svitolina E.,Siniakova K.,17,41,6,3,2,6,6,1,,,,,2,1,14,10,Completed,1.49,2.63
2024-03-10,BNP Paribas Open,WTA1000,Outdoor,Hard,2nd Round,3,Sabalenka A.,Stearns P.,2,64,6,7,6,2,7,6,,,,,2,1,19,15,Completed,1.08,8.05
2024-03-10,BNP Paribas Open,WTA1000,Outdoor,Hard,2nd Round,3,Navarro E.,Tsurenko L.,23,37,4,6,7,5,7,5,,,,,2,1,18,16,Completed,1.45,2.78
2024-03-10,BNP Paribas Open,WTA1000,Outdoor,Hard,2nd Round,3,Yuan Y.,Zheng Q.,49,8,6,4,6,3,,,,,,,2,,12,7,Completed,3.78,1.27
2024-03-10,BNP Paribas Open,WTA1000,Outdoor,Hard,3rd Round,3,Swiatek I.,Noskova L.,1,29,6,4,6,0,,,,,,,2,,12,4,Completed,1.12,6.36
2024-03-10,BNP Paribas Open,WTA1000,Outdoor,Hard,3rd Round,3,Putintseva Y.,Keys M.,79,20,6,4,6,1,,,,,,,2,,12,5,Completed,2.12,1.73
2024-03-10,BNP Paribas Open,WTA1000,Outdoor,Hard,3rd Round,3,Paolini J.,Kalinskaya A.,14,25,6,3,3,6,6,4,,,,,2,1,15,13,Completed,2.33,1.61
2024-03-10,BNP Paribas Open,WTA1000,Outdoor,Hard,3rd Round,3,Potapova A.,Podoroska N.,33,84,6,1,6,1,,,,,,,2,,12,2,Completed,1.3,3.53
2024-03-10,BNP Paribas Open,WTA1000,Outdoor,Hard,3rd Round,3,Kerber A.,Kudermetova V.,607,19,6,4,7,5,,,,,,,2,,13,9,Completed,2.37,1.59
2024-03-11,BNP Paribas Open,WTA1000,Outdoor,Hard,3rd Round,3,Wozniacki C.,Volynets K.,204,131,6,2,4,6,6,0,,,,,2,1,16,8,Completed,1.51,2.59
2024-03-11,BNP Paribas Open,WTA1000,Outdoor,Hard,3rd Round,3,Pavlyuchenkova A.,Haddad Maia B.,24,13,2,6,6,4,6,3,,,,,2,1,14,13,Completed,1.57,2.42
2024-03-11,BNP Paribas Open,WTA1000,Outdoor,Hard,3rd Round,3,Gauff C.,Bronzetti L.,3,53,6,2,7,6,,,,,,,2,,13,8,Completed,1.1,7.08
2024-03-11,BNP Paribas Open,WTA1000,Outdoor,Hard,3rd Round,3,Yuan Y.,Dolehide C.,49,51,1,6,6,4,7,6,,,,,2,1,14,16,Completed,1.5,2.6
2024-03-11,BNP Paribas Open,WTA1000,Outdoor,Hard,3rd Round,3,Sabalenka A.,Raducanu E.,2,250,6,3,7,5,,,,,,,2,,13,8,Completed,1.2,4.6
2024-03-11,BNP Paribas Open,WTA1000,Outdoor,Hard,3rd Round,3,Kasatkina D.,Stephens S.,12,44,2,6,6,4,6,4,,,,,2,1,14,14,Completed,1.8,2.02
2024-03-11,BNP Paribas Open,WTA1000,Outdoor,Hard,3rd Round,3,Mertens E.,Osaka N.,28,287,7,5,6,4,,,,,,,2,,13,9,Completed,2.25,1.65
2024-03-11,BNP Paribas Open,WTA1000,Outdoor,Hard,3rd Round,3,Parry D.,Blinkova A.,61,45,6,4,6,3,,,,,,,2,,12,7,Completed,2.08,1.76
2024-03-12,BNP Paribas Open,WTA1000,Outdoor,Hard,3rd Round,3,Sakkari M.,Garcia C.,9,26,6,3,6,4,,,,,,,2,,12,7,Completed,1.56,2.44
2024-03-12,BNP Paribas Open,WTA1000,Outdoor,Hard,3rd Round,3,Navarro E.,Svitolina E.,23,17,6,1,4,6,6,3,,,,,2,1,16,10,Completed,2.24,1.65
2024-03-12,BNP Paribas Open,WTA1000,Outdoor,Hard,4th Round,3,Potapova A.,Paolini J.,33,14,7,5,0,6,6,3,,,,,2,1,13,14,Completed,2.13,1.72
2024-03-12,BNP Paribas Open,WTA1000,Outdoor,Hard,4th Round,3,Kostyuk M.,Pavlyuchenkova A.,32,24,6,4,6,1,,,,,,,2,,12,5,Completed,2.19,1.69
2024-03-13,BNP Paribas Open,WTA1000,Outdoor,Hard,4th Round,3,Wozniacki C.,Kerber A.,204,607,6,4,6,2,,,,,,,2,,12,6,Completed,1.73,2.12
2024-03-13,BNP Paribas Open,WTA1000,Outdoor,Hard,4th Round,3,Swiatek I.,Putintseva Y.,1,79,6,1,6,2,,,,,,,2,,12,3,Completed,1.04,12.45
2024-03-13,BNP Paribas Open,WTA1000,Outdoor,Hard,4th Round,3,Navarro E.,Sabalenka A.,23,2,6,3,3,6,6,2,,,,,2,1,15,11,Completed,4.3,1.22
2024-03-13,BNP Paribas Open,WTA1000,Outdoor,Hard,4th Round,3,Gauff C.,Mertens E.,3,28,6,0,6,2,,,,,,,2,,12,2,Completed,1.3,3.56
2024-03-13,BNP Paribas Open,WTA1000,Outdoor,Hard,4th Round,3,Sakkari M.,Parry D.,9,61,6,2,3,6,6,3,,,,,2,1,15,11,Completed,1.4,2.97
2024-03-14,BNP Paribas Open,WTA1000,Outdoor,Hard,4th Round,3,Yuan Y.,Kasatkina D.,49,12,4,6,6,4,6,3,,,,,2,1,16,13,Completed,2.48,1.54
2024-03-14,BNP Paribas Open,WTA1000,Outdoor,Hard,Quarterfinals,3,Kostyuk M.,Potapova A.,32,33,6,0,7,5,,,,,,,2,,13,5,Completed,1.66,2.24
2024-03-14,BNP Paribas Open,WTA1000,Outdoor,Hard,Quarterfinals,3,Swiatek I.,Wozniacki C.,1,204,6,4,1,0,,,,,,,1,,7,4,Retired,1.08,8.55
2024-03-14,BNP Paribas Open,WTA1000,Outdoor,Hard,Quarterfinals,3,Gauff C.,Yuan Y.,3,49,6,4,6,3,,,,,,,2,,12,7,Completed,1.16,5.34
2024-03-15,BNP Paribas Open,WTA1000,Outdoor,Hard,Quarterfinals,3,Sakkari M.,Navarro E.,9,23,5,7,6,2,6,4,,,,,2,1,17,13,Completed,2.09,1.75
2024-03-15,BNP Paribas Open,WTA1000,Outdoor,Hard,Semifinals,3,Swiatek I.,Kostyuk M.,1,32,6,2,6,1,,,,,,,2,,12,3,Completed,1.11,6.83
2024-03-16,BNP Paribas Open,WTA1000,Outdoor,Hard,Semifinals,3,Sakkari M.,Gauff C.,9,3,6,4,6,7,6,2,,,,,2,1,18,13,Completed,3.32,1.34
2024-03-17,BNP Paribas Open,WTA1000,Outdoor,Hard,The Final,3,Swiatek I.,Sakkari M.,1,9,6,4,6,0,,,,,,,2,,12,4,Completed,1.18,5.07
2024-03-19,Miami Open,WTA1000,Outdoor,Hard,1st Round,3,Wang Xin.,Baptiste H.,43,96,7,6,6,3,,,,,,,2,,13,9,Completed,1.68,2.18
2024-03-19,Miami Open,WTA1000,Outdoor,Hard,1st Round,3,Yuan Y.,Blinkova A.,37,44,6,4,6,2,,,,,,,2,,12,6,Completed,1.69,2.16
2024-03-19,Miami Open,WTA1000,Outdoor,Hard,1st Round,3,Stearns P.,Wang Y.,67,64,6,2,6,3,,,,,,,2,,12,5,Completed,1.78,2.03
2024-03-19,Miami Open,WTA1000,Outdoor,Hard,1st Round,3,Saville D.,Zhang S.,115,711,6,4,2,6,6,4,,,,,2,1,14,14,Completed,1.22,4.17
2024-03-19,Miami Open,WTA1000,Outdoor,Hard,1st Round,3,Tauson C.,Dolehide C.,91,50,6,3,3,6,6,2,,,,,2,1,15,11,Completed,1.53,2.47
2024-03-19,Miami Open,WTA1000,Outdoor,Hard,1st Round,3,Shnaider D.,Williams V.,62,457,6,3,6,3,,,,,,,2,,12,6,Completed,1.13,5.88
2024-03-19,Miami Open,WTA1000,Outdoor,Hard,1st Round,3,Siegemund L.,Krunic A.,90,626,4,6,6,2,6,2,,,,,2,1,16,10,Completed,1.22,4.22
2024-03-19,Miami Open,WTA1000,Outdoor,Hard,1st Round,3,Siniakova K.,Bogdan A.,42,66,6,2,6,4,,,,,,,2,,12,6,Completed,1.49,2.6
2024-03-19,Miami Open,WTA1000,Outdoor,Hard,1st Round,3,Wozniacki C.,Burel C.,129,45,6,1,6,4,,,,,,,2,,12,5,Completed,1.59,2.35
2024-03-19,Miami Open,WTA1000,Outdoor,Hard,1st Round,3,Townsend T.,Bronzetti L.,72,49,3,6,6,3,6,4,,,,,2,1,15,13,Completed,1.57,2.39
2024-03-19,Miami Open,WTA1000,Outdoor,Hard,1st Round,3,Fruhvirtova B.,Carle M.,105,100,6,3,6,3,,,,,,,2,,12,6,Completed,1.48,2.65
2024-03-19,Miami Open,WTA1000,Outdoor,Hard,1st Round,3,Wang Xiy.,Schmiedlova A.,56,69,6,1,6,3,,,,,,,2,,12,4,Completed,1.37,3.05
2024-03-19,Miami Open,WTA1000,Outdoor,Hard,1st Round,3,Badosa P.,Halep S.,80,,1,6,6,4,6,3,,,,,2,1,13,13,Completed,2.08,1.74
2024-03-19,Miami Open,WTA1000,Outdoor,Hard,1st Round,3,Tsurenko L.,Linette M.,40,55,2,6,6,1,6,4,,,,,2,1,14,11,Completed,1.6,2.32
2024-03-19,Miami Open,WTA1000,Outdoor,Hard,1st Round,3,Putintseva Y.,Bucsa C.,68,74,6,2,3,6,6,4,,,,,2,1,15,12,Completed,1.44,2.76
2024-03-19,Miami Open,WTA1000,Outdoor,Hard,1st Round,3,Parry D.,Cristian J.,54,82,7,6,6,2,,,,,,,2,,13,8,Completed,1.45,2.75
2024-03-20,Miami Open,WTA1000,Outdoor,Hard,1st Round,3,Zhu L.,Bouzkova M.,63,39,6,2,6,4,,,,,,,2,,12,6,Completed,2.5,1.53
2024-03-20,Miami Open,WTA1000,Outdoor,Hard,1st Round,3,Giorgi C.,Frech M.,107,47,6,4,6,2,,,,,,,2,,12,6,Completed,2.05,1.76
2024-03-20,Miami Open,WTA1000,Outdoor,Hard,1st Round,3,Avanesyan E.,Andreeva E.,65,94,6,0,3,6,6,1,,,,,2,1,15,7,Completed,2.97,1.39
2024-03-20,Miami Open,WTA1000,Outdoor,Hard,1st Round,3,Timofeeva M.,Gracheva V.,99,83,6,3,6,3,,,,,,,2,,12,6,Completed,1.37,3.1
2024-03-20,Miami Open,WTA1000,Outdoor,Hard,1st Round,3,Stephens S.,Kerber A.,41,342,6,2,6,3,,,,,,,2,,12,5,Completed,1.64,2.23
2024-03-20,Miami Open,WTA1000,Outdoor,Hard,1st Round,3,Liu C.,Martic P.,114,60,6,4,6,1,,,,,,,2,,12,5,Completed,2.28,1.62
2024-03-20,Miami Open,WTA1000,Outdoor,Hard,1st Round,3,Arango E.,Maria T.,123,48,6,2,6,3,,,,,,,2,,12,5,Completed,2.61,1.49
2024-03-20,Miami Open,WTA1000,Outdoor,Hard,1st Round,3,Collins D.,Pera B.,53,81,3,6,6,1,6,1,,,,,2,1,15,8,Completed,1.25,3.93
2024-03-20,Miami Open,WTA1000,Outdoor,Hard,1st Round,3,Rogers S.,Fruhvirtova L.,325,138,4,6,6,4,6,2,,,,,2,1,16,12,Completed,2.0,1.8
2024-03-20,Miami Open,WTA1000,Outdoor,Hard,1st Round,3,Rus A.,Sorribes Tormo S.,57,52,6,0,6,3,,,,,,,2,,12,3,Completed,2.03,1.78
2024-03-20,Miami Open,WTA1000,Outdoor,Hard,1st Round,3,Tomova V.,Korpatsch T.,73,77,6,2,6,4,,,,,,,2,,12,6,Completed,1.55,2.43
2024-03-20,Miami Open,WTA1000,Outdoor,Hard,1st Round,3,Podoroska N.,Krueger A.,78,75,6,4,6,2,,,,,,,2,,12,6,Completed,2.72,1.45
2024-03-20,Miami Open,WTA1000,Outdoor,Hard,1st Round,3,Vekic D.,Pliskova Ka.,34,46,6,4,2,6,6,2,,,,,2,1,14,12,Completed,2.13,1.71
2024-03-20,Miami Open,WTA1000,Outdoor,Hard,1st Round,3,Volynets K.,Kenin S.,121,58,6,2,4,6,6,3,,,,,2,1,16,11,Completed,1.86,1.93
2024-03-20,Miami Open,WTA1000,Outdoor,Hard,1st Round,3,Hunter S.,Trevisan M.,122,61,6,3,3,0,,,,,,,1,,9,3,Retired,1.51,2.54
2024-03-20,Miami Open,WTA1000,Outdoor,Hard,1st Round,3,Osaka N.,Cocciaretto E.,229,51,6,3,6,4,,,,,,,2,,12,7,Completed,1.48,2.62
2024-03-21,Miami Open,WTA1000,Outdoor,Hard,2nd Round,3,Boulter K.,Fruhvirtova B.,30,105,7,6,1,0,,,,,,,1,,8,6,Retired,1.52,2.5
2024-03-21,Miami Open,WTA1000,Outdoor,Hard,2nd Round,3,Townsend T.,Mertens E.,72,28,6,2,6,2,,,,,,,2,,12,4,Completed,2.41,1.56
2024-03-21,Miami Open,WTA1000,Outdoor,Hard,2nd Round,3,Haddad Maia B.,Parry D.,13,54,3,6,6,1,6,4,,,,,2,1,15,11,Completed,1.59,2.35
2024-03-21,Miami Open,WTA1000,Outdoor,Hard,2nd Round,3,Minnen G.,Tsurenko L.,79,40,7,5,6,1,,,,,,,2,,13,6,Completed,2.41,1.56
2024-03-21,Miami Open,WTA1000,Outdoor,Hard,2nd Round,3,Kalinina A.,Wozniacki C.,36,129,5,7,7,5,6,4,,,,,2,1,18,16,Completed,3.11,1.36
2024-03-21,Miami Open,WTA1000,Outdoor,Hard,2nd Round,3,Kalinskaya A.,Wang Xiy.,25,56,6,2,6,2,,,,,,,2,,12,4,Completed,1.48,2.61
2024-03-21,Miami Open,WTA1000,Outdoor,Hard,2nd Round,3,Sakkari M.,Yuan Y.,9,37,6,2,6,2,,,,,,,2,,12,4,Completed,1.43,2.79
2024-03-21,Miami Open,WTA1000,Outdoor,Hard,2nd Round,3,Putintseva Y.,Samsonova L.,68,15,6,1,4,6,6,3,,,,,2,1,16,10,Completed,2.65,1.48
2024-03-21,Miami Open,WTA1000,Outdoor,Hard,2nd Round,3,Yastremska D.,Saville D.,33,115,7,5,7,5,,,,,,,2,,14,10,Completed,2.09,1.72
2024-03-21,Miami Open,WTA1000,Outdoor,Hard,2nd Round,3,Keys M.,Shnaider D.,18,62,6,2,6,4,,,,,,,2,,12,6,Completed,1.82,1.97
2024-03-21,Miami Open,WTA1000,Outdoor,Hard,2nd Round,3,Ostapenko J.,Siegemund L.,10,90,7,6,6,4,,,,,,,2,,13,10,Completed,1.35,3.16
2024-03-21,Miami Open,WTA1000,Outdoor,Hard,2nd Round,3,Zheng Q.,Siniakova K.,7,42,4,6,6,3,1,0,,,,,1,1,11,9,Retired,1.48,2.61
2024-03-22,Miami Open,WTA1000,Outdoor,Hard,2nd Round,3,Azarenka V.,Stearns P.,32,67,7,5,3,6,6,4,,,,,2,1,16,15,Completed,1.45,2.72
2024-03-22,Miami Open,WTA1000,Outdoor,Hard,2nd Round,3,Rybakina E.,Tauson C.,4,91,3,6,7,5,6,4,,,,,2,1,16,15,Completed,1.13,5.9
2024-03-22,Miami Open,WTA1000,Outdoor,Hard,2nd Round,3,Wang Xin.,Kudermetova V.,43,19,6,3,6,2,,,,,,,2,,12,5,Completed,2.11,1.72
2024-03-22,Miami Open,WTA1000,Outdoor,Hard,2nd Round,3,Gauff C.,Podoroska N.,3,78,6,1,6,2,,,,,,,2,,12,3,Completed,1.07,8.06
2024-03-22,Miami Open,WTA1000,Outdoor,Hard,2nd Round,3,Sabalenka A.,Badosa P.,2,80,6,4,6,3,,,,,,,2,,12,7,Completed,1.32,3.37
2024-03-22,Miami Open,WTA1000,Outdoor,Hard,2nd Round,3,Alexandrova E.,Vekic D.,16,34,6,3,6,4,,,,,,,2,,12,7,Completed,1.95,1.84
2024-03-22,Miami Open,WTA1000,Outdoor,Hard,2nd Round,3,Pavlyuchenkova A.,Rogers S.,22,325,6,2,6,1,,,,,,,2,,12,3,Completed,1.2,4.49
2024-03-22,Miami Open,WTA1000,Outdoor,Hard,2nd Round,3,Navarro E.,Hunter S.,20,122,6,4,6,3,,,,,,,2,,12,7,Completed,1.28,3.64
2024-03-22,Miami Open,WTA1000,Outdoor,Hard,2nd Round,3,Dodin O.,Rus A.,84,57,6,4,3,6,6,3,,,,,2,1,15,13,Completed,1.96,1.82
2024-03-23,Miami Open,WTA1000,Outdoor,Hard,2nd Round,3,Pegula J.,Zhu L.,5,63,6,4,4,1,,,,,,,1,,10,5,Retired,1.21,4.33
2024-03-23,Miami Open,WTA1000,Outdoor,Hard,2nd Round,3,Fernandez L.A.,Arango E.,35,123,6,4,6,2,,,,,,,2,,12,6,Completed,1.23,4.08
2024-03-23,Miami Open,WTA1000,Outdoor,Hard,2nd Round,3,Paolini J.,Volynets K.,14,121,7,6,7,5,,,,,,,2,,14,11,Completed,1.47,2.63
2024-03-23,Miami Open,WTA1000,Outdoor,Hard,2nd Round,3,Collins D.,Potapova A.,53,29,6,2,6,2,,,,,,,2,,12,4,Completed,1.56,2.41
2024-03-23,Miami Open,WTA1000,Outdoor,Hard,2nd Round,3,Kasatkina D.,Liu C.,11,114,6,0,1,0,,,,,,,1,,7,0,Retired,1.39,2.94
2024-03-23,Miami Open,WTA1000,Outdoor,Hard,2nd Round,3,Noskova L.,Timofeeva M.,31,99,6,4,6,4,,,,,,,2,,12,8,Completed,1.41,2.89
2024-03-23,Miami Open,WTA1000,Outdoor,Hard,2nd Round,3,Cirstea S.,Stephens S.,24,41,6,2,6,1,,,,,,,2,,12,3,Completed,1.94,1.84
2024-03-23,Miami Open,WTA1000,Outdoor,Hard,2nd Round,3,Osaka N.,Svitolina E.,229,17,6,2,7,6,,,,,,,2,,13,8,Completed,1.88,1.92
2024-03-23,Miami Open,WTA1000,Outdoor,Hard,2nd Round,3,Swiatek I.,Giorgi C.,1,107,6,1,6,1,,,,,,,2,,12,2,Completed,1.02,12.76
2024-03-23,Miami Open,WTA1000,Outdoor,Hard,2nd Round,3,Garcia C.,Tomova V.,27,73,6,1,5,2,,,,,,,1,,11,3,Retired,1.43,2.77
2024-03-23,Miami Open,WTA1000,Outdoor,Hard,2nd Round,3,Avanesyan E.,Jabeur O.,65,6,6,1,4,6,6,3,,,,,2,1,16,10,Completed,2.75,1.44
2024-03-23,Miami Open,WTA1000,Outdoor,Hard,3rd Round,3,Azarenka V.,Zheng Q.,32,7,6,4,7,5,,,,,,,2,,13,9,Completed,2.11,1.72
2024-03-23,Miami Open,WTA1000,Outdoor,Hard,3rd Round,3,Sakkari M.,Yastremska D.,9,33,7,5,6,4,,,,,,,2,,13,9,Completed,1.27,3.73
2024-03-23,Miami Open,WTA1000,Outdoor,Hard,3rd Round,3,Keys M.,Wang Xin.,18,43,6,4,7,6,,,,,,,2,,13,10,Completed,1.63,2.26
2024-03-24,Miami Open,WTA1000,Outdoor,Hard,3rd Round,3,Rybakina E.,Townsend T.,4,72,6,3,6,7,6,4,,,,,2,1,18,14,Completed,1.19,4.7
2024-03-24,Miami Open,WTA1000,Outdoor,Hard,3rd Round,3,Kalinina A.,Sabalenka A.,36,2,6,4,1,6,6,1,,,,,2,1,13,11,Completed,6.95,1.1
2024-03-24,Miami Open,WTA1000,Outdoor,Hard,3rd Round,3,Putintseva Y.,Minnen G.,68,79,6,2,2,6,6,4,,,,,2,1,14,12,Completed,1.64,2.25
2024-03-24,Miami Open,WTA1000,Outdoor,Hard,3rd Round,3,Kalinskaya A.,Ostapenko J.,25,10,6,3,6,1,,,,,,,2,,12,4,Completed,1.86,1.94
2024-03-24,Miami Open,WTA1000,Outdoor,Hard,3rd Round,3,Boulter K.,Haddad Maia B.,30,13,6,2,6,3,,,,,,,2,,12,5,Completed,2.01,1.79
2024-03-24,Miami Open,WTA1000,Outdoor,Hard,3rd Round,3,Cirstea S.,Kasatkina D.,24,11,7,5,6,2,,,,,,,2,,13,7,Completed,2.0,1.8
2024-03-24,Miami Open,WTA1000,Outdoor,Hard,3rd Round,3,Navarro E.,Paolini J.,20,14,6,2,3,6,6,0,,,,,2,1,15,8,Completed,1.62,2.29
2024-03-24,Miami Open,WTA1000,Outdoor,Hard,3rd Round,3,Gauff C.,Dodin O.,3,84,6,4,6,0,,,,,,,2,,12,4,Completed,1.05,10.72
2024-03-24,Miami Open,WTA1000,Outdoor,Hard,3rd Round,3,Alexandrova E.,Pavlyuchenkova A.,16,22,6,4,3,6,6,3,,,,,2,1,15,13,Completed,2.36,1.58
2024-03-24,Miami Open,WTA1000,Outdoor,Hard,3rd Round,3,Pegula J.,Fernandez L.A.,5,35,7,5,6,4,,,,,,,2,,13,9,Completed,1.35,3.18
2024-03-24,Miami Open,WTA1000,Outdoor,Hard,3rd Round,3,Garcia C.,Osaka N.,27,229,7,6,7,5,,,,,,,2,,14,11,Completed,2.85,1.42
2024-03-24,Miami Open,WTA1000,Outdoor,Hard,3rd Round,3,Collins D.,Avanesyan E.,53,65,6,1,6,2,,,,,,,2,,12,3,Completed,1.22,4.26
2024-03-24,Miami Open,WTA1000,Outdoor,Hard,3rd Round,3,Swiatek I.,Noskova L.,1,31,6,7,6,4,6,4,,,,,2,1,18,15,Completed,1.05,10.12
2024-03-25,Miami Open,WTA1000,Outdoor,Hard,4th Round,3,Putintseva Y.,Kalinina A.,68,36,6,4,7,6,,,,,,,2,,13,10,Completed,1.99,1.81
2024-03-25,Miami Open,WTA1000,Outdoor,Hard,4th Round,3,Rybakina E.,Keys M.,4,18,6,3,7,5,,,,,,,2,,13,8,Completed,1.38,3.02
2024-03-25,Miami Open,WTA1000,Outdoor,Hard,4th Round,3,Azarenka V.,Boulter K.,32,30,7,5,6,1,,,,,,,2,,13,6,Completed,1.61,2.3
2024-03-25,Miami Open,WTA1000,Outdoor,Hard,4th Round,3,Garcia C.,Gauff C.,27,3,6,3,1,6,6,2,,,,,2,1,13,11,Completed,4.14,1.23
2024-03-25,Miami Open,WTA1000,Outdoor,Hard,4th Round,3,Collins D.,Cirstea S.,53,24,6,3,6,2,,,,,,,2,,12,5,Completed,1.66,2.22
2024-03-26,Miami Open,WTA1000,Outdoor,Hard,4th Round,3,Pegula J.,Navarro E.,5,20,7,6,6,3,,,,,,,2,,13,9,Completed,1.51,2.54
2024-03-26,Miami Open,WTA1000,Outdoor,Hard,4th Round,3,Alexandrova E.,Swiatek I.,16,1,6,4,6,2,,,,,,,2,,12,6,Completed,8.12,1.08
2024-03-26,Miami Open,WTA1000,Outdoor,Hard,Quarterfinals,3,Azarenka V.,Putintseva Y.,32,68,7,6,1,6,6,3,,,,,2,1,14,15,Completed,1.35,3.2
2024-03-27,Miami Open,WTA1000,Outdoor,Hard,Quarterfinals,3,Rybakina E.,Sakkari M.,4,9,7,5,6,7,6,4,,,,,2,1,19,16,Completed,1.38,3.05
2024-03-27,Miami Open,WTA1000,Outdoor,Hard,Quarterfinals,3,Collins D.,Garcia C.,53,27,6,3,6,2,,,,,,,2,,12,5,Completed,1.43,2.8
2024-03-27,Miami Open,WTA1000,Outdoor,Hard,Quarterfinals,3,Alexandrova E.,Pegula J.,16,5,3,6,6,4,6,4,,,,,2,1,15,14,Completed,2.49,1.53
2024-03-28,Miami Open,WTA1000,Outdoor,Hard,Semifinals,3,Rybakina E.,Azarenka V.,4,32,6,4,0,6,7,6,,,,,2,1,13,16,Completed,1.39,3.0
2024-03-29,Miami Open,WTA1000,Outdoor,Hard,Semifinals,3,Collins D.,Alexandrova E.,53,16,6,3,6,2,,,,,,,2,,12,5,Completed,1.61,2.33
2024-03-30,Miami Open,WTA1000,Outdoor,Hard,The Final,3,Collins D.,Rybakina E.,53,4,7,5,6,3,,,,,,,2,,13,8,Completed,2.34,1.6
2024-04-01,Copa Colsanitas,WTA250,Outdoor,Clay,1st Round,3,Zarazua R.,Higuita Barraza M. I.,103,,6,0,6,0,,,,,,,2,,12,0,Completed,1.02,17.23
2024-04-02,Copa Colsanitas,WTA250,Outdoor,Clay,1st Round,3,Sorribes Tormo S.,Timofeeva M.,50,93,6,1,6,3,,,,,,,2,,12,4,Completed,1.99,1.8
2024-04-02,Copa Colsanitas,WTA250,Outdoor,Clay,1st Round,3,Errani S.,Starodubtseva Y.,117,136,6,2,7,6,,,,,,,2,,13,8,Completed,1.73,2.09
2024-04-02,Copa Colsanitas,WTA250,Outdoor,Clay,1st Round,3,Niemeier J.,Brancaccio N.,113,235,6,2,6,3,,,,,,,2,,12,5,Completed,1.56,2.39
2024-04-02,Copa Colsanitas,WTA250,Outdoor,Clay,1st Round,3,Rakhimova K.,Mediorreal Arias V.,92,,6,4,6,7,6,1,,,,,2,1,18,12,Completed,1.02,15.39
2024-04-02,Copa Colsanitas,WTA250,Outdoor,Clay,1st Round,3,Bara I.,Zavatska K.,178,195,2,6,6,3,6,4,,,,,2,1,14,13,Completed,2.63,1.48
2024-04-02,Copa Colsanitas,WTA250,Outdoor,Clay,1st Round,3,Bucsa C.,You X.,75,211,6,1,7,5,,,,,,,2,,13,6,Completed,1.28,3.64
2024-04-02,Copa Colsanitas,WTA250,Outdoor,Clay,1st Round,3,Osorio M.,Stakusic M.,85,206,6,4,6,2,,,,,,,2,,12,6,Completed,1.39,2.96
2024-04-02,Copa Colsanitas,WTA250,Outdoor,Clay,1st Round,3,Baptiste H.,Zidansek T.,96,127,6,2,4,6,6,3,,,,,2,1,16,11,Completed,1.95,1.83
2024-04-02,Copa Colsanitas,WTA250,Outdoor,Clay,1st Round,3,Todoni A.,Stefanini L.,217,147,4,6,6,2,6,4,,,,,2,1,16,12,Completed,1.62,2.28
2024-04-02,Copa Colsanitas,WTA250,Outdoor,Clay,1st Round,3,Maria T.,Bondar A.,46,112,6,3,6,2,,,,,,,2,,12,5,Completed,1.92,1.86
2024-04-02,Copa Colsanitas,WTA250,Outdoor,Clay,1st Round,3,Pigossi L.,Podoroska N.,119,67,6,4,6,1,,,,,,,2,,12,5,Completed,4.22,1.22
2024-04-02,Copa Colsanitas,WTA250,Outdoor,Clay,1st Round,3,Riera J.,Arango E.,111,118,6,0,6,3,,,,,,,2,,12,3,Completed,1.83,1.96
2024-04-03,Copa Colsanitas,WTA250,Outdoor,Clay,1st Round,3,Siegemund L.,Shymanovich I.,89,230,7,6,7,5,,,,,,,2,,14,11,Completed,1.26,3.75
2024-04-03,Copa Colsanitas,WTA250,Outdoor,Clay,1st Round,3,Bouzkova M.,Marino R.,42,156,6,0,6,3,,,,,,,2,,12,3,Completed,1.24,3.88
2024-04-03,Copa Colsanitas,WTA250,Outdoor,Clay,1st Round,3,Jones F.,Monroy Y.,214,765,6,1,6,2,,,,,,,2,,12,3,Completed,1.02,15.42
2024-04-03,Copa Colsanitas,WTA250,Outdoor,Clay,2nd Round,3,Errani S.,Sorribes Tormo S.,117,50,6,2,4,6,6,4,,,,,2,1,16,12,Completed,2.33,1.59
2024-04-03,Copa Colsanitas,WTA250,Outdoor,Clay,2nd Round,3,Rakhimova K.,Zarazua R.,92,103,7,6,6,7,6,3,,,,,2,1,19,16,Completed,2.34,1.59
2024-04-03,Copa Colsanitas,WTA250,Outdoor,Clay,2nd Round,3,Bara I.,Pigossi L.,178,119,3,6,7,6,6,4,,,,,2,1,16,16,Completed,3.0,1.38
2024-04-04,Copa Colsanitas,WTA250,Outdoor,Clay,2nd Round,3,Bucsa C.,Niemeier J.,75,113,6,4,6,1,,,,,,,2,,12,5,Completed,2.2,1.66
2024-04-04,Copa Colsanitas,WTA250,Outdoor,Clay,2nd Round,3,Osorio M.,Todoni A.,85,217,7,6,6,4,,,,,,,2,,13,10,Completed,1.39,2.94
2024-04-04,Copa Colsanitas,WTA250,Outdoor,Clay,2nd Round,3,Maria T.,Riera J.,46,111,2,6,6,0,6,2,,,,,2,1,14,8,Completed,2.07,1.74
2024-04-05,Copa Colsanitas,WTA250,Outdoor,Clay,2nd Round,3,Bouzkova M.,Baptiste H.,42,96,6,3,6,4,,,,,,,2,,12,7,Completed,1.43,2.77
2024-04-05,Copa Colsanitas,WTA250,Outdoor,Clay,2nd Round,3,Siegemund L.,Jones F.,89,214,6,7,6,4,6,2,,,,,2,1,18,13,Completed,1.43,2.79
2024-04-05,Copa Colsanitas,WTA250,Outdoor,Clay,Quarterfinals,3,Errani S.,Bara I.,117,178,4,6,6,2,6,3,,,,,2,1,16,11,Completed,1.29,3.55
2024-04-05,Copa Colsanitas,WTA250,Outdoor,Clay,Quarterfinals,3,Rakhimova K.,Bucsa C.,92,75,0,6,6,4,7,5,,,,,2,1,13,15,Completed,2.47,1.54
2024-04-05,Copa Colsanitas,WTA250,Outdoor,Clay,Quarterfinals,3,Bouzkova M.,Siegemund L.,42,89,2,6,6,2,7,5,,,,,2,1,15,13,Completed,1.62,2.27
2024-04-06,Copa Colsanitas,WTA250,Outdoor,Clay,Quarterfinals,3,Osorio M.,Maria T.,85,46,1,6,6,3,6,3,,,,,2,1,13,12,Completed,1.55,2.42
2024-04-06,Copa Colsanitas,WTA250,Outdoor,Clay,Semifinals,3,Osorio M.,Errani S.,85,117,7,6,6,4,,,,,,,2,,13,10,Completed,1.49,2.6
2024-04-06,Copa Colsanitas,WTA250,Outdoor,Clay,Semifinals,3,Bouzkova M.,Rakhimova K.,42,92,6,4,7,6,,,,,,,2,,13,10,Completed,1.28,3.66
2024-04-07,Copa Colsanitas,WTA250,Outdoor,Clay,The Final,3,Osorio M.,Bouzkova M.,85,42,6,3,7,6,,,,,,,2,,13,9,Completed,2.11,1.73
2024-04-01,Charleston Open,WTA500,Outdoor,Clay,1st Round,3,Linette M.,Martic P.,63,61,6,3,6,4,,,,,,,2,,12,7,Completed,2.24,1.64
2024-04-01,Charleston Open,WTA500,Outdoor,Clay,1st Round,3,Tomova V.,Sherif M.,74,72,6,4,3,6,6,2,,,,,2,1,15,12,Completed,1.63,2.26
2024-04-01,Charleston Open,WTA500,Outdoor,Clay,1st Round,3,Saville D.,Korpatsch T.,108,76,6,4,3,6,6,2,,,,,2,1,15,12,Completed,1.44,2.75
2024-04-01,Charleston Open,WTA500,Outdoor,Clay,1st Round,3,Wozniacki C.,Kessler M.,126,122,6,0,6,1,,,,,,,2,,12,1,Completed,1.27,3.69
2024-04-01,Charleston Open,WTA500,Outdoor,Clay,1st Round,3,Cristian J.,Vickery S.,83,132,6,1,6,4,,,,,,,2,,12,5,Completed,1.75,2.06
2024-04-01,Charleston Open,WTA500,Outdoor,Clay,1st Round,3,Anisimova A.,Cornet A.,264,97,6,3,6,0,,,,,,,2,,12,3,Completed,1.25,3.86
2024-04-01,Charleston Open,WTA500,Outdoor,Clay,1st Round,3,Volynets K.,Rus A.,110,54,6,2,6,7,7,6,,,,,2,1,19,15,Completed,1.6,2.31
2024-04-01,Charleston Open,WTA500,Outdoor,Clay,1st Round,3,Rogers S.,Liu C.,325,116,6,1,6,1,,,,,,,2,,12,2,Completed,1.98,1.81
2024-04-02,Charleston Open,WTA500,Outdoor,Clay,1st Round,3,Gracheva V.,Ngounoue C.,100,363,6,2,6,1,,,,,,,2,,12,3,Completed,1.78,2.02
2024-04-02,Charleston Open,WTA500,Outdoor,Clay,1st Round,3,Townsend T.,Kenin S.,68,57,6,3,6,3,,,,,,,2,,12,6,Completed,1.39,2.95
2024-04-02,Charleston Open,WTA500,Outdoor,Clay,1st Round,3,Sharma A.,Rodionova Ar.,135,101,6,4,6,1,,,,,,,2,,12,5,Completed,1.51,2.52
2024-04-02,Charleston Open,WTA500,Outdoor,Clay,1st Round,3,Stephens S.,Frech M.,40,53,6,0,6,2,,,,,,,2,,12,2,Completed,1.48,2.62
2024-04-02,Charleston Open,WTA500,Outdoor,Clay,1st Round,3,Collins D.,Badosa P.,22,82,6,1,6,4,,,,,,,2,,12,5,Completed,1.67,2.17
2024-04-02,Charleston Open,WTA500,Outdoor,Clay,1st Round,3,Cocciaretto E.,Bogdan A.,56,66,2,6,6,1,7,6,,,,,2,1,15,13,Completed,1.5,2.55
2024-04-02,Charleston Open,WTA500,Outdoor,Clay,1st Round,3,Dolehide C.,Day K.,47,84,6,3,0,6,6,4,,,,,2,1,12,13,Completed,1.53,2.47
2024-04-02,Charleston Open,WTA500,Outdoor,Clay,1st Round,3,Krueger A.,Lee G.,73,312,7,6,6,3,,,,,,,2,,13,9,Completed,1.32,3.36
2024-04-02,Charleston Open,WTA500,Outdoor,Clay,2nd Round,3,Sakkari M.,Tomova V.,7,74,6,3,6,3,,,,,,,2,,12,6,Completed,1.22,4.22
2024-04-02,Charleston Open,WTA500,Outdoor,Clay,2nd Round,3,Linette M.,Yastremska D.,63,32,0,6,6,4,6,3,,,,,2,1,12,13,Completed,2.12,1.7
2024-04-02,Charleston Open,WTA500,Outdoor,Clay,2nd Round,3,Pegula J.,Anisimova A.,5,264,3,6,6,4,7,6,,,,,2,1,16,16,Completed,1.56,2.46
2024-04-03,Charleston Open,WTA500,Outdoor,Clay,2nd Round,3,Cristian J.,Keys M.,83,18,3,6,6,3,6,3,,,,,2,1,15,12,Completed,3.06,1.36
2024-04-03,Charleston Open,WTA500,Outdoor,Clay,2nd Round,3,Kalinina A.,Wozniacki C.,33,126,6,2,6,3,,,,,,,2,,12,5,Completed,2.37,1.58
2024-04-03,Charleston Open,WTA500,Outdoor,Clay,2nd Round,3,Azarenka V.,Cocciaretto E.,26,56,6,1,6,2,,,,,,,2,,12,3,Completed,1.67,2.21
2024-04-03,Charleston Open,WTA500,Outdoor,Clay,2nd Round,3,Sharma A.,Tsurenko L.,135,39,6,4,6,0,,,,,,,2,,12,4,Completed,2.47,1.54
2024-04-04,Charleston Open,WTA500,Outdoor,Clay,2nd Round,3,Kasatkina D.,Krueger A.,11,73,6,3,0,6,6,1,,,,,2,1,12,10,Completed,1.35,3.15
2024-04-04,Charleston Open,WTA500,Outdoor,Clay,2nd Round,3,Navarro E.,Volynets K.,20,110,6,1,6,1,,,,,,,2,,12,2,Completed,1.29,3.54
2024-04-04,Charleston Open,WTA500,Outdoor,Clay,2nd Round,3,Kudermetova V.,Rogers S.,19,325,7,6,6,4,,,,,,,2,,13,10,Completed,1.68,2.17
2024-04-04,Charleston Open,WTA500,Outdoor,Clay,2nd Round,3,Townsend T.,Alexandrova E.,68,15,7,5,6,2,,,,,,,2,,13,7,Completed,2.07,1.75
2024-04-04,Charleston Open,WTA500,Outdoor,Clay,2nd Round,3,Haddad Maia B.,Dolehide C.,13,47,6,2,7,5,,,,,,,2,,13,7,Completed,1.39,2.91
2024-04-04,Charleston Open,WTA500,Outdoor,Clay,2nd Round,3,Collins D.,Jabeur O.,22,6,6,3,1,6,6,3,,,,,2,1,13,12,Completed,1.41,2.88
2024-04-04,Charleston Open,WTA500,Outdoor,Clay,2nd Round,3,Stephens S.,Fernandez L.A.,40,34,6,4,6,4,,,,,,,2,,12,8,Completed,1.66,2.21
2024-04-04,Charleston Open,WTA500,Outdoor,Clay,2nd Round,3,Mertens E.,Gracheva V.,30,100,6,4,3,6,6,2,,,,,2,1,15,12,Completed,1.38,2.98
2024-04-04,Charleston Open,WTA500,Outdoor,Clay,2nd Round,3,Svitolina E.,Saville D.,17,108,6,2,6,4,,,,,,,2,,12,6,Completed,1.36,3.14
2024-04-04,Charleston Open,WTA500,Outdoor,Clay,3rd Round,3,Pegula J.,Linette M.,5,63,6,2,6,2,,,,,,,2,,12,4,Completed,1.22,4.24
2024-04-04,Charleston Open,WTA500,Outdoor,Clay,3rd Round,3,Cristian J.,Navarro E.,83,20,6,3,5,7,6,1,,,,,2,1,17,11,Completed,4.89,1.18
2024-04-04,Charleston Open,WTA500,Outdoor,Clay,3rd Round,3,Azarenka V.,Townsend T.,26,68,6,7,6,3,6,4,,,,,2,1,18,14,Completed,1.63,2.26
2024-04-04,Charleston Open,WTA500,Outdoor,Clay,3rd Round,3,Kasatkina D.,Kalinina A.,11,33,6,1,6,4,,,,,,,2,,12,5,Completed,1.84,1.95
2024-04-04,Charleston Open,WTA500,Outdoor,Clay,3rd Round,3,Kudermetova V.,Haddad Maia B.,19,13,7,5,6,1,,,,,,,2,,13,6,Completed,2.16,1.69
2024-04-04,Charleston Open,WTA500,Outdoor,Clay,3rd Round,3,Collins D.,Stephens S.,22,40,6,2,6,2,,,,,,,2,,12,4,Completed,1.72,2.11
2024-04-05,Charleston Open,WTA500,Outdoor,Clay,3rd Round,3,Sakkari M.,Sharma A.,7,135,6,4,6,1,,,,,,,2,,12,5,Completed,1.1,6.73
2024-04-05,Charleston Open,WTA500,Outdoor,Clay,3rd Round,3,Mertens E.,Svitolina E.,30,17,6,4,6,1,,,,,,,2,,12,5,Completed,2.82,1.42
2024-04-05,Charleston Open,WTA500,Outdoor,Clay,Quarterfinals,3,Kasatkina D.,Cristian J.,11,83,6,7,6,2,6,3,,,,,2,1,18,12,Completed,1.37,3.03
2024-04-05,Charleston Open,WTA500,Outdoor,Clay,Quarterfinals,3,Pegula J.,Azarenka V.,5,26,6,4,3,6,7,6,,,,,2,1,16,16,Completed,1.65,2.22
2024-04-05,Charleston Open,WTA500,Outdoor,Clay,Quarterfinals,3,Collins D.,Mertens E.,22,30,6,3,6,4,,,,,,,2,,12,7,Completed,1.35,3.15
2024-04-06,Charleston Open,WTA500,Outdoor,Clay,Quarterfinals,3,Sakkari M.,Kudermetova V.,7,19,6,2,6,4,,,,,,,2,,12,6,Completed,1.46,2.75
2024-04-06,Charleston Open,WTA500,Outdoor,Clay,Semifinals,3,Kasatkina D.,Pegula J.,11,5,6,4,4,6,7,6,,,,,2,1,17,16,Completed,2.45,1.55
2024-04-06,Charleston Open,WTA500,Outdoor,Clay,Semifinals,3,Collins D.,Sakkari M.,22,7,6,3,6,3,,,,,,,2,,12,6,Completed,1.7,2.14
2024-04-07,Charleston Open,WTA500,Outdoor,Clay,The Final,3,Collins D.,Kasatkina D.,22,11,6,2,6,1,,,,,,,2,,12,3,Completed,1.35,3.19
2024-04-15,Open de Rouen,WTA250,Indoor,Clay,1st Round,3,Linette M.,Jacquemot E.,60,157,7,5,6,1,,,,,,,2,,13,6,Completed,1.5,2.54
2024-04-15,Open de Rouen,WTA250,Indoor,Clay,1st Round,3,Andreeva M.,Podoroska N.,43,65,6,1,6,3,,,,,,,2,,12,4,Completed,1.35,3.11
2024-04-15,Open de Rouen,WTA250,Indoor,Clay,1st Round,3,Stephens S.,Stearns P.,39,79,1,6,6,1,6,3,,,,,2,1,13,10,Completed,1.44,2.75
2024-04-15,Open de Rouen,WTA250,Indoor,Clay,1st Round,3,Pliskova Ka.,Kudermetova P.,47,178,7,5,1,6,7,5,,,,,2,1,15,16,Completed,1.36,3.09
2024-04-16,Open de Rouen,WTA250,Indoor,Clay,1st Round,3,Stevanovic N.,Blinkova A.,204,45,7,6,3,6,7,6,,,,,2,1,17,18,Completed,4.02,1.24
2024-04-16,Open de Rouen,WTA250,Indoor,Clay,1st Round,3,Avanesyan E.,Ferro F.,67,144,6,2,1,6,7,5,,,,,2,1,14,13,Completed,1.56,2.4
2024-04-16,Open de Rouen,WTA250,Indoor,Clay,1st Round,3,Kalinina A.,Cornet A.,32,106,6,4,7,5,,,,,,,2,,13,9,Completed,1.16,5.03
2024-04-16,Open de Rouen,WTA250,Indoor,Clay,1st Round,3,Rus A.,Montgomery R.,53,181,6,3,6,1,,,,,,,2,,12,4,Completed,1.56,2.41
2024-04-16,Open de Rouen,WTA250,Indoor,Clay,1st Round,3,Burel C.,Zavatska K.,44,182,3,6,6,3,6,2,,,,,2,1,15,11,Completed,1.3,3.43
2024-04-16,Open de Rouen,WTA250,Indoor,Clay,1st Round,3,Yuan Y.,Sherif M.,38,72,6,3,7,6,,,,,,,2,,13,9,Completed,1.95,1.83
2024-04-16,Open de Rouen,WTA250,Indoor,Clay,1st Round,3,Garcia C.,Cocciaretto E.,23,55,6,1,3,6,7,5,,,,,2,1,16,12,Completed,1.68,2.15
2024-04-16,Open de Rouen,WTA250,Indoor,Clay,1st Round,3,Pavlyuchenkova A.,Robbe A.,22,265,6,2,6,2,,,,,,,2,,12,4,Completed,1.04,10.4
2024-04-17,Open de Rouen,WTA250,Indoor,Clay,1st Round,3,Gracheva V.,Tomova V.,94,81,6,2,3,6,7,5,,,,,2,1,16,13,Completed,2.02,1.77
2024-04-17,Open de Rouen,WTA250,Indoor,Clay,1st Round,3,Ruse E.G.,Hibino N.,162,85,6,2,6,1,,,,,,,2,,12,3,Completed,1.49,2.59
2024-04-17,Open de Rouen,WTA250,Indoor,Clay,1st Round,3,Trevisan M.,Osaka N.,78,192,6,4,6,2,,,,,,,2,,12,6,Completed,2.95,1.38
2024-04-17,Open de Rouen,WTA250,Indoor,Clay,1st Round,3,Schmiedlova A.,Parry D.,68,49,3,6,3,1,,,,,,,,1,6,7,Retired,3.32,1.32
2024-04-17,Open de Rouen,WTA250,Indoor,Clay,2nd Round,3,Linette M.,Stevanovic N.,60,204,6,2,6,1,,,,,,,2,,12,3,Completed,1.24,3.97
2024-04-17,Open de Rouen,WTA250,Indoor,Clay,2nd Round,3,Andreeva M.,Avanesyan E.,43,67,7,5,6,4,,,,,,,2,,13,9,Completed,1.23,4.06
2024-04-17,Open de Rouen,WTA250,Indoor,Clay,2nd Round,3,Stephens S.,Pliskova Ka.,39,47,6,3,6,2,,,,,,,2,,12,5,Completed,1.42,2.81
2024-04-18,Open de Rouen,WTA250,Indoor,Clay,2nd Round,3,Yuan Y.,Gracheva V.,38,94,6,4,4,6,7,6,,,,,2,1,17,16,Completed,1.69,2.14
2024-04-18,Open de Rouen,WTA250,Indoor,Clay,2nd Round,3,Rus A.,Pavlyuchenkova A.,53,22,6,3,1,6,6,3,,,,,2,1,13,12,Completed,3.1,1.36
2024-04-18,Open de Rouen,WTA250,Indoor,Clay,2nd Round,3,Ruse E.G.,Burel C.,162,44,6,0,2,6,6,3,,,,,2,1,14,9,Completed,2.25,1.63
2024-04-18,Open de Rouen,WTA250,Indoor,Clay,2nd Round,3,Garcia C.,Schmiedlova A.,23,68,6,1,6,0,,,,,,,2,,12,1,Completed,1.24,3.94
2024-04-18,Open de Rouen,WTA250,Indoor,Clay,2nd Round,3,Kalinina A.,Trevisan M.,32,78,6,2,6,3,,,,,,,2,,12,5,Completed,1.52,2.49
2024-04-19,Open de Rouen,WTA250,Indoor,Clay,Quarterfinals,3,Stephens S.,Yuan Y.,39,38,6,2,6,2,,,,,,,2,,12,4,Completed,1.29,3.57
2024-04-19,Open de Rouen,WTA250,Indoor,Clay,Quarterfinals,3,Linette M.,Rus A.,60,53,7,6,6,1,,,,,,,2,,13,7,Completed,2.07,1.75
2024-04-19,Open de Rouen,WTA250,Indoor,Clay,Quarterfinals,3,Garcia C.,Ruse E.G.,23,162,6,3,6,4,,,,,,,2,,12,7,Completed,1.3,3.45
2024-04-19,Open de Rouen,WTA250,Indoor,Clay,Quarterfinals,3,Kalinina A.,Andreeva M.,32,43,6,4,7,5,,,,,,,2,,13,9,Completed,2.34,1.59
2024-04-20,Open de Rouen,WTA250,Indoor,Clay,Semifinals,3,Stephens S.,Garcia C.,39,23,6,3,6,2,,,,,,,2,,12,5,Completed,1.92,1.88
2024-04-20,Open de Rouen,WTA250,Indoor,Clay,Semifinals,3,Linette M.,Kalinina A.,60,32,6,1,4,6,6,2,,,,,2,1,16,9,Completed,3.03,1.38
2024-04-21,Open de Rouen,WTA250,Indoor,Clay,The Final,3,Stephens S.,Linette M.,39,60,6,1,2,6,6,2,,,,,2,1,14,9,Completed,1.44,2.79
2024-04-15,Porsche Tennis Grand Prix,WTA500,Indoor,Clay,1st Round,3,Vickery S.,Sasnovich A.,134,110,7,6,7,5,,,,,,,2,,14,11,Completed,2.07,1.74
2024-04-15,Porsche Tennis Grand Prix,WTA500,Indoor,Clay,1st Round,3,Badosa P.,Shnaider D.,93,62,6,3,6,4,,,,,,,2,,12,7,Completed,1.77,2.04
2024-04-15,Porsche Tennis Grand Prix,WTA500,Indoor,Clay,1st Round,3,Kudermetova V.,Krejcikova B.,19,24,5,7,6,4,6,4,,,,,2,1,17,15,Completed,1.74,2.07
2024-04-16,Porsche Tennis Grand Prix,WTA500,Indoor,Clay,1st Round,3,Paolini J.,Errani S.,14,102,6,1,6,0,,,,,,,2,,12,1,Completed,1.25,3.84
2024-04-16,Porsche Tennis Grand Prix,WTA500,Indoor,Clay,1st Round,3,Zheng Q.,Cirstea S.,7,29,6,2,6,3,,,,,,,2,,12,5,Completed,1.42,2.8
2024-04-16,Porsche Tennis Grand Prix,WTA500,Indoor,Clay,1st Round,3,Vondrousova M.,Vekic D.,8,37,6,4,6,3,,,,,,,2,,12,7,Completed,1.39,2.94
2024-04-16,Porsche Tennis Grand Prix,WTA500,Indoor,Clay,1st Round,3,Mertens E.,Maria T.,30,66,6,1,4,6,6,0,,,,,2,1,16,7,Completed,1.23,4.11
2024-04-16,Porsche Tennis Grand Prix,WTA500,Indoor,Clay,1st Round,3,Noskova L.,Ostapenko J.,31,10,6,3,6,1,,,,,,,2,,12,4,Completed,2.01,1.78
2024-04-17,Porsche Tennis Grand Prix,WTA500,Indoor,Clay,1st Round,3,Jabeur O.,Alexandrova E.,9,16,2,6,6,3,7,6,,,,,2,1,15,15,Completed,2.12,1.71
2024-04-17,Porsche Tennis Grand Prix,WTA500,Indoor,Clay,1st Round,3,Kostyuk M.,Siegemund L.,27,84,6,3,6,7,6,4,,,,,2,1,18,14,Completed,1.7,2.14
2024-04-17,Porsche Tennis Grand Prix,WTA500,Indoor,Clay,1st Round,3,Potapova A.,Samsonova L.,36,17,6,4,4,6,6,3,,,,,2,1,16,13,Completed,1.95,1.83
2024-04-17,Porsche Tennis Grand Prix,WTA500,Indoor,Clay,1st Round,3,Raducanu E.,Kerber A.,303,332,6,2,6,1,,,,,,,2,,12,3,Completed,1.4,2.9
2024-04-17,Porsche Tennis Grand Prix,WTA500,Indoor,Clay,2nd Round,3,Gauff C.,Vickery S.,3,134,6,3,4,6,7,5,,,,,2,1,17,14,Completed,1.06,9.32
2024-04-17,Porsche Tennis Grand Prix,WTA500,Indoor,Clay,2nd Round,3,Sabalenka A.,Badosa P.,2,93,7,6,4,6,3,3,,,,,1,1,14,15,Retired,1.33,3.24
2024-04-18,Porsche Tennis Grand Prix,WTA500,Indoor,Clay,2nd Round,3,Rybakina E.,Kudermetova V.,4,19,7,6,1,6,6,4,,,,,2,1,14,16,Completed,1.27,3.7
2024-04-18,Porsche Tennis Grand Prix,WTA500,Indoor,Clay,2nd Round,3,Vondrousova M.,Potapova A.,8,36,7,6,6,1,,,,,,,2,,13,7,Completed,1.48,2.64
2024-04-18,Porsche Tennis Grand Prix,WTA500,Indoor,Clay,2nd Round,3,Paolini J.,Jabeur O.,14,9,7,6,6,4,,,,,,,2,,13,10,Completed,1.7,2.14
2024-04-18,Porsche Tennis Grand Prix,WTA500,Indoor,Clay,2nd Round,3,Swiatek I.,Mertens E.,1,30,6,3,6,4,,,,,,,2,,12,7,Completed,1.03,12.76
2024-04-18,Porsche Tennis Grand Prix,WTA500,Indoor,Clay,2nd Round,3,Raducanu E.,Noskova L.,303,31,6,0,7,5,,,,,,,2,,13,5,Completed,2.43,1.55
2024-04-18,Porsche Tennis Grand Prix,WTA500,Indoor,Clay,2nd Round,3,Kostyuk M.,Zheng Q.,27,7,6,2,4,6,7,5,,,,,2,1,17,13,Completed,3.37,1.32
2024-04-19,Porsche Tennis Grand Prix,WTA500,Indoor,Clay,Quarterfinals,3,Rybakina E.,Paolini J.,4,14,6,3,5,7,6,3,,,,,2,1,17,13,Completed,1.5,2.59
2024-04-19,Porsche Tennis Grand Prix,WTA500,Indoor,Clay,Quarterfinals,3,Vondrousova M.,Sabalenka A.,8,2,3,6,6,3,7,5,,,,,2,1,16,14,Completed,2.49,1.53
2024-04-19,Porsche Tennis Grand Prix,WTA500,Indoor,Clay,Quarterfinals,3,Swiatek I.,Raducanu E.,1,303,7,6,6,3,,,,,,,2,,13,9,Completed,1.09,7.42
2024-04-19,Porsche Tennis Grand Prix,WTA500,Indoor,Clay,Quarterfinals,3,Kostyuk M.,Gauff C.,27,3,3,6,6,4,7,6,,,,,2,1,16,16,Completed,2.72,1.45
2024-04-20,Porsche Tennis Grand Prix,WTA500,Indoor,Clay,Semifinals,3,Rybakina E.,Swiatek I.,4,1,6,3,4,6,6,3,,,,,2,1,16,12,Completed,4.47,1.2
2024-04-20,Porsche Tennis Grand Prix,WTA500,Indoor,Clay,Semifinals,3,Kostyuk M.,Vondrousova M.,27,8,7,6,6,2,,,,,,,2,,13,8,Completed,2.84,1.42
2024-04-21,Porsche Tennis Grand Prix,WTA500,Indoor,Clay,The Final,3,Rybakina E.,Kostyuk M.,4,27,6,2,6,2,,,,,,,2,,12,4,Completed,1.34,3.24
2024-04-23,Mutua Madrid Open,WTA1000,Outdoor,Clay,1st Round,3,Eala A.,Tsurenko L.,170,41,2,6,6,4,6,4,,,,,2,1,14,14,Completed,4.14,1.23
2024-04-23,Mutua Madrid Open,WTA1000,Outdoor,Clay,1st Round,3,Rus A.,Fruhvirtova B.,47,106,7,5,6,3,,,,,,,2,,13,8,Completed,1.97,1.82
2024-04-23,Mutua Madrid Open,WTA1000,Outdoor,Clay,1st Round,3,Podoroska N.,Siniakova K.,66,40,6,2,7,6,,,,,,,2,,13,8,Completed,2.17,1.68
2024-04-23,Mutua Madrid Open,WTA1000,Outdoor,Clay,1st Round,3,Maria T.,Stearns P.,67,87,6,7,6,2,7,6,,,,,2,1,19,15,Completed,2.72,1.46
2024-04-23,Mutua Madrid Open,WTA1000,Outdoor,Clay,1st Round,3,Begu I.,Fruhvirtova L.,128,146,6,4,7,6,,,,,,,2,,13,10,Completed,1.37,3.07
2024-04-23,Mutua Madrid Open,WTA1000,Outdoor,Clay,1st Round,3,Potapova A.,Shnaider D.,39,61,7,5,6,4,,,,,,,2,,13,9,Completed,1.72,2.11
2024-04-23,Mutua Madrid Open,WTA1000,Outdoor,Clay,1st Round,3,Wang Xiy.,Bogdan A.,52,64,6,7,7,6,6,2,,,,,2,1,19,15,Completed,1.75,2.07
2024-04-23,Mutua Madrid Open,WTA1000,Outdoor,Clay,1st Round,3,Schmiedlova A.,Kenin S.,68,60,6,3,6,4,,,,,,,2,,12,7,Completed,1.92,1.88
2024-04-24,Mutua Madrid Open,WTA1000,Outdoor,Clay,1st Round,3,Bouzas Maneiro J.,Badosa P.,93,101,2,6,6,3,6,3,,,,,2,1,14,12,Completed,2.83,1.42
2024-04-24,Mutua Madrid Open,WTA1000,Outdoor,Clay,1st Round,3,Jimenez Kasintseva V.,Zhu L.,335,57,6,4,6,3,,,,,,,2,,12,7,Completed,2.34,1.59
2024-04-24,Mutua Madrid Open,WTA1000,Outdoor,Clay,1st Round,3,Sherif M.,Davis L.,72,166,4,6,7,6,6,4,,,,,2,1,17,16,Completed,1.29,3.54
2024-04-24,Mutua Madrid Open,WTA1000,Outdoor,Clay,1st Round,3,Putintseva Y.,Yuan Y.,50,37,6,2,6,4,,,,,,,2,,12,6,Completed,1.55,2.44
2024-04-24,Mutua Madrid Open,WTA1000,Outdoor,Clay,1st Round,3,Stephens S.,Trevisan M.,33,76,6,3,5,7,6,4,,,,,2,1,17,14,Completed,1.31,3.44
2024-04-24,Mutua Madrid Open,WTA1000,Outdoor,Clay,1st Round,3,Sorribes Tormo S.,Pera B.,55,79,7,5,6,2,,,,,,,2,,13,7,Completed,2.35,1.59
2024-04-24,Mutua Madrid Open,WTA1000,Outdoor,Clay,1st Round,3,Vekic D.,Siegemund L.,38,83,6,1,6,2,,,,,,,2,,12,3,Completed,2.11,1.72
2024-04-24,Mutua Madrid Open,WTA1000,Outdoor,Clay,1st Round,3,Osaka N.,Minnen G.,197,69,6,4,6,1,,,,,,,2,,12,5,Completed,1.27,3.69
2024-04-24,Mutua Madrid Open,WTA1000,Outdoor,Clay,1st Round,3,Arango E.,Anisimova A.,121,241,1,6,6,4,7,6,,,,,2,1,14,16,Completed,4.09,1.23
2024-04-24,Mutua Madrid Open,WTA1000,Outdoor,Clay,1st Round,3,Rogers S.,Zhang S.,352,671,6,3,6,2,,,,,,,2,,12,5,Completed,1.17,5.0
2024-04-24,Mutua Madrid Open,WTA1000,Outdoor,Clay,1st Round,3,Bucsa C.,Dart H.,75,86,6,4,6,4,,,,,,,2,,12,8,Completed,1.37,3.08
2024-04-24,Mutua Madrid Open,WTA1000,Outdoor,Clay,1st Round,3,Wang Xin.,Tomova V.,42,81,5,7,7,5,6,4,,,,,2,1,18,16,Completed,1.77,2.04
2024-04-24,Mutua Madrid Open,WTA1000,Outdoor,Clay,1st Round,3,Carle M.,Raducanu E.,82,221,6,2,6,2,,,,,,,2,,12,4,Completed,3.79,1.26
2024-04-24,Mutua Madrid Open,WTA1000,Outdoor,Clay,1st Round,3,Linette M.,Cocciaretto E.,48,54,3,6,6,4,6,4,,,,,2,1,15,14,Completed,2.35,1.59
2024-04-24,Mutua Madrid Open,WTA1000,Outdoor,Clay,1st Round,3,Dolehide C.,Bai Z.,56,90,6,3,6,3,,,,,,,2,,12,6,Completed,1.46,2.69
2024-04-24,Mutua Madrid Open,WTA1000,Outdoor,Clay,1st Round,3,Errani S.,Wozniacki C.,100,117,3,6,7,5,7,5,,,,,2,1,17,16,Completed,3.16,1.35
2024-04-24,Mutua Madrid Open,WTA1000,Outdoor,Clay,1st Round,3,Bronzetti L.,Gracheva V.,46,91,6,3,6,3,,,,,,,2,,12,6,Completed,2.05,1.76
2024-04-24,Mutua Madrid Open,WTA1000,Outdoor,Clay,1st Round,3,Cristian J.,Frech M.,73,51,7,5,6,2,,,,,,,2,,13,7,Completed,1.63,2.25
2024-04-24,Mutua Madrid Open,WTA1000,Outdoor,Clay,1st Round,3,Krueger A.,Hibino N.,70,85,6,4,6,4,,,,,,,2,,12,8,Completed,1.37,3.04
2024-04-24,Mutua Madrid Open,WTA1000,Outdoor,Clay,1st Round,3,Andreeva M.,Townsend T.,43,58,4,6,6,1,7,5,,,,,2,1,17,12,Completed,1.53,2.49
2024-04-24,Mutua Madrid Open,WTA1000,Outdoor,Clay,1st Round,3,Bejlek S.,Blinkova A.,136,45,4,6,6,3,6,3,,,,,2,1,16,12,Completed,1.73,2.09
2024-04-24,Mutua Madrid Open,WTA1000,Outdoor,Clay,1st Round,3,Danilovic O.,Burel C.,122,44,3,6,7,6,6,4,,,,,2,1,16,16,Completed,1.75,2.07
2024-04-24,Mutua Madrid Open,WTA1000,Outdoor,Clay,1st Round,3,Montgomery R.,Avanesyan E.,183,65,6,2,6,2,,,,,,,2,,12,4,Completed,2.67,1.46
2024-04-24,Mutua Madrid Open,WTA1000,Outdoor,Clay,1st Round,3,Saville D.,Baptiste H.,96,110,6,4,7,6,,,,,,,2,,13,10,Completed,1.79,2.01
2024-04-25,Mutua Madrid Open,WTA1000,Outdoor,Clay,2nd Round,3,Keys M.,Begu I.,20,128,7,6,7,6,,,,,,,2,,14,12,Completed,1.72,2.12
2024-04-25,Mutua Madrid Open,WTA1000,Outdoor,Clay,2nd Round,3,Azarenka V.,Maria T.,26,67,6,3,6,1,,,,,,,2,,12,4,Completed,1.17,5.1
2024-04-25,Mutua Madrid Open,WTA1000,Outdoor,Clay,2nd Round,3,Sakkari M.,Vekic D.,6,38,6,3,6,2,,,,,,,2,,12,5,Completed,1.46,2.7
2024-04-25,Mutua Madrid Open,WTA1000,Outdoor,Clay,2nd Round,3,Sorribes Tormo S.,Svitolina E.,55,18,6,3,7,5,,,,,,,2,,13,8,Completed,2.73,1.45
2024-04-25,Mutua Madrid Open,WTA1000,Outdoor,Clay,2nd Round,3,Yastremska D.,Arango E.,34,121,0,6,7,5,6,4,,,,,2,1,13,15,Completed,1.47,2.66
2024-04-25,Mutua Madrid Open,WTA1000,Outdoor,Clay,2nd Round,3,Navarro E.,Podoroska N.,23,66,6,2,6,1,,,,,,,2,,12,3,Completed,1.37,3.09
2024-04-25,Mutua Madrid Open,WTA1000,Outdoor,Clay,2nd Round,3,Ostapenko J.,Bouzas Maneiro J.,10,93,6,3,6,1,,,,,,,2,,12,4,Completed,1.59,2.34
2024-04-25,Mutua Madrid Open,WTA1000,Outdoor,Clay,2nd Round,3,Samsonova L.,Osaka N.,17,197,6,2,4,6,7,5,,,,,2,1,17,13,Completed,2.26,1.64
2024-04-25,Mutua Madrid Open,WTA1000,Outdoor,Clay,2nd Round,3,Haddad Maia B.,Errani S.,14,100,6,3,6,2,,,,,,,2,,12,5,Completed,1.32,3.33
2024-04-25,Mutua Madrid Open,WTA1000,Outdoor,Clay,2nd Round,3,Cirstea S.,Eala A.,30,170,6,3,6,7,6,4,,,,,2,1,18,14,Completed,1.12,6.25
2024-04-25,Mutua Madrid Open,WTA1000,Outdoor,Clay,2nd Round,3,Carle M.,Kudermetova V.,82,19,6,4,6,4,,,,,,,2,,12,8,Completed,2.76,1.44
2024-04-25,Mutua Madrid Open,WTA1000,Outdoor,Clay,2nd Round,3,Gauff C.,Rus A.,3,47,6,0,6,0,,,,,,,2,,12,0,Completed,1.12,6.04
2024-04-25,Mutua Madrid Open,WTA1000,Outdoor,Clay,2nd Round,3,Jabeur O.,Schmiedlova A.,9,68,6,4,5,7,6,3,,,,,2,1,17,14,Completed,1.25,3.95
2024-04-25,Mutua Madrid Open,WTA1000,Outdoor,Clay,2nd Round,3,Stephens S.,Mertens E.,33,29,3,6,6,3,6,1,,,,,2,1,15,10,Completed,1.64,2.25
2024-04-25,Mutua Madrid Open,WTA1000,Outdoor,Clay,2nd Round,3,Fernandez L.A.,Potapova A.,35,39,7,5,6,3,,,,,,,2,,13,8,Completed,2.19,1.67
2024-04-25,Mutua Madrid Open,WTA1000,Outdoor,Clay,2nd Round,3,Swiatek I.,Wang Xiy.,1,52,6,1,6,4,,,,,,,2,,12,5,Completed,1.02,14.68
2024-04-26,Mutua Madrid Open,WTA1000,Outdoor,Clay,2nd Round,3,Garcia C.,Wang Xin.,24,42,6,1,6,4,,,,,,,2,,12,5,Completed,1.37,3.04
2024-04-26,Mutua Madrid Open,WTA1000,Outdoor,Clay,2nd Round,3,Rybakina E.,Bronzetti L.,4,46,6,4,6,3,,,,,,,2,,12,7,Completed,1.07,8.53
2024-04-26,Mutua Madrid Open,WTA1000,Outdoor,Clay,2nd Round,3,Andreeva M.,Noskova L.,43,31,4,6,6,3,6,3,,,,,2,1,16,12,Completed,1.71,2.11
2024-04-26,Mutua Madrid Open,WTA1000,Outdoor,Clay,2nd Round,3,Pavlyuchenkova A.,Saville D.,22,96,6,1,6,4,,,,,,,2,,12,5,Completed,1.32,3.35
2024-04-26,Mutua Madrid Open,WTA1000,Outdoor,Clay,2nd Round,3,Paolini J.,Jimenez Kasintseva V.,13,335,6,0,6,1,,,,,,,2,,12,1,Completed,1.13,5.75
2024-04-26,Mutua Madrid Open,WTA1000,Outdoor,Clay,2nd Round,3,Sabalenka A.,Linette M.,2,48,6,4,3,6,6,3,,,,,2,1,15,13,Completed,1.13,5.85
2024-04-26,Mutua Madrid Open,WTA1000,Outdoor,Clay,2nd Round,3,Kasatkina D.,Bucsa C.,11,75,5,7,7,6,6,3,,,,,2,1,18,16,Completed,1.23,4.05
2024-04-26,Mutua Madrid Open,WTA1000,Outdoor,Clay,2nd Round,3,Krueger A.,Alexandrova E.,70,16,6,3,6,3,,,,,,,2,,12,6,Completed,2.78,1.44
2024-04-26,Mutua Madrid Open,WTA1000,Outdoor,Clay,2nd Round,3,Dolehide C.,Kalinina A.,56,32,6,7,6,2,6,3,,,,,2,1,18,12,Completed,2.92,1.4
2024-04-26,Mutua Madrid Open,WTA1000,Outdoor,Clay,2nd Round,3,Sherif M.,Kostyuk M.,72,21,6,2,7,5,,,,,,,2,,13,7,Completed,4.42,1.2
2024-04-26,Mutua Madrid Open,WTA1000,Outdoor,Clay,2nd Round,3,Putintseva Y.,Zheng Q.,50,8,7,5,2,0,,,,,,,1,,9,5,Retired,3.13,1.35
2024-04-26,Mutua Madrid Open,WTA1000,Outdoor,Clay,2nd Round,3,Cristian J.,Krejcikova B.,73,27,2,6,6,0,6,2,,,,,2,1,14,8,Completed,2.42,1.56
2024-04-26,Mutua Madrid Open,WTA1000,Outdoor,Clay,2nd Round,3,Bejlek S.,Kalinskaya A.,136,25,6,1,6,4,,,,,,,2,,12,5,Completed,2.76,1.44
2024-04-26,Mutua Madrid Open,WTA1000,Outdoor,Clay,2nd Round,3,Vondrousova M.,Rogers S.,7,352,6,1,6,3,,,,,,,2,,12,4,Completed,1.15,5.44
2024-04-26,Mutua Madrid Open,WTA1000,Outdoor,Clay,2nd Round,3,Montgomery R.,Boulter K.,183,28,1,6,6,3,6,4,,,,,2,1,13,13,Completed,2.32,1.6
2024-04-26,Mutua Madrid Open,WTA1000,Outdoor,Clay,2nd Round,3,Collins D.,Danilovic O.,15,122,4,6,6,4,7,6,,,,,2,1,17,16,Completed,1.17,4.96
2024-04-27,Mutua Madrid Open,WTA1000,Outdoor,Clay,3rd Round,3,Swiatek I.,Cirstea S.,1,30,6,1,6,1,,,,,,,2,,12,2,Completed,1.03,12.9
2024-04-27,Mutua Madrid Open,WTA1000,Outdoor,Clay,3rd Round,3,Sorribes Tormo S.,Azarenka V.,55,26,7,6,6,3,,,,,,,2,,13,9,Completed,3.06,1.37
2024-04-27,Mutua Madrid Open,WTA1000,Outdoor,Clay,3rd Round,3,Sakkari M.,Stephens S.,6,33,6,1,6,3,,,,,,,2,,12,4,Completed,1.62,2.27
2024-04-27,Mutua Madrid Open,WTA1000,Outdoor,Clay,3rd Round,3,Ostapenko J.,Carle M.,10,82,6,3,6,3,,,,,,,2,,12,6,Completed,1.43,2.78
2024-04-27,Mutua Madrid Open,WTA1000,Outdoor,Clay,3rd Round,3,Jabeur O.,Fernandez L.A.,9,35,7,5,2,6,6,4,,,,,2,1,15,15,Completed,1.73,2.1
2024-04-27,Mutua Madrid Open,WTA1000,Outdoor,Clay,3rd Round,3,Keys M.,Samsonova L.,20,17,6,2,6,3,,,,,,,2,,12,5,Completed,1.94,1.86
2024-04-27,Mutua Madrid Open,WTA1000,Outdoor,Clay,3rd Round,3,Haddad Maia B.,Navarro E.,14,23,6,4,6,4,,,,,,,2,,12,8,Completed,2.22,1.66
2024-04-27,Mutua Madrid Open,WTA1000,Outdoor,Clay,3rd Round,3,Gauff C.,Yastremska D.,3,34,6,4,6,1,,,,,,,2,,12,5,Completed,1.11,6.45
2024-04-28,Mutua Madrid Open,WTA1000,Outdoor,Clay,3rd Round,3,Rybakina E.,Sherif M.,4,72,6,1,6,4,,,,,,,2,,12,5,Completed,1.08,8.03
2024-04-28,Mutua Madrid Open,WTA1000,Outdoor,Clay,3rd Round,3,Bejlek S.,Krueger A.,136,70,6,3,6,1,,,,,,,2,,12,4,Completed,1.95,1.84
2024-04-28,Mutua Madrid Open,WTA1000,Outdoor,Clay,3rd Round,3,Putintseva Y.,Dolehide C.,50,56,6,2,6,2,,,,,,,2,,12,4,Completed,1.46,2.71
2024-04-28,Mutua Madrid Open,WTA1000,Outdoor,Clay,3rd Round,3,Kasatkina D.,Pavlyuchenkova A.,11,22,7,6,7,5,,,,,,,2,,14,11,Completed,1.99,1.81
2024-04-28,Mutua Madrid Open,WTA1000,Outdoor,Clay,3rd Round,3,Andreeva M.,Vondrousova M.,43,7,7,5,6,1,,,,,,,2,,13,6,Completed,2.22,1.66
2024-04-28,Mutua Madrid Open,WTA1000,Outdoor,Clay,3rd Round,3,Paolini J.,Garcia C.,13,24,6,3,6,2,,,,,,,2,,12,5,Completed,1.65,2.23
2024-04-28,Mutua Madrid Open,WTA1000,Outdoor,Clay,3rd Round,3,Collins D.,Cristian J.,15,73,3,6,6,4,6,1,,,,,2,1,15,11,Completed,1.3,3.5
2024-04-28,Mutua Madrid Open,WTA1000,Outdoor,Clay,3rd Round,3,Sabalenka A.,Montgomery R.,2,183,6,1,6,7,6,4,,,,,2,1,18,12,Completed,1.1,6.83
2024-04-29,Mutua Madrid Open,WTA1000,Outdoor,Clay,4th Round,3,Jabeur O.,Ostapenko J.,9,10,6,0,6,4,,,,,,,2,,12,4,Completed,2.01,1.8
2024-04-29,Mutua Madrid Open,WTA1000,Outdoor,Clay,4th Round,3,Haddad Maia B.,Sakkari M.,14,6,6,4,6,4,,,,,,,2,,12,8,Completed,2.63,1.48
2024-04-29,Mutua Madrid Open,WTA1000,Outdoor,Clay,4th Round,3,Swiatek I.,Sorribes Tormo S.,1,55,6,1,6,0,,,,,,,2,,12,1,Completed,1.02,14.08
2024-04-29,Mutua Madrid Open,WTA1000,Outdoor,Clay,4th Round,3,Andreeva M.,Paolini J.,43,13,7,6,6,4,,,,,,,2,,13,10,Completed,1.89,1.91
2024-04-29,Mutua Madrid Open,WTA1000,Outdoor,Clay,4th Round,3,Keys M.,Gauff C.,20,3,7,6,4,6,6,4,,,,,2,1,17,16,Completed,3.47,1.3
2024-04-29,Mutua Madrid Open,WTA1000,Outdoor,Clay,4th Round,3,Rybakina E.,Bejlek S.,4,136,6,1,6,3,,,,,,,2,,12,4,Completed,1.12,6.14
2024-04-29,Mutua Madrid Open,WTA1000,Outdoor,Clay,4th Round,3,Putintseva Y.,Kasatkina D.,50,11,3,6,6,2,6,2,,,,,2,1,15,10,Completed,2.31,1.6
2024-04-29,Mutua Madrid Open,WTA1000,Outdoor,Clay,4th Round,3,Sabalenka A.,Collins D.,2,15,4,6,6,4,6,3,,,,,2,1,16,13,Completed,1.62,2.28
2024-04-30,Mutua Madrid Open,WTA1000,Outdoor,Clay,Quarterfinals,3,Swiatek I.,Haddad Maia B.,1,14,4,6,6,0,6,2,,,,,2,1,16,8,Completed,1.07,8.47
2024-04-30,Mutua Madrid Open,WTA1000,Outdoor,Clay,Quarterfinals,3,Keys M.,Jabeur O.,20,9,0,6,7,5,6,1,,,,,2,1,13,12,Completed,2.11,1.73
2024-05-01,Mutua Madrid Open,WTA1000,Outdoor,Clay,Quarterfinals,3,Rybakina E.,Putintseva Y.,4,50,4,6,7,6,7,5,,,,,2,1,18,17,Completed,1.19,4.69
2024-05-01,Mutua Madrid Open,WTA1000,Outdoor,Clay,Quarterfinals,3,Sabalenka A.,Andreeva M.,2,43,6,1,6,4,,,,,,,2,,12,5,Completed,1.46,2.69
2024-05-02,Mutua Madrid Open,WTA1000,Outdoor,Clay,Semifinals,3,Swiatek I.,Keys M.,1,20,6,1,6,3,,,,,,,2,,12,4,Completed,1.08,7.68
2024-05-02,Mutua Madrid Open,WTA1000,Outdoor,Clay,Semifinals,3,Sabalenka A.,Rybakina E.,2,4,1,6,7,5,7,6,,,,,1,2,15,17,Completed,1.75,2.07
2024-05-04,Mutua Madrid Open,WTA1000,Outdoor,Clay,The Final,3,Swiatek I.,Sabalenka A.,1,2,7,5,4,6,7,6,,,,,2,1,18,17,Completed,1.28,3.67
2024-05-07,Internazionali BNL d'Italia,WTA1000,Outdoor,Clay,1st Round,3,Rogers S.,Pigato L.,398,318,6,1,6,0,,,,,,,2,,12,1,Completed,1.27,3.75
2024-05-07,Internazionali BNL d'Italia,WTA1000,Outdoor,Clay,1st Round,3,Badosa P.,Andreeva M.,126,40,6,2,6,3,,,,,,,2,,12,5,Completed,2.78,1.44
2024-05-07,Internazionali BNL d'Italia,WTA1000,Outdoor,Clay,1st Round,3,Putintseva Y.,Trevisan M.,41,87,6,3,6,4,,,,,,,2,,12,7,Completed,1.43,2.8
2024-05-07,Internazionali BNL d'Italia,WTA1000,Outdoor,Clay,1st Round,3,Osorio M.,Rus A.,64,49,4,6,6,3,6,4,,,,,2,1,16,13,Completed,1.75,2.08
2024-05-07,Internazionali BNL d'Italia,WTA1000,Outdoor,Clay,1st Round,3,Wang Xin.,Yuan Y.,42,38,4,6,6,1,6,2,,,,,2,1,16,9,Completed,1.98,1.82
2024-05-07,Internazionali BNL d'Italia,WTA1000,Outdoor,Clay,1st Round,3,Bogdan A.,Fernandez L.A.,63,34,6,4,6,1,,,,,,,2,,12,5,Completed,2.6,1.5
2024-05-07,Internazionali BNL d'Italia,WTA1000,Outdoor,Clay,1st Round,3,Stefanini L.,Paganetti V.,179,,7,5,6,3,,,,,,,2,,13,8,Completed,1.14,5.58
2024-05-07,Internazionali BNL d'Italia,WTA1000,Outdoor,Clay,1st Round,3,Kerber A.,Davis L.,331,194,6,1,6,0,,,,,,,2,,12,1,Completed,1.64,2.25
2024-05-07,Internazionali BNL d'Italia,WTA1000,Outdoor,Clay,1st Round,3,Frech M.,Krueger A.,55,66,7,6,6,3,,,,,,,2,,13,9,Completed,2.07,1.76
2024-05-07,Internazionali BNL d'Italia,WTA1000,Outdoor,Clay,1st Round,3,Shnaider D.,Minnen G.,62,76,6,2,6,3,,,,,,,2,,12,5,Completed,1.39,2.98
2024-05-08,Internazionali BNL d'Italia,WTA1000,Outdoor,Clay,1st Round,3,Avanesyan E.,Bucsa C.,72,70,6,7,6,0,7,5,,,,,2,1,19,12,Completed,1.75,2.08
2024-05-08,Internazionali BNL d'Italia,WTA1000,Outdoor,Clay,1st Round,3,Maria T.,Fruhvirtova L.,65,150,7,6,3,6,6,2,,,,,2,1,16,14,Completed,2.11,1.73
2024-05-08,Internazionali BNL d'Italia,WTA1000,Outdoor,Clay,1st Round,3,Tsurenko L.,Vekic D.,44,37,6,2,3,6,7,6,,,,,2,1,16,14,Completed,2.44,1.55
2024-05-08,Internazionali BNL d'Italia,WTA1000,Outdoor,Clay,1st Round,3,Blinkova A.,Parry D.,46,50,6,2,6,3,,,,,,,2,,12,5,Completed,2.74,1.45
2024-05-08,Internazionali BNL d'Italia,WTA1000,Outdoor,Clay,1st Round,3,Sasnovich A.,Schmiedlova A.,113,67,6,2,7,6,,,,,,,2,,13,8,Completed,1.88,1.92
2024-05-08,Internazionali BNL d'Italia,WTA1000,Outdoor,Clay,1st Round,3,Pera B.,Dolehide C.,77,54,7,6,6,3,,,,,,,2,,13,9,Completed,1.56,2.42
2024-05-08,Internazionali BNL d'Italia,WTA1000,Outdoor,Clay,1st Round,3,Fruhvirtova B.,Townsend T.,102,59,3,6,6,2,6,0,,,,,2,1,15,8,Completed,1.99,1.81
2024-05-08,Internazionali BNL d'Italia,WTA1000,Outdoor,Clay,1st Round,3,Linette M.,Zhu L.,51,57,6,3,6,2,,,,,,,2,,12,5,Completed,1.23,4.08
2024-05-08,Internazionali BNL d'Italia,WTA1000,Outdoor,Clay,1st Round,3,Osaka N.,Burel C.,173,45,7,6,6,1,,,,,,,2,,13,7,Completed,1.46,2.71
2024-05-08,Internazionali BNL d'Italia,WTA1000,Outdoor,Clay,1st Round,3,Siniakova K.,Brancaccio N.,36,292,6,4,6,2,,,,,,,2,,12,6,Completed,1.12,6.16
2024-05-08,Internazionali BNL d'Italia,WTA1000,Outdoor,Clay,1st Round,3,Sherif M.,Martic P.,80,81,6,2,6,2,,,,,,,2,,12,4,Completed,1.49,2.61
2024-05-08,Internazionali BNL d'Italia,WTA1000,Outdoor,Clay,1st Round,3,Kenin S.,Bronzetti L.,58,48,6,3,6,2,,,,,,,2,,12,5,Completed,2.48,1.54
2024-05-09,Internazionali BNL d'Italia,WTA1000,Outdoor,Clay,1st Round,3,Gracheva V.,Di Sarra F.,88,530,6,1,6,3,,,,,,,2,,12,4,Completed,1.05,10.27
2024-05-09,Internazionali BNL d'Italia,WTA1000,Outdoor,Clay,1st Round,3,Sorribes Tormo S.,Podoroska N.,47,61,6,4,6,3,,,,,,,2,,12,7,Completed,1.55,2.47
2024-05-09,Internazionali BNL d'Italia,WTA1000,Outdoor,Clay,1st Round,3,Cocciaretto E.,Zarazua R.,56,103,4,6,7,5,6,3,,,,,2,1,17,14,Completed,1.22,4.28
2024-05-09,Internazionali BNL d'Italia,WTA1000,Outdoor,Clay,1st Round,3,Begu I.,Masarova R.,161,104,5,7,6,3,6,4,,,,,2,1,17,14,Completed,1.5,2.57
2024-05-09,Internazionali BNL d'Italia,WTA1000,Outdoor,Clay,1st Round,3,Sramkova R.,Pedone G.,120,270,6,4,6,1,,,,,,,2,,12,5,Completed,1.2,4.54
2024-05-09,Internazionali BNL d'Italia,WTA1000,Outdoor,Clay,1st Round,3,Siegemund L.,Carle M.,86,71,2,6,6,4,6,4,,,,,2,1,14,14,Completed,1.64,2.25
2024-05-09,Internazionali BNL d'Italia,WTA1000,Outdoor,Clay,1st Round,3,Potapova A.,Wang Xiy.,43,53,6,1,7,5,,,,,,,2,,13,6,Completed,1.59,2.34
2024-05-09,Internazionali BNL d'Italia,WTA1000,Outdoor,Clay,1st Round,3,Tauson C.,Saville D.,78,84,6,2,6,3,,,,,,,2,,12,5,Completed,1.57,2.4
2024-05-09,Internazionali BNL d'Italia,WTA1000,Outdoor,Clay,1st Round,3,Errani S.,Anisimova A.,93,237,4,6,6,2,6,1,,,,,2,1,16,9,Completed,2.87,1.41
2024-05-09,Internazionali BNL d'Italia,WTA1000,Outdoor,Clay,1st Round,3,Volynets K.,Wang Y.,109,69,7,6,6,1,,,,,,,2,,13,7,Completed,1.4,2.95
2024-05-09,Internazionali BNL d'Italia,WTA1000,Outdoor,Clay,2nd Round,3,Kerber A.,Kudermetova V.,331,25,6,3,6,0,,,,,,,2,,12,3,Completed,3.0,1.39
2024-05-09,Internazionali BNL d'Italia,WTA1000,Outdoor,Clay,2nd Round,3,Shnaider D.,Samsonova L.,62,17,6,1,6,3,,,,,,,2,,12,4,Completed,2.09,1.74
2024-05-09,Internazionali BNL d'Italia,WTA1000,Outdoor,Clay,2nd Round,3,Noskova L.,Stefanini L.,29,179,6,3,7,6,,,,,,,2,,13,9,Completed,1.14,5.67
2024-05-09,Internazionali BNL d'Italia,WTA1000,Outdoor,Clay,2nd Round,3,Kasatkina D.,Maria T.,11,65,7,5,6,1,,,,,,,2,,13,6,Completed,1.14,5.73
2024-05-09,Internazionali BNL d'Italia,WTA1000,Outdoor,Clay,2nd Round,3,Zheng Q.,Rogers S.,7,398,6,2,6,0,,,,,,,2,,12,2,Completed,1.31,3.45
2024-05-09,Internazionali BNL d'Italia,WTA1000,Outdoor,Clay,2nd Round,3,Sasnovich A.,Alexandrova E.,113,18,6,0,6,1,,,,,,,2,,12,1,Completed,2.69,1.46
2024-05-09,Internazionali BNL d'Italia,WTA1000,Outdoor,Clay,2nd Round,3,Osaka N.,Kostyuk M.,173,20,6,3,6,2,,,,,,,2,,12,5,Completed,2.04,1.79
2024-05-09,Internazionali BNL d'Italia,WTA1000,Outdoor,Clay,2nd Round,3,Cristian J.,Avanesyan E.,68,72,5,7,6,2,6,2,,,,,2,1,17,11,Completed,1.71,2.13
2024-05-09,Internazionali BNL d'Italia,WTA1000,Outdoor,Clay,2nd Round,3,Keys M.,Osorio M.,16,64,6,0,4,6,6,3,,,,,2,1,16,9,Completed,1.43,2.83
2024-05-09,Internazionali BNL d'Italia,WTA1000,Outdoor,Clay,2nd Round,3,Haddad Maia B.,Wang Xin.,13,42,4,6,6,3,6,4,,,,,2,1,16,13,Completed,1.29,3.59
2024-05-09,Internazionali BNL d'Italia,WTA1000,Outdoor,Clay,2nd Round,3,Gauff C.,Frech M.,3,55,6,3,6,3,,,,,,,2,,12,6,Completed,1.09,7.6
2024-05-09,Internazionali BNL d'Italia,WTA1000,Outdoor,Clay,2nd Round,3,Cirstea S.,Fruhvirtova B.,32,102,7,5,6,0,,,,,,,2,,13,5,Completed,2.01,1.8
2024-05-09,Internazionali BNL d'Italia,WTA1000,Outdoor,Clay,2nd Round,3,Vondrousova M.,Bogdan A.,6,63,6,2,3,6,6,4,,,,,2,1,15,12,Completed,1.29,3.61
2024-05-09,Internazionali BNL d'Italia,WTA1000,Outdoor,Clay,2nd Round,3,Putintseva Y.,Stephens S.,41,35,6,3,6,2,,,,,,,2,,12,5,Completed,2.09,1.74
2024-05-09,Internazionali BNL d'Italia,WTA1000,Outdoor,Clay,2nd Round,3,Swiatek I.,Pera B.,1,77,6,0,6,2,,,,,,,2,,12,2,Completed,1.03,13.88
2024-05-09,Internazionali BNL d'Italia,WTA1000,Outdoor,Clay,2nd Round,3,Badosa P.,Navarro E.,126,22,1,6,6,4,6,2,,,,,2,1,13,12,Completed,1.87,1.93
2024-05-10,Internazionali BNL d'Italia,WTA1000,Outdoor,Clay,2nd Round,3,Collins D.,Blinkova A.,15,46,6,4,,,,,,,,,1,,6,4,Retired,1.18,4.76
2024-05-10,Internazionali BNL d'Italia,WTA1000,Outdoor,Clay,2nd Round,3,Sakkari M.,Gracheva V.,8,88,6,2,6,2,,,,,,,2,,12,4,Completed,1.17,5.02
2024-05-10,Internazionali BNL d'Italia,WTA1000,Outdoor,Clay,2nd Round,3,Sorribes Tormo S.,Pavlyuchenkova A.,47,21,6,3,1,6,7,5,,,,,2,1,14,14,Completed,2.2,1.67
2024-05-10,Internazionali BNL d'Italia,WTA1000,Outdoor,Clay,2nd Round,3,Mertens E.,Siniakova K.,30,36,6,1,6,4,,,,,,,2,,12,5,Completed,1.82,1.99
2024-05-10,Internazionali BNL d'Italia,WTA1000,Outdoor,Clay,2nd Round,3,Kenin S.,Jabeur O.,58,9,7,5,2,6,6,4,,,,,2,1,15,15,Completed,3.57,1.29
2024-05-10,Internazionali BNL d'Italia,WTA1000,Outdoor,Clay,2nd Round,3,Ostapenko J.,Potapova A.,10,43,6,4,6,2,,,,,,,2,,12,6,Completed,1.81,2.0
2024-05-10,Internazionali BNL d'Italia,WTA1000,Outdoor,Clay,2nd Round,3,Begu I.,Dodin O.,161,73,5,2,,,,,,,,,,,5,2,Retired,1.31,3.34
2024-05-10,Internazionali BNL d'Italia,WTA1000,Outdoor,Clay,2nd Round,3,Kalinskaya A.,Tauson C.,26,78,6,1,6,2,,,,,,,2,,12,3,Completed,2.04,1.77
2024-05-10,Internazionali BNL d'Italia,WTA1000,Outdoor,Clay,2nd Round,3,Yastremska D.,Siegemund L.,33,86,4,6,7,5,6,2,,,,,2,1,17,13,Completed,2.22,1.66
2024-05-10,Internazionali BNL d'Italia,WTA1000,Outdoor,Clay,2nd Round,3,Azarenka V.,Linette M.,24,51,6,7,6,4,6,3,,,,,2,1,18,14,Completed,1.5,2.59
2024-05-10,Internazionali BNL d'Italia,WTA1000,Outdoor,Clay,2nd Round,3,Garcia C.,Cocciaretto E.,23,56,6,2,7,6,,,,,,,2,,13,8,Completed,1.79,2.02
2024-05-10,Internazionali BNL d'Italia,WTA1000,Outdoor,Clay,2nd Round,3,Kalinina A.,Tsurenko L.,31,44,2,0,,,,,,,,,,,2,0,Retired,1.49,2.6
2024-05-10,Internazionali BNL d'Italia,WTA1000,Outdoor,Clay,2nd Round,3,Svitolina E.,Errani S.,19,93,6,0,6,2,,,,,,,2,,12,2,Completed,1.35,3.21
2024-05-10,Internazionali BNL d'Italia,WTA1000,Outdoor,Clay,2nd Round,3,Sabalenka A.,Volynets K.,2,109,4,6,6,3,6,2,,,,,2,1,16,11,Completed,1.08,7.85
2024-05-10,Internazionali BNL d'Italia,WTA1000,Outdoor,Clay,2nd Round,3,Sramkova R.,Boulter K.,120,28,6,4,7,6,,,,,,,2,,13,10,Completed,1.98,1.82
2024-05-10,Internazionali BNL d'Italia,WTA1000,Outdoor,Clay,2nd Round,3,Sherif M.,Paolini J.,80,12,7,6,2,6,6,4,,,,,2,1,15,16,Completed,3.18,1.35
2024-05-11,Internazionali BNL d'Italia,WTA1000,Outdoor,Clay,3rd Round,3,Swiatek I.,Putintseva Y.,1,41,6,3,6,4,,,,,,,2,,12,7,Completed,1.03,13.2
2024-05-11,Internazionali BNL d'Italia,WTA1000,Outdoor,Clay,3rd Round,3,Badosa P.,Shnaider D.,126,62,5,7,6,4,6,4,,,,,2,1,17,15,Completed,1.51,2.57
2024-05-11,Internazionali BNL d'Italia,WTA1000,Outdoor,Clay,3rd Round,3,Kerber A.,Sasnovich A.,331,113,6,3,7,6,,,,,,,2,,13,9,Completed,1.69,2.17
2024-05-11,Internazionali BNL d'Italia,WTA1000,Outdoor,Clay,3rd Round,3,Osaka N.,Kasatkina D.,173,11,6,3,6,3,,,,,,,2,,12,6,Completed,1.95,1.85
2024-05-11,Internazionali BNL d'Italia,WTA1000,Outdoor,Clay,3rd Round,3,Zheng Q.,Noskova L.,7,29,3,6,6,1,6,2,,,,,2,1,15,9,Completed,1.49,2.61
2024-05-11,Internazionali BNL d'Italia,WTA1000,Outdoor,Clay,3rd Round,3,Keys M.,Haddad Maia B.,16,13,6,4,4,6,6,3,,,,,2,1,16,13,Completed,1.81,1.99
2024-05-11,Internazionali BNL d'Italia,WTA1000,Outdoor,Clay,3rd Round,3,Cirstea S.,Vondrousova M.,32,6,7,6,6,3,,,,,,,2,,13,9,Completed,2.99,1.39
2024-05-11,Internazionali BNL d'Italia,WTA1000,Outdoor,Clay,3rd Round,3,Gauff C.,Cristian J.,3,68,6,1,0,6,6,3,,,,,2,1,12,10,Completed,1.12,6.29
2024-05-12,Internazionali BNL d'Italia,WTA1000,Outdoor,Clay,3rd Round,3,Begu I.,Mertens E.,161,30,6,2,6,0,,,,,,,2,,12,2,Completed,2.43,1.56
2024-05-12,Internazionali BNL d'Italia,WTA1000,Outdoor,Clay,3rd Round,3,Sakkari M.,Kalinina A.,8,31,7,6,6,0,,,,,,,2,,13,6,Completed,1.33,3.29
2024-05-12,Internazionali BNL d'Italia,WTA1000,Outdoor,Clay,3rd Round,3,Sramkova R.,Kenin S.,120,58,6,4,4,6,6,4,,,,,2,1,16,14,Completed,2.06,1.75
2024-05-12,Internazionali BNL d'Italia,WTA1000,Outdoor,Clay,3rd Round,3,Sabalenka A.,Yastremska D.,2,33,6,4,6,2,,,,,,,2,,12,6,Completed,1.14,5.68
2024-05-12,Internazionali BNL d'Italia,WTA1000,Outdoor,Clay,3rd Round,3,Ostapenko J.,Sorribes Tormo S.,10,47,6,4,5,7,6,1,,,,,2,1,17,12,Completed,1.61,2.3
2024-05-12,Internazionali BNL d'Italia,WTA1000,Outdoor,Clay,3rd Round,3,Azarenka V.,Sherif M.,24,80,6,2,6,7,6,3,,,,,2,1,18,12,Completed,1.51,2.56
2024-05-12,Internazionali BNL d'Italia,WTA1000,Outdoor,Clay,3rd Round,3,Svitolina E.,Kalinskaya A.,19,26,6,3,6,3,,,,,,,2,,12,6,Completed,1.62,2.27
2024-05-12,Internazionali BNL d'Italia,WTA1000,Outdoor,Clay,3rd Round,3,Collins D.,Garcia C.,15,23,6,3,6,3,,,,,,,2,,12,6,Completed,1.34,3.21
2024-05-13,Internazionali BNL d'Italia,WTA1000,Outdoor,Clay,4th Round,3,Keys M.,Cirstea S.,16,32,6,2,6,1,,,,,,,2,,12,3,Completed,1.61,2.3
2024-05-13,Internazionali BNL d'Italia,WTA1000,Outdoor,Clay,4th Round,3,Zheng Q.,Osaka N.,7,173,6,2,6,4,,,,,,,2,,12,6,Completed,1.92,1.88
2024-05-13,Internazionali BNL d'Italia,WTA1000,Outdoor,Clay,4th Round,3,Gauff C.,Badosa P.,3,126,5,7,6,4,6,1,,,,,2,1,17,12,Completed,1.49,2.61
2024-05-13,Internazionali BNL d'Italia,WTA1000,Outdoor,Clay,4th Round,3,Swiatek I.,Kerber A.,1,331,7,5,6,3,,,,,,,2,,13,8,Completed,1.03,13.38
2024-05-13,Internazionali BNL d'Italia,WTA1000,Outdoor,Clay,4th Round,3,Ostapenko J.,Sramkova R.,10,120,4,6,6,4,7,6,,,,,2,1,17,16,Completed,1.31,3.49
2024-05-13,Internazionali BNL d'Italia,WTA1000,Outdoor,Clay,4th Round,3,Collins D.,Begu I.,15,161,6,0,6,3,,,,,,,2,,12,3,Completed,1.24,4.03
2024-05-13,Internazionali BNL d'Italia,WTA1000,Outdoor,Clay,4th Round,3,Azarenka V.,Sakkari M.,24,8,6,4,6,1,,,,,,,2,,12,5,Completed,2.81,1.43
2024-05-13,Internazionali BNL d'Italia,WTA1000,Outdoor,Clay,4th Round,3,Sabalenka A.,Svitolina E.,2,19,4,6,6,1,7,6,,,,,2,1,17,13,Completed,1.36,3.12
2024-05-14,Internazionali BNL d'Italia,WTA1000,Outdoor,Clay,Quarterfinals,3,Swiatek I.,Keys M.,1,16,6,1,6,3,,,,,,,2,,12,4,Completed,1.07,8.59
2024-05-14,Internazionali BNL d'Italia,WTA1000,Outdoor,Clay,Quarterfinals,3,Gauff C.,Zheng Q.,3,7,7,6,6,1,,,,,,,2,,13,7,Completed,1.69,2.17
2024-05-15,Internazionali BNL d'Italia,WTA1000,Outdoor,Clay,Quarterfinals,3,Sabalenka A.,Ostapenko J.,2,10,6,2,6,4,,,,,,,2,,12,6,Completed,1.29,3.62
2024-05-15,Internazionali BNL d'Italia,WTA1000,Outdoor,Clay,Quarterfinals,3,Collins D.,Azarenka V.,15,24,6,4,6,3,,,,,,,2,,12,7,Completed,1.4,2.96
2024-05-16,Internazionali BNL d'Italia,WTA1000,Outdoor,Clay,Semifinals,3,Swiatek I.,Gauff C.,1,3,6,4,6,3,,,,,,,2,,12,7,Completed,1.14,5.57
2024-05-16,Internazionali BNL d'Italia,WTA1000,Outdoor,Clay,Semifinals,3,Sabalenka A.,Collins D.,2,15,7,5,6,2,,,,,,,2,,13,7,Completed,1.58,2.38
2024-05-18,Internazionali BNL d'Italia,WTA1000,Outdoor,Clay,The Final,3,Swiatek I.,Sabalenka A.,1,2,6,2,6,3,,,,,,,2,,12,5,Completed,1.3,3.57
2024-05-19,Morocco Open,WTA250,Outdoor,Clay,1st Round,3,Sorribes Tormo S.,Dart H.,46,91,6,2,6,0,,,,,,,2,,12,2,Completed,1.1,6.7
2024-05-19,Morocco Open,WTA250,Outdoor,Clay,1st Round,3,Rakhimova K.,Townsend T.,105,75,2,0,,,,,,,,,,,2,0,Retired,3.61,1.28
2024-05-20,Morocco Open,WTA250,Outdoor,Clay,1st Round,3,Wang Xiy.,Brancaccio N.,62,286,7,6,7,5,,,,,,,2,,14,11,Completed,1.31,3.38
2024-05-20,Morocco Open,WTA250,Outdoor,Clay,1st Round,3,Bai Z.,Day K.,99,100,6,3,7,6,,,,,,,2,,13,9,Completed,2.11,1.71
2024-05-20,Morocco Open,WTA250,Outdoor,Clay,1st Round,3,Podoroska N.,Maria T.,59,64,6,2,6,4,,,,,,,2,,12,6,Completed,1.49,2.58
2024-05-20,Morocco Open,WTA250,Outdoor,Clay,1st Round,3,Cocciaretto E.,Kabbaj Y.,52,566,6,3,6,4,,,,,,,2,,12,7,Completed,1.04,11.57
2024-05-20,Morocco Open,WTA250,Outdoor,Clay,1st Round,3,Stearns P.,Krunic A.,81,471,5,7,6,2,6,1,,,,,2,1,17,10,Completed,1.52,2.5
2024-05-20,Morocco Open,WTA250,Outdoor,Clay,1st Round,3,Avanesyan E.,Osorio M.,69,77,6,3,4,6,0,4,,,,,1,1,10,13,Retired,2.29,1.61
2024-05-20,Morocco Open,WTA250,Outdoor,Clay,1st Round,3,Rosatello C.,Yuan Y.,294,36,7,6,1,6,6,4,,,,,2,1,14,16,Completed,3.92,1.24
2024-05-20,Morocco Open,WTA250,Outdoor,Clay,1st Round,3,Siegemund L.,Blinkova A.,78,45,6,1,7,6,,,,,,,2,,13,7,Completed,1.43,2.76
2024-05-21,Morocco Open,WTA250,Outdoor,Clay,1st Round,3,Bronzetti L.,El Allami M.,48,1143,6,1,6,0,,,,,,,2,,12,1,Completed,1.02,14.39
2024-05-21,Morocco Open,WTA250,Outdoor,Clay,1st Round,3,Carle M.,Rus A.,83,49,6,3,6,3,,,,,,,2,,12,6,Completed,1.84,1.95
2024-05-21,Morocco Open,WTA250,Outdoor,Clay,1st Round,3,Wang Y.,Zhu L.,68,58,4,6,6,0,6,2,,,,,2,1,16,8,Completed,1.9,1.88
2024-05-21,Morocco Open,WTA250,Outdoor,Clay,1st Round,3,Sherif M.,El Aouni A.,66,629,6,2,6,1,,,,,,,2,,12,3,Completed,1.05,9.72
2024-05-21,Morocco Open,WTA250,Outdoor,Clay,1st Round,3,Trevisan M.,Hibino N.,88,96,7,5,4,6,6,3,,,,,2,1,17,14,Completed,1.31,3.4
2024-05-21,Morocco Open,WTA250,Outdoor,Clay,1st Round,3,Tomova V.,Cengiz B.,84,347,6,2,6,1,,,,,,,2,,12,3,Completed,1.25,3.86
2024-05-21,Morocco Open,WTA250,Outdoor,Clay,2nd Round,3,Sorribes Tormo S.,Podoroska N.,46,59,7,5,3,6,6,3,,,,,2,1,16,14,Completed,1.43,2.79
2024-05-21,Morocco Open,WTA250,Outdoor,Clay,2nd Round,3,Cocciaretto E.,Bai Z.,52,99,6,4,6,2,,,,,,,2,,12,6,Completed,1.27,3.71
2024-05-22,Morocco Open,WTA250,Outdoor,Clay,2nd Round,3,Tomova V.,Wang Y.,84,68,7,6,6,0,,,,,,,2,,13,6,Completed,1.48,2.62
2024-05-22,Morocco Open,WTA250,Outdoor,Clay,2nd Round,3,Bronzetti L.,Trevisan M.,48,88,6,2,6,3,,,,,,,2,,12,5,Completed,1.94,1.85
2024-05-22,Morocco Open,WTA250,Outdoor,Clay,2nd Round,3,Stearns P.,Wang Xiy.,81,62,6,3,6,1,,,,,,,2,,12,4,Completed,2.0,1.79
2024-05-22,Morocco Open,WTA250,Outdoor,Clay,2nd Round,3,Siegemund L.,Osorio M.,78,77,6,4,6,4,,,,,,,2,,12,8,Completed,1.73,2.09
2024-05-22,Morocco Open,WTA250,Outdoor,Clay,2nd Round,3,Sherif M.,Carle M.,66,83,6,3,6,2,,,,,,,2,,12,5,Completed,1.64,2.23
2024-05-22,Morocco Open,WTA250,Outdoor,Clay,2nd Round,3,Rakhimova K.,Rosatello C.,105,294,4,0,,,,,,,,,,,4,0,Retired,1.31,3.37
2024-05-23,Morocco Open,WTA250,Outdoor,Clay,Quarterfinals,3,Tomova V.,Siegemund L.,84,78,6,4,6,3,,,,,,,2,,12,7,Completed,2.83,1.42
2024-05-23,Morocco Open,WTA250,Outdoor,Clay,Quarterfinals,3,Stearns P.,Bronzetti L.,81,48,6,4,4,6,7,5,,,,,2,1,17,15,Completed,1.7,2.14
2024-05-23,Morocco Open,WTA250,Outdoor,Clay,Quarterfinals,3,Sherif M.,Sorribes Tormo S.,66,46,6,3,6,3,,,,,,,2,,12,6,Completed,2.09,1.73
2024-05-23,Morocco Open,WTA250,Outdoor,Clay,Quarterfinals,3,Rakhimova K.,Cocciaretto E.,105,52,7,5,7,5,,,,,,,2,,14,10,Completed,3.22,1.34
2024-05-24,Morocco Open,WTA250,Outdoor,Clay,Semifinals,3,Stearns P.,Tomova V.,81,84,6,7,7,5,7,6,,,,,2,1,20,18,Completed,1.66,2.2
2024-05-24,Morocco Open,WTA250,Outdoor,Clay,Semifinals,3,Sherif M.,Rakhimova K.,66,105,6,0,6,1,,,,,,,2,,12,1,Completed,1.3,3.48
2024-05-25,Morocco Open,WTA250,Outdoor,Clay,The Final,3,Stearns P.,Sherif M.,81,66,6,2,6,1,,,,,,,2,,12,3,Completed,3.13,1.36
2024-05-19,Internationaux de Strasbourg,WTA500,Outdoor,Clay,1st Round,3,Fernandez L.A.,Potapova A.,33,41,4,6,7,6,6,3,,,,,2,1,17,15,Completed,2.06,1.75
2024-05-19,Internationaux de Strasbourg,WTA500,Outdoor,Clay,1st Round,3,Kalinina A.,Pavlyuchenkova A.,56,22,6,3,3,6,6,4,,,,,2,1,15,13,Completed,2.33,1.6
2024-05-19,Internationaux de Strasbourg,WTA500,Outdoor,Clay,1st Round,3,Burel C.,Pliskova Ka.,43,51,7,5,0,6,6,1,,,,,2,1,13,12,Completed,1.74,2.08
2024-05-20,Internationaux de Strasbourg,WTA500,Outdoor,Clay,1st Round,3,Linette M.,Cirstea S.,50,30,7,5,7,5,,,,,,,2,,14,10,Completed,2.41,1.56
2024-05-20,Internationaux de Strasbourg,WTA500,Outdoor,Clay,1st Round,3,Wang Xin.,Kalinskaya A.,39,25,6,4,7,6,,,,,,,2,,13,10,Completed,2.75,1.44
2024-05-20,Internationaux de Strasbourg,WTA500,Outdoor,Clay,1st Round,3,Samsonova L.,Krejcikova B.,19,26,6,2,6,7,6,4,,,,,2,1,18,13,Completed,2.01,1.79
2024-05-20,Internationaux de Strasbourg,WTA500,Outdoor,Clay,1st Round,3,Siniakova K.,Putintseva Y.,34,37,6,0,7,5,,,,,,,2,,13,5,Completed,2.38,1.57
2024-05-20,Internationaux de Strasbourg,WTA500,Outdoor,Clay,1st Round,3,Alexandrova E.,Bucsa C.,18,72,6,0,7,5,,,,,,,2,,13,5,Completed,1.6,2.33
2024-05-20,Internationaux de Strasbourg,WTA500,Outdoor,Clay,1st Round,3,Svitolina E.,Parry D.,17,61,6,3,6,4,,,,,,,2,,12,7,Completed,1.35,3.22
2024-05-20,Internationaux de Strasbourg,WTA500,Outdoor,Clay,1st Round,3,Frech M.,Stephens S.,54,35,6,3,6,3,,,,,,,2,,12,6,Completed,2.58,1.5
2024-05-20,Internationaux de Strasbourg,WTA500,Outdoor,Clay,1st Round,3,Ferro F.,Andreeva E.,142,101,6,2,6,2,,,,,,,2,,12,4,Completed,2.27,1.62
2024-05-20,Internationaux de Strasbourg,WTA500,Outdoor,Clay,1st Round,3,Navarro E.,Cornet A.,24,107,6,4,6,1,,,,,,,2,,12,5,Completed,1.11,6.4
2024-05-21,Internationaux de Strasbourg,WTA500,Outdoor,Clay,2nd Round,3,Samsonova L.,Fernandez L.A.,19,33,4,6,6,4,6,2,,,,,2,1,16,12,Completed,1.75,2.06
2024-05-22,Internationaux de Strasbourg,WTA500,Outdoor,Clay,2nd Round,3,Keys M.,Wang Xin.,16,39,7,5,6,0,,,,,,,2,,13,5,Completed,1.26,3.75
2024-05-22,Internationaux de Strasbourg,WTA500,Outdoor,Clay,2nd Round,3,Haddad Maia B.,Navarro E.,14,24,6,4,7,6,,,,,,,2,,13,10,Completed,1.95,1.84
2024-05-22,Internationaux de Strasbourg,WTA500,Outdoor,Clay,2nd Round,3,Linette M.,Alexandrova E.,50,18,6,7,6,3,6,3,,,,,2,1,18,13,Completed,1.77,2.03
2024-05-22,Internationaux de Strasbourg,WTA500,Outdoor,Clay,2nd Round,3,Vondrousova M.,Frech M.,6,54,5,7,6,1,6,0,,,,,2,1,17,8,Completed,1.29,3.56
2024-05-22,Internationaux de Strasbourg,WTA500,Outdoor,Clay,2nd Round,3,Kalinina A.,Ferro F.,56,142,6,3,3,6,6,0,,,,,2,1,15,9,Completed,1.36,3.1
2024-05-22,Internationaux de Strasbourg,WTA500,Outdoor,Clay,2nd Round,3,Burel C.,Svitolina E.,43,17,7,6,4,6,6,1,,,,,2,1,17,13,Completed,3.65,1.28
2024-05-22,Internationaux de Strasbourg,WTA500,Outdoor,Clay,2nd Round,3,Collins D.,Siniakova K.,12,34,6,1,6,2,,,,,,,2,,12,3,Completed,1.38,2.98
2024-05-23,Internationaux de Strasbourg,WTA500,Outdoor,Clay,Quarterfinals,3,Samsonova L.,Haddad Maia B.,19,14,6,3,6,0,,,,,,,2,,12,3,Completed,2.22,1.65
2024-05-23,Internationaux de Strasbourg,WTA500,Outdoor,Clay,Quarterfinals,3,Keys M.,Linette M.,16,50,6,1,6,3,,,,,,,2,,12,4,Completed,1.37,3.04
2024-05-23,Internationaux de Strasbourg,WTA500,Outdoor,Clay,Quarterfinals,3,Collins D.,Burel C.,12,43,6,1,6,3,,,,,,,2,,12,4,Completed,1.16,5.18
2024-05-24,Internationaux de Strasbourg,WTA500,Outdoor,Clay,Quarterfinals,3,Kalinina A.,Vondrousova M.,56,6,5,7,6,3,6,2,,,,,2,1,17,12,Completed,2.78,1.44
2024-05-24,Internationaux de Strasbourg,WTA500,Outdoor,Clay,Semifinals,3,Keys M.,Samsonova L.,16,19,6,1,6,3,,,,,,,2,,12,4,Completed,1.5,2.6
2024-05-24,Internationaux de Strasbourg,WTA500,Outdoor,Clay,Semifinals,3,Collins D.,Kalinina A.,12,56,7,6,6,2,,,,,,,2,,13,8,Completed,1.2,4.53
2024-05-25,Internationaux de Strasbourg,WTA500,Outdoor,Clay,The Final,3,Keys M.,Collins D.,16,12,6,1,6,2,,,,,,,2,,12,3,Completed,2.36,1.58
2024-05-26,French Open,Grand Slam,Outdoor,Clay,1st Round,3,Bouzkova M.,Kudermetova V.,42,31,6,2,6,4,,,,,,,2,,12,6,Completed,2.07,1.77
2024-05-26,French Open,Grand Slam,Outdoor,Clay,1st Round,3,Vekic D.,Tsurenko L.,40,45,6,5,,,,,,,,,,,6,5,Retired,1.64,2.28
2024-05-26,French Open,Grand Slam,Outdoor,Clay,1st Round,3,Wang Y.,Timofeeva M.,68,105,6,3,6,3,,,,,,,2,,12,6,Completed,2.02,1.8
2024-05-26,French Open,Grand Slam,Outdoor,Clay,1st Round,3,Yastremska D.,Tomljanovic A.,32,202,3,6,6,3,6,3,,,,,2,1,15,12,Completed,1.35,3.25
2024-05-26,French Open,Grand Slam,Outdoor,Clay,1st Round,3,Osaka N.,Bronzetti L.,134,67,6,1,4,6,7,5,,,,,2,1,17,12,Completed,1.21,4.47
2024-05-26,French Open,Grand Slam,Outdoor,Clay,1st Round,3,Kostyuk M.,Pigossi L.,20,119,7,5,6,7,6,4,,,,,2,1,19,16,Completed,1.17,5.03
2024-05-26,French Open,Grand Slam,Outdoor,Clay,1st Round,3,Fett J.,Bouzas Maneiro J.,135,86,6,2,3,6,7,5,,,,,2,1,16,13,Completed,2.41,1.57
2024-05-26,French Open,Grand Slam,Outdoor,Clay,1st Round,3,Ostapenko J.,Cristian J.,11,69,6,4,7,5,,,,,,,2,,13,9,Completed,1.46,2.73
2024-05-26,French Open,Grand Slam,Outdoor,Clay,1st Round,3,Kenin S.,Siegemund L.,56,71,4,6,6,2,6,2,,,,,2,1,16,10,Completed,2.31,1.62
2024-05-26,French Open,Grand Slam,Outdoor,Clay,1st Round,3,Siniakova K.,Galfi D.,33,145,7,5,7,6,,,,,,,2,,14,11,Completed,1.13,6.28
2024-05-26,French Open,Grand Slam,Outdoor,Clay,1st Round,3,Garcia C.,Lys E.,23,143,4,6,7,5,6,2,,,,,2,1,17,13,Completed,1.26,3.96
2024-05-26,French Open,Grand Slam,Outdoor,Clay,1st Round,3,Anisimova A.,Sramkova R.,231,101,7,6,6,4,,,,,,,2,,13,10,Completed,1.69,2.19
2024-05-26,French Open,Grand Slam,Outdoor,Clay,1st Round,3,Wang Xiy.,Bai Z.,61,93,7,5,6,7,6,3,,,,,2,1,19,15,Completed,1.35,3.23
2024-05-26,French Open,Grand Slam,Outdoor,Clay,1st Round,3,Paquet C.,Shnaider D.,136,47,6,3,6,1,,,,,,,2,,12,4,Completed,5.35,1.16
2024-05-26,French Open,Grand Slam,Outdoor,Clay,1st Round,3,Tauson C.,Maria T.,72,65,6,2,6,3,,,,,,,2,,12,5,Completed,1.31,3.53
2024-05-26,French Open,Grand Slam,Outdoor,Clay,1st Round,3,Zidansek T.,Van Uytvanck A.,131,397,6,2,2,6,6,1,,,,,2,1,14,9,Completed,1.35,3.24
2024-05-26,French Open,Grand Slam,Outdoor,Clay,1st Round,3,Golubic V.,Krejcikova B.,76,26,7,6,6,4,,,,,,,2,,13,10,Completed,5.61,1.15
2024-05-26,French Open,Grand Slam,Outdoor,Clay,1st Round,3,Danilovic O.,Trevisan M.,125,92,6,1,6,2,,,,,,,2,,12,3,Completed,1.46,2.74
2024-05-26,French Open,Grand Slam,Outdoor,Clay,1st Round,3,Wang Xin.,Niemeier J.,37,97,0,6,6,2,6,4,,,,,2,1,12,12,Completed,2.15,1.71
2024-05-26,French Open,Grand Slam,Outdoor,Clay,1st Round,3,Volynets K.,Krunic A.,108,425,7,6,6,2,,,,,,,2,,13,8,Completed,1.29,3.68
2024-05-27,French Open,Grand Slam,Outdoor,Clay,1st Round,3,Paolini J.,Saville D.,15,84,6,3,6,4,,,,,,,2,,12,7,Completed,1.22,4.31
2024-05-27,French Open,Grand Slam,Outdoor,Clay,1st Round,3,Potapova A.,Rakhimova K.,41,87,6,2,6,3,,,,,,,2,,12,5,Completed,1.25,4.0
2024-05-27,French Open,Grand Slam,Outdoor,Clay,1st Round,3,Vondrousova M.,Masarova R.,6,94,6,1,6,3,,,,,,,2,,12,4,Completed,1.15,5.52
2024-05-27,French Open,Grand Slam,Outdoor,Clay,1st Round,3,Samsonova L.,Linette M.,17,46,6,1,6,1,,,,,,,2,,12,2,Completed,1.56,2.45
2024-05-27,French Open,Grand Slam,Outdoor,Clay,1st Round,3,Baptiste H.,Day K.,107,99,4,6,6,2,6,2,,,,,2,1,16,10,Completed,1.58,2.4
2024-05-27,French Open,Grand Slam,Outdoor,Clay,1st Round,3,Jabeur O.,Vickery S.,9,124,6,3,6,2,,,,,,,2,,12,5,Completed,1.15,5.55
2024-05-27,French Open,Grand Slam,Outdoor,Clay,1st Round,3,Swiatek I.,Jeanjean L.,1,148,6,1,6,2,,,,,,,2,,12,3,Completed,1.01,26.74
2024-05-27,French Open,Grand Slam,Outdoor,Clay,1st Round,3,Tomova V.,Alexandrova E.,75,18,6,3,7,6,,,,,,,2,,13,9,Completed,2.64,1.5
2024-05-27,French Open,Grand Slam,Outdoor,Clay,1st Round,3,Fernandez L.A.,Ponchet J.,34,147,6,2,6,0,,,,,,,2,,12,2,Completed,1.18,4.93
2024-05-27,French Open,Grand Slam,Outdoor,Clay,1st Round,3,Gauff C.,Avdeeva J.,3,208,6,1,6,1,,,,,,,2,,12,2,Completed,1.02,17.48
2024-05-27,French Open,Grand Slam,Outdoor,Clay,1st Round,3,Collins D.,Dolehide C.,10,60,6,3,6,4,,,,,,,2,,12,7,Completed,1.07,8.94
2024-05-27,French Open,Grand Slam,Outdoor,Clay,1st Round,3,Pavlyuchenkova A.,Udvardy P.,22,132,6,3,6,4,,,,,,,2,,12,7,Completed,1.14,5.82
2024-05-27,French Open,Grand Slam,Outdoor,Clay,1st Round,3,Kalinskaya A.,Burel C.,25,44,7,6,7,5,,,,,,,2,,14,11,Completed,1.67,2.22
2024-05-27,French Open,Grand Slam,Outdoor,Clay,1st Round,3,Osorio M.,Kalinina A.,77,48,3,6,7,6,4,1,,,,,1,1,14,13,Retired,2.49,1.54
2024-05-27,French Open,Grand Slam,Outdoor,Clay,1st Round,3,Svitolina E.,Pliskova Ka.,19,52,3,6,6,4,6,2,,,,,2,1,15,12,Completed,1.27,3.85
2024-05-27,French Open,Grand Slam,Outdoor,Clay,1st Round,3,Andreescu B.,Sorribes Tormo S.,228,43,7,5,6,1,,,,,,,2,,13,6,Completed,3.69,1.29
2024-05-27,French Open,Grand Slam,Outdoor,Clay,1st Round,3,Gracheva V.,Sakkari M.,88,7,3,6,6,4,6,3,,,,,2,1,15,13,Completed,4.83,1.18
2024-05-27,French Open,Grand Slam,Outdoor,Clay,1st Round,3,Noskova L.,Dart H.,29,90,7,6,6,4,,,,,,,2,,13,10,Completed,1.08,8.09
2024-05-27,French Open,Grand Slam,Outdoor,Clay,1st Round,3,Parry D.,Ferro F.,63,126,3,6,6,3,6,3,,,,,2,1,15,12,Completed,1.53,2.51
2024-05-27,French Open,Grand Slam,Outdoor,Clay,1st Round,3,Bucsa C.,Starodubtseva Y.,73,142,6,4,6,1,,,,,,,2,,12,5,Completed,1.69,2.19
2024-05-27,French Open,Grand Slam,Outdoor,Clay,1st Round,3,Begu I.,Riera J.,127,115,6,2,6,2,,,,,,,2,,12,4,Completed,1.58,2.39
2024-05-27,French Open,Grand Slam,Outdoor,Clay,1st Round,3,Bogdan A.,Jacquemot E.,64,149,6,1,6,3,,,,,,,2,,12,4,Completed,1.51,2.59
2024-05-27,French Open,Grand Slam,Outdoor,Clay,1st Round,3,Pera B.,Hibino N.,80,96,6,2,6,0,,,,,,,2,,12,2,Completed,1.21,4.5
2024-05-27,French Open,Grand Slam,Outdoor,Clay,1st Round,3,Cocciaretto E.,Haddad Maia B.,51,14,3,6,6,4,6,1,,,,,2,1,15,11,Completed,2.94,1.41
2024-05-28,French Open,Grand Slam,Outdoor,Clay,1st Round,3,Rybakina E.,Minnen G.,4,85,6,2,6,3,,,,,,,2,,12,5,Completed,1.04,12.04
2024-05-28,French Open,Grand Slam,Outdoor,Clay,1st Round,3,Zheng Q.,Cornet A.,8,106,6,2,6,1,,,,,,,2,,12,3,Completed,1.07,9.11
2024-05-28,French Open,Grand Slam,Outdoor,Clay,1st Round,3,Blinkova A.,Cirstea S.,55,30,6,3,3,6,7,6,,,,,2,1,16,15,Completed,3.06,1.39
2024-05-28,French Open,Grand Slam,Outdoor,Clay,1st Round,3,Korpatsch T.,Krueger A.,79,66,4,6,6,4,7,6,,,,,2,1,17,16,Completed,4.07,1.25
2024-05-28,French Open,Grand Slam,Outdoor,Clay,1st Round,3,Mertens E.,Carle M.,27,82,6,3,7,6,,,,,,,2,,13,9,Completed,1.47,2.71
2024-05-28,French Open,Grand Slam,Outdoor,Clay,1st Round,3,Martic P.,Mladenovic K.,81,212,6,4,6,4,,,,,,,2,,12,8,Completed,1.19,4.79
2024-05-28,French Open,Grand Slam,Outdoor,Clay,1st Round,3,Avanesyan E.,Zhu L.,70,58,6,2,6,4,,,,,,,2,,12,6,Completed,1.34,3.3
2024-05-28,French Open,Grand Slam,Outdoor,Clay,1st Round,3,Rus A.,Kerber A.,50,232,6,4,6,3,,,,,,,2,,12,7,Completed,2.42,1.56
2024-05-28,French Open,Grand Slam,Outdoor,Clay,1st Round,3,Sabalenka A.,Andreeva E.,2,100,6,1,6,2,,,,,,,2,,12,3,Completed,1.04,12.6
2024-05-28,French Open,Grand Slam,Outdoor,Clay,1st Round,3,Stearns P.,Ciric Bagaric L.,62,184,6,3,6,7,7,6,,,,,2,1,19,16,Completed,1.47,2.73
2024-05-28,French Open,Grand Slam,Outdoor,Clay,1st Round,3,Kasatkina D.,Frech M.,13,49,7,5,6,1,,,,,,,2,,13,6,Completed,1.31,3.51
2024-05-28,French Open,Grand Slam,Outdoor,Clay,1st Round,3,Keys M.,Zarazua R.,12,102,6,3,6,2,,,,,,,2,,12,5,Completed,1.09,7.28
2024-05-28,French Open,Grand Slam,Outdoor,Clay,1st Round,3,Andreeva M.,Bektas E.,38,98,6,2,6,3,,,,,,,2,,12,5,Completed,1.06,10.18
2024-05-28,French Open,Grand Slam,Outdoor,Clay,1st Round,3,Navarro E.,Sonmez Z.,24,163,6,2,6,0,,,,,,,2,,12,2,Completed,1.12,6.29
2024-05-28,French Open,Grand Slam,Outdoor,Clay,1st Round,3,Uchijima M.,Burillo Escorihuela I.,83,302,6,1,6,1,,,,,,,2,,12,2,Completed,1.21,4.47
2024-05-28,French Open,Grand Slam,Outdoor,Clay,1st Round,3,Sherif M.,Yuan Y.,53,36,6,1,6,3,,,,,,,2,,12,4,Completed,1.27,3.86
2024-05-28,French Open,Grand Slam,Outdoor,Clay,1st Round,3,Errani S.,Schmiedlova A.,95,54,6,3,6,2,,,,,,,2,,12,5,Completed,2.05,1.78
2024-05-28,French Open,Grand Slam,Outdoor,Clay,1st Round,3,Azarenka V.,Podoroska N.,21,59,6,1,6,0,,,,,,,2,,12,1,Completed,1.21,4.41
2024-05-28,French Open,Grand Slam,Outdoor,Clay,1st Round,3,Putintseva Y.,Stephens S.,39,35,6,1,6,2,,,,,,,2,,12,3,Completed,1.7,2.16
2024-05-28,French Open,Grand Slam,Outdoor,Clay,1st Round,3,Badosa P.,Boulter K.,139,28,4,6,7,5,6,4,,,,,2,1,17,15,Completed,1.24,4.11
2024-05-29,French Open,Grand Slam,Outdoor,Clay,2nd Round,3,Kenin S.,Garcia C.,56,23,6,3,6,3,,,,,,,2,,12,6,Completed,2.4,1.58
2024-05-29,French Open,Grand Slam,Outdoor,Clay,2nd Round,3,Jabeur O.,Osorio M.,9,77,6,3,1,6,6,3,,,,,2,1,13,12,Completed,1.37,3.1
2024-05-29,French Open,Grand Slam,Outdoor,Clay,2nd Round,3,Swiatek I.,Osaka N.,1,134,7,6,1,6,7,5,,,,,2,1,15,17,Completed,1.04,12.05
2024-05-29,French Open,Grand Slam,Outdoor,Clay,2nd Round,3,Gauff C.,Zidansek T.,3,131,6,3,6,4,,,,,,,2,,12,7,Completed,1.03,13.59
2024-05-30,French Open,Grand Slam,Outdoor,Clay,2nd Round,3,Vekic D.,Kostyuk M.,40,20,7,5,6,4,,,,,,,2,,13,9,Completed,2.53,1.53
2024-05-30,French Open,Grand Slam,Outdoor,Clay,2nd Round,3,Badosa P.,Putintseva Y.,139,39,4,6,6,1,7,5,,,,,2,1,17,12,Completed,1.77,2.07
2024-05-30,French Open,Grand Slam,Outdoor,Clay,2nd Round,3,Potapova A.,Golubic V.,41,76,6,2,6,2,,,,,,,2,,12,4,Completed,1.18,5.04
2024-05-30,French Open,Grand Slam,Outdoor,Clay,2nd Round,3,Paquet C.,Siniakova K.,136,33,3,6,7,6,7,6,,,,,2,1,17,18,Completed,4.21,1.23
2024-05-30,French Open,Grand Slam,Outdoor,Clay,2nd Round,3,Yastremska D.,Wang Y.,32,68,6,2,6,0,,,,,,,2,,12,2,Completed,1.41,2.94
2024-05-30,French Open,Grand Slam,Outdoor,Clay,2nd Round,3,Wang Xin.,Tomova V.,37,75,7,5,5,7,6,1,,,,,2,1,18,13,Completed,1.75,2.1
2024-05-30,French Open,Grand Slam,Outdoor,Clay,2nd Round,3,Sabalenka A.,Uchijima M.,2,83,6,2,6,2,,,,,,,2,,12,4,Completed,1.06,9.9
2024-05-30,French Open,Grand Slam,Outdoor,Clay,2nd Round,3,Rybakina E.,Rus A.,4,50,6,3,6,4,,,,,,,2,,12,7,Completed,1.06,9.26
2024-05-30,French Open,Grand Slam,Outdoor,Clay,2nd Round,3,Danilovic O.,Collins D.,125,10,6,7,7,5,6,4,,,,,2,1,19,16,Completed,4.32,1.22
2024-05-30,French Open,Grand Slam,Outdoor,Clay,2nd Round,3,Svitolina E.,Parry D.,19,63,6,4,7,6,,,,,,,2,,13,10,Completed,1.34,3.29
2024-05-30,French Open,Grand Slam,Outdoor,Clay,2nd Round,3,Samsonova L.,Anisimova A.,17,231,6,2,6,1,,,,,,,2,,12,3,Completed,1.53,2.52
2024-05-30,French Open,Grand Slam,Outdoor,Clay,2nd Round,3,Tauson C.,Ostapenko J.,72,11,7,6,4,6,6,3,,,,,2,1,17,15,Completed,2.39,1.58
2024-05-30,French Open,Grand Slam,Outdoor,Clay,2nd Round,3,Vondrousova M.,Volynets K.,6,108,0,6,6,1,6,4,,,,,2,1,12,11,Completed,1.21,4.47
2024-05-30,French Open,Grand Slam,Outdoor,Clay,2nd Round,3,Fernandez L.A.,Wang Xiy.,34,61,6,3,6,4,,,,,,,2,,12,7,Completed,1.39,3.03
2024-05-30,French Open,Grand Slam,Outdoor,Clay,2nd Round,3,Keys M.,Sherif M.,12,53,6,0,7,6,,,,,,,2,,13,6,Completed,1.26,3.93
2024-05-30,French Open,Grand Slam,Outdoor,Clay,2nd Round,3,Mertens E.,Martic P.,27,81,6,4,6,3,,,,,,,2,,12,7,Completed,1.33,3.37
2024-05-30,French Open,Grand Slam,Outdoor,Clay,2nd Round,3,Cocciaretto E.,Bucsa C.,51,73,6,1,6,4,,,,,,,2,,12,5,Completed,1.47,2.68
2024-05-30,French Open,Grand Slam,Outdoor,Clay,2nd Round,3,Bouzkova M.,Fett J.,42,135,6,2,6,2,,,,,,,2,,12,4,Completed,1.31,3.47
2024-05-30,French Open,Grand Slam,Outdoor,Clay,2nd Round,3,Avanesyan E.,Blinkova A.,70,55,6,3,6,0,,,,,,,2,,12,3,Completed,1.74,2.1
2024-05-30,French Open,Grand Slam,Outdoor,Clay,2nd Round,3,Navarro E.,Errani S.,24,95,6,2,7,5,,,,,,,2,,13,7,Completed,1.13,5.96
2024-05-30,French Open,Grand Slam,Outdoor,Clay,2nd Round,3,Begu I.,Noskova L.,127,29,6,4,6,2,,,,,,,2,,12,6,Completed,2.12,1.72
2024-05-30,French Open,Grand Slam,Outdoor,Clay,2nd Round,3,Zheng Q.,Korpatsch T.,8,79,6,2,6,2,,,,,,,2,,12,4,Completed,1.05,10.41
2024-05-30,French Open,Grand Slam,Outdoor,Clay,2nd Round,3,Stearns P.,Kasatkina D.,62,13,7,5,6,2,,,,,,,2,,13,7,Completed,3.03,1.39
2024-05-30,French Open,Grand Slam,Outdoor,Clay,2nd Round,3,Paolini J.,Baptiste H.,15,107,6,4,7,6,,,,,,,2,,13,10,Completed,1.2,4.66
2024-05-30,French Open,Grand Slam,Outdoor,Clay,2nd Round,3,Andreescu B.,Kalinskaya A.,228,25,1,6,7,5,6,3,,,,,2,1,14,14,Completed,2.46,1.55
2024-05-30,French Open,Grand Slam,Outdoor,Clay,2nd Round,3,Gracheva V.,Pera B.,88,80,6,1,6,3,,,,,,,2,,12,4,Completed,2.25,1.65
2024-05-30,French Open,Grand Slam,Outdoor,Clay,2nd Round,3,Bogdan A.,Pavlyuchenkova A.,64,22,6,4,6,4,,,,,,,2,,12,8,Completed,2.88,1.42
2024-05-30,French Open,Grand Slam,Outdoor,Clay,2nd Round,3,Andreeva M.,Azarenka V.,38,21,6,3,3,6,7,5,,,,,2,1,16,14,Completed,1.93,1.88
2024-05-31,French Open,Grand Slam,Outdoor,Clay,3rd Round,3,Danilovic O.,Vekic D.,125,40,0,6,7,5,7,6,,,,,2,1,14,17,Completed,1.77,2.07
2024-05-31,French Open,Grand Slam,Outdoor,Clay,3rd Round,3,Cocciaretto E.,Samsonova L.,51,17,7,6,6,2,,,,,,,2,,13,8,Completed,2.94,1.41
2024-05-31,French Open,Grand Slam,Outdoor,Clay,3rd Round,3,Gauff C.,Yastremska D.,3,32,6,2,6,4,,,,,,,2,,12,6,Completed,1.1,7.03
2024-05-31,French Open,Grand Slam,Outdoor,Clay,3rd Round,3,Potapova A.,Wang Xin.,41,37,7,5,6,7,6,4,,,,,2,1,19,16,Completed,1.41,2.96
2024-05-31,French Open,Grand Slam,Outdoor,Clay,3rd Round,3,Vondrousova M.,Paquet C.,6,136,6,1,6,3,,,,,,,2,,12,4,Completed,1.14,5.72
2024-05-31,French Open,Grand Slam,Outdoor,Clay,3rd Round,3,Tauson C.,Kenin S.,72,56,6,2,7,5,,,,,,,2,,13,7,Completed,1.72,2.14
2024-05-31,French Open,Grand Slam,Outdoor,Clay,3rd Round,3,Jabeur O.,Fernandez L.A.,9,34,6,4,7,6,,,,,,,2,,13,10,Completed,1.68,2.2
2024-05-31,French Open,Grand Slam,Outdoor,Clay,3rd Round,3,Swiatek I.,Bouzkova M.,1,42,6,4,6,2,,,,,,,2,,12,6,Completed,1.02,15.44
2024-06-01,French Open,Grand Slam,Outdoor,Clay,3rd Round,3,Avanesyan E.,Zheng Q.,70,8,3,6,6,3,7,6,,,,,2,1,16,15,Completed,6.01,1.13
2024-06-01,French Open,Grand Slam,Outdoor,Clay,3rd Round,3,Gracheva V.,Begu I.,88,127,7,5,6,3,,,,,,,2,,13,8,Completed,2.63,1.5
2024-06-01,French Open,Grand Slam,Outdoor,Clay,3rd Round,3,Rybakina E.,Mertens E.,4,27,6,4,6,2,,,,,,,2,,12,6,Completed,1.17,5.18
2024-06-01,French Open,Grand Slam,Outdoor,Clay,3rd Round,3,Sabalenka A.,Badosa P.,2,139,7,5,6,1,,,,,,,2,,13,6,Completed,1.25,4.0
2024-06-01,French Open,Grand Slam,Outdoor,Clay,3rd Round,3,Andreeva M.,Stearns P.,38,62,6,2,6,1,,,,,,,2,,12,3,Completed,1.38,3.07
2024-06-01,French Open,Grand Slam,Outdoor,Clay,3rd Round,3,Paolini J.,Andreescu B.,15,228,6,1,3,6,6,0,,,,,2,1,15,7,Completed,1.46,2.73
2024-06-01,French Open,Grand Slam,Outdoor,Clay,3rd Round,3,Svitolina E.,Bogdan A.,19,64,7,5,6,2,,,,,,,2,,13,7,Completed,1.36,3.17
2024-06-01,French Open,Grand Slam,Outdoor,Clay,3rd Round,3,Navarro E.,Keys M.,24,12,7,6,7,6,,,,,,,2,,14,12,Completed,2.45,1.55
2024-06-02,French Open,Grand Slam,Outdoor,Clay,4th Round,3,Swiatek I.,Potapova A.,1,41,6,0,6,0,,,,,,,2,,12,0,Completed,1.03,14.39
2024-06-02,French Open,Grand Slam,Outdoor,Clay,4th Round,3,Vondrousova M.,Danilovic O.,6,125,6,4,6,2,,,,,,,2,,12,6,Completed,1.32,3.46
2024-06-02,French Open,Grand Slam,Outdoor,Clay,4th Round,3,Gauff C.,Cocciaretto E.,3,51,6,1,6,2,,,,,,,2,,12,3,Completed,1.13,6.19
2024-06-02,French Open,Grand Slam,Outdoor,Clay,4th Round,3,Jabeur O.,Tauson C.,9,72,6,4,6,4,,,,,,,2,,12,8,Completed,1.59,2.36
2024-06-03,French Open,Grand Slam,Outdoor,Clay,4th Round,3,Rybakina E.,Svitolina E.,4,19,6,4,6,3,,,,,,,2,,12,7,Completed,1.33,3.36
2024-06-03,French Open,Grand Slam,Outdoor,Clay,4th Round,3,Paolini J.,Avanesyan E.,15,70,4,6,6,0,6,1,,,,,2,1,16,7,Completed,1.28,3.68
2024-06-03,French Open,Grand Slam,Outdoor,Clay,4th Round,3,Sabalenka A.,Navarro E.,2,24,6,2,6,3,,,,,,,2,,12,5,Completed,1.3,3.54
2024-06-03,French Open,Grand Slam,Outdoor,Clay,4th Round,3,Andreeva M.,Gracheva V.,38,88,7,5,6,2,,,,,,,2,,13,7,Completed,1.25,3.97
2024-06-04,French Open,Grand Slam,Outdoor,Clay,Quarterfinals,3,Gauff C.,Jabeur O.,3,9,4,6,6,2,6,3,,,,,2,1,16,11,Completed,1.24,4.11
2024-06-04,French Open,Grand Slam,Outdoor,Clay,Quarterfinals,3,Swiatek I.,Vondrousova M.,1,6,6,0,6,2,,,,,,,2,,12,2,Completed,1.07,9.05
2024-06-05,French Open,Grand Slam,Outdoor,Clay,Quarterfinals,3,Paolini J.,Rybakina E.,15,4,6,2,4,6,6,4,,,,,2,1,16,12,Completed,3.82,1.27
2024-06-05,French Open,Grand Slam,Outdoor,Clay,Quarterfinals,3,Andreeva M.,Sabalenka A.,38,2,6,7,6,4,6,4,,,,,2,1,18,15,Completed,4.74,1.19
2024-06-06,French Open,Grand Slam,Outdoor,Clay,Semifinals,3,Swiatek I.,Gauff C.,1,3,6,2,6,4,,,,,,,2,,12,6,Completed,1.14,5.82
2024-06-06,French Open,Grand Slam,Outdoor,Clay,Semifinals,3,Paolini J.,Andreeva M.,15,38,6,3,6,1,,,,,,,2,,12,4,Completed,1.98,1.84
2024-06-08,French Open,Grand Slam,Outdoor,Clay,The Final,3,Swiatek I.,Paolini J.,1,15,6,2,6,1,,,,,,,2,,12,3,Completed,1.06,9.5
2024-06-10,Rosmalen Grass Court Championships,WTA250,Outdoor,Grass,1st Round,3,Vekic D.,Korpatsch T.,39,74,6,1,6,3,,,,,,,2,,12,4,Completed,1.12,6.33
2024-06-10,Rosmalen Grass Court Championships,WTA250,Outdoor,Grass,1st Round,3,Minnen G.,Masarova R.,85,103,6,2,6,4,,,,,,,2,,12,6,Completed,1.79,2.01
2024-06-11,Rosmalen Grass Court Championships,WTA250,Outdoor,Grass,1st Round,3,Krunic A.,Ponchet J.,400,147,4,6,6,2,6,1,,,,,2,1,16,9,Completed,2.06,1.74
2024-06-11,Rosmalen Grass Court Championships,WTA250,Outdoor,Grass,1st Round,3,Pegula J.,Sasnovich A.,5,98,6,2,6,2,,,,,,,2,,12,4,Completed,1.22,4.18
2024-06-11,Rosmalen Grass Court Championships,WTA250,Outdoor,Grass,1st Round,3,Yuan Y.,Shnaider D.,38,48,1,6,6,4,6,3,,,,,2,1,13,13,Completed,2.01,1.78
2024-06-11,Rosmalen Grass Court Championships,WTA250,Outdoor,Grass,1st Round,3,Osaka N.,Mertens E.,125,32,6,2,6,4,,,,,,,2,,12,6,Completed,1.45,2.71
2024-06-11,Rosmalen Grass Court Championships,WTA250,Outdoor,Grass,1st Round,3,Andreescu B.,Vedder E.,228,392,4,6,6,3,6,2,,,,,2,1,16,11,Completed,1.16,5.08
2024-06-11,Rosmalen Grass Court Championships,WTA250,Outdoor,Grass,1st Round,3,Bektas E.,Blinkova A.,96,60,6,4,6,0,,,,,,,2,,12,4,Completed,2.15,1.69
2024-06-11,Rosmalen Grass Court Championships,WTA250,Outdoor,Grass,1st Round,3,Naef C.,Mandlik E.,161,150,7,6,1,6,6,4,,,,,2,1,14,16,Completed,1.65,2.17
2024-06-11,Rosmalen Grass Court Championships,WTA250,Outdoor,Grass,1st Round,3,Alexandrova E.,Rodionova Ar.,16,105,6,3,6,4,,,,,,,2,,12,7,Completed,1.19,4.48
2024-06-11,Rosmalen Grass Court Championships,WTA250,Outdoor,Grass,1st Round,3,Lamens S.,Pera B.,140,106,4,6,6,2,6,4,,,,,2,1,16,12,Completed,2.48,1.53
2024-06-11,Rosmalen Grass Court Championships,WTA250,Outdoor,Grass,1st Round,3,Galfi D.,Rus A.,138,57,6,0,6,3,,,,,,,2,,12,3,Completed,1.93,1.85
2024-06-12,Rosmalen Grass Court Championships,WTA250,Outdoor,Grass,1st Round,3,Niemeier J.,Tauson C.,91,65,6,4,6,7,6,4,,,,,2,1,18,15,Completed,2.14,1.68
2024-06-12,Rosmalen Grass Court Championships,WTA250,Outdoor,Grass,1st Round,3,Samsonova L.,Van Uytvanck A.,15,266,6,1,6,3,,,,,,,2,,12,4,Completed,1.55,2.4
2024-06-12,Rosmalen Grass Court Championships,WTA250,Outdoor,Grass,1st Round,3,Kudermetova V.,Bai Z.,34,93,7,5,6,1,,,,,,,2,,13,6,Completed,1.38,2.97
2024-06-12,Rosmalen Grass Court Championships,WTA250,Outdoor,Grass,1st Round,3,Montgomery R.,Linette M.,173,44,6,7,6,3,7,5,,,,,2,1,19,15,Completed,1.83,1.95
2024-06-12,Rosmalen Grass Court Championships,WTA250,Outdoor,Grass,2nd Round,3,Andreescu B.,Yuan Y.,228,38,6,4,6,4,,,,,,,2,,12,8,Completed,1.62,2.26
2024-06-12,Rosmalen Grass Court Championships,WTA250,Outdoor,Grass,2nd Round,3,Minnen G.,Vekic D.,85,39,6,1,0,6,7,5,,,,,2,1,13,12,Completed,2.72,1.45
2024-06-12,Rosmalen Grass Court Championships,WTA250,Outdoor,Grass,2nd Round,3,Osaka N.,Lamens S.,125,140,6,2,6,2,,,,,,,2,,12,4,Completed,1.1,6.82
2024-06-13,Rosmalen Grass Court Championships,WTA250,Outdoor,Grass,2nd Round,3,Galfi D.,Kudermetova V.,138,34,6,3,3,6,7,5,,,,,2,1,16,14,Completed,2.97,1.38
2024-06-13,Rosmalen Grass Court Championships,WTA250,Outdoor,Grass,2nd Round,3,Alexandrova E.,Bektas E.,16,96,7,5,6,4,,,,,,,2,,13,9,Completed,1.31,3.42
2024-06-13,Rosmalen Grass Court Championships,WTA250,Outdoor,Grass,2nd Round,3,Krunic A.,Pegula J.,400,5,7,6,6,7,6,4,,,,,2,1,19,17,Completed,6.8,1.1
2024-06-13,Rosmalen Grass Court Championships,WTA250,Outdoor,Grass,2nd Round,3,Samsonova L.,Naef C.,15,161,7,5,6,2,,,,,,,2,,13,7,Completed,1.24,3.93
2024-06-13,Rosmalen Grass Court Championships,WTA250,Outdoor,Grass,2nd Round,3,Montgomery R.,Niemeier J.,173,91,6,3,6,3,,,,,,,2,,12,6,Completed,1.79,2.0
2024-06-14,Rosmalen Grass Court Championships,WTA250,Outdoor,Grass,Quarterfinals,3,Galfi D.,Krunic A.,138,400,7,5,6,3,,,,,,,2,,13,8,Completed,1.69,2.14
2024-06-14,Rosmalen Grass Court Championships,WTA250,Outdoor,Grass,Quarterfinals,3,Samsonova L.,Minnen G.,15,85,6,4,7,5,,,,,,,2,,13,9,Completed,1.31,3.38
2024-06-14,Rosmalen Grass Court Championships,WTA250,Outdoor,Grass,Quarterfinals,3,Andreescu B.,Osaka N.,228,125,6,4,3,6,7,6,,,,,2,1,16,16,Completed,3.98,1.24
2024-06-15,Rosmalen Grass Court Championships,WTA250,Outdoor,Grass,Quarterfinals,3,Alexandrova E.,Montgomery R.,16,173,6,4,6,3,,,,,,,2,,12,7,Completed,1.52,2.47
2024-06-15,Rosmalen Grass Court Championships,WTA250,Outdoor,Grass,Semifinals,3,Andreescu B.,Galfi D.,228,138,6,4,6,2,,,,,,,2,,12,6,Completed,1.38,3.0
2024-06-16,Rosmalen Grass Court Championships,WTA250,Outdoor,Grass,Semifinals,3,Samsonova L.,Alexandrova E.,15,16,6,3,6,7,6,1,,,,,2,1,18,11,Completed,1.83,1.95
2024-06-16,Rosmalen Grass Court Championships,WTA250,Outdoor,Grass,The Final,3,Samsonova L.,Andreescu B.,15,228,4,6,6,3,7,5,,,,,2,1,17,14,Completed,1.63,2.24
2024-06-10,Nottingham Open,WTA250,Outdoor,Grass,1st Round,3,Saville D.,Burel C.,84,42,6,3,6,3,,,,,,,2,,12,6,Completed,2.31,1.6
2024-06-10,Nottingham Open,WTA250,Outdoor,Grass,1st Round,3,Watson H.,Day K.,158,130,4,6,6,0,6,4,,,,,2,1,16,10,Completed,1.41,2.87
2024-06-10,Nottingham Open,WTA250,Outdoor,Grass,1st Round,3,Parry D.,Bucsa C.,64,67,6,3,6,2,,,,,,,2,,12,5,Completed,1.7,2.13
2024-06-10,Nottingham Open,WTA250,Outdoor,Grass,1st Round,3,Stefanini L.,Zhu L.,153,53,7,6,3,6,7,5,,,,,2,1,17,17,Completed,2.09,1.72
2024-06-10,Nottingham Open,WTA250,Outdoor,Grass,1st Round,3,Boulter K.,Dart H.,30,92,6,7,6,4,7,5,,,,,2,1,19,16,Completed,1.31,3.35
2024-06-10,Nottingham Open,WTA250,Outdoor,Grass,1st Round,3,Pliskova Ka.,Parks A.,50,151,6,4,6,4,,,,,,,2,,12,8,Completed,1.19,4.59
2024-06-10,Nottingham Open,WTA250,Outdoor,Grass,1st Round,3,Fruhvirtova L.,Miyazaki Y.,139,145,6,4,7,5,,,,,,,2,,13,9,Completed,1.58,2.35
2024-06-10,Nottingham Open,WTA250,Outdoor,Grass,1st Round,3,Birrell K.,Appleton E.,148,356,6,3,7,5,,,,,,,2,,13,8,Completed,1.48,2.59
2024-06-11,Nottingham Open,WTA250,Outdoor,Grass,1st Round,3,Maria T.,Arango E.,56,120,4,6,7,6,7,6,,,,,2,1,18,18,Completed,1.27,3.65
2024-06-11,Nottingham Open,WTA250,Outdoor,Grass,1st Round,3,Frech M.,Hibino N.,52,95,6,1,6,4,,,,,,,2,,12,5,Completed,1.35,3.13
2024-06-11,Nottingham Open,WTA250,Outdoor,Grass,1st Round,3,Snigur D.,Kostyuk M.,127,17,6,3,6,3,,,,,,,2,,12,6,Completed,3.28,1.33
2024-06-11,Nottingham Open,WTA250,Outdoor,Grass,1st Round,3,Marino R.,Golubic V.,157,73,6,1,6,4,,,,,,,2,,12,5,Completed,1.81,1.97
2024-06-11,Nottingham Open,WTA250,Outdoor,Grass,1st Round,3,Krueger A.,Wang Y.,70,72,6,3,6,3,,,,,,,2,,12,6,Completed,1.47,2.64
2024-06-11,Nottingham Open,WTA250,Outdoor,Grass,1st Round,3,Raducanu E.,Shibahara E.,209,274,6,1,6,4,,,,,,,2,,12,5,Completed,1.25,3.8
2024-06-11,Nottingham Open,WTA250,Outdoor,Grass,1st Round,3,Jabeur O.,Osorio M.,10,81,6,2,6,3,,,,,,,2,,12,5,Completed,1.22,4.14
2024-06-11,Nottingham Open,WTA250,Outdoor,Grass,1st Round,3,Jones F.,Dolehide C.,249,58,7,6,6,3,,,,,,,2,,13,9,Completed,2.32,1.58
2024-06-12,Nottingham Open,WTA250,Outdoor,Grass,2nd Round,3,Birrell K.,Stefanini L.,148,153,6,4,6,7,6,0,,,,,2,1,18,11,Completed,1.55,2.41
2024-06-12,Nottingham Open,WTA250,Outdoor,Grass,2nd Round,3,Parry D.,Saville D.,64,84,6,4,6,1,,,,,,,2,,12,5,Completed,1.62,2.26
2024-06-12,Nottingham Open,WTA250,Outdoor,Grass,2nd Round,3,Boulter K.,Marino R.,30,157,6,4,6,3,,,,,,,2,,12,7,Completed,1.29,3.58
2024-06-12,Nottingham Open,WTA250,Outdoor,Grass,2nd Round,3,Pliskova Ka.,Watson H.,50,158,6,4,6,4,,,,,,,2,,12,8,Completed,1.42,2.8
2024-06-13,Nottingham Open,WTA250,Outdoor,Grass,2nd Round,3,Frech M.,Maria T.,52,56,3,6,6,3,6,1,,,,,2,1,15,10,Completed,1.74,2.07
2024-06-13,Nottingham Open,WTA250,Outdoor,Grass,2nd Round,3,Raducanu E.,Snigur D.,209,127,6,2,6,2,,,,,,,2,,12,4,Completed,1.32,3.32
2024-06-14,Nottingham Open,WTA250,Outdoor,Grass,2nd Round,3,Jones F.,Krueger A.,249,70,6,4,4,6,7,5,,,,,2,1,17,15,Completed,3.13,1.35
2024-06-14,Nottingham Open,WTA250,Outdoor,Grass,2nd Round,3,Jabeur O.,Fruhvirtova L.,10,139,6,2,6,1,,,,,,,2,,12,3,Completed,1.1,6.86
2024-06-14,Nottingham Open,WTA250,Outdoor,Grass,Quarterfinals,3,Boulter K.,Frech M.,30,52,6,2,6,4,,,,,,,2,,12,6,Completed,1.48,2.62
2024-06-15,Nottingham Open,WTA250,Outdoor,Grass,Quarterfinals,3,Pliskova Ka.,Jabeur O.,50,10,7,6,6,7,7,5,,,,,2,1,20,18,Completed,3.12,1.35
2024-06-15,Nottingham Open,WTA250,Outdoor,Grass,Quarterfinals,3,Parry D.,Birrell K.,64,148,6,3,7,6,,,,,,,2,,13,9,Completed,1.47,2.64
2024-06-16,Nottingham Open,WTA250,Outdoor,Grass,Semifinals,3,Pliskova Ka.,Parry D.,50,64,6,7,6,1,6,4,,,,,2,1,18,12,Completed,1.48,2.63
2024-06-16,Nottingham Open,WTA250,Outdoor,Grass,Semifinals,3,Boulter K.,Raducanu E.,30,209,6,7,6,3,6,4,,,,,2,1,18,14,Completed,2.14,1.7
2024-06-16,Nottingham Open,WTA250,Outdoor,Grass,The Final,3,Boulter K.,Pliskova Ka.,30,50,4,6,6,3,6,2,,,,,2,1,16,11,Completed,1.94,1.84
2024-06-17,German Open,WTA500,Outdoor,Grass,1st Round,3,Sonmez Z.,Rus A.,157,58,3,6,6,2,6,1,,,,,2,1,15,9,Completed,1.86,1.91
2024-06-17,German Open,WTA500,Outdoor,Grass,1st Round,3,Kasatkina D.,Kostyuk M.,14,16,4,6,7,6,6,3,,,,,2,1,17,15,Completed,1.77,2.01
2024-06-17,German Open,WTA500,Outdoor,Grass,1st Round,3,Kalinskaya A.,Hibino N.,24,93,2,6,6,4,6,2,,,,,2,1,14,12,Completed,1.24,4.03
2024-06-17,German Open,WTA500,Outdoor,Grass,1st Round,3,Vondrousova M.,Masarova R.,6,100,6,4,6,3,,,,,,,2,,12,7,Completed,1.21,4.33
2024-06-17,German Open,WTA500,Outdoor,Grass,1st Round,3,Siniakova K.,Navarro E.,30,17,6,4,6,3,,,,,,,2,,12,7,Completed,1.81,1.98
2024-06-18,German Open,WTA500,Outdoor,Grass,1st Round,3,Vekic D.,Niemeier J.,39,88,1,6,6,1,6,3,,,,,2,1,13,10,Completed,1.49,2.58
2024-06-18,German Open,WTA500,Outdoor,Grass,1st Round,3,Zheng Q.,Osaka N.,8,113,6,4,3,6,6,3,,,,,2,1,15,13,Completed,2.73,1.44
2024-06-18,German Open,WTA500,Outdoor,Grass,1st Round,3,Alexandrova E.,Haddad Maia B.,20,18,6,4,6,4,,,,,,,2,,12,8,Completed,1.77,2.01
2024-06-18,German Open,WTA500,Outdoor,Grass,1st Round,3,Noskova L.,Kerber A.,28,224,7,6,2,6,6,4,,,,,2,1,15,16,Completed,2.08,1.72
2024-06-18,German Open,WTA500,Outdoor,Grass,1st Round,3,Kudermetova V.,Samsonova L.,35,15,3,6,6,4,6,4,,,,,2,1,15,14,Completed,2.26,1.62
2024-06-18,German Open,WTA500,Outdoor,Grass,1st Round,3,Azarenka V.,Sakkari M.,19,9,6,4,6,2,,,,,,,2,,12,6,Completed,1.72,2.08
2024-06-19,German Open,WTA500,Outdoor,Grass,1st Round,3,Jabeur O.,Wang Xin.,10,40,6,4,7,6,,,,,,,2,,13,10,Completed,1.37,3.01
2024-06-19,German Open,WTA500,Outdoor,Grass,2nd Round,3,Azarenka V.,Sonmez Z.,19,157,6,3,6,3,,,,,,,2,,12,6,Completed,1.08,7.8
2024-06-20,German Open,WTA500,Outdoor,Grass,2nd Round,3,Kalinskaya A.,Vondrousova M.,24,6,5,5,,,,,,,,,,,5,5,Retired,2.63,1.49
2024-06-20,German Open,WTA500,Outdoor,Grass,2nd Round,3,Rybakina E.,Kudermetova V.,4,35,6,4,7,5,,,,,,,2,,13,9,Completed,1.28,3.64
2024-06-20,German Open,WTA500,Outdoor,Grass,2nd Round,3,Siniakova K.,Zheng Q.,30,8,6,4,6,4,,,,,,,2,,12,8,Completed,1.92,1.87
2024-06-20,German Open,WTA500,Outdoor,Grass,2nd Round,3,Gauff C.,Alexandrova E.,2,20,7,6,6,2,,,,,,,2,,13,8,Completed,1.5,2.54
2024-06-20,German Open,WTA500,Outdoor,Grass,2nd Round,3,Pegula J.,Vekic D.,5,39,6,4,7,5,,,,,,,2,,13,9,Completed,1.63,2.24
2024-06-20,German Open,WTA500,Outdoor,Grass,2nd Round,3,Jabeur O.,Noskova L.,10,28,6,7,6,3,6,4,,,,,2,1,18,14,Completed,1.4,2.91
2024-06-20,German Open,WTA500,Outdoor,Grass,2nd Round,3,Sabalenka A.,Kasatkina D.,3,14,6,1,6,4,,,,,,,2,,12,5,Completed,1.16,5.17
2024-06-21,German Open,WTA500,Outdoor,Grass,Quarterfinals,3,Azarenka V.,Rybakina E.,19,4,3,1,,,,,,,,,,,3,1,Retired,2.91,1.4
2024-06-22,German Open,WTA500,Outdoor,Grass,Quarterfinals,3,Kalinskaya A.,Sabalenka A.,24,3,5,1,,,,,,,,,,,5,1,Retired,5.71,1.13
2024-06-22,German Open,WTA500,Outdoor,Grass,Quarterfinals,3,Gauff C.,Jabeur O.,2,10,7,6,,,,,,,,,1,,7,6,Retired,1.54,2.46
2024-06-22,German Open,WTA500,Outdoor,Grass,Quarterfinals,3,Pegula J.,Siniakova K.,5,30,7,6,3,6,6,3,,,,,2,1,16,15,Completed,1.78,2.03
2024-06-22,German Open,WTA500,Outdoor,Grass,Semifinals,3,Kalinskaya A.,Azarenka V.,24,19,6,1,6,7,6,1,,,,,2,1,18,9,Completed,2.4,1.56
2024-06-23,German Open,WTA500,Outdoor,Grass,Semifinals,3,Pegula J.,Gauff C.,5,2,7,5,7,6,,,,,,,2,,14,11,Completed,2.9,1.4
2024-06-23,German Open,WTA500,Outdoor,Grass,The Final,3,Pegula J.,Kalinskaya A.,5,24,6,7,6,4,7,6,,,,,2,1,19,17,Completed,1.46,2.67
2024-06-17,Rothesay Classic,WTA250,Outdoor,Grass,1st Round,3,Bronzetti L.,Frech M.,67,52,2,6,6,3,6,4,,,,,2,1,14,13,Completed,3.06,1.37
2024-06-17,Rothesay Classic,WTA250,Outdoor,Grass,1st Round,3,Stephens S.,Yuan Y.,48,38,6,3,6,3,,,,,,,2,,12,6,Completed,1.84,1.92
2024-06-17,Rothesay Classic,WTA250,Outdoor,Grass,1st Round,3,Cocciaretto E.,Ostapenko J.,44,13,6,3,6,3,,,,,,,2,,12,6,Completed,3.54,1.29
2024-06-17,Rothesay Classic,WTA250,Outdoor,Grass,1st Round,3,Potapova A.,Avanesyan E.,36,74,6,4,6,4,,,,,,,2,,12,8,Completed,1.47,2.65
2024-06-17,Rothesay Classic,WTA250,Outdoor,Grass,1st Round,3,Zhu L.,Cirstea S.,54,29,7,6,6,2,,,,,,,2,,13,8,Completed,2.75,1.43
2024-06-17,Rothesay Classic,WTA250,Outdoor,Grass,1st Round,3,Tomljanovic A.,Blinkova A.,190,60,6,2,6,1,,,,,,,2,,12,3,Completed,1.65,2.2
2024-06-17,Rothesay Classic,WTA250,Outdoor,Grass,1st Round,3,Golubic V.,Osorio M.,78,81,6,4,1,6,6,3,,,,,2,1,13,13,Completed,2.05,1.75
2024-06-17,Rothesay Classic,WTA250,Outdoor,Grass,1st Round,3,Fernandez L.A.,Sorribes Tormo S.,33,57,6,1,6,1,,,,,,,2,,12,2,Completed,1.4,2.88
2024-06-18,Rothesay Classic,WTA250,Outdoor,Grass,1st Round,3,Mertens E.,Wozniacki C.,32,114,6,4,6,1,,,,,,,2,,12,5,Completed,1.7,2.12
2024-06-18,Rothesay Classic,WTA250,Outdoor,Grass,1st Round,3,Krejcikova B.,Saville D.,25,85,6,1,7,6,,,,,,,2,,13,7,Completed,1.62,2.25
2024-06-18,Rothesay Classic,WTA250,Outdoor,Grass,1st Round,3,Bouzkova M.,Watson H.,37,198,3,6,6,4,7,5,,,,,2,1,16,15,Completed,1.43,2.74
2024-06-18,Rothesay Classic,WTA250,Outdoor,Grass,1st Round,3,Dart H.,Uchijima M.,101,72,6,3,6,3,,,,,,,2,,12,6,Completed,1.59,2.32
2024-06-18,Rothesay Classic,WTA250,Outdoor,Grass,1st Round,3,Shnaider D.,Rajecki A.,49,884,7,5,6,3,,,,,,,2,,13,8,Completed,1.3,3.48
2024-06-18,Rothesay Classic,WTA250,Outdoor,Grass,1st Round,3,Dolehide C.,Pliskova Ka.,61,42,2,6,6,3,7,6,,,,,2,1,15,15,Completed,4.24,1.21
2024-06-18,Rothesay Classic,WTA250,Outdoor,Grass,1st Round,3,Putintseva Y.,Burel C.,41,43,6,3,6,4,,,,,,,2,,12,7,Completed,1.56,2.38
2024-06-18,Rothesay Classic,WTA250,Outdoor,Grass,1st Round,3,Kalinina A.,Boulter K.,47,31,6,3,,,,,,,,,1,,6,3,Retired,2.83,1.42
2024-06-19,Rothesay Classic,WTA250,Outdoor,Grass,2nd Round,3,Tomljanovic A.,Zhu L.,190,54,6,7,6,1,6,4,,,,,2,1,18,12,Completed,1.48,2.62
2024-06-19,Rothesay Classic,WTA250,Outdoor,Grass,2nd Round,3,Cocciaretto E.,Stephens S.,44,48,6,4,6,2,,,,,,,2,,12,6,Completed,1.9,1.87
2024-06-19,Rothesay Classic,WTA250,Outdoor,Grass,2nd Round,3,Fernandez L.A.,Golubic V.,33,78,4,6,7,5,6,3,,,,,2,1,17,14,Completed,1.34,3.2
2024-06-19,Rothesay Classic,WTA250,Outdoor,Grass,2nd Round,3,Potapova A.,Bronzetti L.,36,67,6,3,7,5,,,,,,,2,,13,8,Completed,1.3,3.43
2024-06-20,Rothesay Classic,WTA250,Outdoor,Grass,2nd Round,3,Putintseva Y.,Kalinina A.,41,47,6,3,6,0,,,,,,,2,,12,3,Completed,1.67,2.18
2024-06-20,Rothesay Classic,WTA250,Outdoor,Grass,2nd Round,3,Shnaider D.,Bouzkova M.,49,37,7,6,6,3,,,,,,,2,,13,9,Completed,2.48,1.52
2024-06-20,Rothesay Classic,WTA250,Outdoor,Grass,2nd Round,3,Krejcikova B.,Dart H.,25,101,6,3,6,4,,,,,,,2,,12,7,Completed,1.62,2.26
2024-06-20,Rothesay Classic,WTA250,Outdoor,Grass,2nd Round,3,Dolehide C.,Mertens E.,61,32,6,3,3,0,,,,,,,1,,9,3,Retired,3.67,1.27
2024-06-21,Rothesay Classic,WTA250,Outdoor,Grass,Quarterfinals,3,Cocciaretto E.,Shnaider D.,44,49,5,7,6,4,6,2,,,,,2,1,17,13,Completed,1.59,2.32
2024-06-21,Rothesay Classic,WTA250,Outdoor,Grass,Quarterfinals,3,Potapova A.,Krejcikova B.,36,25,6,1,6,4,,,,,,,2,,12,5,Completed,1.8,2.0
2024-06-21,Rothesay Classic,WTA250,Outdoor,Grass,Quarterfinals,3,Putintseva Y.,Dolehide C.,41,61,6,3,6,7,6,1,,,,,2,1,18,11,Completed,1.33,3.31
2024-06-21,Rothesay Classic,WTA250,Outdoor,Grass,Quarterfinals,3,Tomljanovic A.,Fernandez L.A.,190,33,1,6,6,3,6,2,,,,,2,1,13,11,Completed,2.38,1.57
2024-06-22,Rothesay Classic,WTA250,Outdoor,Grass,Semifinals,3,Putintseva Y.,Cocciaretto E.,41,44,6,2,6,2,,,,,,,2,,12,4,Completed,1.76,2.05
2024-06-22,Rothesay Classic,WTA250,Outdoor,Grass,Semifinals,3,Tomljanovic A.,Potapova A.,190,36,7,6,6,4,,,,,,,2,,13,10,Completed,2.57,1.5
2024-06-23,Rothesay Classic,WTA250,Outdoor,Grass,The Final,3,Putintseva Y.,Tomljanovic A.,41,190,6,1,7,6,,,,,,,2,,13,7,Completed,1.56,2.39
2024-06-23,Bad Homburg Open,WTA250,Outdoor,Grass,1st Round,3,Alexandrova E.,Podoroska N.,22,65,6,3,6,0,,,,,,,2,,12,3,Completed,1.17,4.91
2024-06-23,Bad Homburg Open,WTA250,Outdoor,Grass,1st Round,3,Yastremska D.,Andreeva M.,28,24,4,6,6,4,6,3,,,,,2,1,16,13,Completed,3.57,1.28
2024-06-23,Bad Homburg Open,WTA250,Outdoor,Grass,1st Round,3,Badosa P.,Rus A.,113,55,6,4,6,1,,,,,,,2,,12,5,Completed,1.28,3.62
2024-06-23,Bad Homburg Open,WTA250,Outdoor,Grass,1st Round,3,Tomova V.,Maria T.,58,61,6,1,6,3,,,,,,,2,,12,4,Completed,2.05,1.75
2024-06-23,Bad Homburg Open,WTA250,Outdoor,Grass,1st Round,3,Vekic D.,Bronzetti L.,49,64,6,3,6,4,,,,,,,2,,12,7,Completed,1.45,2.73
2024-06-23,Bad Homburg Open,WTA250,Outdoor,Grass,1st Round,3,Navarro E.,Cristian J.,19,62,6,3,6,1,,,,,,,2,,12,4,Completed,1.21,4.27
2024-06-24,Bad Homburg Open,WTA250,Outdoor,Grass,1st Round,3,Niemeier J.,Sakkari M.,96,9,2,6,6,2,7,6,,,,,2,1,15,14,Completed,3.75,1.29
2024-06-24,Bad Homburg Open,WTA250,Outdoor,Grass,1st Round,3,Samsonova L.,Sorribes Tormo S.,15,54,6,3,6,1,,,,,,,2,,12,4,Completed,1.16,5.03
2024-06-24,Bad Homburg Open,WTA250,Outdoor,Grass,1st Round,3,Noskova L.,Townsend T.,26,79,7,5,6,1,,,,,,,2,,13,6,Completed,1.32,3.28
2024-06-24,Bad Homburg Open,WTA250,Outdoor,Grass,1st Round,3,Siniakova K.,Burel C.,27,43,6,3,6,7,6,1,,,,,2,1,18,11,Completed,1.26,3.77
2024-06-24,Bad Homburg Open,WTA250,Outdoor,Grass,1st Round,3,Haddad Maia B.,Korpatsch T.,20,75,6,1,7,6,,,,,,,2,,13,7,Completed,1.1,6.79
2024-06-24,Bad Homburg Open,WTA250,Outdoor,Grass,1st Round,3,Blinkova A.,Andreescu B.,66,165,6,4,6,2,,,,,,,2,,12,6,Completed,3.68,1.27
2024-06-24,Bad Homburg Open,WTA250,Outdoor,Grass,1st Round,3,Shnaider D.,Kerber A.,47,221,7,5,6,3,,,,,,,2,,13,8,Completed,2.47,1.52
2024-06-25,Bad Homburg Open,WTA250,Outdoor,Grass,1st Round,3,Stearns P.,Stusek J.,59,913,6,2,7,5,,,,,,,2,,13,7,Completed,,
2024-06-25,Bad Homburg Open,WTA250,Outdoor,Grass,1st Round,3,Kudermetova V.,Parry D.,36,53,3,6,7,5,6,1,,,,,2,1,16,12,Completed,1.49,2.57
2024-06-25,Bad Homburg Open,WTA250,Outdoor,Grass,1st Round,3,Wozniacki C.,Svitolina E.,112,21,6,3,6,7,7,5,,,,,2,1,19,15,Completed,2.57,1.5
2024-06-25,Bad Homburg Open,WTA250,Outdoor,Grass,2nd Round,3,Tomova V.,Noskova L.,58,26,6,4,6,2,,,,,,,2,,12,6,Completed,2.63,1.47
2024-06-25,Bad Homburg Open,WTA250,Outdoor,Grass,2nd Round,3,Vekic D.,Alexandrova E.,49,22,6,4,3,6,6,3,,,,,2,1,15,13,Completed,2.18,1.66
2024-06-25,Bad Homburg Open,WTA250,Outdoor,Grass,2nd Round,3,Badosa P.,Niemeier J.,113,96,4,6,6,2,6,1,,,,,2,1,16,9,Completed,1.52,2.48
2024-06-26,Bad Homburg Open,WTA250,Outdoor,Grass,2nd Round,3,Shnaider D.,Yastremska D.,47,28,6,2,6,2,,,,,,,2,,12,4,Completed,1.78,2.01
2024-06-26,Bad Homburg Open,WTA250,Outdoor,Grass,2nd Round,3,Siniakova K.,Samsonova L.,27,15,6,3,6,7,6,3,,,,,2,1,18,13,Completed,2.05,1.77
2024-06-26,Bad Homburg Open,WTA250,Outdoor,Grass,2nd Round,3,Navarro E.,Stearns P.,19,59,6,4,6,1,,,,,,,2,,12,5,Completed,1.3,3.43
2024-06-26,Bad Homburg Open,WTA250,Outdoor,Grass,2nd Round,3,Wozniacki C.,Kudermetova V.,112,36,6,2,6,4,,,,,,,2,,12,6,Completed,2.21,1.65
2024-06-27,Bad Homburg Open,WTA250,Outdoor,Grass,2nd Round,3,Blinkova A.,Haddad Maia B.,66,20,6,3,7,5,,,,,,,2,,13,8,Completed,2.78,1.43
2024-06-27,Bad Homburg Open,WTA250,Outdoor,Grass,Quarterfinals,3,Shnaider D.,Badosa P.,47,113,6,3,7,6,,,,,,,2,,13,9,Completed,2.63,1.48
2024-06-27,Bad Homburg Open,WTA250,Outdoor,Grass,Quarterfinals,3,Navarro E.,Wozniacki C.,19,112,4,6,6,1,1,0,,,,,1,1,11,7,Retired,1.53,2.47
2024-06-27,Bad Homburg Open,WTA250,Outdoor,Grass,Quarterfinals,3,Tomova V.,Blinkova A.,58,66,2,6,6,1,7,6,,,,,2,1,15,13,Completed,1.79,2.0
2024-06-28,Bad Homburg Open,WTA250,Outdoor,Grass,Semifinals,3,Shnaider D.,Navarro E.,47,19,7,5,2,6,6,3,,,,,2,1,15,14,Completed,2.41,1.56
2024-06-28,Bad Homburg Open,WTA250,Outdoor,Grass,Semifinals,3,Vekic D.,Tomova V.,49,58,6,0,7,6,,,,,,,2,,13,6,Completed,1.4,2.92
2024-06-29,Bad Homburg Open,WTA250,Outdoor,Grass,The Final,3,Shnaider D.,Vekic D.,47,49,6,3,2,6,6,3,,,,,2,1,14,12,Completed,2.22,1.65
2024-06-24,Rothesay International,WTA500,Outdoor,Grass,1st Round,3,Kalinina A.,Cirstea S.,44,29,6,3,6,2,,,,,,,2,,12,5,Completed,1.79,2.0
2024-06-24,Rothesay International,WTA500,Outdoor,Grass,1st Round,3,Linette M.,Pavlyuchenkova A.,46,25,1,6,7,6,6,4,,,,,2,1,14,16,Completed,2.05,1.75
2024-06-24,Rothesay International,WTA500,Outdoor,Grass,1st Round,3,Dart H.,Bouzkova M.,105,37,7,5,6,7,6,4,,,,,2,1,19,16,Completed,2.6,1.48
2024-06-24,Rothesay International,WTA500,Outdoor,Grass,1st Round,3,Ostapenko J.,Minnen G.,13,85,7,6,6,1,,,,,,,2,,13,7,Completed,1.37,3.04
2024-06-24,Rothesay International,WTA500,Outdoor,Grass,1st Round,3,Yuan Y.,Potapova A.,38,39,6,3,6,6,,,,,,,1,,12,9,Retired,2.79,1.42
2024-06-24,Rothesay International,WTA500,Outdoor,Grass,1st Round,3,Fernandez L.A.,Krejcikova B.,30,31,6,2,3,6,6,2,,,,,2,1,15,10,Completed,1.72,2.09
2024-06-25,Rothesay International,WTA500,Outdoor,Grass,1st Round,3,Krueger A.,Golubic V.,87,69,6,1,6,7,7,5,,,,,2,1,19,13,Completed,2.04,1.75
2024-06-25,Rothesay International,WTA500,Outdoor,Grass,1st Round,3,Mertens E.,Miyazaki Y.,33,148,6,1,6,2,,,,,,,2,,12,3,Completed,1.22,4.13
2024-06-25,Rothesay International,WTA500,Outdoor,Grass,1st Round,3,Raducanu E.,Stephens S.,168,45,6,4,6,0,,,,,,,2,,12,4,Completed,1.4,2.87
2024-06-25,Rothesay International,WTA500,Outdoor,Grass,1st Round,3,Muchova K.,Avanesyan E.,35,81,3,1,,,,,,,,,,,3,1,Retired,1.93,1.84
2024-06-25,Rothesay International,WTA500,Outdoor,Grass,1st Round,3,Boulter K.,Martic P.,32,74,6,1,7,6,,,,,,,2,,13,7,Completed,1.4,2.9
2024-06-25,Rothesay International,WTA500,Outdoor,Grass,1st Round,3,Kasatkina D.,Wang Xin.,14,40,6,4,6,2,,,,,,,2,,12,6,Completed,1.7,2.12
2024-06-26,Rothesay International,WTA500,Outdoor,Grass,2nd Round,3,Keys M.,Kalinina A.,12,44,7,6,6,1,,,,,,,2,,13,7,Completed,1.29,3.55
2024-06-26,Rothesay International,WTA500,Outdoor,Grass,2nd Round,3,Muchova K.,Linette M.,35,46,6,4,6,1,,,,,,,2,,12,5,Completed,1.68,2.15
2024-06-26,Rothesay International,WTA500,Outdoor,Grass,2nd Round,3,Boulter K.,Ostapenko J.,32,13,6,4,7,5,,,,,,,2,,13,9,Completed,1.97,1.81
2024-06-26,Rothesay International,WTA500,Outdoor,Grass,2nd Round,3,Fernandez L.A.,Krueger A.,30,87,6,2,6,1,,,,,,,2,,12,3,Completed,1.47,2.64
2024-06-26,Rothesay International,WTA500,Outdoor,Grass,2nd Round,3,Dart H.,Kenin S.,105,48,6,3,6,7,6,0,,,,,2,1,18,10,Completed,1.97,1.81
2024-06-26,Rothesay International,WTA500,Outdoor,Grass,2nd Round,3,Raducanu E.,Pegula J.,168,5,4,6,7,6,7,5,,,,,2,1,18,17,Completed,2.01,1.78
2024-06-26,Rothesay International,WTA500,Outdoor,Grass,2nd Round,3,Kasatkina D.,Yuan Y.,14,38,3,6,6,4,6,0,,,,,2,1,15,10,Completed,1.4,2.92
2024-06-26,Rothesay International,WTA500,Outdoor,Grass,2nd Round,3,Paolini J.,Mertens E.,7,33,5,2,,,,,,,,,,,5,2,Retired,2.12,1.7
2024-06-27,Rothesay International,WTA500,Outdoor,Grass,Quarterfinals,3,Fernandez L.A.,Dart H.,30,105,6,2,6,1,,,,,,,2,,12,3,Completed,1.31,3.41
2024-06-27,Rothesay International,WTA500,Outdoor,Grass,Quarterfinals,3,Paolini J.,Boulter K.,7,32,6,1,7,6,,,,,,,2,,13,7,Completed,2.58,1.49
2024-06-27,Rothesay International,WTA500,Outdoor,Grass,Quarterfinals,3,Kasatkina D.,Raducanu E.,14,168,6,2,6,2,,,,,,,2,,12,4,Completed,2.32,1.59
2024-06-28,Rothesay International,WTA500,Outdoor,Grass,Semifinals,3,Fernandez L.A.,Keys M.,30,12,6,3,3,6,6,3,,,,,2,1,15,12,Completed,2.68,1.46
2024-06-28,Rothesay International,WTA500,Outdoor,Grass,Semifinals,3,Kasatkina D.,Paolini J.,14,7,3,6,7,5,6,3,,,,,2,1,16,14,Completed,1.7,2.12
2024-06-29,Rothesay International,WTA500,Outdoor,Grass,The Final,3,Kasatkina D.,Fernandez L.A.,14,30,6,3,6,4,,,,,,,2,,12,7,Completed,1.92,1.86
2024-07-01,Wimbledon,Grand Slam,Outdoor,Grass,1st Round,3,Sakkari M.,Kessler M.,9,119,6,3,6,1,,,,,,,2,,12,4,Completed,1.2,4.63
2024-07-01,Wimbledon,Grand Slam,Outdoor,Grass,1st Round,3,Pavlyuchenkova A.,Townsend T.,28,76,7,6,6,1,,,,,,,2,,13,7,Completed,1.39,3.01
2024-07-01,Wimbledon,Grand Slam,Outdoor,Grass,1st Round,3,Zhu L.,Begu I.,61,126,6,0,6,4,,,,,,,2,,12,4,Completed,2.16,1.7
2024-07-01,Wimbledon,Grand Slam,Outdoor,Grass,1st Round,3,Minnen G.,Watson H.,80,199,7,5,6,4,,,,,,,2,,13,9,Completed,1.62,2.29
2024-07-01,Wimbledon,Grand Slam,Outdoor,Grass,1st Round,3,Gracheva V.,Tsurenko L.,70,59,6,3,6,1,,,,,,,2,,12,4,Completed,1.74,2.09
2024-07-01,Wimbledon,Grand Slam,Outdoor,Grass,1st Round,3,Yastremska D.,Podoroska N.,27,65,6,1,7,6,,,,,,,2,,13,7,Completed,1.39,3.02
2024-07-01,Wimbledon,Grand Slam,Outdoor,Grass,1st Round,3,Todoni A.,Danilovic O.,142,116,7,5,6,1,,,,,,,2,,13,6,Completed,1.93,1.89
2024-07-01,Wimbledon,Grand Slam,Outdoor,Grass,1st Round,3,Kostyuk M.,Sramkova R.,19,105,6,3,6,2,,,,,,,2,,12,5,Completed,1.23,4.27
2024-07-01,Wimbledon,Grand Slam,Outdoor,Grass,1st Round,3,Kasatkina D.,Zhang S.,12,680,6,3,6,0,,,,,,,2,,12,3,Completed,1.03,12.76
2024-07-01,Wimbledon,Grand Slam,Outdoor,Grass,1st Round,3,Mertens E.,Hibino N.,33,94,2,6,6,2,6,4,,,,,2,1,14,12,Completed,1.28,3.7
2024-07-01,Wimbledon,Grand Slam,Outdoor,Grass,1st Round,3,Rus A.,Yuan Y.,56,39,6,2,6,3,,,,,,,2,,12,5,Completed,2.76,1.45
2024-07-01,Wimbledon,Grand Slam,Outdoor,Grass,1st Round,3,Paolini J.,Sorribes Tormo S.,7,55,7,5,6,3,,,,,,,2,,13,8,Completed,1.16,5.4
2024-07-01,Wimbledon,Grand Slam,Outdoor,Grass,1st Round,3,Wang Y.,Schmiedlova A.,71,74,6,0,3,6,6,4,,,,,2,1,15,10,Completed,1.58,2.4
2024-07-01,Wimbledon,Grand Slam,Outdoor,Grass,1st Round,3,Shnaider D.,Pliskova Ka.,30,46,4,6,6,4,7,5,,,,,2,1,17,15,Completed,2.09,1.75
2024-07-01,Wimbledon,Grand Slam,Outdoor,Grass,1st Round,3,Keys M.,Trevisan M.,13,89,6,4,7,6,,,,,,,2,,13,10,Completed,1.02,15.02
2024-07-01,Wimbledon,Grand Slam,Outdoor,Grass,1st Round,3,Osaka N.,Parry D.,113,53,6,1,1,6,6,4,,,,,2,1,13,11,Completed,1.24,4.06
2024-07-01,Wimbledon,Grand Slam,Outdoor,Grass,1st Round,3,Saville D.,Stearns P.,82,52,6,4,6,2,,,,,,,2,,12,6,Completed,2.23,1.66
2024-07-01,Wimbledon,Grand Slam,Outdoor,Grass,1st Round,3,Burel C.,Lys E.,45,129,6,2,6,4,,,,,,,2,,12,6,Completed,2.1,1.74
2024-07-01,Wimbledon,Grand Slam,Outdoor,Grass,1st Round,3,Sun L.,Zheng Q.,123,8,4,6,6,2,6,4,,,,,2,1,16,12,Completed,4.93,1.18
2024-07-01,Wimbledon,Grand Slam,Outdoor,Grass,1st Round,3,Vekic D.,Wang Xiy.,37,54,3,6,6,3,6,4,,,,,2,1,15,13,Completed,1.32,3.4
2024-07-01,Wimbledon,Grand Slam,Outdoor,Grass,1st Round,3,Andreeva E.,Bektas E.,101,107,7,6,3,6,6,3,,,,,2,1,16,15,Completed,2.24,1.66
2024-07-01,Wimbledon,Grand Slam,Outdoor,Grass,1st Round,3,Raducanu E.,Zarazua R.,135,98,7,6,6,3,,,,,,,2,,13,9,Completed,1.09,7.61
2024-07-01,Wimbledon,Grand Slam,Outdoor,Grass,1st Round,3,Stephens S.,Jacquemot E.,50,151,6,3,6,3,,,,,,,2,,12,6,Completed,1.38,3.0
2024-07-01,Wimbledon,Grand Slam,Outdoor,Grass,1st Round,3,Starodubtseva Y.,Van Uytvanck A.,153,254,6,4,6,3,,,,,,,2,,12,7,Completed,2.06,1.78
2024-07-01,Wimbledon,Grand Slam,Outdoor,Grass,1st Round,3,Miyazaki Y.,Korpatsch T.,148,73,6,2,6,1,,,,,,,2,,12,3,Completed,1.68,2.19
2024-07-01,Wimbledon,Grand Slam,Outdoor,Grass,1st Round,3,Kartal S.,Cirstea S.,298,31,3,6,6,2,6,0,,,,,2,1,15,8,Completed,1.92,1.89
2024-07-01,Wimbledon,Grand Slam,Outdoor,Grass,1st Round,3,Fruhvirtova B.,Andreeva M.,88,23,1,6,6,3,6,2,,,,,2,1,13,11,Completed,5.33,1.16
2024-07-01,Wimbledon,Grand Slam,Outdoor,Grass,1st Round,3,Andreescu B.,Cristian J.,176,62,6,4,6,2,,,,,,,2,,12,6,Completed,1.26,3.88
2024-07-01,Wimbledon,Grand Slam,Outdoor,Grass,1st Round,3,Gauff C.,Dolehide C.,2,51,6,1,6,2,,,,,,,2,,12,3,Completed,1.04,11.5
2024-07-01,Wimbledon,Grand Slam,Outdoor,Grass,1st Round,3,Navarro E.,Wang Q.,17,479,6,0,6,2,,,,,,,2,,12,2,Completed,1.05,10.2
2024-07-01,Wimbledon,Grand Slam,Outdoor,Grass,1st Round,3,Badosa P.,Muchova K.,93,34,6,3,6,2,,,,,,,2,,12,5,Completed,2.02,1.8
2024-07-01,Wimbledon,Grand Slam,Outdoor,Grass,1st Round,3,Noskova L.,Errani S.,26,86,7,6,6,1,,,,,,,2,,13,7,Completed,1.23,4.23
2024-07-02,Wimbledon,Grand Slam,Outdoor,Grass,1st Round,3,Wang Xin.,Tomova V.,42,48,7,6,3,6,6,0,,,,,2,1,16,12,Completed,1.63,2.29
2024-07-02,Wimbledon,Grand Slam,Outdoor,Grass,1st Round,3,Dart H.,Bai Z.,100,95,6,4,6,0,,,,,,,2,,12,4,Completed,1.5,2.6
2024-07-02,Wimbledon,Grand Slam,Outdoor,Grass,1st Round,3,Bucsa C.,Bogdan A.,64,57,6,4,4,6,7,6,,,,,2,1,17,16,Completed,2.44,1.56
2024-07-02,Wimbledon,Grand Slam,Outdoor,Grass,1st Round,3,Pegula J.,Krueger A.,5,75,6,2,6,0,,,,,,,2,,12,2,Completed,1.18,4.93
2024-07-02,Wimbledon,Grand Slam,Outdoor,Grass,1st Round,3,Siegemund L.,Baindl K.,72,184,6,4,6,1,,,,,,,2,,12,5,Completed,1.28,3.72
2024-07-02,Wimbledon,Grand Slam,Outdoor,Grass,1st Round,3,Rybakina E.,Ruse E.G.,4,152,6,3,6,1,,,,,,,2,,12,4,Completed,1.08,7.92
2024-07-02,Wimbledon,Grand Slam,Outdoor,Grass,1st Round,3,Bouzas Maneiro J.,Vondrousova M.,83,6,6,4,6,2,,,,,,,2,,12,6,Completed,5.79,1.14
2024-07-02,Wimbledon,Grand Slam,Outdoor,Grass,1st Round,3,Samsonova L.,Masarova R.,15,109,6,3,4,6,6,2,,,,,2,1,16,11,Completed,1.18,4.89
2024-07-02,Wimbledon,Grand Slam,Outdoor,Grass,1st Round,3,Pera B.,Potapova A.,97,41,6,7,6,4,7,6,,,,,2,1,19,17,Completed,3.18,1.36
2024-07-02,Wimbledon,Grand Slam,Outdoor,Grass,1st Round,3,Boulter K.,Maria T.,29,63,7,6,7,5,,,,,,,2,,14,11,Completed,1.21,4.36
2024-07-02,Wimbledon,Grand Slam,Outdoor,Grass,1st Round,3,Kalinskaya A.,Udvardy P.,18,134,6,3,6,2,,,,,,,2,,12,5,Completed,1.12,6.23
2024-07-02,Wimbledon,Grand Slam,Outdoor,Grass,1st Round,3,Bouzkova M.,Riera J.,40,106,6,2,6,1,,,,,,,2,,12,3,Completed,1.16,5.2
2024-07-02,Wimbledon,Grand Slam,Outdoor,Grass,1st Round,3,Ostapenko J.,Tomljanovic A.,14,136,6,1,6,2,,,,,,,2,,12,3,Completed,1.49,2.64
2024-07-02,Wimbledon,Grand Slam,Outdoor,Grass,1st Round,3,Avanesyan E.,Kalinina A.,77,47,6,2,6,3,,,,,,,2,,12,5,Completed,2.01,1.8
2024-07-02,Wimbledon,Grand Slam,Outdoor,Grass,1st Round,3,Swiatek I.,Kenin S.,1,49,6,3,6,4,,,,,,,2,,12,7,Completed,1.06,9.63
2024-07-02,Wimbledon,Grand Slam,Outdoor,Grass,1st Round,3,Fernandez L.A.,Bronzetti L.,25,81,6,4,6,3,,,,,,,2,,12,7,Completed,1.21,4.49
2024-07-02,Wimbledon,Grand Slam,Outdoor,Grass,1st Round,3,Garcia C.,Blinkova A.,24,60,6,4,7,5,,,,,,,2,,13,9,Completed,1.7,2.15
2024-07-02,Wimbledon,Grand Slam,Outdoor,Grass,1st Round,3,Montgomery R.,Gadecki O.,161,173,6,4,6,4,,,,,,,2,,12,8,Completed,1.5,2.61
2024-07-02,Wimbledon,Grand Slam,Outdoor,Grass,1st Round,3,Martic P.,Jones F.,85,215,3,6,6,1,6,2,,,,,2,1,15,9,Completed,1.42,2.87
2024-07-02,Wimbledon,Grand Slam,Outdoor,Grass,1st Round,3,Putintseva Y.,Kerber A.,35,221,7,5,6,3,,,,,,,2,,13,8,Completed,1.49,2.62
2024-07-02,Wimbledon,Grand Slam,Outdoor,Grass,1st Round,3,Galfi D.,Sherif M.,127,78,6,1,6,2,,,,,,,2,,12,3,Completed,1.52,2.55
2024-07-02,Wimbledon,Grand Slam,Outdoor,Grass,1st Round,3,Wozniacki C.,Parks A.,91,121,6,2,6,0,,,,,,,2,,12,2,Completed,1.6,2.33
2024-07-02,Wimbledon,Grand Slam,Outdoor,Grass,1st Round,3,Snigur D.,Dodin O.,130,79,6,4,6,0,,,,,,,2,,12,4,Completed,1.29,3.64
2024-07-02,Wimbledon,Grand Slam,Outdoor,Grass,1st Round,3,Siniakova K.,Stakusic M.,36,164,6,4,6,2,,,,,,,2,,12,6,Completed,1.24,4.05
2024-07-02,Wimbledon,Grand Slam,Outdoor,Grass,1st Round,3,Jabeur O.,Uchijima M.,10,68,6,3,6,1,,,,,,,2,,12,4,Completed,1.07,8.69
2024-07-03,Wimbledon,Grand Slam,Outdoor,Grass,1st Round,3,Svitolina E.,Linette M.,21,44,7,5,6,7,6,3,,,,,2,1,19,15,Completed,1.43,2.89
2024-07-03,Wimbledon,Grand Slam,Outdoor,Grass,1st Round,3,Niemeier J.,Golubic V.,90,67,6,2,6,1,,,,,,,2,,12,3,Completed,1.79,2.03
2024-07-03,Wimbledon,Grand Slam,Outdoor,Grass,1st Round,3,Krejcikova B.,Kudermetova V.,32,38,7,6,6,7,7,5,,,,,2,1,20,18,Completed,2.22,1.67
2024-07-03,Wimbledon,Grand Slam,Outdoor,Grass,1st Round,3,Haddad Maia B.,Frech M.,20,58,7,5,6,3,,,,,,,2,,13,8,Completed,1.54,2.51
2024-07-03,Wimbledon,Grand Slam,Outdoor,Grass,1st Round,3,Osorio M.,Davis L.,14,300,6,3,6,1,,,,,,,2,,12,4,Completed,1.58,2.4
2024-07-03,Wimbledon,Grand Slam,Outdoor,Grass,1st Round,3,Volynets K.,Carle M.,69,87,6,2,7,5,,,,,,,2,,13,7,Completed,1.31,3.47
2024-07-03,Wimbledon,Grand Slam,Outdoor,Grass,1st Round,3,Collins D.,Tauson C.,11,66,6,3,7,6,,,,,,,2,,13,9,Completed,1.38,3.04
2024-07-03,Wimbledon,Grand Slam,Outdoor,Grass,2nd Round,3,Gauff C.,Todoni A.,2,142,6,2,6,1,,,,,,,2,,12,3,Completed,1.04,12.21
2024-07-03,Wimbledon,Grand Slam,Outdoor,Grass,2nd Round,3,Kartal S.,Burel C.,298,45,6,3,5,7,6,3,,,,,2,1,17,13,Completed,1.65,2.26
2024-07-03,Wimbledon,Grand Slam,Outdoor,Grass,2nd Round,3,Andreescu B.,Noskova L.,176,26,6,3,7,6,,,,,,,2,,13,9,Completed,2.0,1.82
2024-07-03,Wimbledon,Grand Slam,Outdoor,Grass,2nd Round,3,Shnaider D.,Stephens S.,30,50,6,1,6,1,,,,,,,2,,12,2,Completed,1.57,2.41
2024-07-03,Wimbledon,Grand Slam,Outdoor,Grass,2nd Round,3,Raducanu E.,Mertens E.,135,33,6,1,6,2,,,,,,,2,,12,3,Completed,1.5,2.62
2024-07-03,Wimbledon,Grand Slam,Outdoor,Grass,2nd Round,3,Navarro E.,Osaka N.,17,113,6,4,6,1,,,,,,,2,,12,5,Completed,2.16,1.7
2024-07-03,Wimbledon,Grand Slam,Outdoor,Grass,2nd Round,3,Sakkari M.,Rus A.,9,56,7,5,6,3,,,,,,,2,,13,8,Completed,1.13,6.12
2024-07-03,Wimbledon,Grand Slam,Outdoor,Grass,2nd Round,3,Zhu L.,Pavlyuchenkova A.,61,28,6,4,6,3,,,,,,,2,,12,7,Completed,3.14,1.37
2024-07-03,Wimbledon,Grand Slam,Outdoor,Grass,2nd Round,3,Vekic D.,Andreeva E.,37,101,6,2,6,3,,,,,,,2,,12,5,Completed,1.2,4.54
2024-07-03,Wimbledon,Grand Slam,Outdoor,Grass,2nd Round,3,Yastremska D.,Gracheva V.,27,70,3,6,6,4,7,6,,,,,2,1,16,16,Completed,1.62,2.3
2024-07-03,Wimbledon,Grand Slam,Outdoor,Grass,2nd Round,3,Sun L.,Starodubtseva Y.,123,153,4,6,6,3,6,2,,,,,2,1,16,11,Completed,1.9,1.91
2024-07-03,Wimbledon,Grand Slam,Outdoor,Grass,2nd Round,3,Paolini J.,Minnen G.,7,80,7,6,6,2,,,,,,,2,,13,8,Completed,1.38,3.07
2024-07-04,Wimbledon,Grand Slam,Outdoor,Grass,2nd Round,3,Keys M.,Wang Y.,13,71,6,2,6,2,,,,,,,2,,12,4,Completed,1.07,9.11
2024-07-04,Wimbledon,Grand Slam,Outdoor,Grass,2nd Round,3,Kostyuk M.,Saville D.,19,82,4,6,7,6,6,4,,,,,2,1,17,16,Completed,1.32,3.41
2024-07-04,Wimbledon,Grand Slam,Outdoor,Grass,2nd Round,3,Kasatkina D.,Miyazaki Y.,12,148,6,0,6,0,,,,,,,2,,12,0,Completed,1.06,9.64
2024-07-04,Wimbledon,Grand Slam,Outdoor,Grass,2nd Round,3,Badosa P.,Fruhvirtova B.,93,88,6,4,6,2,,,,,,,2,,12,6,Completed,1.38,3.04
2024-07-04,Wimbledon,Grand Slam,Outdoor,Grass,2nd Round,3,Krejcikova B.,Volynets K.,32,69,7,6,7,6,,,,,,,2,,14,12,Completed,1.62,2.32
2024-07-04,Wimbledon,Grand Slam,Outdoor,Grass,2nd Round,3,Bouzas Maneiro J.,Bucsa C.,83,64,7,6,6,3,,,,,,,2,,13,9,Completed,1.71,2.16
2024-07-04,Wimbledon,Grand Slam,Outdoor,Grass,2nd Round,3,Putintseva Y.,Siniakova K.,35,36,6,0,4,6,6,2,,,,,2,1,16,8,Completed,2.11,1.74
2024-07-04,Wimbledon,Grand Slam,Outdoor,Grass,2nd Round,3,Haddad Maia B.,Osorio M.,20,14,3,0,,,,,,,,,,,3,0,Retired,1.49,2.64
2024-07-04,Wimbledon,Grand Slam,Outdoor,Grass,2nd Round,3,Dart H.,Boulter K.,100,29,4,6,6,1,7,6,,,,,2,1,17,13,Completed,3.84,1.27
2024-07-04,Wimbledon,Grand Slam,Outdoor,Grass,2nd Round,3,Wang Xin.,Pegula J.,42,5,6,4,6,7,6,1,,,,,2,1,18,12,Completed,3.81,1.27
2024-07-04,Wimbledon,Grand Slam,Outdoor,Grass,2nd Round,3,Kalinskaya A.,Bouzkova M.,18,40,6,4,6,1,,,,,,,2,,12,5,Completed,1.63,2.29
2024-07-04,Wimbledon,Grand Slam,Outdoor,Grass,2nd Round,3,Jabeur O.,Montgomery R.,10,161,6,1,7,5,,,,,,,2,,13,6,Completed,1.2,4.55
2024-07-04,Wimbledon,Grand Slam,Outdoor,Grass,2nd Round,3,Ostapenko J.,Snigur D.,14,130,6,3,6,0,,,,,,,2,,12,3,Completed,1.3,3.59
2024-07-04,Wimbledon,Grand Slam,Outdoor,Grass,2nd Round,3,Collins D.,Galfi D.,11,127,6,3,6,4,,,,,,,2,,12,7,Completed,1.27,3.82
2024-07-04,Wimbledon,Grand Slam,Outdoor,Grass,2nd Round,3,Svitolina E.,Niemeier J.,21,90,6,3,6,4,,,,,,,2,,12,7,Completed,1.6,2.35
2024-07-04,Wimbledon,Grand Slam,Outdoor,Grass,2nd Round,3,Pera B.,Garcia C.,97,24,3,6,6,3,6,4,,,,,2,1,15,13,Completed,2.3,1.63
2024-07-04,Wimbledon,Grand Slam,Outdoor,Grass,2nd Round,3,Rybakina E.,Siegemund L.,4,72,6,3,3,6,6,3,,,,,2,1,15,12,Completed,1.05,11.04
2024-07-04,Wimbledon,Grand Slam,Outdoor,Grass,2nd Round,3,Swiatek I.,Martic P.,1,85,6,4,6,3,,,,,,,2,,12,7,Completed,1.02,15.49
2024-07-04,Wimbledon,Grand Slam,Outdoor,Grass,2nd Round,3,Samsonova L.,Avanesyan E.,15,77,6,3,6,3,,,,,,,2,,12,6,Completed,1.25,3.99
2024-07-04,Wimbledon,Grand Slam,Outdoor,Grass,2nd Round,3,Wozniacki C.,Fernandez L.A.,91,25,6,3,2,6,7,5,,,,,2,1,15,14,Completed,2.28,1.63
2024-07-05,Wimbledon,Grand Slam,Outdoor,Grass,3rd Round,3,Paolini J.,Andreescu B.,7,176,7,6,6,1,,,,,,,2,,13,7,Completed,1.74,2.1
2024-07-05,Wimbledon,Grand Slam,Outdoor,Grass,3rd Round,3,Sun L.,Zhu L.,123,61,7,6,7,6,,,,,,,2,,14,12,Completed,1.91,1.9
2024-07-05,Wimbledon,Grand Slam,Outdoor,Grass,3rd Round,3,Badosa P.,Kasatkina D.,93,12,7,6,4,6,6,4,,,,,2,1,17,16,Completed,2.08,1.75
2024-07-05,Wimbledon,Grand Slam,Outdoor,Grass,3rd Round,3,Navarro E.,Shnaider D.,17,30,2,6,6,3,6,4,,,,,2,1,14,13,Completed,1.66,2.25
2024-07-05,Wimbledon,Grand Slam,Outdoor,Grass,3rd Round,3,Keys M.,Kostyuk M.,13,19,6,4,6,3,,,,,,,2,,12,7,Completed,1.26,3.84
2024-07-05,Wimbledon,Grand Slam,Outdoor,Grass,3rd Round,3,Gauff C.,Kartal S.,2,298,6,4,6,0,,,,,,,2,,12,4,Completed,1.07,8.7
2024-07-05,Wimbledon,Grand Slam,Outdoor,Grass,3rd Round,3,Raducanu E.,Sakkari M.,135,9,6,2,6,3,,,,,,,2,,12,5,Completed,1.67,2.22
2024-07-05,Wimbledon,Grand Slam,Outdoor,Grass,3rd Round,3,Vekic D.,Yastremska D.,37,27,7,6,6,7,6,1,,,,,2,1,19,14,Completed,1.38,3.08
2024-07-06,Wimbledon,Grand Slam,Outdoor,Grass,3rd Round,3,Krejcikova B.,Bouzas Maneiro J.,32,83,6,0,4,3,,,,,,,1,,10,3,Retired,1.39,3.03
2024-07-06,Wimbledon,Grand Slam,Outdoor,Grass,3rd Round,3,Ostapenko J.,Pera B.,14,97,6,1,6,3,,,,,,,2,,12,4,Completed,1.2,4.59
2024-07-06,Wimbledon,Grand Slam,Outdoor,Grass,3rd Round,3,Wang Xin.,Dart H.,42,100,2,6,7,5,6,3,,,,,2,1,15,14,Completed,1.43,2.84
2024-07-06,Wimbledon,Grand Slam,Outdoor,Grass,3rd Round,3,Kalinskaya A.,Samsonova L.,18,15,7,6,6,2,,,,,,,2,,13,8,Completed,2.14,1.71
2024-07-06,Wimbledon,Grand Slam,Outdoor,Grass,3rd Round,3,Putintseva Y.,Swiatek I.,35,1,3,6,6,1,6,2,,,,,2,1,15,9,Completed,7.16,1.1
2024-07-06,Wimbledon,Grand Slam,Outdoor,Grass,3rd Round,3,Svitolina E.,Jabeur O.,21,10,6,1,7,6,,,,,,,2,,13,7,Completed,2.63,1.49
2024-07-06,Wimbledon,Grand Slam,Outdoor,Grass,3rd Round,3,Collins D.,Haddad Maia B.,11,20,6,4,6,4,,,,,,,2,,12,8,Completed,1.53,2.5
2024-07-06,Wimbledon,Grand Slam,Outdoor,Grass,3rd Round,3,Rybakina E.,Wozniacki C.,4,91,6,0,6,1,,,,,,,2,,12,1,Completed,1.29,3.69
2024-07-07,Wimbledon,Grand Slam,Outdoor,Grass,4th Round,3,Vekic D.,Badosa P.,37,93,6,2,1,6,6,4,,,,,2,1,13,12,Completed,2.02,1.79
2024-07-07,Wimbledon,Grand Slam,Outdoor,Grass,4th Round,3,Paolini J.,Keys M.,7,13,6,3,6,7,5,5,,,,,1,1,17,15,Retired,2.97,1.4
2024-07-07,Wimbledon,Grand Slam,Outdoor,Grass,4th Round,3,Sun L.,Raducanu E.,123,135,6,2,5,7,6,2,,,,,2,1,17,11,Completed,4.97,1.18
2024-07-07,Wimbledon,Grand Slam,Outdoor,Grass,4th Round,3,Navarro E.,Gauff C.,17,2,6,4,6,3,,,,,,,2,,12,7,Completed,3.69,1.29
2024-07-08,Wimbledon,Grand Slam,Outdoor,Grass,4th Round,3,Rybakina E.,Kalinskaya A.,4,18,6,3,3,0,,,,,,,1,,9,3,Retired,1.29,3.61
2024-07-08,Wimbledon,Grand Slam,Outdoor,Grass,4th Round,3,Svitolina E.,Wang Xin.,21,42,6,2,6,1,,,,,,,2,,12,3,Completed,1.41,2.9
2024-07-08,Wimbledon,Grand Slam,Outdoor,Grass,4th Round,3,Ostapenko J.,Putintseva Y.,14,35,6,2,6,3,,,,,,,2,,12,5,Completed,1.73,2.11
2024-07-08,Wimbledon,Grand Slam,Outdoor,Grass,4th Round,3,Krejcikova B.,Collins D.,32,11,7,5,6,3,,,,,,,2,,13,8,Completed,2.88,1.42
2024-07-09,Wimbledon,Grand Slam,Outdoor,Grass,Quarterfinals,3,Vekic D.,Sun L.,37,123,5,7,6,4,6,1,,,,,2,1,17,12,Completed,1.32,3.4
2024-07-09,Wimbledon,Grand Slam,Outdoor,Grass,Quarterfinals,3,Paolini J.,Navarro E.,7,17,6,2,6,1,,,,,,,2,,12,3,Completed,2.36,1.6
2024-07-10,Wimbledon,Grand Slam,Outdoor,Grass,Quarterfinals,3,Krejcikova B.,Ostapenko J.,32,14,6,4,7,6,,,,,,,2,,13,10,Completed,2.83,1.43
2024-07-10,Wimbledon,Grand Slam,Outdoor,Grass,Quarterfinals,3,Rybakina E.,Svitolina E.,4,21,6,3,6,2,,,,,,,2,,12,5,Completed,1.29,3.7
2024-07-11,Wimbledon,Grand Slam,Outdoor,Grass,Semifinals,3,Paolini J.,Vekic D.,7,37,2,6,6,4,7,6,,,,,2,1,15,16,Completed,1.59,2.37
2024-07-11,Wimbledon,Grand Slam,Outdoor,Grass,Semifinals,3,Krejcikova B.,Rybakina E.,32,4,3,6,6,3,6,4,,,,,2,1,15,13,Completed,4.95,1.18
2024-07-13,Wimbledon,Grand Slam,Outdoor,Grass,The Final,3,Krejcikova B.,Paolini J.,32,7,6,2,2,6,6,4,,,,,2,1,14,12,Completed,1.74,2.13
2024-07-15,Budapest Open,WTA250,Outdoor,Clay,1st Round,3,Lamens S.,Gracheva V.,137,72,6,3,6,0,,,,,,,2,,12,3,Completed,2.91,1.39
2024-07-15,Budapest Open,WTA250,Outdoor,Clay,1st Round,3,Avanesyan E.,Frech M.,75,56,7,6,6,4,,,,,,,2,,13,10,Completed,1.65,2.21
2024-07-15,Budapest Open,WTA250,Outdoor,Clay,1st Round,3,Monnet C.,Toth A.,221,371,6,1,6,1,,,,,,,2,,12,2,Completed,2.06,1.74
2024-07-15,Budapest Open,WTA250,Outdoor,Clay,1st Round,3,Masarova R.,Szabanin N.,117,572,6,2,6,3,,,,,,,2,,12,5,Completed,1.1,6.69
2024-07-15,Budapest Open,WTA250,Outdoor,Clay,1st Round,3,Schmiedlova A.,Rakhimova K.,79,104,3,6,6,4,6,0,,,,,2,1,15,10,Completed,1.62,2.26
2024-07-15,Budapest Open,WTA250,Outdoor,Clay,1st Round,3,Sorribes Tormo S.,Topalova G.,59,234,4,6,6,3,7,5,,,,,2,1,17,14,Completed,1.11,6.19
2024-07-15,Budapest Open,WTA250,Outdoor,Clay,1st Round,3,Timofeeva M.,Waltert S.,103,248,7,5,7,6,,,,,,,2,,14,11,Completed,1.94,1.83
2024-07-15,Budapest Open,WTA250,Outdoor,Clay,1st Round,3,Sasnovich A.,Tomova V.,134,49,2,6,6,2,6,4,,,,,2,1,14,12,Completed,2.58,1.49
2024-07-16,Budapest Open,WTA250,Outdoor,Clay,1st Round,3,Makarova E.,Babos T.,183,259,6,3,6,1,,,,,,,2,,12,4,Completed,2.54,1.5
2024-07-16,Budapest Open,WTA250,Outdoor,Clay,1st Round,3,Lys E.,Podoroska N.,129,71,6,3,6,0,,,,,,,2,,12,3,Completed,1.76,2.03
2024-07-16,Budapest Open,WTA250,Outdoor,Clay,1st Round,3,Sramkova R.,Bulgaru M.,109,206,6,3,4,6,6,4,,,,,2,1,16,13,Completed,1.39,2.92
2024-07-16,Budapest Open,WTA250,Outdoor,Clay,1st Round,3,Pera B.,Korpatsch T.,82,89,7,5,2,6,6,2,,,,,2,1,15,13,Completed,1.35,3.13
2024-07-16,Budapest Open,WTA250,Outdoor,Clay,1st Round,3,Shnaider D.,Stollar F.,28,280,6,3,3,6,6,4,,,,,2,1,15,13,Completed,1.09,7.17
2024-07-16,Budapest Open,WTA250,Outdoor,Clay,1st Round,3,Seidel E.,Uchijima M.,166,69,6,1,1,0,,,,,,,1,,7,1,Retired,2.95,1.38
2024-07-16,Budapest Open,WTA250,Outdoor,Clay,1st Round,3,Wang Xiy.,Todoni A.,54,118,7,6,7,5,,,,,,,2,,14,11,Completed,2.09,1.72
2024-07-16,Budapest Open,WTA250,Outdoor,Clay,1st Round,3,Bondar A.,Danilovic O.,98,150,7,6,6,4,,,,,,,2,,13,10,Completed,2.52,1.51
2024-07-17,Budapest Open,WTA250,Outdoor,Clay,2nd Round,3,Sasnovich A.,Timofeeva M.,134,103,6,3,6,4,,,,,,,2,,12,7,Completed,1.63,2.25
2024-07-17,Budapest Open,WTA250,Outdoor,Clay,2nd Round,3,Lamens S.,Monnet C.,137,221,6,4,6,0,,,,,,,2,,12,4,Completed,1.29,3.52
2024-07-17,Budapest Open,WTA250,Outdoor,Clay,2nd Round,3,Avanesyan E.,Masarova R.,75,117,2,6,7,5,6,1,,,,,2,1,15,12,Completed,1.44,2.73
2024-07-17,Budapest Open,WTA250,Outdoor,Clay,2nd Round,3,Schmiedlova A.,Sorribes Tormo S.,79,59,2,6,6,2,6,2,,,,,2,1,14,10,Completed,2.28,1.61
2024-07-18,Budapest Open,WTA250,Outdoor,Clay,2nd Round,3,Lys E.,Pera B.,129,82,7,6,4,1,,,,,,,1,,11,7,Retired,2.27,1.61
2024-07-18,Budapest Open,WTA250,Outdoor,Clay,2nd Round,3,Sramkova R.,Wang Xiy.,109,54,7,6,6,3,,,,,,,2,,13,9,Completed,2.3,1.61
2024-07-18,Budapest Open,WTA250,Outdoor,Clay,2nd Round,3,Shnaider D.,Makarova E.,28,183,6,3,6,3,,,,,,,2,,12,6,Completed,1.08,7.34
2024-07-18,Budapest Open,WTA250,Outdoor,Clay,2nd Round,3,Seidel E.,Bondar A.,166,98,7,5,7,5,,,,,,,2,,14,10,Completed,2.49,1.52
2024-07-19,Budapest Open,WTA250,Outdoor,Clay,Quarterfinals,3,Sasnovich A.,Lamens S.,134,137,6,4,2,6,6,4,,,,,2,1,14,14,Completed,1.84,1.95
2024-07-19,Budapest Open,WTA250,Outdoor,Clay,Quarterfinals,3,Schmiedlova A.,Avanesyan E.,79,75,2,6,6,3,6,2,,,,,2,1,14,11,Completed,2.46,1.54
2024-07-19,Budapest Open,WTA250,Outdoor,Clay,Quarterfinals,3,Shnaider D.,Seidel E.,28,166,6,4,6,2,,,,,,,2,,12,6,Completed,1.16,5.06
2024-07-19,Budapest Open,WTA250,Outdoor,Clay,Quarterfinals,3,Lys E.,Sramkova R.,129,109,4,6,6,3,7,6,,,,,2,1,17,15,Completed,1.61,2.28
2024-07-20,Budapest Open,WTA250,Outdoor,Clay,Semifinals,3,Sasnovich A.,Schmiedlova A.,134,79,6,3,3,6,7,5,,,,,2,1,16,14,Completed,1.99,1.8
2024-07-20,Budapest Open,WTA250,Outdoor,Clay,Semifinals,3,Shnaider D.,Lys E.,28,129,6,3,6,3,,,,,,,2,,12,6,Completed,1.31,3.36
2024-07-21,Budapest Open,WTA250,Outdoor,Clay,The Final,3,Shnaider D.,Sasnovich A.,28,134,6,4,6,4,,,,,,,2,,12,8,Completed,1.21,4.36
2024-07-15,Internazionali Femminili di Palermo,WTA250,Outdoor,Clay,1st Round,3,Noha Akugue N.,Barthel M.,197,202,6,4,2,6,6,2,,,,,2,1,14,12,Completed,1.82,1.98
2024-07-15,Internazionali Femminili di Palermo,WTA250,Outdoor,Clay,1st Round,3,Sharma A.,Blinkova A.,151,74,6,0,7,5,,,,,,,2,,13,5,Completed,2.28,1.61
2024-07-15,Internazionali Femminili di Palermo,WTA250,Outdoor,Clay,1st Round,3,Teichmann J.,Ristic M.,211,301,6,1,6,1,,,,,,,2,,12,2,Completed,1.2,4.35
2024-07-15,Internazionali Femminili di Palermo,WTA250,Outdoor,Clay,1st Round,3,Muchova K.,Kawa K.,35,192,7,6,5,1,,,,,,,1,,12,7,Retired,1.17,4.82
2024-07-15,Internazionali Femminili di Palermo,WTA250,Outdoor,Clay,1st Round,3,Begu I.,Bassols M.,142,121,6,0,6,0,,,,,,,2,,12,0,Completed,1.15,5.29
2024-07-16,Internazionali Femminili di Palermo,WTA250,Outdoor,Clay,1st Round,3,Carle M.,Maria T.,93,60,5,7,6,1,6,1,,,,,2,1,17,9,Completed,1.46,2.68
2024-07-16,Internazionali Femminili di Palermo,WTA250,Outdoor,Clay,1st Round,3,Paquet C.,Zheng S.,115,1332,6,3,6,3,,,,,,,2,,12,6,Completed,1.07,8.41
2024-07-16,Internazionali Femminili di Palermo,WTA250,Outdoor,Clay,1st Round,3,Rus A.,Trevisan M.,62,77,6,7,6,4,6,2,,,,,2,1,18,13,Completed,2.0,1.79
2024-07-16,Internazionali Femminili di Palermo,WTA250,Outdoor,Clay,1st Round,3,Parry D.,Gadecki O.,58,168,4,6,6,4,6,4,,,,,2,1,16,14,Completed,1.5,2.57
2024-07-16,Internazionali Femminili di Palermo,WTA250,Outdoor,Clay,1st Round,3,Tomljanovic A.,Sherif M.,133,67,3,6,7,5,6,3,,,,,2,1,16,14,Completed,2.66,1.46
2024-07-16,Internazionali Femminili di Palermo,WTA250,Outdoor,Clay,1st Round,3,Martic P.,Arango E.,99,120,6,2,6,3,,,,,,,2,,12,5,Completed,1.55,2.41
2024-07-16,Internazionali Femminili di Palermo,WTA250,Outdoor,Clay,1st Round,3,Zheng Q.,Errani S.,7,96,6,3,6,2,,,,,,,2,,12,5,Completed,1.13,5.65
2024-07-16,Internazionali Femminili di Palermo,WTA250,Outdoor,Clay,1st Round,3,Li A.,Stearns P.,127,52,3,6,7,6,6,2,,,,,2,1,16,14,Completed,2.48,1.52
2024-07-16,Internazionali Femminili di Palermo,WTA250,Outdoor,Clay,1st Round,3,Bronzetti L.,Jacquemot E.,70,145,7,5,3,6,6,3,,,,,2,1,16,14,Completed,1.52,2.48
2024-07-16,Internazionali Femminili di Palermo,WTA250,Outdoor,Clay,1st Round,3,Cristian J.,Riera J.,66,113,6,3,6,2,,,,,,,2,,12,5,Completed,1.59,2.31
2024-07-17,Internazionali Femminili di Palermo,WTA250,Outdoor,Clay,1st Round,3,Andreeva E.,Semenistaja D.,92,122,6,1,6,2,,,,,,,2,,12,3,Completed,1.55,2.41
2024-07-17,Internazionali Femminili di Palermo,WTA250,Outdoor,Clay,2nd Round,3,Begu I.,Rus A.,142,62,6,2,7,5,,,,,,,2,,13,7,Completed,1.46,2.68
2024-07-17,Internazionali Femminili di Palermo,WTA250,Outdoor,Clay,2nd Round,3,Parry D.,Teichmann J.,58,211,6,2,6,7,6,2,,,,,2,1,18,11,Completed,1.75,2.05
2024-07-17,Internazionali Femminili di Palermo,WTA250,Outdoor,Clay,2nd Round,3,Muchova K.,Noha Akugue N.,35,197,6,7,6,2,6,3,,,,,2,1,18,12,Completed,1.14,5.64
2024-07-17,Internazionali Femminili di Palermo,WTA250,Outdoor,Clay,2nd Round,3,Sharma A.,Tomljanovic A.,151,133,6,4,3,6,6,1,,,,,2,1,15,11,Completed,2.61,1.48
2024-07-18,Internazionali Femminili di Palermo,WTA250,Outdoor,Clay,2nd Round,3,Li A.,Andreeva E.,127,92,6,3,4,6,6,4,,,,,2,1,16,13,Completed,1.87,1.91
2024-07-18,Internazionali Femminili di Palermo,WTA250,Outdoor,Clay,2nd Round,3,Paquet C.,Carle M.,115,93,6,3,6,1,,,,,,,2,,12,4,Completed,2.96,1.38
2024-07-18,Internazionali Femminili di Palermo,WTA250,Outdoor,Clay,2nd Round,3,Cristian J.,Bronzetti L.,66,70,6,3,6,2,,,,,,,2,,12,5,Completed,1.6,2.31
2024-07-18,Internazionali Femminili di Palermo,WTA250,Outdoor,Clay,2nd Round,3,Zheng Q.,Martic P.,7,99,6,4,6,4,,,,,,,2,,12,8,Completed,1.2,4.46
2024-07-19,Internazionali Femminili di Palermo,WTA250,Outdoor,Clay,Quarterfinals,3,Parry D.,Paquet C.,58,115,7,5,1,6,6,4,,,,,2,1,14,15,Completed,1.35,3.17
2024-07-19,Internazionali Femminili di Palermo,WTA250,Outdoor,Clay,Quarterfinals,3,Begu I.,Li A.,142,127,6,3,6,4,,,,,,,2,,12,7,Completed,1.32,3.3
2024-07-19,Internazionali Femminili di Palermo,WTA250,Outdoor,Clay,Quarterfinals,3,Zheng Q.,Cristian J.,7,66,6,1,6,1,,,,,,,2,,12,2,Completed,1.34,3.23
2024-07-19,Internazionali Femminili di Palermo,WTA250,Outdoor,Clay,Quarterfinals,3,Muchova K.,Sharma A.,35,151,7,6,7,6,,,,,,,2,,14,12,Completed,1.37,3.05
2024-07-20,Internazionali Femminili di Palermo,WTA250,Outdoor,Clay,Semifinals,3,Zheng Q.,Parry D.,7,58,7,5,6,4,,,,,,,2,,13,9,Completed,1.24,3.93
2024-07-20,Internazionali Femminili di Palermo,WTA250,Outdoor,Clay,Semifinals,3,Muchova K.,Begu I.,35,142,6,1,6,1,,,,,,,2,,12,2,Completed,2.1,1.72
2024-07-21,Internazionali Femminili di Palermo,WTA250,Outdoor,Clay,The Final,3,Zheng Q.,Muchova K.,7,35,6,4,4,6,6,2,,,,,2,1,16,12,Completed,1.6,2.3
2024-07-21,Iasi Open,WTA250,Outdoor,Clay,1st Round,3,Ruse E.G.,Tikhonova A.,147,198,6,3,5,7,6,1,,,,,2,1,17,11,Completed,1.12,5.83
2024-07-21,Iasi Open,WTA250,Outdoor,Clay,1st Round,3,Bassols M.,Bara I.,122,221,6,2,6,3,,,,,,,2,,12,5,Completed,1.74,2.05
2024-07-21,Iasi Open,WTA250,Outdoor,Clay,1st Round,3,Danilovic O.,Blinkova A.,148,72,6,2,5,7,6,1,,,,,2,1,17,10,Completed,1.48,2.59
2024-07-21,Iasi Open,WTA250,Outdoor,Clay,1st Round,3,Bulgaru M.,Maria T.,203,59,6,4,6,2,,,,,,,2,,12,6,Completed,2.02,1.76
2024-07-21,Iasi Open,WTA250,Outdoor,Clay,1st Round,3,Andreeva M.,Noha Akugue N.,32,169,6,1,6,2,,,,,,,2,,12,3,Completed,1.05,9.44
2024-07-22,Iasi Open,WTA250,Outdoor,Clay,1st Round,3,Avanesyan E.,Romero Gormaz L.,76,179,6,1,6,2,,,,,,,2,,12,3,Completed,1.25,3.82
2024-07-22,Iasi Open,WTA250,Outdoor,Clay,1st Round,3,Paquet C.,Carle M.,106,89,6,4,6,2,,,,,,,2,,12,6,Completed,2.28,1.6
2024-07-22,Iasi Open,WTA250,Outdoor,Clay,1st Round,3,Martic P.,Parrizas Diaz N.,97,137,6,4,6,4,,,,,,,2,,12,8,Completed,1.45,2.69
2024-07-22,Iasi Open,WTA250,Outdoor,Clay,1st Round,3,Waltert S.,Makarova E.,249,178,6,2,6,2,,,,,,,2,,12,4,Completed,1.25,3.79
2024-07-22,Iasi Open,WTA250,Outdoor,Clay,1st Round,3,Todoni A.,Falei A.,119,199,5,0,,,,,,,,,,,5,0,Retired,1.24,3.87
2024-07-22,Iasi Open,WTA250,Outdoor,Clay,1st Round,3,Janicijevic S.,Topalova G.,188,229,6,1,6,2,,,,,,,2,,12,3,Completed,1.5,2.51
2024-07-22,Iasi Open,WTA250,Outdoor,Clay,1st Round,3,Bondar A.,Benoit M.,99,250,6,3,6,1,,,,,,,2,,12,4,Completed,1.64,2.22
2024-07-22,Iasi Open,WTA250,Outdoor,Clay,1st Round,3,Boskovic L.,Timofeeva M.,202,160,7,5,6,1,,,,,,,2,,13,6,Completed,2.54,1.5
2024-07-22,Iasi Open,WTA250,Outdoor,Clay,1st Round,3,Lepchenko V.,Trevisan M.,187,74,5,7,6,4,6,3,,,,,2,1,17,14,Completed,2.79,1.42
2024-07-22,Iasi Open,WTA250,Outdoor,Clay,1st Round,3,Cristian J.,Brancaccio N.,61,251,6,2,6,4,,,,,,,2,,12,6,Completed,1.28,3.63
2024-07-23,Iasi Open,WTA250,Outdoor,Clay,2nd Round,3,Janicijevic S.,Bulgaru M.,188,203,6,2,7,6,,,,,,,2,,13,8,Completed,1.8,1.98
2024-07-23,Iasi Open,WTA250,Outdoor,Clay,2nd Round,3,Paquet C.,Waltert S.,106,249,6,1,7,5,,,,,,,2,,13,6,Completed,1.84,1.94
2024-07-23,Iasi Open,WTA250,Outdoor,Clay,2nd Round,3,Bondar A.,Bassols M.,99,122,7,5,6,4,,,,,,,2,,13,9,Completed,1.34,3.2
2024-07-23,Iasi Open,WTA250,Outdoor,Clay,2nd Round,3,Avanesyan E.,Martic P.,76,97,6,2,5,7,6,4,,,,,2,1,17,13,Completed,1.56,2.39
2024-07-23,Iasi Open,WTA250,Outdoor,Clay,2nd Round,3,Danilovic O.,Todoni A.,148,119,6,1,6,1,,,,,,,2,,12,2,Completed,1.76,2.04
2024-07-23,Iasi Open,WTA250,Outdoor,Clay,2nd Round,3,Boskovic L.,Lepchenko V.,202,187,6,3,6,4,,,,,,,2,,12,7,Completed,2.11,1.71
2024-07-23,Iasi Open,WTA250,Outdoor,Clay,2nd Round,3,Andreeva M.,Sasnovich A.,32,104,6,1,6,3,,,,,,,2,,12,4,Completed,1.13,5.66
2024-07-23,Iasi Open,WTA250,Outdoor,Clay,2nd Round,3,Cristian J.,Ruse E.G.,61,147,6,4,6,7,6,2,,,,,2,1,18,13,Completed,1.72,2.09
2024-07-24,Iasi Open,WTA250,Outdoor,Clay,Quarterfinals,3,Andreeva M.,Boskovic L.,32,202,6,2,6,0,,,,,,,2,,12,2,Completed,1.05,9.93
2024-07-24,Iasi Open,WTA250,Outdoor,Clay,Quarterfinals,3,Danilovic O.,Bondar A.,148,99,7,5,6,2,,,,,,,2,,13,7,Completed,1.42,2.8
2024-07-24,Iasi Open,WTA250,Outdoor,Clay,Quarterfinals,3,Paquet C.,Janicijevic S.,106,188,0,6,6,2,6,1,,,,,2,1,12,9,Completed,1.59,2.31
2024-07-25,Iasi Open,WTA250,Outdoor,Clay,Quarterfinals,3,Avanesyan E.,Cristian J.,76,61,7,5,6,4,,,,,,,2,,13,9,Completed,1.77,2.06
2024-07-25,Iasi Open,WTA250,Outdoor,Clay,Semifinals,3,Andreeva M.,Danilovic O.,32,148,3,6,6,3,7,6,,,,,2,1,16,15,Completed,1.24,3.97
2024-07-25,Iasi Open,WTA250,Outdoor,Clay,Semifinals,3,Avanesyan E.,Paquet C.,76,106,6,2,6,3,,,,,,,2,,12,5,Completed,1.34,3.22
2024-07-26,Iasi Open,WTA250,Outdoor,Clay,The Final,3,Andreeva M.,Avanesyan E.,32,76,5,7,7,5,4,0,,,,,1,1,16,12,Retired,1.38,2.98
2024-07-21,Prague Open,WTA250,Outdoor,Clay,1st Round,3,Jacquemot E.,Bouzas Maneiro J.,142,81,6,3,6,4,,,,,,,2,,12,7,Completed,2.28,1.61
2024-07-21,Prague Open,WTA250,Outdoor,Clay,1st Round,3,Seidel E.,Podoroska N.,150,85,6,4,2,6,6,1,,,,,2,1,14,11,Completed,2.14,1.69
2024-07-21,Prague Open,WTA250,Outdoor,Clay,1st Round,3,Tomova V.,Jamrichova R.,49,545,7,6,6,3,,,,,,,2,,13,9,Completed,1.3,3.45
2024-07-21,Prague Open,WTA250,Outdoor,Clay,1st Round,3,Kalinina A.,Bejlek S.,47,125,7,5,6,7,6,2,,,,,2,1,19,14,Completed,1.46,2.66
2024-07-21,Prague Open,WTA250,Outdoor,Clay,1st Round,3,Masarova R.,Lamens S.,111,121,2,6,6,2,7,6,,,,,2,1,15,14,Completed,1.6,2.3
2024-07-22,Prague Open,WTA250,Outdoor,Clay,1st Round,3,Selekhmeteva O.,Palicova B.,248,263,7,5,6,3,,,,,,,2,,13,8,Completed,1.23,4.05
2024-07-22,Prague Open,WTA250,Outdoor,Clay,1st Round,3,Linette M.,Barthel M.,48,193,7,6,6,4,,,,,,,2,,13,10,Completed,1.24,3.86
2024-07-22,Prague Open,WTA250,Outdoor,Clay,1st Round,3,Fett J.,Van Uytvanck A.,116,245,6,2,6,2,,,,,,,2,,12,4,Completed,2.03,1.75
2024-07-22,Prague Open,WTA250,Outdoor,Clay,1st Round,3,Siniakova K.,Chirico L.,38,228,7,5,4,6,6,3,,,,,2,1,17,14,Completed,1.16,5.04
2024-07-22,Prague Open,WTA250,Outdoor,Clay,1st Round,3,Shibahara E.,Korpatsch T.,257,92,7,6,3,6,7,5,,,,,2,1,17,17,Completed,2.49,1.52
2024-07-22,Prague Open,WTA250,Outdoor,Clay,1st Round,3,Samsonova L.,Wurth T.,13,461,6,0,6,2,,,,,,,2,,12,2,Completed,2.12,1.7
2024-07-22,Prague Open,WTA250,Outdoor,Clay,1st Round,3,Von Deichmann K.,Schmiedlova A.,241,70,6,4,6,4,,,,,,,2,,12,8,Completed,3.86,1.25
2024-07-22,Prague Open,WTA250,Outdoor,Clay,1st Round,3,Salkova D.,Sonmez Z.,135,130,6,4,6,0,,,,,,,2,,12,4,Completed,1.97,1.81
2024-07-22,Prague Open,WTA250,Outdoor,Clay,1st Round,3,Frech M.,Sharma A.,57,149,6,4,2,6,6,2,,,,,2,1,14,12,Completed,1.47,2.63
2024-07-22,Prague Open,WTA250,Outdoor,Clay,1st Round,3,Noskova L.,Zavatska K.,27,174,6,3,6,2,,,,,,,2,,12,5,Completed,1.16,5.14
2024-07-22,Prague Open,WTA250,Outdoor,Clay,1st Round,3,Lys E.,Soboleva A.,108,231,6,4,6,3,,,,,,,2,,12,7,Completed,1.22,4.17
2024-07-23,Prague Open,WTA250,Outdoor,Clay,2nd Round,3,Linette M.,Masarova R.,48,111,6,3,6,4,,,,,,,2,,12,7,Completed,1.55,2.39
2024-07-23,Prague Open,WTA250,Outdoor,Clay,2nd Round,3,Kalinina A.,Jacquemot E.,47,142,7,5,3,6,6,2,,,,,2,1,16,13,Completed,1.38,2.95
2024-07-23,Prague Open,WTA250,Outdoor,Clay,2nd Round,3,Selekhmeteva O.,Von Deichmann K.,248,241,6,1,6,2,,,,,,,2,,12,3,Completed,1.14,5.36
2024-07-23,Prague Open,WTA250,Outdoor,Clay,2nd Round,3,Frech M.,Salkova D.,57,135,6,4,6,7,2,2,,,,,1,1,14,13,Retired,1.58,2.33
2024-07-23,Prague Open,WTA250,Outdoor,Clay,2nd Round,3,Tomova V.,Fett J.,49,116,6,3,6,4,,,,,,,2,,12,7,Completed,1.43,2.79
2024-07-23,Prague Open,WTA250,Outdoor,Clay,2nd Round,3,Samsonova L.,Siniakova K.,13,38,1,6,7,5,6,3,,,,,2,1,14,14,Completed,4.05,1.23
2024-07-23,Prague Open,WTA250,Outdoor,Clay,2nd Round,3,Seidel E.,Shibahara E.,150,257,6,2,7,5,,,,,,,2,,13,7,Completed,1.36,3.07
2024-07-23,Prague Open,WTA250,Outdoor,Clay,2nd Round,3,Noskova L.,Lys E.,27,108,6,2,2,1,,,,,,,1,,8,3,Retired,1.38,2.95
2024-07-24,Prague Open,WTA250,Outdoor,Clay,Quarterfinals,3,Frech M.,Kalinina A.,57,47,2,6,6,0,6,1,,,,,2,1,14,7,Completed,2.2,1.65
2024-07-24,Prague Open,WTA250,Outdoor,Clay,Quarterfinals,3,Linette M.,Tomova V.,48,49,4,6,6,3,6,2,,,,,2,1,16,11,Completed,1.75,2.06
2024-07-24,Prague Open,WTA250,Outdoor,Clay,Quarterfinals,3,Samsonova L.,Selekhmeteva O.,13,248,2,6,6,3,7,5,,,,,2,1,15,14,Completed,3.6,1.28
2024-07-24,Prague Open,WTA250,Outdoor,Clay,Quarterfinals,3,Noskova L.,Seidel E.,27,150,6,1,6,3,,,,,,,2,,12,4,Completed,1.16,5.09
2024-07-25,Prague Open,WTA250,Outdoor,Clay,Semifinals,3,Frech M.,Samsonova L.,57,13,3,6,6,0,4,2,,,,,1,1,13,8,Retired,1.33,3.26
2024-07-25,Prague Open,WTA250,Outdoor,Clay,Semifinals,3,Linette M.,Noskova L.,48,27,6,3,3,6,7,6,,,,,2,1,16,15,Completed,3.21,1.33
2024-07-26,Prague Open,WTA250,Outdoor,Clay,The Final,3,Linette M.,Frech M.,48,57,6,2,6,1,,,,,,,2,,12,3,Completed,1.69,2.16
2024-07-29,Citi Open,WTA500,Outdoor,Hard,1st Round,3,Dolehide C.,Tsurenko L.,49,84,6,1,3,6,6,4,,,,,2,1,15,11,Completed,1.9,1.88
2024-07-29,Citi Open,WTA500,Outdoor,Hard,1st Round,3,Pavlyuchenkova A.,Krueger A.,33,81,6,3,4,6,6,4,,,,,2,1,16,13,Completed,1.54,2.44
2024-07-29,Citi Open,WTA500,Outdoor,Hard,1st Round,3,Wang Y.,Pliskova Ka.,73,44,5,7,6,3,6,0,,,,,2,1,17,10,Completed,3.52,1.29
2024-07-29,Citi Open,WTA500,Outdoor,Hard,1st Round,3,Montgomery R.,Rogers S.,131,376,7,5,6,3,,,,,,,2,,13,8,Completed,1.54,2.43
2024-07-30,Citi Open,WTA500,Outdoor,Hard,1st Round,3,Raducanu E.,Mertens E.,89,35,6,2,3,6,6,4,,,,,2,1,15,12,Completed,1.44,2.75
2024-07-30,Citi Open,WTA500,Outdoor,Hard,1st Round,3,Anisimova A.,Stephens S.,176,45,6,3,7,5,,,,,,,2,,13,8,Completed,1.52,2.47
2024-07-30,Citi Open,WTA500,Outdoor,Hard,1st Round,3,Rakhimova K.,Volynets K.,105,56,6,4,6,3,,,,,,,2,,12,7,Completed,2.84,1.41
2024-07-30,Citi Open,WTA500,Outdoor,Hard,1st Round,3,Townsend T.,Potapova A.,78,42,6,2,6,2,,,,,,,2,,12,4,Completed,2.43,1.54
2024-07-30,Citi Open,WTA500,Outdoor,Hard,1st Round,3,Bouzkova M.,Kessler M.,43,115,6,4,4,6,6,2,,,,,2,1,16,12,Completed,1.38,3.01
2024-07-30,Citi Open,WTA500,Outdoor,Hard,1st Round,3,Azarenka V.,Baptiste H.,20,97,7,6,7,6,,,,,,,2,,14,12,Completed,1.24,3.95
2024-07-30,Citi Open,WTA500,Outdoor,Hard,1st Round,3,Stearns P.,Ngounoue C.,51,299,6,3,7,6,,,,,,,2,,13,9,Completed,1.35,3.16
2024-07-31,Citi Open,WTA500,Outdoor,Hard,1st Round,3,Badosa P.,Kenin S.,62,54,6,1,7,6,,,,,,,2,,13,7,Completed,1.29,3.53
2024-07-31,Citi Open,WTA500,Outdoor,Hard,2nd Round,3,Anisimova A.,Pavlyuchenkova A.,176,33,6,1,6,7,6,4,,,,,2,1,18,12,Completed,1.81,1.98
2024-07-31,Citi Open,WTA500,Outdoor,Hard,2nd Round,3,Raducanu E.,Stearns P.,89,51,7,6,6,2,,,,,,,2,,13,8,Completed,1.36,3.09
2024-08-01,Citi Open,WTA500,Outdoor,Hard,2nd Round,3,Sabalenka A.,Rakhimova K.,3,105,7,5,4,6,6,4,,,,,2,1,17,15,Completed,1.05,9.64
2024-08-01,Citi Open,WTA500,Outdoor,Hard,2nd Round,3,Dolehide C.,Kasatkina D.,49,12,2,6,7,5,6,0,,,,,2,1,15,11,Completed,3.26,1.33
2024-08-01,Citi Open,WTA500,Outdoor,Hard,2nd Round,3,Azarenka V.,Wang Y.,20,73,6,1,6,7,6,3,,,,,2,1,18,11,Completed,1.23,4.1
2024-08-01,Citi Open,WTA500,Outdoor,Hard,2nd Round,3,Badosa P.,Samsonova L.,62,13,6,2,,,,,,,,,1,,6,2,Retired,1.82,1.97
2024-08-01,Citi Open,WTA500,Outdoor,Hard,2nd Round,3,Bouzkova M.,Townsend T.,43,78,7,5,7,6,,,,,,,2,,14,11,Completed,1.73,2.08
2024-08-02,Citi Open,WTA500,Outdoor,Hard,Quarterfinals,3,Dolehide C.,Anisimova A.,49,176,7,6,6,1,,,,,,,2,,13,7,Completed,2.76,1.43
2024-08-02,Citi Open,WTA500,Outdoor,Hard,Quarterfinals,3,Badosa P.,Raducanu E.,62,89,4,6,7,5,6,4,,,,,2,1,17,15,Completed,1.9,1.87
2024-08-02,Citi Open,WTA500,Outdoor,Hard,Quarterfinals,3,Bouzkova M.,Montgomery R.,43,131,6,3,6,1,,,,,,,2,,12,4,Completed,1.5,2.54
2024-08-03,Citi Open,WTA500,Outdoor,Hard,Quarterfinals,3,Sabalenka A.,Azarenka V.,3,20,6,4,6,4,,,,,,,2,,12,8,Completed,1.31,3.4
2024-08-03,Citi Open,WTA500,Outdoor,Hard,Semifinals,3,Badosa P.,Dolehide C.,62,49,6,3,6,3,,,,,,,2,,12,6,Completed,1.27,3.74
2024-08-03,Citi Open,WTA500,Outdoor,Hard,Semifinals,3,Bouzkova M.,Sabalenka A.,43,3,6,4,3,6,6,3,,,,,2,1,15,13,Completed,5.07,1.16
2024-08-04,Citi Open,WTA500,Outdoor,Hard,The Final,3,Badosa P.,Bouzkova M.,62,43,6,1,4,6,6,4,,,,,2,1,16,11,Completed,1.47,2.64
2024-08-06,Canadian Open,WTA1000,Outdoor,Hard,1st Round,3,Kostyuk M.,Maria T.,20,67,6,0,6,2,,,,,,,2,,12,2,Completed,1.1,6.8
2024-08-06,Canadian Open,WTA1000,Outdoor,Hard,1st Round,3,Frech M.,Potapova A.,50,44,4,6,6,3,6,0,,,,,2,1,16,9,Completed,2.21,1.66
2024-08-06,Canadian Open,WTA1000,Outdoor,Hard,1st Round,3,Uchijima M.,Tomova V.,63,48,7,6,6,2,,,,,,,2,,13,8,Completed,2.26,1.63
2024-08-06,Canadian Open,WTA1000,Outdoor,Hard,1st Round,3,Svitolina E.,Rogers S.,34,379,6,0,6,2,,,,,,,2,,12,2,Completed,1.17,4.97
2024-08-06,Canadian Open,WTA1000,Outdoor,Hard,1st Round,3,Wang Y.,Kenin S.,72,55,7,5,7,6,,,,,,,2,,14,11,Completed,1.9,1.89
2024-08-06,Canadian Open,WTA1000,Outdoor,Hard,1st Round,3,Azarenka V.,Pavlyuchenkova A.,19,29,6,2,6,2,,,,,,,2,,12,4,Completed,1.37,3.06
2024-08-06,Canadian Open,WTA1000,Outdoor,Hard,1st Round,3,Pliskova Ka.,Podoroska N.,45,87,6,4,7,6,,,,,,,2,,13,10,Completed,1.28,3.62
2024-08-06,Canadian Open,WTA1000,Outdoor,Hard,1st Round,3,Townsend T.,Yastremska D.,71,27,6,3,3,1,,,,,,,1,,9,4,Retired,1.93,1.87
2024-08-07,Canadian Open,WTA1000,Outdoor,Hard,1st Round,3,Tsurenko L.,Andreescu B.,85,175,0,6,6,3,6,4,,,,,2,1,12,13,Completed,4.04,1.23
2024-08-07,Canadian Open,WTA1000,Outdoor,Hard,1st Round,3,Kalinskaya A.,Chirico L.,17,218,6,2,6,3,,,,,,,2,,12,5,Completed,1.12,5.92
2024-08-07,Canadian Open,WTA1000,Outdoor,Hard,1st Round,3,Minnen G.,Stephens S.,74,47,6,2,6,2,,,,,,,2,,12,4,Completed,2.19,1.66
2024-08-07,Canadian Open,WTA1000,Outdoor,Hard,1st Round,3,Mertens E.,Volynets K.,35,57,6,3,6,1,,,,,,,2,,12,4,Completed,1.68,2.17
2024-08-07,Canadian Open,WTA1000,Outdoor,Hard,1st Round,3,Haddad Maia B.,Bouzkova M.,22,36,5,7,6,2,7,6,,,,,2,1,18,15,Completed,2.13,1.7
2024-08-07,Canadian Open,WTA1000,Outdoor,Hard,1st Round,3,Badosa P.,Tauson C.,40,62,6,1,6,4,,,,,,,2,,12,5,Completed,1.27,3.69
2024-08-07,Canadian Open,WTA1000,Outdoor,Hard,1st Round,3,Stakusic M.,Andreeva E.,160,88,6,7,6,1,6,4,,,,,2,1,18,12,Completed,2.03,1.77
2024-08-07,Canadian Open,WTA1000,Outdoor,Hard,1st Round,3,Shnaider D.,Dart H.,24,78,6,3,3,6,7,6,,,,,2,1,16,15,Completed,1.29,3.53
2024-08-07,Canadian Open,WTA1000,Outdoor,Hard,1st Round,3,Stearns P.,Blinkova A.,53,68,6,4,6,3,,,,,,,2,,12,7,Completed,1.45,2.71
2024-08-07,Canadian Open,WTA1000,Outdoor,Hard,1st Round,3,Anisimova A.,Dolehide C.,132,46,6,1,6,4,,,,,,,2,,12,5,Completed,1.56,2.38
2024-08-07,Canadian Open,WTA1000,Outdoor,Hard,1st Round,3,Linette M.,Marino R.,43,145,6,3,6,4,,,,,,,2,,12,7,Completed,1.34,3.25
2024-08-07,Canadian Open,WTA1000,Outdoor,Hard,1st Round,3,Osaka N.,Jabeur O.,95,16,6,3,6,1,,,,,,,2,,12,4,Completed,1.51,2.52
2024-08-07,Canadian Open,WTA1000,Outdoor,Hard,1st Round,3,Krueger A.,Cocciaretto E.,82,61,6,3,6,2,,,,,,,2,,12,5,Completed,1.82,1.98
2024-08-07,Canadian Open,WTA1000,Outdoor,Hard,1st Round,3,Boulter K.,Pera B.,33,80,6,4,3,6,6,1,,,,,2,1,15,11,Completed,1.51,2.55
2024-08-07,Canadian Open,WTA1000,Outdoor,Hard,1st Round,3,Yuan Y.,Bucsa C.,42,60,6,3,6,3,,,,,,,2,,12,6,Completed,1.57,2.37
2024-08-08,Canadian Open,WTA1000,Outdoor,Hard,1st Round,3,Fernandez L.A.,Hibino N.,25,159,6,3,5,7,6,1,,,,,2,1,17,11,Completed,1.24,4.1
2024-08-08,Canadian Open,WTA1000,Outdoor,Hard,2nd Round,3,Pegula J.,Pliskova Ka.,6,45,7,5,6,4,,,,,,,2,,13,9,Completed,1.29,3.56
2024-08-08,Canadian Open,WTA1000,Outdoor,Hard,2nd Round,3,Kalinskaya A.,Tsurenko L.,17,85,6,2,6,2,,,,,,,2,,12,4,Completed,1.25,3.94
2024-08-08,Canadian Open,WTA1000,Outdoor,Hard,2nd Round,3,Kostyuk M.,Svitolina E.,20,34,6,2,2,6,6,2,,,,,2,1,14,10,Completed,2.35,1.58
2024-08-08,Canadian Open,WTA1000,Outdoor,Hard,2nd Round,3,Shnaider D.,Frech M.,24,50,2,6,6,3,7,6,,,,,2,1,15,15,Completed,1.52,2.52
2024-08-08,Canadian Open,WTA1000,Outdoor,Hard,2nd Round,3,Samsonova L.,Uchijima M.,13,63,6,4,6,2,,,,,,,2,,12,6,Completed,1.3,3.46
2024-08-08,Canadian Open,WTA1000,Outdoor,Hard,2nd Round,3,Gauff C.,Wang Y.,2,72,6,4,6,4,,,,,,,2,,12,8,Completed,1.09,7.41
2024-08-08,Canadian Open,WTA1000,Outdoor,Hard,2nd Round,3,Townsend T.,Stakusic M.,71,160,6,0,6,2,,,,,,,2,,12,2,Completed,1.51,2.55
2024-08-08,Canadian Open,WTA1000,Outdoor,Hard,2nd Round,3,Navarro E.,Linette M.,15,43,6,2,6,4,,,,,,,2,,12,6,Completed,1.33,3.31
2024-08-08,Canadian Open,WTA1000,Outdoor,Hard,2nd Round,3,Stearns P.,Keys M.,53,14,3,6,7,5,3,0,,,,,1,1,13,11,Retired,3.02,1.37
2024-08-08,Canadian Open,WTA1000,Outdoor,Hard,2nd Round,3,Krueger A.,Fernandez L.A.,82,25,6,4,6,2,,,,,,,2,,12,6,Completed,2.94,1.39
2024-08-08,Canadian Open,WTA1000,Outdoor,Hard,2nd Round,3,Boulter K.,Haddad Maia B.,33,22,1,1,,,,,,,,,,,1,1,Retired,1.75,2.06
2024-08-08,Canadian Open,WTA1000,Outdoor,Hard,2nd Round,3,Anisimova A.,Kasatkina D.,132,12,6,4,6,3,,,,,,,2,,12,7,Completed,1.8,2.0
2024-08-08,Canadian Open,WTA1000,Outdoor,Hard,2nd Round,3,Ostapenko J.,Badosa P.,11,40,3,6,7,6,6,2,,,,,2,1,16,14,Completed,2.67,1.46
2024-08-09,Canadian Open,WTA1000,Outdoor,Hard,2nd Round,3,Sabalenka A.,Yuan Y.,3,42,6,2,6,2,,,,,,,2,,12,4,Completed,1.06,8.78
2024-08-09,Canadian Open,WTA1000,Outdoor,Hard,2nd Round,3,Azarenka V.,Minnen G.,19,74,3,6,7,5,6,1,,,,,2,1,16,12,Completed,1.17,4.98
2024-08-09,Canadian Open,WTA1000,Outdoor,Hard,2nd Round,3,Mertens E.,Osaka N.,35,95,6,3,6,4,,,,,,,2,,12,7,Completed,2.99,1.38
2024-08-09,Canadian Open,WTA1000,Outdoor,Hard,3rd Round,3,Townsend T.,Ostapenko J.,71,11,6,2,6,1,,,,,,,2,,12,3,Completed,2.38,1.56
2024-08-09,Canadian Open,WTA1000,Outdoor,Hard,3rd Round,3,Navarro E.,Kostyuk M.,15,20,7,5,7,5,,,,,,,2,,14,10,Completed,1.61,2.3
2024-08-09,Canadian Open,WTA1000,Outdoor,Hard,3rd Round,3,Pegula J.,Krueger A.,6,82,6,2,6,4,,,,,,,2,,12,6,Completed,1.25,3.86
2024-08-09,Canadian Open,WTA1000,Outdoor,Hard,3rd Round,3,Anisimova A.,Kalinskaya A.,132,17,6,2,,,,,,,,,1,,6,2,Retired,2.41,1.56
2024-08-09,Canadian Open,WTA1000,Outdoor,Hard,3rd Round,3,Stearns P.,Azarenka V.,53,19,6,4,4,2,,,,,,,1,,10,6,Retired,3.04,1.37
2024-08-09,Canadian Open,WTA1000,Outdoor,Hard,3rd Round,3,Samsonova L.,Mertens E.,13,35,6,2,6,4,,,,,,,2,,12,6,Completed,1.7,2.13
2024-08-10,Canadian Open,WTA1000,Outdoor,Hard,3rd Round,3,Shnaider D.,Gauff C.,24,2,6,4,6,1,,,,,,,2,,12,5,Completed,4.7,1.19
2024-08-10,Canadian Open,WTA1000,Outdoor,Hard,3rd Round,3,Sabalenka A.,Boulter K.,3,33,6,3,6,3,,,,,,,2,,12,6,Completed,1.16,5.17
2024-08-10,Canadian Open,WTA1000,Outdoor,Hard,Quarterfinals,3,Navarro E.,Townsend T.,15,71,6,3,7,6,,,,,,,2,,13,9,Completed,1.44,2.75
2024-08-10,Canadian Open,WTA1000,Outdoor,Hard,Quarterfinals,3,Anisimova A.,Sabalenka A.,132,3,6,4,6,2,,,,,,,2,,12,6,Completed,4.01,1.24
2024-08-11,Canadian Open,WTA1000,Outdoor,Hard,Quarterfinals,3,Pegula J.,Stearns P.,6,53,6,4,7,5,,,,,,,2,,13,9,Completed,1.29,3.52
2024-08-11,Canadian Open,WTA1000,Outdoor,Hard,Quarterfinals,3,Shnaider D.,Samsonova L.,24,13,4,6,6,1,6,4,,,,,2,1,16,11,Completed,2.11,1.72
2024-08-11,Canadian Open,WTA1000,Outdoor,Hard,Semifinals,3,Anisimova A.,Navarro E.,132,15,6,3,2,6,6,2,,,,,2,1,14,11,Completed,2.22,1.65
2024-08-11,Canadian Open,WTA1000,Outdoor,Hard,Semifinals,3,Pegula J.,Shnaider D.,6,24,6,4,6,3,,,,,,,2,,12,7,Completed,1.51,2.52
2024-08-12,Canadian Open,WTA1000,Outdoor,Hard,The Final,3,Pegula J.,Anisimova A.,6,132,6,3,2,6,6,1,,,,,2,1,14,10,Completed,1.49,2.58
2024-08-13,Western & Southern Financial Group Women's Open,WTA1000,Outdoor,Hard,1st Round,3,Gracheva V.,Tomljanovic A.,69,123,6,3,2,6,7,6,,,,,2,1,15,15,Completed,1.72,2.11
2024-08-13,Western & Southern Financial Group Women's Open,WTA1000,Outdoor,Hard,1st Round,3,Pliskova Ka.,Tomova V.,45,50,7,6,7,6,,,,,,,2,,14,12,Completed,1.44,2.75
2024-08-13,Western & Southern Financial Group Women's Open,WTA1000,Outdoor,Hard,1st Round,3,Kostyuk M.,Mertens E.,21,32,6,4,2,6,6,4,,,,,2,1,14,14,Completed,1.56,2.4
2024-08-13,Western & Southern Financial Group Women's Open,WTA1000,Outdoor,Hard,1st Round,3,Sun L.,Noskova L.,64,29,6,4,7,6,,,,,,,2,,13,10,Completed,2.38,1.57
2024-08-13,Western & Southern Financial Group Women's Open,WTA1000,Outdoor,Hard,1st Round,3,Krueger A.,Vekic D.,65,22,5,7,7,6,6,2,,,,,2,1,18,15,Completed,2.35,1.58
2024-08-13,Western & Southern Financial Group Women's Open,WTA1000,Outdoor,Hard,1st Round,3,Kasatkina D.,Alexandrova E.,12,26,6,4,6,2,,,,,,,2,,12,6,Completed,1.65,2.23
2024-08-13,Western & Southern Financial Group Women's Open,WTA1000,Outdoor,Hard,1st Round,3,Cocciaretto E.,Montgomery R.,66,109,7,5,4,6,6,3,,,,,2,1,17,14,Completed,1.81,1.98
2024-08-14,Western & Southern Financial Group Women's Open,WTA1000,Outdoor,Hard,1st Round,3,Svitolina E.,Wang Y.,30,62,5,7,6,3,6,2,,,,,2,1,17,12,Completed,1.25,3.93
2024-08-14,Western & Southern Financial Group Women's Open,WTA1000,Outdoor,Hard,1st Round,3,Linette M.,Boulter K.,43,31,2,6,6,0,7,5,,,,,2,1,15,11,Completed,2.34,1.58
2024-08-14,Western & Southern Financial Group Women's Open,WTA1000,Outdoor,Hard,1st Round,3,Potapova A.,Burel C.,44,57,6,4,2,6,6,1,,,,,2,1,14,11,Completed,1.74,2.07
2024-08-14,Western & Southern Financial Group Women's Open,WTA1000,Outdoor,Hard,1st Round,3,Putintseva Y.,Dart H.,33,77,4,6,6,0,6,1,,,,,2,1,16,7,Completed,1.33,3.23
2024-08-14,Western & Southern Financial Group Women's Open,WTA1000,Outdoor,Hard,1st Round,3,Avanesyan E.,Andreescu B.,60,166,6,4,7,5,,,,,,,2,,13,9,Completed,2.71,1.46
2024-08-14,Western & Southern Financial Group Women's Open,WTA1000,Outdoor,Hard,1st Round,3,Shnaider D.,Zhang S.,20,689,6,1,6,4,,,,,,,2,,12,5,Completed,1.03,11.59
2024-08-14,Western & Southern Financial Group Women's Open,WTA1000,Outdoor,Hard,1st Round,3,Badosa P.,Stearns P.,37,46,6,2,7,5,,,,,,,2,,13,7,Completed,1.36,3.13
2024-08-14,Western & Southern Financial Group Women's Open,WTA1000,Outdoor,Hard,1st Round,3,Kalinskaya A.,Siniakova K.,16,36,1,6,6,2,6,3,,,,,2,1,13,11,Completed,1.5,2.55
2024-08-14,Western & Southern Financial Group Women's Open,WTA1000,Outdoor,Hard,1st Round,3,Fernandez L.A.,Yuan Y.,27,40,3,6,6,4,6,3,,,,,2,1,15,13,Completed,1.32,3.34
2024-08-14,Western & Southern Financial Group Women's Open,WTA1000,Outdoor,Hard,1st Round,3,Townsend T.,Dolehide C.,53,47,3,6,6,4,7,6,,,,,2,1,16,16,Completed,1.38,3.0
2024-08-14,Western & Southern Financial Group Women's Open,WTA1000,Outdoor,Hard,1st Round,3,Bouzas Maneiro J.,Bronzetti L.,91,68,6,4,3,6,7,6,,,,,2,1,16,16,Completed,2.0,1.8
2024-08-14,Western & Southern Financial Group Women's Open,WTA1000,Outdoor,Hard,1st Round,3,Samsonova L.,Wang Xin.,17,39,6,4,6,4,,,,,,,2,,12,8,Completed,1.47,2.66
2024-08-14,Western & Southern Financial Group Women's Open,WTA1000,Outdoor,Hard,1st Round,3,Andreeva M.,Navarro E.,24,13,6,2,6,2,,,,,,,2,,12,4,Completed,2.11,1.72
2024-08-14,Western & Southern Financial Group Women's Open,WTA1000,Outdoor,Hard,1st Round,3,Muchova K.,Yastremska D.,35,34,7,6,6,2,,,,,,,2,,13,8,Completed,1.27,3.72
2024-08-14,Western & Southern Financial Group Women's Open,WTA1000,Outdoor,Hard,1st Round,3,Pavlyuchenkova A.,Haddad Maia B.,28,23,4,6,7,6,6,3,,,,,2,1,17,15,Completed,1.66,2.21
2024-08-15,Western & Southern Financial Group Women's Open,WTA1000,Outdoor,Hard,1st Round,3,Frech M.,Bouzkova M.,48,38,3,6,6,4,6,3,,,,,2,1,15,13,Completed,2.59,1.49
2024-08-15,Western & Southern Financial Group Women's Open,WTA1000,Outdoor,Hard,1st Round,3,Wozniacki C.,Kalinina A.,84,51,6,2,6,4,,,,,,,2,,12,6,Completed,1.48,2.64
2024-08-14,Western & Southern Financial Group Women's Open,WTA1000,Outdoor,Hard,2nd Round,3,Kostyuk M.,Sun L.,21,64,6,3,7,5,,,,,,,2,,13,8,Completed,1.44,2.76
2024-08-15,Western & Southern Financial Group Women's Open,WTA1000,Outdoor,Hard,2nd Round,3,Swiatek I.,Gracheva V.,1,69,6,0,6,7,6,2,,,,,2,1,18,9,Completed,1.03,12.48
2024-08-15,Western & Southern Financial Group Women's Open,WTA1000,Outdoor,Hard,2nd Round,3,Svitolina E.,Bouzas Maneiro J.,30,91,6,4,6,1,,,,,,,2,,12,5,Completed,1.16,5.1
2024-08-15,Western & Southern Financial Group Women's Open,WTA1000,Outdoor,Hard,2nd Round,3,Fernandez L.A.,Rybakina E.,27,4,3,6,7,6,6,4,,,,,2,1,16,16,Completed,3.19,1.35
2024-08-15,Western & Southern Financial Group Women's Open,WTA1000,Outdoor,Hard,2nd Round,3,Avanesyan E.,Ostapenko J.,60,11,2,6,6,2,6,2,,,,,2,1,14,10,Completed,2.42,1.55
2024-08-15,Western & Southern Financial Group Women's Open,WTA1000,Outdoor,Hard,2nd Round,3,Shnaider D.,Krueger A.,20,65,7,5,6,0,,,,,,,2,,13,5,Completed,1.6,2.31
2024-08-15,Western & Southern Financial Group Women's Open,WTA1000,Outdoor,Hard,2nd Round,3,Sabalenka A.,Cocciaretto E.,3,66,6,3,6,4,,,,,,,2,,12,7,Completed,1.12,6.28
2024-08-15,Western & Southern Financial Group Women's Open,WTA1000,Outdoor,Hard,2nd Round,3,Samsonova L.,Linette M.,17,43,7,6,6,1,,,,,,,2,,13,7,Completed,1.47,2.66
2024-08-15,Western & Southern Financial Group Women's Open,WTA1000,Outdoor,Hard,2nd Round,3,Townsend T.,Kasatkina D.,53,12,6,1,2,6,6,1,,,,,2,1,14,8,Completed,2.13,1.71
2024-08-15,Western & Southern Financial Group Women's Open,WTA1000,Outdoor,Hard,2nd Round,3,Putintseva Y.,Gauff C.,33,2,6,4,2,6,6,4,,,,,2,1,14,14,Completed,3.66,1.28
2024-08-15,Western & Southern Financial Group Women's Open,WTA1000,Outdoor,Hard,2nd Round,3,Badosa P.,Kalinskaya A.,37,16,6,3,6,2,,,,,,,2,,12,5,Completed,1.61,2.28
2024-08-15,Western & Southern Financial Group Women's Open,WTA1000,Outdoor,Hard,2nd Round,3,Andreeva M.,Pliskova Ka.,24,45,6,2,6,3,,,,,,,2,,12,5,Completed,1.33,3.27
2024-08-15,Western & Southern Financial Group Women's Open,WTA1000,Outdoor,Hard,2nd Round,3,Paolini J.,Potapova A.,5,44,7,6,6,3,,,,,,,2,,13,9,Completed,1.37,3.12
2024-08-16,Western & Southern Financial Group Women's Open,WTA1000,Outdoor,Hard,2nd Round,3,Pegula J.,Muchova K.,6,35,5,7,6,4,6,2,,,,,2,1,17,13,Completed,1.46,2.7
2024-08-16,Western & Southern Financial Group Women's Open,WTA1000,Outdoor,Hard,2nd Round,3,Pavlyuchenkova A.,Wozniacki C.,28,84,7,5,6,4,,,,,,,2,,13,9,Completed,2.29,1.62
2024-08-16,Western & Southern Financial Group Women's Open,WTA1000,Outdoor,Hard,2nd Round,3,Zheng Q.,Frech M.,7,48,6,1,7,5,,,,,,,2,,13,6,Completed,1.22,4.31
2024-08-16,Western & Southern Financial Group Women's Open,WTA1000,Outdoor,Hard,3rd Round,3,Samsonova L.,Avanesyan E.,17,60,4,6,6,0,6,3,,,,,2,1,16,9,Completed,1.39,2.95
2024-08-16,Western & Southern Financial Group Women's Open,WTA1000,Outdoor,Hard,3rd Round,3,Swiatek I.,Kostyuk M.,1,21,6,2,6,2,,,,,,,2,,12,4,Completed,1.09,7.18
2024-08-16,Western & Southern Financial Group Women's Open,WTA1000,Outdoor,Hard,3rd Round,3,Andreeva M.,Paolini J.,24,5,3,6,6,3,6,2,,,,,2,1,15,11,Completed,1.68,2.17
2024-08-16,Western & Southern Financial Group Women's Open,WTA1000,Outdoor,Hard,3rd Round,3,Sabalenka A.,Svitolina E.,3,30,7,5,6,2,,,,,,,2,,13,7,Completed,1.37,3.06
2024-08-16,Western & Southern Financial Group Women's Open,WTA1000,Outdoor,Hard,3rd Round,3,Fernandez L.A.,Shnaider D.,27,20,6,1,6,4,,,,,,,2,,12,5,Completed,2.2,1.66
2024-08-16,Western & Southern Financial Group Women's Open,WTA1000,Outdoor,Hard,3rd Round,3,Badosa P.,Putintseva Y.,37,33,6,4,6,4,,,,,,,2,,12,8,Completed,1.49,2.6
2024-08-17,Western & Southern Financial Group Women's Open,WTA1000,Outdoor,Hard,3rd Round,3,Pegula J.,Townsend T.,6,53,6,2,6,3,,,,,,,2,,12,5,Completed,1.41,2.87
2024-08-17,Western & Southern Financial Group Women's Open,WTA1000,Outdoor,Hard,3rd Round,3,Pavlyuchenkova A.,Zheng Q.,28,7,7,5,6,1,,,,,,,2,,13,6,Completed,3.61,1.29
2024-08-17,Western & Southern Financial Group Women's Open,WTA1000,Outdoor,Hard,Quarterfinals,3,Swiatek I.,Andreeva M.,1,24,4,6,6,3,7,5,,,,,2,1,17,14,Completed,1.18,4.97
2024-08-17,Western & Southern Financial Group Women's Open,WTA1000,Outdoor,Hard,Quarterfinals,3,Sabalenka A.,Samsonova L.,3,17,6,3,6,2,,,,,,,2,,12,5,Completed,1.33,3.27
2024-08-17,Western & Southern Financial Group Women's Open,WTA1000,Outdoor,Hard,Quarterfinals,3,Pegula J.,Fernandez L.A.,6,27,7,5,6,7,7,6,,,,,2,1,20,18,Completed,1.44,2.76
2024-08-18,Western & Southern Financial Group Women's Open,WTA1000,Outdoor,Hard,Quarterfinals,3,Badosa P.,Pavlyuchenkova A.,37,28,6,3,6,2,,,,,,,2,,12,5,Completed,1.36,3.12
2024-08-18,Western & Southern Financial Group Women's Open,WTA1000,Outdoor,Hard,Semifinals,3,Sabalenka A.,Swiatek I.,3,1,6,3,6,3,,,,,,,2,,12,6,Completed,2.5,1.52
2024-08-18,Western & Southern Financial Group Women's Open,WTA1000,Outdoor,Hard,Semifinals,3,Pegula J.,Badosa P.,6,37,6,2,3,6,6,3,,,,,2,1,15,11,Completed,1.88,1.92
2024-08-19,Western & Southern Financial Group Women's Open,WTA1000,Outdoor,Hard,The Final,3,Sabalenka A.,Pegula J.,3,6,6,3,7,5,,,,,,,2,,13,8,Completed,1.36,3.13
2024-08-19,Tennis in the Land,WTA250,Outdoor,Hard,1st Round,3,Wang Xin.,Blinkova A.,37,79,6,1,6,1,,,,,,,2,,12,2,Completed,1.39,2.94
2024-08-19,Tennis in the Land,WTA250,Outdoor,Hard,1st Round,3,Potapova A.,Parry D.,43,62,6,3,6,2,,,,,,,2,,12,5,Completed,1.57,2.39
2024-08-19,Tennis in the Land,WTA250,Outdoor,Hard,1st Round,3,Rus A.,Bronzetti L.,95,69,6,3,7,6,,,,,,,2,,13,9,Completed,2.03,1.77
2024-08-19,Tennis in the Land,WTA250,Outdoor,Hard,1st Round,3,Burel C.,Kalieva E.,58,302,6,3,6,2,,,,,,,2,,12,5,Completed,1.17,5.47
2024-08-19,Tennis in the Land,WTA250,Outdoor,Hard,1st Round,3,Kessler M.,Scott K.,98,299,6,1,4,6,6,4,,,,,2,1,16,11,Completed,1.29,3.54
2024-08-19,Tennis in the Land,WTA250,Outdoor,Hard,1st Round,3,Tauson C.,Schmiedlova A.,65,84,3,6,6,3,6,2,,,,,2,1,15,11,Completed,1.48,2.61
2024-08-19,Tennis in the Land,WTA250,Outdoor,Hard,1st Round,3,Bucsa C.,Trevisan M.,72,91,6,2,6,4,,,,,,,2,,12,6,Completed,1.83,1.94
2024-08-19,Tennis in the Land,WTA250,Outdoor,Hard,1st Round,3,Tomova V.,Davis L.,50,404,6,1,6,4,,,,,,,2,,12,5,Completed,1.36,3.14
2024-08-20,Tennis in the Land,WTA250,Outdoor,Hard,1st Round,3,Kenin S.,Volynets K.,55,59,6,2,2,6,7,5,,,,,2,1,15,13,Completed,2.17,1.67
2024-08-20,Tennis in the Land,WTA250,Outdoor,Hard,1st Round,3,Siniakova K.,Ishii S.,36,284,6,7,6,3,7,6,,,,,2,1,19,16,Completed,1.14,5.48
2024-08-20,Tennis in the Land,WTA250,Outdoor,Hard,1st Round,3,Bouzas Maneiro J.,Gracheva V.,80,66,4,6,6,3,6,2,,,,,2,1,16,11,Completed,2.08,1.74
2024-08-20,Tennis in the Land,WTA250,Outdoor,Hard,1st Round,3,Sorribes Tormo S.,Wang Y.,73,78,6,4,6,1,,,,,,,2,,12,5,Completed,2.51,1.51
2024-08-20,Tennis in the Land,WTA250,Outdoor,Hard,1st Round,3,Stearns P.,Uchijima M.,47,63,6,0,1,6,6,1,,,,,2,1,13,7,Completed,1.32,3.3
2024-08-20,Tennis in the Land,WTA250,Outdoor,Hard,1st Round,3,Minnen G.,Cristian J.,75,68,6,3,7,6,,,,,,,2,,13,9,Completed,1.68,2.15
2024-08-20,Tennis in the Land,WTA250,Outdoor,Hard,1st Round,3,Bogdan A.,Fernandez L.A.,103,24,1,6,7,6,6,2,,,,,2,1,14,14,Completed,3.6,1.28
2024-08-20,Tennis in the Land,WTA250,Outdoor,Hard,1st Round,3,Haddad Maia B.,Golubic V.,23,74,6,3,7,5,,,,,,,2,,13,8,Completed,1.44,2.73
2024-08-21,Tennis in the Land,WTA250,Outdoor,Hard,2nd Round,3,Rus A.,Tomova V.,95,50,6,3,6,3,,,,,,,2,,12,6,Completed,1.86,1.92
2024-08-21,Tennis in the Land,WTA250,Outdoor,Hard,2nd Round,3,Kessler M.,Wang Xin.,98,37,3,6,6,4,6,2,,,,,2,1,15,12,Completed,2.7,1.45
2024-08-21,Tennis in the Land,WTA250,Outdoor,Hard,2nd Round,3,Bogdan A.,Minnen G.,103,75,7,6,6,3,,,,,,,2,,13,9,Completed,1.81,1.97
2024-08-21,Tennis in the Land,WTA250,Outdoor,Hard,2nd Round,3,Potapova A.,Tauson C.,43,65,6,2,6,2,,,,,,,2,,12,4,Completed,1.63,2.24
2024-08-21,Tennis in the Land,WTA250,Outdoor,Hard,2nd Round,3,Haddad Maia B.,Bucsa C.,23,72,6,2,6,1,,,,,,,2,,12,3,Completed,1.33,3.24
2024-08-21,Tennis in the Land,WTA250,Outdoor,Hard,2nd Round,3,Siniakova K.,Bouzas Maneiro J.,36,80,2,6,6,4,7,6,,,,,2,1,15,16,Completed,1.54,2.42
2024-08-21,Tennis in the Land,WTA250,Outdoor,Hard,2nd Round,3,Burel C.,Kenin S.,58,55,6,4,6,3,,,,,,,2,,12,7,Completed,1.88,1.9
2024-08-22,Tennis in the Land,WTA250,Outdoor,Hard,2nd Round,3,Stearns P.,Sorribes Tormo S.,47,73,6,3,6,2,,,,,,,2,,12,5,Completed,1.37,3.01
2024-08-22,Tennis in the Land,WTA250,Outdoor,Hard,Quarterfinals,3,Potapova A.,Bogdan A.,43,103,6,2,6,1,,,,,,,2,,12,3,Completed,1.54,2.45
2024-08-22,Tennis in the Land,WTA250,Outdoor,Hard,Quarterfinals,3,Kessler M.,Rus A.,98,95,6,4,6,2,,,,,,,2,,12,6,Completed,1.89,1.89
2024-08-22,Tennis in the Land,WTA250,Outdoor,Hard,Quarterfinals,3,Haddad Maia B.,Burel C.,23,58,6,2,6,2,,,,,,,2,,12,4,Completed,1.51,2.53
2024-08-22,Tennis in the Land,WTA250,Outdoor,Hard,Quarterfinals,3,Siniakova K.,Stearns P.,36,47,1,6,6,3,6,4,,,,,2,1,13,13,Completed,2.43,1.55
2024-08-23,Tennis in the Land,WTA250,Outdoor,Hard,Semifinals,3,Kessler M.,Potapova A.,98,43,4,6,6,3,6,3,,,,,2,1,16,12,Completed,2.54,1.52
2024-08-24,Tennis in the Land,WTA250,Outdoor,Hard,Semifinals,3,Haddad Maia B.,Siniakova K.,23,36,6,3,2,6,6,2,,,,,2,1,14,11,Completed,1.62,2.28
2024-08-24,Tennis in the Land,WTA250,Outdoor,Hard,The Final,3,Kessler M.,Haddad Maia B.,98,23,1,6,6,1,7,5,,,,,2,1,14,12,Completed,2.67,1.48
2024-08-19,Monterrey Open,WTA500,Outdoor,Hard,1st Round,3,Andreeva E.,Kalinina A.,89,54,6,1,6,4,,,,,,,2,,12,5,Completed,2.13,1.7
2024-08-19,Monterrey Open,WTA500,Outdoor,Hard,1st Round,3,Carle M.,Kudermetova V.,86,44,1,6,7,5,6,4,,,,,2,1,14,15,Completed,2.7,1.45
2024-08-20,Monterrey Open,WTA500,Outdoor,Hard,1st Round,3,Glushko L.,Bondarenko K.,277,325,6,3,3,6,6,3,,,,,2,1,15,12,Completed,1.74,2.07
2024-08-20,Monterrey Open,WTA500,Outdoor,Hard,1st Round,3,Sun L.,Paquet C.,57,96,7,6,6,3,,,,,,,2,,13,9,Completed,1.34,3.19
2024-08-20,Monterrey Open,WTA500,Outdoor,Hard,1st Round,3,Osorio M.,Tomljanovic A.,88,119,6,2,7,6,,,,,,,2,,13,8,Completed,1.82,1.97
2024-08-20,Monterrey Open,WTA500,Outdoor,Hard,1st Round,3,Avanesyan E.,Cocciaretto E.,51,64,7,6,6,1,,,,,,,2,,13,7,Completed,1.85,1.93
2024-08-20,Monterrey Open,WTA500,Outdoor,Hard,1st Round,3,Martic P.,Zhao C.,105,268,7,6,3,6,6,2,,,,,2,1,16,14,Completed,1.14,5.5
2024-08-20,Monterrey Open,WTA500,Outdoor,Hard,1st Round,3,Noskova L.,Danilina A.,35,958,6,0,6,1,,,,,,,2,,12,1,Completed,1.05,9.98
2024-08-20,Monterrey Open,WTA500,Outdoor,Hard,1st Round,3,Zarazua R.,Rodriguez V.,97,300,6,1,6,4,,,,,,,2,,12,5,Completed,1.13,5.78
2024-08-21,Monterrey Open,WTA500,Outdoor,Hard,1st Round,3,Yuan Y.,Krunic A.,38,318,4,6,6,2,6,3,,,,,2,1,16,11,Completed,1.3,3.42
2024-08-21,Monterrey Open,WTA500,Outdoor,Hard,1st Round,3,Frech M.,Podoroska N.,45,67,6,4,4,6,6,4,,,,,2,1,16,14,Completed,1.44,2.74
2024-08-21,Monterrey Open,WTA500,Outdoor,Hard,1st Round,3,Wang Xiy.,Maria T.,56,87,6,0,6,3,,,,,,,2,,12,3,Completed,1.32,3.33
2024-08-21,Monterrey Open,WTA500,Outdoor,Hard,2nd Round,3,Andreeva E.,Collins D.,89,11,1,6,6,3,6,3,,,,,2,1,13,12,Completed,3.79,1.26
2024-08-21,Monterrey Open,WTA500,Outdoor,Hard,2nd Round,3,Sun L.,Carle M.,57,86,6,3,2,6,7,6,,,,,2,1,15,15,Completed,1.34,3.24
2024-08-21,Monterrey Open,WTA500,Outdoor,Hard,2nd Round,3,Yuan Y.,Martic P.,38,105,6,4,6,1,,,,,,,2,,12,5,Completed,1.71,2.11
2024-08-22,Monterrey Open,WTA500,Outdoor,Hard,2nd Round,3,Noskova L.,Wang Xiy.,35,56,6,4,7,6,,,,,,,2,,13,10,Completed,1.64,2.22
2024-08-22,Monterrey Open,WTA500,Outdoor,Hard,2nd Round,3,Svitolina E.,Avanesyan E.,28,51,6,4,6,3,,,,,,,2,,12,7,Completed,1.34,3.19
2024-08-22,Monterrey Open,WTA500,Outdoor,Hard,2nd Round,3,Frech M.,Glushko L.,45,277,6,7,6,3,6,1,,,,,2,1,18,11,Completed,1.12,6.15
2024-08-22,Monterrey Open,WTA500,Outdoor,Hard,2nd Round,3,Alexandrova E.,Zarazua R.,30,97,6,3,6,4,,,,,,,2,,12,7,Completed,1.51,2.53
2024-08-22,Monterrey Open,WTA500,Outdoor,Hard,2nd Round,3,Navarro E.,Osorio M.,13,88,3,6,7,5,7,6,,,,,2,1,17,17,Completed,1.29,3.58
2024-08-22,Monterrey Open,WTA500,Outdoor,Hard,Quarterfinals,3,Sun L.,Andreeva E.,57,89,6,4,6,3,,,,,,,2,,12,7,Completed,1.84,1.94
2024-08-23,Monterrey Open,WTA500,Outdoor,Hard,Quarterfinals,3,Alexandrova E.,Yuan Y.,30,38,7,5,7,6,,,,,,,2,,14,11,Completed,1.69,2.13
2024-08-23,Monterrey Open,WTA500,Outdoor,Hard,Quarterfinals,3,Navarro E.,Frech M.,13,45,6,7,6,0,6,2,,,,,2,1,18,9,Completed,1.28,3.59
2024-08-23,Monterrey Open,WTA500,Outdoor,Hard,Quarterfinals,3,Noskova L.,Svitolina E.,35,28,6,4,6,4,,,,,,,2,,12,8,Completed,2.72,1.45
2024-08-24,Monterrey Open,WTA500,Outdoor,Hard,Semifinals,3,Sun L.,Alexandrova E.,57,30,7,5,3,6,7,6,,,,,2,1,17,17,Completed,2.2,1.67
2024-08-24,Monterrey Open,WTA500,Outdoor,Hard,Semifinals,3,Noskova L.,Navarro E.,35,13,7,6,7,5,,,,,,,2,,14,11,Completed,2.12,1.72
2024-08-25,Monterrey Open,WTA500,Outdoor,Hard,The Final,3,Noskova L.,Sun L.,35,57,7,6,6,4,,,,,,,2,,13,10,Completed,1.4,2.91
2024-08-26,US Open,Grand Slam,Outdoor,Hard,1st Round,3,Niemeier J.,Yastremska D.,101,34,6,4,6,7,6,4,,,,,2,1,18,15,Completed,2.62,1.5
2024-08-26,US Open,Grand Slam,Outdoor,Hard,1st Round,3,Kasatkina D.,Cristian J.,13,69,6,2,6,4,,,,,,,2,,12,6,Completed,1.25,3.98
2024-08-26,US Open,Grand Slam,Outdoor,Hard,1st Round,3,Andreeva E.,Yuan Y.,75,37,6,3,7,6,,,,,,,2,,13,9,Completed,2.18,1.7
2024-08-26,US Open,Grand Slam,Outdoor,Hard,1st Round,3,Svitolina E.,Carle M.,28,83,3,6,6,3,6,4,,,,,2,1,15,13,Completed,1.08,8.39
2024-08-26,US Open,Grand Slam,Outdoor,Hard,1st Round,3,Zheng Q.,Anisimova A.,7,50,4,6,6,4,6,2,,,,,2,1,16,12,Completed,1.52,2.56
2024-08-26,US Open,Grand Slam,Outdoor,Hard,1st Round,3,Vekic D.,Birrell K.,24,147,6,4,6,4,,,,,,,2,,12,8,Completed,1.18,4.87
2024-08-26,US Open,Grand Slam,Outdoor,Hard,1st Round,3,Wang Y.,Sakkari M.,80,9,6,2,,,,,,,,,1,,6,2,Retired,3.49,1.31
2024-08-26,US Open,Grand Slam,Outdoor,Hard,1st Round,3,Parry D.,Wang Xiy.,60,53,7,6,7,6,,,,,,,2,,14,12,Completed,2.61,1.5
2024-08-26,US Open,Grand Slam,Outdoor,Hard,1st Round,3,Minnen G.,Frech M.,70,43,7,5,7,5,,,,,,,2,,14,10,Completed,2.22,1.67
2024-08-26,US Open,Grand Slam,Outdoor,Hard,1st Round,3,Kalinina A.,Dodin O.,55,86,6,1,3,6,6,1,,,,,2,1,15,8,Completed,1.15,5.64
2024-08-26,US Open,Grand Slam,Outdoor,Hard,1st Round,3,Maria T.,Sierra S.,99,158,6,2,6,3,,,,,,,2,,12,5,Completed,2.17,1.7
2024-08-26,US Open,Grand Slam,Outdoor,Hard,1st Round,3,Badosa P.,Golubic V.,29,73,6,0,6,3,,,,,,,2,,12,3,Completed,1.06,9.89
2024-08-26,US Open,Grand Slam,Outdoor,Hard,1st Round,3,Gauff C.,Gracheva V.,3,66,6,2,6,0,,,,,,,2,,12,2,Completed,1.05,11.17
2024-08-26,US Open,Grand Slam,Outdoor,Hard,1st Round,3,Joint M.,Siegemund L.,135,94,6,4,7,5,,,,,,,2,,13,9,Completed,1.48,2.66
2024-08-26,US Open,Grand Slam,Outdoor,Hard,1st Round,3,Uchijima M.,Korpatsch T.,64,111,3,6,6,3,6,4,,,,,2,1,15,13,Completed,1.33,3.38
2024-08-26,US Open,Grand Slam,Outdoor,Hard,1st Round,3,Stearns P.,Tsurenko L.,47,85,6,1,7,5,,,,,,,2,,13,6,Completed,1.22,4.35
2024-08-26,US Open,Grand Slam,Outdoor,Hard,1st Round,3,Townsend T.,Trevisan M.,48,90,6,2,7,5,,,,,,,2,,13,7,Completed,1.13,6.11
2024-08-26,US Open,Grand Slam,Outdoor,Hard,1st Round,3,Mertens E.,Kudermetova V.,35,46,3,6,6,4,6,3,,,,,2,1,15,13,Completed,1.56,2.42
2024-08-26,US Open,Grand Slam,Outdoor,Hard,1st Round,3,Keys M.,Siniakova K.,14,36,6,4,6,1,,,,,,,2,,12,5,Completed,1.42,2.9
2024-08-26,US Open,Grand Slam,Outdoor,Hard,1st Round,3,Tomljanovic A.,Li A.,118,128,6,4,6,4,,,,,,,2,,12,8,Completed,1.79,2.01
2024-08-26,US Open,Grand Slam,Outdoor,Hard,1st Round,3,Rus A.,Bogdan A.,93,91,6,4,7,6,,,,,,,2,,13,10,Completed,2.15,1.71
2024-08-26,US Open,Grand Slam,Outdoor,Hard,1st Round,3,Kostyuk M.,Kessler M.,19,63,6,2,6,3,,,,,,,2,,12,5,Completed,1.38,3.05
2024-08-26,US Open,Grand Slam,Outdoor,Hard,1st Round,3,Jovic I.,Linette M.,389,42,6,4,6,3,,,,,,,2,,12,7,Completed,4.64,1.2
2024-08-26,US Open,Grand Slam,Outdoor,Hard,1st Round,3,Navarro E.,Blinkova A.,12,81,6,1,6,1,,,,,,,2,,12,2,Completed,1.14,5.93
2024-08-26,US Open,Grand Slam,Outdoor,Hard,1st Round,3,Krejcikova B.,Bassols M.,8,114,7,6,6,2,,,,,,,2,,13,8,Completed,1.13,6.1
2024-08-27,US Open,Grand Slam,Outdoor,Hard,1st Round,3,Azarenka V.,Starodubtseva Y.,20,146,3,6,6,1,6,1,,,,,2,1,15,8,Completed,1.24,4.08
2024-08-27,US Open,Grand Slam,Outdoor,Hard,1st Round,3,Dart H.,Paquet C.,78,97,6,1,6,2,,,,,,,2,,12,3,Completed,1.46,2.72
2024-08-27,US Open,Grand Slam,Outdoor,Hard,1st Round,3,Burel C.,Stephens S.,56,62,0,6,7,5,7,5,,,,,2,1,14,16,Completed,1.81,2.01
2024-08-27,US Open,Grand Slam,Outdoor,Hard,1st Round,3,Ruse E.G.,Grabher J.,122,1023,6,2,6,4,,,,,,,2,,12,6,Completed,1.06,10.12
2024-08-27,US Open,Grand Slam,Outdoor,Hard,1st Round,3,Alexandrova E.,Tomova V.,31,58,6,7,6,0,7,5,,,,,2,1,19,12,Completed,1.43,2.82
2024-08-27,US Open,Grand Slam,Outdoor,Hard,1st Round,3,Bronzetti L.,Sun L.,76,41,6,3,,,,,,,,,1,,6,3,Retired,2.61,1.49
2024-08-27,US Open,Grand Slam,Outdoor,Hard,1st Round,3,Sabalenka A.,Hon P.,2,203,6,3,6,3,,,,,,,2,,12,6,Completed,1.02,19.2
2024-08-27,US Open,Grand Slam,Outdoor,Hard,1st Round,3,Muchova K.,Volynets K.,52,57,6,3,7,5,,,,,,,2,,13,8,Completed,1.28,3.77
2024-08-27,US Open,Grand Slam,Outdoor,Hard,1st Round,3,Pavlyuchenkova A.,Preston T.,27,145,6,2,6,0,,,,,,,2,,12,2,Completed,1.11,6.93
2024-08-27,US Open,Grand Slam,Outdoor,Hard,1st Round,3,Dolehide C.,Collins D.,49,11,1,6,7,5,6,4,,,,,2,1,14,15,Completed,5.42,1.16
2024-08-27,US Open,Grand Slam,Outdoor,Hard,1st Round,3,Errani S.,Bucsa C.,96,77,3,6,6,0,6,4,,,,,2,1,15,10,Completed,2.51,1.53
2024-08-27,US Open,Grand Slam,Outdoor,Hard,1st Round,3,Krueger A.,Zhang S.,59,643,0,6,6,1,7,5,,,,,2,1,13,12,Completed,1.05,11.12
2024-08-27,US Open,Grand Slam,Outdoor,Hard,1st Round,3,Ponchet J.,Zheng S.,143,1294,6,4,6,1,,,,,,,2,,12,5,Completed,1.1,7.06
2024-08-27,US Open,Grand Slam,Outdoor,Hard,1st Round,3,Boulter K.,Sasnovich A.,33,107,5,7,6,2,6,1,,,,,2,1,17,10,Completed,1.58,2.38
2024-08-27,US Open,Grand Slam,Outdoor,Hard,1st Round,3,Shibahara E.,Saville D.,217,95,6,3,4,6,7,6,,,,,2,1,17,15,Completed,1.99,1.82
2024-08-27,US Open,Grand Slam,Outdoor,Hard,1st Round,3,Swiatek I.,Rakhimova K.,1,104,6,4,7,6,,,,,,,2,,13,10,Completed,1.02,16.9
2024-08-27,US Open,Grand Slam,Outdoor,Hard,1st Round,3,Cocciaretto E.,Baindl K.,65,329,6,3,6,0,,,,,,,2,,12,3,Completed,1.18,4.89
2024-08-27,US Open,Grand Slam,Outdoor,Hard,1st Round,3,Andreeva M.,Osorio M.,23,82,6,2,7,6,,,,,,,2,,13,8,Completed,1.17,5.18
2024-08-27,US Open,Grand Slam,Outdoor,Hard,1st Round,3,Wozniacki C.,Hibino N.,71,155,6,0,6,1,,,,,,,2,,12,1,Completed,1.21,4.41
2024-08-27,US Open,Grand Slam,Outdoor,Hard,1st Round,3,Osaka N.,Ostapenko J.,88,10,6,3,6,2,,,,,,,2,,12,5,Completed,1.64,2.26
2024-08-27,US Open,Grand Slam,Outdoor,Hard,1st Round,3,Zarazua R.,Garcia C.,92,30,6,1,6,4,,,,,,,2,,12,5,Completed,2.57,1.51
2024-08-27,US Open,Grand Slam,Outdoor,Hard,1st Round,3,Kalinskaya A.,Davis L.,15,408,6,2,6,2,,,,,,,2,,12,4,Completed,1.08,8.09
2024-08-27,US Open,Grand Slam,Outdoor,Hard,1st Round,3,Bouzas Maneiro J.,Martic P.,74,98,6,3,6,0,,,,,,,2,,12,3,Completed,1.6,2.35
2024-08-27,US Open,Grand Slam,Outdoor,Hard,1st Round,3,Bondar A.,Pera B.,84,79,6,3,3,6,6,3,,,,,2,1,15,12,Completed,2.18,1.69
2024-08-27,US Open,Grand Slam,Outdoor,Hard,1st Round,3,Rybakina E.,Aiava D.,4,194,6,1,7,6,,,,,,,2,,13,7,Completed,1.03,12.84
2024-08-27,US Open,Grand Slam,Outdoor,Hard,1st Round,3,Wang Xin.,Rodionova Ar.,40,119,3,6,6,4,6,1,,,,,2,1,15,11,Completed,1.14,5.79
2024-08-27,US Open,Grand Slam,Outdoor,Hard,1st Round,3,Tauson C.,Schmiedlova A.,67,87,1,6,7,6,6,2,,,,,2,1,14,14,Completed,1.58,2.39
2024-08-27,US Open,Grand Slam,Outdoor,Hard,1st Round,3,Pliskova Ka.,Sherif M.,44,89,6,3,0,6,7,5,,,,,2,1,13,14,Completed,1.35,3.22
2024-08-27,US Open,Grand Slam,Outdoor,Hard,1st Round,3,Potapova A.,Fernandez L.A.,38,26,2,6,6,4,7,5,,,,,2,1,15,15,Completed,2.56,1.52
2024-08-27,US Open,Grand Slam,Outdoor,Hard,1st Round,3,Lepchenko V.,Fruhvirtova B.,199,106,2,1,,,,,,,,,,,2,1,Retired,2.32,1.62
2024-08-27,US Open,Grand Slam,Outdoor,Hard,1st Round,3,Sorribes Tormo S.,Noel A.,115,784,6,1,6,3,,,,,,,2,,12,4,Completed,1.12,6.31
2024-08-27,US Open,Grand Slam,Outdoor,Hard,1st Round,3,Shnaider D.,Podoroska N.,18,68,6,0,6,1,,,,,,,2,,12,1,Completed,1.14,5.68
2024-08-27,US Open,Grand Slam,Outdoor,Hard,1st Round,3,Samsonova L.,Wang Q.,16,438,6,2,7,5,,,,,,,2,,13,7,Completed,1.06,10.21
2024-08-27,US Open,Grand Slam,Outdoor,Hard,1st Round,3,Bouzkova M.,Lys E.,45,112,6,2,1,6,7,5,,,,,2,1,14,13,Completed,1.42,2.86
2024-08-27,US Open,Grand Slam,Outdoor,Hard,1st Round,3,Haddad Maia B.,Avanesyan E.,21,51,4,6,6,0,6,2,,,,,2,1,16,8,Completed,1.61,2.32
2024-08-28,US Open,Grand Slam,Outdoor,Hard,1st Round,3,Putintseva Y.,Noskova L.,32,25,7,6,6,4,,,,,,,2,,13,10,Completed,1.88,1.93
2024-08-28,US Open,Grand Slam,Outdoor,Hard,1st Round,3,Paolini J.,Andreescu B.,5,167,6,7,6,2,6,4,,,,,2,1,18,13,Completed,1.52,2.54
2024-08-28,US Open,Grand Slam,Outdoor,Hard,1st Round,3,Kenin S.,Raducanu E.,54,72,6,1,3,6,6,4,,,,,2,1,15,11,Completed,3.75,1.28
2024-08-28,US Open,Grand Slam,Outdoor,Hard,1st Round,3,Pegula J.,Rogers S.,6,356,6,4,6,3,,,,,,,2,,12,7,Completed,1.04,12.02
2024-08-28,US Open,Grand Slam,Outdoor,Hard,2nd Round,3,Badosa P.,Townsend T.,29,48,6,3,7,5,,,,,,,2,,13,8,Completed,1.41,2.87
2024-08-28,US Open,Grand Slam,Outdoor,Hard,2nd Round,3,Mertens E.,Tomljanovic A.,35,118,6,3,6,2,,,,,,,2,,12,5,Completed,1.38,3.03
2024-08-28,US Open,Grand Slam,Outdoor,Hard,2nd Round,3,Niemeier J.,Uchijima M.,101,64,6,4,6,0,,,,,,,2,,12,4,Completed,1.79,2.01
2024-08-28,US Open,Grand Slam,Outdoor,Hard,2nd Round,3,Ruse E.G.,Krejcikova B.,122,8,6,4,7,5,,,,,,,2,,13,9,Completed,3.44,1.31
2024-08-28,US Open,Grand Slam,Outdoor,Hard,2nd Round,3,Keys M.,Joint M.,14,135,6,4,6,0,,,,,,,2,,12,4,Completed,1.15,5.3
2024-08-28,US Open,Grand Slam,Outdoor,Hard,2nd Round,3,Zheng Q.,Andreeva E.,7,75,6,7,6,1,6,2,,,,,2,1,18,10,Completed,1.15,5.36
2024-08-28,US Open,Grand Slam,Outdoor,Hard,2nd Round,3,Wang Y.,Parry D.,80,60,6,0,6,4,,,,,,,2,,12,4,Completed,1.69,2.19
2024-08-28,US Open,Grand Slam,Outdoor,Hard,2nd Round,3,Kostyuk M.,Dart H.,19,78,7,6,6,1,,,,,,,2,,13,7,Completed,1.2,4.69
2024-08-28,US Open,Grand Slam,Outdoor,Hard,2nd Round,3,Alexandrova E.,Jovic I.,31,389,4,6,6,4,7,5,,,,,2,1,17,15,Completed,1.32,3.33
2024-08-28,US Open,Grand Slam,Outdoor,Hard,2nd Round,3,Sabalenka A.,Bronzetti L.,2,76,6,3,6,1,,,,,,,2,,12,4,Completed,1.03,12.7
2024-08-28,US Open,Grand Slam,Outdoor,Hard,2nd Round,3,Navarro E.,Rus A.,12,93,6,1,6,1,,,,,,,2,,12,2,Completed,1.13,6.04
2024-08-28,US Open,Grand Slam,Outdoor,Hard,2nd Round,3,Vekic D.,Minnen G.,24,70,7,5,6,1,,,,,,,2,,13,6,Completed,1.3,3.46
2024-08-29,US Open,Grand Slam,Outdoor,Hard,2nd Round,3,Azarenka V.,Burel C.,20,56,6,1,6,4,,,,,,,2,,12,5,Completed,1.22,4.4
2024-08-29,US Open,Grand Slam,Outdoor,Hard,2nd Round,3,Gauff C.,Maria T.,3,99,6,4,6,0,,,,,,,2,,12,4,Completed,1.02,15.71
2024-08-29,US Open,Grand Slam,Outdoor,Hard,2nd Round,3,Svitolina E.,Kalinina A.,28,55,6,1,6,2,,,,,,,2,,12,3,Completed,1.21,4.3
2024-08-29,US Open,Grand Slam,Outdoor,Hard,2nd Round,3,Stearns P.,Kasatkina D.,47,13,6,1,7,6,,,,,,,2,,13,7,Completed,1.99,1.79
2024-08-29,US Open,Grand Slam,Outdoor,Hard,2nd Round,3,Kalinskaya A.,Bondar A.,15,84,6,2,6,4,,,,,,,2,,12,6,Completed,1.14,5.74
2024-08-29,US Open,Grand Slam,Outdoor,Hard,2nd Round,3,Shnaider D.,Tauson C.,18,67,6,4,6,4,,,,,,,2,,12,8,Completed,1.25,4.02
2024-08-29,US Open,Grand Slam,Outdoor,Hard,2nd Round,3,Putintseva Y.,Wang Xin.,32,40,6,1,7,6,,,,,,,2,,13,7,Completed,1.44,2.81
2024-08-29,US Open,Grand Slam,Outdoor,Hard,2nd Round,3,Bouzas Maneiro J.,Boulter K.,74,33,7,5,7,5,,,,,,,2,,14,10,Completed,2.51,1.53
2024-08-29,US Open,Grand Slam,Outdoor,Hard,2nd Round,3,Errani S.,Dolehide C.,96,49,7,5,7,5,,,,,,,2,,14,10,Completed,3.6,1.3
2024-08-29,US Open,Grand Slam,Outdoor,Hard,2nd Round,3,Samsonova L.,Bouzkova M.,16,45,3,6,7,6,6,3,,,,,2,1,16,15,Completed,1.58,2.39
2024-08-29,US Open,Grand Slam,Outdoor,Hard,2nd Round,3,Krueger A.,Andreeva M.,59,23,6,1,6,4,,,,,,,2,,12,5,Completed,4.26,1.23
2024-08-29,US Open,Grand Slam,Outdoor,Hard,2nd Round,3,Haddad Maia B.,Sorribes Tormo S.,21,115,6,2,6,1,,,,,,,2,,12,3,Completed,1.27,3.79
2024-08-29,US Open,Grand Slam,Outdoor,Hard,2nd Round,3,Potapova A.,Lepchenko V.,38,199,6,3,6,4,,,,,,,2,,12,7,Completed,1.17,5.14
2024-08-29,US Open,Grand Slam,Outdoor,Hard,2nd Round,3,Swiatek I.,Shibahara E.,1,217,6,0,6,1,,,,,,,2,,12,1,Completed,1.01,20.75
2024-08-29,US Open,Grand Slam,Outdoor,Hard,2nd Round,3,Pegula J.,Kenin S.,6,54,7,6,6,3,,,,,,,2,,13,9,Completed,1.13,6.08
2024-08-29,US Open,Grand Slam,Outdoor,Hard,2nd Round,3,Pavlyuchenkova A.,Cocciaretto E.,27,65,5,7,6,1,6,2,,,,,2,1,17,10,Completed,1.51,2.59
2024-08-30,US Open,Grand Slam,Outdoor,Hard,2nd Round,3,Muchova K.,Osaka N.,52,88,6,3,7,6,,,,,,,2,,13,9,Completed,2.13,1.72
2024-08-30,US Open,Grand Slam,Outdoor,Hard,2nd Round,3,Wozniacki C.,Zarazua R.,71,92,6,3,6,3,,,,,,,2,,12,6,Completed,1.17,5.21
2024-08-30,US Open,Grand Slam,Outdoor,Hard,3rd Round,3,Badosa P.,Ruse E.G.,29,122,4,6,6,1,7,6,,,,,2,1,17,13,Completed,1.18,4.92
2024-08-30,US Open,Grand Slam,Outdoor,Hard,3rd Round,3,Zheng Q.,Niemeier J.,7,101,6,2,6,1,,,,,,,2,,12,3,Completed,1.11,6.75
2024-08-30,US Open,Grand Slam,Outdoor,Hard,3rd Round,3,Gauff C.,Svitolina E.,3,28,3,6,6,3,6,3,,,,,2,1,15,12,Completed,1.43,2.87
2024-08-30,US Open,Grand Slam,Outdoor,Hard,3rd Round,3,Wang Y.,Azarenka V.,80,20,6,4,3,6,6,1,,,,,2,1,15,11,Completed,3.69,1.29
2024-08-30,US Open,Grand Slam,Outdoor,Hard,3rd Round,3,Navarro E.,Kostyuk M.,12,19,6,4,4,6,6,3,,,,,2,1,16,13,Completed,1.58,2.39
2024-08-30,US Open,Grand Slam,Outdoor,Hard,3rd Round,3,Vekic D.,Stearns P.,24,47,7,5,6,4,,,,,,,2,,13,9,Completed,1.64,2.26
2024-08-31,US Open,Grand Slam,Outdoor,Hard,3rd Round,3,Mertens E.,Keys M.,35,14,6,7,7,5,6,4,,,,,2,1,19,16,Completed,2.91,1.41
2024-08-31,US Open,Grand Slam,Outdoor,Hard,3rd Round,3,Sabalenka A.,Alexandrova E.,2,31,2,6,6,1,6,2,,,,,2,1,14,9,Completed,1.09,7.95
2024-08-31,US Open,Grand Slam,Outdoor,Hard,3rd Round,3,Muchova K.,Potapova A.,52,38,6,4,6,2,,,,,,,2,,12,6,Completed,1.37,3.08
2024-08-31,US Open,Grand Slam,Outdoor,Hard,3rd Round,3,Paolini J.,Putintseva Y.,5,32,6,3,6,4,,,,,,,2,,12,7,Completed,1.66,2.24
2024-08-31,US Open,Grand Slam,Outdoor,Hard,3rd Round,3,Pegula J.,Bouzas Maneiro J.,6,74,6,3,6,3,,,,,,,2,,12,6,Completed,1.11,6.58
2024-08-31,US Open,Grand Slam,Outdoor,Hard,3rd Round,3,Shnaider D.,Errani S.,18,96,6,2,6,2,,,,,,,2,,12,4,Completed,1.09,7.69
2024-08-31,US Open,Grand Slam,Outdoor,Hard,3rd Round,3,Samsonova L.,Krueger A.,16,59,6,1,6,1,,,,,,,2,,12,2,Completed,1.59,2.35
2024-08-31,US Open,Grand Slam,Outdoor,Hard,3rd Round,3,Wozniacki C.,Ponchet J.,71,143,6,3,6,2,,,,,,,2,,12,5,Completed,1.11,6.64
2024-09-01,US Open,Grand Slam,Outdoor,Hard,3rd Round,3,Swiatek I.,Pavlyuchenkova A.,1,27,6,4,6,2,,,,,,,2,,12,6,Completed,1.08,8.25
2024-09-01,US Open,Grand Slam,Outdoor,Hard,3rd Round,3,Haddad Maia B.,Kalinskaya A.,21,15,6,3,6,1,,,,,,,2,,12,4,Completed,2.57,1.51
2024-09-01,US Open,Grand Slam,Outdoor,Hard,4th Round,3,Badosa P.,Wang Y.,29,80,6,1,6,2,,,,,,,2,,12,3,Completed,1.22,4.28
2024-09-01,US Open,Grand Slam,Outdoor,Hard,4th Round,3,Navarro E.,Gauff C.,12,3,6,3,4,6,6,3,,,,,2,1,16,12,Completed,2.74,1.45
2024-09-02,US Open,Grand Slam,Outdoor,Hard,4th Round,3,Sabalenka A.,Mertens E.,2,35,6,2,6,4,,,,,,,2,,12,6,Completed,1.11,6.91
2024-09-02,US Open,Grand Slam,Outdoor,Hard,4th Round,3,Zheng Q.,Vekic D.,7,24,7,6,4,6,6,2,,,,,2,1,17,14,Completed,1.45,2.77
2024-09-02,US Open,Grand Slam,Outdoor,Hard,4th Round,3,Muchova K.,Paolini J.,52,5,6,3,6,3,,,,,,,2,,12,6,Completed,1.6,2.35
2024-09-02,US Open,Grand Slam,Outdoor,Hard,4th Round,3,Pegula J.,Shnaider D.,6,18,6,4,6,2,,,,,,,2,,12,6,Completed,1.48,2.69
2024-09-02,US Open,Grand Slam,Outdoor,Hard,4th Round,3,Haddad Maia B.,Wozniacki C.,21,71,6,2,3,6,6,3,,,,,2,1,15,11,Completed,2.03,1.8
2024-09-03,US Open,Grand Slam,Outdoor,Hard,4th Round,3,Swiatek I.,Samsonova L.,1,16,6,4,6,1,,,,,,,2,,12,5,Completed,1.1,7.44
2024-09-03,US Open,Grand Slam,Outdoor,Hard,Quarterfinals,3,Navarro E.,Badosa P.,12,29,6,2,7,5,,,,,,,2,,13,7,Completed,2.05,1.78
2024-09-04,US Open,Grand Slam,Outdoor,Hard,Quarterfinals,3,Sabalenka A.,Zheng Q.,2,7,6,1,6,2,,,,,,,2,,12,3,Completed,1.29,3.68
2024-09-04,US Open,Grand Slam,Outdoor,Hard,Quarterfinals,3,Muchova K.,Haddad Maia B.,52,21,6,1,6,4,,,,,,,2,,12,5,Completed,1.32,3.38
2024-09-05,US Open,Grand Slam,Outdoor,Hard,Quarterfinals,3,Pegula J.,Swiatek I.,6,1,6,2,6,4,,,,,,,2,,12,6,Completed,3.6,1.3
2024-09-06,US Open,Grand Slam,Outdoor,Hard,Semifinals,3,Sabalenka A.,Navarro E.,2,12,6,3,7,6,,,,,,,2,,13,9,Completed,1.22,4.4
2024-09-06,US Open,Grand Slam,Outdoor,Hard,Semifinals,3,Pegula J.,Muchova K.,6,52,1,6,6,4,6,2,,,,,2,1,13,12,Completed,1.63,2.31
2024-09-07,US Open,Grand Slam,Outdoor,Hard,The Final,3,Sabalenka A.,Pegula J.,2,6,7,5,7,5,,,,,,,2,,14,10,Completed,1.3,3.64
2024-09-09,Guadalajara Open,WTA500,Outdoor,Hard,1st Round,3,Kudermetova V.,Vickery S.,42,160,6,4,6,4,,,,,,,2,,12,8,Completed,1.26,3.77
2024-09-09,Guadalajara Open,WTA500,Outdoor,Hard,1st Round,3,Gadecki O.,Stephens S.,152,63,6,4,6,3,,,,,,,2,,12,7,Completed,1.76,2.04
2024-09-09,Guadalajara Open,WTA500,Outdoor,Hard,1st Round,3,Rakhimova K.,Krunic A.,89,283,7,5,6,0,,,,,,,2,,13,5,Completed,1.3,3.47
2024-09-10,Guadalajara Open,WTA500,Outdoor,Hard,1st Round,3,Zarazua R.,Kalinina A.,85,52,6,1,3,6,6,1,,,,,2,1,15,8,Completed,2.43,1.54
2024-09-10,Guadalajara Open,WTA500,Outdoor,Hard,1st Round,3,Osorio M.,Baptiste H.,80,102,6,3,6,2,,,,,,,2,,12,5,Completed,1.42,2.81
2024-09-10,Guadalajara Open,WTA500,Outdoor,Hard,1st Round,3,Krueger A.,Maria T.,51,82,7,5,6,2,,,,,,,2,,13,7,Completed,1.48,2.6
2024-09-10,Guadalajara Open,WTA500,Outdoor,Hard,1st Round,3,Shibahara E.,Birrell K.,169,150,6,4,7,6,,,,,,,2,,13,10,Completed,1.86,1.92
2024-09-10,Guadalajara Open,WTA500,Outdoor,Hard,1st Round,3,Stefanini L.,Sanchez A.S.,178,285,6,0,3,6,6,2,,,,,2,1,15,8,Completed,1.08,7.55
2024-09-10,Guadalajara Open,WTA500,Outdoor,Hard,1st Round,3,Trevisan M.,Dolehide C.,99,44,6,3,6,2,,,,,,,2,,12,5,Completed,3.3,1.32
2024-09-11,Guadalajara Open,WTA500,Outdoor,Hard,1st Round,3,Bouzkova M.,Eala A.,45,147,6,2,6,2,,,,,,,2,,12,4,Completed,1.27,3.77
2024-09-11,Guadalajara Open,WTA500,Outdoor,Hard,1st Round,3,Stakusic M.,Schmiedlova A.,155,98,6,2,6,4,,,,,,,2,,12,6,Completed,2.36,1.58
2024-09-11,Guadalajara Open,WTA500,Outdoor,Hard,1st Round,3,Frech M.,Bektas E.,43,117,6,4,6,4,,,,,,,2,,12,8,Completed,1.29,3.49
2024-09-11,Guadalajara Open,WTA500,Outdoor,Hard,2nd Round,3,Azarenka V.,Rakhimova K.,19,89,2,6,0,3,,,,,,,,1,2,9,Retired,1.3,3.42
2024-09-11,Guadalajara Open,WTA500,Outdoor,Hard,2nd Round,3,Osorio M.,Kudermetova V.,80,42,7,6,6,7,7,5,,,,,2,1,20,18,Completed,1.99,1.8
2024-09-12,Guadalajara Open,WTA500,Outdoor,Hard,2nd Round,3,Gadecki O.,Collins D.,152,11,6,3,6,3,,,,,,,2,,12,6,Completed,3.97,1.24
2024-09-12,Guadalajara Open,WTA500,Outdoor,Hard,2nd Round,3,Trevisan M.,Zarazua R.,99,85,6,4,6,3,,,,,,,2,,12,7,Completed,2.05,1.76
2024-09-12,Guadalajara Open,WTA500,Outdoor,Hard,2nd Round,3,Bouzkova M.,Stefanini L.,45,178,6,2,6,1,,,,,,,2,,12,3,Completed,1.17,4.96
2024-09-12,Guadalajara Open,WTA500,Outdoor,Hard,2nd Round,3,Garcia C.,Shibahara E.,30,169,7,6,7,6,,,,,,,2,,14,12,Completed,1.55,2.42
2024-09-13,Guadalajara Open,WTA500,Outdoor,Hard,2nd Round,3,Stakusic M.,Ostapenko J.,155,12,6,3,5,7,7,6,,,,,2,1,18,16,Completed,3.99,1.24
2024-09-13,Guadalajara Open,WTA500,Outdoor,Hard,2nd Round,3,Frech M.,Krueger A.,43,51,3,6,6,3,6,1,,,,,2,1,15,10,Completed,2.51,1.52
2024-09-13,Guadalajara Open,WTA500,Outdoor,Hard,Quarterfinals,3,Gadecki O.,Trevisan M.,152,99,6,2,3,6,6,1,,,,,2,1,15,9,Completed,1.44,2.75
2024-09-13,Guadalajara Open,WTA500,Outdoor,Hard,Quarterfinals,3,Osorio M.,Rakhimova K.,80,89,7,6,6,2,,,,,,,2,,13,8,Completed,2.17,1.68
2024-09-14,Guadalajara Open,WTA500,Outdoor,Hard,Quarterfinals,3,Frech M.,Stakusic M.,43,155,6,4,6,3,,,,,,,2,,12,7,Completed,1.5,2.55
2024-09-15,Guadalajara Open,WTA500,Outdoor,Hard,Semifinals,3,Gadecki O.,Osorio M.,152,80,6,2,6,3,,,,,,,2,,12,5,Completed,2.11,1.72
2024-09-15,Guadalajara Open,WTA500,Outdoor,Hard,Semifinals,3,Frech M.,Garcia C.,43,30,7,6,7,5,,,,,,,2,,14,11,Completed,1.73,2.08
2024-09-16,Guadalajara Open,WTA500,Outdoor,Hard,The Final,3,Frech M.,Gadecki O.,43,152,7,6,6,4,,,,,,,2,,13,10,Completed,1.66,2.2
2024-09-09,Jasmin Open,WTA250,Outdoor,Hard,1st Round,3,Miyazaki Y.,Parks A.,166,114,6,3,5,7,6,3,,,,,2,1,17,13,Completed,2.35,1.58
2024-09-09,Jasmin Open,WTA250,Outdoor,Hard,1st Round,3,Hontama M.,Nugroho P.,109,621,6,2,6,1,,,,,,,2,,12,3,Completed,1.3,3.49
2024-09-09,Jasmin Open,WTA250,Outdoor,Hard,1st Round,3,Parry D.,Bechri C.,55,1206,6,3,6,0,,,,,,,2,,12,3,Completed,1.01,22.92
2024-09-09,Jasmin Open,WTA250,Outdoor,Hard,1st Round,3,Burel C.,Bassols M.,58,113,6,2,6,2,,,,,,,2,,12,4,Completed,1.34,3.21
2024-09-09,Jasmin Open,WTA250,Outdoor,Hard,1st Round,3,Lys E.,Tsurenko L.,126,91,6,3,7,5,,,,,,,2,,13,8,Completed,1.55,2.42
2024-09-09,Jasmin Open,WTA250,Outdoor,Hard,1st Round,3,Sorribes Tormo S.,Blinkova A.,115,79,6,4,6,4,,,,,,,2,,12,8,Completed,1.68,2.16
2024-09-10,Jasmin Open,WTA250,Outdoor,Hard,1st Round,3,Ruzic A.,Podoroska N.,173,71,1,6,6,2,6,4,,,,,2,1,13,12,Completed,1.93,1.84
2024-09-10,Jasmin Open,WTA250,Outdoor,Hard,1st Round,3,Kartal S.,Cristian J.,151,74,4,6,6,3,7,5,,,,,2,1,17,14,Completed,1.49,2.59
2024-09-10,Jasmin Open,WTA250,Outdoor,Hard,1st Round,3,Starodubtseva Y.,Lamens S.,130,138,6,2,3,6,6,4,,,,,2,1,15,12,Completed,1.39,2.92
2024-09-10,Jasmin Open,WTA250,Outdoor,Hard,1st Round,3,Mertens E.,Zakharova A.,32,146,6,2,6,0,,,,,,,2,,12,2,Completed,1.1,6.85
2024-09-10,Jasmin Open,WTA250,Outdoor,Hard,1st Round,3,Sramkova R.,Jacquemot E.,136,142,2,6,7,5,6,3,,,,,2,1,15,14,Completed,2.29,1.61
2024-09-10,Jasmin Open,WTA250,Outdoor,Hard,1st Round,3,Minnen G.,Falei A.,88,207,6,0,3,6,6,2,,,,,2,1,15,8,Completed,1.24,4.11
2024-09-10,Jasmin Open,WTA250,Outdoor,Hard,1st Round,3,Fett J.,Sherif M.,133,92,1,6,6,3,6,4,,,,,2,1,13,13,Completed,2.71,1.45
2024-09-10,Jasmin Open,WTA250,Outdoor,Hard,1st Round,3,Bronzetti L.,Galfi D.,86,131,6,2,6,1,,,,,,,2,,12,3,Completed,1.51,2.52
2024-09-10,Jasmin Open,WTA250,Outdoor,Hard,1st Round,3,Sonmez Z.,Masarova R.,148,116,4,6,7,6,6,3,,,,,2,1,17,15,Completed,1.74,2.06
2024-09-10,Jasmin Open,WTA250,Outdoor,Hard,1st Round,3,Li A.,Mladenovic K.,124,218,6,2,6,1,,,,,,,2,,12,3,Completed,1.18,4.67
2024-09-11,Jasmin Open,WTA250,Outdoor,Hard,2nd Round,3,Kartal S.,Hontama M.,151,109,6,2,6,2,,,,,,,2,,12,4,Completed,1.29,3.53
2024-09-11,Jasmin Open,WTA250,Outdoor,Hard,2nd Round,3,Sorribes Tormo S.,Fett J.,115,133,5,7,6,3,6,4,,,,,2,1,17,14,Completed,1.43,2.74
2024-09-11,Jasmin Open,WTA250,Outdoor,Hard,2nd Round,3,Starodubtseva Y.,Parry D.,130,55,6,4,6,4,,,,,,,2,,12,8,Completed,2.05,1.74
2024-09-11,Jasmin Open,WTA250,Outdoor,Hard,2nd Round,3,Sramkova R.,Burel C.,136,58,7,6,7,5,,,,,,,2,,14,11,Completed,3.57,1.28
2024-09-12,Jasmin Open,WTA250,Outdoor,Hard,2nd Round,3,Bronzetti L.,Li A.,86,124,6,4,7,6,,,,,,,2,,13,10,Completed,1.85,1.92
2024-09-12,Jasmin Open,WTA250,Outdoor,Hard,2nd Round,3,Ruzic A.,Miyazaki Y.,173,166,6,3,6,1,,,,,,,2,,12,4,Completed,1.51,2.53
2024-09-12,Jasmin Open,WTA250,Outdoor,Hard,2nd Round,3,Lys E.,Mertens E.,126,32,1,6,6,2,7,6,,,,,2,1,14,14,Completed,3.64,1.27
2024-09-12,Jasmin Open,WTA250,Outdoor,Hard,2nd Round,3,Sonmez Z.,Minnen G.,148,88,6,4,1,6,6,3,,,,,2,1,13,13,Completed,2.54,1.5
2024-09-13,Jasmin Open,WTA250,Outdoor,Hard,Quarterfinals,3,Sramkova R.,Sorribes Tormo S.,136,115,1,6,7,6,7,5,,,,,2,1,15,17,Completed,2.56,1.5
2024-09-13,Jasmin Open,WTA250,Outdoor,Hard,Quarterfinals,3,Bronzetti L.,Ruzic A.,86,173,6,2,6,1,,,,,,,2,,12,3,Completed,1.46,2.65
2024-09-13,Jasmin Open,WTA250,Outdoor,Hard,Quarterfinals,3,Lys E.,Sonmez Z.,126,148,7,5,6,3,,,,,,,2,,13,8,Completed,1.46,2.66
2024-09-13,Jasmin Open,WTA250,Outdoor,Hard,Quarterfinals,3,Kartal S.,Starodubtseva Y.,151,130,7,6,6,2,,,,,,,2,,13,8,Completed,1.65,2.2
2024-09-14,Jasmin Open,WTA250,Outdoor,Hard,Semifinals,3,Sramkova R.,Bronzetti L.,136,86,6,3,6,4,,,,,,,2,,12,7,Completed,3.35,1.32
2024-09-14,Jasmin Open,WTA250,Outdoor,Hard,Semifinals,3,Kartal S.,Lys E.,151,126,5,1,,,,,,,,,,,5,1,Retired,1.84,1.94
2024-09-15,Jasmin Open,WTA250,Outdoor,Hard,The Final,3,Kartal S.,Sramkova R.,151,136,6,3,7,5,,,,,,,2,,13,8,Completed,1.48,2.62
2024-09-16,Thailand Open 2,WTA250,Outdoor,Hard,1st Round,3,Gracheva V.,Preston T.,66,140,6,1,6,4,,,,,,,2,,12,5,Completed,1.44,2.72
2024-09-16,Thailand Open 2,WTA250,Outdoor,Hard,1st Round,3,Wang Xiy.,Golubic V.,62,98,7,5,6,1,,,,,,,2,,13,6,Completed,1.41,2.85
2024-09-16,Thailand Open 2,WTA250,Outdoor,Hard,1st Round,3,Siegemund L.,Parks A.,99,116,6,4,6,3,,,,,,,2,,12,7,Completed,1.5,2.54
2024-09-16,Thailand Open 2,WTA250,Outdoor,Hard,1st Round,3,Zidansek T.,Prozorova T.,261,259,2,6,6,3,6,1,,,,,2,1,14,10,Completed,2.82,1.41
2024-09-16,Thailand Open 2,WTA250,Outdoor,Hard,1st Round,3,Volynets K.,Tauson C.,60,67,7,6,4,6,6,3,,,,,2,1,17,15,Completed,1.98,1.8
2024-09-16,Thailand Open 2,WTA250,Outdoor,Hard,1st Round,3,Tararudee L.,Naklo T.,184,333,6,0,6,1,,,,,,,2,,12,1,Completed,1.2,4.44
2024-09-16,Thailand Open 2,WTA250,Outdoor,Hard,1st Round,3,Siniakova K.,Rodionova Ar.,37,115,7,5,6,1,,,,,,,2,,13,6,Completed,1.19,4.57
2024-09-17,Thailand Open 2,WTA250,Outdoor,Hard,1st Round,3,Gao X.,Wei S.,185,151,6,3,6,2,,,,,,,2,,12,5,Completed,1.73,2.07
2024-09-17,Thailand Open 2,WTA250,Outdoor,Hard,1st Round,3,Podoroska N.,Laskutova K.,74,366,6,1,6,0,,,,,,,2,,12,1,Completed,1.06,8.42
2024-09-17,Thailand Open 2,WTA250,Outdoor,Hard,1st Round,3,Hartono A.,Uchijima M.,180,59,6,1,6,1,,,,,,,2,,12,2,Completed,2.27,1.62
2024-09-17,Thailand Open 2,WTA250,Outdoor,Hard,1st Round,3,Hontama M.,Yastremska D.,130,35,7,6,7,5,,,,,,,2,,14,11,Completed,3.19,1.34
2024-09-17,Thailand Open 2,WTA250,Outdoor,Hard,1st Round,3,Masarova R.,Bondar A.,119,89,3,6,7,6,7,5,,,,,2,1,17,17,Completed,1.71,2.11
2024-09-17,Thailand Open 2,WTA250,Outdoor,Hard,1st Round,3,Fett J.,Zheng S.,129,1024,2,6,6,3,6,3,,,,,2,1,14,12,Completed,1.16,4.98
2024-09-17,Thailand Open 2,WTA250,Outdoor,Hard,1st Round,3,Linette M.,Tsurenko L.,43,92,6,2,7,5,,,,,,,2,,13,7,Completed,1.47,2.64
2024-09-17,Thailand Open 2,WTA250,Outdoor,Hard,1st Round,3,Wang Xin.,Sherif M.,52,93,6,2,6,4,,,,,,,2,,12,6,Completed,1.28,3.66
2024-09-17,Thailand Open 2,WTA250,Outdoor,Hard,1st Round,3,Sramkova R.,Sawangkaew M.,102,195,6,2,2,6,6,4,,,,,2,1,14,12,Completed,2.48,1.52
2024-09-18,Thailand Open 2,WTA250,Outdoor,Hard,2nd Round,3,Siegemund L.,Wang Xiy.,99,62,7,6,4,6,7,6,,,,,2,1,18,18,Completed,2.94,1.39
2024-09-19,Thailand Open 2,WTA250,Outdoor,Hard,2nd Round,3,Hontama M.,Tararudee L.,130,184,2,6,6,4,6,1,,,,,2,1,14,11,Completed,1.79,2.0
2024-09-19,Thailand Open 2,WTA250,Outdoor,Hard,2nd Round,3,Masarova R.,Wang Xin.,119,52,7,6,3,6,7,5,,,,,2,1,17,17,Completed,3.15,1.35
2024-09-19,Thailand Open 2,WTA250,Outdoor,Hard,2nd Round,3,Podoroska N.,Siniakova K.,74,37,6,3,6,3,,,,,,,2,,12,6,Completed,2.96,1.39
2024-09-19,Thailand Open 2,WTA250,Outdoor,Hard,2nd Round,3,Sramkova R.,Linette M.,102,43,7,6,6,4,,,,,,,2,,13,10,Completed,4.05,1.23
2024-09-19,Thailand Open 2,WTA250,Outdoor,Hard,2nd Round,3,Zidansek T.,Volynets K.,261,60,3,6,6,4,6,4,,,,,2,1,15,14,Completed,4.4,1.21
2024-09-19,Thailand Open 2,WTA250,Outdoor,Hard,2nd Round,3,Hartono A.,Gao X.,180,185,6,1,4,6,6,2,,,,,2,1,16,9,Completed,2.16,1.68
2024-09-20,Thailand Open 2,WTA250,Outdoor,Hard,Quarterfinals,3,Zidansek T.,Podoroska N.,261,74,4,6,7,6,7,6,,,,,2,1,18,18,Completed,3.22,1.34
2024-09-20,Thailand Open 2,WTA250,Outdoor,Hard,Quarterfinals,3,Sramkova R.,Fett J.,102,129,4,6,6,4,6,1,,,,,2,1,16,11,Completed,1.5,2.56
2024-09-20,Thailand Open 2,WTA250,Outdoor,Hard,Quarterfinals,3,Hartono A.,Hontama M.,180,130,4,6,6,2,6,3,,,,,2,1,16,11,Completed,2.0,1.8
2024-09-20,Thailand Open 2,WTA250,Outdoor,Hard,Quarterfinals,3,Siegemund L.,Masarova R.,99,119,6,3,6,4,,,,,,,2,,12,7,Completed,1.88,1.9
2024-09-21,Thailand Open 2,WTA250,Outdoor,Hard,Semifinals,3,Sramkova R.,Zidansek T.,102,261,6,4,6,2,,,,,,,2,,12,6,Completed,1.57,2.39
2024-09-21,Thailand Open 2,WTA250,Outdoor,Hard,Semifinals,3,Siegemund L.,Hartono A.,99,180,6,3,6,3,,,,,,,2,,12,6,Completed,1.4,2.9
2024-09-22,Thailand Open 2,WTA250,Outdoor,Hard,The Final,3,Sramkova R.,Siegemund L.,102,99,6,4,6,4,,,,,,,2,,12,8,Completed,2.11,1.71
2024-09-16,Korea Open,WTA500,Outdoor,Hard,1st Round,3,Yuan Y.,Ruse E.G.,40,101,4,6,6,2,6,2,,,,,2,1,16,10,Completed,2.06,1.74
2024-09-16,Korea Open,WTA500,Outdoor,Hard,1st Round,3,Kudermetova V.,Zhang S.,44,601,6,4,6,3,,,,,,,2,,12,7,Completed,1.17,4.96
2024-09-16,Korea Open,WTA500,Outdoor,Hard,1st Round,3,Watson H.,Lu J.,183,274,6,4,6,4,,,,,,,2,,12,8,Completed,1.13,5.83
2024-09-16,Korea Open,WTA500,Outdoor,Hard,1st Round,3,Zhao C.,Back D.,272,332,6,4,6,1,,,,,,,2,,12,5,Completed,2.17,1.67
2024-09-16,Korea Open,WTA500,Outdoor,Hard,1st Round,3,Alexandrova E.,Lepchenko V.,31,168,7,5,3,6,6,0,,,,,2,1,16,11,Completed,1.19,4.51
2024-09-16,Korea Open,WTA500,Outdoor,Hard,1st Round,3,Kostyuk M.,Rus A.,18,84,6,3,6,1,,,,,,,2,,12,4,Completed,1.19,4.52
2024-09-17,Korea Open,WTA500,Outdoor,Hard,1st Round,3,Anisimova A.,Putintseva Y.,46,30,6,3,7,6,,,,,,,2,,13,9,Completed,2.06,1.74
2024-09-17,Korea Open,WTA500,Outdoor,Hard,1st Round,3,Kudermetova P.,Hon P.,163,197,7,5,6,4,,,,,,,2,,13,9,Completed,2.16,1.67
2024-09-17,Korea Open,WTA500,Outdoor,Hard,1st Round,3,Baptiste H.,Stephens S.,105,65,7,6,6,2,,,,,,,2,,13,8,Completed,2.18,1.66
2024-09-17,Korea Open,WTA500,Outdoor,Hard,1st Round,3,Tomova V.,Maria T.,54,82,6,2,1,6,6,0,,,,,2,1,13,8,Completed,1.6,2.28
2024-09-17,Korea Open,WTA500,Outdoor,Hard,1st Round,3,Raducanu E.,Stearns P.,70,48,7,6,7,6,,,,,,,2,,14,12,Completed,1.51,2.52
2024-09-17,Korea Open,WTA500,Outdoor,Hard,1st Round,3,Tomljanovic A.,Jang S.,122,231,7,6,4,6,6,3,,,,,2,1,17,15,Completed,1.5,2.54
2024-09-18,Korea Open,WTA500,Outdoor,Hard,2nd Round,3,Kudermetova P.,Alexandrova E.,163,31,6,2,7,5,,,,,,,2,,13,7,Completed,4.01,1.24
2024-09-18,Korea Open,WTA500,Outdoor,Hard,2nd Round,3,Shnaider D.,Zhao C.,16,272,6,3,6,3,,,,,,,2,,12,6,Completed,1.03,12.05
2024-09-18,Korea Open,WTA500,Outdoor,Hard,2nd Round,3,Kostyuk M.,Watson H.,18,183,6,2,6,2,,,,,,,2,,12,4,Completed,1.16,5.14
2024-09-18,Korea Open,WTA500,Outdoor,Hard,2nd Round,3,Kudermetova V.,Samsonova L.,44,15,6,4,6,2,,,,,,,2,,12,6,Completed,2.78,1.42
2024-09-19,Korea Open,WTA500,Outdoor,Hard,2nd Round,3,Tomova V.,Anisimova A.,54,46,7,5,4,1,,,,,,,1,,11,6,Retired,4.28,1.21
2024-09-19,Korea Open,WTA500,Outdoor,Hard,2nd Round,3,Haddad Maia B.,Tomljanovic A.,17,122,6,3,6,4,,,,,,,2,,12,7,Completed,1.29,3.52
2024-09-19,Korea Open,WTA500,Outdoor,Hard,2nd Round,3,Raducanu E.,Yuan Y.,70,40,6,4,6,3,,,,,,,2,,12,7,Completed,1.45,2.69
2024-09-19,Korea Open,WTA500,Outdoor,Hard,2nd Round,3,Kasatkina D.,Baptiste H.,13,105,6,4,6,2,,,,,,,2,,12,6,Completed,1.31,3.32
2024-09-21,Korea Open,WTA500,Outdoor,Hard,Quarterfinals,3,Haddad Maia B.,Kudermetova P.,17,163,6,2,6,1,,,,,,,2,,12,3,Completed,1.2,4.49
2024-09-21,Korea Open,WTA500,Outdoor,Hard,Quarterfinals,3,Kudermetova V.,Tomova V.,44,54,7,5,6,3,,,,,,,2,,13,8,Completed,1.46,2.66
2024-09-21,Korea Open,WTA500,Outdoor,Hard,Quarterfinals,3,Kasatkina D.,Raducanu E.,13,70,6,1,,,,,,,,,1,,6,1,Retired,1.98,1.82
2024-09-21,Korea Open,WTA500,Outdoor,Hard,Quarterfinals,3,Shnaider D.,Kostyuk M.,16,18,7,6,6,3,,,,,,,2,,13,9,Completed,2.08,1.74
2024-09-21,Korea Open,WTA500,Outdoor,Hard,Semifinals,3,Haddad Maia B.,Kudermetova V.,17,44,6,4,6,4,,,,,,,2,,12,8,Completed,1.54,2.44
2024-09-21,Korea Open,WTA500,Outdoor,Hard,Semifinals,3,Kasatkina D.,Shnaider D.,13,16,6,3,6,4,,,,,,,2,,12,7,Completed,2.32,1.6
2024-09-22,Korea Open,WTA500,Outdoor,Hard,The Final,3,Haddad Maia B.,Kasatkina D.,17,13,1,6,6,4,6,1,,,,,2,1,13,11,Completed,1.77,2.03
2024-09-25,China Open,WTA1000,Outdoor,Hard,1st Round,3,Minnen G.,Andreeva E.,94,67,7,5,6,2,,,,,,,2,,13,7,Completed,1.87,1.92
2024-09-25,China Open,WTA1000,Outdoor,Hard,1st Round,3,Tomova V.,Tsurenko L.,51,88,6,3,6,3,,,,,,,2,,12,6,Completed,1.55,2.41
2024-09-25,China Open,WTA1000,Outdoor,Hard,1st Round,3,Kenin S.,Bogdan A.,168,120,7,5,6,2,,,,,,,2,,13,7,Completed,1.62,2.28
2024-09-25,China Open,WTA1000,Outdoor,Hard,1st Round,3,Wang Xin.,Hontama M.,50,116,6,1,6,3,,,,,,,2,,12,4,Completed,1.21,4.51
2024-09-25,China Open,WTA1000,Outdoor,Hard,1st Round,3,Starodubtseva Y.,Siegemund L.,115,69,6,4,7,6,,,,,,,2,,13,10,Completed,1.58,2.35
2024-09-25,China Open,WTA1000,Outdoor,Hard,1st Round,3,Townsend T.,Trevisan M.,52,112,6,2,4,6,6,3,,,,,2,1,16,11,Completed,1.21,4.29
2024-09-25,China Open,WTA1000,Outdoor,Hard,1st Round,3,Osaka N.,Bronzetti L.,73,77,6,3,6,2,,,,,,,2,,12,5,Completed,1.26,3.77
2024-09-25,China Open,WTA1000,Outdoor,Hard,1st Round,3,Burel C.,Korpatsch T.,56,125,6,3,5,7,6,3,,,,,2,1,17,13,Completed,1.25,4.04
2024-09-25,China Open,WTA1000,Outdoor,Hard,1st Round,3,Volynets K.,Galfi D.,60,143,7,5,6,1,,,,,,,2,,13,6,Completed,1.48,2.6
2024-09-25,China Open,WTA1000,Outdoor,Hard,1st Round,3,Zhang S.,Kessler M.,595,65,7,6,7,6,,,,,,,2,,14,12,Completed,3.3,1.33
2024-09-25,China Open,WTA1000,Outdoor,Hard,1st Round,3,Parry D.,Liang E.S.,53,260,4,6,6,0,6,0,,,,,2,1,16,6,Completed,1.31,3.44
2024-09-25,China Open,WTA1000,Outdoor,Hard,1st Round,3,Avanesyan E.,Bektas E.,47,117,6,2,7,5,,,,,,,2,,13,7,Completed,1.25,3.88
2024-09-25,China Open,WTA1000,Outdoor,Hard,1st Round,3,Stearns P.,Bouzas Maneiro J.,46,57,6,2,6,4,,,,,,,2,,12,6,Completed,1.45,2.74
2024-09-25,China Open,WTA1000,Outdoor,Hard,1st Round,3,Parks A.,Wang Q.,128,403,1,6,6,4,6,2,,,,,2,1,13,12,Completed,1.54,2.45
2024-09-25,China Open,WTA1000,Outdoor,Hard,1st Round,3,Baptiste H.,Gracheva V.,111,62,6,0,6,3,,,,,,,2,,12,3,Completed,1.76,2.05
2024-09-25,China Open,WTA1000,Outdoor,Hard,1st Round,3,Sramkova R.,Kalinina A.,61,48,6,4,6,0,,,,,,,2,,12,4,Completed,2.14,1.7
2024-09-26,China Open,WTA1000,Outdoor,Hard,1st Round,3,Rakhimova K.,Birrell K.,71,146,6,2,6,4,,,,,,,2,,12,6,Completed,1.64,2.24
2024-09-26,China Open,WTA1000,Outdoor,Hard,1st Round,3,Osorio M.,Tomljanovic A.,59,107,1,6,6,3,6,3,,,,,2,1,13,12,Completed,1.55,2.42
2024-09-26,China Open,WTA1000,Outdoor,Hard,1st Round,3,Fett J.,Wang M.,118,410,6,3,6,4,,,,,,,2,,12,7,Completed,1.27,3.77
2024-09-26,China Open,WTA1000,Outdoor,Hard,1st Round,3,Uchijima M.,Shi H.,63,240,6,3,6,4,,,,,,,2,,12,7,Completed,1.32,3.33
2024-09-26,China Open,WTA1000,Outdoor,Hard,1st Round,3,Bucsa C.,Yao X.,79,286,6,3,6,2,,,,,,,2,,12,5,Completed,1.32,3.33
2024-09-26,China Open,WTA1000,Outdoor,Hard,1st Round,3,Tauson C.,Dart H.,72,76,5,7,6,4,6,1,,,,,2,1,17,12,Completed,1.57,2.38
2024-09-26,China Open,WTA1000,Outdoor,Hard,1st Round,3,Sorribes Tormo S.,Gao X.,104,171,6,7,7,5,7,5,,,,,2,1,20,17,Completed,1.28,3.62
2024-09-26,China Open,WTA1000,Outdoor,Hard,1st Round,3,Cocciaretto E.,Rodionova Ar.,55,114,4,6,6,4,6,3,,,,,2,1,16,13,Completed,1.34,3.19
2024-09-26,China Open,WTA1000,Outdoor,Hard,1st Round,3,Podoroska N.,Ren Y.,66,500,6,4,6,2,,,,,,,2,,12,6,Completed,1.1,6.96
2024-09-26,China Open,WTA1000,Outdoor,Hard,1st Round,3,Golubic V.,Wang Xiy.,96,95,7,6,0,6,6,3,,,,,2,1,13,15,Completed,3.19,1.34
2024-09-26,China Open,WTA1000,Outdoor,Hard,1st Round,3,Begu I.,Ma Y.,103,224,1,6,6,4,6,1,,,,,2,1,13,11,Completed,1.14,5.58
2024-09-26,China Open,WTA1000,Outdoor,Hard,1st Round,3,Wei S.,Ruse E.G.,140,93,6,4,7,6,,,,,,,2,,13,10,Completed,3.65,1.28
2024-09-26,China Open,WTA1000,Outdoor,Hard,1st Round,3,Cristian J.,Bondar A.,80,90,6,1,7,6,,,,,,,2,,13,7,Completed,1.65,2.23
2024-09-26,China Open,WTA1000,Outdoor,Hard,1st Round,3,Sawangkaew M.,Diyas Z.,187,571,6,2,6,3,,,,,,,2,,12,5,Completed,1.98,1.81
2024-09-26,China Open,WTA1000,Outdoor,Hard,1st Round,3,Muchova K.,Blinkova A.,49,78,6,1,6,1,,,,,,,2,,12,2,Completed,1.08,7.97
2024-09-26,China Open,WTA1000,Outdoor,Hard,1st Round,3,Krueger A.,Wang Y.,68,58,3,6,6,4,6,2,,,,,2,1,15,12,Completed,1.68,2.18
2024-09-27,China Open,WTA1000,Outdoor,Hard,2nd Round,3,Zhang S.,Navarro E.,595,8,6,4,6,2,,,,,,,2,,12,6,Completed,10.99,1.04
2024-09-27,China Open,WTA1000,Outdoor,Hard,2nd Round,3,Starodubtseva Y.,Siniakova K.,115,37,6,2,6,2,,,,,,,2,,12,4,Completed,2.2,1.67
2024-09-27,China Open,WTA1000,Outdoor,Hard,2nd Round,3,Minnen G.,Potapova A.,94,38,7,5,2,6,6,4,,,,,2,1,15,15,Completed,2.27,1.63
2024-09-27,China Open,WTA1000,Outdoor,Hard,2nd Round,3,Shnaider D.,Kenin S.,16,168,6,2,6,3,,,,,,,2,,12,5,Completed,1.32,3.35
2024-09-27,China Open,WTA1000,Outdoor,Hard,2nd Round,3,Boulter K.,Townsend T.,34,52,6,4,6,4,,,,,,,2,,12,8,Completed,2.23,1.64
2024-09-27,China Open,WTA1000,Outdoor,Hard,2nd Round,3,Kudermetova V.,Wang Xin.,39,50,3,6,6,4,7,5,,,,,2,1,16,15,Completed,1.9,1.89
2024-09-27,China Open,WTA1000,Outdoor,Hard,2nd Round,3,Kalinskaya A.,Baptiste H.,14,111,3,6,7,6,7,6,,,,,2,1,17,18,Completed,1.36,3.11
2024-09-27,China Open,WTA1000,Outdoor,Hard,2nd Round,3,Badosa P.,Tomova V.,19,51,6,3,6,2,,,,,,,2,,12,5,Completed,1.19,4.6
2024-09-27,China Open,WTA1000,Outdoor,Hard,2nd Round,3,Avanesyan E.,Dolehide C.,47,98,6,3,5,7,6,2,,,,,2,1,17,12,Completed,1.37,3.04
2024-09-27,China Open,WTA1000,Outdoor,Hard,2nd Round,3,Stearns P.,Fernandez L.A.,46,28,7,5,6,2,,,,,,,2,,13,7,Completed,2.21,1.66
2024-09-27,China Open,WTA1000,Outdoor,Hard,2nd Round,3,Volynets K.,Kostyuk M.,60,18,7,5,6,3,,,,,,,2,,13,8,Completed,4.1,1.23
2024-09-27,China Open,WTA1000,Outdoor,Hard,2nd Round,3,Pegula J.,Parry D.,3,53,6,1,7,6,,,,,,,2,,13,7,Completed,1.11,6.61
2024-09-27,China Open,WTA1000,Outdoor,Hard,2nd Round,3,Osaka N.,Putintseva Y.,73,32,3,6,6,4,6,2,,,,,2,1,15,12,Completed,1.55,2.43
2024-09-27,China Open,WTA1000,Outdoor,Hard,2nd Round,3,Sramkova R.,Alexandrova E.,61,33,5,7,6,4,6,3,,,,,2,1,17,14,Completed,2.32,1.6
2024-09-27,China Open,WTA1000,Outdoor,Hard,2nd Round,3,Frech M.,Parks A.,31,128,6,4,5,7,6,4,,,,,2,1,17,15,Completed,1.3,3.47
2024-09-27,China Open,WTA1000,Outdoor,Hard,2nd Round,3,Gauff C.,Burel C.,6,56,7,5,6,3,,,,,,,2,,13,8,Completed,1.11,6.67
2024-09-28,China Open,WTA1000,Outdoor,Hard,2nd Round,3,Bucsa C.,Samsonova L.,79,15,6,1,4,6,6,4,,,,,2,1,16,11,Completed,6.28,1.12
2024-09-28,China Open,WTA1000,Outdoor,Hard,2nd Round,3,Paolini J.,Tauson C.,5,72,1,6,7,5,6,4,,,,,2,1,14,15,Completed,1.23,4.09
2024-09-28,China Open,WTA1000,Outdoor,Hard,2nd Round,3,Linette M.,Uchijima M.,45,63,6,4,4,6,6,3,,,,,2,1,16,13,Completed,1.33,3.26
2024-09-28,China Open,WTA1000,Outdoor,Hard,2nd Round,3,Kasatkina D.,Fett J.,11,118,6,1,6,2,,,,,,,2,,12,3,Completed,1.09,7.17
2024-09-28,China Open,WTA1000,Outdoor,Hard,2nd Round,3,Mertens E.,Cocciaretto E.,29,55,6,4,6,7,6,3,,,,,2,1,18,14,Completed,1.42,2.82
2024-09-28,China Open,WTA1000,Outdoor,Hard,2nd Round,3,Anisimova A.,Osorio M.,43,59,1,6,6,3,6,4,,,,,2,1,13,13,Completed,1.55,2.42
2024-09-28,China Open,WTA1000,Outdoor,Hard,2nd Round,3,Sabalenka A.,Sawangkaew M.,2,187,6,4,6,1,,,,,,,2,,12,5,Completed,1.01,14.96
2024-09-28,China Open,WTA1000,Outdoor,Hard,2nd Round,3,Haddad Maia B.,Wei S.,12,140,7,5,6,4,,,,,,,2,,13,9,Completed,1.12,6.14
2024-09-28,China Open,WTA1000,Outdoor,Hard,2nd Round,3,Cristian J.,Krejcikova B.,80,10,1,6,6,4,7,5,,,,,2,1,14,15,Completed,3.19,1.34
2024-09-28,China Open,WTA1000,Outdoor,Hard,2nd Round,3,Muchova K.,Yuan Y.,49,41,6,3,6,1,,,,,,,2,,12,4,Completed,1.12,6.42
2024-09-28,China Open,WTA1000,Outdoor,Hard,2nd Round,3,Krueger A.,Sun L.,68,40,6,1,7,6,,,,,,,2,,13,7,Completed,1.51,2.53
2024-09-28,China Open,WTA1000,Outdoor,Hard,2nd Round,3,Keys M.,Sorribes Tormo S.,24,104,6,2,6,1,,,,,,,2,,12,3,Completed,1.3,3.47
2024-09-28,China Open,WTA1000,Outdoor,Hard,2nd Round,3,Podoroska N.,Yastremska D.,66,35,7,5,6,7,6,2,,,,,2,1,19,14,Completed,2.08,1.73
2024-09-28,China Open,WTA1000,Outdoor,Hard,2nd Round,3,Andreeva M.,Begu I.,22,103,6,7,6,1,6,1,,,,,2,1,18,9,Completed,1.2,4.45
2024-09-28,China Open,WTA1000,Outdoor,Hard,2nd Round,3,Vekic D.,Golubic V.,20,96,4,6,7,6,6,4,,,,,2,1,17,16,Completed,1.2,4.45
2024-09-28,China Open,WTA1000,Outdoor,Hard,2nd Round,3,Zheng Q.,Rakhimova K.,7,71,6,1,6,1,,,,,,,2,,12,2,Completed,1.14,5.54
2024-09-29,China Open,WTA1000,Outdoor,Hard,3rd Round,3,Frech M.,Shnaider D.,31,16,0,6,6,3,6,4,,,,,2,1,12,13,Completed,3.37,1.31
2024-09-29,China Open,WTA1000,Outdoor,Hard,3rd Round,3,Badosa P.,Sramkova R.,19,61,7,5,7,5,,,,,,,2,,14,10,Completed,1.21,4.36
2024-09-29,China Open,WTA1000,Outdoor,Hard,3rd Round,3,Pegula J.,Kudermetova V.,3,39,6,7,6,1,6,2,,,,,2,1,18,10,Completed,1.33,3.33
2024-09-29,China Open,WTA1000,Outdoor,Hard,3rd Round,3,Starodubtseva Y.,Avanesyan E.,115,47,6,3,6,1,,,,,,,2,,12,4,Completed,1.83,1.95
2024-09-29,China Open,WTA1000,Outdoor,Hard,3rd Round,3,Zhang S.,Minnen G.,595,94,6,2,6,3,,,,,,,2,,12,5,Completed,2.06,1.75
2024-09-29,China Open,WTA1000,Outdoor,Hard,3rd Round,3,Gauff C.,Boulter K.,6,34,7,5,6,2,,,,,,,2,,13,7,Completed,1.24,3.98
2024-09-30,China Open,WTA1000,Outdoor,Hard,3rd Round,3,Keys M.,Haddad Maia B.,24,12,6,3,6,3,,,,,,,2,,12,6,Completed,1.65,2.22
2024-09-30,China Open,WTA1000,Outdoor,Hard,3rd Round,3,Kalinskaya A.,Stearns P.,14,46,3,6,6,3,3,1,,,,,1,1,12,10,Retired,1.82,2.0
2024-09-30,China Open,WTA1000,Outdoor,Hard,3rd Round,3,Osaka N.,Volynets K.,73,60,6,3,6,2,,,,,,,2,,12,5,Completed,1.23,4.05
2024-09-30,China Open,WTA1000,Outdoor,Hard,3rd Round,3,Sabalenka A.,Krueger A.,2,68,6,2,6,2,,,,,,,2,,12,4,Completed,1.08,7.73
2024-09-30,China Open,WTA1000,Outdoor,Hard,3rd Round,3,Bucsa C.,Mertens E.,79,29,4,6,6,2,6,2,,,,,2,1,16,10,Completed,3.95,1.25
2024-09-30,China Open,WTA1000,Outdoor,Hard,3rd Round,3,Muchova K.,Cristian J.,49,80,6,1,6,3,,,,,,,2,,12,4,Completed,1.1,6.58
2024-09-30,China Open,WTA1000,Outdoor,Hard,3rd Round,3,Linette M.,Paolini J.,45,5,6,4,6,0,,,,,,,2,,12,4,Completed,3.47,1.3
2024-09-30,China Open,WTA1000,Outdoor,Hard,3rd Round,3,Andreeva M.,Vekic D.,22,20,3,6,6,4,6,4,,,,,2,1,15,14,Completed,1.52,2.52
2024-09-30,China Open,WTA1000,Outdoor,Hard,3rd Round,3,Anisimova A.,Kasatkina D.,43,11,7,6,6,4,,,,,,,2,,13,10,Completed,1.99,1.8
2024-09-30,China Open,WTA1000,Outdoor,Hard,3rd Round,3,Zheng Q.,Podoroska N.,7,66,6,3,6,2,,,,,,,2,,12,5,Completed,1.04,10.34
2024-10-01,China Open,WTA1000,Outdoor,Hard,4th Round,3,Badosa P.,Pegula J.,19,3,6,4,6,0,,,,,,,2,,12,4,Completed,2.41,1.56
2024-10-01,China Open,WTA1000,Outdoor,Hard,4th Round,3,Zhang S.,Frech M.,595,31,6,4,6,2,,,,,,,2,,12,6,Completed,2.44,1.55
2024-10-01,China Open,WTA1000,Outdoor,Hard,4th Round,3,Starodubtseva Y.,Kalinskaya A.,115,14,7,5,6,0,,,,,,,2,,13,5,Completed,2.42,1.55
2024-10-01,China Open,WTA1000,Outdoor,Hard,4th Round,3,Gauff C.,Osaka N.,6,73,3,6,6,4,,,,,,,1,1,9,10,Retired,1.59,2.34
2024-10-02,China Open,WTA1000,Outdoor,Hard,4th Round,3,Sabalenka A.,Keys M.,2,24,6,4,6,3,,,,,,,2,,12,7,Completed,1.26,3.81
2024-10-02,China Open,WTA1000,Outdoor,Hard,4th Round,3,Muchova K.,Bucsa C.,49,79,6,2,6,0,,,,,,,2,,12,2,Completed,1.08,7.98
2024-10-02,China Open,WTA1000,Outdoor,Hard,4th Round,3,Andreeva M.,Linette M.,22,45,6,1,6,3,,,,,,,2,,12,4,Completed,1.29,3.62
2024-10-02,China Open,WTA1000,Outdoor,Hard,4th Round,3,Zheng Q.,Anisimova A.,7,43,3,6,6,1,6,2,,,,,2,1,15,9,Completed,1.27,3.74
2024-10-03,China Open,WTA1000,Outdoor,Hard,Quarterfinals,3,Badosa P.,Zhang S.,19,595,6,1,7,6,,,,,,,2,,13,7,Completed,1.2,4.5
2024-10-03,China Open,WTA1000,Outdoor,Hard,Quarterfinals,3,Gauff C.,Starodubtseva Y.,6,115,2,6,6,2,6,2,,,,,2,1,14,10,Completed,1.18,4.74
2024-10-04,China Open,WTA1000,Outdoor,Hard,Quarterfinals,3,Muchova K.,Sabalenka A.,49,2,7,6,2,6,6,4,,,,,2,1,15,16,Completed,2.66,1.47
2024-10-04,China Open,WTA1000,Outdoor,Hard,Quarterfinals,3,Zheng Q.,Andreeva M.,7,22,5,7,6,0,6,4,,,,,2,1,17,11,Completed,1.64,2.26
2024-10-05,China Open,WTA1000,Outdoor,Hard,Semifinals,3,Gauff C.,Badosa P.,6,19,4,6,6,4,6,2,,,,,2,1,16,12,Completed,2.0,1.8
2024-10-05,China Open,WTA1000,Outdoor,Hard,Semifinals,3,Muchova K.,Zheng Q.,49,7,6,3,6,4,,,,,,,2,,12,7,Completed,1.63,2.26
2024-10-06,China Open,WTA1000,Outdoor,Hard,The Final,3,Gauff C.,Muchova K.,6,49,6,1,6,3,,,,,,,2,,12,4,Completed,2.4,1.57
2024-10-07,Wuhan Open,WTA1000,Outdoor,Hard,1st Round,3,Haddad Maia B.,Keys M.,12,20,7,6,6,2,,,,,,,2,,13,8,Completed,2.49,1.52
2024-10-07,Wuhan Open,WTA1000,Outdoor,Hard,1st Round,3,Potapova A.,Volynets K.,38,56,5,7,6,3,7,5,,,,,2,1,18,15,Completed,1.71,2.09
2024-10-07,Wuhan Open,WTA1000,Outdoor,Hard,1st Round,3,Fernandez L.A.,Shnaider D.,28,16,6,7,6,3,6,3,,,,,2,1,18,13,Completed,2.33,1.58
2024-10-07,Wuhan Open,WTA1000,Outdoor,Hard,1st Round,3,Yuan Y.,Burel C.,41,55,1,6,6,4,6,2,,,,,2,1,13,12,Completed,1.56,2.38
2024-10-07,Wuhan Open,WTA1000,Outdoor,Hard,1st Round,3,Andreeva E.,Yastremska D.,70,36,7,5,6,4,,,,,,,2,,13,9,Completed,1.76,2.07
2024-10-07,Wuhan Open,WTA1000,Outdoor,Hard,1st Round,3,Pera B.,Begu I.,95,100,6,2,4,6,6,2,,,,,2,1,16,10,Completed,2.33,1.6
2024-10-07,Wuhan Open,WTA1000,Outdoor,Hard,1st Round,3,Baptiste H.,Parry D.,102,50,6,4,7,5,,,,,,,2,,13,9,Completed,1.68,2.17
2024-10-07,Wuhan Open,WTA1000,Outdoor,Hard,1st Round,3,Wang Xin.,Dolehide C.,51,101,6,4,6,0,,,,,,,2,,12,4,Completed,1.34,3.2
2024-10-07,Wuhan Open,WTA1000,Outdoor,Hard,1st Round,3,Vekic D.,Mertens E.,18,30,3,6,6,1,6,3,,,,,2,1,15,10,Completed,1.62,2.25
2024-10-07,Wuhan Open,WTA1000,Outdoor,Hard,1st Round,3,Kalinskaya A.,Bondar A.,13,92,6,1,6,3,,,,,,,2,,12,4,Completed,1.18,4.72
2024-10-07,Wuhan Open,WTA1000,Outdoor,Hard,1st Round,3,Frech M.,Hontama M.,27,134,6,0,6,4,,,,,,,2,,12,4,Completed,1.22,4.15
2024-10-08,Wuhan Open,WTA1000,Outdoor,Hard,1st Round,3,Alexandrova E.,Kenin S.,33,162,6,1,4,6,6,4,,,,,2,1,16,11,Completed,1.69,2.14
2024-10-08,Wuhan Open,WTA1000,Outdoor,Hard,1st Round,3,Linette M.,Samsonova L.,45,23,6,2,6,2,,,,,,,2,,12,4,Completed,2.69,1.45
2024-10-08,Wuhan Open,WTA1000,Outdoor,Hard,1st Round,3,Cristian J.,Osorio M.,75,59,4,6,6,2,6,3,,,,,2,1,16,11,Completed,2.4,1.55
2024-10-08,Wuhan Open,WTA1000,Outdoor,Hard,1st Round,3,Siniakova K.,Eala A.,37,148,6,3,6,1,,,,,,,2,,12,4,Completed,1.34,3.15
2024-10-08,Wuhan Open,WTA1000,Outdoor,Hard,1st Round,3,Anisimova A.,Bucsa C.,39,71,6,2,6,4,,,,,,,2,,12,6,Completed,1.34,3.2
2024-10-08,Wuhan Open,WTA1000,Outdoor,Hard,1st Round,3,Tomova V.,Krueger A.,48,65,1,6,7,6,7,5,,,,,2,1,15,17,Completed,2.75,1.44
2024-10-08,Wuhan Open,WTA1000,Outdoor,Hard,1st Round,3,Tsurenko L.,Boulter K.,96,34,6,2,7,5,,,,,,,2,,13,7,Completed,2.98,1.38
2024-10-08,Wuhan Open,WTA1000,Outdoor,Hard,1st Round,3,Putintseva Y.,Zhang S.,35,250,6,4,6,4,,,,,,,2,,12,8,Completed,1.35,3.12
2024-10-08,Wuhan Open,WTA1000,Outdoor,Hard,1st Round,3,Rakhimova K.,Uchijima M.,66,64,6,1,6,2,,,,,,,2,,12,3,Completed,1.62,2.27
2024-10-08,Wuhan Open,WTA1000,Outdoor,Hard,1st Round,3,Kudermetova V.,Bouzkova M.,63,42,6,4,7,6,,,,,,,2,,13,10,Completed,1.72,2.09
2024-10-08,Wuhan Open,WTA1000,Outdoor,Hard,1st Round,3,Andreeva M.,Wang Xiy.,19,99,7,6,6,3,,,,,,,2,,13,9,Completed,1.3,3.46
2024-10-08,Wuhan Open,WTA1000,Outdoor,Hard,1st Round,3,Bronzetti L.,Tomljanovic A.,85,86,6,1,7,6,,,,,,,2,,13,7,Completed,2.39,1.56
2024-10-08,Wuhan Open,WTA1000,Outdoor,Hard,1st Round,3,Kostyuk M.,Avanesyan E.,17,47,4,6,7,5,7,6,,,,,2,1,18,17,Completed,1.32,3.34
2024-10-09,Wuhan Open,WTA1000,Outdoor,Hard,2nd Round,3,Kasatkina D.,Pera B.,11,95,6,4,1,6,6,1,,,,,2,1,13,11,Completed,1.27,3.64
2024-10-09,Wuhan Open,WTA1000,Outdoor,Hard,2nd Round,3,Baptiste H.,Krejcikova B.,102,10,6,3,7,5,,,,,,,2,,13,8,Completed,2.71,1.45
2024-10-09,Wuhan Open,WTA1000,Outdoor,Hard,2nd Round,3,Putintseva Y.,Vekic D.,35,18,6,4,3,6,6,4,,,,,2,1,15,14,Completed,2.04,1.77
2024-10-09,Wuhan Open,WTA1000,Outdoor,Hard,2nd Round,3,Linette M.,Tsurenko L.,45,96,5,2,,,,,,,,,,,5,2,Retired,1.42,2.79
2024-10-09,Wuhan Open,WTA1000,Outdoor,Hard,2nd Round,3,Sabalenka A.,Siniakova K.,2,37,6,4,6,4,,,,,,,2,,12,8,Completed,1.05,9.75
2024-10-09,Wuhan Open,WTA1000,Outdoor,Hard,2nd Round,3,Alexandrova E.,Kalinskaya A.,33,13,6,4,6,7,6,1,,,,,2,1,18,12,Completed,2.41,1.55
2024-10-09,Wuhan Open,WTA1000,Outdoor,Hard,2nd Round,3,Frech M.,Navarro E.,27,8,6,4,3,6,6,3,,,,,2,1,15,13,Completed,3.39,1.31
2024-10-09,Wuhan Open,WTA1000,Outdoor,Hard,2nd Round,3,Fernandez L.A.,Rakhimova K.,28,66,6,2,5,7,7,6,,,,,2,1,18,15,Completed,1.36,3.08
2024-10-09,Wuhan Open,WTA1000,Outdoor,Hard,2nd Round,3,Gauff C.,Tomova V.,4,48,6,1,6,2,,,,,,,2,,12,3,Completed,1.1,6.75
2024-10-09,Wuhan Open,WTA1000,Outdoor,Hard,2nd Round,3,Haddad Maia B.,Kudermetova V.,12,63,6,1,6,4,,,,,,,2,,12,5,Completed,1.56,2.41
2024-10-09,Wuhan Open,WTA1000,Outdoor,Hard,2nd Round,3,Wang Xin.,Bronzetti L.,51,85,4,6,6,2,6,4,,,,,2,1,16,12,Completed,1.4,2.88
2024-10-09,Wuhan Open,WTA1000,Outdoor,Hard,2nd Round,3,Pegula J.,Potapova A.,3,38,6,2,2,0,,,,,,,1,,8,2,Retired,1.21,4.29
2024-10-09,Wuhan Open,WTA1000,Outdoor,Hard,2nd Round,3,Zheng Q.,Cristian J.,7,75,6,2,6,4,,,,,,,2,,12,6,Completed,1.07,8.01
2024-10-09,Wuhan Open,WTA1000,Outdoor,Hard,2nd Round,3,Andreeva E.,Andreeva M.,70,19,6,3,6,1,,,,,,,2,,12,4,Completed,5.33,1.15
2024-10-09,Wuhan Open,WTA1000,Outdoor,Hard,2nd Round,3,Paolini J.,Yuan Y.,6,41,6,4,6,3,,,,,,,2,,12,7,Completed,1.36,3.11
2024-10-10,Wuhan Open,WTA1000,Outdoor,Hard,3rd Round,3,Gauff C.,Kostyuk M.,4,17,6,4,6,1,,,,,,,2,,12,5,Completed,1.3,3.41
2024-10-10,Wuhan Open,WTA1000,Outdoor,Hard,3rd Round,3,Linette M.,Kasatkina D.,45,11,6,2,6,3,,,,,,,2,,12,5,Completed,2.5,1.51
2024-10-10,Wuhan Open,WTA1000,Outdoor,Hard,3rd Round,3,Alexandrova E.,Baptiste H.,33,102,6,1,6,1,,,,,,,2,,12,2,Completed,1.65,2.2
2024-10-10,Wuhan Open,WTA1000,Outdoor,Hard,3rd Round,3,Wang Xin.,Pegula J.,51,3,6,3,7,5,,,,,,,2,,13,8,Completed,4.1,1.23
2024-10-10,Wuhan Open,WTA1000,Outdoor,Hard,3rd Round,3,Paolini J.,Andreeva E.,6,70,6,3,6,2,,,,,,,2,,12,5,Completed,1.29,3.51
2024-10-10,Wuhan Open,WTA1000,Outdoor,Hard,3rd Round,3,Zheng Q.,Fernandez L.A.,7,28,5,7,6,3,6,0,,,,,2,1,17,10,Completed,1.26,3.76
2024-10-10,Wuhan Open,WTA1000,Outdoor,Hard,3rd Round,3,Sabalenka A.,Putintseva Y.,2,35,1,6,6,4,6,0,,,,,2,1,13,10,Completed,1.14,5.54
2024-10-10,Wuhan Open,WTA1000,Outdoor,Hard,3rd Round,3,Frech M.,Haddad Maia B.,27,12,6,3,6,2,,,,,,,2,,12,5,Completed,3.15,1.35
2024-10-11,Wuhan Open,WTA1000,Outdoor,Hard,Quarterfinals,3,Gauff C.,Linette M.,4,45,6,0,6,4,,,,,,,2,,12,4,Completed,1.13,5.99
2024-10-11,Wuhan Open,WTA1000,Outdoor,Hard,Quarterfinals,3,Wang Xin.,Alexandrova E.,51,33,4,6,7,5,7,6,,,,,2,1,18,17,Completed,1.75,2.07
2024-10-11,Wuhan Open,WTA1000,Outdoor,Hard,Quarterfinals,3,Sabalenka A.,Frech M.,2,27,6,2,6,2,,,,,,,2,,12,4,Completed,1.11,6.23
2024-10-11,Wuhan Open,WTA1000,Outdoor,Hard,Quarterfinals,3,Zheng Q.,Paolini J.,7,6,6,2,3,6,6,3,,,,,2,1,15,11,Completed,1.36,3.09
2024-10-12,Wuhan Open,WTA1000,Outdoor,Hard,Semifinals,3,Sabalenka A.,Gauff C.,2,4,1,6,6,4,6,4,,,,,2,1,13,14,Completed,1.6,2.31
2024-10-12,Wuhan Open,WTA1000,Outdoor,Hard,Semifinals,3,Zheng Q.,Wang Xin.,7,51,6,3,6,4,,,,,,,2,,12,7,Completed,1.2,4.5
2024-10-13,Wuhan Open,WTA1000,Outdoor,Hard,The Final,3,Sabalenka A.,Zheng Q.,2,7,6,3,5,7,6,3,,,,,2,1,17,13,Completed,1.43,2.79
2024-10-14,Ningbo Open,WTA500,Outdoor,Hard,1st Round,3,Putintseva Y.,Dolehide C.,32,100,6,2,6,0,,,,,,,2,,12,2,Completed,1.15,5.28
2024-10-14,Ningbo Open,WTA500,Outdoor,Hard,1st Round,3,Korpatsch T.,Bondar A.,129,87,6,7,7,6,6,4,,,,,2,1,19,17,Completed,2.5,1.5
2024-10-14,Ningbo Open,WTA500,Outdoor,Hard,1st Round,3,Wang Xiy.,Rakhimova K.,98,64,6,2,6,0,,,,,,,2,,12,2,Completed,1.77,2.02
2024-10-14,Ningbo Open,WTA500,Outdoor,Hard,1st Round,3,Andreeva M.,Lepchenko V.,19,161,6,2,6,0,,,,,,,2,,12,2,Completed,1.06,8.75
2024-10-14,Ningbo Open,WTA500,Outdoor,Hard,1st Round,3,Badosa P.,Shnaider D.,14,16,4,6,6,3,6,3,,,,,2,1,16,12,Completed,1.4,2.89
2024-10-15,Ningbo Open,WTA500,Outdoor,Hard,1st Round,3,Seidel E.,Von Deichmann K.,121,169,6,3,6,1,,,,,,,2,,12,4,Completed,,
2024-10-15,Ningbo Open,WTA500,Outdoor,Hard,1st Round,3,Siniakova K.,Linette M.,42,40,6,2,6,4,,,,,,,2,,12,6,Completed,2.02,1.77
2024-10-15,Ningbo Open,WTA500,Outdoor,Hard,1st Round,3,Kalinskaya A.,Hon P.,12,225,3,6,6,3,6,4,,,,,2,1,15,13,Completed,1.14,5.31
2024-10-15,Ningbo Open,WTA500,Outdoor,Hard,1st Round,3,Ma Y.,You X.,261,281,6,2,6,2,,,,,,,2,,12,4,Completed,1.92,1.85
2024-10-15,Ningbo Open,WTA500,Outdoor,Hard,1st Round,3,Boulter K.,Errani S.,35,90,6,3,6,2,,,,,,,2,,12,5,Completed,1.27,3.8
2024-10-16,Ningbo Open,WTA500,Outdoor,Hard,1st Round,3,Muchova K.,Gadecki O.,29,84,6,3,7,5,,,,,,,2,,13,8,Completed,1.11,6.22
2024-10-16,Ningbo Open,WTA500,Outdoor,Hard,1st Round,3,Yuan Y.,Tomljanovic A.,46,85,6,4,6,2,,,,,,,2,,12,6,Completed,2.04,1.76
2024-10-16,Ningbo Open,WTA500,Outdoor,Hard,2nd Round,3,Putintseva Y.,Seidel E.,32,121,6,4,6,4,,,,,,,2,,12,8,Completed,1.08,7.77
2024-10-16,Ningbo Open,WTA500,Outdoor,Hard,2nd Round,3,Kasatkina D.,Siniakova K.,11,42,1,6,6,3,6,2,,,,,2,1,13,11,Completed,1.61,2.28
2024-10-16,Ningbo Open,WTA500,Outdoor,Hard,2nd Round,3,Andreeva M.,Korpatsch T.,19,129,6,0,6,4,,,,,,,2,,12,4,Completed,1.02,12.81
2024-10-16,Ningbo Open,WTA500,Outdoor,Hard,2nd Round,3,Badosa P.,Wang Xiy.,14,98,6,7,6,1,6,2,,,,,2,1,18,10,Completed,1.29,3.51
2024-10-17,Ningbo Open,WTA500,Outdoor,Hard,2nd Round,3,Haddad Maia B.,Boulter K.,10,35,7,6,7,5,,,,,,,2,,14,11,Completed,1.52,2.48
2024-10-17,Ningbo Open,WTA500,Outdoor,Hard,2nd Round,3,Krejcikova B.,Ma Y.,13,261,7,6,6,3,,,,,,,2,,13,9,Completed,1.09,7.22
2024-10-17,Ningbo Open,WTA500,Outdoor,Hard,2nd Round,3,Kalinskaya A.,Yuan Y.,12,46,6,3,6,3,,,,,,,2,,12,6,Completed,1.52,2.48
2024-10-17,Ningbo Open,WTA500,Outdoor,Hard,2nd Round,3,Muchova K.,Cristian J.,29,73,6,2,6,1,,,,,,,2,,12,3,Completed,1.07,8.35
2024-10-18,Ningbo Open,WTA500,Outdoor,Hard,Quarterfinals,3,Kasatkina D.,Putintseva Y.,11,32,6,4,1,6,7,6,,,,,2,1,14,16,Completed,2.25,1.63
2024-10-18,Ningbo Open,WTA500,Outdoor,Hard,Quarterfinals,3,Andreeva M.,Krejcikova B.,19,13,7,6,3,2,,,,,,,1,,10,8,Retired,1.31,3.37
2024-10-18,Ningbo Open,WTA500,Outdoor,Hard,Quarterfinals,3,Badosa P.,Haddad Maia B.,14,10,6,3,6,2,,,,,,,2,,12,5,Completed,1.44,2.74
2024-10-18,Ningbo Open,WTA500,Outdoor,Hard,Quarterfinals,3,Muchova K.,Kalinskaya A.,29,12,2,6,6,2,6,3,,,,,2,1,14,11,Completed,1.24,3.97
2024-10-19,Ningbo Open,WTA500,Outdoor,Hard,Semifinals,3,Kasatkina D.,Badosa P.,11,14,6,4,,,,,,,,,1,,6,4,Retired,3.74,1.26
2024-10-19,Ningbo Open,WTA500,Outdoor,Hard,Semifinals,3,Andreeva M.,Muchova K.,19,29,6,2,1,0,,,,,,,1,,7,2,Retired,2.56,1.5
2024-10-20,Ningbo Open,WTA500,Outdoor,Hard,The Final,3,Kasatkina D.,Andreeva M.,11,19,6,0,4,6,6,4,,,,,2,1,16,10,Completed,2.89,1.4
2024-10-14,Japan Open,WTA250,Outdoor,Hard,1st Round,3,Lamens S.,Tomova V.,125,49,6,0,6,2,,,,,,,2,,12,2,Completed,2.45,1.54
2024-10-14,Japan Open,WTA250,Outdoor,Hard,1st Round,3,Tauson C.,Volynets K.,63,58,6,1,6,4,,,,,,,2,,12,5,Completed,1.64,2.27
2024-10-14,Japan Open,WTA250,Outdoor,Hard,1st Round,3,Bronzetti L.,Bucsa C.,78,70,6,3,6,4,,,,,,,2,,12,7,Completed,1.88,1.9
2024-10-14,Japan Open,WTA250,Outdoor,Hard,1st Round,3,Kessler M.,Shibahara E.,76,139,6,4,6,1,,,,,,,2,,12,5,Completed,1.55,2.43
2024-10-14,Japan Open,WTA250,Outdoor,Hard,1st Round,3,Cocciaretto E.,Ponchet J.,50,109,6,4,5,7,7,6,,,,,2,1,18,17,Completed,1.3,3.42
2024-10-14,Japan Open,WTA250,Outdoor,Hard,1st Round,3,Ito A.,Kenin S.,188,158,6,2,3,6,7,5,,,,,2,1,16,13,Completed,3.31,1.32
2024-10-15,Japan Open,WTA250,Outdoor,Hard,1st Round,3,Lys E.,Osorio M.,118,55,6,2,6,3,,,,,,,2,,12,5,Completed,2.25,1.62
2024-10-15,Japan Open,WTA250,Outdoor,Hard,1st Round,3,Dart H.,Siegemund L.,81,89,3,6,7,5,7,5,,,,,2,1,17,16,Completed,2.61,1.48
2024-10-15,Japan Open,WTA250,Outdoor,Hard,1st Round,3,Minnen G.,Andreescu B.,95,163,6,3,6,0,,,,,,,2,,12,3,Completed,2.53,1.51
2024-10-15,Japan Open,WTA250,Outdoor,Hard,1st Round,3,Bouzkova M.,Uchijima M.,43,59,7,6,2,6,6,3,,,,,2,1,15,15,Completed,1.23,3.99
2024-10-15,Japan Open,WTA250,Outdoor,Hard,1st Round,3,Parry D.,Andreeva E.,52,66,4,6,7,6,6,1,,,,,2,1,17,13,Completed,2.14,1.69
2024-10-15,Japan Open,WTA250,Outdoor,Hard,1st Round,3,Bogdan A.,Kudermetova V.,111,67,6,2,6,2,,,,,,,2,,12,4,Completed,2.47,1.52
2024-10-15,Japan Open,WTA250,Outdoor,Hard,1st Round,3,Avanesyan E.,Krueger A.,48,65,7,6,6,3,,,,,,,2,,13,9,Completed,2.26,1.62
2024-10-15,Japan Open,WTA250,Outdoor,Hard,1st Round,3,Mertens E.,Hontama M.,27,126,6,1,6,1,,,,,,,2,,12,2,Completed,1.15,5.29
2024-10-15,Japan Open,WTA250,Outdoor,Hard,1st Round,3,Saito S.,Bouzas Maneiro J.,179,61,6,3,6,2,,,,,,,2,,12,5,Completed,2.9,1.4
2024-10-15,Japan Open,WTA250,Outdoor,Hard,1st Round,3,Birrell K.,Zheng S.,150,1007,6,2,6,3,,,,,,,2,,12,5,Completed,1.14,5.6
2024-10-16,Japan Open,WTA250,Outdoor,Hard,2nd Round,3,Lamens S.,Bronzetti L.,125,78,6,3,6,4,,,,,,,2,,12,7,Completed,2.18,1.67
2024-10-16,Japan Open,WTA250,Outdoor,Hard,2nd Round,3,Lys E.,Kessler M.,118,76,7,6,3,6,7,5,,,,,2,1,17,17,Completed,1.8,1.99
2024-10-16,Japan Open,WTA250,Outdoor,Hard,2nd Round,3,Tauson C.,Dart H.,63,81,6,3,6,2,,,,,,,2,,12,5,Completed,1.28,3.6
2024-10-16,Japan Open,WTA250,Outdoor,Hard,2nd Round,3,Ito A.,Cocciaretto E.,188,50,6,4,6,3,,,,,,,2,,12,7,Completed,3.42,1.3
2024-10-17,Japan Open,WTA250,Outdoor,Hard,2nd Round,3,Bogdan A.,Bouzkova M.,111,43,6,0,7,6,,,,,,,2,,13,6,Completed,2.32,1.59
2024-10-17,Japan Open,WTA250,Outdoor,Hard,2nd Round,3,Parry D.,Minnen G.,52,95,6,4,6,2,,,,,,,2,,12,6,Completed,2.07,1.74
2024-10-17,Japan Open,WTA250,Outdoor,Hard,2nd Round,3,Birrell K.,Mertens E.,150,27,3,6,7,5,4,1,,,,,1,1,14,12,Retired,4.23,1.22
2024-10-17,Japan Open,WTA250,Outdoor,Hard,2nd Round,3,Saito S.,Avanesyan E.,179,48,7,6,6,4,,,,,,,2,,13,10,Completed,3.73,1.27
2024-10-18,Japan Open,WTA250,Outdoor,Hard,Quarterfinals,3,Lamens S.,Bogdan A.,125,111,4,6,6,3,6,3,,,,,2,1,16,12,Completed,2.38,1.57
2024-10-18,Japan Open,WTA250,Outdoor,Hard,Quarterfinals,3,Ito A.,Lys E.,188,118,6,7,6,2,6,3,,,,,2,1,18,12,Completed,2.86,1.41
2024-10-18,Japan Open,WTA250,Outdoor,Hard,Quarterfinals,3,Parry D.,Tauson C.,52,63,6,3,1,6,6,3,,,,,2,1,13,12,Completed,2.59,1.49
2024-10-18,Japan Open,WTA250,Outdoor,Hard,Quarterfinals,3,Birrell K.,Saito S.,150,179,7,5,6,4,,,,,,,2,,13,9,Completed,1.73,2.09
2024-10-20,Japan Open,WTA250,Outdoor,Hard,Semifinals,3,Lamens S.,Parry D.,125,52,6,2,6,4,,,,,,,2,,12,6,Completed,2.5,1.52
2024-10-20,Japan Open,WTA250,Outdoor,Hard,Semifinals,3,Birrell K.,Ito A.,150,188,6,4,6,3,,,,,,,2,,12,7,Completed,1.61,2.29
2024-10-20,Japan Open,WTA250,Outdoor,Hard,The Final,3,Lamens S.,Birrell K.,125,150,6,0,6,4,,,,,,,2,,12,4,Completed,1.57,2.42
2024-10-21,Guangzhou Open,WTA250,Outdoor,Hard,1st Round,3,Wei S.,Sramkova R.,135,51,6,1,6,4,,,,,,,2,,12,5,Completed,2.64,1.47
2024-10-21,Guangzhou Open,WTA250,Outdoor,Hard,1st Round,3,Danilovic O.,Andreeva E.,86,65,6,4,6,4,,,,,,,2,,12,8,Completed,1.98,1.8
2024-10-21,Guangzhou Open,WTA250,Outdoor,Hard,1st Round,3,Cristian J.,Golubic V.,74,165,6,4,2,6,6,1,,,,,2,1,14,11,Completed,1.71,2.11
2024-10-22,Guangzhou Open,WTA250,Outdoor,Hard,1st Round,3,Parry D.,Bektas E.,50,138,6,3,6,2,,,,,,,2,,12,5,Completed,1.37,3.02
2024-10-22,Guangzhou Open,WTA250,Outdoor,Hard,1st Round,3,Bronzetti L.,Avanesyan E.,84,45,6,1,6,4,,,,,,,2,,12,5,Completed,2.11,1.7
2024-10-22,Guangzhou Open,WTA250,Outdoor,Hard,1st Round,3,Shi H.,Ponchet J.,254,104,6,1,6,7,6,3,,,,,2,1,18,11,Completed,3.74,1.26
2024-10-22,Guangzhou Open,WTA250,Outdoor,Hard,1st Round,3,Sawangkaew M.,Seidel E.,163,117,6,1,2,6,6,2,,,,,2,1,14,9,Completed,1.65,2.25
2024-10-22,Guangzhou Open,WTA250,Outdoor,Hard,1st Round,3,Bouzas Maneiro J.,Fett J.,60,105,6,4,6,3,,,,,,,2,,12,7,Completed,1.47,2.63
2024-10-22,Guangzhou Open,WTA250,Outdoor,Hard,1st Round,3,Wang Xiy.,Rus A.,99,77,6,2,6,4,,,,,,,2,,12,6,Completed,1.27,3.69
2024-10-22,Guangzhou Open,WTA250,Outdoor,Hard,1st Round,3,Pera B.,Eala A.,79,147,6,0,6,3,,,,,,,2,,12,3,Completed,1.7,2.12
2024-10-22,Guangzhou Open,WTA250,Outdoor,Hard,1st Round,3,Parks A.,Bondar A.,115,94,6,3,6,3,,,,,,,2,,12,6,Completed,1.96,1.81
2024-10-22,Guangzhou Open,WTA250,Outdoor,Hard,1st Round,3,Dolehide C.,Pridankina E.,101,179,6,2,6,1,,,,,,,2,,12,3,Completed,1.62,2.33
2024-10-22,Guangzhou Open,WTA250,Outdoor,Hard,1st Round,3,Siniakova K.,Martic P.,48,121,6,2,6,1,,,,,,,2,,12,3,Completed,1.28,3.56
2024-10-22,Guangzhou Open,WTA250,Outdoor,Hard,1st Round,3,Bouzkova M.,Lamens S.,47,88,6,3,6,1,,,,,,,2,,12,4,Completed,1.5,2.53
2024-10-22,Guangzhou Open,WTA250,Outdoor,Hard,1st Round,3,Yuan Y.,Minnen G.,44,90,7,6,6,1,,,,,,,2,,13,7,Completed,1.53,2.45
2024-10-22,Guangzhou Open,WTA250,Outdoor,Hard,1st Round,3,Zhang S.,Rakhimova K.,237,61,6,2,6,1,,,,,,,2,,12,3,Completed,2.14,1.69
2024-10-23,Guangzhou Open,WTA250,Outdoor,Hard,2nd Round,3,Bronzetti L.,Cristian J.,84,74,7,6,6,4,,,,,,,2,,13,10,Completed,1.89,1.88
2024-10-23,Guangzhou Open,WTA250,Outdoor,Hard,2nd Round,3,Danilovic O.,Parry D.,86,50,6,1,6,0,,,,,,,2,,12,1,Completed,1.82,1.96
2024-10-23,Guangzhou Open,WTA250,Outdoor,Hard,2nd Round,3,Bouzas Maneiro J.,Shi H.,60,254,6,3,6,4,,,,,,,2,,12,7,Completed,1.23,4.03
2024-10-23,Guangzhou Open,WTA250,Outdoor,Hard,2nd Round,3,Wang Xiy.,Wei S.,99,135,3,6,6,0,7,5,,,,,2,1,16,11,Completed,1.27,3.7
2024-10-24,Guangzhou Open,WTA250,Outdoor,Hard,2nd Round,3,Siniakova K.,Parks A.,48,115,6,1,6,4,,,,,,,2,,12,5,Completed,1.21,4.27
2024-10-24,Guangzhou Open,WTA250,Outdoor,Hard,2nd Round,3,Dolehide C.,Bouzkova M.,101,47,6,7,6,4,7,6,,,,,2,1,19,17,Completed,3.37,1.31
2024-10-24,Guangzhou Open,WTA250,Outdoor,Hard,2nd Round,3,Pera B.,Zhang S.,79,237,6,2,6,2,,,,,,,2,,12,4,Completed,2.18,1.67
2024-10-24,Guangzhou Open,WTA250,Outdoor,Hard,2nd Round,3,Sawangkaew M.,Yuan Y.,163,44,6,2,6,3,,,,,,,2,,12,5,Completed,3.01,1.38
2024-10-25,Guangzhou Open,WTA250,Outdoor,Hard,Quarterfinals,3,Siniakova K.,Pera B.,48,79,6,4,7,5,,,,,,,2,,13,9,Completed,1.47,2.65
2024-10-25,Guangzhou Open,WTA250,Outdoor,Hard,Quarterfinals,3,Danilovic O.,Sawangkaew M.,86,163,6,4,6,4,,,,,,,2,,12,8,Completed,1.39,2.95
2024-10-25,Guangzhou Open,WTA250,Outdoor,Hard,Quarterfinals,3,Dolehide C.,Bouzas Maneiro J.,101,60,6,4,4,6,6,0,,,,,2,1,16,10,Completed,2.0,1.79
2024-10-25,Guangzhou Open,WTA250,Outdoor,Hard,Quarterfinals,3,Bronzetti L.,Wang Xiy.,84,99,6,4,6,1,,,,,,,2,,12,5,Completed,2.68,1.46
2024-10-26,Guangzhou Open,WTA250,Outdoor,Hard,Semifinals,3,Danilovic O.,Siniakova K.,86,48,4,6,6,4,4,3,,,,,1,1,14,13,Retired,2.34,1.59
2024-10-26,Guangzhou Open,WTA250,Outdoor,Hard,Semifinals,3,Dolehide C.,Bronzetti L.,101,84,6,3,3,6,7,6,,,,,2,1,16,15,Completed,2.06,1.75
2024-10-27,Guangzhou Open,WTA250,Outdoor,Hard,The Final,3,Danilovic O.,Dolehide C.,86,101,6,3,6,1,,,,,,,2,,12,4,Completed,1.57,2.38
2024-10-21,Toray Pan Pacific Open Tennis Tournament,WTA500,Outdoor,Hard,1st Round,3,Tomova V.,Kudermetova V.,49,62,7,6,6,3,,,,,,,2,,13,9,Completed,3.09,1.36
2024-10-21,Toray Pan Pacific Open Tennis Tournament,WTA500,Outdoor,Hard,1st Round,3,Gracheva V.,Hontama M.,68,137,6,1,7,6,,,,,,,2,,13,7,Completed,1.55,2.41
2024-10-21,Toray Pan Pacific Open Tennis Tournament,WTA500,Outdoor,Hard,1st Round,3,Sonmez Z.,Frech M.,148,24,1,6,6,4,6,3,,,,,2,1,13,13,Completed,3.37,1.31
2024-10-21,Toray Pan Pacific Open Tennis Tournament,WTA500,Outdoor,Hard,1st Round,3,Fernandez L.A.,Sasnovich A.,35,143,5,7,6,2,5,2,,,,,1,1,16,11,Retired,1.34,3.2
2024-10-21,Toray Pan Pacific Open Tennis Tournament,WTA500,Outdoor,Hard,1st Round,3,Andreescu B.,Yamaguchi M.,159,410,7,5,6,3,,,,,,,2,,13,8,Completed,1.07,8.11
2024-10-22,Toray Pan Pacific Open Tennis Tournament,WTA500,Outdoor,Hard,1st Round,3,Kenin S.,Wang Xin.,155,39,6,1,6,4,,,,,,,2,,12,5,Completed,2.87,1.41
2024-10-22,Toray Pan Pacific Open Tennis Tournament,WTA500,Outdoor,Hard,1st Round,3,Kessler M.,Cocciaretto E.,73,52,6,3,6,3,,,,,,,2,,12,6,Completed,1.75,2.04
2024-10-22,Toray Pan Pacific Open Tennis Tournament,WTA500,Outdoor,Hard,1st Round,3,Ishii S.,Saito S.,279,158,6,1,6,1,,,,,,,2,,12,2,Completed,2.57,1.49
2024-10-22,Toray Pan Pacific Open Tennis Tournament,WTA500,Outdoor,Hard,1st Round,3,Okamura K.,Baptiste H.,271,80,7,6,6,3,,,,,,,2,,13,9,Completed,7.88,1.07
2024-10-22,Toray Pan Pacific Open Tennis Tournament,WTA500,Outdoor,Hard,1st Round,3,Tauson C.,Hibino N.,53,156,6,2,6,3,,,,,,,2,,12,5,Completed,1.24,3.92
2024-10-22,Toray Pan Pacific Open Tennis Tournament,WTA500,Outdoor,Hard,1st Round,3,Uchijima M.,Stojsavljevic M.,57,633,6,4,6,7,7,6,,,,,2,1,19,17,Completed,1.29,3.52
2024-10-22,Toray Pan Pacific Open Tennis Tournament,WTA500,Outdoor,Hard,1st Round,3,Boulter K.,Hon P.,33,217,6,1,6,4,,,,,,,2,,12,5,Completed,1.21,4.36
2024-10-23,Toray Pan Pacific Open Tennis Tournament,WTA500,Outdoor,Hard,2nd Round,3,Fernandez L.A.,Gracheva V.,35,68,6,0,3,6,7,5,,,,,2,1,16,11,Completed,1.27,3.68
2024-10-23,Toray Pan Pacific Open Tennis Tournament,WTA500,Outdoor,Hard,2nd Round,3,Shnaider D.,Tomova V.,16,49,6,2,6,2,,,,,,,2,,12,4,Completed,1.29,3.56
2024-10-23,Toray Pan Pacific Open Tennis Tournament,WTA500,Outdoor,Hard,2nd Round,3,Ishii S.,Sonmez Z.,279,148,4,6,6,2,6,3,,,,,2,1,16,11,Completed,2.33,1.59
2024-10-23,Toray Pan Pacific Open Tennis Tournament,WTA500,Outdoor,Hard,2nd Round,3,Andreescu B.,Haddad Maia B.,159,10,3,0,,,,,,,,,,,3,0,Retired,3.0,1.38
2024-10-24,Toray Pan Pacific Open Tennis Tournament,WTA500,Outdoor,Hard,2nd Round,3,Kenin S.,Tauson C.,155,53,6,7,6,4,7,6,,,,,2,1,19,17,Completed,2.27,1.62
2024-10-24,Toray Pan Pacific Open Tennis Tournament,WTA500,Outdoor,Hard,2nd Round,3,Kasatkina D.,Kessler M.,9,73,3,6,6,3,6,1,,,,,2,1,15,10,Completed,1.35,3.1
2024-10-24,Toray Pan Pacific Open Tennis Tournament,WTA500,Outdoor,Hard,2nd Round,3,Boulter K.,Okamura K.,33,271,6,1,6,2,,,,,,,2,,12,3,Completed,1.06,8.53
2024-10-24,Toray Pan Pacific Open Tennis Tournament,WTA500,Outdoor,Hard,2nd Round,3,Zheng Q.,Uchijima M.,7,57,7,5,6,0,,,,,,,2,,13,5,Completed,1.05,9.35
2024-10-25,Toray Pan Pacific Open Tennis Tournament,WTA500,Outdoor,Hard,Quarterfinals,3,Boulter K.,Andreescu B.,33,159,6,2,6,1,,,,,,,2,,12,3,Completed,1.62,2.27
2024-10-25,Toray Pan Pacific Open Tennis Tournament,WTA500,Outdoor,Hard,Quarterfinals,3,Kenin S.,Kasatkina D.,155,9,6,3,6,4,,,,,,,2,,12,7,Completed,2.9,1.4
2024-10-25,Toray Pan Pacific Open Tennis Tournament,WTA500,Outdoor,Hard,Quarterfinals,3,Zheng Q.,Fernandez L.A.,7,35,6,0,1,6,6,3,,,,,2,1,13,9,Completed,1.26,3.75
2024-10-26,Toray Pan Pacific Open Tennis Tournament,WTA500,Outdoor,Hard,Semifinals,3,Kenin S.,Boulter K.,155,33,6,4,6,4,,,,,,,2,,12,8,Completed,2.41,1.55
2024-10-26,Toray Pan Pacific Open Tennis Tournament,WTA500,Outdoor,Hard,Semifinals,3,Zheng Q.,Shnaider D.,7,16,7,6,6,3,,,,,,,2,,13,9,Completed,1.32,3.33
2024-10-27,Toray Pan Pacific Open Tennis Tournament,WTA500,Outdoor,Hard,The Final,3,Zheng Q.,Kenin S.,7,155,7,6,6,3,,,,,,,2,,13,9,Completed,1.13,5.74
2024-10-28,Hong Kong Tennis Open,WTA250,Outdoor,Hard,1st Round,3,Pera B.,Saito S.,81,161,6,4,6,4,,,,,,,2,,12,8,Completed,1.36,3.07
2024-10-28,Hong Kong Tennis Open,WTA250,Outdoor,Hard,1st Round,3,Hon P.,Chong E.,210,409,6,3,6,4,,,,,,,2,,12,7,Completed,1.3,3.44
2024-10-28,Hong Kong Tennis Open,WTA250,Outdoor,Hard,1st Round,3,Shi H.,Betova M.,245,,6,4,6,2,,,,,,,2,,12,6,Completed,1.21,4.33
2024-10-28,Hong Kong Tennis Open,WTA250,Outdoor,Hard,1st Round,3,Wang Xiy.,Inoue H.,100,253,6,3,7,6,,,,,,,2,,13,9,Completed,1.12,6.02
2024-10-28,Hong Kong Tennis Open,WTA250,Outdoor,Hard,1st Round,3,Yuan Y.,Halep S.,45,883,6,3,6,3,,,,,,,2,,12,6,Completed,1.79,2.0
2024-10-28,Hong Kong Tennis Open,WTA250,Outdoor,Hard,1st Round,3,Ponchet J.,Wang Xin.,106,37,4,6,7,5,6,2,,,,,2,1,17,13,Completed,5.1,1.16
2024-10-29,Hong Kong Tennis Open,WTA250,Outdoor,Hard,1st Round,3,Hibino N.,Lu J.,159,259,6,7,6,3,7,5,,,,,2,1,19,15,Completed,1.21,4.36
2024-10-29,Hong Kong Tennis Open,WTA250,Outdoor,Hard,1st Round,3,Boulter K.,Ito A.,29,156,6,4,6,4,,,,,,,2,,12,8,Completed,1.25,3.9
2024-10-29,Hong Kong Tennis Open,WTA250,Outdoor,Hard,1st Round,3,Lamens S.,Gao X.,91,170,6,3,6,0,,,,,,,2,,12,3,Completed,1.37,3.05
2024-10-29,Hong Kong Tennis Open,WTA250,Outdoor,Hard,1st Round,3,Bucsa C.,Wong C.,71,412,6,3,6,3,,,,,,,2,,12,6,Completed,1.17,4.95
2024-10-29,Hong Kong Tennis Open,WTA250,Outdoor,Hard,1st Round,3,Shnaider D.,Okamura K.,14,237,6,3,6,3,,,,,,,2,,12,6,Completed,1.02,13.17
2024-10-29,Hong Kong Tennis Open,WTA250,Outdoor,Hard,1st Round,3,Gracheva V.,Prozorova T.,66,268,2,6,7,5,6,2,,,,,2,1,15,13,Completed,1.4,2.88
2024-10-29,Hong Kong Tennis Open,WTA250,Outdoor,Hard,1st Round,3,Birrell K.,Bogdan A.,115,112,6,3,6,4,,,,,,,2,,12,7,Completed,2.12,1.71
2024-10-29,Hong Kong Tennis Open,WTA250,Outdoor,Hard,1st Round,3,Kenin S.,Yamaguchi M.,88,362,6,4,6,4,,,,,,,2,,12,8,Completed,1.07,7.94
2024-10-29,Hong Kong Tennis Open,WTA250,Outdoor,Hard,1st Round,3,Zakharova A.,Jang S.,113,244,7,5,6,4,,,,,,,2,,13,9,Completed,1.47,2.64
2024-10-29,Hong Kong Tennis Open,WTA250,Outdoor,Hard,1st Round,3,Fernandez L.A.,Watson H.,32,139,6,2,6,2,,,,,,,2,,12,4,Completed,1.17,4.88
2024-10-30,Hong Kong Tennis Open,WTA250,Outdoor,Hard,2nd Round,3,Pera B.,Shi H.,81,245,6,0,6,4,,,,,,,2,,12,4,Completed,1.18,4.71
2024-10-30,Hong Kong Tennis Open,WTA250,Outdoor,Hard,2nd Round,3,Yuan Y.,Hibino N.,45,159,4,6,7,5,6,2,,,,,2,1,17,13,Completed,1.28,3.65
2024-10-30,Hong Kong Tennis Open,WTA250,Outdoor,Hard,2nd Round,3,Boulter K.,Wang Xiy.,29,100,7,6,6,4,,,,,,,2,,13,10,Completed,1.61,2.27
2024-10-30,Hong Kong Tennis Open,WTA250,Outdoor,Hard,2nd Round,3,Shnaider D.,Hon P.,14,210,6,4,6,1,,,,,,,2,,12,5,Completed,1.1,6.62
2024-10-31,Hong Kong Tennis Open,WTA250,Outdoor,Hard,2nd Round,3,Zakharova A.,Gracheva V.,113,66,6,3,6,1,,,,,,,2,,12,4,Completed,1.84,1.95
2024-10-31,Hong Kong Tennis Open,WTA250,Outdoor,Hard,2nd Round,3,Lamens S.,Bucsa C.,91,71,5,7,6,4,6,3,,,,,2,1,17,14,Completed,1.63,2.26
2024-10-31,Hong Kong Tennis Open,WTA250,Outdoor,Hard,2nd Round,3,Kenin S.,Ponchet J.,88,106,7,5,6,4,,,,,,,2,,13,9,Completed,1.28,3.6
2024-10-31,Hong Kong Tennis Open,WTA250,Outdoor,Hard,2nd Round,3,Fernandez L.A.,Birrell K.,32,115,6,1,6,2,,,,,,,2,,12,3,Completed,1.27,3.71
2024-11-01,Hong Kong Tennis Open,WTA250,Outdoor,Hard,Quarterfinals,3,Yuan Y.,Kenin S.,45,88,6,3,6,3,,,,,,,2,,12,6,Completed,2.41,1.55
2024-11-01,Hong Kong Tennis Open,WTA250,Outdoor,Hard,Quarterfinals,3,Boulter K.,Zakharova A.,29,113,6,4,6,0,,,,,,,2,,12,4,Completed,1.43,2.77
2024-11-01,Hong Kong Tennis Open,WTA250,Outdoor,Hard,Quarterfinals,3,Shnaider D.,Lamens S.,14,91,6,0,6,7,6,2,,,,,2,1,18,9,Completed,1.25,3.87
2024-11-01,Hong Kong Tennis Open,WTA250,Outdoor,Hard,Quarterfinals,3,Fernandez L.A.,Pera B.,32,81,6,1,7,6,,,,,,,2,,13,7,Completed,1.37,3.07
2024-11-02,Hong Kong Tennis Open,WTA250,Outdoor,Hard,Semifinals,3,Boulter K.,Yuan Y.,29,45,6,2,5,7,6,2,,,,,2,1,17,11,Completed,1.44,2.75
2024-11-02,Hong Kong Tennis Open,WTA250,Outdoor,Hard,Semifinals,3,Shnaider D.,Fernandez L.A.,14,32,6,4,6,2,,,,,,,2,,12,6,Completed,2.02,1.78
2024-11-03,Hong Kong Tennis Open,WTA250,Outdoor,Hard,The Final,3,Shnaider D.,Boulter K.,14,29,6,1,6,2,,,,,,,2,,12,3,Completed,1.58,2.36
2024-10-28,Jiangxi Open,WTA250,Outdoor,Hard,1st Round,3,Korpatsch T.,Nugroho P.,200,535,6,0,6,1,,,,,,,2,,12,1,Completed,1.41,2.9
2024-10-28,Jiangxi Open,WTA250,Outdoor,Hard,1st Round,3,Rus A.,Starodubtseva Y.,83,92,6,4,6,7,6,3,,,,,2,1,18,14,Completed,2.25,1.62
2024-10-28,Jiangxi Open,WTA250,Outdoor,Hard,1st Round,3,Fruhvirtova L.,Von Deichmann K.,209,171,6,0,7,5,,,,,,,2,,13,5,Completed,1.78,2.02
2024-10-28,Jiangxi Open,WTA250,Outdoor,Hard,1st Round,3,Rakhimova K.,Martic P.,63,124,6,1,4,6,7,5,,,,,2,1,17,12,Completed,1.62,2.25
2024-10-28,Jiangxi Open,WTA250,Outdoor,Hard,1st Round,3,Pridankina E.,Seidel E.,179,120,6,3,7,6,,,,,,,2,,13,9,Completed,2.13,1.7
2024-10-28,Jiangxi Open,WTA250,Outdoor,Hard,1st Round,3,Bouzas Maneiro J.,Diyas Z.,56,388,6,4,6,2,,,,,,,2,,12,6,Completed,1.47,2.65
2024-10-28,Jiangxi Open,WTA250,Outdoor,Hard,1st Round,3,Bouzkova M.,Eala A.,49,150,7,5,7,6,,,,,,,2,,14,11,Completed,1.22,4.22
2024-10-29,Jiangxi Open,WTA250,Outdoor,Hard,1st Round,3,Yao X.,Liu F.,294,367,6,2,6,1,,,,,,,2,,12,3,Completed,2.2,1.65
2024-10-29,Jiangxi Open,WTA250,Outdoor,Hard,1st Round,3,Golubic V.,You X.,168,306,7,5,6,2,,,,,,,2,,13,7,Completed,1.24,3.97
2024-10-29,Jiangxi Open,WTA250,Outdoor,Hard,1st Round,3,Zheng S.,Fett J.,988,105,6,4,2,6,6,4,,,,,2,1,14,14,Completed,3.57,1.29
2024-10-29,Jiangxi Open,WTA250,Outdoor,Hard,1st Round,3,Sawangkaew M.,Bronzetti L.,147,77,6,4,4,6,6,2,,,,,2,1,16,12,Completed,2.52,1.51
2024-10-29,Jiangxi Open,WTA250,Outdoor,Hard,1st Round,3,Bondar A.,Hartono A.,97,146,6,2,2,6,7,6,,,,,2,1,15,14,Completed,1.69,2.13
2024-10-29,Jiangxi Open,WTA250,Outdoor,Hard,1st Round,3,Trevisan M.,Zheng W.,136,352,6,1,6,2,,,,,,,2,,12,3,Completed,1.46,2.67
2024-10-29,Jiangxi Open,WTA250,Outdoor,Hard,1st Round,3,Siegemund L.,Uchijima M.,101,55,7,5,6,3,,,,,,,2,,13,8,Completed,1.51,2.51
2024-10-29,Jiangxi Open,WTA250,Outdoor,Hard,1st Round,3,Wei S.,Hontama M.,132,140,6,2,3,6,6,1,,,,,2,1,15,9,Completed,1.44,2.72
2024-10-29,Jiangxi Open,WTA250,Outdoor,Hard,1st Round,3,Sramkova R.,Zhang S.,53,223,6,1,6,1,,,,,,,2,,12,2,Completed,1.99,1.8
2024-10-30,Jiangxi Open,WTA250,Outdoor,Hard,2nd Round,3,Bouzkova M.,Yao X.,49,294,6,3,6,3,,,,,,,2,,12,6,Completed,1.07,7.94
2024-10-30,Jiangxi Open,WTA250,Outdoor,Hard,2nd Round,3,Siegemund L.,Korpatsch T.,101,200,6,4,6,4,,,,,,,2,,12,8,Completed,1.37,3.01
2024-10-30,Jiangxi Open,WTA250,Outdoor,Hard,2nd Round,3,Rakhimova K.,Pridankina E.,63,179,4,6,6,4,7,5,,,,,2,1,17,15,Completed,1.5,2.55
2024-10-30,Jiangxi Open,WTA250,Outdoor,Hard,2nd Round,3,Sawangkaew M.,Zheng S.,147,988,4,6,6,1,7,6,,,,,2,1,17,13,Completed,1.2,4.41
2024-10-31,Jiangxi Open,WTA250,Outdoor,Hard,2nd Round,3,Golubic V.,Bouzas Maneiro J.,168,56,6,2,,,,,,,,,1,,6,2,Retired,2.25,1.64
2024-10-31,Jiangxi Open,WTA250,Outdoor,Hard,2nd Round,3,Rus A.,Fruhvirtova L.,83,209,6,4,7,6,,,,,,,2,,13,10,Completed,1.51,2.51
2024-10-31,Jiangxi Open,WTA250,Outdoor,Hard,2nd Round,3,Sramkova R.,Wei S.,53,132,7,5,6,3,,,,,,,2,,13,8,Completed,1.58,2.34
2024-10-31,Jiangxi Open,WTA250,Outdoor,Hard,2nd Round,3,Trevisan M.,Bondar A.,136,97,7,6,6,2,,,,,,,2,,13,8,Completed,1.92,1.86
2024-11-01,Jiangxi Open,WTA250,Outdoor,Hard,Quarterfinals,3,Golubic V.,Rus A.,168,83,7,5,4,6,7,6,,,,,2,1,18,17,Completed,2.03,1.77
2024-11-01,Jiangxi Open,WTA250,Outdoor,Hard,Quarterfinals,3,Sramkova R.,Trevisan M.,53,136,6,3,3,6,6,2,,,,,2,1,15,11,Completed,1.4,2.9
2024-11-01,Jiangxi Open,WTA250,Outdoor,Hard,Quarterfinals,3,Bouzkova M.,Rakhimova K.,49,63,6,2,6,2,,,,,,,2,,12,4,Completed,1.4,2.88
2024-11-01,Jiangxi Open,WTA250,Outdoor,Hard,Quarterfinals,3,Siegemund L.,Sawangkaew M.,101,147,6,4,6,2,,,,,,,2,,12,6,Completed,1.67,2.17
2024-11-02,Jiangxi Open,WTA250,Outdoor,Hard,Semifinals,3,Golubic V.,Bouzkova M.,168,49,6,1,6,2,,,,,,,2,,12,3,Completed,3.74,1.27
2024-11-02,Jiangxi Open,WTA250,Outdoor,Hard,Semifinals,3,Sramkova R.,Siegemund L.,53,101,7,6,6,2,,,,,,,2,,13,8,Completed,1.61,2.29
2024-11-03,Jiangxi Open,WTA250,Outdoor,Hard,The Final,3,Golubic V.,Sramkova R.,168,53,6,3,7,5,,,,,,,2,,13,8,Completed,2.33,1.59
2024-10-28,Merida Open,WTA250,Outdoor,Hard,1st Round,3,Jacquemot E.,Montgomery R.,148,107,4,6,6,3,7,6,,,,,2,1,17,15,Completed,2.96,1.38
2024-10-28,Merida Open,WTA250,Outdoor,Hard,1st Round,3,Li A.,Parrizas Diaz N.,111,94,6,0,6,4,,,,,,,2,,12,4,Completed,1.87,1.9
2024-10-28,Merida Open,WTA250,Outdoor,Hard,1st Round,3,Stojanovic N.,Maria T.,560,98,6,4,6,4,,,,,,,2,,12,8,Completed,3.15,1.35
2024-10-28,Merida Open,WTA250,Outdoor,Hard,1st Round,3,Korneeva A.,Parks A.,254,109,6,3,6,1,,,,,,,2,,12,4,Completed,1.54,2.47
2024-10-28,Merida Open,WTA250,Outdoor,Hard,1st Round,3,Chwalinska M.,Marino R.,175,114,4,6,6,4,6,3,,,,,2,1,16,13,Completed,2.46,1.53
2024-10-29,Merida Open,WTA250,Outdoor,Hard,1st Round,3,Tomljanovic A.,Mandlik E.,85,177,7,6,6,1,,,,,,,2,,13,7,Completed,1.54,2.41
2024-10-29,Merida Open,WTA250,Outdoor,Hard,1st Round,3,Teichmann J.,Tikhonova A.,153,183,6,1,6,4,,,,,,,2,,12,5,Completed,1.53,2.45
2024-10-29,Merida Open,WTA250,Outdoor,Hard,1st Round,3,Ruzic A.,Samsonova L.,165,24,6,4,6,4,,,,,,,2,,12,8,Completed,1.52,2.5
2024-10-29,Merida Open,WTA250,Outdoor,Hard,1st Round,3,Lepchenko V.,Zidansek T.,144,192,6,2,6,2,,,,,,,2,,12,4,Completed,2.02,1.78
2024-10-29,Merida Open,WTA250,Outdoor,Hard,1st Round,3,Stefanini L.,Niemeier J.,163,86,6,3,6,2,,,,,,,2,,12,5,Completed,1.76,2.04
2024-10-29,Merida Open,WTA250,Outdoor,Hard,1st Round,3,Sonmez Z.,Carle M.,127,90,5,7,6,1,6,2,,,,,2,1,17,10,Completed,1.79,1.99
2024-10-30,Merida Open,WTA250,Outdoor,Hard,1st Round,3,Stakusic M.,Joint M.,116,110,2,6,7,6,7,6,,,,,2,1,16,18,Completed,1.77,2.02
2024-10-30,Merida Open,WTA250,Outdoor,Hard,1st Round,3,Kudermetova P.,Podoroska N.,133,80,6,1,6,1,,,,,,,2,,12,2,Completed,1.79,1.99
2024-10-30,Merida Open,WTA250,Outdoor,Hard,1st Round,3,Sorribes Tormo S.,Sanchez A.S.,103,286,6,2,6,1,,,,,,,2,,12,3,Completed,1.01,14.42
2024-10-30,Merida Open,WTA250,Outdoor,Hard,1st Round,3,Zarazua R.,Urhobo A.,62,292,7,5,6,2,,,,,,,2,,13,7,Completed,1.19,4.57
2024-10-30,Merida Open,WTA250,Outdoor,Hard,1st Round,3,Blinkova A.,Tsurenko L.,75,122,2,6,6,4,4,0,,,,,1,1,12,10,Retired,1.52,2.49
2024-10-30,Merida Open,WTA250,Outdoor,Hard,2nd Round,3,Li A.,Ruzic A.,111,165,6,2,6,2,,,,,,,2,,12,4,Completed,1.42,2.8
2024-10-31,Merida Open,WTA250,Outdoor,Hard,2nd Round,3,Kudermetova P.,Lepchenko V.,133,144,6,3,6,4,,,,,,,2,,12,7,Completed,1.64,2.23
2024-10-31,Merida Open,WTA250,Outdoor,Hard,2nd Round,3,Stojanovic N.,Stakusic M.,560,116,6,3,6,3,,,,,,,2,,12,6,Completed,2.47,1.53
2024-11-01,Merida Open,WTA250,Outdoor,Hard,2nd Round,3,Sonmez Z.,Jacquemot E.,127,148,7,6,6,3,,,,,,,2,,13,9,Completed,1.51,2.54
2024-11-01,Merida Open,WTA250,Outdoor,Hard,2nd Round,3,Sorribes Tormo S.,Stefanini L.,103,163,6,4,1,6,6,4,,,,,2,1,13,14,Completed,1.57,2.36
2024-11-01,Merida Open,WTA250,Outdoor,Hard,2nd Round,3,Zarazua R.,Chwalinska M.,62,175,2,6,6,2,6,1,,,,,2,1,14,9,Completed,1.52,2.53
2024-11-01,Merida Open,WTA250,Outdoor,Hard,2nd Round,3,Korneeva A.,Blinkova A.,254,75,7,5,6,2,,,,,,,2,,13,7,Completed,2.06,1.74
2024-11-01,Merida Open,WTA250,Outdoor,Hard,Quarterfinals,3,Li A.,Teichmann J.,111,153,6,1,6,1,,,,,,,2,,12,2,Completed,1.48,2.6
2024-11-01,Merida Open,WTA250,Outdoor,Hard,Quarterfinals,3,Sonmez Z.,Zarazua R.,127,62,3,6,6,3,6,4,,,,,2,1,15,13,Completed,1.98,1.81
2024-11-02,Merida Open,WTA250,Outdoor,Hard,Quarterfinals,3,Kudermetova P.,Stojanovic N.,133,560,5,7,6,4,6,3,,,,,2,1,17,14,Completed,1.58,2.34
2024-11-02,Merida Open,WTA250,Outdoor,Hard,Quarterfinals,3,Korneeva A.,Sorribes Tormo S.,254,103,6,3,6,1,,,,,,,2,,12,4,Completed,1.96,1.83
2024-11-03,Merida Open,WTA250,Outdoor,Hard,Semifinals,3,Sonmez Z.,Korneeva A.,127,254,7,6,6,2,,,,,,,2,,13,8,Completed,2.9,1.4
2024-11-03,Merida Open,WTA250,Outdoor,Hard,Semifinals,3,Li A.,Kudermetova P.,111,133,6,3,4,6,6,2,,,,,2,1,16,11,Completed,1.45,2.7
2024-11-04,Merida Open,WTA250,Outdoor,Hard,The Final,3,Sonmez Z.,Li A.,127,111,6,2,6,1,,,,,,,2,,12,3,Completed,2.49,1.52
2024-11-02,WTA Finals,Tour Championships,Indoor,Hard,Round Robin,3,Sabalenka A.,Zheng Q.,1,7,6,3,6,4,,,,,,,2,,12,7,Completed,1.4,2.94
2024-11-02,WTA Finals,Tour Championships,Indoor,Hard,Round Robin,3,Paolini J.,Rybakina E.,4,5,7,6,6,4,,,,,,,2,,13,10,Completed,2.43,1.55
2024-11-03,WTA Finals,Tour Championships,Indoor,Hard,Round Robin,3,Swiatek I.,Krejcikova B.,2,13,4,6,7,5,6,2,,,,,2,1,17,13,Completed,1.14,5.74
2024-11-03,WTA Finals,Tour Championships,Indoor,Hard,Round Robin,3,Gauff C.,Pegula J.,3,6,6,3,6,2,,,,,,,2,,12,5,Completed,1.54,2.47
2024-11-04,WTA Finals,Tour Championships,Indoor,Hard,Round Robin,3,Zheng Q.,Rybakina E.,7,5,7,6,3,6,6,1,,,,,2,1,16,13,Completed,1.62,2.29
2024-11-04,WTA Finals,Tour Championships,Indoor,Hard,Round Robin,3,Sabalenka A.,Paolini J.,1,4,6,3,7,5,,,,,,,2,,13,8,Completed,1.14,5.62
2024-11-05,WTA Finals,Tour Championships,Indoor,Hard,Round Robin,3,Krejcikova B.,Pegula J.,13,6,6,3,6,3,,,,,,,2,,12,6,Completed,2.73,1.45
2024-11-05,WTA Finals,Tour Championships,Indoor,Hard,Round Robin,3,Gauff C.,Swiatek I.,3,2,6,3,6,4,,,,,,,2,,12,7,Completed,2.43,1.56
2024-11-06,WTA Finals,Tour Championships,Indoor,Hard,Round Robin,3,Zheng Q.,Paolini J.,7,4,6,1,6,1,,,,,,,2,,12,2,Completed,1.4,2.93
2024-11-06,WTA Finals,Tour Championships,Indoor,Hard,Round Robin,3,Rybakina E.,Sabalenka A.,5,1,6,4,3,6,6,1,,,,,2,1,15,11,Completed,4.63,1.19
2024-11-07,WTA Finals,Tour Championships,Indoor,Hard,Round Robin,3,Swiatek I.,Kasatkina D.,2,9,6,1,6,0,,,,,,,2,,12,1,Completed,1.14,5.73
2024-11-07,WTA Finals,Tour Championships,Indoor,Hard,Round Robin,3,Krejcikova B.,Gauff C.,13,3,7,5,6,4,,,,,,,2,,13,9,Completed,3.66,1.28
2024-11-08,WTA Finals,Tour Championships,Indoor,Hard,Semifinals,3,Zheng Q.,Krejcikova B.,7,13,6,3,7,5,,,,,,,2,,13,8,Completed,1.4,2.93
2024-11-08,WTA Finals,Tour Championships,Indoor,Hard,The Final,3,Gauff C.,Sabalenka A.,3,1,7,6,6,3,,,,,,,2,,13,9,Completed,2.58,1.5
2024-11-09,WTA Finals,Tour Championships,Indoor,Hard,The Final,3,Gauff C.,Zheng Q.,3,7,3,6,6,4,7,6,,,,,2,1,16,16,Completed,1.6,2.31
2024-12-29,ASB Classic,WTA250,Outdoor,Hard,1st Round,3,Hibino N.,Niemeier J.,145,89,6,3,6,4,,,,,,,2,,12,7,Completed,1.84,1.95
2024-12-29,ASB Classic,WTA250,Outdoor,Hard,1st Round,3,Tauson C.,Stefanini L.,50,146,6,2,6,3,,,,,,,2,,12,5,Completed,1.5,2.56
2024-12-30,ASB Classic,WTA250,Outdoor,Hard,1st Round,3,Marino R.,Sun L.,102,40,6,3,3,6,6,3,,,,,2,1,15,12,Completed,1.94,1.84
2024-12-30,ASB Classic,WTA250,Outdoor,Hard,1st Round,3,Pera B.,Jimenez Kasintseva V.,71,156,6,2,7,5,,,,,,,2,,13,7,Completed,1.59,2.32
2024-12-30,ASB Classic,WTA250,Outdoor,Hard,1st Round,3,Osaka N.,Glushko L.,57,220,6,4,6,4,,,,,,,2,,12,8,Completed,1.06,8.96
2024-12-30,ASB Classic,WTA250,Outdoor,Hard,1st Round,3,Grabher J.,Romero Gormaz L.,470,158,2,6,6,3,7,6,,,,,2,1,15,15,Completed,2.5,1.51
2024-12-30,ASB Classic,WTA250,Outdoor,Hard,1st Round,3,Li A.,Stephens S.,96,74,5,7,6,4,6,4,,,,,2,1,17,15,Completed,1.61,2.29
2024-12-30,ASB Classic,WTA250,Outdoor,Hard,1st Round,3,Volynets K.,Andreeva E.,58,83,6,4,6,7,6,2,,,,,2,1,18,13,Completed,1.99,1.8
2024-12-30,ASB Classic,WTA250,Outdoor,Hard,1st Round,3,Cristian J.,Starodubtseva Y.,85,101,6,3,2,0,,,,,,,1,,8,3,Retired,2.26,1.62
2024-12-30,ASB Classic,WTA250,Outdoor,Hard,1st Round,3,Kenin S.,Wang Xiy.,81,98,7,6,6,1,,,,,,,2,,13,7,Completed,1.85,1.93
2024-12-31,ASB Classic,WTA250,Outdoor,Hard,1st Round,3,Baptiste H.,Jamrichova R.,92,372,6,0,6,2,,,,,,,2,,12,2,Completed,1.4,2.89
2024-12-31,ASB Classic,WTA250,Outdoor,Hard,1st Round,3,Keys M.,Bronzetti L.,21,73,6,4,6,4,,,,,,,2,,12,8,Completed,1.19,4.57
2024-12-31,ASB Classic,WTA250,Outdoor,Hard,1st Round,3,Minnen G.,Friedsam A.L.,95,528,6,4,6,0,,,,,,,2,,12,4,Completed,1.52,2.48
2024-12-31,ASB Classic,WTA250,Outdoor,Hard,1st Round,3,Burrage J.,Yang V.,179,1139,6,3,6,3,,,,,,,2,,12,6,Completed,1.12,5.71
2024-12-31,ASB Classic,WTA250,Outdoor,Hard,1st Round,3,Montgomery R.,Hontama M.,117,157,6,0,2,6,6,0,,,,,2,1,14,6,Completed,1.45,2.69
2024-12-31,ASB Classic,WTA250,Outdoor,Hard,1st Round,3,Parks A.,Anisimova A.,82,36,2,6,6,2,6,3,,,,,2,1,14,11,Completed,3.17,1.34
2024-12-31,ASB Classic,WTA250,Outdoor,Hard,2nd Round,3,Pera B.,Marino R.,71,102,7,6,6,4,,,,,,,2,,13,10,Completed,1.76,2.05
2025-01-01,ASB Classic,WTA250,Outdoor,Hard,2nd Round,3,Osaka N.,Grabher J.,57,470,7,5,6,3,,,,,,,2,,13,8,Completed,1.04,11.03
2025-01-01,ASB Classic,WTA250,Outdoor,Hard,2nd Round,3,Tauson C.,Kenin S.,50,81,4,6,7,6,7,6,,,,,2,1,18,18,Completed,1.7,2.14
2025-01-01,ASB Classic,WTA250,Outdoor,Hard,2nd Round,3,Volynets K.,Li A.,58,96,6,4,6,3,,,,,,,2,,12,7,Completed,1.74,2.08
2025-01-02,ASB Classic,WTA250,Outdoor,Hard,2nd Round,3,Keys M.,Cristian J.,21,85,6,1,6,2,,,,,,,2,,12,3,Completed,1.17,4.87
2025-01-02,ASB Classic,WTA250,Outdoor,Hard,2nd Round,3,Montgomery R.,Hibino N.,117,145,6,2,6,2,,,,,,,2,,12,4,Completed,1.7,2.13
2025-01-02,ASB Classic,WTA250,Outdoor,Hard,2nd Round,3,Parks A.,Minnen G.,82,95,7,5,6,3,,,,,,,2,,13,8,Completed,1.9,1.88
2025-01-02,ASB Classic,WTA250,Outdoor,Hard,2nd Round,3,Baptiste H.,Burrage J.,92,179,5,7,7,5,7,6,,,,,2,1,19,18,Completed,1.54,2.47
2025-01-02,ASB Classic,WTA250,Outdoor,Hard,Quarterfinals,3,Montgomery R.,Pera B.,117,71,6,4,6,4,,,,,,,2,,12,8,Completed,2.14,1.7
2025-01-03,ASB Classic,WTA250,Outdoor,Hard,Quarterfinals,3,Osaka N.,Baptiste H.,57,92,6,7,6,1,6,2,,,,,2,1,18,10,Completed,1.24,3.94
2025-01-03,ASB Classic,WTA250,Outdoor,Hard,Quarterfinals,3,Tauson C.,Keys M.,50,21,6,4,7,6,,,,,,,2,,13,10,Completed,3.25,1.33
2025-01-03,ASB Classic,WTA250,Outdoor,Hard,Quarterfinals,3,Parks A.,Volynets K.,82,58,6,1,6,4,,,,,,,2,,12,5,Completed,2.03,1.78
2025-01-04,ASB Classic,WTA250,Outdoor,Hard,Semifinals,3,Tauson C.,Montgomery R.,50,117,6,4,6,3,,,,,,,2,,12,7,Completed,1.44,2.73
2025-01-04,ASB Classic,WTA250,Outdoor,Hard,Semifinals,3,Osaka N.,Parks A.,57,82,6,4,6,2,,,,,,,2,,12,6,Completed,1.22,4.18
2025-01-05,ASB Classic,WTA250,Outdoor,Hard,The Final,3,Tauson C.,Osaka N.,50,57,4,6,,,,,,,,,,1,4,6,Retired,2.71,1.46
2024-12-29,Brisbane International,WTA500,Outdoor,Hard,1st Round,3,Lamens S.,Rakhimova K.,87,60,6,2,6,4,,,,,,,2,,12,6,Completed,1.82,1.98
2024-12-29,Brisbane International,WTA500,Outdoor,Hard,1st Round,3,Krueger A.,Uchijima M.,64,62,6,3,1,6,6,3,,,,,2,1,13,12,Completed,1.3,3.48
2024-12-29,Brisbane International,WTA500,Outdoor,Hard,1st Round,3,Joint M.,Inglis M.,116,154,6,3,6,4,,,,,,,2,,12,7,Completed,1.62,2.28
2024-12-29,Brisbane International,WTA500,Outdoor,Hard,1st Round,3,Zarazua R.,Tomova V.,75,53,6,0,6,3,,,,,,,2,,12,3,Completed,1.67,2.17
2024-12-29,Brisbane International,WTA500,Outdoor,Hard,1st Round,3,Avanesyan E.,Sramkova R.,43,46,1,6,6,2,6,2,,,,,2,1,13,10,Completed,2.03,1.77
2024-12-29,Brisbane International,WTA500,Outdoor,Hard,1st Round,3,Blinkova A.,Bejlek S.,77,161,6,1,7,6,,,,,,,2,,13,7,Completed,2.19,1.67
2024-12-29,Brisbane International,WTA500,Outdoor,Hard,1st Round,3,Bouzkova M.,Gibson T.,44,148,7,6,3,6,6,3,,,,,2,1,16,15,Completed,1.2,4.37
2024-12-29,Brisbane International,WTA500,Outdoor,Hard,1st Round,3,Kessler M.,Linette M.,67,38,6,4,6,4,,,,,,,2,,12,8,Completed,2.15,1.68
2024-12-30,Brisbane International,WTA500,Outdoor,Hard,1st Round,3,Birrell K.,Hon P.,113,167,3,6,7,5,6,2,,,,,2,1,16,13,Completed,1.97,1.83
2024-12-30,Brisbane International,WTA500,Outdoor,Hard,1st Round,3,Stearns P.,Kudermetova V.,47,72,6,2,6,3,,,,,,,2,,12,5,Completed,1.9,1.88
2024-12-30,Brisbane International,WTA500,Outdoor,Hard,1st Round,3,Kalinina A.,Wang Y.,55,61,6,4,2,0,,,,,,,1,,8,4,Retired,2.08,1.73
2024-12-30,Brisbane International,WTA500,Outdoor,Hard,1st Round,3,Kudermetova P.,Wang Xin.,107,37,6,1,6,3,,,,,,,2,,12,4,Completed,2.1,1.7
2024-12-30,Brisbane International,WTA500,Outdoor,Hard,1st Round,3,Todoni A.,Bucsa C.,118,103,7,6,6,2,,,,,,,2,,13,8,Completed,1.37,2.99
2024-12-30,Brisbane International,WTA500,Outdoor,Hard,1st Round,3,Yuan Y.,Rus A.,49,76,6,2,6,4,,,,,,,2,,12,6,Completed,1.57,2.36
2024-12-30,Brisbane International,WTA500,Outdoor,Hard,1st Round,3,Potapova A.,Bogdan A.,35,114,2,6,6,4,2,0,,,,,1,1,10,10,Retired,1.92,1.85
2024-12-30,Brisbane International,WTA500,Outdoor,Hard,1st Round,3,Jabeur O.,Zheng S.,42,692,7,6,6,4,,,,,,,2,,13,10,Completed,1.08,7.77
2024-12-31,Brisbane International,WTA500,Outdoor,Hard,2nd Round,3,Avanesyan E.,Badosa P.,43,12,6,3,1,6,6,2,,,,,2,1,13,11,Completed,3.87,1.25
2024-12-31,Brisbane International,WTA500,Outdoor,Hard,2nd Round,3,Putintseva Y.,Kessler M.,29,67,6,2,7,5,,,,,,,2,,13,7,Completed,1.42,2.8
2024-12-31,Brisbane International,WTA500,Outdoor,Hard,2nd Round,3,Krueger A.,Kalinskaya A.,64,14,6,3,6,3,,,,,,,2,,12,6,Completed,2.28,1.6
2024-12-31,Brisbane International,WTA500,Outdoor,Hard,2nd Round,3,Sabalenka A.,Zarazua R.,1,75,6,4,6,0,,,,,,,2,,12,4,Completed,1.02,13.47
2024-12-31,Brisbane International,WTA500,Outdoor,Hard,2nd Round,3,Andreeva M.,Blinkova A.,16,77,6,4,6,4,,,,,,,2,,12,8,Completed,1.21,4.37
2024-12-31,Brisbane International,WTA500,Outdoor,Hard,2nd Round,3,Bouzkova M.,Ostapenko J.,44,15,7,6,6,4,,,,,,,2,,13,10,Completed,1.58,2.34
2024-12-31,Brisbane International,WTA500,Outdoor,Hard,2nd Round,3,Jabeur O.,Alexandrova E.,42,28,6,3,6,2,,,,,,,2,,12,5,Completed,1.95,1.83
2024-12-31,Brisbane International,WTA500,Outdoor,Hard,2nd Round,3,Kalinina A.,Shnaider D.,55,13,6,3,4,6,6,1,,,,,2,1,16,10,Completed,5.0,1.16
2025-01-01,Brisbane International,WTA500,Outdoor,Hard,2nd Round,3,Birrell K.,Navarro E.,113,8,7,5,7,5,,,,,,,2,,14,10,Completed,4.72,1.19
2025-01-01,Brisbane International,WTA500,Outdoor,Hard,2nd Round,3,Kudermetova P.,Samsonova L.,107,27,6,7,6,3,6,2,,,,,2,1,18,12,Completed,2.25,1.64
2025-01-01,Brisbane International,WTA500,Outdoor,Hard,2nd Round,3,Kasatkina D.,Stearns P.,9,47,7,6,4,6,7,5,,,,,2,1,18,17,Completed,1.75,2.07
2025-01-01,Brisbane International,WTA500,Outdoor,Hard,2nd Round,3,Potapova A.,Yastremska D.,35,33,7,5,6,4,,,,,,,2,,13,9,Completed,1.54,2.46
2025-01-01,Brisbane International,WTA500,Outdoor,Hard,2nd Round,3,Lamens S.,Frech M.,87,25,7,5,6,3,,,,,,,2,,13,8,Completed,2.29,1.6
2025-01-01,Brisbane International,WTA500,Outdoor,Hard,2nd Round,3,Yuan Y.,Kostyuk M.,49,18,6,4,6,3,,,,,,,2,,12,7,Completed,2.59,1.49
2025-01-01,Brisbane International,WTA500,Outdoor,Hard,2nd Round,3,Azarenka V.,Joint M.,20,116,6,7,6,2,6,4,,,,,2,1,18,13,Completed,1.38,2.98
2025-01-01,Brisbane International,WTA500,Outdoor,Hard,2nd Round,3,Noskova L.,Todoni A.,26,118,6,1,6,4,,,,,,,2,,12,5,Completed,1.43,2.77
2025-01-02,Brisbane International,WTA500,Outdoor,Hard,3rd Round,3,Birrell K.,Potapova A.,113,35,7,6,6,2,,,,,,,2,,13,8,Completed,2.52,1.51
2025-01-02,Brisbane International,WTA500,Outdoor,Hard,3rd Round,3,Krueger A.,Lamens S.,64,87,7,5,6,0,,,,,,,2,,13,5,Completed,1.57,2.35
2025-01-02,Brisbane International,WTA500,Outdoor,Hard,3rd Round,3,Kudermetova P.,Kasatkina D.,107,9,1,6,6,2,7,5,,,,,2,1,14,13,Completed,2.43,1.54
2025-01-02,Brisbane International,WTA500,Outdoor,Hard,3rd Round,3,Kalinina A.,Yuan Y.,55,49,6,1,6,4,,,,,,,2,,12,5,Completed,2.17,1.67
2025-01-02,Brisbane International,WTA500,Outdoor,Hard,3rd Round,3,Andreeva M.,Noskova L.,16,26,6,3,6,0,,,,,,,2,,12,3,Completed,1.56,2.37
2025-01-02,Brisbane International,WTA500,Outdoor,Hard,3rd Round,3,Jabeur O.,Avanesyan E.,42,43,6,4,1,6,6,4,,,,,2,1,13,14,Completed,1.7,2.13
2025-01-02,Brisbane International,WTA500,Outdoor,Hard,3rd Round,3,Bouzkova M.,Azarenka V.,44,20,6,4,6,4,,,,,,,2,,12,8,Completed,2.13,1.69
2025-01-02,Brisbane International,WTA500,Outdoor,Hard,3rd Round,3,Sabalenka A.,Putintseva Y.,1,29,7,6,6,4,,,,,,,2,,13,10,Completed,1.14,5.55
2025-01-03,Brisbane International,WTA500,Outdoor,Hard,Quarterfinals,3,Kalinina A.,Birrell K.,55,113,4,6,6,1,7,5,,,,,2,1,17,12,Completed,1.71,2.14
2025-01-03,Brisbane International,WTA500,Outdoor,Hard,Quarterfinals,3,Andreeva M.,Jabeur O.,16,42,6,4,7,6,,,,,,,2,,13,10,Completed,1.29,3.61
2025-01-03,Brisbane International,WTA500,Outdoor,Hard,Quarterfinals,3,Kudermetova P.,Krueger A.,107,64,7,6,6,3,,,,,,,2,,13,9,Completed,2.37,1.57
2025-01-03,Brisbane International,WTA500,Outdoor,Hard,Quarterfinals,3,Sabalenka A.,Bouzkova M.,1,44,6,3,6,4,,,,,,,2,,12,7,Completed,1.1,6.94
2025-01-04,Brisbane International,WTA500,Outdoor,Hard,Semifinals,3,Kudermetova P.,Kalinina A.,107,55,6,4,6,3,,,,,,,2,,12,7,Completed,1.93,1.85
2025-01-04,Brisbane International,WTA500,Outdoor,Hard,Semifinals,3,Sabalenka A.,Andreeva M.,1,16,6,3,6,2,,,,,,,2,,12,5,Completed,1.35,3.17
2025-01-05,Brisbane International,WTA500,Outdoor,Hard,The Final,3,Sabalenka A.,Kudermetova P.,1,107,4,6,6,3,6,2,,,,,2,1,16,11,Completed,1.06,9.33
2025-01-06,Adelaide International,WTA500,Outdoor,Hard,1st Round,3,Putintseva Y.,Vekic D.,25,19,6,2,6,3,,,,,,,2,,12,5,Completed,1.68,2.15
2025-01-06,Adelaide International,WTA500,Outdoor,Hard,1st Round,3,Jones E.,Wang Xin.,371,37,6,4,6,0,,,,,,,2,,12,4,Completed,5.21,1.16
2025-01-06,Adelaide International,WTA500,Outdoor,Hard,1st Round,3,Alexandrova E.,Fernandez L.A.,27,31,6,4,3,6,6,2,,,,,2,1,15,12,Completed,3.22,1.34
2025-01-06,Adelaide International,WTA500,Outdoor,Hard,1st Round,3,Kasatkina D.,Gadecki O.,9,106,6,2,6,3,,,,,,,2,,12,5,Completed,1.28,3.59
2025-01-06,Adelaide International,WTA500,Outdoor,Hard,1st Round,3,Vondrousova M.,Pavlyuchenkova A.,39,28,6,4,6,7,6,2,,,,,2,1,18,13,Completed,1.81,1.98
2025-01-06,Adelaide International,WTA500,Outdoor,Hard,1st Round,3,Badosa P.,Stearns P.,12,47,6,7,6,3,7,5,,,,,2,1,19,15,Completed,1.51,2.53
2025-01-07,Adelaide International,WTA500,Outdoor,Hard,1st Round,3,Keys M.,Haddad Maia B.,20,16,6,2,6,1,,,,,,,2,,12,3,Completed,1.44,2.75
2025-01-07,Adelaide International,WTA500,Outdoor,Hard,1st Round,3,Sakkari M.,Noskova L.,32,30,6,3,6,3,,,,,,,2,,12,6,Completed,2.53,1.51
2025-01-07,Adelaide International,WTA500,Outdoor,Hard,1st Round,3,Samsonova L.,Bouzkova M.,26,42,1,6,6,4,6,1,,,,,2,1,13,11,Completed,2.11,1.72
2025-01-07,Adelaide International,WTA500,Outdoor,Hard,1st Round,3,Ostapenko J.,Frech M.,17,24,4,6,6,1,6,1,,,,,2,1,16,8,Completed,1.7,2.14
2025-01-07,Adelaide International,WTA500,Outdoor,Hard,1st Round,3,Shnaider D.,Siniakova K.,13,46,6,3,0,6,6,0,,,,,2,1,12,9,Completed,1.5,2.57
2025-01-07,Adelaide International,WTA500,Outdoor,Hard,1st Round,3,Krueger A.,Kostyuk M.,54,18,4,6,6,2,6,2,,,,,2,1,16,10,Completed,1.99,1.81
2025-01-07,Adelaide International,WTA500,Outdoor,Hard,1st Round,3,Bencic B.,Kalinskaya A.,421,14,6,2,1,0,,,,,,,1,,7,2,Retired,1.6,2.32
2025-01-07,Adelaide International,WTA500,Outdoor,Hard,1st Round,3,Jabeur O.,Collins D.,40,11,7,6,6,2,,,,,,,2,,13,8,Completed,1.76,2.06
2025-01-08,Adelaide International,WTA500,Outdoor,Hard,2nd Round,3,Navarro E.,Alexandrova E.,8,27,7,6,6,4,,,,,,,2,,13,10,Completed,1.61,2.3
2025-01-08,Adelaide International,WTA500,Outdoor,Hard,2nd Round,3,Pegula J.,Sakkari M.,7,32,6,4,6,1,,,,,,,2,,12,5,Completed,1.61,2.3
2025-01-08,Adelaide International,WTA500,Outdoor,Hard,2nd Round,3,Samsonova L.,Bencic B.,26,421,7,6,4,6,6,4,,,,,2,1,17,16,Completed,2.49,1.53
2025-01-08,Adelaide International,WTA500,Outdoor,Hard,2nd Round,3,Krueger A.,Badosa P.,54,12,7,6,6,7,6,2,,,,,2,1,19,15,Completed,2.67,1.47
2025-01-08,Adelaide International,WTA500,Outdoor,Hard,2nd Round,3,Shnaider D.,Vondrousova M.,13,39,4,6,1,1,,,,,,,,1,5,7,Retired,1.66,2.21
2025-01-08,Adelaide International,WTA500,Outdoor,Hard,2nd Round,3,Keys M.,Ostapenko J.,20,17,3,6,6,4,6,3,,,,,2,1,15,13,Completed,1.31,3.41
2025-01-08,Adelaide International,WTA500,Outdoor,Hard,2nd Round,3,Putintseva Y.,Jabeur O.,25,40,6,2,6,4,,,,,,,2,,12,6,Completed,1.73,2.08
2025-01-08,Adelaide International,WTA500,Outdoor,Hard,2nd Round,3,Kasatkina D.,Jones E.,9,371,7,5,6,3,,,,,,,2,,13,8,Completed,1.17,4.88
2025-01-09,Adelaide International,WTA500,Outdoor,Hard,Quarterfinals,3,Samsonova L.,Navarro E.,26,8,6,4,6,4,,,,,,,2,,12,8,Completed,2.2,1.66
2025-01-09,Adelaide International,WTA500,Outdoor,Hard,Quarterfinals,3,Pegula J.,Krueger A.,7,54,6,4,2,0,,,,,,,1,,8,4,Retired,1.39,2.96
2025-01-09,Adelaide International,WTA500,Outdoor,Hard,Quarterfinals,3,Keys M.,Kasatkina D.,20,9,6,1,6,3,,,,,,,2,,12,4,Completed,1.44,2.73
2025-01-09,Adelaide International,WTA500,Outdoor,Hard,Quarterfinals,3,Putintseva Y.,Shnaider D.,25,13,7,6,6,7,6,4,,,,,2,1,19,17,Completed,1.63,2.24
2025-01-10,Adelaide International,WTA500,Outdoor,Hard,Semifinals,3,Keys M.,Samsonova L.,20,26,5,7,7,5,3,0,,,,,1,1,15,12,Retired,1.35,3.17
2025-01-10,Adelaide International,WTA500,Outdoor,Hard,Semifinals,3,Pegula J.,Putintseva Y.,7,25,7,6,6,3,,,,,,,2,,13,9,Completed,1.49,2.58
2025-01-11,Adelaide International,WTA500,Outdoor,Hard,The Final,3,Keys M.,Pegula J.,20,7,6,3,4,6,6,1,,,,,2,1,16,10,Completed,1.82,1.98
2025-01-06,Hobart International,WTA250,Outdoor,Hard,1st Round,3,Kessler M.,Sramkova R.,67,49,6,3,7,5,,,,,,,2,,13,8,Completed,1.83,1.97
2025-01-06,Hobart International,WTA250,Outdoor,Hard,1st Round,3,Avanesyan E.,Wang Xiy.,44,108,6,3,7,5,,,,,,,2,,13,8,Completed,1.99,1.81
2025-01-06,Hobart International,WTA250,Outdoor,Hard,1st Round,3,Bondar A.,Sherif M.,97,65,7,5,6,4,,,,,,,2,,13,9,Completed,1.91,1.89
2025-01-06,Hobart International,WTA250,Outdoor,Hard,1st Round,3,Carle M.,Bouzas Maneiro J.,96,52,6,3,3,6,6,0,,,,,2,1,15,9,Completed,2.26,1.63
2025-01-06,Hobart International,WTA250,Outdoor,Hard,1st Round,3,Minnen G.,Tomova V.,94,56,7,5,6,3,,,,,,,2,,13,8,Completed,1.56,2.4
2025-01-06,Hobart International,WTA250,Outdoor,Hard,1st Round,3,Osorio M.,Yuan Y.,61,51,6,2,6,3,,,,,,,2,,12,5,Completed,2.25,1.63
2025-01-06,Hobart International,WTA250,Outdoor,Hard,1st Round,3,Kudermetova V.,Cocciaretto E.,77,55,7,5,6,0,,,,,,,2,,13,5,Completed,1.6,2.32
2025-01-07,Hobart International,WTA250,Outdoor,Hard,1st Round,3,Blinkova A.,Pera B.,75,70,7,5,6,4,,,,,,,2,,13,9,Completed,1.92,1.86
2025-01-07,Hobart International,WTA250,Outdoor,Hard,1st Round,3,Li A.,Stephens S.,91,84,7,5,6,1,,,,,,,2,,13,6,Completed,1.52,2.51
2025-01-07,Hobart International,WTA250,Outdoor,Hard,1st Round,3,Yastremska D.,Volynets K.,33,59,2,6,6,4,6,1,,,,,2,1,14,11,Completed,2.22,1.65
2025-01-07,Hobart International,WTA250,Outdoor,Hard,1st Round,3,Kenin S.,Sun L.,81,43,4,6,6,3,6,3,,,,,2,1,16,12,Completed,1.48,2.63
2025-01-07,Hobart International,WTA250,Outdoor,Hard,1st Round,3,Joint M.,Danilovic O.,118,53,6,2,6,3,,,,,,,2,,12,5,Completed,1.98,1.82
2025-01-07,Hobart International,WTA250,Outdoor,Hard,1st Round,3,Linette M.,Gracheva V.,38,69,6,3,3,6,6,4,,,,,2,1,15,13,Completed,1.36,3.15
2025-01-07,Hobart International,WTA250,Outdoor,Hard,1st Round,3,Zarazua R.,Bronzetti L.,76,78,6,4,6,3,,,,,,,2,,12,7,Completed,1.83,1.96
2025-01-07,Hobart International,WTA250,Outdoor,Hard,1st Round,3,Anisimova A.,Saville D.,36,112,6,3,6,3,,,,,,,2,,12,6,Completed,1.27,3.69
2025-01-07,Hobart International,WTA250,Outdoor,Hard,1st Round,3,Mertens E.,Parrizas Diaz N.,34,104,6,3,6,1,,,,,,,2,,12,4,Completed,1.42,2.81
2025-01-08,Hobart International,WTA250,Outdoor,Hard,2nd Round,3,Kenin S.,Blinkova A.,81,75,6,2,3,6,6,2,,,,,2,1,15,10,Completed,1.61,2.3
2025-01-08,Hobart International,WTA250,Outdoor,Hard,2nd Round,3,Kessler M.,Carle M.,67,96,6,2,6,2,,,,,,,2,,12,4,Completed,1.48,2.66
2025-01-08,Hobart International,WTA250,Outdoor,Hard,2nd Round,3,Joint M.,Linette M.,118,38,6,1,6,1,,,,,,,2,,12,2,Completed,1.89,1.9
2025-01-08,Hobart International,WTA250,Outdoor,Hard,2nd Round,3,Avanesyan E.,Minnen G.,44,94,6,2,6,2,,,,,,,2,,12,4,Completed,1.56,2.42
2025-01-08,Hobart International,WTA250,Outdoor,Hard,2nd Round,3,Yastremska D.,Li A.,33,91,1,6,7,5,6,2,,,,,2,1,14,13,Completed,2.37,1.58
2025-01-08,Hobart International,WTA250,Outdoor,Hard,2nd Round,3,Kudermetova V.,Osorio M.,77,61,6,4,6,1,,,,,,,2,,12,5,Completed,1.83,1.96
2025-01-08,Hobart International,WTA250,Outdoor,Hard,2nd Round,3,Anisimova A.,Bondar A.,36,97,6,3,6,4,,,,,,,2,,12,7,Completed,1.22,4.33
2025-01-08,Hobart International,WTA250,Outdoor,Hard,2nd Round,3,Mertens E.,Zarazua R.,34,76,6,4,6,3,,,,,,,2,,12,7,Completed,1.36,3.11
2025-01-09,Hobart International,WTA250,Outdoor,Hard,Quarterfinals,3,Kessler M.,Yastremska D.,67,33,7,5,6,4,,,,,,,2,,13,9,Completed,1.64,2.23
2025-01-09,Hobart International,WTA250,Outdoor,Hard,Quarterfinals,3,Joint M.,Kenin S.,118,81,6,3,6,1,,,,,,,2,,12,4,Completed,2.11,1.72
2025-01-09,Hobart International,WTA250,Outdoor,Hard,Quarterfinals,3,Mertens E.,Kudermetova V.,34,77,6,1,0,6,6,2,,,,,2,1,12,9,Completed,1.66,2.2
2025-01-10,Hobart International,WTA250,Outdoor,Hard,Semifinals,3,Kessler M.,Avanesyan E.,67,44,4,6,6,3,6,4,,,,,2,1,16,13,Completed,2.14,1.7
2025-01-10,Hobart International,WTA250,Outdoor,Hard,Semifinals,3,Mertens E.,Joint M.,34,118,6,2,6,3,,,,,,,2,,12,5,Completed,1.66,2.21
2025-01-11,Hobart International,WTA250,Outdoor,Hard,The Final,3,Kessler M.,Mertens E.,67,34,6,4,3,6,6,0,,,,,2,,15,10,Completed,2.59,1.49
2025-01-12,Australian Open,Grand Slam,Outdoor,Hard,1st Round,3,Andreeva M.,Bouzkova M.,15,43,6,3,6,3,,,,,,,2,,12,6,Completed,1.28,3.69
2025-01-12,Australian Open,Grand Slam,Outdoor,Hard,1st Round,3,Fernandez L.A.,Starodubtseva Y.,29,100,7,5,6,4,,,,,,,2,,13,9,Completed,1.15,5.46
2025-01-12,Australian Open,Grand Slam,Outdoor,Hard,1st Round,3,Lamens S.,Erjavec V.,77,171,7,5,7,6,,,,,,,2,,14,11,Completed,1.48,2.65
2025-01-12,Australian Open,Grand Slam,Outdoor,Hard,1st Round,3,Maria T.,Pera B.,90,78,7,6,6,4,,,,,,,2,,13,10,Completed,2.72,1.46
2025-01-12,Australian Open,Grand Slam,Outdoor,Hard,1st Round,3,Zheng Q.,Todoni A.,5,111,7,6,6,1,,,,,,,2,,13,7,Completed,1.11,6.43
2025-01-12,Australian Open,Grand Slam,Outdoor,Hard,1st Round,3,Vekic D.,Parry D.,19,66,6,4,6,4,,,,,,,2,,12,8,Completed,1.27,3.71
2025-01-12,Australian Open,Grand Slam,Outdoor,Hard,1st Round,3,Badosa P.,Wang Xin.,12,37,6,3,7,6,,,,,,,2,,13,9,Completed,1.26,3.84
2025-01-12,Australian Open,Grand Slam,Outdoor,Hard,1st Round,3,Tauson C.,Noskova L.,42,28,5,7,6,3,6,4,,,,,2,1,17,14,Completed,2.06,1.75
2025-01-12,Australian Open,Grand Slam,Outdoor,Hard,1st Round,3,Bouzas Maneiro J.,Kartal S.,54,87,6,1,7,6,,,,,,,2,,13,7,Completed,2.14,1.71
2025-01-12,Australian Open,Grand Slam,Outdoor,Hard,1st Round,3,Sabalenka A.,Stephens S.,1,81,6,3,6,2,,,,,,,2,,12,5,Completed,1.03,13.7
2025-01-12,Australian Open,Grand Slam,Outdoor,Hard,1st Round,3,Bucsa C.,Paquet C.,110,122,6,2,6,3,,,,,,,2,,12,5,Completed,1.34,3.25
2025-01-12,Australian Open,Grand Slam,Outdoor,Hard,1st Round,3,Blinkova A.,Saville D.,73,124,1,6,6,4,7,5,,,,,2,1,14,15,Completed,1.5,2.61
2025-01-13,Australian Open,Grand Slam,Outdoor,Hard,1st Round,3,Burrage J.,Jeanjean L.,173,149,6,2,6,4,,,,,,,2,,12,6,Completed,1.68,2.18
2025-01-13,Australian Open,Grand Slam,Outdoor,Hard,1st Round,3,Siegemund L.,Baptiste H.,97,88,4,6,7,5,6,4,,,,,2,1,17,15,Completed,2.06,1.76
2025-01-13,Australian Open,Grand Slam,Outdoor,Hard,1st Round,3,Samsonova L.,Rakhimova K.,21,62,6,2,6,4,,,,,,,2,,12,6,Completed,1.24,4.12
2025-01-13,Australian Open,Grand Slam,Outdoor,Hard,1st Round,3,Danilovic O.,Rus A.,55,79,6,4,6,4,,,,,,,2,,12,8,Completed,1.5,2.6
2025-01-13,Australian Open,Grand Slam,Outdoor,Hard,1st Round,3,Gibson T.,Sonmez Z.,150,94,3,6,7,6,6,1,,,,,2,1,16,13,Completed,2.57,1.5
2025-01-13,Australian Open,Grand Slam,Outdoor,Hard,1st Round,3,Sramkova R.,Volynets K.,49,60,3,6,6,2,6,2,,,,,2,1,15,10,Completed,2.0,1.82
2025-01-13,Australian Open,Grand Slam,Outdoor,Hard,1st Round,3,Shnaider D.,Cocciaretto E.,13,56,7,6,6,4,,,,,,,2,,13,10,Completed,1.18,4.81
2025-01-13,Australian Open,Grand Slam,Outdoor,Hard,1st Round,3,Uchijima M.,Linette M.,63,40,4,6,6,2,7,6,,,,,2,1,17,14,Completed,3.08,1.37
2025-01-13,Australian Open,Grand Slam,Outdoor,Hard,1st Round,3,Tomljanovic A.,Krueger A.,114,52,6,4,4,6,6,4,,,,,2,1,16,14,Completed,2.95,1.4
2025-01-13,Australian Open,Grand Slam,Outdoor,Hard,1st Round,3,Gauff C.,Kenin S.,3,74,6,3,6,3,,,,,,,2,,12,6,Completed,1.05,9.71
2025-01-13,Australian Open,Grand Slam,Outdoor,Hard,1st Round,3,Frech M.,Kudermetova P.,26,57,6,4,6,4,,,,,,,2,,12,8,Completed,2.22,1.66
2025-01-13,Australian Open,Grand Slam,Outdoor,Hard,1st Round,3,Svitolina E.,Cirstea S.,27,71,6,4,6,4,,,,,,,2,,12,8,Completed,1.26,3.92
2025-01-13,Australian Open,Grand Slam,Outdoor,Hard,1st Round,3,Bronzetti L.,Azarenka V.,76,24,6,2,7,6,,,,,,,2,,13,8,Completed,3.59,1.29
2025-01-13,Australian Open,Grand Slam,Outdoor,Hard,1st Round,3,Dart H.,Fett J.,112,133,7,5,2,6,7,6,,,,,2,1,16,17,Completed,1.62,2.31
2025-01-13,Australian Open,Grand Slam,Outdoor,Hard,1st Round,3,Dolehide C.,Bejlek S.,83,155,7,6,6,2,,,,,,,2,,13,8,Completed,2.72,1.46
2025-01-13,Australian Open,Grand Slam,Outdoor,Hard,1st Round,3,Swiatek I.,Siniakova K.,2,50,6,3,6,4,,,,,,,2,,12,7,Completed,1.06,9.56
2025-01-13,Australian Open,Grand Slam,Outdoor,Hard,1st Round,3,Potapova A.,Zidansek T.,36,180,6,2,7,5,,,,,,,2,,13,7,Completed,1.3,3.53
2025-01-13,Australian Open,Grand Slam,Outdoor,Hard,1st Round,3,Bencic B.,Ostapenko J.,294,22,6,3,7,6,,,,,,,2,,13,9,Completed,1.6,2.35
2025-01-13,Australian Open,Grand Slam,Outdoor,Hard,1st Round,3,Pavlyuchenkova A.,Yuan Y.,32,53,6,4,4,6,6,3,,,,,2,1,16,13,Completed,1.62,2.29
2025-01-13,Australian Open,Grand Slam,Outdoor,Hard,1st Round,3,Niemeier J.,Chwalinska M.,93,126,6,0,6,1,,,,,,,2,,12,1,Completed,2.61,1.49
2025-01-13,Australian Open,Grand Slam,Outdoor,Hard,1st Round,3,Pegula J.,Joint M.,6,105,6,3,6,0,,,,,,,2,,12,3,Completed,1.19,4.69
2025-01-13,Australian Open,Grand Slam,Outdoor,Hard,1st Round,3,Cristian J.,Martic P.,82,131,6,2,4,6,7,6,,,,,2,1,17,14,Completed,1.54,2.47
2025-01-13,Australian Open,Grand Slam,Outdoor,Hard,1st Round,3,Kostyuk M.,Hibino N.,18,141,3,6,6,3,6,1,,,,,2,1,15,10,Completed,1.27,3.76
2025-01-13,Australian Open,Grand Slam,Outdoor,Hard,1st Round,3,Mertens E.,Golubic V.,34,95,4,6,7,6,6,4,,,,,2,1,17,16,Completed,1.45,2.72
2025-01-13,Australian Open,Grand Slam,Outdoor,Hard,1st Round,3,Aiava D.,Minnen G.,195,91,5,7,7,5,7,6,,,,,2,1,19,18,Completed,2.16,1.69
2025-01-13,Australian Open,Grand Slam,Outdoor,Hard,1st Round,3,Muchova K.,Podoroska N.,20,96,6,1,6,1,,,,,,,2,,12,2,Completed,1.04,12.08
2025-01-13,Australian Open,Grand Slam,Outdoor,Hard,1st Round,3,Collins D.,Snigur D.,11,138,7,6,6,3,,,,,,,2,,13,9,Completed,1.32,3.38
2025-01-13,Australian Open,Grand Slam,Outdoor,Hard,1st Round,3,Osaka N.,Garcia C.,51,67,6,3,3,6,6,3,,,,,2,1,15,12,Completed,1.23,4.14
2025-01-14,Australian Open,Grand Slam,Outdoor,Hard,1st Round,3,Haddad Maia B.,Riera J.,17,146,4,6,7,5,6,2,,,,,2,1,17,13,Completed,1.2,4.51
2025-01-14,Australian Open,Grand Slam,Outdoor,Hard,1st Round,3,Wang Xiy.,Grabher J.,108,415,6,1,7,5,,,,,,,2,,13,6,Completed,1.1,7.02
2025-01-14,Australian Open,Grand Slam,Outdoor,Hard,1st Round,3,Wang Y.,Bondar A.,64,92,3,6,6,3,6,4,,,,,2,1,15,13,Completed,1.96,1.84
2025-01-14,Australian Open,Grand Slam,Outdoor,Hard,1st Round,3,Raducanu E.,Alexandrova E.,61,31,7,6,7,6,,,,,,,2,,14,12,Completed,1.73,2.11
2025-01-14,Australian Open,Grand Slam,Outdoor,Hard,1st Round,3,Andreeva E.,Zheng S.,86,681,6,1,7,6,,,,,,,2,,13,7,Completed,1.21,4.4
2025-01-14,Australian Open,Grand Slam,Outdoor,Hard,1st Round,3,Anisimova A.,Carle M.,35,89,6,2,6,3,,,,,,,2,,12,5,Completed,1.21,4.35
2025-01-14,Australian Open,Grand Slam,Outdoor,Hard,1st Round,3,Kasatkina D.,Tomova V.,10,58,6,1,6,3,,,,,,,2,,12,4,Completed,1.18,4.8
2025-01-14,Australian Open,Grand Slam,Outdoor,Hard,1st Round,3,Navarro E.,Stearns P.,8,46,6,7,7,6,7,5,,,,,2,1,20,18,Completed,1.66,2.21
2025-01-14,Australian Open,Grand Slam,Outdoor,Hard,1st Round,3,Jovic I.,Parrizas Diaz N.,191,99,6,2,6,1,,,,,,,2,,12,3,Completed,2.13,1.71
2025-01-14,Australian Open,Grand Slam,Outdoor,Hard,1st Round,3,Yastremska D.,Sherif M.,33,65,6,1,6,4,,,,,,,2,,12,5,Completed,1.46,2.69
2025-01-14,Australian Open,Grand Slam,Outdoor,Hard,1st Round,3,Lys E.,Birrell K.,128,101,6,2,6,2,,,,,,,2,,12,4,Completed,1.27,3.7
2025-01-14,Australian Open,Grand Slam,Outdoor,Hard,1st Round,3,Gracheva V.,Mcnally C.,69,540,6,3,6,4,,,,,,,2,,12,7,Completed,1.76,2.07
2025-01-14,Australian Open,Grand Slam,Outdoor,Hard,1st Round,3,Rybakina E.,Jones E.,7,293,6,1,6,1,,,,,,,2,,12,2,Completed,1.05,11.09
2025-01-14,Australian Open,Grand Slam,Outdoor,Hard,1st Round,3,Kovinic D.,Sun L.,1289,44,6,3,7,5,,,,,,,2,,13,8,Completed,9.77,1.06
2025-01-14,Australian Open,Grand Slam,Outdoor,Hard,1st Round,3,Ruse E.G.,Begu I.,125,80,6,4,6,0,,,,,,,2,,12,4,Completed,1.77,2.05
2025-01-14,Australian Open,Grand Slam,Outdoor,Hard,1st Round,3,Putintseva Y.,Avanesyan E.,23,41,4,6,7,5,6,2,,,,,2,1,17,13,Completed,1.44,2.78
2025-01-14,Australian Open,Grand Slam,Outdoor,Hard,1st Round,3,Zhang S.,Kessler M.,204,47,6,3,6,4,,,,,,,2,,12,7,Completed,3.16,1.36
2025-01-14,Australian Open,Grand Slam,Outdoor,Hard,1st Round,3,Keys M.,Li A.,14,84,6,4,7,5,,,,,,,2,,13,9,Completed,1.14,5.83
2025-01-14,Australian Open,Grand Slam,Outdoor,Hard,1st Round,3,Paolini J.,Wei S.,4,117,6,0,6,4,,,,,,,2,,12,4,Completed,1.17,5.07
2025-01-14,Australian Open,Grand Slam,Outdoor,Hard,1st Round,3,Zarazua R.,Townsend T.,70,85,6,7,6,1,6,2,,,,,2,1,18,10,Completed,2.16,1.69
2025-01-14,Australian Open,Grand Slam,Outdoor,Hard,1st Round,3,Jabeur O.,Kalinina A.,39,48,6,3,6,3,,,,,,,2,,12,6,Completed,1.46,2.72
2025-01-14,Australian Open,Grand Slam,Outdoor,Hard,1st Round,3,Osorio M.,Sakkari M.,59,30,6,4,6,7,6,4,,,,,2,1,18,15,Completed,2.61,1.49
2025-01-14,Australian Open,Grand Slam,Outdoor,Hard,1st Round,3,Boulter K.,Marino R.,25,98,6,4,3,6,7,5,,,,,2,1,16,15,Completed,1.16,5.27
2025-01-14,Australian Open,Grand Slam,Outdoor,Hard,1st Round,3,Kudermetova V.,Gadecki O.,75,106,6,1,6,1,,,,,,,2,,12,2,Completed,1.34,3.27
2025-01-15,Australian Open,Grand Slam,Outdoor,Hard,2nd Round,3,Siegemund L.,Zheng Q.,97,5,7,6,6,3,,,,,,,2,,13,9,Completed,11.6,1.04
2025-01-15,Australian Open,Grand Slam,Outdoor,Hard,2nd Round,3,Danilovic O.,Samsonova L.,55,21,6,1,6,2,,,,,,,2,,12,3,Completed,3.17,1.35
2025-01-15,Australian Open,Grand Slam,Outdoor,Hard,2nd Round,3,Andreeva M.,Uchijima M.,15,63,6,4,3,6,7,6,,,,,2,1,16,16,Completed,1.03,12.75
2025-01-15,Australian Open,Grand Slam,Outdoor,Hard,2nd Round,3,Sabalenka A.,Bouzas Maneiro J.,1,54,6,3,7,5,,,,,,,2,,13,8,Completed,1.02,15.16
2025-01-15,Australian Open,Grand Slam,Outdoor,Hard,2nd Round,3,Tauson C.,Maria T.,42,90,6,2,6,2,,,,,,,2,,12,4,Completed,1.19,4.68
2025-01-15,Australian Open,Grand Slam,Outdoor,Hard,2nd Round,3,Frech M.,Blinkova A.,26,73,0,6,6,0,6,2,,,,,2,1,12,8,Completed,1.69,2.16
2025-01-15,Australian Open,Grand Slam,Outdoor,Hard,2nd Round,3,Pegula J.,Mertens E.,6,34,6,4,6,2,,,,,,,2,,12,6,Completed,1.27,3.72
2025-01-15,Australian Open,Grand Slam,Outdoor,Hard,2nd Round,3,Bencic B.,Lamens S.,294,77,6,1,7,6,,,,,,,2,,13,7,Completed,1.19,4.69
2025-01-15,Australian Open,Grand Slam,Outdoor,Hard,2nd Round,3,Osaka N.,Muchova K.,51,20,1,6,6,1,6,3,,,,,2,1,13,10,Completed,3.16,1.36
2025-01-15,Australian Open,Grand Slam,Outdoor,Hard,2nd Round,3,Fernandez L.A.,Bucsa C.,29,110,3,6,6,4,6,4,,,,,2,1,15,14,Completed,1.14,5.7
2025-01-15,Australian Open,Grand Slam,Outdoor,Hard,2nd Round,3,Pavlyuchenkova A.,Potapova A.,32,36,7,6,2,6,6,2,,,,,2,1,15,14,Completed,1.67,2.2
2025-01-15,Australian Open,Grand Slam,Outdoor,Hard,2nd Round,3,Shnaider D.,Tomljanovic A.,13,114,6,4,7,5,,,,,,,2,,13,9,Completed,1.26,3.85
2025-01-15,Australian Open,Grand Slam,Outdoor,Hard,2nd Round,3,Gauff C.,Burrage J.,3,173,6,3,7,5,,,,,,,2,,13,8,Completed,1.01,16.79
2025-01-15,Australian Open,Grand Slam,Outdoor,Hard,2nd Round,3,Kostyuk M.,Niemeier J.,18,93,6,3,6,0,,,,,,,2,,12,3,Completed,1.38,3.06
2025-01-15,Australian Open,Grand Slam,Outdoor,Hard,2nd Round,3,Vekic D.,Dart H.,19,112,4,6,6,0,6,2,,,,,2,1,16,8,Completed,1.19,4.69
2025-01-15,Australian Open,Grand Slam,Outdoor,Hard,2nd Round,3,Badosa P.,Gibson T.,12,150,6,1,6,0,,,,,,,2,,12,1,Completed,1.08,8.21
2025-01-16,Australian Open,Grand Slam,Outdoor,Hard,2nd Round,3,Jabeur O.,Osorio M.,39,59,7,5,6,3,,,,,,,2,,13,8,Completed,1.4,2.95
2025-01-16,Australian Open,Grand Slam,Outdoor,Hard,2nd Round,3,Kasatkina D.,Wang Y.,10,64,6,2,6,0,,,,,,,2,,12,2,Completed,1.16,5.26
2025-01-16,Australian Open,Grand Slam,Outdoor,Hard,2nd Round,3,Yastremska D.,Kovinic D.,33,1289,6,0,6,1,,,,,,,2,,12,1,Completed,1.12,6.17
2025-01-16,Australian Open,Grand Slam,Outdoor,Hard,2nd Round,3,Raducanu E.,Anisimova A.,61,35,6,3,7,5,,,,,,,2,,13,8,Completed,2.3,1.61
2025-01-16,Australian Open,Grand Slam,Outdoor,Hard,2nd Round,3,Navarro E.,Wang Xiy.,8,108,6,3,3,6,6,4,,,,,2,1,15,13,Completed,1.48,2.64
2025-01-16,Australian Open,Grand Slam,Outdoor,Hard,2nd Round,3,Swiatek I.,Sramkova R.,2,49,6,0,6,2,,,,,,,2,,12,2,Completed,1.02,13.88
2025-01-16,Australian Open,Grand Slam,Outdoor,Hard,2nd Round,3,Putintseva Y.,Zhang S.,23,204,6,2,6,1,,,,,,,2,,12,3,Completed,1.17,5.1
2025-01-16,Australian Open,Grand Slam,Outdoor,Hard,2nd Round,3,Rybakina E.,Jovic I.,7,191,6,0,6,3,,,,,,,2,,12,3,Completed,1.05,10.62
2025-01-16,Australian Open,Grand Slam,Outdoor,Hard,2nd Round,3,Lys E.,Gracheva V.,128,69,6,2,3,6,6,4,,,,,2,1,15,12,Completed,1.56,2.42
2025-01-16,Australian Open,Grand Slam,Outdoor,Hard,2nd Round,3,Haddad Maia B.,Andreeva E.,17,86,6,2,6,3,,,,,,,2,,12,5,Completed,1.4,2.98
2025-01-16,Australian Open,Grand Slam,Outdoor,Hard,2nd Round,3,Cristian J.,Bronzetti L.,82,76,7,5,7,5,,,,,,,2,,14,10,Completed,2.26,1.64
2025-01-16,Australian Open,Grand Slam,Outdoor,Hard,2nd Round,3,Svitolina E.,Dolehide C.,27,83,6,1,6,4,,,,,,,2,,12,5,Completed,1.25,3.98
2025-01-16,Australian Open,Grand Slam,Outdoor,Hard,2nd Round,3,Kudermetova V.,Boulter K.,75,25,7,6,2,6,6,2,,,,,2,1,15,14,Completed,2.21,1.67
2025-01-16,Australian Open,Grand Slam,Outdoor,Hard,2nd Round,3,Keys M.,Ruse E.G.,14,125,7,6,2,6,7,5,,,,,2,1,16,17,Completed,1.11,6.56
2025-01-16,Australian Open,Grand Slam,Outdoor,Hard,2nd Round,3,Collins D.,Aiava D.,11,195,7,6,4,6,6,2,,,,,2,1,17,14,Completed,1.38,3.08
2025-01-16,Australian Open,Grand Slam,Outdoor,Hard,2nd Round,3,Paolini J.,Zarazua R.,4,70,6,2,6,3,,,,,,,2,,12,5,Completed,1.15,5.47
2025-01-17,Australian Open,Grand Slam,Outdoor,Hard,3rd Round,3,Pavlyuchenkova A.,Siegemund L.,32,97,6,1,6,2,,,,,,,2,,12,3,Completed,1.53,2.51
2025-01-17,Australian Open,Grand Slam,Outdoor,Hard,3rd Round,3,Vekic D.,Shnaider D.,19,13,7,6,6,7,7,5,,,,,2,1,20,18,Completed,2.38,1.58
2025-01-17,Australian Open,Grand Slam,Outdoor,Hard,3rd Round,3,Sabalenka A.,Tauson C.,1,42,7,6,6,4,,,,,,,2,,13,10,Completed,1.1,6.97
2025-01-17,Australian Open,Grand Slam,Outdoor,Hard,3rd Round,3,Badosa P.,Kostyuk M.,12,18,6,4,4,6,6,3,,,,,2,1,16,13,Completed,1.41,2.88
2025-01-17,Australian Open,Grand Slam,Outdoor,Hard,3rd Round,3,Andreeva M.,Frech M.,15,26,6,2,1,6,6,2,,,,,2,1,13,10,Completed,1.19,4.75
2025-01-17,Australian Open,Grand Slam,Outdoor,Hard,3rd Round,3,Bencic B.,Osaka N.,294,51,7,6,,,,,,,,,1,,7,6,Retired,2.19,1.68
2025-01-17,Australian Open,Grand Slam,Outdoor,Hard,3rd Round,3,Gauff C.,Fernandez L.A.,3,29,6,4,6,2,,,,,,,2,,12,6,Completed,1.16,5.22
2025-01-17,Australian Open,Grand Slam,Outdoor,Hard,3rd Round,3,Danilovic O.,Pegula J.,55,6,7,6,6,1,,,,,,,2,,13,7,Completed,4.91,1.18
2025-01-18,Australian Open,Grand Slam,Outdoor,Hard,3rd Round,3,Navarro E.,Jabeur O.,8,39,6,4,3,6,6,4,,,,,2,1,15,14,Completed,1.75,2.08
2025-01-18,Australian Open,Grand Slam,Outdoor,Hard,3rd Round,3,Swiatek I.,Raducanu E.,2,61,6,1,6,0,,,,,,,2,,12,1,Completed,1.09,7.71
2025-01-18,Australian Open,Grand Slam,Outdoor,Hard,3rd Round,3,Lys E.,Cristian J.,128,82,4,6,6,3,6,3,,,,,2,1,16,12,Completed,1.51,2.55
2025-01-18,Australian Open,Grand Slam,Outdoor,Hard,3rd Round,3,Kasatkina D.,Putintseva Y.,10,23,7,5,6,1,,,,,,,2,,13,6,Completed,2.22,1.67
2025-01-18,Australian Open,Grand Slam,Outdoor,Hard,3rd Round,3,Rybakina E.,Yastremska D.,7,33,6,3,6,4,,,,,,,2,,12,7,Completed,1.11,6.81
2025-01-18,Australian Open,Grand Slam,Outdoor,Hard,3rd Round,3,Kudermetova V.,Haddad Maia B.,75,17,6,4,6,2,,,,,,,2,,12,6,Completed,1.94,1.87
2025-01-18,Australian Open,Grand Slam,Outdoor,Hard,3rd Round,3,Svitolina E.,Paolini J.,27,4,2,6,6,4,6,0,,,,,2,1,14,10,Completed,2.14,1.71
2025-01-18,Australian Open,Grand Slam,Outdoor,Hard,3rd Round,3,Keys M.,Collins D.,14,11,6,4,6,4,,,,,,,2,,12,8,Completed,1.36,3.12
2025-01-19,Australian Open,Grand Slam,Outdoor,Hard,4th Round,3,Sabalenka A.,Andreeva M.,1,15,6,1,6,2,,,,,,,2,,12,3,Completed,1.23,4.22
2025-01-19,Australian Open,Grand Slam,Outdoor,Hard,4th Round,3,Gauff C.,Bencic B.,3,294,5,7,6,2,6,1,,,,,2,1,17,10,Completed,1.2,4.53
2025-01-19,Australian Open,Grand Slam,Outdoor,Hard,4th Round,3,Pavlyuchenkova A.,Vekic D.,32,19,7,6,6,0,,,,,,,2,,13,6,Completed,2.02,1.79
2025-01-19,Australian Open,Grand Slam,Outdoor,Hard,4th Round,3,Badosa P.,Danilovic O.,12,55,6,1,7,6,,,,,,,2,,13,7,Completed,1.4,2.96
2025-01-20,Australian Open,Grand Slam,Outdoor,Hard,4th Round,3,Svitolina E.,Kudermetova V.,27,75,6,4,6,1,,,,,,,2,,12,5,Completed,1.46,2.69
2025-01-20,Australian Open,Grand Slam,Outdoor,Hard,4th Round,3,Keys M.,Rybakina E.,14,7,6,3,1,6,6,3,,,,,2,1,13,12,Completed,2.25,1.65
2025-01-20,Australian Open,Grand Slam,Outdoor,Hard,4th Round,3,Navarro E.,Kasatkina D.,8,10,6,4,5,7,7,5,,,,,2,1,18,16,Completed,1.91,1.89
2025-01-20,Australian Open,Grand Slam,Outdoor,Hard,4th Round,3,Swiatek I.,Lys E.,2,128,6,0,6,1,,,,,,,2,,12,1,Completed,1.02,16.28
2025-01-21,Australian Open,Grand Slam,Outdoor,Hard,Quarterfinals,3,Badosa P.,Gauff C.,12,3,7,5,6,4,,,,,,,2,,13,9,Completed,3.75,1.28
2025-01-21,Australian Open,Grand Slam,Outdoor,Hard,Quarterfinals,3,Sabalenka A.,Pavlyuchenkova A.,1,32,6,2,2,6,6,3,,,,,2,1,14,11,Completed,1.09,7.58
2025-01-22,Australian Open,Grand Slam,Outdoor,Hard,Quarterfinals,3,Keys M.,Svitolina E.,14,27,3,6,6,3,6,4,,,,,2,1,15,13,Completed,1.54,2.51
2025-01-22,Australian Open,Grand Slam,Outdoor,Hard,Quarterfinals,3,Swiatek I.,Navarro E.,2,8,6,1,6,2,,,,,,,2,,12,3,Completed,1.07,9.17
2025-01-23,Australian Open,Grand Slam,Outdoor,Hard,Semifinals,3,Sabalenka A.,Badosa P.,1,12,6,4,6,2,,,,,,,2,,12,6,Completed,1.3,3.56
2025-01-23,Australian Open,Grand Slam,Outdoor,Hard,Semifinals,3,Keys M.,Swiatek I.,14,2,5,7,6,1,7,6,,,,,2,1,18,14,Completed,4.99,1.18
2025-01-25,Australian Open,Grand Slam,Outdoor,Hard,The Final,3,Keys M.,Sabalenka A.,14,1,6,3,2,6,7,6,,,,,2,1,15,15,Completed,3.95,1.26
2025-01-27,Ladies Linz Open,WTA500,Indoor,Hard,1st Round,3,Tomova V.,Bouzas Maneiro J.,64,57,7,6,6,4,,,,,,,2,,13,10,Completed,2.78,1.43
2025-01-27,Ladies Linz Open,WTA500,Indoor,Hard,1st Round,3,Cirstea S.,Rus A.,70,88,5,7,6,2,6,3,,,,,2,1,17,12,Completed,2.01,1.79
2025-01-28,Ladies Linz Open,WTA500,Indoor,Hard,1st Round,3,Ruzic A.,Sherif M.,168,63,6,3,6,4,,,,,,,2,,12,7,Completed,1.35,3.2
2025-01-28,Ladies Linz Open,WTA500,Indoor,Hard,1st Round,3,Tauson C.,Kalinina A.,39,48,6,3,6,3,,,,,,,2,,12,6,Completed,1.45,2.72
2025-01-28,Ladies Linz Open,WTA500,Indoor,Hard,1st Round,3,Sorribes Tormo S.,Sun L.,99,45,6,3,6,3,,,,,,,2,,12,6,Completed,1.75,2.06
2025-01-28,Ladies Linz Open,WTA500,Indoor,Hard,1st Round,3,Sramkova R.,Cocciaretto E.,44,59,7,5,7,5,,,,,,,2,,14,10,Completed,1.73,2.08
2025-01-28,Ladies Linz Open,WTA500,Indoor,Hard,1st Round,3,Potapova A.,Grabher J.,33,393,6,2,6,2,,,,,,,2,,12,4,Completed,1.09,7.18
2025-01-28,Ladies Linz Open,WTA500,Indoor,Hard,1st Round,3,Sasnovich A.,Zakharova A.,149,139,6,3,7,6,,,,,,,2,,13,9,Completed,1.65,2.23
2025-01-28,Ladies Linz Open,WTA500,Indoor,Hard,1st Round,3,Martic P.,Lys E.,125,91,6,4,5,7,6,3,,,,,2,1,17,14,Completed,2.57,1.5
2025-01-28,Ladies Linz Open,WTA500,Indoor,Hard,1st Round,3,Yastremska D.,Bronzetti L.,72,66,7,6,7,5,,,,,,,2,,14,11,Completed,1.77,2.02
2025-01-29,Ladies Linz Open,WTA500,Indoor,Hard,1st Round,3,Avanesyan E.,Siniakova K.,49,53,6,3,6,2,,,,,,,2,,12,5,Completed,1.75,2.05
2025-01-29,Ladies Linz Open,WTA500,Indoor,Hard,1st Round,3,Blinkova A.,Kraus S.,83,220,7,6,6,2,,,,,,,2,,13,8,Completed,1.49,2.58
2025-01-29,Ladies Linz Open,WTA500,Indoor,Hard,2nd Round,3,Tauson C.,Cirstea S.,39,70,6,2,6,4,,,,,,,2,,12,6,Completed,1.22,4.26
2025-01-29,Ladies Linz Open,WTA500,Indoor,Hard,2nd Round,3,Sakkari M.,Tomova V.,31,64,6,3,6,2,,,,,,,2,,12,5,Completed,1.33,3.26
2025-01-29,Ladies Linz Open,WTA500,Indoor,Hard,2nd Round,3,Potapova A.,Sramkova R.,33,44,7,6,6,4,,,,,,,2,,13,10,Completed,1.53,2.47
2025-01-30,Ladies Linz Open,WTA500,Indoor,Hard,2nd Round,3,Yastremska D.,Ruzic A.,72,168,7,5,6,1,,,,,,,2,,13,6,Completed,1.62,2.26
2025-01-30,Ladies Linz Open,WTA500,Indoor,Hard,2nd Round,3,Martic P.,Avanesyan E.,125,49,6,4,4,6,7,5,,,,,2,1,17,15,Completed,2.97,1.39
2025-01-30,Ladies Linz Open,WTA500,Indoor,Hard,2nd Round,3,Blinkova A.,Svitolina E.,83,24,6,4,6,4,,,,,,,2,,12,8,Completed,3.53,1.29
2025-01-30,Ladies Linz Open,WTA500,Indoor,Hard,2nd Round,3,Muchova K.,Sorribes Tormo S.,19,99,6,2,6,3,,,,,,,2,,12,5,Completed,1.17,4.88
2025-01-30,Ladies Linz Open,WTA500,Indoor,Hard,2nd Round,3,Alexandrova E.,Sasnovich A.,30,149,6,3,6,2,,,,,,,2,,12,5,Completed,1.61,2.29
2025-01-31,Ladies Linz Open,WTA500,Indoor,Hard,Quarterfinals,3,Yastremska D.,Sakkari M.,72,31,7,5,6,0,,,,,,,2,,13,5,Completed,2.26,1.63
2025-01-31,Ladies Linz Open,WTA500,Indoor,Hard,Quarterfinals,3,Tauson C.,Blinkova A.,39,83,6,4,6,3,,,,,,,2,,12,7,Completed,1.36,3.13
2025-01-31,Ladies Linz Open,WTA500,Indoor,Hard,Quarterfinals,3,Muchova K.,Potapova A.,19,33,6,3,3,6,6,3,,,,,2,1,15,12,Completed,1.21,4.43
2025-01-31,Ladies Linz Open,WTA500,Indoor,Hard,Quarterfinals,3,Alexandrova E.,Martic P.,30,125,3,6,6,2,6,2,,,,,2,1,15,10,Completed,1.37,3.06
2025-02-01,Ladies Linz Open,WTA500,Indoor,Hard,Semifinals,3,Yastremska D.,Tauson C.,72,39,6,1,6,4,,,,,,,2,,12,5,Completed,2.45,1.54
2025-02-01,Ladies Linz Open,WTA500,Indoor,Hard,Semifinals,3,Alexandrova E.,Muchova K.,30,19,6,0,6,4,,,,,,,2,,12,4,Completed,3.15,1.36
2025-02-02,Ladies Linz Open,WTA500,Indoor,Hard,The Final,3,Alexandrova E.,Yastremska D.,30,72,6,2,3,6,7,5,,,,,2,1,16,13,Completed,1.68,2.19
2025-01-27,Singapore Open,WTA250,Indoor,Hard,1st Round,3,Osorio M.,Pera B.,55,77,6,1,6,7,6,3,,,,,2,1,18,11,Completed,1.55,2.43
2025-01-27,Singapore Open,WTA250,Indoor,Hard,1st Round,3,Li A.,Saville D.,85,122,6,3,6,1,,,,,,,2,,12,4,Completed,1.49,2.6
2025-01-27,Singapore Open,WTA250,Indoor,Hard,1st Round,3,Joint M.,Parks A.,109,89,4,6,6,1,7,5,,,,,2,1,17,12,Completed,1.74,2.08
2025-01-27,Singapore Open,WTA250,Indoor,Hard,1st Round,3,Bucsa C.,Raducanu E.,101,56,5,7,7,5,7,5,,,,,2,1,19,17,Completed,3.66,1.28
2025-01-27,Singapore Open,WTA250,Indoor,Hard,1st Round,3,Sawangkaew M.,Wei S.,132,116,6,4,7,6,,,,,,,2,,13,10,Completed,2.24,1.63
2025-01-27,Singapore Open,WTA250,Indoor,Hard,1st Round,3,Kalinskaya A.,Dolehide C.,18,81,6,4,4,6,6,2,,,,,2,1,16,12,Completed,1.43,2.81
2025-01-27,Singapore Open,WTA250,Indoor,Hard,1st Round,3,Salkova D.,Andreeva E.,163,75,7,6,6,2,,,,,,,2,,13,8,Completed,1.93,1.83
2025-01-27,Singapore Open,WTA250,Indoor,Hard,1st Round,3,Waltert S.,Tomljanovic A.,179,114,6,2,6,3,,,,,,,2,,12,5,Completed,2.13,1.7
2025-01-28,Singapore Open,WTA250,Indoor,Hard,1st Round,3,Birrell K.,Kudermetova P.,95,58,6,3,6,2,,,,,,,2,,12,5,Completed,2.49,1.51
2025-01-28,Singapore Open,WTA250,Indoor,Hard,1st Round,3,Baptiste H.,Zarazua R.,93,65,2,6,6,0,6,3,,,,,2,1,14,9,Completed,1.87,1.89
2025-01-28,Singapore Open,WTA250,Indoor,Hard,1st Round,3,Timofeeva M.,Wang Xiy.,254,96,6,3,7,6,,,,,,,2,,13,9,Completed,3.11,1.35
2025-01-28,Singapore Open,WTA250,Indoor,Hard,1st Round,3,Gadecki O.,Uchijima M.,107,60,6,1,6,7,6,2,,,,,2,1,18,10,Completed,2.01,1.79
2025-01-28,Singapore Open,WTA250,Indoor,Hard,1st Round,3,Wang Xin.,Marino R.,35,102,6,4,5,7,7,5,,,,,2,1,18,16,Completed,1.53,2.48
2025-01-28,Singapore Open,WTA250,Indoor,Hard,1st Round,3,Teichmann J.,Dart H.,128,98,6,3,6,1,,,,,,,2,,12,4,Completed,1.69,2.14
2025-01-28,Singapore Open,WTA250,Indoor,Hard,1st Round,3,Mertens E.,Townsend T.,32,82,6,1,6,0,,,,,,,2,,12,1,Completed,1.38,3.0
2025-01-28,Singapore Open,WTA250,Indoor,Hard,1st Round,3,Maria T.,Starodubtseva Y.,73,111,2,6,6,1,6,2,,,,,2,1,14,9,Completed,2.26,1.62
2025-01-29,Singapore Open,WTA250,Indoor,Hard,2nd Round,3,Osorio M.,Salkova D.,55,163,3,6,6,2,6,4,,,,,2,1,15,12,Completed,1.54,2.45
2025-01-29,Singapore Open,WTA250,Indoor,Hard,2nd Round,3,Sawangkaew M.,Bucsa C.,132,101,6,4,6,4,,,,,,,2,,12,8,Completed,2.16,1.68
2025-01-29,Singapore Open,WTA250,Indoor,Hard,2nd Round,3,Kalinskaya A.,Waltert S.,18,179,6,2,7,6,,,,,,,2,,13,8,Completed,1.4,2.91
2025-01-29,Singapore Open,WTA250,Indoor,Hard,2nd Round,3,Li A.,Timofeeva M.,85,254,6,3,6,2,,,,,,,2,,12,5,Completed,1.53,2.49
2025-01-30,Singapore Open,WTA250,Indoor,Hard,2nd Round,3,Birrell K.,Baptiste H.,95,93,6,7,6,3,7,5,,,,,2,1,19,15,Completed,1.97,1.81
2025-01-30,Singapore Open,WTA250,Indoor,Hard,2nd Round,3,Mertens E.,Maria T.,32,73,6,7,6,3,6,1,,,,,2,1,18,11,Completed,1.24,4.01
2025-01-30,Singapore Open,WTA250,Indoor,Hard,2nd Round,3,Wang Xin.,Joint M.,35,109,6,4,6,2,,,,,,,2,,12,6,Completed,1.91,1.86
2025-01-30,Singapore Open,WTA250,Indoor,Hard,2nd Round,3,Teichmann J.,Gadecki O.,128,107,6,4,6,4,,,,,,,2,,12,8,Completed,1.55,2.41
2025-01-31,Singapore Open,WTA250,Indoor,Hard,Quarterfinals,3,Li A.,Birrell K.,85,95,7,6,7,6,,,,,,,2,,14,12,Completed,1.56,2.38
2025-01-31,Singapore Open,WTA250,Indoor,Hard,Quarterfinals,3,Kalinskaya A.,Sawangkaew M.,18,132,6,3,4,6,6,0,,,,,2,1,16,9,Completed,1.37,3.06
2025-01-31,Singapore Open,WTA250,Indoor,Hard,Quarterfinals,3,Wang Xin.,Teichmann J.,35,128,6,7,7,6,6,4,,,,,2,1,19,17,Completed,1.41,2.87
2025-01-31,Singapore Open,WTA250,Indoor,Hard,Quarterfinals,3,Mertens E.,Osorio M.,32,55,6,4,6,2,,,,,,,2,,12,6,Completed,1.41,2.88
2025-02-01,Singapore Open,WTA250,Indoor,Hard,Semifinals,3,Li A.,Kalinskaya A.,85,18,7,6,1,0,,,,,,,1,,8,6,Retired,2.35,1.58
2025-02-01,Singapore Open,WTA250,Indoor,Hard,Semifinals,3,Mertens E.,Wang Xin.,32,35,6,3,6,4,,,,,,,2,,12,7,Completed,1.47,2.67
2025-02-02,Singapore Open,WTA250,Indoor,Hard,The Final,3,Mertens E.,Li A.,32,85,6,1,6,4,,,,,,,2,,12,5,Completed,1.45,2.73
2025-02-03,Abu Dhabi WTA Women's Tennis Open,WTA500,Outdoor,Hard,1st Round,3,Sonobe W.,Yuan Y.,834,54,6,4,6,3,,,,,,,2,,12,7,Completed,2.48,1.53
2025-02-03,Abu Dhabi WTA Women's Tennis Open,WTA500,Outdoor,Hard,1st Round,3,Krueger A.,Kessler M.,50,52,6,3,6,7,6,3,,,,,2,1,18,13,Completed,2.19,1.67
2025-02-03,Abu Dhabi WTA Women's Tennis Open,WTA500,Outdoor,Hard,1st Round,3,Volynets K.,Kartal S.,62,90,3,6,6,4,6,4,,,,,2,1,15,14,Completed,2.09,1.73
2025-02-03,Abu Dhabi WTA Women's Tennis Open,WTA500,Outdoor,Hard,1st Round,3,Sun L.,Garcia C.,45,76,6,1,6,3,,,,,,,2,,12,4,Completed,2.45,1.54
2025-02-03,Abu Dhabi WTA Women's Tennis Open,WTA500,Outdoor,Hard,1st Round,3,Kudermetova V.,Samsonova L.,51,21,5,7,6,1,7,6,,,,,2,1,18,14,Completed,2.21,1.65
2025-02-04,Abu Dhabi WTA Women's Tennis Open,WTA500,Outdoor,Hard,1st Round,3,Fernandez L.A.,Uchijima M.,27,60,7,6,7,6,,,,,,,2,,14,12,Completed,1.18,4.78
2025-02-04,Abu Dhabi WTA Women's Tennis Open,WTA500,Outdoor,Hard,1st Round,3,Noskova L.,Frech M.,38,28,6,0,6,3,,,,,,,2,,12,3,Completed,1.67,2.19
2025-02-04,Abu Dhabi WTA Women's Tennis Open,WTA500,Outdoor,Hard,1st Round,3,Linette M.,Zarazua R.,37,65,6,4,7,6,,,,,,,2,,13,10,Completed,2.07,1.75
2025-02-04,Abu Dhabi WTA Women's Tennis Open,WTA500,Outdoor,Hard,1st Round,3,Bencic B.,Sramkova R.,157,44,6,2,3,6,6,1,,,,,2,1,15,9,Completed,1.21,4.34
2025-02-04,Abu Dhabi WTA Women's Tennis Open,WTA500,Outdoor,Hard,1st Round,3,Pavlyuchenkova A.,Kenin S.,23,74,6,3,6,1,,,,,,,2,,12,4,Completed,1.65,2.23
2025-02-04,Abu Dhabi WTA Women's Tennis Open,WTA500,Outdoor,Hard,1st Round,3,Vondrousova M.,Raducanu E.,36,56,6,3,6,4,,,,,,,2,,12,7,Completed,1.71,2.12
2025-02-04,Abu Dhabi WTA Women's Tennis Open,WTA500,Outdoor,Hard,1st Round,3,Jabeur O.,Ostapenko J.,34,26,7,6,7,5,,,,,,,2,,14,11,Completed,1.57,2.4
2025-02-05,Abu Dhabi WTA Women's Tennis Open,WTA500,Outdoor,Hard,2nd Round,3,Bencic B.,Kudermetova V.,157,51,6,0,6,0,,,,,,,2,,12,0,Completed,1.56,2.39
2025-02-05,Abu Dhabi WTA Women's Tennis Open,WTA500,Outdoor,Hard,2nd Round,3,Vondrousova M.,Putintseva Y.,36,20,6,2,6,3,,,,,,,2,,12,5,Completed,2.03,1.76
2025-02-05,Abu Dhabi WTA Women's Tennis Open,WTA500,Outdoor,Hard,2nd Round,3,Rybakina E.,Volynets K.,5,62,2,6,6,4,6,4,,,,,2,1,14,14,Completed,1.08,7.56
2025-02-05,Abu Dhabi WTA Women's Tennis Open,WTA500,Outdoor,Hard,2nd Round,3,Fernandez L.A.,Sun L.,27,45,6,0,6,3,,,,,,,2,,12,3,Completed,1.32,3.34
2025-02-05,Abu Dhabi WTA Women's Tennis Open,WTA500,Outdoor,Hard,2nd Round,3,Krueger A.,Kasatkina D.,50,11,1,6,7,5,6,4,,,,,2,1,14,15,Completed,2.34,1.58
2025-02-05,Abu Dhabi WTA Women's Tennis Open,WTA500,Outdoor,Hard,2nd Round,3,Jabeur O.,Sonobe W.,34,834,6,3,6,3,,,,,,,2,,12,6,Completed,1.28,3.61
2025-02-05,Abu Dhabi WTA Women's Tennis Open,WTA500,Outdoor,Hard,2nd Round,3,Noskova L.,Badosa P.,38,10,6,4,6,1,,,,,,,2,,12,5,Completed,2.4,1.56
2025-02-05,Abu Dhabi WTA Women's Tennis Open,WTA500,Outdoor,Hard,2nd Round,3,Linette M.,Pavlyuchenkova A.,37,23,5,7,4,1,,,,,,,,1,9,8,Retired,3.2,1.34
2025-02-06,Abu Dhabi WTA Women's Tennis Open,WTA500,Outdoor,Hard,Quarterfinals,3,Bencic B.,Vondrousova M.,157,36,7,5,6,3,,,,,,,2,,13,8,Completed,1.54,2.42
2025-02-06,Abu Dhabi WTA Women's Tennis Open,WTA500,Outdoor,Hard,Quarterfinals,3,Krueger A.,Fernandez L.A.,50,27,7,5,4,6,6,2,,,,,2,1,17,13,Completed,2.27,1.61
2025-02-06,Abu Dhabi WTA Women's Tennis Open,WTA500,Outdoor,Hard,Quarterfinals,3,Rybakina E.,Jabeur O.,5,34,6,2,4,6,7,6,,,,,2,1,17,14,Completed,1.42,2.83
2025-02-06,Abu Dhabi WTA Women's Tennis Open,WTA500,Outdoor,Hard,Quarterfinals,3,Noskova L.,Linette M.,38,37,6,4,6,3,,,,,,,2,,12,7,Completed,1.31,3.37
2025-02-07,Abu Dhabi WTA Women's Tennis Open,WTA500,Outdoor,Hard,Semifinals,3,Krueger A.,Noskova L.,50,38,7,6,6,4,,,,,,,2,,13,10,Completed,2.45,1.53
2025-02-07,Abu Dhabi WTA Women's Tennis Open,WTA500,Outdoor,Hard,Semifinals,3,Bencic B.,Rybakina E.,157,5,3,6,6,3,6,4,,,,,2,1,15,13,Completed,2.19,1.66
2025-02-08,Abu Dhabi WTA Women's Tennis Open,WTA500,Outdoor,Hard,The Final,3,Bencic B.,Krueger A.,157,50,4,6,6,1,6,1,,,,,2,1,16,8,Completed,1.43,2.75
2025-02-03,Transylvania Open,WTA250,Indoor,Hard,1st Round,3,Tomova V.,Sherif M.,64,63,3,6,6,4,6,1,,,,,2,1,15,11,Completed,1.6,2.32
2025-02-03,Transylvania Open,WTA250,Indoor,Hard,1st Round,3,Lamens S.,Bondar A.,67,92,7,6,7,6,,,,,,,2,,14,12,Completed,1.72,2.1
2025-02-03,Transylvania Open,WTA250,Indoor,Hard,1st Round,3,Dolehide C.,Snigur D.,81,136,7,5,2,6,6,4,,,,,2,1,15,15,Completed,2.26,1.63
2025-02-03,Transylvania Open,WTA250,Indoor,Hard,1st Round,3,Kalinina A.,Ruse E.G.,48,113,6,2,6,3,,,,,,,2,,12,5,Completed,1.96,1.81
2025-02-03,Transylvania Open,WTA250,Indoor,Hard,1st Round,3,Stakusic M.,Cirstea S.,118,70,6,1,1,6,6,4,,,,,2,1,13,11,Completed,2.0,1.78
2025-02-04,Transylvania Open,WTA250,Indoor,Hard,1st Round,3,Potapova A.,Grabher J.,33,393,6,4,6,0,,,,,,,2,,12,4,Completed,1.04,10.88
2025-02-04,Transylvania Open,WTA250,Indoor,Hard,1st Round,3,Golubic V.,Rus A.,110,88,7,5,4,6,7,6,,,,,2,1,18,17,Completed,1.4,2.89
2025-02-04,Transylvania Open,WTA250,Indoor,Hard,1st Round,3,Danilovic O.,Parks A.,41,89,6,3,6,3,,,,,,,2,,12,6,Completed,1.63,2.26
2025-02-04,Transylvania Open,WTA250,Indoor,Hard,1st Round,3,Sasnovich A.,Bouzas Maneiro J.,149,57,6,7,7,5,6,4,,,,,2,1,19,16,Completed,1.96,1.83
2025-02-04,Transylvania Open,WTA250,Indoor,Hard,1st Round,3,Cocciaretto E.,Begu I.,59,78,6,3,7,5,,,,,,,2,,13,8,Completed,1.76,2.04
2025-02-04,Transylvania Open,WTA250,Indoor,Hard,1st Round,3,Blinkova A.,Sorribes Tormo S.,83,99,6,2,6,2,,,,,,,2,,12,4,Completed,1.67,2.17
2025-02-04,Transylvania Open,WTA250,Indoor,Hard,1st Round,3,Bogdan A.,Burrage J.,119,150,6,2,6,3,,,,,,,2,,12,5,Completed,1.63,2.24
2025-02-04,Transylvania Open,WTA250,Indoor,Hard,1st Round,3,Stearns P.,Gracheva V.,46,69,2,6,6,2,6,2,,,,,2,1,14,10,Completed,1.41,2.87
2025-02-04,Transylvania Open,WTA250,Indoor,Hard,1st Round,3,Bronzetti L.,Halep S.,66,868,6,1,6,1,,,,,,,2,,12,2,Completed,1.73,2.08
2025-02-05,Transylvania Open,WTA250,Indoor,Hard,1st Round,3,Siniakova K.,Jones F.,53,154,6,4,6,7,6,4,,,,,2,1,18,15,Completed,1.34,3.19
2025-02-05,Transylvania Open,WTA250,Indoor,Hard,1st Round,3,Seidel E.,Cristian J.,145,61,6,4,6,2,,,,,,,2,,12,6,Completed,2.11,1.7
2025-02-05,Transylvania Open,WTA250,Indoor,Hard,2nd Round,3,Kalinina A.,Lamens S.,48,67,1,6,6,4,6,4,,,,,2,1,13,14,Completed,1.46,2.67
2025-02-05,Transylvania Open,WTA250,Indoor,Hard,2nd Round,3,Sasnovich A.,Stakusic M.,149,118,6,3,7,5,,,,,,,2,,13,8,Completed,1.75,2.05
2025-02-05,Transylvania Open,WTA250,Indoor,Hard,2nd Round,3,Tomova V.,Danilovic O.,64,41,7,5,7,5,,,,,,,2,,14,10,Completed,3.51,1.29
2025-02-06,Transylvania Open,WTA250,Indoor,Hard,2nd Round,3,Siniakova K.,Dolehide C.,53,81,2,6,6,1,6,4,,,,,2,1,14,11,Completed,1.51,2.53
2025-02-06,Transylvania Open,WTA250,Indoor,Hard,2nd Round,3,Potapova A.,Golubic V.,33,110,6,4,7,5,,,,,,,2,,13,9,Completed,1.43,2.74
2025-02-06,Transylvania Open,WTA250,Indoor,Hard,2nd Round,3,Seidel E.,Blinkova A.,145,83,6,2,7,6,,,,,,,2,,13,8,Completed,2.36,1.57
2025-02-06,Transylvania Open,WTA250,Indoor,Hard,2nd Round,3,Bronzetti L.,Stearns P.,66,46,6,2,7,6,,,,,,,2,,13,8,Completed,2.35,1.58
2025-02-06,Transylvania Open,WTA250,Indoor,Hard,2nd Round,3,Cocciaretto E.,Bogdan A.,59,119,6,3,6,0,,,,,,,2,,12,3,Completed,2.14,1.68
2025-02-07,Transylvania Open,WTA250,Indoor,Hard,Quarterfinals,3,Sasnovich A.,Kalinina A.,149,48,2,6,6,4,7,6,,,,,2,1,15,16,Completed,2.33,1.59
2025-02-07,Transylvania Open,WTA250,Indoor,Hard,Quarterfinals,3,Siniakova K.,Tomova V.,53,64,6,3,7,6,,,,,,,2,,13,9,Completed,1.43,2.8
2025-02-07,Transylvania Open,WTA250,Indoor,Hard,Quarterfinals,3,Potapova A.,Seidel E.,33,145,6,2,6,3,,,,,,,2,,12,5,Completed,1.56,2.4
2025-02-07,Transylvania Open,WTA250,Indoor,Hard,Quarterfinals,3,Bronzetti L.,Cocciaretto E.,66,59,6,1,6,4,,,,,,,2,,12,5,Completed,1.73,2.08
2025-02-08,Transylvania Open,WTA250,Indoor,Hard,Semifinals,3,Potapova A.,Sasnovich A.,33,149,6,3,7,5,,,,,,,2,,13,8,Completed,1.37,3.02
2025-02-08,Transylvania Open,WTA250,Indoor,Hard,Semifinals,3,Bronzetti L.,Siniakova K.,66,53,4,0,,,,,,,,,,,4,0,Retired,1.83,1.95
2025-02-09,Transylvania Open,WTA250,Indoor,Hard,The Final,3,Potapova A.,Bronzetti L.,33,66,4,6,6,1,6,2,,,,,2,1,16,9,Completed,1.53,2.48
2025-02-09,Qatar Open,WTA1000,Outdoor,Hard,1st Round,3,Bucsa C.,Kalinskaya A.,116,18,6,7,7,5,6,4,,,,,2,1,19,16,Completed,2.8,1.42
2025-02-09,Qatar Open,WTA1000,Outdoor,Hard,1st Round,3,Parks A.,Shnaider D.,90,13,6,4,7,6,,,,,,,2,,13,10,Completed,3.26,1.33
2025-02-09,Qatar Open,WTA1000,Outdoor,Hard,1st Round,3,Garcia C.,Yuan Y.,76,51,6,1,7,6,,,,,,,2,,13,7,Completed,2.06,1.74
2025-02-09,Qatar Open,WTA1000,Outdoor,Hard,1st Round,3,Sakkari M.,Ruse E.G.,29,111,4,6,6,3,4,0,,,,,1,1,14,9,Retired,1.66,2.2
2025-02-09,Qatar Open,WTA1000,Outdoor,Hard,1st Round,3,Mertens E.,Tauson C.,32,39,6,0,,,,,,,,,1,,6,0,Retired,1.74,2.06
2025-02-09,Qatar Open,WTA1000,Outdoor,Hard,1st Round,3,Fernandez L.A.,Minnen G.,27,88,6,1,6,2,,,,,,,2,,12,3,Completed,1.3,3.47
2025-02-09,Qatar Open,WTA1000,Outdoor,Hard,1st Round,3,Kostyuk M.,Sonmez Z.,21,94,6,3,6,3,,,,,,,2,,12,6,Completed,1.31,3.37
2025-02-09,Qatar Open,WTA1000,Outdoor,Hard,1st Round,3,Samsonova L.,Sun L.,23,43,6,3,6,3,,,,,,,2,,12,6,Completed,1.27,3.65
2025-02-09,Qatar Open,WTA1000,Outdoor,Hard,1st Round,3,Andreeva M.,Volynets K.,15,64,4,6,7,6,6,4,,,,,2,1,17,16,Completed,1.3,3.43
2025-02-09,Qatar Open,WTA1000,Outdoor,Hard,1st Round,3,Avanesyan E.,Wang Xin.,48,38,7,6,1,6,7,6,,,,,2,1,15,18,Completed,1.8,1.99
2025-02-09,Qatar Open,WTA1000,Outdoor,Hard,1st Round,3,Frech M.,Haddad Maia B.,28,16,6,4,3,6,6,2,,,,,2,1,15,12,Completed,2.16,1.69
2025-02-09,Qatar Open,WTA1000,Outdoor,Hard,1st Round,3,Alexandrova E.,Raducanu E.,26,60,6,3,7,5,,,,,,,2,,13,8,Completed,1.73,2.08
2025-02-09,Qatar Open,WTA1000,Outdoor,Hard,1st Round,3,Anisimova A.,Azarenka V.,41,30,6,3,7,5,,,,,,,2,,13,8,Completed,1.76,2.04
2025-02-10,Qatar Open,WTA1000,Outdoor,Hard,1st Round,3,Noskova L.,Vekic D.,33,19,6,2,6,4,,,,,,,2,,12,6,Completed,1.54,2.45
2025-02-10,Qatar Open,WTA1000,Outdoor,Hard,1st Round,3,Sramkova R.,Kalinina A.,46,50,6,2,6,3,,,,,,,2,,12,5,Completed,1.84,1.93
2025-02-10,Qatar Open,WTA1000,Outdoor,Hard,1st Round,3,Kenin S.,Krueger A.,73,40,6,4,6,4,,,,,,,2,,12,8,Completed,2.12,1.71
2025-02-10,Qatar Open,WTA1000,Outdoor,Hard,1st Round,3,Putintseva Y.,Uchijima M.,20,63,6,2,6,7,6,3,,,,,2,1,18,12,Completed,1.2,4.47
2025-02-10,Qatar Open,WTA1000,Outdoor,Hard,1st Round,3,Ostapenko J.,Ito A.,37,120,6,2,6,1,,,,,,,2,,12,3,Completed,1.44,2.74
2025-02-10,Qatar Open,WTA1000,Outdoor,Hard,1st Round,3,Kasatkina D.,Kudermetova P.,12,59,6,0,6,0,,,,,,,2,,12,0,Completed,1.3,3.47
2025-02-10,Qatar Open,WTA1000,Outdoor,Hard,1st Round,3,Linette M.,Kudermetova V.,36,52,3,6,6,0,6,4,,,,,2,1,15,10,Completed,2.62,1.48
2025-02-10,Qatar Open,WTA1000,Outdoor,Hard,1st Round,3,Stearns P.,Yastremska D.,47,49,7,5,6,3,,,,,,,2,,13,8,Completed,2.08,1.73
2025-02-10,Qatar Open,WTA1000,Outdoor,Hard,1st Round,3,Svitolina E.,Vondrousova M.,22,34,0,6,6,2,7,5,,,,,2,1,13,13,Completed,2.06,1.74
2025-02-10,Qatar Open,WTA1000,Outdoor,Hard,1st Round,3,Jabeur O.,Kessler M.,35,55,6,2,6,0,,,,,,,2,,12,2,Completed,1.46,2.66
2025-02-10,Qatar Open,WTA1000,Outdoor,Hard,1st Round,3,Badosa P.,Zarazua R.,10,68,6,3,4,6,6,2,,,,,2,1,16,11,Completed,1.16,5.19
2025-02-10,Qatar Open,WTA1000,Outdoor,Hard,2nd Round,3,Swiatek I.,Sakkari M.,2,29,6,3,6,2,,,,,,,2,,12,5,Completed,1.04,10.97
2025-02-10,Qatar Open,WTA1000,Outdoor,Hard,2nd Round,3,Fernandez L.A.,Navarro E.,27,9,6,2,6,2,,,,,,,2,,12,4,Completed,1.99,1.8
2025-02-11,Qatar Open,WTA1000,Outdoor,Hard,2nd Round,3,Paolini J.,Garcia C.,4,76,6,3,6,4,,,,,,,2,,12,7,Completed,1.42,2.81
2025-02-11,Qatar Open,WTA1000,Outdoor,Hard,2nd Round,3,Kenin S.,Parks A.,73,90,7,6,3,6,6,2,,,,,2,1,16,14,Completed,1.54,2.44
2025-02-11,Qatar Open,WTA1000,Outdoor,Hard,2nd Round,3,Mertens E.,Bucsa C.,32,116,6,2,6,3,,,,,,,2,,12,5,Completed,1.17,4.79
2025-02-11,Qatar Open,WTA1000,Outdoor,Hard,2nd Round,3,Noskova L.,Putintseva Y.,33,20,6,2,6,3,,,,,,,2,,12,5,Completed,1.59,2.32
2025-02-11,Qatar Open,WTA1000,Outdoor,Hard,2nd Round,3,Ostapenko J.,Samsonova L.,37,23,7,6,7,5,,,,,,,2,,14,11,Completed,1.88,1.9
2025-02-11,Qatar Open,WTA1000,Outdoor,Hard,2nd Round,3,Kostyuk M.,Gauff C.,21,3,6,2,7,5,,,,,,,2,,13,7,Completed,4.44,1.19
2025-02-11,Qatar Open,WTA1000,Outdoor,Hard,2nd Round,3,Rybakina E.,Stearns P.,7,47,6,2,6,4,,,,,,,2,,12,6,Completed,1.19,4.51
2025-02-11,Qatar Open,WTA1000,Outdoor,Hard,2nd Round,3,Sramkova R.,Andreeva M.,46,15,3,6,6,3,7,5,,,,,2,1,16,14,Completed,4.23,1.21
2025-02-11,Qatar Open,WTA1000,Outdoor,Hard,2nd Round,3,Pegula J.,Svitolina E.,5,22,6,3,7,6,,,,,,,2,,13,9,Completed,1.6,2.31
2025-02-11,Qatar Open,WTA1000,Outdoor,Hard,2nd Round,3,Jabeur O.,Zheng Q.,35,8,6,4,6,2,,,,,,,2,,12,6,Completed,2.41,1.55
2025-02-11,Qatar Open,WTA1000,Outdoor,Hard,2nd Round,3,Alexandrova E.,Sabalenka A.,26,1,3,6,6,3,7,6,,,,,2,1,16,15,Completed,4.55,1.19
2025-02-11,Qatar Open,WTA1000,Outdoor,Hard,2nd Round,3,Kasatkina D.,Avanesyan E.,12,48,6,2,6,3,,,,,,,2,,12,5,Completed,1.4,2.9
2025-02-11,Qatar Open,WTA1000,Outdoor,Hard,2nd Round,3,Linette M.,Frech M.,36,28,7,5,5,7,6,4,,,,,2,1,18,16,Completed,1.97,1.81
2025-02-11,Qatar Open,WTA1000,Outdoor,Hard,2nd Round,3,Anisimova A.,Badosa P.,41,10,6,4,6,3,,,,,,,2,,12,7,Completed,2.49,1.52
2025-02-12,Qatar Open,WTA1000,Outdoor,Hard,3rd Round,3,Rybakina E.,Sramkova R.,7,46,7,6,6,2,,,,,,,2,,13,8,Completed,1.16,5.02
2025-02-12,Qatar Open,WTA1000,Outdoor,Hard,3rd Round,3,Ostapenko J.,Paolini J.,37,4,6,2,6,2,,,,,,,2,,12,4,Completed,2.31,1.59
2025-02-12,Qatar Open,WTA1000,Outdoor,Hard,3rd Round,3,Pegula J.,Kasatkina D.,5,12,6,3,7,5,,,,,,,2,,13,8,Completed,1.52,2.48
2025-02-12,Qatar Open,WTA1000,Outdoor,Hard,3rd Round,3,Kostyuk M.,Linette M.,21,36,6,4,6,2,,,,,,,2,,12,6,Completed,1.33,3.23
2025-02-12,Qatar Open,WTA1000,Outdoor,Hard,3rd Round,3,Swiatek I.,Noskova L.,2,33,6,7,6,4,6,4,,,,,2,1,18,15,Completed,1.22,4.1
2025-02-12,Qatar Open,WTA1000,Outdoor,Hard,3rd Round,3,Alexandrova E.,Mertens E.,26,32,6,4,6,2,,,,,,,2,,12,6,Completed,2.3,1.6
2025-02-12,Qatar Open,WTA1000,Outdoor,Hard,3rd Round,3,Jabeur O.,Kenin S.,35,73,6,3,6,4,,,,,,,2,,12,7,Completed,1.34,3.21
2025-02-12,Qatar Open,WTA1000,Outdoor,Hard,3rd Round,3,Anisimova A.,Fernandez L.A.,41,27,6,3,6,0,,,,,,,2,,12,3,Completed,1.9,1.89
2025-02-13,Qatar Open,WTA1000,Outdoor,Hard,Quarterfinals,3,Alexandrova E.,Pegula J.,26,5,4,6,6,1,6,1,,,,,2,1,16,8,Completed,2.28,1.61
2025-02-13,Qatar Open,WTA1000,Outdoor,Hard,Quarterfinals,3,Swiatek I.,Rybakina E.,2,7,6,2,7,5,,,,,,,2,,13,7,Completed,1.54,2.43
2025-02-13,Qatar Open,WTA1000,Outdoor,Hard,Quarterfinals,3,Ostapenko J.,Jabeur O.,37,35,6,2,6,2,,,,,,,2,,12,4,Completed,2.25,1.63
2025-02-13,Qatar Open,WTA1000,Outdoor,Hard,Quarterfinals,3,Anisimova A.,Kostyuk M.,41,21,4,6,7,5,6,4,,,,,2,1,17,15,Completed,1.65,2.22
2025-02-14,Qatar Open,WTA1000,Outdoor,Hard,Semifinals,3,Ostapenko J.,Swiatek I.,37,2,6,3,6,1,,,,,,,2,,12,4,Completed,3.2,1.33
2025-02-14,Qatar Open,WTA1000,Outdoor,Hard,Semifinals,3,Anisimova A.,Alexandrova E.,41,26,6,3,6,3,,,,,,,2,,12,6,Completed,2.09,1.72
2025-02-15,Qatar Open,WTA1000,Outdoor,Hard,The Final,3,Anisimova A.,Ostapenko J.,41,37,6,4,6,3,,,,,,,2,,12,7,Completed,2.19,1.66
2025-02-16,Dubai Duty Free Tennis Championships,WTA1000,Outdoor,Hard,1st Round,3,Parks A.,Wang Xin.,74,41,6,3,6,3,,,,,,,2,,12,6,Completed,2.14,1.7
2025-02-16,Dubai Duty Free Tennis Championships,WTA1000,Outdoor,Hard,1st Round,3,Badosa P.,Sun L.,10,45,6,3,6,4,,,,,,,2,,12,7,Completed,1.16,5.09
2025-02-16,Dubai Duty Free Tennis Championships,WTA1000,Outdoor,Hard,1st Round,3,Mertens E.,Fernandez L.A.,31,30,6,2,6,2,,,,,,,2,,12,4,Completed,2.04,1.76
2025-02-16,Dubai Duty Free Tennis Championships,WTA1000,Outdoor,Hard,1st Round,3,Yastremska D.,Linette M.,48,37,6,3,7,5,,,,,,,2,,13,8,Completed,1.73,2.09
2025-02-16,Dubai Duty Free Tennis Championships,WTA1000,Outdoor,Hard,1st Round,3,Kenin S.,Vekic D.,56,20,7,5,6,3,,,,,,,2,,13,8,Completed,1.88,1.91
2025-02-16,Dubai Duty Free Tennis Championships,WTA1000,Outdoor,Hard,1st Round,3,Noskova L.,Putintseva Y.,35,23,6,2,7,6,,,,,,,2,,13,8,Completed,1.36,3.08
2025-02-16,Dubai Duty Free Tennis Championships,WTA1000,Outdoor,Hard,1st Round,3,Bencic B.,Ito A.,66,116,6,0,6,2,,,,,,,2,,12,2,Completed,1.13,5.95
2025-02-16,Dubai Duty Free Tennis Championships,WTA1000,Outdoor,Hard,1st Round,3,Samsonova L.,Pavlyuchenkova A.,25,36,6,2,6,2,,,,,,,2,,12,4,Completed,1.98,1.81
2025-02-16,Dubai Duty Free Tennis Championships,WTA1000,Outdoor,Hard,1st Round,3,Vondrousova M.,Garcia C.,39,70,6,2,6,2,,,,,,,2,,12,4,Completed,1.3,3.47
2025-02-16,Dubai Duty Free Tennis Championships,WTA1000,Outdoor,Hard,1st Round,3,Muchova K.,Lamens S.,17,67,6,2,6,2,,,,,,,2,,12,4,Completed,1.21,4.34
2025-02-16,Dubai Duty Free Tennis Championships,WTA1000,Outdoor,Hard,1st Round,3,Svitolina E.,Kalinskaya A.,24,19,6,1,6,2,,,,,,,2,,12,3,Completed,1.44,2.77
2025-02-16,Dubai Duty Free Tennis Championships,WTA1000,Outdoor,Hard,1st Round,3,Raducanu E.,Sakkari M.,61,29,6,4,6,2,,,,,,,2,,12,6,Completed,1.66,2.19
2025-02-17,Dubai Duty Free Tennis Championships,WTA1000,Outdoor,Hard,1st Round,3,Potapova A.,Haddad Maia B.,33,16,6,3,6,0,,,,,,,2,,12,3,Completed,1.6,2.31
2025-02-17,Dubai Duty Free Tennis Championships,WTA1000,Outdoor,Hard,1st Round,3,Lys E.,Begu I.,87,78,5,7,7,5,6,3,,,,,2,1,18,15,Completed,1.5,2.55
2025-02-17,Dubai Duty Free Tennis Championships,WTA1000,Outdoor,Hard,1st Round,3,Shnaider D.,Frech M.,13,28,6,2,6,2,,,,,,,2,,12,4,Completed,1.49,2.6
2025-02-17,Dubai Duty Free Tennis Championships,WTA1000,Outdoor,Hard,1st Round,3,Cirstea S.,Kasatkina D.,89,11,6,1,6,4,,,,,,,2,,12,5,Completed,4.61,1.19
2025-02-17,Dubai Duty Free Tennis Championships,WTA1000,Outdoor,Hard,1st Round,3,Kostyuk M.,Siniakova K.,21,58,6,3,6,4,,,,,,,2,,12,7,Completed,1.48,2.61
2025-02-17,Dubai Duty Free Tennis Championships,WTA1000,Outdoor,Hard,1st Round,3,Tauson C.,Sramkova R.,38,42,7,6,6,0,,,,,,,2,,13,6,Completed,1.63,2.26
2025-02-17,Dubai Duty Free Tennis Championships,WTA1000,Outdoor,Hard,1st Round,3,Azarenka V.,Kalinina A.,34,51,2,6,7,6,6,4,,,,,2,1,15,16,Completed,1.62,2.26
2025-02-17,Dubai Duty Free Tennis Championships,WTA1000,Outdoor,Hard,1st Round,3,Uchijima M.,Ostapenko J.,62,26,6,3,6,3,,,,,,,2,,12,6,Completed,4.29,1.21
2025-02-17,Dubai Duty Free Tennis Championships,WTA1000,Outdoor,Hard,1st Round,3,Kessler M.,Anisimova A.,53,18,6,2,6,3,,,,,,,2,,12,5,Completed,3.15,1.35
2025-02-17,Dubai Duty Free Tennis Championships,WTA1000,Outdoor,Hard,1st Round,3,Kudermetova V.,Alexandrova E.,50,22,3,6,6,4,6,3,,,,,2,1,15,13,Completed,2.48,1.53
2025-02-17,Dubai Duty Free Tennis Championships,WTA1000,Outdoor,Hard,1st Round,3,Stearns P.,Jabeur O.,46,32,7,6,6,4,,,,,,,2,,13,10,Completed,2.99,1.38
2025-02-17,Dubai Duty Free Tennis Championships,WTA1000,Outdoor,Hard,1st Round,3,Andreeva M.,Avanesyan E.,14,44,6,2,6,1,,,,,,,2,,12,3,Completed,1.32,3.32
2025-02-18,Dubai Duty Free Tennis Championships,WTA1000,Outdoor,Hard,2nd Round,3,Paolini J.,Lys E.,4,87,6,2,7,5,,,,,,,2,,13,7,Completed,1.28,3.6
2025-02-18,Dubai Duty Free Tennis Championships,WTA1000,Outdoor,Hard,2nd Round,3,Badosa P.,Mertens E.,10,31,6,2,6,1,,,,,,,2,,12,3,Completed,1.72,2.11
2025-02-18,Dubai Duty Free Tennis Championships,WTA1000,Outdoor,Hard,2nd Round,3,Rybakina E.,Uchijima M.,7,62,6,3,6,2,,,,,,,2,,12,5,Completed,1.08,7.87
2025-02-18,Dubai Duty Free Tennis Championships,WTA1000,Outdoor,Hard,2nd Round,3,Noskova L.,Shnaider D.,35,13,7,6,4,6,6,3,,,,,2,1,17,15,Completed,1.51,2.52
2025-02-18,Dubai Duty Free Tennis Championships,WTA1000,Outdoor,Hard,2nd Round,3,Kenin S.,Kostyuk M.,56,21,5,7,7,6,7,6,,,,,2,1,19,19,Completed,2.51,1.52
2025-02-18,Dubai Duty Free Tennis Championships,WTA1000,Outdoor,Hard,2nd Round,3,Pegula J.,Samsonova L.,5,25,6,0,6,4,,,,,,,2,,12,4,Completed,1.47,2.64
2025-02-18,Dubai Duty Free Tennis Championships,WTA1000,Outdoor,Hard,2nd Round,3,Swiatek I.,Azarenka V.,2,34,6,0,6,2,,,,,,,2,,12,2,Completed,1.05,10.15
2025-02-18,Dubai Duty Free Tennis Championships,WTA1000,Outdoor,Hard,2nd Round,3,Yastremska D.,Potapova A.,48,33,6,2,6,3,,,,,,,2,,12,5,Completed,2.45,1.53
2025-02-18,Dubai Duty Free Tennis Championships,WTA1000,Outdoor,Hard,2nd Round,3,Kessler M.,Gauff C.,53,3,6,4,7,5,,,,,,,2,,13,9,Completed,4.12,1.22
2025-02-18,Dubai Duty Free Tennis Championships,WTA1000,Outdoor,Hard,2nd Round,3,Sabalenka A.,Kudermetova V.,1,50,6,3,6,4,,,,,,,2,,12,7,Completed,1.13,5.97
2025-02-18,Dubai Duty Free Tennis Championships,WTA1000,Outdoor,Hard,2nd Round,3,Muchova K.,Raducanu E.,17,61,7,6,6,4,,,,,,,2,,13,10,Completed,1.36,3.08
2025-02-18,Dubai Duty Free Tennis Championships,WTA1000,Outdoor,Hard,2nd Round,3,Tauson C.,Svitolina E.,38,24,7,6,3,6,7,6,,,,,2,1,17,18,Completed,2.32,1.6
2025-02-19,Dubai Duty Free Tennis Championships,WTA1000,Outdoor,Hard,2nd Round,3,Navarro E.,Bencic B.,9,66,7,6,2,6,6,3,,,,,2,1,15,15,Completed,3.13,1.35
2025-02-19,Dubai Duty Free Tennis Championships,WTA1000,Outdoor,Hard,2nd Round,3,Cirstea S.,Parks A.,89,74,3,6,6,4,6,1,,,,,2,1,15,11,Completed,1.97,1.8
2025-02-19,Dubai Duty Free Tennis Championships,WTA1000,Outdoor,Hard,2nd Round,3,Andreeva M.,Vondrousova M.,14,39,7,5,6,0,,,,,,,2,,13,5,Completed,1.66,2.19
2025-02-19,Dubai Duty Free Tennis Championships,WTA1000,Outdoor,Hard,2nd Round,3,Stearns P.,Zheng Q.,46,8,3,6,6,4,6,4,,,,,2,1,15,14,Completed,2.84,1.41
2025-02-19,Dubai Duty Free Tennis Championships,WTA1000,Outdoor,Hard,3rd Round,3,Kenin S.,Paolini J.,56,4,6,4,6,0,,,,,,,2,,12,4,Completed,2.67,1.46
2025-02-19,Dubai Duty Free Tennis Championships,WTA1000,Outdoor,Hard,3rd Round,3,Noskova L.,Pegula J.,35,5,6,3,7,6,,,,,,,2,,13,9,Completed,2.08,1.72
2025-02-19,Dubai Duty Free Tennis Championships,WTA1000,Outdoor,Hard,3rd Round,3,Rybakina E.,Badosa P.,7,10,4,6,7,6,7,6,,,,,2,1,18,18,Completed,1.58,2.34
2025-02-19,Dubai Duty Free Tennis Championships,WTA1000,Outdoor,Hard,3rd Round,3,Swiatek I.,Yastremska D.,2,48,7,5,6,0,,,,,,,2,,13,5,Completed,1.12,5.92
2025-02-19,Dubai Duty Free Tennis Championships,WTA1000,Outdoor,Hard,3rd Round,3,Andreeva M.,Stearns P.,14,46,6,1,6,1,,,,,,,2,,12,2,Completed,1.28,3.59
2025-02-19,Dubai Duty Free Tennis Championships,WTA1000,Outdoor,Hard,3rd Round,3,Muchova K.,Kessler M.,17,53,6,3,1,6,7,6,,,,,2,1,14,15,Completed,1.4,2.84
2025-02-19,Dubai Duty Free Tennis Championships,WTA1000,Outdoor,Hard,3rd Round,3,Tauson C.,Sabalenka A.,38,1,6,3,6,2,,,,,,,2,,12,5,Completed,4.92,1.17
2025-02-19,Dubai Duty Free Tennis Championships,WTA1000,Outdoor,Hard,3rd Round,3,Cirstea S.,Navarro E.,89,9,7,6,3,6,7,5,,,,,2,1,17,17,Completed,2.96,1.38
2025-02-20,Dubai Duty Free Tennis Championships,WTA1000,Outdoor,Hard,Quarterfinals,3,Andreeva M.,Swiatek I.,14,2,6,3,6,3,,,,,,,2,,12,6,Completed,2.83,1.41
2025-02-20,Dubai Duty Free Tennis Championships,WTA1000,Outdoor,Hard,Quarterfinals,3,Tauson C.,Noskova L.,38,35,7,6,6,4,,,,,,,2,,13,10,Completed,2.29,1.6
2025-02-20,Dubai Duty Free Tennis Championships,WTA1000,Outdoor,Hard,Quarterfinals,3,Rybakina E.,Kenin S.,7,56,6,2,7,6,,,,,,,2,,13,8,Completed,1.39,2.93
2025-02-20,Dubai Duty Free Tennis Championships,WTA1000,Outdoor,Hard,Quarterfinals,3,Muchova K.,Cirstea S.,17,89,6,2,7,5,,,,,,,2,,13,7,Completed,1.3,3.36
2025-02-21,Dubai Duty Free Tennis Championships,WTA1000,Outdoor,Hard,Semifinals,3,Andreeva M.,Rybakina E.,14,7,6,4,4,6,6,3,,,,,2,1,16,13,Completed,2.0,1.8
2025-02-21,Dubai Duty Free Tennis Championships,WTA1000,Outdoor,Hard,Semifinals,3,Tauson C.,Muchova K.,38,17,6,4,6,7,6,3,,,,,2,1,18,14,Completed,2.2,1.66
2025-02-22,Dubai Duty Free Tennis Championships,WTA1000,Outdoor,Hard,The Final,3,Andreeva M.,Tauson C.,14,38,7,6,6,1,,,,,,,2,,13,7,Completed,1.61,2.3
2025-02-24,ATX Open,WTA250,Outdoor,Hard,1st Round,3,Tomljanovic A.,Volynets K.,111,63,7,6,7,5,,,,,,,2,,14,11,Completed,2.34,1.58
2025-02-24,ATX Open,WTA250,Outdoor,Hard,1st Round,3,Parrizas Diaz N.,Rapolu M.,107,542,6,2,6,4,,,,,,,2,,12,6,Completed,1.3,3.39
2025-02-25,ATX Open,WTA250,Outdoor,Hard,1st Round,3,Birrell K.,Yuan Y.,76,51,7,6,7,6,,,,,,,2,,14,12,Completed,1.89,1.88
2025-02-25,ATX Open,WTA250,Outdoor,Hard,1st Round,3,Blinkova A.,Uchijima M.,74,54,4,6,6,4,6,0,,,,,2,1,16,10,Completed,1.78,2.02
2025-02-25,ATX Open,WTA250,Outdoor,Hard,1st Round,3,Maria T.,Bondar A.,79,95,6,4,4,6,6,1,,,,,2,1,16,11,Completed,1.77,2.02
2025-02-25,ATX Open,WTA250,Outdoor,Hard,1st Round,3,Burrage J.,Kvitova P.,189,,3,6,6,4,6,4,,,,,2,1,15,14,Completed,1.78,2.0
2025-02-25,ATX Open,WTA250,Outdoor,Hard,1st Round,3,Shibahara E.,Juvan K.,148,1106,2,6,6,3,6,2,,,,,2,1,14,11,Completed,1.99,1.79
2025-02-25,ATX Open,WTA250,Outdoor,Hard,1st Round,3,Bucsa C.,Pera B.,99,78,6,3,6,4,,,,,,,2,,12,7,Completed,1.82,1.96
2025-02-25,ATX Open,WTA250,Outdoor,Hard,1st Round,3,Pegula J.,Rus A.,4,90,6,3,3,2,,,,,,,1,,9,5,Retired,1.04,10.14
2025-02-25,ATX Open,WTA250,Outdoor,Hard,1st Round,3,Dolehide C.,Zakharova A.,80,132,6,2,5,7,6,4,,,,,2,1,17,13,Completed,1.75,2.05
2025-02-25,ATX Open,WTA250,Outdoor,Hard,1st Round,3,Gracheva V.,Stearns P.,72,43,6,2,6,3,,,,,,,2,,12,5,Completed,2.91,1.39
2025-02-25,ATX Open,WTA250,Outdoor,Hard,1st Round,3,Minnen G.,Wei S.,92,119,5,7,6,3,6,2,,,,,2,1,17,12,Completed,1.81,1.97
2025-02-26,ATX Open,WTA250,Outdoor,Hard,1st Round,3,Shnaider D.,Prozorova T.,13,175,0,6,6,2,7,5,,,,,2,1,13,13,Completed,1.47,2.63
2025-02-26,ATX Open,WTA250,Outdoor,Hard,1st Round,3,Cirstea S.,Siegemund L.,120,83,6,3,0,6,6,1,,,,,2,1,12,10,Completed,1.53,2.43
2025-02-26,ATX Open,WTA250,Outdoor,Hard,1st Round,3,Lamens S.,Rakhimova K.,67,73,1,6,6,3,6,4,,,,,2,1,13,13,Completed,1.57,2.37
2025-02-26,ATX Open,WTA250,Outdoor,Hard,1st Round,3,Kessler M.,Golubic V.,56,104,6,2,7,5,,,,,,,2,,13,7,Completed,1.32,3.33
2025-02-26,ATX Open,WTA250,Outdoor,Hard,2nd Round,3,Blinkova A.,Maria T.,74,79,6,2,6,2,,,,,,,2,,12,4,Completed,1.43,2.74
2025-02-26,ATX Open,WTA250,Outdoor,Hard,2nd Round,3,Pegula J.,Parrizas Diaz N.,4,107,6,1,6,3,,,,,,,2,,12,4,Completed,1.04,10.86
2025-02-26,ATX Open,WTA250,Outdoor,Hard,2nd Round,3,Tomljanovic A.,Burrage J.,111,189,4,6,6,3,6,0,,,,,2,1,16,9,Completed,1.43,2.76
2025-02-27,ATX Open,WTA250,Outdoor,Hard,2nd Round,3,Shibahara E.,Birrell K.,148,76,6,3,4,6,6,4,,,,,2,1,16,13,Completed,2.51,1.52
2025-02-27,ATX Open,WTA250,Outdoor,Hard,2nd Round,3,Cirstea S.,Shnaider D.,120,13,6,3,2,6,6,4,,,,,2,1,14,13,Completed,2.61,1.48
2025-02-27,ATX Open,WTA250,Outdoor,Hard,2nd Round,3,Kessler M.,Bucsa C.,56,99,5,7,6,3,7,6,,,,,2,1,18,16,Completed,1.38,2.97
2025-02-27,ATX Open,WTA250,Outdoor,Hard,2nd Round,3,Minnen G.,Lamens S.,92,67,6,1,6,0,,,,,,,2,,12,1,Completed,1.93,1.86
2025-02-28,ATX Open,WTA250,Outdoor,Hard,2nd Round,3,Dolehide C.,Gracheva V.,80,72,5,7,6,2,6,2,,,,,2,1,17,11,Completed,1.9,1.87
2025-02-28,ATX Open,WTA250,Outdoor,Hard,Quarterfinals,3,Tomljanovic A.,Shibahara E.,111,148,7,5,3,6,7,6,,,,,2,1,17,17,Completed,1.5,2.54
2025-02-28,ATX Open,WTA250,Outdoor,Hard,Quarterfinals,3,Pegula J.,Blinkova A.,4,74,6,2,6,2,,,,,,,2,,12,4,Completed,1.18,4.75
2025-03-01,ATX Open,WTA250,Outdoor,Hard,Quarterfinals,3,Kessler M.,Cirstea S.,56,120,5,7,6,4,6,1,,,,,2,1,17,12,Completed,1.66,2.19
2025-03-01,ATX Open,WTA250,Outdoor,Hard,Quarterfinals,3,Minnen G.,Dolehide C.,92,80,6,3,7,5,,,,,,,2,,13,8,Completed,1.83,1.96
2025-03-01,ATX Open,WTA250,Outdoor,Hard,Semifinals,3,Pegula J.,Tomljanovic A.,4,111,6,1,4,6,6,3,,,,,2,1,16,10,Completed,1.12,6.09
2025-03-01,ATX Open,WTA250,Outdoor,Hard,Semifinals,3,Kessler M.,Minnen G.,56,92,7,5,6,4,,,,,,,2,,13,9,Completed,1.5,2.56
2025-03-02,ATX Open,WTA250,Outdoor,Hard,The Final,3,Pegula J.,Kessler M.,4,56,7,5,6,2,,,,,,,2,,13,7,Completed,1.33,3.27
2025-02-24,Merida Open,WTA500,Outdoor,Hard,1st Round,3,Kalinina A.,Jeanjean L.,52,129,6,4,1,6,6,1,,,,,2,1,13,11,Completed,1.48,2.63
2025-02-24,Merida Open,WTA500,Outdoor,Hard,1st Round,3,Joint M.,Grabher J.,103,387,6,3,6,2,,,,,,,2,,12,5,Completed,1.06,8.6
2025-02-24,Merida Open,WTA500,Outdoor,Hard,1st Round,3,Avanesyan E.,Frech M.,45,31,4,6,6,3,6,3,,,,,2,1,16,12,Completed,1.76,2.03
2025-02-25,Merida Open,WTA500,Outdoor,Hard,1st Round,3,Bouzas Maneiro J.,Jamrichova R.,66,310,7,5,5,7,7,5,,,,,2,1,19,17,Completed,1.39,2.94
2025-02-25,Merida Open,WTA500,Outdoor,Hard,1st Round,3,Arango E.,Carle M.,133,100,6,2,6,3,,,,,,,2,,12,5,Completed,1.65,2.23
2025-02-25,Merida Open,WTA500,Outdoor,Hard,1st Round,3,Jones F.,Sherif M.,136,68,6,4,3,0,,,,,,,1,,9,4,Retired,1.4,2.88
2025-02-25,Merida Open,WTA500,Outdoor,Hard,1st Round,3,Saville D.,Kostyuk M.,121,19,6,4,7,6,,,,,,,2,,13,10,Completed,3.76,1.26
2025-02-25,Merida Open,WTA500,Outdoor,Hard,1st Round,3,Sramkova R.,Sun L.,40,48,6,3,6,1,,,,,,,2,,12,4,Completed,1.4,2.88
2025-02-25,Merida Open,WTA500,Outdoor,Hard,1st Round,3,Martic P.,Stephens S.,124,115,6,2,6,3,,,,,,,2,,12,5,Completed,1.57,2.38
2025-02-25,Merida Open,WTA500,Outdoor,Hard,1st Round,3,Linette M.,Cocciaretto E.,37,71,6,4,6,0,,,,,,,2,,12,4,Completed,1.71,2.11
2025-02-26,Merida Open,WTA500,Outdoor,Hard,1st Round,3,Sonmez Z.,Sakkari M.,88,30,7,5,6,2,,,,,,,2,,13,7,Completed,3.07,1.36
2025-02-26,Merida Open,WTA500,Outdoor,Hard,1st Round,3,Cristian J.,Starodubtseva Y.,85,109,6,4,4,1,,,,,,,1,,10,5,Retired,1.56,2.34
2025-02-26,Merida Open,WTA500,Outdoor,Hard,2nd Round,3,Saville D.,Kalinina A.,121,52,4,6,6,2,6,2,,,,,2,1,16,10,Completed,2.08,1.73
2025-02-26,Merida Open,WTA500,Outdoor,Hard,2nd Round,3,Avanesyan E.,Bouzas Maneiro J.,45,66,6,1,6,4,,,,,,,2,,12,5,Completed,1.42,2.82
2025-02-27,Merida Open,WTA500,Outdoor,Hard,2nd Round,3,Joint M.,Vekic D.,103,20,6,1,6,2,,,,,,,2,,12,3,Completed,2.09,1.72
2025-02-27,Merida Open,WTA500,Outdoor,Hard,2nd Round,3,Badosa P.,Cristian J.,11,85,6,2,6,1,,,,,,,2,,12,3,Completed,1.14,5.44
2025-02-27,Merida Open,WTA500,Outdoor,Hard,2nd Round,3,Arango E.,Jones F.,133,136,3,6,6,3,3,4,,,,,1,1,12,13,Retired,2.15,1.69
2025-02-27,Merida Open,WTA500,Outdoor,Hard,2nd Round,3,Sramkova R.,Haddad Maia B.,40,17,7,6,6,3,,,,,,,2,,13,9,Completed,1.82,1.96
2025-02-28,Merida Open,WTA500,Outdoor,Hard,2nd Round,3,Sonmez Z.,Linette M.,88,37,6,3,3,1,,,,,,,1,,9,4,Retired,2.25,1.63
2025-02-28,Merida Open,WTA500,Outdoor,Hard,2nd Round,3,Navarro E.,Martic P.,10,124,6,1,6,2,,,,,,,2,,12,3,Completed,1.28,3.61
2025-02-28,Merida Open,WTA500,Outdoor,Hard,Quarterfinals,3,Avanesyan E.,Joint M.,45,103,4,6,6,2,6,0,,,,,2,1,16,8,Completed,2.06,1.75
2025-02-28,Merida Open,WTA500,Outdoor,Hard,Quarterfinals,3,Arango E.,Sramkova R.,133,40,5,7,6,3,6,0,,,,,2,1,17,10,Completed,3.59,1.29
2025-03-01,Merida Open,WTA500,Outdoor,Hard,Quarterfinals,3,Navarro E.,Sonmez Z.,10,88,6,4,6,2,,,,,,,2,,12,6,Completed,1.26,3.8
2025-03-01,Merida Open,WTA500,Outdoor,Hard,Quarterfinals,3,Saville D.,Badosa P.,121,11,1,6,5,3,,,,,,,,1,6,9,Retired,5.42,1.14
2025-03-02,Merida Open,WTA500,Outdoor,Hard,Semifinals,3,Navarro E.,Avanesyan E.,10,45,6,3,6,3,,,,,,,2,,12,6,Completed,1.43,2.78
2025-03-02,Merida Open,WTA500,Outdoor,Hard,Semifinals,3,Arango E.,Saville D.,133,121,6,3,4,6,6,2,,,,,2,1,16,11,Completed,2.14,1.69
2025-03-02,Merida Open,WTA500,Outdoor,Hard,The Final,3,Navarro E.,Arango E.,10,133,6,0,6,0,,,,,,,2,,12,0,Completed,1.18,4.77
2025-03-05,BNP Paribas Open,WTA1000,Outdoor,Hard,1st Round,3,Sun L.,Sramkova R.,49,37,6,3,1,6,7,6,,,,,2,1,14,15,Completed,3.4,1.32
2025-03-05,BNP Paribas Open,WTA1000,Outdoor,Hard,1st Round,3,Gracheva V.,Kvitova P.,70,1448,4,6,6,3,6,4,,,,,2,1,16,13,Completed,1.91,1.88
2025-03-05,BNP Paribas Open,WTA1000,Outdoor,Hard,1st Round,3,Garcia C.,Pera B.,71,81,6,3,6,4,,,,,,,2,,12,7,Completed,1.83,1.97
2025-03-05,BNP Paribas Open,WTA1000,Outdoor,Hard,1st Round,3,Cocciaretto E.,Zarazua R.,72,69,6,4,1,0,,,,,,,1,,7,4,Retired,1.63,2.28
2025-03-05,BNP Paribas Open,WTA1000,Outdoor,Hard,1st Round,3,Begu I.,Li A.,74,66,7,5,3,6,6,1,,,,,2,1,16,12,Completed,2.24,1.65
2025-03-05,BNP Paribas Open,WTA1000,Outdoor,Hard,1st Round,3,Baptiste H.,Osuigwe W.,100,228,6,1,6,2,,,,,,,2,,12,3,Completed,1.55,2.45
2025-03-05,BNP Paribas Open,WTA1000,Outdoor,Hard,1st Round,3,Lamens S.,Bouzkova M.,64,50,3,6,6,3,6,3,,,,,2,1,15,12,Completed,2.35,1.58
2025-03-05,BNP Paribas Open,WTA1000,Outdoor,Hard,1st Round,3,Linette M.,Stearns P.,36,44,6,4,4,6,6,3,,,,,2,1,16,13,Completed,2.43,1.56
2025-03-05,BNP Paribas Open,WTA1000,Outdoor,Hard,1st Round,3,Dolehide C.,Rakhimova K.,73,75,6,2,7,6,,,,,,,2,,13,8,Completed,1.53,2.5
2025-03-05,BNP Paribas Open,WTA1000,Outdoor,Hard,1st Round,3,Wang Xin.,Sherif M.,42,67,6,4,7,5,,,,,,,2,,13,9,Completed,1.2,4.63
2025-03-06,BNP Paribas Open,WTA1000,Outdoor,Hard,1st Round,3,Siniakova K.,Carle M.,59,103,6,2,6,1,,,,,,,2,,12,3,Completed,1.47,2.68
2025-03-06,BNP Paribas Open,WTA1000,Outdoor,Hard,1st Round,3,Azarenka V.,Ngounoue C.,35,259,6,4,7,6,,,,,,,2,,13,10,Completed,1.45,2.71
2025-03-06,BNP Paribas Open,WTA1000,Outdoor,Hard,1st Round,3,Osorio M.,Osaka N.,53,56,6,4,6,4,,,,,,,2,,12,8,Completed,4.11,1.23
2025-03-06,BNP Paribas Open,WTA1000,Outdoor,Hard,1st Round,3,Montgomery R.,Niemeier J.,107,120,3,6,7,5,6,2,,,,,2,1,16,13,Completed,2.1,1.73
2025-03-06,BNP Paribas Open,WTA1000,Outdoor,Hard,1st Round,3,Krueger A.,Volynets K.,41,65,0,6,6,2,6,2,,,,,2,1,12,10,Completed,1.63,2.27
2025-03-06,BNP Paribas Open,WTA1000,Outdoor,Hard,1st Round,3,Yastremska D.,Yuan Y.,46,68,6,2,6,4,,,,,,,2,,12,6,Completed,1.5,2.58
2025-03-06,BNP Paribas Open,WTA1000,Outdoor,Hard,1st Round,3,Kenin S.,Inglis M.,47,136,6,2,6,1,,,,,,,2,,12,3,Completed,1.2,4.48
2025-03-06,BNP Paribas Open,WTA1000,Outdoor,Hard,1st Round,3,Kudermetova P.,Liu C.,60,284,6,4,6,2,,,,,,,2,,12,6,Completed,1.88,1.91
2025-03-06,BNP Paribas Open,WTA1000,Outdoor,Hard,1st Round,3,Bronzetti L.,Kalinina A.,62,54,6,4,7,5,,,,,,,2,,13,9,Completed,1.8,1.98
2025-03-06,BNP Paribas Open,WTA1000,Outdoor,Hard,1st Round,3,Tomova V.,Danilovic O.,63,43,6,2,6,3,,,,,,,2,,12,5,Completed,2.88,1.41
2025-03-06,BNP Paribas Open,WTA1000,Outdoor,Hard,1st Round,3,McNally C.,Tomljanovic A.,491,94,6,4,,,,,,,,,1,,6,4,Retired,2.5,1.53
2025-03-06,BNP Paribas Open,WTA1000,Outdoor,Hard,1st Round,3,Uchijima M.,Raducanu E.,52,55,6,3,6,2,,,,,,,2,,12,5,Completed,2.95,1.4
2025-03-06,BNP Paribas Open,WTA1000,Outdoor,Hard,1st Round,3,Cirstea S.,Joint M.,111,85,6,2,7,5,,,,,,,2,,13,7,Completed,1.8,2.0
2025-03-06,BNP Paribas Open,WTA1000,Outdoor,Hard,1st Round,3,Kartal S.,Lepchenko V.,83,124,7,6,6,2,,,,,,,2,,13,8,Completed,1.36,3.14
2025-03-06,BNP Paribas Open,WTA1000,Outdoor,Hard,1st Round,3,Bencic B.,Maria T.,58,87,6,1,6,1,,,,,,,2,,12,2,Completed,1.06,9.28
2025-03-06,BNP Paribas Open,WTA1000,Outdoor,Hard,1st Round,3,Cristian J.,Kudermetova V.,79,51,6,2,6,3,,,,,,,2,,12,5,Completed,3.43,1.31
2025-03-07,BNP Paribas Open,WTA1000,Outdoor,Hard,1st Round,3,Birrell K.,Golubic V.,76,101,6,4,6,4,,,,,,,2,,12,8,Completed,2.01,1.8
2025-03-07,BNP Paribas Open,WTA1000,Outdoor,Hard,1st Round,3,Potapova A.,Bouzas Maneiro J.,34,57,6,7,6,4,7,5,,,,,2,1,19,16,Completed,1.3,3.46
2025-03-07,BNP Paribas Open,WTA1000,Outdoor,Hard,1st Round,3,Kessler M.,Blinkova A.,48,82,6,1,6,2,,,,,,,2,,12,3,Completed,1.42,2.82
2025-03-07,BNP Paribas Open,WTA1000,Outdoor,Hard,1st Round,3,Jovic I.,Grabher J.,157,388,2,6,7,5,6,0,,,,,2,1,15,11,Completed,1.14,5.75
2025-03-07,BNP Paribas Open,WTA1000,Outdoor,Hard,1st Round,3,Avanesyan E.,Davis L.,39,232,6,4,6,2,,,,,,,2,,12,6,Completed,1.22,4.34
2025-03-07,BNP Paribas Open,WTA1000,Outdoor,Hard,1st Round,3,Parks A.,Kalinskaya A.,61,33,6,4,6,3,,,,,,,2,,12,7,Completed,2.25,1.63
2025-03-07,BNP Paribas Open,WTA1000,Outdoor,Hard,2nd Round,3,Boulter K.,Begu I.,38,74,6,7,6,3,6,0,,,,,2,1,18,10,Completed,1.58,2.35
2025-03-07,BNP Paribas Open,WTA1000,Outdoor,Hard,2nd Round,3,Kostyuk M.,Montgomery R.,24,107,6,1,6,3,,,,,,,2,,12,4,Completed,1.27,3.77
2025-03-07,BNP Paribas Open,WTA1000,Outdoor,Hard,2nd Round,3,Muchova K.,Cocciaretto E.,15,72,6,4,6,3,,,,,,,2,,12,7,Completed,1.12,6.32
2025-03-07,BNP Paribas Open,WTA1000,Outdoor,Hard,2nd Round,3,Rybakina E.,Lamens S.,7,64,6,3,6,3,,,,,,,2,,12,6,Completed,1.07,9.11
2025-03-07,BNP Paribas Open,WTA1000,Outdoor,Hard,2nd Round,3,Siniakova K.,Putintseva Y.,59,20,6,2,6,2,,,,,,,2,,12,4,Completed,2.18,1.68
2025-03-07,BNP Paribas Open,WTA1000,Outdoor,Hard,2nd Round,3,Yastremska D.,Jabeur O.,46,32,6,3,6,1,,,,,,,2,,12,4,Completed,2.36,1.59
2025-03-07,BNP Paribas Open,WTA1000,Outdoor,Hard,2nd Round,3,Tauson C.,Osorio M.,21,53,7,6,7,5,,,,,,,2,,14,11,Completed,1.4,2.92
2025-03-07,BNP Paribas Open,WTA1000,Outdoor,Hard,2nd Round,3,Sun L.,Noskova L.,49,31,6,1,6,4,,,,,,,2,,12,5,Completed,6.57,1.11
2025-03-07,BNP Paribas Open,WTA1000,Outdoor,Hard,2nd Round,3,Dolehide C.,Lys E.,73,78,7,6,6,4,,,,,,,2,,13,10,Completed,1.87,1.93
2025-03-08,BNP Paribas Open,WTA1000,Outdoor,Hard,2nd Round,3,Swiatek I.,Garcia C.,2,71,6,2,6,0,,,,,,,2,,12,2,Completed,1.05,10.47
2025-03-08,BNP Paribas Open,WTA1000,Outdoor,Hard,2nd Round,3,Wang Xin.,Ostapenko J.,42,26,6,4,6,4,,,,,,,2,,12,8,Completed,2.73,1.45
2025-03-08,BNP Paribas Open,WTA1000,Outdoor,Hard,2nd Round,3,Pegula J.,Linette M.,4,36,6,4,6,2,,,,,,,2,,12,6,Completed,1.14,5.74
2025-03-08,BNP Paribas Open,WTA1000,Outdoor,Hard,2nd Round,3,Svitolina E.,Krueger A.,23,41,6,1,6,7,6,3,,,,,2,1,18,11,Completed,1.6,2.33
2025-03-08,BNP Paribas Open,WTA1000,Outdoor,Hard,2nd Round,3,Andreeva M.,Gracheva V.,11,70,7,5,6,4,,,,,,,2,,13,9,Completed,1.12,6.42
2025-03-08,BNP Paribas Open,WTA1000,Outdoor,Hard,2nd Round,3,Collins D.,Baptiste H.,14,100,5,7,6,2,6,4,,,,,2,1,17,13,Completed,1.62,2.29
2025-03-08,BNP Paribas Open,WTA1000,Outdoor,Hard,2nd Round,3,Zheng Q.,Azarenka V.,9,35,6,3,6,4,,,,,,,2,,12,7,Completed,1.46,2.74
2025-03-08,BNP Paribas Open,WTA1000,Outdoor,Hard,2nd Round,3,Sakkari M.,Tomova V.,29,63,6,0,6,3,,,,,,,2,,12,3,Completed,1.45,2.74
2025-03-08,BNP Paribas Open,WTA1000,Outdoor,Hard,2nd Round,3,Keys M.,Potapova A.,5,34,6,3,6,0,,,,,,,2,,12,3,Completed,1.4,2.94
2025-03-08,BNP Paribas Open,WTA1000,Outdoor,Hard,2nd Round,3,Kudermetova P.,Alexandrova E.,60,19,7,5,6,2,,,,,,,2,,13,7,Completed,3.23,1.35
2025-03-08,BNP Paribas Open,WTA1000,Outdoor,Hard,2nd Round,3,Bronzetti L.,Frech M.,62,30,6,3,7,5,,,,,,,2,,13,8,Completed,1.93,1.87
2025-03-08,BNP Paribas Open,WTA1000,Outdoor,Hard,2nd Round,3,Paolini J.,Jovic I.,6,157,7,6,1,6,6,3,,,,,2,1,14,15,Completed,1.22,4.31
2025-03-08,BNP Paribas Open,WTA1000,Outdoor,Hard,2nd Round,3,Vekic D.,Avanesyan E.,22,39,6,3,6,3,,,,,,,2,,12,6,Completed,2.34,1.6
2025-03-08,BNP Paribas Open,WTA1000,Outdoor,Hard,2nd Round,3,Gauff C.,Uchijima M.,3,52,6,4,3,6,7,6,,,,,2,1,16,16,Completed,1.09,7.48
2025-03-08,BNP Paribas Open,WTA1000,Outdoor,Hard,2nd Round,3,Kartal S.,Haddad Maia B.,83,17,6,2,6,1,,,,,,,2,,12,3,Completed,2.05,1.77
2025-03-08,BNP Paribas Open,WTA1000,Outdoor,Hard,2nd Round,3,Mertens E.,Birrell K.,28,76,6,4,7,5,,,,,,,2,,13,9,Completed,1.34,3.24
2025-03-08,BNP Paribas Open,WTA1000,Outdoor,Hard,2nd Round,3,Kasatkina D.,Kenin S.,12,47,3,6,7,5,6,4,,,,,2,1,16,15,Completed,1.96,1.85
2025-03-09,BNP Paribas Open,WTA1000,Outdoor,Hard,2nd Round,3,Bencic B.,Anisimova A.,58,18,6,4,6,7,6,1,,,,,2,1,18,12,Completed,1.57,2.41
2025-03-09,BNP Paribas Open,WTA1000,Outdoor,Hard,2nd Round,3,Cristian J.,Fernandez L.A.,79,27,5,7,7,6,6,3,,,,,2,1,18,16,Completed,3.55,1.29
2025-03-09,BNP Paribas Open,WTA1000,Outdoor,Hard,2nd Round,3,Samsonova L.,McNally C.,25,491,7,6,6,4,,,,,,,2,,13,10,Completed,1.34,3.23
2025-03-09,BNP Paribas Open,WTA1000,Outdoor,Hard,2nd Round,3,Sabalenka A.,Kessler M.,1,48,7,6,6,3,,,,,,,2,,13,9,Completed,1.25,4.04
2025-03-09,BNP Paribas Open,WTA1000,Outdoor,Hard,2nd Round,3,Shnaider D.,Parks A.,13,61,6,1,6,1,,,,,,,2,,12,2,Completed,1.46,2.71
2025-03-09,BNP Paribas Open,WTA1000,Outdoor,Hard,2nd Round,3,Navarro E.,Cirstea S.,8,111,3,6,6,1,7,6,,,,,2,1,16,13,Completed,1.41,2.94
2025-03-09,BNP Paribas Open,WTA1000,Outdoor,Hard,3rd Round,3,Swiatek I.,Yastremska D.,2,46,6,0,6,2,,,,,,,2,,12,2,Completed,1.09,7.36
2025-03-09,BNP Paribas Open,WTA1000,Outdoor,Hard,3rd Round,3,Kostyuk M.,Dolehide C.,24,73,6,3,6,3,,,,,,,2,,12,6,Completed,1.32,3.34
2025-03-09,BNP Paribas Open,WTA1000,Outdoor,Hard,3rd Round,3,Rybakina E.,Boulter K.,7,38,6,0,7,5,,,,,,,2,,13,5,Completed,1.19,4.83
2025-03-09,BNP Paribas Open,WTA1000,Outdoor,Hard,3rd Round,3,Muchova K.,Siniakova K.,15,59,7,5,6,1,,,,,,,2,,13,6,Completed,1.36,3.17
2025-03-09,BNP Paribas Open,WTA1000,Outdoor,Hard,3rd Round,3,Pegula J.,Wang Xin.,4,42,6,2,6,1,,,,,,,2,,12,3,Completed,1.18,4.82
2025-03-09,BNP Paribas Open,WTA1000,Outdoor,Hard,3rd Round,3,Svitolina E.,Collins D.,23,14,6,2,6,4,,,,,,,2,,12,6,Completed,1.52,2.54
2025-03-10,BNP Paribas Open,WTA1000,Outdoor,Hard,3rd Round,3,Andreeva M.,Tauson C.,11,21,6,3,6,0,,,,,,,2,,12,3,Completed,1.49,2.61
2025-03-10,BNP Paribas Open,WTA1000,Outdoor,Hard,3rd Round,3,Zheng Q.,Sun L.,9,49,6,4,7,5,,,,,,,2,,13,9,Completed,1.17,4.98
2025-03-10,BNP Paribas Open,WTA1000,Outdoor,Hard,3rd Round,3,Keys M.,Mertens E.,5,28,6,2,6,7,6,4,,,,,2,1,18,13,Completed,1.38,3.01
2025-03-10,BNP Paribas Open,WTA1000,Outdoor,Hard,3rd Round,3,Kartal S.,Kudermetova P.,83,60,7,5,6,3,,,,,,,2,,13,8,Completed,1.77,2.03
2025-03-10,BNP Paribas Open,WTA1000,Outdoor,Hard,3rd Round,3,Gauff C.,Sakkari M.,3,29,7,6,6,2,,,,,,,2,,13,8,Completed,1.25,3.92
2025-03-10,BNP Paribas Open,WTA1000,Outdoor,Hard,3rd Round,3,Bencic B.,Shnaider D.,58,13,6,4,6,4,,,,,,,2,,12,8,Completed,1.48,2.64
2025-03-10,BNP Paribas Open,WTA1000,Outdoor,Hard,3rd Round,3,Sabalenka A.,Bronzetti L.,1,62,6,1,6,2,,,,,,,2,,12,3,Completed,1.07,8.66
2025-03-10,BNP Paribas Open,WTA1000,Outdoor,Hard,3rd Round,3,Samsonova L.,Kasatkina D.,25,12,2,6,6,3,6,2,,,,,2,1,14,11,Completed,2.25,1.64
2025-03-11,BNP Paribas Open,WTA1000,Outdoor,Hard,3rd Round,3,Vekic D.,Navarro E.,22,8,7,6,6,1,,,,,,,2,,13,7,Completed,2.92,1.4
2025-03-11,BNP Paribas Open,WTA1000,Outdoor,Hard,3rd Round,3,Paolini J.,Cristian J.,6,79,6,4,3,6,6,4,,,,,2,1,15,14,Completed,1.29,3.59
2025-03-11,BNP Paribas Open,WTA1000,Outdoor,Hard,4th Round,3,Swiatek I.,Muchova K.,2,15,6,1,6,1,,,,,,,2,,12,2,Completed,1.31,3.42
2025-03-11,BNP Paribas Open,WTA1000,Outdoor,Hard,4th Round,3,Svitolina E.,Pegula J.,23,4,5,7,6,1,6,2,,,,,2,1,17,10,Completed,2.68,1.46
2025-03-12,BNP Paribas Open,WTA1000,Outdoor,Hard,4th Round,3,Andreeva M.,Rybakina E.,11,7,6,1,6,2,,,,,,,2,,12,3,Completed,1.93,1.86
2025-03-12,BNP Paribas Open,WTA1000,Outdoor,Hard,4th Round,3,Zheng Q.,Kostyuk M.,9,24,6,3,6,2,,,,,,,2,,12,5,Completed,1.66,2.21
2025-03-12,BNP Paribas Open,WTA1000,Outdoor,Hard,4th Round,3,Bencic B.,Gauff C.,58,3,3,6,6,3,6,4,,,,,2,1,15,13,Completed,1.97,1.82
2025-03-12,BNP Paribas Open,WTA1000,Outdoor,Hard,4th Round,3,Keys M.,Vekic D.,5,22,4,6,7,6,6,3,,,,,2,1,17,15,Completed,1.32,3.37
2025-03-12,BNP Paribas Open,WTA1000,Outdoor,Hard,4th Round,3,Sabalenka A.,Kartal S.,1,83,6,1,6,2,,,,,,,2,,12,3,Completed,1.06,8.99
2025-03-12,BNP Paribas Open,WTA1000,Outdoor,Hard,4th Round,3,Samsonova L.,Paolini J.,25,6,6,0,6,4,,,,,,,2,,12,4,Completed,1.89,1.91
2025-03-13,BNP Paribas Open,WTA1000,Outdoor,Hard,Quarterfinals,3,Swiatek I.,Zheng Q.,2,9,6,3,6,3,,,,,,,2,,12,6,Completed,1.2,4.51
2025-03-13,BNP Paribas Open,WTA1000,Outdoor,Hard,Quarterfinals,3,Andreeva M.,Svitolina E.,11,23,7,5,6,3,,,,,,,2,,13,8,Completed,1.39,2.99
2025-03-13,BNP Paribas Open,WTA1000,Outdoor,Hard,Quarterfinals,3,Keys M.,Bencic B.,5,58,6,1,6,1,,,,,,,2,,12,2,Completed,1.75,2.08
2025-03-14,BNP Paribas Open,WTA1000,Outdoor,Hard,Quarterfinals,3,Sabalenka A.,Samsonova L.,1,25,6,2,6,3,,,,,,,2,,12,5,Completed,1.18,4.82
2025-03-14,BNP Paribas Open,WTA1000,Outdoor,Hard,Semifinals,3,Andreeva M.,Swiatek I.,11,2,7,6,1,6,6,3,,,,,2,1,14,15,Completed,2.52,1.52
2025-03-15,BNP Paribas Open,WTA1000,Outdoor,Hard,Semifinals,3,Sabalenka A.,Keys M.,1,5,6,0,6,1,,,,,,,2,,12,1,Completed,1.54,2.45
2025-03-16,BNP Paribas Open,WTA1000,Outdoor,Hard,The Final,3,Andreeva M.,Sabalenka A.,11,1,2,6,6,4,6,3,,,,,2,1,14,13,Completed,2.54,1.51
2025-03-18,Miami Open,WTA1000,Outdoor,Hard,1st Round,3,Siniakova K.,Yuan Y.,57,93,6,2,2,6,7,6,,,,,2,1,15,14,Completed,1.34,3.26
2025-03-18,Miami Open,WTA1000,Outdoor,Hard,1st Round,3,Tomova V.,McNally C.,64,414,6,3,2,6,6,3,,,,,2,1,14,12,Completed,2.25,1.64
2025-03-18,Miami Open,WTA1000,Outdoor,Hard,1st Round,3,Linette M.,Pavlyuchenkova A.,34,47,7,6,6,2,,,,,,,2,,13,8,Completed,2.31,1.61
2025-03-18,Miami Open,WTA1000,Outdoor,Hard,1st Round,3,Parks A.,Gracheva V.,59,65,3,6,7,6,6,3,,,,,2,1,16,15,Completed,1.81,1.99
2025-03-18,Miami Open,WTA1000,Outdoor,Hard,1st Round,3,Bronzetti L.,Bouzas Maneiro J.,62,58,6,4,6,3,,,,,,,2,,12,7,Completed,1.63,2.27
2025-03-18,Miami Open,WTA1000,Outdoor,Hard,1st Round,3,Cirstea S.,Cocciaretto E.,101,82,6,3,7,6,,,,,,,2,,13,9,Completed,1.39,2.97
2025-03-18,Miami Open,WTA1000,Outdoor,Hard,1st Round,3,Osaka N.,Starodubtseva Y.,61,108,3,6,6,4,6,3,,,,,2,1,15,13,Completed,1.18,4.77
2025-03-18,Miami Open,WTA1000,Outdoor,Hard,1st Round,3,Sramkova R.,Stefanini L.,37,146,3,6,6,1,6,3,,,,,2,1,15,10,Completed,1.4,2.9
2025-03-18,Miami Open,WTA1000,Outdoor,Hard,1st Round,3,Fruhvirtova L.,Liu C.,215,282,7,5,4,6,6,3,,,,,2,1,17,14,Completed,2.11,1.7
2025-03-18,Miami Open,WTA1000,Outdoor,Hard,1st Round,3,Davis L.,Ito A.,229,106,6,4,3,6,6,4,,,,,2,1,15,14,Completed,2.56,1.49
2025-03-18,Miami Open,WTA1000,Outdoor,Hard,1st Round,3,Ruse E.G.,Kudermetova P.,102,56,6,1,6,7,6,2,,,,,2,1,18,10,Completed,1.87,1.91
2025-03-18,Miami Open,WTA1000,Outdoor,Hard,1st Round,3,Kenin S.,Kvitova P.,46,1126,6,4,7,5,,,,,,,2,,13,9,Completed,1.35,3.19
2025-03-18,Miami Open,WTA1000,Outdoor,Hard,1st Round,3,Masarova R.,Minnen G.,168,83,6,7,6,4,7,5,,,,,2,1,19,16,Completed,2.93,1.39
2025-03-18,Miami Open,WTA1000,Outdoor,Hard,1st Round,3,Baptiste H.,Danilovic O.,98,41,6,3,6,7,6,1,,,,,2,1,18,11,Completed,1.97,1.81
2025-03-18,Miami Open,WTA1000,Outdoor,Hard,1st Round,3,Krueger A.,Zarazua R.,40,71,6,3,6,2,,,,,,,2,,12,5,Completed,1.22,4.27
2025-03-18,Miami Open,WTA1000,Outdoor,Hard,1st Round,3,Townsend T.,Li A.,90,66,3,6,6,4,6,2,,,,,2,1,15,12,Completed,1.82,1.96
2025-03-19,Miami Open,WTA1000,Outdoor,Hard,1st Round,3,Mboko V.,Osorio M.,162,54,7,5,5,7,6,3,,,,,2,1,18,15,Completed,1.98,1.8
2025-03-19,Miami Open,WTA1000,Outdoor,Hard,1st Round,3,Blinkova A.,Rakhimova K.,85,77,4,6,6,3,6,2,,,,,2,1,16,11,Completed,1.55,2.43
2025-03-19,Miami Open,WTA1000,Outdoor,Hard,1st Round,3,Birrell K.,Potapova A.,68,38,3,6,6,3,7,6,,,,,2,1,16,15,Completed,2.36,1.58
2025-03-19,Miami Open,WTA1000,Outdoor,Hard,1st Round,3,Kudermetova V.,Wang Xin.,52,39,6,2,7,6,,,,,,,2,,13,8,Completed,1.87,1.91
2025-03-19,Miami Open,WTA1000,Outdoor,Hard,1st Round,3,Raducanu E.,Ishii S.,60,188,6,2,6,1,,,,,,,2,,12,3,Completed,1.23,4.08
2025-03-19,Miami Open,WTA1000,Outdoor,Hard,1st Round,3,Kessler M.,Bouzkova M.,48,50,6,4,2,6,6,4,,,,,2,1,14,14,Completed,1.39,2.95
2025-03-19,Miami Open,WTA1000,Outdoor,Hard,1st Round,3,Pera B.,Tomljanovic A.,84,88,6,3,6,2,,,,,,,2,,12,5,Completed,1.92,1.86
2025-03-19,Miami Open,WTA1000,Outdoor,Hard,1st Round,3,Avanesyan E.,Andreeva E.,36,95,6,1,6,7,6,4,,,,,2,1,18,12,Completed,1.33,3.27
2025-03-19,Miami Open,WTA1000,Outdoor,Hard,1st Round,3,Garcia C.,Bondar A.,74,94,6,0,7,6,,,,,,,2,,13,6,Completed,1.49,2.57
2025-03-19,Miami Open,WTA1000,Outdoor,Hard,1st Round,3,Eala A.,Volynets K.,140,73,6,3,7,6,,,,,,,2,,13,9,Completed,3.51,1.3
2025-03-19,Miami Open,WTA1000,Outdoor,Hard,1st Round,3,Grabher J.,Grant T.C.,373,419,6,4,6,4,,,,,,,2,,12,8,Completed,3.61,1.28
2025-03-19,Miami Open,WTA1000,Outdoor,Hard,1st Round,3,Stearns P.,Boulter K.,43,35,6,4,6,2,,,,,,,2,,12,6,Completed,1.76,2.04
2025-03-19,Miami Open,WTA1000,Outdoor,Hard,1st Round,3,Uchijima M.,Lamens S.,53,70,6,4,6,3,,,,,,,2,,12,7,Completed,1.64,2.22
2025-03-19,Miami Open,WTA1000,Outdoor,Hard,1st Round,3,Bencic B.,Yastremska D.,45,42,6,4,1,6,7,5,,,,,2,1,14,15,Completed,1.29,3.5
2025-03-19,Miami Open,WTA1000,Outdoor,Hard,1st Round,3,Azarenka V.,Kalinina A.,32,55,6,3,6,1,,,,,,,2,,12,4,Completed,1.47,2.66
2025-03-20,Miami Open,WTA1000,Outdoor,Hard,1st Round,3,Sherif M.,Sun L.,67,44,7,5,1,6,6,4,,,,,2,1,14,15,Completed,3.0,1.38
2025-03-20,Miami Open,WTA1000,Outdoor,Hard,2nd Round,3,Paolini J.,Sramkova R.,7,37,6,4,6,4,,,,,,,2,,12,8,Completed,1.52,2.5
2025-03-20,Miami Open,WTA1000,Outdoor,Hard,2nd Round,3,Ruse E.G.,Frech M.,102,27,6,4,6,4,,,,,,,2,,12,8,Completed,1.86,1.92
2025-03-20,Miami Open,WTA1000,Outdoor,Hard,2nd Round,3,Zheng Q.,Davis L.,9,229,6,1,7,5,,,,,,,2,,13,6,Completed,1.06,8.71
2025-03-20,Miami Open,WTA1000,Outdoor,Hard,2nd Round,3,Fernandez L.A.,Parks A.,26,59,7,6,6,3,,,,,,,2,,13,9,Completed,1.56,2.4
2025-03-20,Miami Open,WTA1000,Outdoor,Hard,2nd Round,3,Krueger A.,Rybakina E.,40,8,6,4,2,6,6,4,,,,,2,1,14,14,Completed,3.68,1.27
2025-03-20,Miami Open,WTA1000,Outdoor,Hard,2nd Round,3,Gauff C.,Kenin S.,3,46,6,0,6,0,,,,,,,2,,12,0,Completed,1.39,2.91
2025-03-20,Miami Open,WTA1000,Outdoor,Hard,2nd Round,3,Linette M.,Alexandrova E.,34,20,7,6,6,2,,,,,,,2,,13,8,Completed,2.43,1.55
2025-03-20,Miami Open,WTA1000,Outdoor,Hard,2nd Round,3,Sabalenka A.,Tomova V.,1,64,6,3,6,0,,,,,,,2,,12,3,Completed,1.02,14.0
2025-03-20,Miami Open,WTA1000,Outdoor,Hard,2nd Round,3,Townsend T.,Putintseva Y.,90,24,7,6,1,6,6,1,,,,,2,1,14,13,Completed,2.44,1.54
2025-03-20,Miami Open,WTA1000,Outdoor,Hard,2nd Round,3,Jabeur O.,Siniakova K.,30,57,6,4,7,6,,,,,,,2,,13,10,Completed,1.71,2.12
2025-03-20,Miami Open,WTA1000,Outdoor,Hard,2nd Round,3,Sakkari M.,Bronzetti L.,51,62,6,3,5,7,6,4,,,,,2,1,17,14,Completed,1.66,2.2
2025-03-20,Miami Open,WTA1000,Outdoor,Hard,2nd Round,3,Baptiste H.,Kasatkina D.,98,12,3,6,6,4,7,5,,,,,2,1,16,15,Completed,2.97,1.39
2025-03-20,Miami Open,WTA1000,Outdoor,Hard,2nd Round,3,Masarova R.,Vekic D.,168,19,6,1,6,3,,,,,,,2,,12,4,Completed,3.57,1.29
2025-03-20,Miami Open,WTA1000,Outdoor,Hard,2nd Round,3,Fruhvirtova L.,Haddad Maia B.,215,18,6,0,6,2,,,,,,,2,,12,2,Completed,2.1,1.72
2025-03-21,Miami Open,WTA1000,Outdoor,Hard,2nd Round,3,Osaka N.,Samsonova L.,61,21,6,2,6,4,,,,,,,2,,12,6,Completed,1.87,1.91
2025-03-21,Miami Open,WTA1000,Outdoor,Hard,2nd Round,3,Collins D.,Cirstea S.,15,101,6,4,7,6,,,,,,,2,,13,10,Completed,1.64,2.24
2025-03-21,Miami Open,WTA1000,Outdoor,Hard,2nd Round,3,Blinkova A.,Shnaider D.,85,13,6,4,7,6,,,,,,,2,,13,10,Completed,3.41,1.31
2025-03-21,Miami Open,WTA1000,Outdoor,Hard,2nd Round,3,Kalinskaya A.,Uchijima M.,33,53,6,1,6,3,,,,,,,2,,12,4,Completed,1.84,1.95
2025-03-21,Miami Open,WTA1000,Outdoor,Hard,2nd Round,3,Swiatek I.,Garcia C.,2,74,6,2,7,5,,,,,,,2,,13,7,Completed,1.04,11.11
2025-03-21,Miami Open,WTA1000,Outdoor,Hard,2nd Round,3,Eala A.,Ostapenko J.,140,25,7,6,7,5,,,,,,,2,,14,11,Completed,4.26,1.22
2025-03-21,Miami Open,WTA1000,Outdoor,Hard,2nd Round,3,Mertens E.,Stearns P.,28,43,6,4,6,1,,,,,,,2,,12,5,Completed,1.67,2.19
2025-03-21,Miami Open,WTA1000,Outdoor,Hard,2nd Round,3,Badosa P.,Mboko V.,11,162,7,5,1,6,7,6,,,,,2,1,15,17,Completed,1.46,2.71
2025-03-21,Miami Open,WTA1000,Outdoor,Hard,2nd Round,3,Raducanu E.,Navarro E.,60,10,7,6,2,6,7,6,,,,,2,1,16,18,Completed,2.7,1.47
2025-03-21,Miami Open,WTA1000,Outdoor,Hard,2nd Round,3,Tauson C.,Grabher J.,23,373,6,4,7,5,,,,,,,2,,13,9,Completed,1.04,10.76
2025-03-21,Miami Open,WTA1000,Outdoor,Hard,2nd Round,3,Kessler M.,Noskova L.,48,31,2,6,7,5,7,6,,,,,2,1,16,17,Completed,2.12,1.71
2025-03-21,Miami Open,WTA1000,Outdoor,Hard,2nd Round,3,Kostyuk M.,Birrell K.,29,68,7,5,4,6,6,3,,,,,2,1,17,14,Completed,1.38,3.01
2025-03-21,Miami Open,WTA1000,Outdoor,Hard,2nd Round,3,Pegula J.,Pera B.,4,84,6,4,6,4,,,,,,,2,,12,8,Completed,1.13,5.81
2025-03-21,Miami Open,WTA1000,Outdoor,Hard,2nd Round,3,Muchova K.,Azarenka V.,14,32,6,0,0,0,,,,,,,1,,6,0,Retired,1.38,3.01
2025-03-21,Miami Open,WTA1000,Outdoor,Hard,2nd Round,3,Svitolina E.,Bencic B.,22,45,6,1,6,2,,,,,,,2,,12,3,Completed,2.29,1.61
2025-03-21,Miami Open,WTA1000,Outdoor,Hard,2nd Round,3,Anisimova A.,Sherif M.,17,67,6,2,6,2,,,,,,,2,,12,4,Completed,1.1,6.9
2025-03-21,Miami Open,WTA1000,Outdoor,Hard,2nd Round,3,Andreeva M.,Kudermetova V.,6,52,6,0,6,2,,,,,,,2,,12,2,Completed,1.15,5.43
2025-03-21,Miami Open,WTA1000,Outdoor,Hard,2nd Round,3,Keys M.,Avanesyan E.,5,36,6,3,6,3,,,,,,,2,,12,6,Completed,1.25,3.9
2025-03-22,Miami Open,WTA1000,Outdoor,Hard,3rd Round,3,Paolini J.,Jabeur O.,7,30,4,3,,,,,,,,,,,4,3,Retired,2.18,1.69
2025-03-22,Miami Open,WTA1000,Outdoor,Hard,3rd Round,3,Krueger A.,Fernandez L.A.,40,26,6,1,7,5,,,,,,,2,,13,6,Completed,1.75,2.08
2025-03-22,Miami Open,WTA1000,Outdoor,Hard,3rd Round,3,Osaka N.,Baptiste H.,61,98,7,6,3,6,6,4,,,,,2,1,16,16,Completed,1.31,3.42
2025-03-22,Miami Open,WTA1000,Outdoor,Hard,3rd Round,3,Sabalenka A.,Ruse E.G.,1,102,6,1,0,0,,,,,,,1,,6,1,Retired,1.03,12.94
2025-03-22,Miami Open,WTA1000,Outdoor,Hard,3rd Round,3,Gauff C.,Sakkari M.,3,51,6,2,6,4,,,,,,,2,,12,6,Completed,1.2,4.53
2025-03-22,Miami Open,WTA1000,Outdoor,Hard,3rd Round,3,Linette M.,Fruhvirtova L.,34,215,7,5,6,4,,,,,,,2,,13,9,Completed,1.54,2.48
2025-03-22,Miami Open,WTA1000,Outdoor,Hard,3rd Round,3,Collins D.,Masarova R.,15,168,6,4,3,6,6,3,,,,,2,1,15,13,Completed,1.27,3.7
2025-03-23,Miami Open,WTA1000,Outdoor,Hard,3rd Round,3,Zheng Q.,Townsend T.,9,90,6,1,7,6,,,,,,,2,,13,7,Completed,1.22,4.23
2025-03-23,Miami Open,WTA1000,Outdoor,Hard,3rd Round,3,Badosa P.,Tauson C.,11,23,6,3,7,6,,,,,,,2,,13,9,Completed,1.72,2.12
2025-03-23,Miami Open,WTA1000,Outdoor,Hard,3rd Round,3,Svitolina E.,Muchova K.,22,14,6,2,3,6,6,2,,,,,2,1,15,10,Completed,1.89,1.91
2025-03-23,Miami Open,WTA1000,Outdoor,Hard,3rd Round,3,Swiatek I.,Mertens E.,2,28,7,6,6,1,,,,,,,2,,13,7,Completed,1.1,6.93
2025-03-23,Miami Open,WTA1000,Outdoor,Hard,3rd Round,3,Kostyuk M.,Blinkova A.,29,85,6,2,6,1,,,,,,,2,,12,3,Completed,1.37,3.08
2025-03-23,Miami Open,WTA1000,Outdoor,Hard,3rd Round,3,Eala A.,Keys M.,140,5,6,4,6,2,,,,,,,2,,12,6,Completed,8.77,1.06
2025-03-23,Miami Open,WTA1000,Outdoor,Hard,3rd Round,3,Pegula J.,Kalinskaya A.,4,33,6,7,6,2,7,6,,,,,2,1,19,15,Completed,1.28,3.65
2025-03-23,Miami Open,WTA1000,Outdoor,Hard,3rd Round,3,Raducanu E.,Kessler M.,60,48,6,1,3,0,,,,,,,1,,9,1,Retired,1.85,1.94
2025-03-23,Miami Open,WTA1000,Outdoor,Hard,3rd Round,3,Anisimova A.,Andreeva M.,17,6,7,6,2,6,6,3,,,,,2,1,15,15,Completed,3.5,1.3
2025-03-24,Miami Open,WTA1000,Outdoor,Hard,4th Round,3,Paolini J.,Osaka N.,7,61,3,6,6,4,6,4,,,,,2,1,15,14,Completed,2.3,1.61
2025-03-24,Miami Open,WTA1000,Outdoor,Hard,4th Round,3,Zheng Q.,Krueger A.,9,40,6,2,7,6,,,,,,,2,,13,8,Completed,1.51,2.56
2025-03-24,Miami Open,WTA1000,Outdoor,Hard,4th Round,3,Sabalenka A.,Collins D.,1,15,6,4,6,4,,,,,,,2,,12,8,Completed,1.19,4.68
2025-03-24,Miami Open,WTA1000,Outdoor,Hard,4th Round,3,Raducanu E.,Anisimova A.,60,17,6,1,6,3,,,,,,,2,,12,4,Completed,2.26,1.62
2025-03-24,Miami Open,WTA1000,Outdoor,Hard,4th Round,3,Linette M.,Gauff C.,34,3,6,4,6,4,,,,,,,2,,12,8,Completed,6.07,1.12
2025-03-24,Miami Open,WTA1000,Outdoor,Hard,4th Round,3,Pegula J.,Kostyuk M.,4,29,6,2,6,3,,,,,,,2,,12,5,Completed,1.52,2.52
2025-03-25,Miami Open,WTA1000,Outdoor,Hard,4th Round,3,Swiatek I.,Svitolina E.,2,22,7,6,6,3,,,,,,,2,,13,9,Completed,1.27,3.71
2025-03-25,Miami Open,WTA1000,Outdoor,Hard,Quarterfinals,3,Paolini J.,Linette M.,7,34,6,3,6,2,,,,,,,2,,12,5,Completed,1.58,2.38
2025-03-26,Miami Open,WTA1000,Outdoor,Hard,Quarterfinals,3,Sabalenka A.,Zheng Q.,1,9,6,2,7,5,,,,,,,2,,13,7,Completed,1.27,3.75
2025-03-26,Miami Open,WTA1000,Outdoor,Hard,Quarterfinals,3,Eala A.,Swiatek I.,140,2,6,2,7,5,,,,,,,2,,13,7,Completed,8.47,1.07
2025-03-27,Miami Open,WTA1000,Outdoor,Hard,Quarterfinals,3,Pegula J.,Raducanu E.,4,60,6,4,6,7,6,2,,,,,2,1,18,13,Completed,1.46,2.72
2025-03-27,Miami Open,WTA1000,Outdoor,Hard,Semifinals,3,Sabalenka A.,Paolini J.,1,7,6,2,6,2,,,,,,,2,,12,4,Completed,1.18,4.76
2025-03-28,Miami Open,WTA1000,Outdoor,Hard,Semifinals,3,Pegula J.,Eala A.,4,140,7,6,5,7,6,3,,,,,2,1,18,16,Completed,1.26,3.8
2025-03-29,Miami Open,WTA1000,Outdoor,Hard,The Final,3,Sabalenka A.,Pegula J.,1,4,7,5,6,2,,,,,,,2,,13,7,Completed,1.25,3.94
2025-04-01,Copa Colsanitas,WTA250,Outdoor,Clay,1st Round,3,Chang H.,Lepchenko V.,194,122,4,6,6,1,6,2,,,,,2,1,16,9,Completed,3.47,1.3
2025-04-01,Copa Colsanitas,WTA250,Outdoor,Clay,1st Round,3,Maria T.,Paquet C.,82,120,6,7,7,5,6,4,,,,,2,1,19,16,Completed,1.68,2.17
2025-04-01,Copa Colsanitas,WTA250,Outdoor,Clay,1st Round,3,Janicijevic S.,Sorribes Tormo S.,178,86,6,1,6,2,,,,,,,2,,12,3,Completed,5.12,1.16
2025-04-01,Copa Colsanitas,WTA250,Outdoor,Clay,1st Round,3,Osorio M.,Higuita Barraza M.,54,1080,6,0,6,1,,,,,,,2,,12,1,Completed,1.01,27.02
2025-04-01,Copa Colsanitas,WTA250,Outdoor,Clay,1st Round,3,Kawa K.,Mediorreal A.V.,223,800,6,1,6,1,,,,,,,2,,12,2,Completed,1.03,11.47
2025-04-01,Copa Colsanitas,WTA250,Outdoor,Clay,1st Round,3,Tig P.M.,Arango E.,243,84,6,3,6,3,,,,,,,2,,12,6,Completed,2.72,1.42
2025-04-01,Copa Colsanitas,WTA250,Outdoor,Clay,1st Round,3,Pigossi L.,Siegemund L.,180,88,4,6,6,1,6,1,,,,,2,1,16,8,Completed,4.02,1.23
2025-04-01,Copa Colsanitas,WTA250,Outdoor,Clay,1st Round,3,Serban R.,Parrizas Diaz N.,204,111,2,6,6,4,6,1,,,,,2,1,14,11,Completed,2.11,1.71
2025-04-01,Copa Colsanitas,WTA250,Outdoor,Clay,1st Round,3,Bouzkova M.,Krunic A.,51,290,6,0,3,6,6,3,,,,,2,1,15,9,Completed,1.33,3.25
2025-04-01,Copa Colsanitas,WTA250,Outdoor,Clay,1st Round,3,Jovic I.,Parks A.,150,55,6,1,6,4,,,,,,,2,,12,5,Completed,1.86,1.91
2025-04-01,Copa Colsanitas,WTA250,Outdoor,Clay,1st Round,3,Boskovic L.,Bara I.,225,242,6,4,6,4,,,,,,,2,,12,8,Completed,2.07,1.74
2025-04-01,Copa Colsanitas,WTA250,Outdoor,Clay,1st Round,3,Pareja J.,Sanchez Uribe M.J.,550,1259,6,1,6,1,,,,,,,2,,12,2,Completed,1.01,17.08
2025-04-01,Copa Colsanitas,WTA250,Outdoor,Clay,1st Round,3,Bektas E.,Torres Murcia M.C.,186,866,6,0,6,3,,,,,,,2,,12,3,Completed,1.05,9.97
2025-04-02,Copa Colsanitas,WTA250,Outdoor,Clay,1st Round,3,Jeanjean L.,Von Deichmann K.,116,158,6,4,7,5,,,,,,,2,,13,9,Completed,1.39,2.96
2025-04-02,Copa Colsanitas,WTA250,Outdoor,Clay,1st Round,3,Bucsa C.,Kung L.,93,206,6,1,6,7,6,1,,,,,2,1,18,9,Completed,1.2,4.35
2025-04-02,Copa Colsanitas,WTA250,Outdoor,Clay,1st Round,3,Riera J.,Jones F.,157,129,6,2,5,7,5,3,,,,,1,1,16,12,Retired,2.94,1.39
2025-04-02,Copa Colsanitas,WTA250,Outdoor,Clay,2nd Round,3,Kawa K.,Pigossi L.,223,180,1,6,7,6,6,3,,,,,2,1,14,15,Completed,1.86,1.93
2025-04-02,Copa Colsanitas,WTA250,Outdoor,Clay,2nd Round,3,Bouzkova M.,Serban R.,51,204,6,1,6,3,,,,,,,2,,12,4,Completed,1.21,4.34
2025-04-02,Copa Colsanitas,WTA250,Outdoor,Clay,2nd Round,3,Pareja J.,Tig P.M.,550,243,6,3,7,6,,,,,,,2,,13,9,Completed,2.06,1.75
2025-04-03,Copa Colsanitas,WTA250,Outdoor,Clay,2nd Round,3,Jeanjean L.,Janicijevic S.,116,178,6,4,6,3,,,,,,,2,,12,7,Completed,1.28,3.61
2025-04-03,Copa Colsanitas,WTA250,Outdoor,Clay,2nd Round,3,Osorio M.,Bektas E.,54,186,1,6,7,6,6,2,,,,,2,1,14,14,Completed,1.09,7.64
2025-04-03,Copa Colsanitas,WTA250,Outdoor,Clay,2nd Round,3,Maria T.,Chang H.,82,194,6,0,7,6,,,,,,,2,,13,6,Completed,1.4,2.97
2025-04-03,Copa Colsanitas,WTA250,Outdoor,Clay,2nd Round,3,Boskovic L.,Bucsa C.,225,93,6,1,6,4,,,,,,,2,,12,5,Completed,3.61,1.29
2025-04-04,Copa Colsanitas,WTA250,Outdoor,Clay,2nd Round,3,Riera J.,Jovic I.,157,150,6,4,6,2,,,,,,,2,,12,6,Completed,2.59,1.49
2025-04-04,Copa Colsanitas,WTA250,Outdoor,Clay,Quarterfinals,3,Osorio M.,Maria T.,54,82,6,1,6,3,,,,,,,2,,12,4,Completed,1.37,3.06
2025-04-04,Copa Colsanitas,WTA250,Outdoor,Clay,Quarterfinals,3,Riera J.,Boskovic L.,157,225,6,3,2,6,6,1,,,,,2,1,14,10,Completed,1.5,2.58
2025-04-04,Copa Colsanitas,WTA250,Outdoor,Clay,Quarterfinals,3,Kawa K.,Bouzkova M.,223,51,5,7,6,1,7,5,,,,,2,1,18,13,Completed,4.32,1.21
2025-04-05,Copa Colsanitas,WTA250,Outdoor,Clay,Quarterfinals,3,Pareja J.,Jeanjean L.,550,116,7,6,6,3,,,,,,,2,,13,9,Completed,2.28,1.64
2025-04-05,Copa Colsanitas,WTA250,Outdoor,Clay,Semifinals,3,Osorio M.,Riera J.,54,157,6,4,7,5,,,,,,,2,,13,9,Completed,1.35,3.16
2025-04-06,Copa Colsanitas,WTA250,Outdoor,Clay,Semifinals,3,Kawa K.,Pareja J.,223,550,7,5,6,2,,,,,,,2,,13,7,Completed,2.01,1.79
2025-04-06,Copa Colsanitas,WTA250,Outdoor,Clay,The Final,3,Osorio M.,Kawa K.,54,223,6,3,6,3,,,,,,,2,,12,6,Completed,1.22,4.29
2025-03-31,Charleston Open,WTA500,Outdoor,Clay,1st Round,3,Montgomery R.,Tomova V.,105,65,6,1,6,3,,,,,,,2,,12,4,Completed,2.18,1.66
2025-03-31,Charleston Open,WTA500,Outdoor,Clay,1st Round,3,Gracheva V.,Dart H.,66,109,6,1,3,6,6,1,,,,,2,1,15,8,Completed,1.31,3.42
2025-03-31,Charleston Open,WTA500,Outdoor,Clay,1st Round,3,Dolehide C.,Cocciaretto E.,73,85,6,4,6,1,,,,,,,2,,12,5,Completed,1.8,1.99
2025-03-31,Charleston Open,WTA500,Outdoor,Clay,1st Round,3,McNally C.,Kalinina A.,397,68,4,6,6,1,6,4,,,,,2,1,16,11,Completed,1.73,2.1
2025-03-31,Charleston Open,WTA500,Outdoor,Clay,1st Round,3,Volynets K.,Sebov K.,78,332,6,0,6,0,,,,,,,2,,12,0,Completed,1.2,4.46
2025-03-31,Charleston Open,WTA500,Outdoor,Clay,1st Round,3,Kudermetova P.,Begu I.,59,76,6,3,6,4,,,,,,,2,,12,7,Completed,3.0,1.38
2025-03-31,Charleston Open,WTA500,Outdoor,Clay,1st Round,3,Kudermetova V.,Mateas M.,52,230,6,0,6,2,,,,,,,2,,12,2,Completed,1.1,6.82
2025-03-31,Charleston Open,WTA500,Outdoor,Clay,1st Round,3,Tomljanovic A.,Okamura K.,87,183,3,6,6,1,6,2,,,,,2,1,15,9,Completed,1.21,4.38
2025-04-01,Charleston Open,WTA500,Outdoor,Clay,1st Round,3,Sakkari M.,Stakusic M.,64,126,6,3,6,2,,,,,,,2,,12,5,Completed,1.18,4.77
2025-04-01,Charleston Open,WTA500,Outdoor,Clay,1st Round,3,Shymanovich I.,Watson H.,215,182,7,6,6,4,,,,,,,2,,13,10,Completed,1.7,2.14
2025-04-01,Charleston Open,WTA500,Outdoor,Clay,1st Round,3,Davis L.,Loeb J.,211,542,3,6,6,1,6,3,,,,,2,1,15,10,Completed,1.21,4.3
2025-04-01,Charleston Open,WTA500,Outdoor,Clay,1st Round,3,Kenin S.,Pera B.,44,80,6,3,6,4,,,,,,,2,,12,7,Completed,1.6,2.31
2025-04-01,Charleston Open,WTA500,Outdoor,Clay,1st Round,3,Li A.,Blinkova A.,67,79,6,4,6,3,,,,,,,2,,12,7,Completed,1.73,2.08
2025-04-01,Charleston Open,WTA500,Outdoor,Clay,1st Round,3,Chirico L.,Andreeva E.,167,98,6,4,3,6,6,4,,,,,2,1,15,14,Completed,2.36,1.57
2025-04-01,Charleston Open,WTA500,Outdoor,Clay,1st Round,3,Baptiste H.,Gadecki O.,90,100,6,2,6,4,,,,,,,2,,12,6,Completed,1.28,3.65
2025-04-01,Charleston Open,WTA500,Outdoor,Clay,1st Round,3,Zhang S.,Bronzetti L.,176,60,7,5,5,7,6,4,,,,,2,1,18,16,Completed,3.47,1.3
2025-04-01,Charleston Open,WTA500,Outdoor,Clay,2nd Round,3,Keys M.,Dolehide C.,5,73,6,3,7,6,,,,,,,2,,13,9,Completed,1.18,4.79
2025-04-01,Charleston Open,WTA500,Outdoor,Clay,2nd Round,3,Collins D.,Montgomery R.,22,105,6,3,6,1,,,,,,,2,,12,4,Completed,1.25,3.9
2025-04-02,Charleston Open,WTA500,Outdoor,Clay,2nd Round,3,Anisimova A.,Kudermetova V.,16,52,6,2,6,2,,,,,,,2,,12,4,Completed,1.47,2.65
2025-04-02,Charleston Open,WTA500,Outdoor,Clay,2nd Round,3,Shnaider D.,Kudermetova P.,14,59,6,3,6,2,,,,,,,2,,12,5,Completed,1.35,3.16
2025-04-02,Charleston Open,WTA500,Outdoor,Clay,2nd Round,3,Kalinskaya A.,McNally C.,33,397,6,1,6,4,,,,,,,2,,12,5,Completed,1.83,1.96
2025-04-02,Charleston Open,WTA500,Outdoor,Clay,2nd Round,3,Kasatkina D.,Davis L.,12,211,6,1,6,1,,,,,,,2,,12,2,Completed,1.16,5.19
2025-04-02,Charleston Open,WTA500,Outdoor,Clay,2nd Round,3,Ostapenko J.,Chirico L.,25,167,7,5,6,2,,,,,,,2,,13,7,Completed,1.16,5.13
2025-04-02,Charleston Open,WTA500,Outdoor,Clay,2nd Round,3,Navarro E.,Baptiste H.,11,90,6,4,6,3,,,,,,,2,,12,7,Completed,1.3,3.46
2025-04-02,Charleston Open,WTA500,Outdoor,Clay,2nd Round,3,Alexandrova E.,Li A.,26,67,6,3,6,0,,,,,,,2,,12,3,Completed,1.73,2.1
2025-04-02,Charleston Open,WTA500,Outdoor,Clay,2nd Round,3,Putintseva Y.,Zhang S.,23,176,7,6,6,1,,,,,,,2,,13,7,Completed,1.14,5.67
2025-04-02,Charleston Open,WTA500,Outdoor,Clay,2nd Round,3,Kenin S.,Bencic B.,44,41,6,0,6,3,,,,,,,2,,12,3,Completed,2.7,1.46
2025-04-02,Charleston Open,WTA500,Outdoor,Clay,2nd Round,3,Pegula J.,Shymanovich I.,4,215,6,0,6,3,,,,,,,2,,12,3,Completed,1.05,9.94
2025-04-02,Charleston Open,WTA500,Outdoor,Clay,2nd Round,3,Tomljanovic A.,Stearns P.,87,43,6,1,6,4,,,,,,,2,,12,5,Completed,2.65,1.48
2025-04-02,Charleston Open,WTA500,Outdoor,Clay,2nd Round,3,Krueger A.,Volynets K.,34,78,6,3,7,6,,,,,,,2,,13,9,Completed,1.78,2.02
2025-04-02,Charleston Open,WTA500,Outdoor,Clay,2nd Round,3,Zheng Q.,Sakkari M.,8,64,6,4,6,1,,,,,,,2,,12,5,Completed,1.27,3.69
2025-04-03,Charleston Open,WTA500,Outdoor,Clay,2nd Round,3,Mertens E.,Gracheva V.,28,66,6,3,7,5,,,,,,,2,,13,8,Completed,1.47,2.67
2025-04-03,Charleston Open,WTA500,Outdoor,Clay,3rd Round,3,Anisimova A.,Putintseva Y.,16,23,6,4,6,4,,,,,,,2,,12,8,Completed,1.42,2.82
2025-04-03,Charleston Open,WTA500,Outdoor,Clay,3rd Round,3,Alexandrova E.,Shnaider D.,26,14,6,2,6,1,,,,,,,2,,12,3,Completed,2.16,1.69
2025-04-03,Charleston Open,WTA500,Outdoor,Clay,3rd Round,3,Navarro E.,Krueger A.,11,34,4,6,6,4,6,2,,,,,2,1,16,12,Completed,1.43,2.77
2025-04-03,Charleston Open,WTA500,Outdoor,Clay,3rd Round,3,Collins D.,Ostapenko J.,22,25,7,5,6,3,,,,,,,2,,13,8,Completed,1.58,2.39
2025-04-03,Charleston Open,WTA500,Outdoor,Clay,3rd Round,3,Pegula J.,Tomljanovic A.,4,87,6,3,6,2,,,,,,,2,,12,5,Completed,1.15,5.38
2025-04-03,Charleston Open,WTA500,Outdoor,Clay,3rd Round,3,Zheng Q.,Mertens E.,8,28,6,3,3,6,6,3,,,,,2,1,15,12,Completed,1.31,3.46
2025-04-03,Charleston Open,WTA500,Outdoor,Clay,3rd Round,3,Kalinskaya A.,Keys M.,33,5,6,2,6,4,,,,,,,2,,12,6,Completed,3.51,1.3
2025-04-04,Charleston Open,WTA500,Outdoor,Clay,3rd Round,3,Kenin S.,Kasatkina D.,44,12,6,3,7,6,,,,,,,2,,13,9,Completed,2.1,1.73
2025-04-04,Charleston Open,WTA500,Outdoor,Clay,Quarterfinals,3,Pegula J.,Collins D.,4,22,1,6,6,3,6,0,,,,,2,1,13,9,Completed,1.5,2.59
2025-04-04,Charleston Open,WTA500,Outdoor,Clay,Quarterfinals,3,Alexandrova E.,Zheng Q.,26,8,6,1,6,4,,,,,,,2,,12,5,Completed,2.84,1.42
2025-04-04,Charleston Open,WTA500,Outdoor,Clay,Quarterfinals,3,Kenin S.,Kalinskaya A.,44,33,6,4,6,3,,,,,,,2,,12,7,Completed,1.71,2.13
2025-04-04,Charleston Open,WTA500,Outdoor,Clay,Quarterfinals,3,Anisimova A.,Navarro E.,16,11,7,5,7,6,,,,,,,2,,14,11,Completed,1.83,1.98
2025-04-05,Charleston Open,WTA500,Outdoor,Clay,Semifinals,3,Pegula J.,Alexandrova E.,4,26,6,2,2,6,7,5,,,,,2,1,15,13,Completed,1.54,2.49
2025-04-05,Charleston Open,WTA500,Outdoor,Clay,Semifinals,3,Kenin S.,Anisimova A.,44,16,5,2,,,,,,,,,,,5,2,Retired,2.31,1.62
2025-04-06,Charleston Open,WTA500,Outdoor,Clay,The Final,3,Pegula J.,Kenin S.,4,44,6,3,7,5,,,,,,,2,,13,8,Completed,1.56,2.43
2025-04-14,Open de Rouen,WTA250,Indoor,Clay,1st Round,3,Rakotomanga Rajaonah T.,Bronzetti L.,291,58,6,2,6,3,,,,,,,2,,12,5,Completed,3.09,1.37
2025-04-14,Open de Rouen,WTA250,Indoor,Clay,1st Round,3,Kalinina A.,Hibino N.,65,214,6,0,6,4,,,,,,,2,,12,4,Completed,1.25,3.94
2025-04-14,Open de Rouen,WTA250,Indoor,Clay,1st Round,3,Ruse E.G.,Jacquemot E.,90,143,1,6,6,1,6,4,,,,,2,1,13,11,Completed,1.58,2.36
2025-04-14,Open de Rouen,WTA250,Indoor,Clay,1st Round,3,Ferro F.,Kessler M.,376,43,6,7,6,2,7,5,,,,,2,1,19,14,Completed,2.45,1.54
2025-04-15,Open de Rouen,WTA250,Indoor,Clay,1st Round,3,Ponchet J.,Rouvroy M.,146,253,6,2,6,4,,,,,,,2,,12,6,Completed,1.91,1.88
2025-04-15,Open de Rouen,WTA250,Indoor,Clay,1st Round,3,Danilovic O.,Krunic A.,39,275,5,7,6,0,6,3,,,,,2,1,17,10,Completed,1.16,5.27
2025-04-15,Open de Rouen,WTA250,Indoor,Clay,1st Round,3,Boisson L.,Dart H.,303,110,6,0,6,3,,,,,,,2,,12,3,Completed,1.32,3.45
2025-04-15,Open de Rouen,WTA250,Indoor,Clay,1st Round,3,Fruhvirtova L.,Blinkova A.,159,75,6,7,6,4,7,5,,,,,2,1,19,16,Completed,2.24,1.65
2025-04-15,Open de Rouen,WTA250,Indoor,Clay,1st Round,3,Cristian J.,Parry D.,66,115,6,4,6,3,,,,,,,2,,12,7,Completed,1.4,2.98
2025-04-15,Open de Rouen,WTA250,Indoor,Clay,1st Round,3,Rosatello C.,Parks A.,288,53,6,2,6,3,,,,,,,2,,12,5,Completed,2.72,1.45
2025-04-15,Open de Rouen,WTA250,Indoor,Clay,1st Round,3,Bouzas Maneiro J.,Sakkari M.,73,82,6,0,3,6,6,3,,,,,2,1,15,9,Completed,2.56,1.51
2025-04-15,Open de Rouen,WTA250,Indoor,Clay,1st Round,3,Gracheva V.,Kartal S.,67,59,6,3,6,2,,,,,,,2,,12,5,Completed,1.8,2.0
2025-04-16,Open de Rouen,WTA250,Indoor,Clay,1st Round,3,Noskova L.,Pera B.,33,76,4,6,7,6,6,4,,,,,2,1,17,16,Completed,1.43,2.81
2025-04-16,Open de Rouen,WTA250,Indoor,Clay,1st Round,3,Uchijima M.,Brancaccio N.,60,206,3,6,6,2,6,1,,,,,2,1,15,9,Completed,1.31,3.38
2025-04-16,Open de Rouen,WTA250,Indoor,Clay,1st Round,3,Lamens S.,Andreescu B.,69,130,6,1,4,6,7,6,,,,,2,1,17,13,Completed,1.62,2.28
2025-04-16,Open de Rouen,WTA250,Indoor,Clay,1st Round,3,Svitolina E.,Teichmann J.,18,96,6,4,6,2,,,,,,,2,,12,6,Completed,1.23,4.12
2025-04-16,Open de Rouen,WTA250,Indoor,Clay,2nd Round,3,Ruse E.G.,Rosatello C.,90,288,6,0,6,4,,,,,,,2,,12,4,Completed,1.28,3.71
2025-04-16,Open de Rouen,WTA250,Indoor,Clay,2nd Round,3,Ponchet J.,Ferro F.,146,376,7,6,6,4,,,,,,,2,,13,10,Completed,2.23,1.65
2025-04-16,Open de Rouen,WTA250,Indoor,Clay,2nd Round,3,Rakotomanga Rajaonah T.,Cristian J.,291,66,6,2,6,3,,,,,,,2,,12,5,Completed,3.55,1.3
2025-04-17,Open de Rouen,WTA250,Indoor,Clay,2nd Round,3,Lamens S.,Noskova L.,69,33,6,4,6,1,,,,,,,2,,12,5,Completed,3.0,1.39
2025-04-17,Open de Rouen,WTA250,Indoor,Clay,2nd Round,3,Uchijima M.,Boisson L.,60,303,1,6,7,6,6,4,,,,,2,1,14,16,Completed,1.76,2.08
2025-04-17,Open de Rouen,WTA250,Indoor,Clay,2nd Round,3,Danilovic O.,Fruhvirtova L.,39,159,6,2,3,6,6,4,,,,,2,1,15,12,Completed,1.27,3.75
2025-04-17,Open de Rouen,WTA250,Indoor,Clay,2nd Round,3,Svitolina E.,Kalinina A.,18,65,6,4,6,0,,,,,,,2,,12,4,Completed,1.21,4.36
2025-04-17,Open de Rouen,WTA250,Indoor,Clay,2nd Round,3,Bouzas Maneiro J.,Gracheva V.,73,67,6,3,6,3,,,,,,,2,,12,6,Completed,1.83,1.96
2025-04-18,Open de Rouen,WTA250,Indoor,Clay,Quarterfinals,3,Danilovic O.,Uchijima M.,39,60,7,6,4,6,6,1,,,,,2,1,17,13,Completed,1.38,3.0
2025-04-18,Open de Rouen,WTA250,Indoor,Clay,Quarterfinals,3,Ruse E.G.,Ponchet J.,90,146,6,2,6,2,,,,,,,2,,12,4,Completed,1.38,3.06
2025-04-18,Open de Rouen,WTA250,Indoor,Clay,Quarterfinals,3,Lamens S.,Rakotomanga Rajaonah T.,69,291,6,3,6,3,,,,,,,2,,12,6,Completed,1.52,2.54
2025-04-18,Open de Rouen,WTA250,Indoor,Clay,Quarterfinals,3,Svitolina E.,Bouzas Maneiro J.,18,73,6,3,6,2,,,,,,,2,,12,5,Completed,1.21,4.44
2025-04-19,Open de Rouen,WTA250,Indoor,Clay,Semifinals,3,Danilovic O.,Lamens S.,39,69,6,4,6,4,,,,,,,2,,12,8,Completed,1.66,2.25
2025-04-19,Open de Rouen,WTA250,Indoor,Clay,Semifinals,3,Svitolina E.,Ruse E.G.,18,90,6,0,6,2,,,,,,,2,,12,2,Completed,1.18,4.95
2025-04-20,Open de Rouen,WTA250,Indoor,Clay,The Final,3,Svitolina E.,Danilovic O.,18,39,6,4,7,6,,,,,,,2,,13,10,Completed,1.32,3.35
2025-04-14,Porsche Tennis Grand Prix,WTA500,Indoor,Clay,1st Round,3,Mertens E.,Sasnovich A.,29,111,7,6,6,2,,,,,,,2,,13,8,Completed,1.33,3.35
2025-04-14,Porsche Tennis Grand Prix,WTA500,Indoor,Clay,1st Round,3,Potapova A.,Tauson C.,38,21,2,6,7,6,6,3,,,,,2,1,15,15,Completed,2.22,1.66
2025-04-14,Porsche Tennis Grand Prix,WTA500,Indoor,Clay,1st Round,3,Shnaider D.,Kudermetova V.,13,51,5,7,6,2,6,3,,,,,2,1,17,12,Completed,1.65,2.25
2025-04-15,Porsche Tennis Grand Prix,WTA500,Indoor,Clay,1st Round,3,Ostapenko J.,Yastremska D.,24,46,6,3,3,0,,,,,,,1,,9,3,Retired,2.17,1.69
2025-04-15,Porsche Tennis Grand Prix,WTA500,Indoor,Clay,1st Round,3,Fett J.,Vekic D.,153,20,7,6,6,4,,,,,,,2,,13,10,Completed,3.8,1.27
2025-04-15,Porsche Tennis Grand Prix,WTA500,Indoor,Clay,1st Round,3,Alexandrova E.,Samsonova L.,22,19,6,3,6,3,,,,,,,2,,12,6,Completed,1.62,2.29
2025-04-15,Porsche Tennis Grand Prix,WTA500,Indoor,Clay,1st Round,3,Niemeier J.,Siegemund L.,121,95,4,6,6,3,6,4,,,,,2,1,16,13,Completed,2.02,1.79
2025-04-15,Porsche Tennis Grand Prix,WTA500,Indoor,Clay,1st Round,3,Paolini J.,Lys E.,6,68,6,2,6,1,,,,,,,2,,12,3,Completed,1.3,3.6
2025-04-15,Porsche Tennis Grand Prix,WTA500,Indoor,Clay,1st Round,3,Navarro E.,Haddad Maia B.,11,17,6,3,6,0,,,,,,,2,,12,3,Completed,1.24,4.05
2025-04-16,Porsche Tennis Grand Prix,WTA500,Indoor,Clay,1st Round,3,Andreeva M.,Andreeva E.,7,97,6,2,1,0,,,,,,,1,,7,2,Retired,1.12,6.19
2025-04-16,Porsche Tennis Grand Prix,WTA500,Indoor,Clay,1st Round,3,Frech M.,Errani S.,28,152,7,5,4,6,7,6,,,,,2,1,18,17,Completed,1.35,3.2
2025-04-16,Porsche Tennis Grand Prix,WTA500,Indoor,Clay,1st Round,3,Seidel E.,Maria T.,124,81,3,6,7,6,6,4,,,,,2,1,16,16,Completed,1.76,2.08
2025-04-16,Porsche Tennis Grand Prix,WTA500,Indoor,Clay,2nd Round,3,Swiatek I.,Fett J.,2,153,6,2,6,2,,,,,,,2,,12,4,Completed,1.01,17.88
2025-04-16,Porsche Tennis Grand Prix,WTA500,Indoor,Clay,2nd Round,3,Mertens E.,Shnaider D.,29,13,6,2,7,6,,,,,,,2,,13,8,Completed,1.8,2.01
2025-04-17,Porsche Tennis Grand Prix,WTA500,Indoor,Clay,2nd Round,3,Alexandrova E.,Andreeva M.,22,7,6,3,6,2,,,,,,,2,,12,5,Completed,3.51,1.3
2025-04-17,Porsche Tennis Grand Prix,WTA500,Indoor,Clay,2nd Round,3,Paolini J.,Niemeier J.,6,121,6,1,7,5,,,,,,,2,,13,6,Completed,1.14,5.75
2025-04-17,Porsche Tennis Grand Prix,WTA500,Indoor,Clay,2nd Round,3,Pegula J.,Frech M.,3,28,6,1,6,1,,,,,,,2,,12,2,Completed,1.13,5.98
2025-04-17,Porsche Tennis Grand Prix,WTA500,Indoor,Clay,2nd Round,3,Gauff C.,Seidel E.,4,124,6,1,6,1,,,,,,,2,,12,2,Completed,1.1,7.23
2025-04-17,Porsche Tennis Grand Prix,WTA500,Indoor,Clay,2nd Round,3,Ostapenko J.,Navarro E.,24,11,7,5,3,6,6,2,,,,,2,1,16,13,Completed,2.47,1.55
2025-04-19,Porsche Tennis Grand Prix,WTA500,Indoor,Clay,Quarterfinals,3,Alexandrova E.,Pegula J.,22,3,6,0,6,4,,,,,,,2,,12,4,Completed,2.34,1.6
2025-04-19,Porsche Tennis Grand Prix,WTA500,Indoor,Clay,Quarterfinals,3,Ostapenko J.,Swiatek I.,24,2,6,3,3,6,6,2,,,,,2,1,15,11,Completed,3.48,1.31
2025-04-19,Porsche Tennis Grand Prix,WTA500,Indoor,Clay,Quarterfinals,3,Sabalenka A.,Mertens E.,1,29,6,4,6,1,,,,,,,2,,12,5,Completed,1.17,5.14
2025-04-19,Porsche Tennis Grand Prix,WTA500,Indoor,Clay,Quarterfinals,3,Paolini J.,Gauff C.,6,4,6,4,6,3,,,,,,,2,,12,7,Completed,2.75,1.45
2025-04-20,Porsche Tennis Grand Prix,WTA500,Indoor,Clay,Semifinals,3,Ostapenko J.,Alexandrova E.,24,22,6,4,6,4,,,,,,,2,,12,8,Completed,2.2,1.68
2025-04-20,Porsche Tennis Grand Prix,WTA500,Indoor,Clay,Semifinals,3,Sabalenka A.,Paolini J.,1,6,7,5,6,4,,,,,,,2,,13,9,Completed,1.22,4.36
2025-04-21,Porsche Tennis Grand Prix,WTA500,Indoor,Clay,The Final,3,Ostapenko J.,Sabalenka A.,24,1,6,4,6,1,,,,,,,2,,12,5,Completed,3.88,1.26
2025-04-22,Mutua Madrid Open,WTA1000,Outdoor,Clay,1st Round,3,Eala A.,Tomova V.,72,64,6,3,6,2,,,,,,,2,,12,5,Completed,1.67,2.21
2025-04-22,Mutua Madrid Open,WTA1000,Outdoor,Clay,1st Round,3,Dolehide C.,Avanesyan E.,71,37,6,4,6,4,,,,,,,2,,12,8,Completed,2.39,1.58
2025-04-22,Mutua Madrid Open,WTA1000,Outdoor,Clay,1st Round,3,Bronzetti L.,Osaka N.,59,55,6,4,2,6,6,4,,,,,2,1,14,14,Completed,3.15,1.37
2025-04-22,Mutua Madrid Open,WTA1000,Outdoor,Clay,1st Round,3,Bouzkova M.,Zarazua R.,58,67,6,2,4,6,6,1,,,,,2,1,16,9,Completed,1.78,2.05
2025-04-22,Mutua Madrid Open,WTA1000,Outdoor,Clay,1st Round,3,Bouzas Maneiro J.,Sherif M.,69,50,6,3,6,1,,,,,,,2,,12,4,Completed,2.06,1.77
2025-04-22,Mutua Madrid Open,WTA1000,Outdoor,Clay,1st Round,3,Baptiste H.,Cirstea S.,88,122,6,2,5,7,7,6,,,,,2,1,18,15,Completed,1.85,1.96
2025-04-22,Mutua Madrid Open,WTA1000,Outdoor,Clay,1st Round,3,Boulter K.,Siniakova K.,40,57,4,6,6,2,6,1,,,,,2,1,16,9,Completed,2.29,1.63
2025-04-22,Mutua Madrid Open,WTA1000,Outdoor,Clay,1st Round,3,Sun L.,Gracheva V.,45,66,3,6,6,1,6,4,,,,,2,1,15,11,Completed,2.67,1.47
2025-04-22,Mutua Madrid Open,WTA1000,Outdoor,Clay,1st Round,3,Osorio M.,Arango E.,51,84,6,3,6,3,,,,,,,2,,12,6,Completed,1.36,3.2
2025-04-22,Mutua Madrid Open,WTA1000,Outdoor,Clay,1st Round,3,Stearns P.,Birrell K.,44,61,5,7,6,3,6,4,,,,,2,1,17,14,Completed,1.42,2.91
2025-04-23,Mutua Madrid Open,WTA1000,Outdoor,Clay,1st Round,3,Li A.,Sasnovich A.,62,110,6,3,6,2,,,,,,,2,,12,5,Completed,1.98,1.83
2025-04-23,Mutua Madrid Open,WTA1000,Outdoor,Clay,1st Round,3,Volynets K.,Kvitova P.,70,946,6,4,6,0,,,,,,,2,,12,4,Completed,1.37,3.07
2025-04-23,Mutua Madrid Open,WTA1000,Outdoor,Clay,1st Round,3,Parry D.,Begu I.,116,75,6,3,6,4,,,,,,,2,,12,7,Completed,2.16,1.7
2025-04-23,Mutua Madrid Open,WTA1000,Outdoor,Clay,1st Round,3,Sevastova A.,Pavlyuchenkova A.,,47,6,4,7,5,,,,,,,2,,13,9,Completed,3.33,1.33
2025-04-23,Mutua Madrid Open,WTA1000,Outdoor,Clay,1st Round,3,Joint M.,Martinez Cirez C.,78,244,6,2,2,6,6,4,,,,,2,1,14,12,Completed,1.09,7.65
2025-04-23,Mutua Madrid Open,WTA1000,Outdoor,Clay,1st Round,3,Pera B.,Fett J.,81,129,6,4,6,3,,,,,,,2,,12,7,Completed,1.52,2.57
2025-04-23,Mutua Madrid Open,WTA1000,Outdoor,Clay,1st Round,3,Parks A.,Jimenez Kasintseva V.,53,128,6,3,6,3,,,,,,,2,,12,6,Completed,2.38,1.59
2025-04-23,Mutua Madrid Open,WTA1000,Outdoor,Clay,1st Round,3,Bencic B.,Sonmez Z.,42,77,6,0,6,2,,,,,,,2,,12,2,Completed,1.34,3.34
2025-04-23,Mutua Madrid Open,WTA1000,Outdoor,Clay,1st Round,3,Carle M.,Sramkova R.,119,38,6,3,6,2,,,,,,,2,,12,5,Completed,2.21,1.68
2025-04-23,Mutua Madrid Open,WTA1000,Outdoor,Clay,1st Round,3,Sakkari M.,Wang Xin.,82,41,6,4,7,6,,,,,,,2,,13,10,Completed,1.49,2.66
2025-04-23,Mutua Madrid Open,WTA1000,Outdoor,Clay,1st Round,3,Raducanu E.,Lamens S.,49,73,7,6,6,4,,,,,,,2,,13,10,Completed,1.74,2.12
2025-04-23,Mutua Madrid Open,WTA1000,Outdoor,Clay,1st Round,3,Masarova R.,Tomljanovic A.,153,79,6,3,1,6,7,5,,,,,2,1,14,14,Completed,1.58,2.41
2025-04-23,Mutua Madrid Open,WTA1000,Outdoor,Clay,1st Round,3,Blinkova A.,Udvardy P.,76,136,6,4,6,2,,,,,,,2,,12,6,Completed,1.92,1.89
2025-04-23,Mutua Madrid Open,WTA1000,Outdoor,Clay,1st Round,3,Starodubtseva Y.,Fruhvirtova L.,99,145,6,2,6,2,,,,,,,2,,12,4,Completed,2.27,1.63
2025-04-23,Mutua Madrid Open,WTA1000,Outdoor,Clay,1st Round,3,Potapova A.,Krueger A.,39,35,6,7,6,4,6,2,,,,,2,1,18,13,Completed,1.92,1.88
2025-04-23,Mutua Madrid Open,WTA1000,Outdoor,Clay,1st Round,3,Kudermetova V.,Kudermetova P.,52,54,6,2,6,2,,,,,,,2,,12,4,Completed,1.38,3.09
2025-04-23,Mutua Madrid Open,WTA1000,Outdoor,Clay,1st Round,3,Uchijima M.,Montgomery R.,56,100,1,6,6,4,6,3,,,,,2,1,13,13,Completed,1.59,2.36
2025-04-23,Mutua Madrid Open,WTA1000,Outdoor,Clay,1st Round,3,Yastremska D.,Jones F.,46,138,7,6,4,6,6,3,,,,,2,1,17,15,Completed,1.59,2.37
2025-04-23,Mutua Madrid Open,WTA1000,Outdoor,Clay,1st Round,3,Lys E.,Kostovic T.,68,625,6,2,6,2,,,,,,,2,,12,4,Completed,1.5,2.6
2025-04-23,Mutua Madrid Open,WTA1000,Outdoor,Clay,1st Round,3,Danilovic O.,Azarenka V.,34,48,6,4,6,2,,,,,,,2,,12,6,Completed,1.43,2.86
2025-04-23,Mutua Madrid Open,WTA1000,Outdoor,Clay,1st Round,3,Andreescu B.,Kessler M.,132,43,6,2,6,4,,,,,,,2,,12,6,Completed,1.87,1.93
2025-04-23,Mutua Madrid Open,WTA1000,Outdoor,Clay,1st Round,3,Kartal S.,Cristian J.,60,65,6,2,7,5,,,,,,,2,,13,7,Completed,2.45,1.56
2025-04-24,Mutua Madrid Open,WTA1000,Outdoor,Clay,2nd Round,3,Frech M.,Bouzas Maneiro J.,27,69,5,7,7,6,6,4,,,,,2,1,18,17,Completed,3.03,1.38
2025-04-24,Mutua Madrid Open,WTA1000,Outdoor,Clay,2nd Round,3,Vekic D.,Baptiste H.,21,88,6,4,6,3,,,,,,,2,,12,7,Completed,1.93,1.89
2025-04-24,Mutua Madrid Open,WTA1000,Outdoor,Clay,2nd Round,3,Samsonova L.,Dolehide C.,20,71,6,4,6,4,,,,,,,2,,12,8,Completed,1.49,2.62
2025-04-24,Mutua Madrid Open,WTA1000,Outdoor,Clay,2nd Round,3,Bencic B.,Tauson C.,42,23,7,5,7,5,,,,,,,2,,14,10,Completed,1.57,2.42
2025-04-24,Mutua Madrid Open,WTA1000,Outdoor,Clay,2nd Round,3,Kalinskaya A.,Parry D.,29,116,7,6,6,4,,,,,,,2,,13,10,Completed,1.62,2.32
2025-04-24,Mutua Madrid Open,WTA1000,Outdoor,Clay,2nd Round,3,Haddad Maia B.,Pera B.,19,81,2,6,6,3,6,1,,,,,2,1,14,10,Completed,2.32,1.61
2025-04-24,Mutua Madrid Open,WTA1000,Outdoor,Clay,2nd Round,3,Andreeva M.,Bouzkova M.,7,58,6,3,6,4,,,,,,,2,,12,7,Completed,1.14,5.82
2025-04-24,Mutua Madrid Open,WTA1000,Outdoor,Clay,2nd Round,3,Navarro E.,Joint M.,10,78,7,5,7,5,,,,,,,2,,14,10,Completed,1.21,4.47
2025-04-24,Mutua Madrid Open,WTA1000,Outdoor,Clay,2nd Round,3,Shnaider D.,Volynets K.,13,70,6,1,6,2,,,,,,,2,,12,3,Completed,1.61,2.35
2025-04-24,Mutua Madrid Open,WTA1000,Outdoor,Clay,2nd Round,3,Noskova L.,Carle M.,31,119,7,5,6,1,,,,,,,2,,13,6,Completed,1.49,2.68
2025-04-24,Mutua Madrid Open,WTA1000,Outdoor,Clay,2nd Round,3,Swiatek I.,Eala A.,2,72,4,6,6,4,6,2,,,,,2,1,16,12,Completed,1.14,5.78
2025-04-24,Mutua Madrid Open,WTA1000,Outdoor,Clay,2nd Round,3,Sevastova A.,Ostapenko J.,,18,7,6,6,2,,,,,,,2,,13,8,Completed,3.87,1.27
2025-04-24,Mutua Madrid Open,WTA1000,Outdoor,Clay,2nd Round,3,Starodubtseva Y.,Cocciaretto E.,99,87,7,6,6,4,,,,,,,2,,13,10,Completed,2.37,1.59
2025-04-24,Mutua Madrid Open,WTA1000,Outdoor,Clay,2nd Round,3,Li A.,Fernandez L.A.,62,25,6,4,3,6,6,4,,,,,2,1,15,14,Completed,2.15,1.72
2025-04-24,Mutua Madrid Open,WTA1000,Outdoor,Clay,2nd Round,3,Keys M.,Bronzetti L.,5,59,6,4,6,3,,,,,,,2,,12,7,Completed,1.24,4.13
2025-04-24,Mutua Madrid Open,WTA1000,Outdoor,Clay,2nd Round,3,Gauff C.,Yastremska D.,4,46,0,6,6,2,7,5,,,,,2,1,13,13,Completed,1.27,3.81
2025-04-25,Mutua Madrid Open,WTA1000,Outdoor,Clay,2nd Round,3,Kasatkina D.,Parks A.,14,53,6,2,7,5,,,,,,,2,,13,7,Completed,1.24,4.03
2025-04-25,Mutua Madrid Open,WTA1000,Outdoor,Clay,2nd Round,3,Paolini J.,Boulter K.,6,40,6,1,6,2,,,,,,,2,,12,3,Completed,1.2,4.6
2025-04-25,Mutua Madrid Open,WTA1000,Outdoor,Clay,2nd Round,3,Sakkari M.,Linette M.,82,33,7,6,6,3,,,,,,,2,,13,9,Completed,1.73,2.09
2025-04-25,Mutua Madrid Open,WTA1000,Outdoor,Clay,2nd Round,3,Kudermetova V.,Bucsa C.,52,94,4,6,7,6,7,5,,,,,2,1,18,17,Completed,1.35,3.27
2025-04-25,Mutua Madrid Open,WTA1000,Outdoor,Clay,2nd Round,3,Sabalenka A.,Blinkova A.,1,76,6,3,6,4,,,,,,,2,,12,7,Completed,1.07,8.3
2025-04-25,Mutua Madrid Open,WTA1000,Outdoor,Clay,2nd Round,3,Uchijima M.,Jabeur O.,56,28,4,6,6,3,6,4,,,,,2,1,16,13,Completed,2.38,1.58
2025-04-25,Mutua Madrid Open,WTA1000,Outdoor,Clay,2nd Round,3,Alexandrova E.,Danilovic O.,22,34,6,3,6,4,,,,,,,2,,12,7,Completed,1.63,2.29
2025-04-25,Mutua Madrid Open,WTA1000,Outdoor,Clay,2nd Round,3,Stearns P.,Anisimova A.,44,16,6,2,2,6,7,5,,,,,2,1,15,13,Completed,3.21,1.36
2025-04-25,Mutua Madrid Open,WTA1000,Outdoor,Clay,2nd Round,3,Mertens E.,Osorio M.,26,51,6,3,6,3,,,,,,,2,,12,6,Completed,1.46,2.75
2025-04-25,Mutua Madrid Open,WTA1000,Outdoor,Clay,2nd Round,3,Kenin S.,Sun L.,32,45,6,3,6,2,,,,,,,2,,12,5,Completed,1.34,3.31
2025-04-25,Mutua Madrid Open,WTA1000,Outdoor,Clay,2nd Round,3,Potapova A.,Zheng Q.,39,8,6,4,6,4,,,,,,,2,,12,8,Completed,3.21,1.35
2025-04-25,Mutua Madrid Open,WTA1000,Outdoor,Clay,2nd Round,3,Svitolina E.,Kartal S.,17,60,6,3,6,1,,,,,,,2,,12,4,Completed,1.18,4.97
2025-04-25,Mutua Madrid Open,WTA1000,Outdoor,Clay,2nd Round,3,Kostyuk M.,Raducanu E.,36,49,6,4,2,6,6,2,,,,,2,1,14,12,Completed,1.98,1.84
2025-04-25,Mutua Madrid Open,WTA1000,Outdoor,Clay,2nd Round,3,Masarova R.,Putintseva Y.,153,24,6,3,6,3,,,,,,,2,,12,6,Completed,2.18,1.7
2025-04-25,Mutua Madrid Open,WTA1000,Outdoor,Clay,2nd Round,3,Pegula J.,Lys E.,3,68,6,2,6,2,,,,,,,2,,12,4,Completed,1.14,5.87
2025-04-25,Mutua Madrid Open,WTA1000,Outdoor,Clay,2nd Round,3,Rybakina E.,Andreescu B.,11,132,6,3,6,2,,,,,,,2,,12,5,Completed,1.28,3.7
2025-04-26,Mutua Madrid Open,WTA1000,Outdoor,Clay,3rd Round,3,Shnaider D.,Sevastova A.,13,,6,0,6,0,,,,,,,2,,12,0,Completed,1.36,3.2
2025-04-26,Mutua Madrid Open,WTA1000,Outdoor,Clay,3rd Round,3,Andreeva M.,Frech M.,7,27,7,5,6,3,,,,,,,2,,13,8,Completed,1.07,8.84
2025-04-26,Mutua Madrid Open,WTA1000,Outdoor,Clay,3rd Round,3,Starodubtseva Y.,Samsonova L.,99,20,2,6,7,6,6,0,,,,,2,1,15,12,Completed,3.61,1.29
2025-04-26,Mutua Madrid Open,WTA1000,Outdoor,Clay,3rd Round,3,Keys M.,Kalinskaya A.,5,29,7,5,7,6,,,,,,,2,,14,11,Completed,1.43,2.83
2025-04-26,Mutua Madrid Open,WTA1000,Outdoor,Clay,3rd Round,3,Bencic B.,Haddad Maia B.,42,19,6,3,4,6,7,6,,,,,2,1,17,15,Completed,1.26,3.93
2025-04-26,Mutua Madrid Open,WTA1000,Outdoor,Clay,3rd Round,3,Gauff C.,Li A.,4,62,6,2,6,3,,,,,,,2,,12,5,Completed,1.21,4.56
2025-04-26,Mutua Madrid Open,WTA1000,Outdoor,Clay,3rd Round,3,Swiatek I.,Noskova L.,2,31,6,4,6,2,,,,,,,2,,12,6,Completed,1.19,4.72
2025-04-26,Mutua Madrid Open,WTA1000,Outdoor,Clay,3rd Round,3,Vekic D.,Navarro E.,21,10,4,6,6,3,6,2,,,,,2,1,16,11,Completed,3.01,1.39
2025-04-27,Mutua Madrid Open,WTA1000,Outdoor,Clay,3rd Round,3,Kostyuk M.,Kudermetova V.,36,52,6,0,4,6,6,4,,,,,2,1,16,10,Completed,1.81,2.02
2025-04-27,Mutua Madrid Open,WTA1000,Outdoor,Clay,3rd Round,3,Sabalenka A.,Mertens E.,1,26,3,6,6,2,6,1,,,,,2,1,15,9,Completed,1.14,5.83
2025-04-27,Mutua Madrid Open,WTA1000,Outdoor,Clay,3rd Round,3,Sakkari M.,Paolini J.,82,6,6,2,6,1,,,,,,,2,,12,3,Completed,3.34,1.34
2025-04-27,Mutua Madrid Open,WTA1000,Outdoor,Clay,3rd Round,3,Potapova A.,Kenin S.,39,32,3,6,6,4,7,6,,,,,2,1,16,16,Completed,1.92,1.9
2025-04-27,Mutua Madrid Open,WTA1000,Outdoor,Clay,3rd Round,3,Uchijima M.,Pegula J.,56,3,6,3,6,2,,,,,,,2,,12,5,Completed,5.53,1.15
2025-04-27,Mutua Madrid Open,WTA1000,Outdoor,Clay,3rd Round,3,Stearns P.,Masarova R.,44,153,6,2,6,0,,,,,,,2,,12,2,Completed,1.83,1.99
2025-04-27,Mutua Madrid Open,WTA1000,Outdoor,Clay,3rd Round,3,Svitolina E.,Rybakina E.,17,11,6,3,6,4,,,,,,,2,,12,7,Completed,2.1,1.73
2025-04-27,Mutua Madrid Open,WTA1000,Outdoor,Clay,3rd Round,3,Alexandrova E.,Kasatkina D.,22,14,6,3,7,6,,,,,,,2,,13,9,Completed,1.59,2.36
2025-04-28,Mutua Madrid Open,WTA1000,Outdoor,Clay,4th Round,3,Andreeva M.,Starodubtseva Y.,7,99,6,1,6,4,,,,,,,2,,12,5,Completed,1.08,7.97
2025-04-28,Mutua Madrid Open,WTA1000,Outdoor,Clay,4th Round,3,Gauff C.,Bencic B.,4,42,6,4,6,2,,,,,,,2,,12,6,Completed,1.45,2.77
2025-04-29,Mutua Madrid Open,WTA1000,Outdoor,Clay,4th Round,3,Swiatek I.,Shnaider D.,2,13,6,0,6,7,6,4,,,,,2,1,18,11,Completed,1.21,4.44
2025-04-29,Mutua Madrid Open,WTA1000,Outdoor,Clay,4th Round,3,Keys M.,Vekic D.,5,21,6,2,6,3,,,,,,,2,,12,5,Completed,1.37,3.09
2025-04-29,Mutua Madrid Open,WTA1000,Outdoor,Clay,4th Round,3,Svitolina E.,Sakkari M.,17,82,6,3,6,4,,,,,,,2,,12,7,Completed,1.45,2.79
2025-04-29,Mutua Madrid Open,WTA1000,Outdoor,Clay,4th Round,3,Uchijima M.,Alexandrova E.,56,22,6,4,7,6,,,,,,,2,,13,10,Completed,3.04,1.39
2025-04-29,Mutua Madrid Open,WTA1000,Outdoor,Clay,4th Round,3,Sabalenka A.,Stearns P.,1,44,6,2,6,4,,,,,,,2,,12,6,Completed,1.18,4.85
2025-04-29,Mutua Madrid Open,WTA1000,Outdoor,Clay,4th Round,3,Kostyuk M.,Potapova A.,36,39,6,3,6,2,,,,,,,2,,12,5,Completed,2.02,1.81
2025-04-30,Mutua Madrid Open,WTA1000,Outdoor,Clay,Quarterfinals,3,Swiatek I.,Keys M.,2,5,0,6,6,3,6,2,,,,,2,1,12,11,Completed,1.34,3.3
2025-04-30,Mutua Madrid Open,WTA1000,Outdoor,Clay,Quarterfinals,3,Gauff C.,Andreeva M.,4,7,7,5,6,1,,,,,,,2,,13,6,Completed,2.01,1.81
2025-04-30,Mutua Madrid Open,WTA1000,Outdoor,Clay,Quarterfinals,3,Svitolina E.,Uchijima M.,17,56,6,2,6,1,,,,,,,2,,12,3,Completed,1.22,4.37
2025-04-30,Mutua Madrid Open,WTA1000,Outdoor,Clay,Quarterfinals,3,Sabalenka A.,Kostyuk M.,1,36,7,6,7,6,,,,,,,2,,14,12,Completed,1.21,4.43
2025-05-01,Mutua Madrid Open,WTA1000,Outdoor,Clay,Semifinals,3,Gauff C.,Swiatek I.,4,2,6,1,6,1,,,,,,,2,,12,2,Completed,2.49,1.55
2025-05-01,Mutua Madrid Open,WTA1000,Outdoor,Clay,Semifinals,3,Sabalenka A.,Svitolina E.,1,17,6,3,7,5,,,,,,,2,,13,8,Completed,1.5,2.63
2025-05-03,Mutua Madrid Open,WTA1000,Outdoor,Clay,The Final,3,Sabalenka A.,Gauff C.,1,4,6,3,7,6,,,,,,,2,,13,9,Completed,1.75,2.09
2025-05-06,Internazionali BNL d'Italia,WTA1000,Outdoor,Clay,1st Round,3,Bouzas Maneiro J.,Li A.,72,59,6,3,5,7,7,6,,,,,2,1,18,16,Completed,1.67,2.22
2025-05-06,Internazionali BNL d'Italia,WTA1000,Outdoor,Clay,1st Round,3,Sun L.,Pedone G.,46,229,3,6,6,1,6,3,,,,,2,1,15,10,Completed,1.33,3.33
2025-05-06,Internazionali BNL d'Italia,WTA1000,Outdoor,Clay,1st Round,3,Kvitova P.,Begu I.,830,83,7,5,6,1,,,,,,,2,,13,6,Completed,2.63,1.5
2025-05-06,Internazionali BNL d'Italia,WTA1000,Outdoor,Clay,1st Round,3,Cristian J.,Parks A.,74,51,6,2,6,0,,,,,,,2,,12,2,Completed,1.34,3.3
2025-05-06,Internazionali BNL d'Italia,WTA1000,Outdoor,Clay,1st Round,3,Lamens S.,Zarazua R.,71,69,6,1,1,6,6,1,,,,,2,1,13,8,Completed,1.64,2.28
2025-05-06,Internazionali BNL d'Italia,WTA1000,Outdoor,Clay,1st Round,3,Bronzetti L.,Sevastova A.,58,580,6,3,6,4,,,,,,,2,,12,7,Completed,1.68,2.2
2025-05-06,Internazionali BNL d'Italia,WTA1000,Outdoor,Clay,1st Round,3,Sramkova R.,Kessler M.,41,44,6,3,6,3,,,,,,,2,,12,6,Completed,1.56,2.43
2025-05-06,Internazionali BNL d'Italia,WTA1000,Outdoor,Clay,1st Round,3,Stearns P.,Brancaccio N.,42,183,6,3,6,2,,,,,,,2,,12,5,Completed,1.2,4.6
2025-05-06,Internazionali BNL d'Italia,WTA1000,Outdoor,Clay,1st Round,3,Kartal S.,Birrell K.,56,60,4,6,6,3,6,4,,,,,2,1,16,13,Completed,1.49,2.64
2025-05-06,Internazionali BNL d'Italia,WTA1000,Outdoor,Clay,1st Round,3,Bouzkova M.,Sherif M.,53,64,6,2,7,5,,,,,,,2,,13,7,Completed,1.88,1.93
2025-05-07,Internazionali BNL d'Italia,WTA1000,Outdoor,Clay,1st Round,3,Osaka N.,Errani S.,48,177,6,2,6,3,,,,,,,2,,12,5,Completed,1.09,7.96
2025-05-07,Internazionali BNL d'Italia,WTA1000,Outdoor,Clay,1st Round,3,Rakhimova K.,Wang Xin.,85,43,6,3,6,2,,,,,,,2,,12,5,Completed,2.0,1.8
2025-05-07,Internazionali BNL d'Italia,WTA1000,Outdoor,Clay,1st Round,3,Azarenka V.,Osorio M.,54,55,6,2,6,3,,,,,,,2,,12,5,Completed,2.25,1.65
2025-05-07,Internazionali BNL d'Italia,WTA1000,Outdoor,Clay,1st Round,3,Dolehide C.,Gadecki O.,73,92,7,6,5,7,6,2,,,,,2,1,18,15,Completed,1.8,1.95
2025-05-07,Internazionali BNL d'Italia,WTA1000,Outdoor,Clay,1st Round,3,Gracheva V.,Tomljanovic A.,65,79,6,3,6,4,,,,,,,2,,12,7,Completed,1.89,1.9
2025-05-07,Internazionali BNL d'Italia,WTA1000,Outdoor,Clay,1st Round,3,Ruse E.G.,Kudermetova P.,88,57,6,7,6,4,6,2,,,,,2,1,18,13,Completed,1.33,3.37
2025-05-07,Internazionali BNL d'Italia,WTA1000,Outdoor,Clay,1st Round,3,Mboko V.,Zucchini A.,156,620,6,2,6,3,,,,,,,2,,12,5,Completed,1.02,15.19
2025-05-07,Internazionali BNL d'Italia,WTA1000,Outdoor,Clay,1st Round,3,Cocciaretto E.,Avanesyan E.,82,38,6,2,4,6,6,1,,,,,2,1,16,9,Completed,2.51,1.54
2025-05-07,Internazionali BNL d'Italia,WTA1000,Outdoor,Clay,1st Round,3,Krueger A.,Bondar A.,37,89,4,6,6,2,6,1,,,,,2,1,16,9,Completed,1.67,2.24
2025-05-07,Internazionali BNL d'Italia,WTA1000,Outdoor,Clay,1st Round,3,Baptiste H.,Blinkova A.,90,67,7,6,6,4,,,,,,,2,,13,10,Completed,1.62,2.31
2025-05-07,Internazionali BNL d'Italia,WTA1000,Outdoor,Clay,1st Round,3,Andreescu B.,Urgesi F.,121,455,6,0,6,3,,,,,,,2,,12,3,Completed,1.08,7.95
2025-05-07,Internazionali BNL d'Italia,WTA1000,Outdoor,Clay,1st Round,3,Kudermetova V.,Stefanini L.,50,148,7,5,6,2,,,,,,,2,,13,7,Completed,1.22,4.35
2025-05-07,Internazionali BNL d'Italia,WTA1000,Outdoor,Clay,1st Round,3,Lys E.,Uchijima M.,63,47,6,1,6,0,,,,,,,2,,12,1,Completed,2.62,1.5
2025-05-07,Internazionali BNL d'Italia,WTA1000,Outdoor,Clay,1st Round,3,Pavlyuchenkova A.,Boulter K.,52,40,6,3,6,3,,,,,,,2,,12,6,Completed,1.73,2.12
2025-05-07,Internazionali BNL d'Italia,WTA1000,Outdoor,Clay,1st Round,3,Sakkari M.,Bencic B.,81,39,6,2,,,,,,,,,1,,6,2,Retired,2.42,1.58
2025-05-07,Internazionali BNL d'Italia,WTA1000,Outdoor,Clay,1st Round,3,Arango E.,Tomova V.,97,61,7,6,5,7,6,4,,,,,2,1,18,17,Completed,1.8,2.01
2025-05-07,Internazionali BNL d'Italia,WTA1000,Outdoor,Clay,1st Round,3,Ruzic A.,Grant T.C.,117,335,3,6,6,3,7,5,,,,,2,1,16,14,Completed,1.58,2.4
2025-05-07,Internazionali BNL d'Italia,WTA1000,Outdoor,Clay,1st Round,3,Danilovic O.,Siniakova K.,33,62,3,6,6,4,6,4,,,,,2,1,15,14,Completed,1.4,2.97
2025-05-07,Internazionali BNL d'Italia,WTA1000,Outdoor,Clay,1st Round,3,Raducanu E.,Joint M.,49,78,7,5,6,7,6,3,,,,,2,1,19,15,Completed,1.53,2.54
2025-05-07,Internazionali BNL d'Italia,WTA1000,Outdoor,Clay,1st Round,3,Potapova A.,Yastremska D.,34,45,2,6,7,6,6,3,,,,,2,1,15,15,Completed,1.77,2.08
2025-05-07,Internazionali BNL d'Italia,WTA1000,Outdoor,Clay,1st Round,3,Kostyuk M.,Eala A.,27,70,6,0,6,1,,,,,,,2,,12,1,Completed,1.36,3.17
2025-05-07,Internazionali BNL d'Italia,WTA1000,Outdoor,Clay,1st Round,3,Volynets K.,Rus A.,66,103,6,3,6,3,,,,,,,2,,12,6,Completed,1.38,3.11
2025-05-08,Internazionali BNL d'Italia,WTA1000,Outdoor,Clay,2nd Round,3,Osaka N.,Golubic V.,48,87,2,6,7,5,6,1,,,,,2,1,15,12,Completed,1.15,5.3
2025-05-08,Internazionali BNL d'Italia,WTA1000,Outdoor,Clay,2nd Round,3,Cristian J.,Putintseva Y.,74,29,7,6,7,5,,,,,,,2,,14,11,Completed,2.31,1.61
2025-05-08,Internazionali BNL d'Italia,WTA1000,Outdoor,Clay,2nd Round,3,Shnaider D.,Dolehide C.,11,73,6,0,6,0,,,,,,,2,,12,0,Completed,1.21,4.47
2025-05-08,Internazionali BNL d'Italia,WTA1000,Outdoor,Clay,2nd Round,3,Ostapenko J.,Sramkova R.,18,41,1,6,6,4,6,3,,,,,2,1,13,13,Completed,1.38,3.08
2025-05-08,Internazionali BNL d'Italia,WTA1000,Outdoor,Clay,2nd Round,3,Mertens E.,Lamens S.,24,71,3,6,6,2,6,3,,,,,2,1,15,11,Completed,1.4,2.99
2025-05-08,Internazionali BNL d'Italia,WTA1000,Outdoor,Clay,2nd Round,3,Stearns P.,Kalinskaya A.,42,28,6,2,6,3,,,,,,,2,,12,5,Completed,1.86,1.95
2025-05-08,Internazionali BNL d'Italia,WTA1000,Outdoor,Clay,2nd Round,3,Swiatek I.,Cocciaretto E.,2,82,6,1,6,0,,,,,,,2,,12,1,Completed,1.02,14.69
2025-05-08,Internazionali BNL d'Italia,WTA1000,Outdoor,Clay,2nd Round,3,Paolini J.,Sun L.,5,46,6,4,6,3,,,,,,,2,,12,7,Completed,1.08,8.43
2025-05-08,Internazionali BNL d'Italia,WTA1000,Outdoor,Clay,2nd Round,3,Collins D.,Ruse E.G.,35,88,6,3,6,3,,,,,,,2,,12,6,Completed,1.49,2.64
2025-05-08,Internazionali BNL d'Italia,WTA1000,Outdoor,Clay,2nd Round,3,Baptiste H.,Samsonova L.,90,21,6,3,2,6,6,4,,,,,2,1,14,13,Completed,2.22,1.66
2025-05-08,Internazionali BNL d'Italia,WTA1000,Outdoor,Clay,2nd Round,3,Pegula J.,Krueger A.,4,37,6,4,6,2,,,,,,,2,,12,6,Completed,1.35,3.18
2025-05-08,Internazionali BNL d'Italia,WTA1000,Outdoor,Clay,2nd Round,3,Svitolina E.,Bouzas Maneiro J.,14,72,6,4,7,6,,,,,,,2,,13,10,Completed,1.12,6.19
2025-05-08,Internazionali BNL d'Italia,WTA1000,Outdoor,Clay,2nd Round,3,Keys M.,Gracheva V.,6,65,7,6,6,1,,,,,,,2,,13,7,Completed,1.17,5.17
2025-05-08,Internazionali BNL d'Italia,WTA1000,Outdoor,Clay,2nd Round,3,Bouzkova M.,Haddad Maia B.,53,22,6,0,6,3,,,,,,,2,,12,3,Completed,1.82,2.0
2025-05-08,Internazionali BNL d'Italia,WTA1000,Outdoor,Clay,2nd Round,3,Siegemund L.,Bronzetti L.,101,58,6,2,6,2,,,,,,,2,,12,4,Completed,2.56,1.5
2025-05-09,Internazionali BNL d'Italia,WTA1000,Outdoor,Clay,2nd Round,3,Kenin S.,Pavlyuchenkova A.,31,52,6,3,6,0,,,,,,,2,,12,3,Completed,1.54,2.44
2025-05-09,Internazionali BNL d'Italia,WTA1000,Outdoor,Clay,2nd Round,3,Linette M.,Sakkari M.,32,81,1,6,6,4,6,1,,,,,2,1,13,11,Completed,2.64,1.47
2025-05-09,Internazionali BNL d'Italia,WTA1000,Outdoor,Clay,2nd Round,3,Sabalenka A.,Potapova A.,1,34,6,2,6,2,,,,,,,2,,12,4,Completed,1.12,6.19
2025-05-09,Internazionali BNL d'Italia,WTA1000,Outdoor,Clay,2nd Round,3,Tauson C.,Volynets K.,23,66,7,5,4,1,,,,,,,1,,11,6,Retired,1.63,2.3
2025-05-09,Internazionali BNL d'Italia,WTA1000,Outdoor,Clay,2nd Round,3,Frech M.,Azarenka V.,25,54,7,5,6,4,,,,,,,2,,13,9,Completed,2.65,1.42
2025-05-09,Internazionali BNL d'Italia,WTA1000,Outdoor,Clay,2nd Round,3,Zheng Q.,Danilovic O.,8,33,6,1,6,4,,,,,,,2,,12,5,Completed,1.47,2.7
2025-05-09,Internazionali BNL d'Italia,WTA1000,Outdoor,Clay,2nd Round,3,Noskova L.,Kartal S.,30,56,6,4,6,2,,,,,,,2,,12,6,Completed,1.45,2.76
2025-05-09,Internazionali BNL d'Italia,WTA1000,Outdoor,Clay,2nd Round,3,Kudermetova V.,Anisimova A.,50,17,7,6,7,5,,,,,,,2,,14,11,Completed,2.51,1.53
2025-05-09,Internazionali BNL d'Italia,WTA1000,Outdoor,Clay,2nd Round,3,Andreeva M.,Arango E.,7,97,6,2,6,4,,,,,,,2,,12,6,Completed,1.04,11.94
2025-05-09,Internazionali BNL d'Italia,WTA1000,Outdoor,Clay,2nd Round,3,Raducanu E.,Teichmann J.,49,94,6,2,6,2,,,,,,,2,,12,4,Completed,1.35,3.27
2025-05-09,Internazionali BNL d'Italia,WTA1000,Outdoor,Clay,2nd Round,3,Kostyuk M.,Kasatkina D.,27,15,6,4,6,2,,,,,,,2,,12,6,Completed,1.54,2.51
2025-05-09,Internazionali BNL d'Italia,WTA1000,Outdoor,Clay,2nd Round,3,Navarro E.,Rakhimova K.,9,85,6,1,6,3,,,,,,,2,,12,4,Completed,1.12,6.48
2025-05-09,Internazionali BNL d'Italia,WTA1000,Outdoor,Clay,2nd Round,3,Fernandez L.A.,Ruzic A.,26,117,6,4,6,0,,,,,,,2,,12,4,Completed,1.42,2.87
2025-05-09,Internazionali BNL d'Italia,WTA1000,Outdoor,Clay,2nd Round,3,Gauff C.,Mboko V.,3,156,3,6,6,2,6,1,,,,,2,1,15,9,Completed,1.11,6.79
2025-05-09,Internazionali BNL d'Italia,WTA1000,Outdoor,Clay,2nd Round,3,Rybakina E.,Lys E.,12,63,7,6,6,2,,,,,,,2,,13,8,Completed,1.14,5.77
2025-05-09,Internazionali BNL d'Italia,WTA1000,Outdoor,Clay,2nd Round,3,Andreescu B.,Vekic D.,121,19,6,1,3,6,6,2,,,,,2,1,15,9,Completed,2.23,1.67
2025-05-10,Internazionali BNL d'Italia,WTA1000,Outdoor,Clay,3rd Round,3,Stearns P.,Keys M.,42,6,2,6,6,2,7,6,,,,,2,1,15,14,Completed,2.76,1.46
2025-05-10,Internazionali BNL d'Italia,WTA1000,Outdoor,Clay,3rd Round,3,Shnaider D.,Cristian J.,11,74,6,3,6,3,,,,,,,2,,12,6,Completed,1.29,3.63
2025-05-10,Internazionali BNL d'Italia,WTA1000,Outdoor,Clay,3rd Round,3,Collins D.,Swiatek I.,35,2,6,1,7,5,,,,,,,2,,13,6,Completed,6.97,1.11
2025-05-10,Internazionali BNL d'Italia,WTA1000,Outdoor,Clay,3rd Round,3,Svitolina E.,Baptiste H.,14,90,6,4,3,6,6,4,,,,,2,1,15,14,Completed,1.21,4.41
2025-05-10,Internazionali BNL d'Italia,WTA1000,Outdoor,Clay,3rd Round,3,Paolini J.,Jabeur O.,5,36,6,4,6,3,,,,,,,2,,12,7,Completed,1.44,2.78
2025-05-10,Internazionali BNL d'Italia,WTA1000,Outdoor,Clay,3rd Round,3,Osaka N.,Bouzkova M.,48,53,4,6,6,3,6,3,,,,,2,1,16,12,Completed,1.55,2.48
2025-05-10,Internazionali BNL d'Italia,WTA1000,Outdoor,Clay,3rd Round,3,Mertens E.,Pegula J.,24,4,7,5,6,1,,,,,,,2,,13,6,Completed,2.61,1.51
2025-05-11,Internazionali BNL d'Italia,WTA1000,Outdoor,Clay,3rd Round,3,Kostyuk M.,Fernandez L.A.,27,26,6,4,6,2,,,,,,,2,,12,6,Completed,1.33,3.33
2025-05-11,Internazionali BNL d'Italia,WTA1000,Outdoor,Clay,3rd Round,3,Sabalenka A.,Kenin S.,1,31,3,6,6,3,6,3,,,,,2,1,15,12,Completed,1.12,6.41
2025-05-11,Internazionali BNL d'Italia,WTA1000,Outdoor,Clay,3rd Round,3,Raducanu E.,Kudermetova V.,49,50,5,7,6,0,6,1,,,,,2,1,17,8,Completed,1.72,2.12
2025-05-11,Internazionali BNL d'Italia,WTA1000,Outdoor,Clay,3rd Round,3,Gauff C.,Linette M.,3,32,7,5,6,3,,,,,,,2,,13,8,Completed,1.15,5.64
2025-05-11,Internazionali BNL d'Italia,WTA1000,Outdoor,Clay,3rd Round,3,Andreescu B.,Rybakina E.,121,12,6,2,6,4,,,,,,,2,,12,6,Completed,4.42,1.22
2025-05-11,Internazionali BNL d'Italia,WTA1000,Outdoor,Clay,3rd Round,3,Tauson C.,Navarro E.,23,9,3,6,6,0,6,4,,,,,2,1,15,10,Completed,2.34,1.59
2025-05-11,Internazionali BNL d'Italia,WTA1000,Outdoor,Clay,3rd Round,3,Zheng Q.,Frech M.,8,25,6,3,6,2,,,,,,,2,,12,5,Completed,1.14,5.73
2025-05-11,Internazionali BNL d'Italia,WTA1000,Outdoor,Clay,3rd Round,3,Andreeva M.,Noskova L.,7,30,6,1,7,5,,,,,,,2,,13,6,Completed,1.3,3.54
2025-05-12,Internazionali BNL d'Italia,WTA1000,Outdoor,Clay,4th Round,3,Stearns P.,Osaka N.,42,48,6,4,3,6,7,6,,,,,2,1,16,16,Completed,2.0,1.83
2025-05-12,Internazionali BNL d'Italia,WTA1000,Outdoor,Clay,4th Round,3,Shnaider D.,Mertens E.,11,24,6,2,6,3,,,,,,,2,,12,5,Completed,1.77,2.08
2025-05-12,Internazionali BNL d'Italia,WTA1000,Outdoor,Clay,4th Round,3,Paolini J.,Ostapenko J.,5,18,7,5,6,2,,,,,,,2,,13,7,Completed,1.66,2.21
2025-05-12,Internazionali BNL d'Italia,WTA1000,Outdoor,Clay,4th Round,3,Gauff C.,Raducanu E.,3,49,6,1,6,2,,,,,,,2,,12,3,Completed,1.27,3.78
2025-05-12,Internazionali BNL d'Italia,WTA1000,Outdoor,Clay,4th Round,3,Svitolina E.,Collins D.,14,35,6,4,6,2,,,,,,,2,,12,6,Completed,1.76,2.09
2025-05-12,Internazionali BNL d'Italia,WTA1000,Outdoor,Clay,4th Round,3,Andreeva M.,Tauson C.,7,23,5,7,6,3,6,2,,,,,2,1,17,12,Completed,1.31,3.58
2025-05-12,Internazionali BNL d'Italia,WTA1000,Outdoor,Clay,4th Round,3,Zheng Q.,Andreescu B.,8,121,7,5,6,1,,,,,,,2,,13,6,Completed,1.27,3.84
2025-05-12,Internazionali BNL d'Italia,WTA1000,Outdoor,Clay,4th Round,3,Sabalenka A.,Kostyuk M.,1,27,6,1,7,6,,,,,,,2,,13,7,Completed,1.3,3.54
2025-05-13,Internazionali BNL d'Italia,WTA1000,Outdoor,Clay,Quarterfinals,3,Paolini J.,Shnaider D.,5,11,6,7,6,4,6,2,,,,,2,1,18,13,Completed,1.66,2.26
2025-05-13,Internazionali BNL d'Italia,WTA1000,Outdoor,Clay,Quarterfinals,3,Stearns P.,Svitolina E.,42,14,6,2,4,6,7,6,,,,,2,1,17,14,Completed,3.47,1.32
2025-05-14,Internazionali BNL d'Italia,WTA1000,Outdoor,Clay,Quarterfinals,3,Gauff C.,Andreeva M.,3,7,6,4,7,6,,,,,,,2,,13,10,Completed,1.76,2.07
2025-05-14,Internazionali BNL d'Italia,WTA1000,Outdoor,Clay,Quarterfinals,3,Zheng Q.,Sabalenka A.,8,1,6,4,6,3,,,,,,,2,,12,7,Completed,3.55,1.3
2025-05-15,Internazionali BNL d'Italia,WTA1000,Outdoor,Clay,Semifinals,3,Paolini J.,Stearns P.,5,42,7,5,6,1,,,,,,,2,,13,6,Completed,1.4,3.0
2025-05-15,Internazionali BNL d'Italia,WTA1000,Outdoor,Clay,Semifinals,3,Gauff C.,Zheng Q.,3,8,7,6,4,6,7,6,,,,,2,1,18,18,Completed,1.54,2.49
2025-05-17,Internazionali BNL d'Italia,WTA1000,Outdoor,Clay,The Final,3,Paolini J.,Gauff C.,5,3,6,4,6,2,,,,,,,2,,12,6,Completed,2.8,1.45
2025-05-19,Morocco Open,WTA250,Outdoor,Clay,1st Round,3,Li A.,Timofeeva M.,57,259,7,6,6,2,,,,,,,2,,13,8,Completed,1.32,3.36
2025-05-19,Morocco Open,WTA250,Outdoor,Clay,1st Round,3,Tomljanovic A.,Tomova V.,79,60,7,5,4,6,6,3,,,,,2,1,17,14,Completed,1.53,2.48
2025-05-19,Morocco Open,WTA250,Outdoor,Clay,1st Round,3,Volynets K.,Alves C.,64,288,6,3,6,0,,,,,,,2,,12,3,Completed,1.06,9.55
2025-05-19,Morocco Open,WTA250,Outdoor,Clay,1st Round,3,Baptiste H.,Rosatello C.,70,245,7,6,3,6,6,2,,,,,2,1,16,14,Completed,1.18,4.9
2025-05-19,Morocco Open,WTA250,Outdoor,Clay,1st Round,3,Cristian J.,Kotliar Y.,74,585,6,3,6,1,,,,,,,2,,12,4,Completed,1.07,8.41
2025-05-19,Morocco Open,WTA250,Outdoor,Clay,1st Round,3,Sonmez Z.,Bronzetti L.,76,54,6,2,6,1,,,,,,,2,,12,3,Completed,2.05,1.76
2025-05-19,Morocco Open,WTA250,Outdoor,Clay,1st Round,3,Bouzas Maneiro J.,Grabher J.,71,160,6,3,1,6,6,4,,,,,2,1,13,13,Completed,1.63,2.29
2025-05-19,Morocco Open,WTA250,Outdoor,Clay,1st Round,3,Pieri T.,Martinez Cirez C.,377,222,6,3,6,0,,,,,,,2,,12,3,Completed,2.02,1.79
2025-05-19,Morocco Open,WTA250,Outdoor,Clay,1st Round,3,Osorio M.,Cocciaretto E.,55,81,2,6,6,3,6,2,,,,,2,1,14,11,Completed,1.68,2.18
2025-05-20,Morocco Open,WTA250,Outdoor,Clay,1st Round,3,Mateas M.,Mandlik E.,243,271,6,3,6,4,,,,,,,2,,12,7,Completed,3.23,1.34
2025-05-20,Morocco Open,WTA250,Outdoor,Clay,1st Round,3,Rakhimova K.,Teichmann J.,75,98,6,4,6,1,,,,,,,2,,12,5,Completed,1.96,1.82
2025-05-20,Morocco Open,WTA250,Outdoor,Clay,1st Round,3,Sevastova A.,Kabbaj Y.,543,810,5,7,6,4,7,5,,,,,2,1,18,16,Completed,1.05,9.65
2025-05-20,Morocco Open,WTA250,Outdoor,Clay,1st Round,3,Joint M.,Konjuh A.,78,508,7,5,6,2,,,,,,,2,,13,7,Completed,1.14,5.59
2025-05-20,Morocco Open,WTA250,Outdoor,Clay,1st Round,3,Rus A.,Fossa Huergo N.,99,273,6,3,6,7,6,1,,,,,2,1,18,11,Completed,1.15,5.57
2025-05-20,Morocco Open,WTA250,Outdoor,Clay,1st Round,3,Nahimana S.,El Aouni A.,267,835,6,3,6,2,,,,,,,2,,12,5,Completed,1.22,4.37
2025-05-20,Morocco Open,WTA250,Outdoor,Clay,1st Round,3,Bolsova Zadoinov A.,Siniakova K.,340,62,3,6,6,1,6,2,,,,,2,1,15,9,Completed,3.9,1.25
2025-05-21,Morocco Open,WTA250,Outdoor,Clay,2nd Round,3,Joint M.,Volynets K.,78,64,6,0,6,3,,,,,,,2,,12,3,Completed,2.42,1.57
2025-05-21,Morocco Open,WTA250,Outdoor,Clay,2nd Round,3,Bouzas Maneiro J.,Nahimana S.,71,267,6,4,4,6,6,1,,,,,2,1,16,11,Completed,1.18,4.89
2025-05-21,Morocco Open,WTA250,Outdoor,Clay,2nd Round,3,Li A.,Baptiste H.,57,70,6,4,6,7,7,5,,,,,2,1,19,16,Completed,1.92,1.87
2025-05-21,Morocco Open,WTA250,Outdoor,Clay,2nd Round,3,Mateas M.,Rus A.,243,99,6,4,6,2,,,,,,,2,,12,6,Completed,4.53,1.2
2025-05-21,Morocco Open,WTA250,Outdoor,Clay,2nd Round,3,Cristian J.,Bolsova Zadoinov A.,74,340,7,6,7,6,,,,,,,2,,14,12,Completed,1.3,3.5
2025-05-21,Morocco Open,WTA250,Outdoor,Clay,2nd Round,3,Tomljanovic A.,Pieri T.,79,377,4,6,6,2,6,4,,,,,2,1,16,12,Completed,1.2,4.61
2025-05-21,Morocco Open,WTA250,Outdoor,Clay,2nd Round,3,Osorio M.,Rakhimova K.,55,75,4,6,6,2,6,3,,,,,2,1,16,11,Completed,1.57,2.39
2025-05-21,Morocco Open,WTA250,Outdoor,Clay,2nd Round,3,Sevastova A.,Sonmez Z.,543,76,6,3,6,4,,,,,,,2,,12,7,Completed,2.41,1.56
2025-05-22,Morocco Open,WTA250,Outdoor,Clay,Quarterfinals,3,Tomljanovic A.,Bouzas Maneiro J.,79,71,6,1,6,3,,,,,,,2,,12,4,Completed,2.34,1.6
2025-05-22,Morocco Open,WTA250,Outdoor,Clay,Quarterfinals,3,Joint M.,Li A.,78,57,6,2,6,1,,,,,,,2,,12,3,Completed,1.73,2.1
2025-05-22,Morocco Open,WTA250,Outdoor,Clay,Quarterfinals,3,Osorio M.,Mateas M.,55,243,6,3,6,1,,,,,,,2,,12,4,Completed,1.1,7.04
2025-05-22,Morocco Open,WTA250,Outdoor,Clay,Quarterfinals,3,Cristian J.,Sevastova A.,74,543,6,3,6,4,,,,,,,2,,12,7,Completed,1.59,2.38
2025-05-23,Morocco Open,WTA250,Outdoor,Clay,Semifinals,3,Joint M.,Tomljanovic A.,78,79,6,4,,,,,,,,,1,,6,4,Retired,1.53,2.49
2025-05-23,Morocco Open,WTA250,Outdoor,Clay,Semifinals,3,Cristian J.,Osorio M.,74,55,6,7,6,4,6,4,,,,,2,1,18,15,Completed,1.86,1.94
2025-05-24,Morocco Open,WTA250,Outdoor,Clay,The Final,3,Joint M.,Cristian J.,78,74,6,3,6,2,,,,,,,2,,12,5,Completed,1.7,2.17
2025-05-18,Internationaux de Strasbourg,WTA500,Outdoor,Clay,1st Round,3,Samsonova L.,Noskova L.,19,29,6,1,7,5,,,,,,,2,,13,6,Completed,2.23,1.66
2025-05-18,Internationaux de Strasbourg,WTA500,Outdoor,Clay,1st Round,3,Sramkova R.,Putintseva Y.,41,32,6,0,6,4,,,,,,,2,,12,4,Completed,2.48,1.54
2025-05-18,Internationaux de Strasbourg,WTA500,Outdoor,Clay,1st Round,3,Linette M.,Krejcikova B.,33,15,6,3,6,3,,,,,,,2,,12,6,Completed,1.51,2.57
2025-05-18,Internationaux de Strasbourg,WTA500,Outdoor,Clay,1st Round,3,Parry D.,Fernandez L.A.,105,27,7,5,7,6,,,,,,,2,,14,11,Completed,2.23,1.66
2025-05-19,Internationaux de Strasbourg,WTA500,Outdoor,Clay,1st Round,3,Bouzkova M.,Cornet A.,50,747,6,2,6,1,,,,,,,2,,12,3,Completed,1.15,5.67
2025-05-19,Internationaux de Strasbourg,WTA500,Outdoor,Clay,1st Round,3,Krueger A.,Kessler M.,37,44,6,4,7,5,,,,,,,2,,13,9,Completed,1.45,2.77
2025-05-19,Internationaux de Strasbourg,WTA500,Outdoor,Clay,1st Round,3,Haddad Maia B.,Tauson C.,23,22,3,6,6,4,7,5,,,,,2,1,16,15,Completed,3.42,1.32
2025-05-19,Internationaux de Strasbourg,WTA500,Outdoor,Clay,1st Round,3,Wang Xin.,Lys E.,42,59,6,4,7,5,,,,,,,2,,13,9,Completed,2.68,1.47
2025-05-19,Internationaux de Strasbourg,WTA500,Outdoor,Clay,1st Round,3,Kalinskaya A.,Dolehide C.,30,66,6,2,4,6,6,3,,,,,2,1,16,11,Completed,1.73,2.12
2025-05-19,Internationaux de Strasbourg,WTA500,Outdoor,Clay,1st Round,3,Collins D.,Kenin S.,46,31,6,1,1,6,6,2,,,,,2,1,13,9,Completed,1.73,2.11
2025-05-19,Internationaux de Strasbourg,WTA500,Outdoor,Clay,1st Round,3,Blinkova A.,Frech M.,65,25,6,3,7,5,,,,,,,2,,13,8,Completed,1.95,1.85
2025-05-19,Internationaux de Strasbourg,WTA500,Outdoor,Clay,1st Round,3,Raducanu E.,Kasatkina D.,43,17,6,1,6,3,,,,,,,2,,12,4,Completed,1.92,1.88
2025-05-20,Internationaux de Strasbourg,WTA500,Outdoor,Clay,2nd Round,3,Linette M.,Sramkova R.,33,41,6,4,6,3,,,,,,,2,,12,7,Completed,1.83,1.98
2025-05-20,Internationaux de Strasbourg,WTA500,Outdoor,Clay,2nd Round,3,Badosa P.,Bouzkova M.,10,50,3,3,,,,,,,,,,,3,3,Retired,1.58,2.37
2025-05-20,Internationaux de Strasbourg,WTA500,Outdoor,Clay,2nd Round,3,Rybakina E.,Wang Xin.,12,42,6,1,6,3,,,,,,,2,,12,4,Completed,1.19,4.85
2025-05-20,Internationaux de Strasbourg,WTA500,Outdoor,Clay,2nd Round,3,Samsonova L.,Parry D.,19,105,6,4,6,4,,,,,,,2,,12,8,Completed,1.61,2.31
2025-05-21,Internationaux de Strasbourg,WTA500,Outdoor,Clay,2nd Round,3,Haddad Maia B.,Krueger A.,23,37,7,6,6,3,,,,,,,2,,13,9,Completed,2.24,1.66
2025-05-21,Internationaux de Strasbourg,WTA500,Outdoor,Clay,2nd Round,3,Navarro E.,Blinkova A.,9,65,6,4,6,1,,,,,,,2,,12,5,Completed,1.28,3.75
2025-05-21,Internationaux de Strasbourg,WTA500,Outdoor,Clay,2nd Round,3,Collins D.,Raducanu E.,46,43,4,6,6,1,6,3,,,,,2,1,16,10,Completed,1.72,2.13
2025-05-21,Internationaux de Strasbourg,WTA500,Outdoor,Clay,2nd Round,3,Kalinskaya A.,Pegula J.,30,3,4,6,6,4,6,2,,,,,2,1,16,12,Completed,2.92,1.41
2025-05-22,Internationaux de Strasbourg,WTA500,Outdoor,Clay,Quarterfinals,3,Rybakina E.,Linette M.,12,33,7,5,6,3,,,,,,,2,,13,8,Completed,1.25,4.06
2025-05-22,Internationaux de Strasbourg,WTA500,Outdoor,Clay,Quarterfinals,3,Haddad Maia B.,Navarro E.,23,9,3,6,7,6,6,2,,,,,2,1,16,14,Completed,3.31,1.34
2025-05-22,Internationaux de Strasbourg,WTA500,Outdoor,Clay,Quarterfinals,3,Samsonova L.,Badosa P.,19,10,6,4,3,6,6,4,,,,,2,1,15,14,Completed,2.15,1.71
2025-05-23,Internationaux de Strasbourg,WTA500,Outdoor,Clay,Semifinals,3,Rybakina E.,Haddad Maia B.,12,23,7,6,1,6,6,2,,,,,2,1,14,14,Completed,1.26,3.89
2025-05-23,Internationaux de Strasbourg,WTA500,Outdoor,Clay,Semifinals,3,Samsonova L.,Collins D.,19,46,6,4,6,2,,,,,,,2,,12,6,Completed,2.56,1.52
2025-05-24,Internationaux de Strasbourg,WTA500,Outdoor,Clay,The Final,3,Rybakina E.,Samsonova L.,12,19,6,1,6,7,6,1,,,,,2,1,18,9,Completed,1.47,2.72
2025-05-25,French Open,Grand Slam,Outdoor,Clay,1st Round,3,Mboko V.,Sun L.,120,45,6,1,7,6,,,,,,,2,,13,7,Completed,1.24,4.12
2025-05-25,French Open,Grand Slam,Outdoor,Clay,1st Round,3,Svitolina E.,Sonmez Z.,14,76,6,1,6,1,,,,,,,2,,12,2,Completed,1.06,9.85
2025-05-25,French Open,Grand Slam,Outdoor,Clay,1st Round,3,Golubic V.,Kvitova P.,78,607,3,6,6,0,6,4,,,,,2,1,15,10,Completed,2.07,1.76
2025-05-25,French Open,Grand Slam,Outdoor,Clay,1st Round,3,Bondar A.,Siegemund L.,82,107,7,6,6,3,,,,,,,2,,13,9,Completed,1.62,2.31
2025-05-25,French Open,Grand Slam,Outdoor,Clay,1st Round,3,Lys E.,Stearns P.,59,33,6,0,6,3,,,,,,,2,,12,3,Completed,3.15,1.37
2025-05-25,French Open,Grand Slam,Outdoor,Clay,1st Round,3,Sabalenka A.,Rakhimova K.,1,86,6,1,6,0,,,,,,,2,,12,1,Completed,1.01,19.24
2025-05-25,French Open,Grand Slam,Outdoor,Clay,1st Round,3,Arango E.,Eala A.,85,73,6,0,2,6,6,3,,,,,2,1,14,9,Completed,2.28,1.64
2025-05-25,French Open,Grand Slam,Outdoor,Clay,1st Round,3,Yastremska D.,Aiava D.,48,155,7,5,6,1,,,,,,,2,,13,6,Completed,1.12,6.66
2025-05-25,French Open,Grand Slam,Outdoor,Clay,1st Round,3,Zheng Q.,Pavlyuchenkova A.,7,50,6,4,6,3,,,,,,,2,,12,7,Completed,1.14,5.88
2025-05-25,French Open,Grand Slam,Outdoor,Clay,1st Round,3,Teichmann J.,Stefanini L.,97,153,6,4,6,4,,,,,,,2,,12,8,Completed,1.57,2.4
2025-05-25,French Open,Grand Slam,Outdoor,Clay,1st Round,3,Shnaider D.,Sobolieva A.,12,256,7,6,6,2,,,,,,,2,,13,8,Completed,1.06,10.62
2025-05-25,French Open,Grand Slam,Outdoor,Clay,1st Round,3,Romero Gormaz L.,Rakotomanga Rajaonah T.,150,244,7,6,6,2,,,,,,,2,,13,8,Completed,1.53,2.52
2025-05-25,French Open,Grand Slam,Outdoor,Clay,1st Round,3,Vekic D.,Blinkova A.,19,62,7,5,6,7,6,1,,,,,2,1,19,13,Completed,1.72,2.14
2025-05-25,French Open,Grand Slam,Outdoor,Clay,1st Round,3,Anisimova A.,Stojanovic N.,16,167,6,3,4,1,,,,,,,1,,10,4,Retired,1.15,5.71
2025-05-25,French Open,Grand Slam,Outdoor,Clay,1st Round,3,Jovic I.,Zarazua R.,129,74,6,3,5,7,6,4,,,,,2,1,17,14,Completed,1.83,1.97
2025-05-25,French Open,Grand Slam,Outdoor,Clay,1st Round,3,Danilovic O.,Fernandez L.A.,34,27,6,3,6,1,,,,,,,2,,12,4,Completed,1.56,2.44
2025-05-25,French Open,Grand Slam,Outdoor,Clay,1st Round,3,Paolini J.,Yuan Y.,4,87,6,1,4,6,6,3,,,,,2,1,16,10,Completed,1.03,13.16
2025-05-25,French Open,Grand Slam,Outdoor,Clay,1st Round,3,Potapova A.,Noskova L.,37,29,5,7,6,1,7,5,,,,,2,1,18,13,Completed,1.74,2.1
2025-05-25,French Open,Grand Slam,Outdoor,Clay,1st Round,3,Bejlek S.,Kostyuk M.,188,25,6,3,6,1,,,,,,,2,,12,4,Completed,5.25,1.17
2025-05-26,French Open,Grand Slam,Outdoor,Clay,1st Round,3,Bouzas Maneiro J.,Navarro E.,68,9,6,0,6,1,,,,,,,2,,12,1,Completed,4.43,1.22
2025-05-26,French Open,Grand Slam,Outdoor,Clay,1st Round,3,Starodubtseva Y.,Korpatsch T.,81,148,2,6,6,1,6,4,,,,,2,1,14,11,Completed,2.02,1.82
2025-05-26,French Open,Grand Slam,Outdoor,Clay,1st Round,3,Kudermetova V.,Tomova V.,46,64,7,5,6,1,,,,,,,2,,13,6,Completed,1.26,3.9
2025-05-26,French Open,Grand Slam,Outdoor,Clay,1st Round,3,Raducanu E.,Wang Xin.,41,43,7,5,4,6,6,3,,,,,2,1,17,14,Completed,1.36,3.22
2025-05-26,French Open,Grand Slam,Outdoor,Clay,1st Round,3,Rybakina E.,Riera J.,11,202,6,1,4,6,6,4,,,,,2,1,16,11,Completed,1.04,11.64
2025-05-26,French Open,Grand Slam,Outdoor,Clay,1st Round,3,Swiatek I.,Sramkova R.,5,42,6,3,6,3,,,,,,,2,,12,6,Completed,1.02,14.74
2025-05-26,French Open,Grand Slam,Outdoor,Clay,1st Round,3,Samsonova L.,Sherif M.,18,84,7,6,6,2,,,,,,,2,,13,8,Completed,1.46,2.77
2025-05-26,French Open,Grand Slam,Outdoor,Clay,1st Round,3,Montgomery R.,Parry D.,115,93,6,2,6,1,,,,,,,2,,12,3,Completed,3.14,1.37
2025-05-26,French Open,Grand Slam,Outdoor,Clay,1st Round,3,Cristian J.,Birrell K.,60,66,6,1,6,0,,,,,,,2,,12,1,Completed,1.36,3.16
2025-05-26,French Open,Grand Slam,Outdoor,Clay,1st Round,3,Badosa P.,Osaka N.,10,49,6,7,6,1,6,4,,,,,2,1,18,12,Completed,2.08,1.77
2025-05-26,French Open,Grand Slam,Outdoor,Clay,1st Round,3,Collins D.,Burrage J.,54,165,7,6,6,4,,,,,,,2,,13,10,Completed,1.02,15.3
2025-05-26,French Open,Grand Slam,Outdoor,Clay,1st Round,3,Pera B.,Garcia C.,83,144,6,4,6,4,,,,,,,2,,12,8,Completed,1.73,2.12
2025-05-26,French Open,Grand Slam,Outdoor,Clay,1st Round,3,Tomljanovic A.,Joint M.,71,53,6,1,6,3,,,,,,,2,,12,4,Completed,3.19,1.36
2025-05-26,French Open,Grand Slam,Outdoor,Clay,1st Round,3,Kasatkina D.,Siniakova K.,17,63,6,1,3,6,6,2,,,,,2,1,15,9,Completed,1.42,2.87
2025-05-26,French Open,Grand Slam,Outdoor,Clay,1st Round,3,Boulter K.,Monnet C.,38,231,6,7,6,1,6,1,,,,,2,1,18,9,Completed,1.41,2.92
2025-05-26,French Open,Grand Slam,Outdoor,Clay,1st Round,3,Ruse E.G.,Kessler M.,80,44,7,5,7,6,,,,,,,2,,14,11,Completed,1.58,2.4
2025-05-26,French Open,Grand Slam,Outdoor,Clay,1st Round,3,Ostapenko J.,Kudermetova P.,21,58,5,7,6,0,6,2,,,,,2,1,17,9,Completed,1.18,4.93
2025-05-26,French Open,Grand Slam,Outdoor,Clay,1st Round,3,Krejcikova B.,Maria T.,15,79,7,6,6,3,,,,,,,2,,13,9,Completed,1.19,4.91
2025-05-26,French Open,Grand Slam,Outdoor,Clay,1st Round,3,Alexandrova E.,Bronzetti L.,20,57,6,3,6,2,,,,,,,2,,12,5,Completed,1.25,3.99
2025-05-26,French Open,Grand Slam,Outdoor,Clay,1st Round,3,Rus A.,Osorio M.,94,51,4,6,6,2,6,4,,,,,2,1,16,12,Completed,2.93,1.41
2025-05-26,French Open,Grand Slam,Outdoor,Clay,1st Round,3,Keys M.,Saville D.,8,137,6,2,6,1,,,,,,,2,,12,3,Completed,1.07,9.44
2025-05-26,French Open,Grand Slam,Outdoor,Clay,1st Round,3,Tauson C.,Linette M.,22,32,6,4,4,6,6,1,,,,,2,1,16,11,Completed,1.61,2.35
2025-05-26,French Open,Grand Slam,Outdoor,Clay,1st Round,3,Jeanjean L.,Begu I.,100,92,0,6,7,5,3,0,,,,,1,1,10,11,Retired,2.33,1.61
2025-05-26,French Open,Grand Slam,Outdoor,Clay,1st Round,3,Dolehide C.,Minnen G.,67,77,3,6,6,3,6,4,,,,,2,1,15,13,Completed,1.55,2.48
2025-05-26,French Open,Grand Slam,Outdoor,Clay,1st Round,3,Cocciaretto E.,Townsend T.,89,104,6,3,6,2,,,,,,,2,,12,5,Completed,1.96,1.86
2025-05-27,French Open,Grand Slam,Outdoor,Clay,1st Round,3,Andreeva M.,Bucsa C.,6,98,6,4,6,3,,,,,,,2,,12,7,Completed,1.05,10.83
2025-05-27,French Open,Grand Slam,Outdoor,Clay,1st Round,3,Baptiste H.,Haddad Maia B.,70,23,4,6,6,3,6,1,,,,,2,1,16,10,Completed,2.16,1.71
2025-05-27,French Open,Grand Slam,Outdoor,Clay,1st Round,3,Hibino N.,Uchijima M.,196,61,6,1,7,5,,,,,,,2,,13,6,Completed,3.35,1.33
2025-05-27,French Open,Grand Slam,Outdoor,Clay,1st Round,3,Vondrousova M.,Selekhmeteva O.,96,147,6,4,6,4,,,,,,,2,,12,8,Completed,1.45,2.81
2025-05-27,French Open,Grand Slam,Outdoor,Clay,1st Round,3,Azarenka V.,Wickmayer Y.,75,1140,6,0,6,0,,,,,,,2,,12,0,Completed,1.04,12.45
2025-05-27,French Open,Grand Slam,Outdoor,Clay,1st Round,3,Kenin S.,Gracheva V.,30,72,6,3,6,1,,,,,,,2,,12,4,Completed,1.34,3.34
2025-05-27,French Open,Grand Slam,Outdoor,Clay,1st Round,3,Kalinina A.,Avanesyan E.,113,40,6,1,6,2,,,,,,,2,,12,3,Completed,2.97,1.41
2025-05-27,French Open,Grand Slam,Outdoor,Clay,1st Round,3,Gauff C.,Gadecki O.,2,91,6,2,6,2,,,,,,,2,,12,4,Completed,1.02,15.69
2025-05-27,French Open,Grand Slam,Outdoor,Clay,1st Round,3,Valentova T.,Paquet C.,172,119,4,6,6,3,7,5,,,,,2,1,17,14,Completed,1.35,3.25
2025-05-27,French Open,Grand Slam,Outdoor,Clay,1st Round,3,Krueger A.,Lamens S.,35,69,6,3,6,4,,,,,,,2,,12,7,Completed,1.56,2.47
2025-05-27,French Open,Grand Slam,Outdoor,Clay,1st Round,3,Jacquemot E.,Sakkari M.,138,90,6,3,7,6,,,,,,,2,,13,9,Completed,4.48,1.21
2025-05-27,French Open,Grand Slam,Outdoor,Clay,1st Round,3,Pegula J.,Todoni A.,3,88,6,2,6,4,,,,,,,2,,12,6,Completed,1.16,5.37
2025-05-27,French Open,Grand Slam,Outdoor,Clay,1st Round,3,Frech M.,Jabeur O.,26,36,7,6,6,0,,,,,,,2,,13,6,Completed,3.15,1.37
2025-05-27,French Open,Grand Slam,Outdoor,Clay,1st Round,3,Kartal S.,Andreeva E.,56,102,6,0,6,2,,,,,,,2,,12,2,Completed,1.71,2.16
2025-05-27,French Open,Grand Slam,Outdoor,Clay,1st Round,3,Boisson L.,Mertens E.,361,24,6,4,4,6,6,3,,,,,2,1,16,13,Completed,4.37,1.22
2025-05-27,French Open,Grand Slam,Outdoor,Clay,1st Round,3,Li A.,Carle M.,55,127,6,4,6,0,,,,,,,2,,12,4,Completed,1.74,2.1
2025-05-27,French Open,Grand Slam,Outdoor,Clay,1st Round,3,Putintseva Y.,Sierra S.,31,110,7,6,6,2,,,,,,,2,,13,8,Completed,1.6,2.35
2025-05-27,French Open,Grand Slam,Outdoor,Clay,1st Round,3,Garland J.,Volynets K.,175,65,6,3,3,6,6,4,,,,,2,1,15,13,Completed,3.36,1.33
2025-05-27,French Open,Grand Slam,Outdoor,Clay,1st Round,3,Bouzkova M.,Kalinskaya A.,47,28,6,4,7,5,,,,,,,2,,13,9,Completed,2.27,1.64
2025-05-27,French Open,Grand Slam,Outdoor,Clay,1st Round,3,Parks A.,Muchova K.,52,13,6,3,2,6,6,1,,,,,2,1,14,10,Completed,8.55,1.08
2025-05-28,French Open,Grand Slam,Outdoor,Clay,2nd Round,3,Zheng Q.,Arango E.,7,85,6,2,6,3,,,,,,,2,,12,5,Completed,1.03,13.67
2025-05-28,French Open,Grand Slam,Outdoor,Clay,2nd Round,3,Anisimova A.,Golubic V.,16,78,6,0,6,2,,,,,,,2,,12,2,Completed,1.13,6.15
2025-05-28,French Open,Grand Slam,Outdoor,Clay,2nd Round,3,Mboko V.,Lys E.,120,59,6,4,6,4,,,,,,,2,,12,8,Completed,1.55,2.47
2025-05-28,French Open,Grand Slam,Outdoor,Clay,2nd Round,3,Paolini J.,Tomljanovic A.,4,71,6,3,6,3,,,,,,,2,,12,6,Completed,1.09,7.81
2025-05-28,French Open,Grand Slam,Outdoor,Clay,2nd Round,3,Svitolina E.,Bondar A.,14,82,7,6,7,5,,,,,,,2,,14,11,Completed,1.11,7.19
2025-05-28,French Open,Grand Slam,Outdoor,Clay,2nd Round,3,Pera B.,Vekic D.,83,19,6,2,4,6,7,6,,,,,2,1,17,14,Completed,2.34,1.62
2025-05-28,French Open,Grand Slam,Outdoor,Clay,2nd Round,3,Starodubtseva Y.,Potapova A.,81,37,7,6,6,2,,,,,,,2,,13,8,Completed,4.0,1.26
2025-05-28,French Open,Grand Slam,Outdoor,Clay,2nd Round,3,Tauson C.,Rus A.,22,94,7,6,7,5,,,,,,,2,,14,11,Completed,1.18,5.02
2025-05-28,French Open,Grand Slam,Outdoor,Clay,2nd Round,3,Swiatek I.,Raducanu E.,5,41,6,1,6,2,,,,,,,2,,12,3,Completed,1.1,7.57
2025-05-28,French Open,Grand Slam,Outdoor,Clay,2nd Round,3,Danilovic O.,Collins D.,34,54,6,4,3,6,6,4,,,,,2,1,15,14,Completed,2.16,1.71
2025-05-28,French Open,Grand Slam,Outdoor,Clay,2nd Round,3,Cristian J.,Bejlek S.,60,188,1,6,6,3,6,3,,,,,2,1,13,12,Completed,1.73,2.12
2025-05-28,French Open,Grand Slam,Outdoor,Clay,2nd Round,3,Samsonova L.,Romero Gormaz L.,18,150,6,3,6,3,,,,,,,2,,12,6,Completed,1.17,5.31
2025-05-28,French Open,Grand Slam,Outdoor,Clay,2nd Round,3,Ostapenko J.,Dolehide C.,21,67,5,7,6,3,6,3,,,,,2,1,17,13,Completed,1.26,3.96
2025-05-28,French Open,Grand Slam,Outdoor,Clay,2nd Round,3,Sabalenka A.,Teichmann J.,1,97,6,3,6,1,,,,,,,2,,12,4,Completed,1.01,21.46
2025-05-28,French Open,Grand Slam,Outdoor,Clay,2nd Round,3,Yastremska D.,Shnaider D.,48,12,7,5,7,5,,,,,,,2,,14,10,Completed,2.82,1.44
2025-05-28,French Open,Grand Slam,Outdoor,Clay,2nd Round,3,Rybakina E.,Jovic I.,11,129,6,3,6,3,,,,,,,2,,12,6,Completed,1.08,8.51
2025-05-29,French Open,Grand Slam,Outdoor,Clay,2nd Round,3,Andreeva M.,Krueger A.,6,35,6,3,6,4,,,,,,,2,,12,7,Completed,1.13,6.23
2025-05-29,French Open,Grand Slam,Outdoor,Clay,2nd Round,3,Vondrousova M.,Frech M.,96,26,6,0,4,6,6,3,,,,,2,1,16,9,Completed,1.46,2.78
2025-05-29,French Open,Grand Slam,Outdoor,Clay,2nd Round,3,Bouzkova M.,Kartal S.,47,56,6,1,6,4,,,,,,,2,,12,5,Completed,1.47,2.75
2025-05-29,French Open,Grand Slam,Outdoor,Clay,2nd Round,3,Pegula J.,Li A.,3,55,6,3,7,6,,,,,,,2,,13,9,Completed,1.22,4.32
2025-05-29,French Open,Grand Slam,Outdoor,Clay,2nd Round,3,Baptiste H.,Hibino N.,70,196,6,3,6,2,,,,,,,2,,12,5,Completed,1.22,4.42
2025-05-29,French Open,Grand Slam,Outdoor,Clay,2nd Round,3,Alexandrova E.,Cocciaretto E.,20,89,6,1,6,3,,,,,,,2,,12,4,Completed,1.22,4.4
2025-05-29,French Open,Grand Slam,Outdoor,Clay,2nd Round,3,Bouzas Maneiro J.,Montgomery R.,68,115,6,4,4,6,7,5,,,,,2,1,17,15,Completed,1.43,2.87
2025-05-29,French Open,Grand Slam,Outdoor,Clay,2nd Round,3,Putintseva Y.,Garland J.,31,175,7,6,6,3,,,,,,,2,,13,9,Completed,1.35,3.27
2025-05-29,French Open,Grand Slam,Outdoor,Clay,2nd Round,3,Kudermetova V.,Krejcikova B.,46,15,6,0,6,3,,,,,,,2,,12,3,Completed,1.53,2.54
2025-05-29,French Open,Grand Slam,Outdoor,Clay,2nd Round,3,Gauff C.,Valentova T.,2,172,6,2,6,4,,,,,,,2,,12,6,Completed,1.04,11.77
2025-05-29,French Open,Grand Slam,Outdoor,Clay,2nd Round,3,Badosa P.,Ruse E.G.,10,80,3,6,6,4,6,4,,,,,2,1,15,14,Completed,1.27,3.87
2025-05-29,French Open,Grand Slam,Outdoor,Clay,2nd Round,3,Keys M.,Boulter K.,8,38,6,1,6,3,,,,,,,2,,12,4,Completed,1.15,5.67
2025-05-29,French Open,Grand Slam,Outdoor,Clay,2nd Round,3,Boisson L.,Kalinina A.,361,113,6,1,6,2,,,,,,,2,,12,3,Completed,1.79,2.04
2025-05-29,French Open,Grand Slam,Outdoor,Clay,2nd Round,3,Jacquemot E.,Parks A.,138,52,6,2,6,7,6,1,,,,,2,1,18,10,Completed,1.55,2.48
2025-05-29,French Open,Grand Slam,Outdoor,Clay,2nd Round,3,Kenin S.,Azarenka V.,30,75,7,6,6,4,,,,,,,2,,13,10,Completed,1.48,2.72
2025-05-29,French Open,Grand Slam,Outdoor,Clay,2nd Round,3,Kasatkina D.,Jeanjean L.,17,100,6,4,6,2,,,,,,,2,,12,6,Completed,1.25,4.05
2025-05-30,French Open,Grand Slam,Outdoor,Clay,3rd Round,3,Zheng Q.,Mboko V.,7,120,6,3,6,4,,,,,,,2,,12,7,Completed,1.21,4.55
2025-05-30,French Open,Grand Slam,Outdoor,Clay,3rd Round,3,Anisimova A.,Tauson C.,16,22,7,6,6,4,,,,,,,2,,13,10,Completed,1.6,2.36
2025-05-30,French Open,Grand Slam,Outdoor,Clay,3rd Round,3,Sabalenka A.,Danilovic O.,1,34,6,2,6,3,,,,,,,2,,12,5,Completed,1.1,7.46
2025-05-30,French Open,Grand Slam,Outdoor,Clay,3rd Round,3,Samsonova L.,Yastremska D.,18,48,6,2,6,3,,,,,,,2,,12,5,Completed,1.66,2.24
2025-05-30,French Open,Grand Slam,Outdoor,Clay,3rd Round,3,Swiatek I.,Cristian J.,5,60,6,2,7,5,,,,,,,2,,13,7,Completed,1.02,15.2
2025-05-30,French Open,Grand Slam,Outdoor,Clay,3rd Round,3,Rybakina E.,Ostapenko J.,11,21,6,2,6,2,,,,,,,2,,12,4,Completed,1.45,2.79
2025-05-30,French Open,Grand Slam,Outdoor,Clay,3rd Round,3,Paolini J.,Starodubtseva Y.,4,81,6,4,6,1,,,,,,,2,,12,5,Completed,1.08,8.71
2025-05-30,French Open,Grand Slam,Outdoor,Clay,3rd Round,3,Svitolina E.,Pera B.,14,83,7,6,7,6,,,,,,,2,,14,12,Completed,1.12,6.5
2025-05-31,French Open,Grand Slam,Outdoor,Clay,3rd Round,3,Andreeva M.,Putintseva Y.,6,31,6,3,6,1,,,,,,,2,,12,4,Completed,1.14,6.02
2025-05-31,French Open,Grand Slam,Outdoor,Clay,3rd Round,3,Kasatkina D.,Badosa P.,17,10,6,1,7,5,,,,,,,2,,13,6,Completed,2.59,1.51
2025-05-31,French Open,Grand Slam,Outdoor,Clay,3rd Round,3,Pegula J.,Vondrousova M.,3,96,3,6,6,4,6,2,,,,,2,1,15,12,Completed,1.46,2.76
2025-05-31,French Open,Grand Slam,Outdoor,Clay,3rd Round,3,Boisson L.,Jacquemot E.,361,138,6,3,0,6,7,5,,,,,2,1,13,14,Completed,1.52,2.58
2025-05-31,French Open,Grand Slam,Outdoor,Clay,3rd Round,3,Alexandrova E.,Kudermetova V.,20,46,6,2,6,2,,,,,,,2,,12,4,Completed,1.46,2.75
2025-05-31,French Open,Grand Slam,Outdoor,Clay,3rd Round,3,Baptiste H.,Bouzas Maneiro J.,70,68,7,6,6,1,,,,,,,2,,13,7,Completed,1.87,1.95
2025-05-31,French Open,Grand Slam,Outdoor,Clay,3rd Round,3,Keys M.,Kenin S.,8,30,4,6,6,3,7,5,,,,,2,1,17,14,Completed,1.4,2.98
2025-05-31,French Open,Grand Slam,Outdoor,Clay,3rd Round,3,Gauff C.,Bouzkova M.,2,47,6,1,7,6,,,,,,,2,,13,7,Completed,1.11,7.06
2025-06-01,French Open,Grand Slam,Outdoor,Clay,4th Round,3,Svitolina E.,Paolini J.,14,4,4,6,7,6,6,1,,,,,2,1,17,13,Completed,2.09,1.76
2025-06-01,French Open,Grand Slam,Outdoor,Clay,4th Round,3,Zheng Q.,Samsonova L.,7,18,7,6,1,6,6,3,,,,,2,1,14,15,Completed,1.31,3.49
2025-06-01,French Open,Grand Slam,Outdoor,Clay,4th Round,3,Swiatek I.,Rybakina E.,5,11,1,6,6,3,7,5,,,,,2,1,14,14,Completed,1.46,2.75
2025-06-01,French Open,Grand Slam,Outdoor,Clay,4th Round,3,Sabalenka A.,Anisimova A.,1,16,7,5,6,3,,,,,,,2,,13,8,Completed,1.21,4.6
2025-06-02,French Open,Grand Slam,Outdoor,Clay,4th Round,3,Gauff C.,Alexandrova E.,2,20,6,0,7,5,,,,,,,2,,13,5,Completed,1.33,3.4
2025-06-02,French Open,Grand Slam,Outdoor,Clay,4th Round,3,Andreeva M.,Kasatkina D.,6,17,6,3,7,5,,,,,,,2,,13,8,Completed,1.23,4.35
2025-06-02,French Open,Grand Slam,Outdoor,Clay,4th Round,3,Boisson L.,Pegula J.,361,3,3,6,6,4,6,4,,,,,2,1,15,14,Completed,5.09,1.18
2025-06-02,French Open,Grand Slam,Outdoor,Clay,4th Round,3,Keys M.,Baptiste H.,8,70,6,3,7,5,,,,,,,2,,13,8,Completed,1.24,4.21
2025-06-03,French Open,Grand Slam,Outdoor,Clay,Quarterfinals,3,Sabalenka A.,Zheng Q.,1,7,7,6,6,3,,,,,,,2,,13,9,Completed,1.33,3.43
2025-06-03,French Open,Grand Slam,Outdoor,Clay,Quarterfinals,3,Swiatek I.,Svitolina E.,5,14,6,1,7,5,,,,,,,2,,13,6,Completed,1.27,3.91
2025-06-04,French Open,Grand Slam,Outdoor,Clay,Quarterfinals,3,Gauff C.,Keys M.,2,8,6,7,6,4,6,1,,,,,2,1,18,12,Completed,1.45,2.82
2025-06-04,French Open,Grand Slam,Outdoor,Clay,Quarterfinals,3,Boisson L.,Andreeva M.,361,6,7,6,6,3,,,,,,,2,,13,9,Completed,6.48,1.13
2025-06-05,French Open,Grand Slam,Outdoor,Clay,Semifinals,3,Sabalenka A.,Swiatek I.,1,5,7,6,4,6,6,0,,,,,2,1,17,12,Completed,1.79,2.05
2025-06-05,French Open,Grand Slam,Outdoor,Clay,Semifinals,3,Gauff C.,Boisson L.,2,361,6,1,6,2,,,,,,,2,,12,3,Completed,1.19,4.87
2025-06-07,French Open,Grand Slam,Outdoor,Clay,The Final,3,Gauff C.,Sabalenka A.,2,1,6,7,6,2,6,4,,,,,2,1,18,13,Completed,1.42,2.9
2025-06-09,Rosmalen Grass Court Championships,WTA250,Outdoor,Grass,1st Round,3,Cocciaretto E.,Hartono A.,123,177,7,6,7,5,,,,,,,2,,14,11,Completed,1.19,4.64
2025-06-09,Rosmalen Grass Court Championships,WTA250,Outdoor,Grass,1st Round,3,Kudermetova V.,Kudermetova P.,39,62,6,3,6,3,,,,,,,2,,12,6,Completed,1.22,4.18
2025-06-09,Rosmalen Grass Court Championships,WTA250,Outdoor,Grass,1st Round,3,Mertens E.,Tomova V.,25,76,6,4,6,0,,,,,,,2,,12,4,Completed,1.17,4.92
2025-06-09,Rosmalen Grass Court Championships,WTA250,Outdoor,Grass,1st Round,3,Sun L.,Vrancken Peeters A.,43,493,6,1,6,3,,,,,,,2,,12,4,Completed,1.1,7.08
2025-06-09,Rosmalen Grass Court Championships,WTA250,Outdoor,Grass,1st Round,3,Yuan Y.,Sevastova A.,84,399,6,3,6,3,,,,,,,2,,12,6,Completed,2.22,1.62
2025-06-09,Rosmalen Grass Court Championships,WTA250,Outdoor,Grass,1st Round,3,Blinkova A.,Siniakova K.,70,73,6,3,6,1,,,,,,,2,,12,4,Completed,2.4,1.56
2025-06-10,Rosmalen Grass Court Championships,WTA250,Outdoor,Grass,1st Round,3,Lamens S.,Wickmayer Y.,72,955,6,3,0,6,6,3,,,,,2,1,12,12,Completed,1.7,2.12
2025-06-10,Rosmalen Grass Court Championships,WTA250,Outdoor,Grass,1st Round,3,Birrell K.,Wang Xin.,69,48,7,5,6,7,6,1,,,,,2,1,19,13,Completed,2.02,1.77
2025-06-10,Rosmalen Grass Court Championships,WTA250,Outdoor,Grass,1st Round,3,Pera B.,Linette M.,79,31,6,2,6,7,7,5,,,,,2,1,19,14,Completed,2.43,1.55
2025-06-10,Rosmalen Grass Court Championships,WTA250,Outdoor,Grass,1st Round,3,Andreescu B.,Garland J.,118,147,6,1,6,3,,,,,,,2,,12,4,Completed,1.48,2.65
2025-06-10,Rosmalen Grass Court Championships,WTA250,Outdoor,Grass,1st Round,3,Alexandrova E.,Bolkvadze M.,19,189,6,3,6,4,,,,,,,2,,12,7,Completed,1.08,7.6
2025-06-10,Rosmalen Grass Court Championships,WTA250,Outdoor,Grass,1st Round,3,Minnen G.,Collins D.,66,55,4,6,6,1,6,2,,,,,2,1,16,9,Completed,2.52,1.52
2025-06-10,Rosmalen Grass Court Championships,WTA250,Outdoor,Grass,1st Round,3,Li A.,Potapova A.,53,40,7,5,6,2,,,,,,,2,,13,7,Completed,3.15,1.36
2025-06-11,Rosmalen Grass Court Championships,WTA250,Outdoor,Grass,1st Round,3,Ruse E.G.,Van den Broek I.L.,80,704,6,2,6,1,,,,,,,2,,12,3,Completed,1.05,10.39
2025-06-11,Rosmalen Grass Court Championships,WTA250,Outdoor,Grass,1st Round,3,Sakkari M.,Koevermans A.,85,190,6,3,6,4,,,,,,,2,,12,7,Completed,1.07,8.25
2025-06-11,Rosmalen Grass Court Championships,WTA250,Outdoor,Grass,1st Round,3,Branstine C.,Samsonova L.,231,18,6,4,5,7,6,1,,,,,2,1,17,12,Completed,7.11,1.1
2025-06-11,Rosmalen Grass Court Championships,WTA250,Outdoor,Grass,2nd Round,3,Cocciaretto E.,Pera B.,123,79,6,1,7,6,,,,,,,2,,13,7,Completed,2.38,1.56
2025-06-11,Rosmalen Grass Court Championships,WTA250,Outdoor,Grass,2nd Round,3,Alexandrova E.,Blinkova A.,19,70,6,0,7,5,,,,,,,2,,13,5,Completed,1.28,3.61
2025-06-11,Rosmalen Grass Court Championships,WTA250,Outdoor,Grass,2nd Round,3,Kudermetova V.,Minnen G.,39,66,6,4,6,1,,,,,,,2,,12,5,Completed,1.6,2.32
2025-06-12,Rosmalen Grass Court Championships,WTA250,Outdoor,Grass,2nd Round,3,Ruse E.G.,Branstine C.,80,231,6,4,6,3,,,,,,,2,,12,7,Completed,1.42,2.88
2025-06-12,Rosmalen Grass Court Championships,WTA250,Outdoor,Grass,2nd Round,3,Lamens S.,Li A.,72,53,7,6,7,6,,,,,,,2,,14,12,Completed,2.66,1.47
2025-06-12,Rosmalen Grass Court Championships,WTA250,Outdoor,Grass,2nd Round,3,Mertens E.,Sakkari M.,25,85,6,3,6,0,,,,,,,2,,12,3,Completed,1.59,2.34
2025-06-12,Rosmalen Grass Court Championships,WTA250,Outdoor,Grass,2nd Round,3,Andreescu B.,Sun L.,118,43,6,0,6,4,,,,,,,2,,12,4,Completed,1.5,2.58
2025-06-12,Rosmalen Grass Court Championships,WTA250,Outdoor,Grass,2nd Round,3,Yuan Y.,Birrell K.,84,69,6,4,6,3,,,,,,,2,,12,7,Completed,2.31,1.6
2025-06-13,Rosmalen Grass Court Championships,WTA250,Outdoor,Grass,Quarterfinals,3,Alexandrova E.,Kudermetova V.,19,39,5,7,6,4,6,2,,,,,2,1,17,13,Completed,1.5,2.59
2025-06-13,Rosmalen Grass Court Championships,WTA250,Outdoor,Grass,Quarterfinals,3,Mertens E.,Yuan Y.,25,84,6,0,6,4,,,,,,,2,,12,4,Completed,1.19,4.72
2025-06-13,Rosmalen Grass Court Championships,WTA250,Outdoor,Grass,Quarterfinals,3,Cocciaretto E.,Lamens S.,123,72,6,2,7,6,,,,,,,2,,13,8,Completed,1.59,2.33
2025-06-13,Rosmalen Grass Court Championships,WTA250,Outdoor,Grass,Quarterfinals,3,Ruse E.G.,Andreescu B.,80,118,6,2,6,4,,,,,,,2,,12,6,Completed,2.45,1.55
2025-06-14,Rosmalen Grass Court Championships,WTA250,Outdoor,Grass,Semifinals,3,Mertens E.,Alexandrova E.,25,19,2,6,7,6,6,4,,,,,2,1,15,16,Completed,2.19,1.67
2025-06-14,Rosmalen Grass Court Championships,WTA250,Outdoor,Grass,Semifinals,3,Ruse E.G.,Cocciaretto E.,80,123,2,6,6,4,6,3,,,,,2,1,14,13,Completed,1.51,2.56
2025-06-15,Rosmalen Grass Court Championships,WTA250,Outdoor,Grass,The Final,3,Mertens E.,Ruse E.G.,25,80,6,3,7,6,,,,,,,2,,13,9,Completed,2.74,1.44
2025-06-09,Queen's Club Championships,WTA500,Outdoor,Grass,1st Round,3,Maria T.,Fernandez L.A.,86,30,7,6,6,2,,,,,,,2,,13,8,Completed,2.82,1.42
2025-06-09,Queen's Club Championships,WTA500,Outdoor,Grass,1st Round,3,Haddad Maia B.,Kvitova P.,22,574,2,6,6,4,6,4,,,,,2,1,14,14,Completed,1.7,2.15
2025-06-09,Queen's Club Championships,WTA500,Outdoor,Grass,1st Round,3,Kartal S.,Kasatkina D.,50,16,6,1,3,6,6,3,,,,,2,1,15,10,Completed,2.89,1.4
2025-06-09,Queen's Club Championships,WTA500,Outdoor,Grass,1st Round,3,Zakharova A.,Vekic D.,111,21,6,3,6,3,,,,,,,2,,12,6,Completed,5.41,1.15
2025-06-09,Queen's Club Championships,WTA500,Outdoor,Grass,1st Round,3,Anisimova A.,Burrage J.,15,162,4,6,6,3,6,4,,,,,2,1,16,13,Completed,1.11,6.51
2025-06-10,Queen's Club Championships,WTA500,Outdoor,Grass,1st Round,3,Watson H.,Putintseva Y.,164,27,6,4,6,3,,,,,,,2,,12,7,Completed,2.47,1.54
2025-06-10,Queen's Club Championships,WTA500,Outdoor,Grass,1st Round,3,Boulter K.,Tomljanovic A.,34,64,7,6,1,6,6,4,,,,,2,1,14,16,Completed,1.53,2.48
2025-06-10,Queen's Club Championships,WTA500,Outdoor,Grass,1st Round,3,Muchova K.,Inglis M.,14,152,7,6,3,6,6,4,,,,,2,1,16,16,Completed,1.26,3.8
2025-06-10,Queen's Club Championships,WTA500,Outdoor,Grass,1st Round,3,Kessler M.,Jones F.,42,117,6,2,6,4,,,,,,,2,,12,6,Completed,1.6,2.3
2025-06-10,Queen's Club Championships,WTA500,Outdoor,Grass,1st Round,3,Raducanu E.,Bucsa C.,37,112,6,1,6,2,,,,,,,2,,12,3,Completed,1.25,3.95
2025-06-10,Queen's Club Championships,WTA500,Outdoor,Grass,1st Round,3,Sramkova R.,Krejcikova B.,41,17,6,4,6,3,,,,,,,2,,12,7,Completed,2.6,1.49
2025-06-10,Queen's Club Championships,WTA500,Outdoor,Grass,1st Round,3,Shnaider D.,Frech M.,12,24,6,4,6,1,,,,,,,2,,12,5,Completed,1.37,3.06
2025-06-11,Queen's Club Championships,WTA500,Outdoor,Grass,2nd Round,3,Navarro E.,Haddad Maia B.,10,22,1,6,7,6,6,3,,,,,2,1,14,15,Completed,1.74,2.08
2025-06-11,Queen's Club Championships,WTA500,Outdoor,Grass,2nd Round,3,Maria T.,Muchova K.,86,14,6,7,7,5,6,1,,,,,2,1,19,13,Completed,2.6,1.49
2025-06-11,Queen's Club Championships,WTA500,Outdoor,Grass,2nd Round,3,Anisimova A.,Kartal S.,15,50,6,1,6,3,,,,,,,2,,12,4,Completed,1.48,2.62
2025-06-11,Queen's Club Championships,WTA500,Outdoor,Grass,2nd Round,3,Keys M.,Zakharova A.,8,111,6,3,6,2,,,,,,,2,,12,5,Completed,1.06,9.17
2025-06-12,Queen's Club Championships,WTA500,Outdoor,Grass,2nd Round,3,Shnaider D.,Boulter K.,12,34,2,6,6,3,6,2,,,,,2,1,14,11,Completed,1.57,2.38
2025-06-12,Queen's Club Championships,WTA500,Outdoor,Grass,2nd Round,3,Rybakina E.,Watson H.,11,164,6,4,6,2,,,,,,,2,,12,6,Completed,1.08,7.66
2025-06-12,Queen's Club Championships,WTA500,Outdoor,Grass,2nd Round,3,Raducanu E.,Sramkova R.,37,41,6,4,6,1,,,,,,,2,,12,5,Completed,1.23,4.04
2025-06-12,Queen's Club Championships,WTA500,Outdoor,Grass,2nd Round,3,Zheng Q.,Kessler M.,5,42,6,3,4,6,7,5,,,,,2,1,17,14,Completed,1.43,2.81
2025-06-13,Queen's Club Championships,WTA500,Outdoor,Grass,Quarterfinals,3,Keys M.,Shnaider D.,8,12,2,6,6,3,6,4,,,,,2,1,14,13,Completed,1.39,3.01
2025-06-13,Queen's Club Championships,WTA500,Outdoor,Grass,Quarterfinals,3,Maria T.,Rybakina E.,86,11,6,4,7,6,,,,,,,2,,13,10,Completed,7.71,1.08
2025-06-13,Queen's Club Championships,WTA500,Outdoor,Grass,Quarterfinals,3,Zheng Q.,Raducanu E.,5,37,6,2,6,4,,,,,,,2,,12,6,Completed,2.22,1.65
2025-06-13,Queen's Club Championships,WTA500,Outdoor,Grass,Quarterfinals,3,Anisimova A.,Navarro E.,15,10,6,3,6,3,,,,,,,2,,12,6,Completed,1.45,2.71
2025-06-14,Queen's Club Championships,WTA500,Outdoor,Grass,Semifinals,3,Maria T.,Keys M.,86,8,6,3,7,6,,,,,,,2,,13,9,Completed,4.94,1.17
2025-06-14,Queen's Club Championships,WTA500,Outdoor,Grass,Semifinals,3,Anisimova A.,Zheng Q.,15,5,6,2,4,6,6,4,,,,,2,1,16,12,Completed,1.72,2.13
2025-06-15,Queen's Club Championships,WTA500,Outdoor,Grass,The Final,3,Maria T.,Anisimova A.,86,15,6,3,6,4,,,,,,,2,,12,7,Completed,3.15,1.35
2025-06-16,German Open,WTA500,Outdoor,Grass,1st Round,3,Siniakova K.,Tomova V.,74,83,6,1,6,2,,,,,,,2,,12,3,Completed,1.23,4.09
2025-06-16,German Open,WTA500,Outdoor,Grass,1st Round,3,Navarro E.,Kostyuk M.,9,26,6,2,6,3,,,,,,,2,,12,5,Completed,1.93,1.85
2025-06-16,German Open,WTA500,Outdoor,Grass,1st Round,3,Jabeur O.,Dolehide C.,61,64,7,6,6,1,,,,,,,2,,13,7,Completed,1.38,3.01
2025-06-16,German Open,WTA500,Outdoor,Grass,1st Round,3,Masarova R.,Kenin S.,112,29,6,3,6,2,,,,,,,2,,12,5,Completed,2.63,1.48
2025-06-16,German Open,WTA500,Outdoor,Grass,1st Round,3,Frech M.,Andreeva M.,25,7,2,6,7,5,6,0,,,,,2,1,15,11,Completed,5.11,1.17
2025-06-16,German Open,WTA500,Outdoor,Grass,1st Round,3,Badosa P.,Lys E.,10,62,6,1,6,3,,,,,,,2,,12,4,Completed,1.29,3.48
2025-06-17,German Open,WTA500,Outdoor,Grass,1st Round,3,Wang Xin.,Kasatkina D.,49,16,6,3,6,2,,,,,,,2,,12,5,Completed,2.55,1.5
2025-06-17,German Open,WTA500,Outdoor,Grass,1st Round,3,Samsonova L.,Osaka N.,20,57,3,6,7,6,6,4,,,,,2,1,16,16,Completed,1.85,1.93
2025-06-17,German Open,WTA500,Outdoor,Grass,1st Round,3,Vondrousova M.,Keys M.,164,6,7,5,7,6,,,,,,,2,,14,11,Completed,3.2,1.34
2025-06-17,German Open,WTA500,Outdoor,Grass,1st Round,3,Anisimova A.,Andreescu B.,13,148,6,4,6,3,,,,,,,2,,12,7,Completed,1.5,2.56
2025-06-17,German Open,WTA500,Outdoor,Grass,1st Round,3,Shnaider D.,Vekic D.,12,22,6,2,6,4,,,,,,,2,,12,6,Completed,1.54,2.44
2025-06-17,German Open,WTA500,Outdoor,Grass,1st Round,3,Rybakina E.,Krueger A.,11,33,6,3,7,6,,,,,,,2,,13,9,Completed,1.23,4.19
2025-06-18,German Open,WTA500,Outdoor,Grass,2nd Round,3,Badosa P.,Navarro E.,10,9,7,6,6,3,,,,,,,2,,13,9,Completed,1.62,2.27
2025-06-18,German Open,WTA500,Outdoor,Grass,2nd Round,3,Jabeur O.,Paolini J.,61,5,6,1,6,3,,,,,,,2,,12,4,Completed,2.47,1.54
2025-06-18,German Open,WTA500,Outdoor,Grass,2nd Round,3,Samsonova L.,Pegula J.,20,3,6,7,7,5,7,6,,,,,2,1,20,18,Completed,2.24,1.64
2025-06-19,German Open,WTA500,Outdoor,Grass,2nd Round,3,Vondrousova M.,Shnaider D.,164,12,6,3,6,7,6,3,,,,,2,1,18,13,Completed,2.14,1.7
2025-06-19,German Open,WTA500,Outdoor,Grass,2nd Round,3,Sabalenka A.,Masarova R.,1,112,6,2,7,6,,,,,,,2,,13,8,Completed,1.15,5.59
2025-06-19,German Open,WTA500,Outdoor,Grass,2nd Round,3,Rybakina E.,Siniakova K.,11,74,6,4,7,6,,,,,,,2,,13,10,Completed,1.3,3.52
2025-06-19,German Open,WTA500,Outdoor,Grass,2nd Round,3,Wang Xin.,Gauff C.,49,2,6,3,6,3,,,,,,,2,,12,6,Completed,4.73,1.19
2025-06-19,German Open,WTA500,Outdoor,Grass,2nd Round,3,Anisimova A.,Frech M.,13,25,6,2,4,6,6,3,,,,,2,1,16,11,Completed,1.27,3.75
2025-06-20,German Open,WTA500,Outdoor,Grass,Quarterfinals,3,Vondrousova M.,Jabeur O.,164,61,6,4,6,1,,,,,,,2,,12,5,Completed,1.87,1.92
2025-06-20,German Open,WTA500,Outdoor,Grass,Quarterfinals,3,Wang Xin.,Badosa P.,49,10,6,1,0,0,,,,,,,1,,6,1,Retired,2.85,1.42
2025-06-20,German Open,WTA500,Outdoor,Grass,Quarterfinals,3,Sabalenka A.,Rybakina E.,1,11,7,6,3,6,7,6,,,,,2,1,17,18,Completed,1.61,2.3
2025-06-20,German Open,WTA500,Outdoor,Grass,Quarterfinals,3,Samsonova L.,Anisimova A.,20,13,6,1,6,1,,,,,,,2,,12,2,Completed,1.72,2.09
2025-06-21,German Open,WTA500,Outdoor,Grass,Semifinals,3,Vondrousova M.,Sabalenka A.,164,1,6,2,6,4,,,,,,,2,,12,6,Completed,2.97,1.38
2025-06-21,German Open,WTA500,Outdoor,Grass,Semifinals,3,Wang Xin.,Samsonova L.,49,20,6,4,6,1,,,,,,,2,,12,5,Completed,2.5,1.53
2025-06-22,German Open,WTA500,Outdoor,Grass,The Final,3,Vondrousova M.,Wang Xin.,164,49,7,6,4,6,6,2,,,,,2,1,17,14,Completed,1.46,2.72
2025-06-16,Nottingham Open,WTA250,Outdoor,Grass,1st Round,3,Yastremska D.,Danilovic O.,46,37,6,4,7,6,,,,,,,2,,13,10,Completed,1.71,2.12
2025-06-16,Nottingham Open,WTA250,Outdoor,Grass,1st Round,3,Fernandez L.A.,Lamens S.,30,70,6,3,4,6,7,5,,,,,2,1,17,14,Completed,1.34,3.24
2025-06-16,Nottingham Open,WTA250,Outdoor,Grass,1st Round,3,Putintseva Y.,Klugman H.,27,577,6,2,6,2,,,,,,,2,,12,4,Completed,1.11,6.47
2025-06-16,Nottingham Open,WTA250,Outdoor,Grass,1st Round,3,Tauson C.,Birrell K.,23,79,7,5,6,2,,,,,,,2,,13,7,Completed,1.61,2.28
2025-06-16,Nottingham Open,WTA250,Outdoor,Grass,1st Round,3,Noskova L.,Todoni A.,32,90,6,4,3,6,7,6,,,,,2,1,16,16,Completed,1.52,2.51
2025-06-16,Nottingham Open,WTA250,Outdoor,Grass,1st Round,3,Ruzic A.,Bronzetti L.,98,59,6,0,6,4,,,,,,,2,,12,4,Completed,2.1,1.72
2025-06-16,Nottingham Open,WTA250,Outdoor,Grass,1st Round,3,Blinkova A.,Rakhimova K.,71,87,6,2,6,3,,,,,,,2,,12,5,Completed,1.44,2.75
2025-06-16,Nottingham Open,WTA250,Outdoor,Grass,1st Round,3,Zhu L.,Sasnovich A.,309,108,6,4,6,1,,,,,,,2,,12,5,Completed,3.55,1.29
2025-06-17,Nottingham Open,WTA250,Outdoor,Grass,1st Round,3,Linette M.,Eala A.,31,77,6,4,6,3,,,,,,,2,,12,7,Completed,1.79,1.98
2025-06-17,Nottingham Open,WTA250,Outdoor,Grass,1st Round,3,Jones F.,Dart H.,132,118,7,5,6,4,,,,,,,2,,13,9,Completed,2.0,1.79
2025-06-17,Nottingham Open,WTA250,Outdoor,Grass,1st Round,3,Kartal S.,Jeanjean L.,50,94,6,3,6,4,,,,,,,2,,12,7,Completed,1.35,3.16
2025-06-17,Nottingham Open,WTA250,Outdoor,Grass,1st Round,3,Sramkova R.,Siegemund L.,38,106,7,6,4,6,7,6,,,,,2,1,18,18,Completed,1.62,2.26
2025-06-17,Nottingham Open,WTA250,Outdoor,Grass,1st Round,3,Xu M.,Volynets K.,350,96,6,3,6,3,,,,,,,2,,12,6,Completed,3.2,1.34
2025-06-17,Nottingham Open,WTA250,Outdoor,Grass,1st Round,3,Boulter K.,Sun L.,39,44,6,2,6,2,,,,,,,2,,12,4,Completed,1.32,3.37
2025-06-17,Nottingham Open,WTA250,Outdoor,Grass,1st Round,3,Bucsa C.,Starodubtseva Y.,107,68,6,3,6,3,,,,,,,2,,12,6,Completed,1.89,1.89
2025-06-17,Nottingham Open,WTA250,Outdoor,Grass,1st Round,3,Kessler M.,Haddad Maia B.,42,21,7,5,6,7,7,5,,,,,2,1,20,17,Completed,2.04,1.77
2025-06-18,Nottingham Open,WTA250,Outdoor,Grass,2nd Round,3,Yastremska D.,Ruzic A.,46,98,6,2,2,6,6,4,,,,,2,1,14,12,Completed,1.41,2.87
2025-06-18,Nottingham Open,WTA250,Outdoor,Grass,2nd Round,3,Sramkova R.,Putintseva Y.,38,27,6,1,4,6,6,4,,,,,2,1,16,11,Completed,2.51,1.52
2025-06-18,Nottingham Open,WTA250,Outdoor,Grass,2nd Round,3,Noskova L.,Jones F.,32,132,6,1,6,3,,,,,,,2,,12,4,Completed,1.34,3.23
2025-06-18,Nottingham Open,WTA250,Outdoor,Grass,2nd Round,3,Fernandez L.A.,Bucsa C.,30,107,6,3,6,4,,,,,,,2,,12,7,Completed,1.45,2.73
2025-06-19,Nottingham Open,WTA250,Outdoor,Grass,2nd Round,3,Kessler M.,Zhu L.,42,309,6,1,6,4,,,,,,,2,,12,5,Completed,1.32,3.35
2025-06-19,Nottingham Open,WTA250,Outdoor,Grass,2nd Round,3,Linette M.,Xu M.,31,350,7,5,6,1,,,,,,,2,,13,6,Completed,1.26,3.86
2025-06-19,Nottingham Open,WTA250,Outdoor,Grass,2nd Round,3,Boulter K.,Kartal S.,39,50,6,4,1,6,7,5,,,,,2,1,14,15,Completed,1.59,2.35
2025-06-19,Nottingham Open,WTA250,Outdoor,Grass,2nd Round,3,Tauson C.,Blinkova A.,23,71,6,4,6,4,,,,,,,2,,12,8,Completed,1.53,2.5
2025-06-20,Nottingham Open,WTA250,Outdoor,Grass,Quarterfinals,3,Yastremska D.,Fernandez L.A.,46,30,6,3,7,6,,,,,,,2,,13,9,Completed,2.21,1.66
2025-06-20,Nottingham Open,WTA250,Outdoor,Grass,Quarterfinals,3,Linette M.,Tauson C.,31,23,6,2,7,5,,,,,,,2,,13,7,Completed,2.49,1.53
2025-06-20,Nottingham Open,WTA250,Outdoor,Grass,Quarterfinals,3,Kessler M.,Boulter K.,42,39,6,3,3,6,6,4,,,,,2,1,15,13,Completed,1.98,1.82
2025-06-20,Nottingham Open,WTA250,Outdoor,Grass,Quarterfinals,3,Sramkova R.,Noskova L.,38,32,3,6,6,4,6,4,,,,,2,1,15,14,Completed,2.94,1.4
2025-06-21,Nottingham Open,WTA250,Outdoor,Grass,Semifinals,3,Yastremska D.,Linette M.,46,31,6,4,6,4,,,,,,,2,,12,8,Completed,1.61,2.29
2025-06-21,Nottingham Open,WTA250,Outdoor,Grass,Semifinals,3,Kessler M.,Sramkova R.,42,38,6,4,6,2,,,,,,,2,,12,6,Completed,1.65,2.2
2025-06-22,Nottingham Open,WTA250,Outdoor,Grass,The Final,3,Kessler M.,Yastremska D.,42,46,6,4,7,5,,,,,,,2,,13,9,Completed,1.86,1.93
2025-06-22,Bad Homburg Open,WTA250,Outdoor,Grass,1st Round,3,Sakkari M.,Putintseva Y.,85,34,7,5,7,6,,,,,,,2,,14,11,Completed,2.05,1.76
2025-06-22,Bad Homburg Open,WTA250,Outdoor,Grass,1st Round,3,Navarro E.,Kostyuk M.,10,26,6,2,7,5,,,,,,,2,,13,7,Completed,1.76,2.05
2025-06-22,Bad Homburg Open,WTA250,Outdoor,Grass,1st Round,3,Fernandez L.A.,Maria T.,29,45,6,0,7,6,,,,,,,2,,13,6,Completed,1.91,1.88
2025-06-22,Bad Homburg Open,WTA250,Outdoor,Grass,1st Round,3,Svitolina E.,Mertens E.,14,24,7,5,6,4,,,,,,,2,,13,9,Completed,1.91,1.87
2025-06-23,Bad Homburg Open,WTA250,Outdoor,Grass,1st Round,3,Noskova L.,Tomljanovic A.,30,80,6,3,6,2,,,,,,,2,,12,5,Completed,1.68,2.16
2025-06-23,Bad Homburg Open,WTA250,Outdoor,Grass,1st Round,3,Tauson C.,Frech M.,23,25,6,7,6,3,6,3,,,,,2,1,18,13,Completed,1.64,2.23
2025-06-23,Bad Homburg Open,WTA250,Outdoor,Grass,1st Round,3,Alexandrova E.,Bencic B.,18,37,6,1,6,2,,,,,,,2,,12,3,Completed,1.39,2.95
2025-06-23,Bad Homburg Open,WTA250,Outdoor,Grass,1st Round,3,Vekic D.,Shnaider D.,22,12,6,3,6,3,,,,,,,2,,12,6,Completed,2.93,1.4
2025-06-23,Bad Homburg Open,WTA250,Outdoor,Grass,1st Round,3,Siniakova K.,Kudermetova V.,78,43,7,6,7,5,,,,,,,2,,14,11,Completed,1.71,2.12
2025-06-23,Bad Homburg Open,WTA250,Outdoor,Grass,1st Round,3,Osaka N.,Danilovic O.,56,39,7,6,7,6,,,,,,,2,,14,12,Completed,1.43,2.78
2025-06-23,Bad Homburg Open,WTA250,Outdoor,Grass,1st Round,3,Azarenka V.,Siegemund L.,105,103,6,2,6,2,,,,,,,2,,12,4,Completed,1.28,3.64
2025-06-24,Bad Homburg Open,WTA250,Outdoor,Grass,1st Round,3,Haddad Maia B.,Krueger A.,21,31,6,1,6,4,,,,,,,2,,12,5,Completed,1.78,2.02
2025-06-24,Bad Homburg Open,WTA250,Outdoor,Grass,2nd Round,3,Paolini J.,Fernandez L.A.,4,29,7,6,7,6,,,,,,,2,,14,12,Completed,1.67,2.19
2025-06-24,Bad Homburg Open,WTA250,Outdoor,Grass,2nd Round,3,Pegula J.,Siniakova K.,3,78,6,2,6,3,,,,,,,2,,12,5,Completed,1.62,2.28
2025-06-24,Bad Homburg Open,WTA250,Outdoor,Grass,2nd Round,3,Swiatek I.,Azarenka V.,8,105,6,4,6,4,,,,,,,2,,12,8,Completed,1.36,3.15
2025-06-24,Bad Homburg Open,WTA250,Outdoor,Grass,2nd Round,3,Navarro E.,Osaka N.,10,56,6,4,6,4,,,,,,,2,,12,8,Completed,1.95,1.84
2025-06-25,Bad Homburg Open,WTA250,Outdoor,Grass,2nd Round,3,Alexandrova E.,Sakkari M.,18,85,6,3,6,7,6,3,,,,,2,1,18,13,Completed,1.29,3.6
2025-06-25,Bad Homburg Open,WTA250,Outdoor,Grass,2nd Round,3,Haddad Maia B.,Svitolina E.,21,14,3,6,6,4,7,6,,,,,2,1,16,16,Completed,3.36,1.32
2025-06-25,Bad Homburg Open,WTA250,Outdoor,Grass,2nd Round,3,Noskova L.,Vekic D.,30,22,2,6,6,2,6,4,,,,,2,1,14,12,Completed,1.78,2.01
2025-06-25,Bad Homburg Open,WTA250,Outdoor,Grass,2nd Round,3,Andreeva M.,Tauson C.,7,23,3,6,6,3,6,1,,,,,2,1,15,10,Completed,1.46,2.7
2025-06-26,Bad Homburg Open,WTA250,Outdoor,Grass,Quarterfinals,3,Paolini J.,Haddad Maia B.,4,21,7,5,7,5,,,,,,,2,,14,10,Completed,1.67,2.2
2025-06-26,Bad Homburg Open,WTA250,Outdoor,Grass,Quarterfinals,3,Swiatek I.,Alexandrova E.,8,18,6,4,7,6,,,,,,,2,,13,10,Completed,1.65,2.21
2025-06-26,Bad Homburg Open,WTA250,Outdoor,Grass,Quarterfinals,3,Pegula J.,Navarro E.,3,10,6,4,1,6,6,3,,,,,2,1,13,13,Completed,1.55,2.43
2025-06-26,Bad Homburg Open,WTA250,Outdoor,Grass,Quarterfinals,3,Noskova L.,Andreeva M.,30,7,6,3,6,3,,,,,,,2,,12,6,Completed,2.52,1.52
2025-06-27,Bad Homburg Open,WTA250,Outdoor,Grass,Semifinals,3,Swiatek I.,Paolini J.,8,4,6,1,6,3,,,,,,,2,,12,4,Completed,1.34,3.24
2025-06-27,Bad Homburg Open,WTA250,Outdoor,Grass,Semifinals,3,Pegula J.,Noskova L.,3,30,6,7,7,5,6,1,,,,,2,1,19,13,Completed,1.64,2.24
2025-06-28,Bad Homburg Open,WTA250,Outdoor,Grass,The Final,3,Pegula J.,Swiatek I.,3,8,6,4,7,5,,,,,,,2,,13,9,Completed,2.78,1.44
2025-06-23,Eastbourne Open,WTA250,Outdoor,Grass,1st Round,3,Eala A.,Bronzetti L.,74,61,6,0,6,1,,,,,,,2,,12,1,Completed,1.31,3.42
2025-06-23,Eastbourne Open,WTA250,Outdoor,Grass,1st Round,3,Pavlyuchenkova A.,Tomova V.,53,81,6,1,6,7,7,6,,,,,2,1,19,14,Completed,1.58,2.33
2025-06-23,Eastbourne Open,WTA250,Outdoor,Grass,1st Round,3,Blinkova A.,Bouzkova M.,69,47,6,4,2,6,6,3,,,,,2,1,14,13,Completed,2.04,1.77
2025-06-23,Eastbourne Open,WTA250,Outdoor,Grass,1st Round,3,Jones F.,Minnen G.,125,70,6,4,7,5,,,,,,,2,,13,9,Completed,3.17,1.35
2025-06-23,Eastbourne Open,WTA250,Outdoor,Grass,1st Round,3,Sun L.,Kasatkina D.,46,16,7,5,2,6,6,3,,,,,2,1,15,14,Completed,3.25,1.33
2025-06-23,Eastbourne Open,WTA250,Outdoor,Grass,1st Round,3,Joint M.,Jabeur O.,51,59,7,5,6,2,,,,,,,2,,13,7,Completed,3.03,1.38
2025-06-24,Eastbourne Open,WTA250,Outdoor,Grass,1st Round,3,Birrell K.,Kenin S.,77,28,6,4,6,4,,,,,,,2,,12,8,Completed,2.65,1.47
2025-06-24,Eastbourne Open,WTA250,Outdoor,Grass,1st Round,3,Krejcikova B.,Dart H.,17,124,6,3,6,7,7,5,,,,,2,1,19,15,Completed,1.49,2.6
2025-06-24,Eastbourne Open,WTA250,Outdoor,Grass,1st Round,3,Rakhimova K.,Cocciaretto E.,87,122,6,4,4,6,6,3,,,,,2,1,16,13,Completed,2.29,1.6
2025-06-24,Eastbourne Open,WTA250,Outdoor,Grass,1st Round,3,Gracheva V.,Osorio M.,111,55,6,4,4,6,7,5,,,,,2,1,17,15,Completed,1.68,2.17
2025-06-24,Eastbourne Open,WTA250,Outdoor,Grass,1st Round,3,Burrage J.,Uchijima M.,164,72,6,3,6,2,,,,,,,2,,12,5,Completed,1.55,2.38
2025-06-24,Eastbourne Open,WTA250,Outdoor,Grass,1st Round,3,Sramkova R.,Cristian J.,36,50,6,3,6,2,,,,,,,2,,12,5,Completed,1.5,2.54
2025-06-24,Eastbourne Open,WTA250,Outdoor,Grass,1st Round,3,Yastremska D.,Linette M.,42,27,6,4,4,2,,,,,,,1,,10,6,Retired,1.69,2.16
2025-06-24,Eastbourne Open,WTA250,Outdoor,Grass,1st Round,3,Raducanu E.,Li A.,38,64,6,7,6,3,6,1,,,,,2,1,18,11,Completed,1.24,4.05
2025-06-24,Eastbourne Open,WTA250,Outdoor,Grass,1st Round,3,Ostapenko J.,Kartal S.,20,49,6,3,7,6,,,,,,,2,,13,9,Completed,1.57,2.38
2025-06-24,Eastbourne Open,WTA250,Outdoor,Grass,1st Round,3,Stearns P.,Xu M.,35,318,6,3,6,4,,,,,,,2,,12,7,Completed,1.41,2.91
2025-06-25,Eastbourne Open,WTA250,Outdoor,Grass,2nd Round,3,Pavlyuchenkova A.,Birrell K.,53,77,7,5,7,5,,,,,,,2,,14,10,Completed,2.39,1.57
2025-06-25,Eastbourne Open,WTA250,Outdoor,Grass,2nd Round,3,Krejcikova B.,Burrage J.,17,164,6,4,4,6,7,6,,,,,2,1,17,16,Completed,1.51,2.55
2025-06-25,Eastbourne Open,WTA250,Outdoor,Grass,2nd Round,3,Gracheva V.,Sramkova R.,111,36,7,5,6,3,,,,,,,2,,13,8,Completed,2.62,1.47
2025-06-25,Eastbourne Open,WTA250,Outdoor,Grass,2nd Round,3,Blinkova A.,Sun L.,69,46,6,3,6,3,,,,,,,2,,12,6,Completed,1.67,2.19
2025-06-25,Eastbourne Open,WTA250,Outdoor,Grass,2nd Round,3,Joint M.,Raducanu E.,51,38,4,6,6,1,7,6,,,,,2,1,17,13,Completed,3.1,1.36
2025-06-25,Eastbourne Open,WTA250,Outdoor,Grass,2nd Round,3,Rakhimova K.,Stearns P.,87,35,6,3,6,4,,,,,,,2,,12,7,Completed,2.2,1.66
2025-06-25,Eastbourne Open,WTA250,Outdoor,Grass,2nd Round,3,Eala A.,Ostapenko J.,74,20,0,6,6,2,3,2,,,,,1,1,9,10,Retired,2.65,1.48
2025-06-25,Eastbourne Open,WTA250,Outdoor,Grass,2nd Round,3,Yastremska D.,Jones F.,42,125,6,2,6,1,,,,,,,2,,12,3,Completed,1.44,2.78
2025-06-26,Eastbourne Open,WTA250,Outdoor,Grass,Quarterfinals,3,Joint M.,Blinkova A.,51,69,6,4,7,5,,,,,,,2,,13,9,Completed,1.77,2.04
2025-06-26,Eastbourne Open,WTA250,Outdoor,Grass,Quarterfinals,3,Eala A.,Yastremska D.,74,42,6,1,6,2,,,,,,,2,,12,3,Completed,2.38,1.57
2025-06-26,Eastbourne Open,WTA250,Outdoor,Grass,Quarterfinals,3,Pavlyuchenkova A.,Rakhimova K.,53,87,6,2,2,6,6,0,,,,,2,1,14,8,Completed,1.63,2.27
2025-06-27,Eastbourne Open,WTA250,Outdoor,Grass,Semifinals,3,Eala A.,Gracheva V.,74,111,7,5,2,6,6,3,,,,,2,1,15,14,Completed,1.45,2.71
2025-06-27,Eastbourne Open,WTA250,Outdoor,Grass,Semifinals,3,Joint M.,Pavlyuchenkova A.,51,53,7,5,6,3,,,,,,,2,,13,8,Completed,1.6,2.32
2025-06-28,Eastbourne Open,WTA250,Outdoor,Grass,The Final,3,Joint M.,Eala A.,51,74,6,4,1,6,7,6,,,,,2,1,14,16,Completed,1.64,2.24
2025-06-30,Wimbledon,Grand Slam,Outdoor,Grass,1st Round,3,Tomova V.,Jabeur O.,111,59,7,6,2,0,,,,,,,1,,9,6,Retired,4.62,1.19
2025-06-30,Wimbledon,Grand Slam,Outdoor,Grass,1st Round,3,Vekic D.,Birrell K.,25,74,6,0,6,4,,,,,,,2,,12,4,Completed,1.41,2.86
2025-06-30,Wimbledon,Grand Slam,Outdoor,Grass,1st Round,3,Svitolina E.,Bondar A.,13,75,6,3,6,1,,,,,,,2,,12,4,Completed,1.03,12.99
2025-06-30,Wimbledon,Grand Slam,Outdoor,Grass,1st Round,3,Parry D.,Martic P.,118,138,4,6,6,3,6,2,,,,,2,1,16,11,Completed,1.52,2.51
2025-06-30,Wimbledon,Grand Slam,Outdoor,Grass,1st Round,3,Lys E.,Yuan Y.,61,85,6,4,5,7,6,2,,,,,2,1,17,13,Completed,1.96,1.83
2025-06-30,Wimbledon,Grand Slam,Outdoor,Grass,1st Round,3,Kartal S.,Ostapenko J.,51,21,7,5,2,6,6,2,,,,,2,1,15,13,Completed,2.36,1.58
2025-06-30,Wimbledon,Grand Slam,Outdoor,Grass,1st Round,3,Bucsa C.,Todoni A.,102,90,6,4,6,4,,,,,,,2,,12,8,Completed,2.3,1.61
2025-06-30,Wimbledon,Grand Slam,Outdoor,Grass,1st Round,3,Noskova L.,Pera B.,27,84,6,2,6,4,,,,,,,2,,12,6,Completed,1.21,4.46
2025-06-30,Wimbledon,Grand Slam,Outdoor,Grass,1st Round,3,Sabalenka A.,Branstine C.,1,194,6,1,7,5,,,,,,,2,,13,6,Completed,1.03,12.76
2025-06-30,Wimbledon,Grand Slam,Outdoor,Grass,1st Round,3,Sierra S.,Gadecki O.,101,103,6,2,7,6,,,,,,,2,,13,8,Completed,1.91,1.91
2025-06-30,Wimbledon,Grand Slam,Outdoor,Grass,1st Round,3,Haddad Maia B.,Sramkova R.,20,34,7,6,6,4,,,,,,,2,,13,10,Completed,1.51,2.54
2025-06-30,Wimbledon,Grand Slam,Outdoor,Grass,1st Round,3,Sasnovich A.,Gracheva V.,107,92,6,4,6,7,7,6,,,,,2,1,19,17,Completed,1.82,1.97
2025-06-30,Wimbledon,Grand Slam,Outdoor,Grass,1st Round,3,Siegemund L.,Stearns P.,104,36,6,4,6,2,,,,,,,2,,12,6,Completed,2.5,1.53
2025-06-30,Wimbledon,Grand Slam,Outdoor,Grass,1st Round,3,Shnaider D.,Uchijima M.,15,72,7,6,6,3,,,,,,,2,,13,9,Completed,1.09,7.52
2025-06-30,Wimbledon,Grand Slam,Outdoor,Grass,1st Round,3,Keys M.,Ruse E.G.,8,58,6,7,7,5,7,5,,,,,2,1,20,17,Completed,1.22,4.29
2025-06-30,Wimbledon,Grand Slam,Outdoor,Grass,1st Round,3,Danilovic O.,Zhang S.,37,124,6,2,6,4,,,,,,,2,,12,6,Completed,1.73,2.09
2025-06-30,Wimbledon,Grand Slam,Outdoor,Grass,1st Round,3,Fernandez L.A.,Klugman H.,38,573,6,1,6,3,,,,,,,2,,12,4,Completed,1.09,7.48
2025-06-30,Wimbledon,Grand Slam,Outdoor,Grass,1st Round,3,Zarazua R.,Wickmayer Y.,71,764,6,0,6,3,,,,,,,2,,12,3,Completed,1.69,2.15
2025-06-30,Wimbledon,Grand Slam,Outdoor,Grass,1st Round,3,Galfi D.,Dart H.,110,152,3,6,6,3,7,5,,,,,2,1,16,14,Completed,2.1,1.73
2025-06-30,Wimbledon,Grand Slam,Outdoor,Grass,1st Round,3,Vondrousova M.,Kessler M.,73,30,6,1,7,6,,,,,,,2,,13,7,Completed,1.47,2.67
2025-06-30,Wimbledon,Grand Slam,Outdoor,Grass,1st Round,3,Li A.,Golubic V.,65,82,6,3,4,6,6,1,,,,,2,1,16,10,Completed,2.2,1.67
2025-06-30,Wimbledon,Grand Slam,Outdoor,Grass,1st Round,3,Raducanu E.,Xu M.,40,318,6,3,6,3,,,,,,,2,,12,6,Completed,1.17,4.85
2025-06-30,Wimbledon,Grand Slam,Outdoor,Grass,1st Round,3,Rakhimova K.,Ito A.,80,108,5,7,6,3,6,2,,,,,2,1,17,12,Completed,1.34,3.25
2025-06-30,Wimbledon,Grand Slam,Outdoor,Grass,1st Round,3,Paolini J.,Sevastova A.,5,402,2,6,6,3,6,2,,,,,2,1,14,11,Completed,1.06,9.26
2025-06-30,Wimbledon,Grand Slam,Outdoor,Grass,1st Round,3,Bouzkova M.,Sun L.,48,47,6,4,6,4,,,,,,,2,,12,8,Completed,1.45,2.75
2025-06-30,Wimbledon,Grand Slam,Outdoor,Grass,1st Round,3,Anisimova A.,Putintseva Y.,12,33,6,0,6,0,,,,,,,2,,12,0,Completed,1.36,3.14
2025-06-30,Wimbledon,Grand Slam,Outdoor,Grass,1st Round,3,Osaka N.,Gibson T.,53,126,6,4,7,6,,,,,,,2,,13,10,Completed,1.15,5.41
2025-06-30,Wimbledon,Grand Slam,Outdoor,Grass,1st Round,3,Pavlyuchenkova A.,Tomljanovic A.,50,79,4,6,6,3,6,2,,,,,2,1,16,11,Completed,1.71,2.12
2025-06-30,Wimbledon,Grand Slam,Outdoor,Grass,1st Round,3,Boulter K.,Badosa P.,43,9,6,2,3,6,6,4,,,,,2,1,15,12,Completed,2.03,1.77
2025-06-30,Wimbledon,Grand Slam,Outdoor,Grass,1st Round,3,Krueger A.,Stojsavljevic M.,31,796,6,3,6,2,,,,,,,2,,12,5,Completed,1.12,6.52
2025-06-30,Wimbledon,Grand Slam,Outdoor,Grass,1st Round,3,Mertens E.,Fruhvirtova L.,23,148,6,4,6,2,,,,,,,2,,12,6,Completed,1.29,3.59
2025-07-01,Wimbledon,Grand Slam,Outdoor,Grass,1st Round,3,Alexandrova E.,Hon P.,17,134,6,2,7,5,,,,,,,2,,13,7,Completed,1.08,8.05
2025-07-01,Wimbledon,Grand Slam,Outdoor,Grass,1st Round,3,Tauson C.,Watson H.,22,143,2,6,6,4,6,3,,,,,2,1,14,13,Completed,1.27,3.73
2025-07-01,Wimbledon,Grand Slam,Outdoor,Grass,1st Round,3,Erjavec V.,Kostyuk M.,171,26,3,6,6,3,6,4,,,,,2,1,15,13,Completed,6.53,1.11
2025-07-01,Wimbledon,Grand Slam,Outdoor,Grass,1st Round,3,Volynets K.,Maria T.,98,45,3,6,7,6,6,1,,,,,2,1,16,13,Completed,2.65,1.47
2025-07-01,Wimbledon,Grand Slam,Outdoor,Grass,1st Round,3,Cocciaretto E.,Pegula J.,116,3,6,2,6,3,,,,,,,2,,12,5,Completed,7.99,1.08
2025-07-01,Wimbledon,Grand Slam,Outdoor,Grass,1st Round,3,Lamens S.,Jovic I.,69,89,6,1,6,1,,,,,,,2,,12,2,Completed,3.04,1.37
2025-07-01,Wimbledon,Grand Slam,Outdoor,Grass,1st Round,3,Kasatkina D.,Arango E.,18,76,7,5,6,3,,,,,,,2,,13,8,Completed,1.12,6.17
2025-07-01,Wimbledon,Grand Slam,Outdoor,Grass,1st Round,3,Begu I.,Juvan K.,115,240,7,6,1,6,6,3,,,,,2,1,14,15,Completed,3.92,1.25
2025-07-01,Wimbledon,Grand Slam,Outdoor,Grass,1st Round,3,Siniakova K.,Zheng Q.,81,6,7,5,4,6,6,1,,,,,2,1,17,12,Completed,2.62,1.48
2025-07-01,Wimbledon,Grand Slam,Outdoor,Grass,1st Round,3,Kalinskaya A.,Stojanovic N.,39,172,6,3,7,6,,,,,,,2,,13,9,Completed,1.34,3.22
2025-07-01,Wimbledon,Grand Slam,Outdoor,Grass,1st Round,3,Sonmez Z.,Cristian J.,88,52,7,6,6,3,,,,,,,2,,13,9,Completed,1.87,1.91
2025-07-01,Wimbledon,Grand Slam,Outdoor,Grass,1st Round,3,Krejcikova B.,Eala A.,16,56,3,6,6,2,6,1,,,,,2,1,15,9,Completed,2.11,1.72
2025-07-01,Wimbledon,Grand Slam,Outdoor,Grass,1st Round,3,Samsonova L.,Joint M.,19,41,6,3,6,2,,,,,,,2,,12,5,Completed,1.44,2.77
2025-07-01,Wimbledon,Grand Slam,Outdoor,Grass,1st Round,3,Wang Xin.,Muchova K.,32,14,7,5,6,2,,,,,,,2,,13,7,Completed,1.62,2.28
2025-07-01,Wimbledon,Grand Slam,Outdoor,Grass,1st Round,3,Bronzetti L.,Teichmann J.,63,93,6,4,7,5,,,,,,,2,,13,9,Completed,1.71,2.13
2025-07-01,Wimbledon,Grand Slam,Outdoor,Grass,1st Round,3,McNally C.,Burrage J.,208,154,6,3,6,1,,,,,,,2,,12,4,Completed,1.85,1.93
2025-07-01,Wimbledon,Grand Slam,Outdoor,Grass,1st Round,3,Sakkari M.,Blinkova A.,77,78,6,4,6,4,,,,,,,2,,12,8,Completed,1.69,2.16
2025-07-01,Wimbledon,Grand Slam,Outdoor,Grass,1st Round,3,Swiatek I.,Kudermetova P.,4,64,7,5,6,1,,,,,,,2,,13,6,Completed,1.02,15.9
2025-07-01,Wimbledon,Grand Slam,Outdoor,Grass,1st Round,3,Starodubtseva Y.,Jones F.,68,122,1,6,6,3,6,1,,,,,2,1,13,10,Completed,2.01,1.79
2025-07-01,Wimbledon,Grand Slam,Outdoor,Grass,1st Round,3,Collins D.,Osorio M.,54,57,6,3,6,2,,,,,,,2,,12,5,Completed,1.45,2.73
2025-07-01,Wimbledon,Grand Slam,Outdoor,Grass,1st Round,3,Baptiste H.,Cirstea S.,55,168,6,7,6,1,6,2,,,,,2,1,18,10,Completed,1.42,2.84
2025-07-01,Wimbledon,Grand Slam,Outdoor,Grass,1st Round,3,Andreeva M.,Sherif M.,7,86,6,3,6,3,,,,,,,2,,12,6,Completed,1.05,10.14
2025-07-01,Wimbledon,Grand Slam,Outdoor,Grass,1st Round,3,Mboko V.,Frech M.,97,24,6,3,6,2,,,,,,,2,,12,5,Completed,1.78,2.03
2025-07-01,Wimbledon,Grand Slam,Outdoor,Grass,1st Round,3,Dolehide C.,Rus A.,67,94,6,2,6,2,,,,,,,2,,12,4,Completed,1.33,3.32
2025-07-01,Wimbledon,Grand Slam,Outdoor,Grass,1st Round,3,Navarro E.,Kvitova P.,10,572,6,3,6,1,,,,,,,2,,12,4,Completed,1.21,4.29
2025-07-01,Wimbledon,Grand Slam,Outdoor,Grass,1st Round,3,Bouzas Maneiro J.,Seidel E.,62,109,6,3,3,2,,,,,,,1,,9,5,Retired,1.67,2.2
2025-07-01,Wimbledon,Grand Slam,Outdoor,Grass,1st Round,3,Kudermetova V.,Zhu L.,46,307,6,3,6,2,,,,,,,2,,12,5,Completed,1.18,4.75
2025-07-01,Wimbledon,Grand Slam,Outdoor,Grass,1st Round,3,Jacquemot E.,Linette M.,113,29,6,7,6,1,6,4,,,,,2,1,18,12,Completed,2.26,1.63
2025-07-01,Wimbledon,Grand Slam,Outdoor,Grass,1st Round,3,Kenin S.,Townsend T.,28,99,7,6,6,2,,,,,,,2,,13,8,Completed,1.45,2.71
2025-07-01,Wimbledon,Grand Slam,Outdoor,Grass,1st Round,3,Zakharova A.,Azarenka V.,95,87,6,2,2,6,6,1,,,,,2,1,14,9,Completed,4.99,1.17
2025-07-01,Wimbledon,Grand Slam,Outdoor,Grass,1st Round,3,Bencic B.,Parks A.,35,60,6,0,6,3,,,,,,,2,,12,3,Completed,1.34,3.24
2025-07-01,Wimbledon,Grand Slam,Outdoor,Grass,1st Round,3,Rybakina E.,Avanesyan E.,11,49,6,2,6,1,,,,,,,2,,12,3,Completed,1.07,8.45
2025-07-01,Wimbledon,Grand Slam,Outdoor,Grass,1st Round,3,Yastremska D.,Gauff C.,42,2,7,6,6,1,,,,,,,2,,13,7,Completed,4.74,1.18
2025-07-02,Wimbledon,Grand Slam,Outdoor,Grass,2nd Round,3,Kartal S.,Tomova V.,51,111,6,2,6,2,,,,,,,2,,12,4,Completed,1.29,3.57
2025-07-02,Wimbledon,Grand Slam,Outdoor,Grass,2nd Round,3,Keys M.,Danilovic O.,8,37,6,4,6,2,,,,,,,2,,12,6,Completed,1.23,4.1
2025-07-02,Wimbledon,Grand Slam,Outdoor,Grass,2nd Round,3,Siegemund L.,Fernandez L.A.,104,38,6,2,6,3,,,,,,,2,,12,5,Completed,3.77,1.27
2025-07-02,Wimbledon,Grand Slam,Outdoor,Grass,2nd Round,3,Sabalenka A.,Bouzkova M.,1,48,7,6,6,4,,,,,,,2,,13,10,Completed,1.08,7.93
2025-07-02,Wimbledon,Grand Slam,Outdoor,Grass,2nd Round,3,Bucsa C.,Vekic D.,102,25,6,1,6,3,,,,,,,2,,12,4,Completed,3.96,1.24
2025-07-02,Wimbledon,Grand Slam,Outdoor,Grass,2nd Round,3,Mertens E.,Li A.,23,65,6,7,6,1,6,2,,,,,2,1,18,10,Completed,1.24,4.03
2025-07-02,Wimbledon,Grand Slam,Outdoor,Grass,2nd Round,3,Galfi D.,Haddad Maia B.,110,20,7,6,6,1,,,,,,,2,,13,7,Completed,3.18,1.35
2025-07-02,Wimbledon,Grand Slam,Outdoor,Grass,2nd Round,3,Sierra S.,Boulter K.,101,43,6,7,6,2,6,1,,,,,2,1,18,10,Completed,4.73,1.19
2025-07-02,Wimbledon,Grand Slam,Outdoor,Grass,2nd Round,3,Noskova L.,Lys E.,27,61,6,2,2,6,6,3,,,,,2,1,14,11,Completed,1.18,4.86
2025-07-02,Wimbledon,Grand Slam,Outdoor,Grass,2nd Round,3,Anisimova A.,Zarazua R.,12,71,6,4,6,3,,,,,,,2,,12,7,Completed,1.09,7.54
2025-07-02,Wimbledon,Grand Slam,Outdoor,Grass,2nd Round,3,Parry D.,Shnaider D.,118,15,6,4,6,1,,,,,,,2,,12,5,Completed,3.76,1.27
2025-07-02,Wimbledon,Grand Slam,Outdoor,Grass,2nd Round,3,Osaka N.,Siniakova K.,53,81,6,3,6,2,,,,,,,2,,12,5,Completed,1.89,1.91
2025-07-02,Wimbledon,Grand Slam,Outdoor,Grass,2nd Round,3,Rakhimova K.,Paolini J.,80,5,4,6,6,4,6,4,,,,,2,1,16,14,Completed,4.97,1.18
2025-07-02,Wimbledon,Grand Slam,Outdoor,Grass,2nd Round,3,Raducanu E.,Vondrousova M.,40,73,6,3,6,3,,,,,,,2,,12,6,Completed,2.57,1.5
2025-07-02,Wimbledon,Grand Slam,Outdoor,Grass,2nd Round,3,Svitolina E.,Sasnovich A.,13,107,6,2,6,4,,,,,,,2,,12,6,Completed,1.13,5.86
2025-07-02,Wimbledon,Grand Slam,Outdoor,Grass,2nd Round,3,Pavlyuchenkova A.,Krueger A.,50,31,7,6,6,4,,,,,,,2,,13,10,Completed,1.77,2.03
2025-07-03,Wimbledon,Grand Slam,Outdoor,Grass,2nd Round,3,Navarro E.,Kudermetova V.,10,46,6,1,6,2,,,,,,,2,,12,3,Completed,1.52,2.52
2025-07-03,Wimbledon,Grand Slam,Outdoor,Grass,2nd Round,3,Sonmez Z.,Wang Xin.,88,32,7,5,7,5,,,,,,,2,,14,10,Completed,5.66,1.14
2025-07-03,Wimbledon,Grand Slam,Outdoor,Grass,2nd Round,3,Cocciaretto E.,Volynets K.,116,98,6,0,6,4,,,,,,,2,,12,4,Completed,1.46,2.69
2025-07-03,Wimbledon,Grand Slam,Outdoor,Grass,2nd Round,3,Andreeva M.,Bronzetti L.,7,63,6,1,7,6,,,,,,,2,,13,7,Completed,1.08,8.22
2025-07-03,Wimbledon,Grand Slam,Outdoor,Grass,2nd Round,3,Baptiste H.,Mboko V.,55,97,7,6,6,3,,,,,,,2,,13,9,Completed,2.11,1.72
2025-07-03,Wimbledon,Grand Slam,Outdoor,Grass,2nd Round,3,Collins D.,Erjavec V.,54,171,6,4,6,1,,,,,,,2,,12,5,Completed,1.15,5.32
2025-07-03,Wimbledon,Grand Slam,Outdoor,Grass,2nd Round,3,Rybakina E.,Sakkari M.,11,77,6,3,6,1,,,,,,,2,,12,4,Completed,1.17,5.02
2025-07-03,Wimbledon,Grand Slam,Outdoor,Grass,2nd Round,3,Bencic B.,Jacquemot E.,35,113,4,6,6,1,6,2,,,,,2,1,16,9,Completed,1.31,3.48
2025-07-03,Wimbledon,Grand Slam,Outdoor,Grass,2nd Round,3,Alexandrova E.,Lamens S.,17,69,6,4,6,0,,,,,,,2,,12,4,Completed,1.11,6.57
2025-07-03,Wimbledon,Grand Slam,Outdoor,Grass,2nd Round,3,Krejcikova B.,Dolehide C.,16,67,6,4,3,6,6,2,,,,,2,1,15,12,Completed,1.35,3.19
2025-07-03,Wimbledon,Grand Slam,Outdoor,Grass,2nd Round,3,Yastremska D.,Zakharova A.,42,95,5,7,7,5,7,6,,,,,2,1,19,18,Completed,1.24,4.07
2025-07-03,Wimbledon,Grand Slam,Outdoor,Grass,2nd Round,3,Swiatek I.,McNally C.,4,208,5,7,6,2,6,1,,,,,2,1,17,10,Completed,1.05,10.81
2025-07-03,Wimbledon,Grand Slam,Outdoor,Grass,2nd Round,3,Samsonova L.,Starodubtseva Y.,19,68,6,2,6,1,,,,,,,2,,12,3,Completed,1.19,4.73
2025-07-03,Wimbledon,Grand Slam,Outdoor,Grass,2nd Round,3,Bouzas Maneiro J.,Kenin S.,62,28,6,1,7,6,,,,,,,2,,13,7,Completed,3.13,1.36
2025-07-03,Wimbledon,Grand Slam,Outdoor,Grass,2nd Round,3,Tauson C.,Kalinskaya A.,22,39,6,3,7,6,,,,,,,2,,13,9,Completed,1.74,2.08
2025-07-03,Wimbledon,Grand Slam,Outdoor,Grass,2nd Round,3,Kasatkina D.,Begu I.,18,115,6,2,4,6,6,1,,,,,2,1,16,9,Completed,1.23,4.1
2025-07-04,Wimbledon,Grand Slam,Outdoor,Grass,3rd Round,3,Anisimova A.,Galfi D.,12,110,6,3,5,7,6,3,,,,,2,1,17,13,Completed,1.16,5.28
2025-07-04,Wimbledon,Grand Slam,Outdoor,Grass,3rd Round,3,Sierra S.,Bucsa C.,101,102,7,5,1,6,6,1,,,,,2,1,14,12,Completed,2.22,1.65
2025-07-04,Wimbledon,Grand Slam,Outdoor,Grass,3rd Round,3,Pavlyuchenkova A.,Osaka N.,50,53,3,6,6,4,6,4,,,,,2,1,15,14,Completed,2.81,1.43
2025-07-04,Wimbledon,Grand Slam,Outdoor,Grass,3rd Round,3,Kartal S.,Parry D.,51,118,6,4,6,2,,,,,,,2,,12,6,Completed,1.58,2.36
2025-07-04,Wimbledon,Grand Slam,Outdoor,Grass,3rd Round,3,Noskova L.,Rakhimova K.,27,80,7,6,7,5,,,,,,,2,,14,11,Completed,1.25,3.97
2025-07-04,Wimbledon,Grand Slam,Outdoor,Grass,3rd Round,3,Siegemund L.,Keys M.,104,8,6,3,6,3,,,,,,,2,,12,6,Completed,5.54,1.14
2025-07-04,Wimbledon,Grand Slam,Outdoor,Grass,3rd Round,3,Mertens E.,Svitolina E.,23,13,6,1,7,6,,,,,,,2,,13,7,Completed,2.35,1.58
2025-07-04,Wimbledon,Grand Slam,Outdoor,Grass,3rd Round,3,Sabalenka A.,Raducanu E.,1,40,7,6,6,4,,,,,,,2,,13,10,Completed,1.25,3.91
2025-07-05,Wimbledon,Grand Slam,Outdoor,Grass,3rd Round,3,Samsonova L.,Kasatkina D.,19,18,6,2,6,3,,,,,,,2,,12,5,Completed,1.45,2.74
2025-07-05,Wimbledon,Grand Slam,Outdoor,Grass,3rd Round,3,Bencic B.,Cocciaretto E.,35,116,6,4,3,6,7,6,,,,,2,1,16,16,Completed,1.54,2.46
2025-07-05,Wimbledon,Grand Slam,Outdoor,Grass,3rd Round,3,Bouzas Maneiro J.,Yastremska D.,62,42,6,1,2,6,6,3,,,,,2,1,14,10,Completed,2.68,1.46
2025-07-05,Wimbledon,Grand Slam,Outdoor,Grass,3rd Round,3,Tauson C.,Rybakina E.,22,11,7,6,6,3,,,,,,,2,,13,9,Completed,4.46,1.21
2025-07-05,Wimbledon,Grand Slam,Outdoor,Grass,3rd Round,3,Andreeva M.,Baptiste H.,7,55,6,1,6,3,,,,,,,2,,12,4,Completed,1.3,3.54
2025-07-05,Wimbledon,Grand Slam,Outdoor,Grass,3rd Round,3,Navarro E.,Krejcikova B.,10,16,2,6,6,3,6,4,,,,,2,1,14,13,Completed,1.45,2.72
2025-07-05,Wimbledon,Grand Slam,Outdoor,Grass,3rd Round,3,Alexandrova E.,Sonmez Z.,17,88,6,3,7,6,,,,,,,2,,13,9,Completed,1.11,6.46
2025-07-05,Wimbledon,Grand Slam,Outdoor,Grass,3rd Round,3,Swiatek I.,Collins D.,4,54,6,2,6,3,,,,,,,2,,12,5,Completed,1.38,3.03
2025-07-06,Wimbledon,Grand Slam,Outdoor,Grass,4th Round,3,Siegemund L.,Sierra S.,104,101,6,3,6,2,,,,,,,2,,12,5,Completed,1.56,2.4
2025-07-06,Wimbledon,Grand Slam,Outdoor,Grass,4th Round,3,Pavlyuchenkova A.,Kartal S.,50,51,7,6,6,4,,,,,,,2,,13,10,Completed,1.94,1.85
2025-07-06,Wimbledon,Grand Slam,Outdoor,Grass,4th Round,3,Sabalenka A.,Mertens E.,1,23,6,4,7,6,,,,,,,2,,13,10,Completed,1.21,4.36
2025-07-06,Wimbledon,Grand Slam,Outdoor,Grass,4th Round,3,Anisimova A.,Noskova L.,12,27,6,2,5,7,6,4,,,,,2,1,17,13,Completed,1.67,2.18
2025-07-07,Wimbledon,Grand Slam,Outdoor,Grass,4th Round,3,Bencic B.,Alexandrova E.,35,17,7,6,6,4,,,,,,,2,,13,10,Completed,2.63,1.48
2025-07-07,Wimbledon,Grand Slam,Outdoor,Grass,4th Round,3,Samsonova L.,Bouzas Maneiro J.,19,62,7,5,7,5,,,,,,,2,,14,10,Completed,1.21,4.34
2025-07-07,Wimbledon,Grand Slam,Outdoor,Grass,4th Round,3,Andreeva M.,Navarro E.,7,10,6,2,6,3,,,,,,,2,,12,5,Completed,1.57,2.38
2025-07-07,Wimbledon,Grand Slam,Outdoor,Grass,4th Round,3,Swiatek I.,Tauson C.,4,22,6,4,6,1,,,,,,,2,,12,5,Completed,1.3,3.53
2025-07-08,Wimbledon,Grand Slam,Outdoor,Grass,Quarterfinals,3,Sabalenka A.,Siegemund L.,1,104,4,6,6,2,6,4,,,,,2,1,16,12,Completed,1.07,9.0
2025-07-08,Wimbledon,Grand Slam,Outdoor,Grass,Quarterfinals,3,Anisimova A.,Pavlyuchenkova A.,12,50,6,1,7,6,,,,,,,2,,13,7,Completed,1.38,3.05
2025-07-09,Wimbledon,Grand Slam,Outdoor,Grass,Quarterfinals,3,Swiatek I.,Samsonova L.,4,19,6,2,7,5,,,,,,,2,,13,7,Completed,1.33,3.33
2025-07-09,Wimbledon,Grand Slam,Outdoor,Grass,Quarterfinals,3,Bencic B.,Andreeva M.,35,7,7,6,7,6,,,,,,,2,,14,12,Completed,2.7,1.46
2025-07-10,Wimbledon,Grand Slam,Outdoor,Grass,Semifinals,3,Anisimova A.,Sabalenka A.,12,1,6,4,4,6,6,4,,,,,2,1,16,14,Completed,3.24,1.34
2025-07-10,Wimbledon,Grand Slam,Outdoor,Grass,Semifinals,3,Swiatek I.,Bencic B.,4,35,6,2,6,0,,,,,,,2,,12,2,Completed,1.27,3.73
2025-07-12,Wimbledon,Grand Slam,Outdoor,Grass,The Final,3,Swiatek I.,Anisimova A.,4,12,6,0,6,0,,,,,,,2,,12,0,Completed,1.34,3.24
2025-07-14,Hamburg Open,WTA250,Outdoor,Clay,1st Round,3,Parry D.,Wuerth T.,98,205,7,6,3,6,7,5,,,,,2,1,17,17,Completed,1.28,3.61
2025-07-14,Hamburg Open,WTA250,Outdoor,Clay,1st Round,3,Chirico L.,Sherif M.,155,99,4,6,7,5,3,0,,,,,1,1,14,11,Retired,3.48,1.29
2025-07-14,Hamburg Open,WTA250,Outdoor,Clay,1st Round,3,Schunk N.,Uchijima M.,288,73,7,5,6,3,,,,,,,2,,13,8,Completed,2.36,1.57
2025-07-15,Hamburg Open,WTA250,Outdoor,Clay,1st Round,3,Rus A.,Nahimana S.,119,231,6,2,6,1,,,,,,,2,,12,3,Completed,1.35,3.15
2025-07-15,Hamburg Open,WTA250,Outdoor,Clay,1st Round,3,Juvan K.,Timofeeva M.,207,250,7,6,6,1,,,,,,,2,,13,7,Completed,1.29,3.49
2025-07-15,Hamburg Open,WTA250,Outdoor,Clay,1st Round,3,Galfi D.,Krunic A.,111,363,6,4,6,1,,,,,,,2,,12,5,Completed,1.3,3.44
2025-07-15,Hamburg Open,WTA250,Outdoor,Clay,1st Round,3,Romero Gormaz L.,Fossa Huergo N.,133,284,6,1,6,1,,,,,,,2,,12,2,Completed,1.15,5.31
2025-07-15,Hamburg Open,WTA250,Outdoor,Clay,1st Round,3,Bondar A.,Noha Akugue N.,77,252,6,4,3,6,7,6,,,,,2,1,16,16,Completed,1.39,2.92
2025-07-15,Hamburg Open,WTA250,Outdoor,Clay,1st Round,3,Kraus S.,Cengiz B.,153,430,4,6,7,5,6,4,,,,,2,1,17,15,Completed,1.15,5.21
2025-07-15,Hamburg Open,WTA250,Outdoor,Clay,1st Round,3,Boisson L.,Grabher J.,63,138,6,1,6,3,,,,,,,2,,12,4,Completed,1.38,2.97
2025-07-15,Hamburg Open,WTA250,Outdoor,Clay,1st Round,3,Sharma A.,Geerlings Martinez A.,139,331,7,6,3,6,6,2,,,,,2,1,16,14,Completed,1.44,2.71
2025-07-15,Hamburg Open,WTA250,Outdoor,Clay,1st Round,3,Korpatsch T.,Serban R.,163,224,6,4,6,3,,,,,,,2,,12,7,Completed,1.37,3.01
2025-07-15,Hamburg Open,WTA250,Outdoor,Clay,1st Round,3,Werner C.,Steiner V.,303,692,7,6,6,2,,,,,,,2,,13,8,Completed,1.4,2.85
2025-07-16,Hamburg Open,WTA250,Outdoor,Clay,1st Round,3,Alexandrova E.,Vedder E.,16,249,6,0,6,3,,,,,,,2,,12,3,Completed,1.07,8.07
2025-07-16,Hamburg Open,WTA250,Outdoor,Clay,1st Round,3,Yastremska D.,Niemeier J.,39,184,6,4,6,3,,,,,,,2,,12,7,Completed,1.37,3.03
2025-07-16,Hamburg Open,WTA250,Outdoor,Clay,1st Round,3,Tomova V.,Maria T.,105,36,6,3,7,6,,,,,,,2,,13,9,Completed,1.42,2.82
2025-07-16,Hamburg Open,WTA250,Outdoor,Clay,2nd Round,3,Romero Gormaz L.,Rus A.,133,119,6,2,6,2,,,,,,,2,,12,4,Completed,1.63,2.23
2025-07-16,Hamburg Open,WTA250,Outdoor,Clay,2nd Round,3,Juvan K.,Chirico L.,207,155,4,6,6,4,6,1,,,,,2,1,16,11,Completed,1.33,3.23
2025-07-16,Hamburg Open,WTA250,Outdoor,Clay,2nd Round,3,Galfi D.,Schunk N.,111,288,1,6,6,3,6,2,,,,,2,1,13,11,Completed,1.32,3.31
2025-07-16,Hamburg Open,WTA250,Outdoor,Clay,2nd Round,3,Boisson L.,Korpatsch T.,63,163,6,4,6,7,6,4,,,,,2,1,18,15,Completed,1.29,3.57
2025-07-17,Hamburg Open,WTA250,Outdoor,Clay,2nd Round,3,Tomova V.,Sharma A.,105,139,6,1,6,1,,,,,,,2,,12,2,Completed,1.69,2.13
2025-07-17,Hamburg Open,WTA250,Outdoor,Clay,2nd Round,3,Bondar A.,Kraus S.,77,153,6,3,6,2,,,,,,,2,,12,5,Completed,1.46,2.66
2025-07-17,Hamburg Open,WTA250,Outdoor,Clay,2nd Round,3,Yastremska D.,Parry D.,39,98,6,1,6,4,,,,,,,2,,12,5,Completed,1.59,2.3
2025-07-17,Hamburg Open,WTA250,Outdoor,Clay,2nd Round,3,Alexandrova E.,Werner C.,16,303,6,2,6,2,,,,,,,2,,12,4,Completed,1.07,8.69
2025-07-18,Hamburg Open,WTA250,Outdoor,Clay,Quarterfinals,3,Juvan K.,Romero Gormaz L.,207,133,6,4,6,7,6,4,,,,,2,1,18,15,Completed,1.49,2.57
2025-07-18,Hamburg Open,WTA250,Outdoor,Clay,Quarterfinals,3,Yastremska D.,Galfi D.,39,111,7,6,3,6,6,2,,,,,2,1,16,14,Completed,1.34,3.2
2025-07-18,Hamburg Open,WTA250,Outdoor,Clay,Quarterfinals,3,Bondar A.,Alexandrova E.,77,16,6,7,6,3,7,6,,,,,2,1,19,16,Completed,4.66,1.18
2025-07-18,Hamburg Open,WTA250,Outdoor,Clay,Quarterfinals,3,Boisson L.,Tomova V.,63,105,6,3,6,3,,,,,,,2,,12,6,Completed,1.56,2.38
2025-07-19,Hamburg Open,WTA250,Outdoor,Clay,Semifinals,3,Bondar A.,Juvan K.,77,207,5,7,6,3,6,4,,,,,2,1,17,14,Completed,1.95,1.83
2025-07-19,Hamburg Open,WTA250,Outdoor,Clay,Semifinals,3,Boisson L.,Yastremska D.,63,39,6,1,7,6,,,,,,,2,,13,7,Completed,2.14,1.68
2025-07-20,Hamburg Open,WTA250,Outdoor,Clay,The Final,3,Boisson L.,Bondar A.,63,77,7,5,6,3,,,,,,,2,,13,8,Completed,1.51,2.53
2025-07-14,Iasi Open,WTA250,Outdoor,Clay,1st Round,3,Fett J.,Erjavec V.,151,137,7,6,6,2,,,,,,,2,,13,8,Completed,2.25,1.62
2025-07-14,Iasi Open,WTA250,Outdoor,Clay,1st Round,3,Teichmann J.,Bulgaru M.,102,219,1,6,7,6,6,1,,,,,2,1,14,13,Completed,1.23,4.0
2025-07-14,Iasi Open,WTA250,Outdoor,Clay,1st Round,3,Chwalinska M.,Shymanovich I.,145,165,4,6,6,4,6,2,,,,,2,1,16,12,Completed,1.55,2.39
2025-07-14,Iasi Open,WTA250,Outdoor,Clay,1st Round,3,Begu I.,Hibino N.,110,175,6,1,6,2,,,,,,,2,,12,3,Completed,1.22,4.16
2025-07-14,Iasi Open,WTA250,Outdoor,Clay,1st Round,3,Gracheva V.,Bogdan A.,106,239,7,5,6,2,,,,,,,2,,13,7,Completed,1.45,2.68
2025-07-14,Iasi Open,WTA250,Outdoor,Clay,1st Round,3,Li A.,Maristany G.,65,182,3,6,6,2,6,2,,,,,2,1,15,10,Completed,1.25,3.81
2025-07-15,Iasi Open,WTA250,Outdoor,Clay,1st Round,3,Jimenez Kasintseva V.,Popa G.S.,130,1225,6,2,7,5,,,,,,,2,,13,7,Completed,1.15,5.27
2025-07-15,Iasi Open,WTA250,Outdoor,Clay,1st Round,3,Siskova A.,Kawa K.,406,115,6,4,4,6,7,6,,,,,2,1,17,16,Completed,2.29,1.59
2025-07-15,Iasi Open,WTA250,Outdoor,Clay,1st Round,3,Carle M.,Tig P.M.,124,210,2,6,6,2,6,2,,,,,2,1,14,10,Completed,1.35,3.1
2025-07-15,Iasi Open,WTA250,Outdoor,Clay,1st Round,3,Waltert S.,Sevastova A.,127,384,6,3,6,3,,,,,,,2,,12,6,Completed,1.77,2.0
2025-07-15,Iasi Open,WTA250,Outdoor,Clay,1st Round,3,Avanesyan E.,Prisacariu A.,53,474,6,3,6,3,,,,,,,2,,12,6,Completed,1.09,6.86
2025-07-15,Iasi Open,WTA250,Outdoor,Clay,1st Round,3,Burillo Escorihuela I.,Parrizas Diaz N.,251,101,5,7,7,5,4,1,,,,,1,1,16,13,Retired,2.67,1.45
2025-07-15,Iasi Open,WTA250,Outdoor,Clay,1st Round,3,Cristian J.,Lodikova D.,51,415,6,1,6,4,,,,,,,2,,12,5,Completed,1.03,13.42
2025-07-15,Iasi Open,WTA250,Outdoor,Clay,1st Round,3,Udvardy P.,Rouvroy M.,150,321,6,3,2,6,7,5,,,,,2,1,15,14,Completed,1.41,2.83
2025-07-15,Iasi Open,WTA250,Outdoor,Clay,1st Round,3,Jones F.,Herrero Linana A.,104,358,6,3,6,2,,,,,,,2,,12,5,Completed,1.07,7.85
2025-07-15,Iasi Open,WTA250,Outdoor,Clay,1st Round,3,Cirstea S.,Buzarnescu M.,166,1350,6,2,6,2,,,,,,,2,,12,4,Completed,1.08,7.41
2025-07-16,Iasi Open,WTA250,Outdoor,Clay,2nd Round,3,Teichmann J.,Chwalinska M.,102,145,7,6,6,2,,,,,,,2,,13,8,Completed,1.78,2.01
2025-07-16,Iasi Open,WTA250,Outdoor,Clay,2nd Round,3,Siskova A.,Li A.,406,65,6,3,6,3,,,,,,,2,,12,6,Completed,3.92,1.24
2025-07-17,Iasi Open,WTA250,Outdoor,Clay,2nd Round,3,Udvardy P.,Jones F.,150,104,6,4,6,3,,,,,,,2,,12,7,Completed,3.18,1.34
2025-07-17,Iasi Open,WTA250,Outdoor,Clay,2nd Round,3,Carle M.,Avanesyan E.,124,53,7,6,6,2,,,,,,,2,,13,8,Completed,2.37,1.57
2025-07-17,Iasi Open,WTA250,Outdoor,Clay,2nd Round,3,Waltert S.,Burillo Escorihuela I.,127,251,6,4,7,6,,,,,,,2,,13,10,Completed,1.29,3.57
2025-07-17,Iasi Open,WTA250,Outdoor,Clay,2nd Round,3,Cirstea S.,Gracheva V.,166,106,6,2,6,4,,,,,,,2,,12,6,Completed,2.12,1.7
2025-07-17,Iasi Open,WTA250,Outdoor,Clay,2nd Round,3,Begu I.,Jimenez Kasintseva V.,110,130,3,6,6,3,6,3,,,,,2,1,15,12,Completed,1.42,2.78
2025-07-17,Iasi Open,WTA250,Outdoor,Clay,2nd Round,3,Cristian J.,Fett J.,51,151,4,1,,,,,,,,,,,4,1,Retired,1.27,3.65
2025-07-18,Iasi Open,WTA250,Outdoor,Clay,Quarterfinals,3,Teichmann J.,Waltert S.,102,127,5,7,6,1,7,5,,,,,2,1,18,13,Completed,1.97,1.81
2025-07-18,Iasi Open,WTA250,Outdoor,Clay,Quarterfinals,3,Cirstea S.,Carle M.,166,124,6,1,6,4,,,,,,,2,,12,5,Completed,1.4,2.91
2025-07-18,Iasi Open,WTA250,Outdoor,Clay,Quarterfinals,3,Begu I.,Siskova A.,110,406,6,2,3,6,7,5,,,,,2,1,16,13,Completed,1.37,2.96
2025-07-18,Iasi Open,WTA250,Outdoor,Clay,Quarterfinals,3,Cristian J.,Udvardy P.,51,150,6,3,6,4,,,,,,,2,,12,7,Completed,1.44,2.74
2025-07-19,Iasi Open,WTA250,Outdoor,Clay,Semifinals,3,Teichmann J.,Cirstea S.,102,166,6,4,6,3,,,,,,,2,,12,7,Completed,2.7,1.45
2025-07-19,Iasi Open,WTA250,Outdoor,Clay,Semifinals,3,Begu I.,Cristian J.,110,51,6,4,6,4,,,,,,,2,,12,8,Completed,2.27,1.62
2025-07-20,Iasi Open,WTA250,Outdoor,Clay,The Final,3,Begu I.,Teichmann J.,110,102,6,0,7,5,,,,,,,2,,13,5,Completed,1.65,2.2
2025-07-21,Prague Open,WTA250,Outdoor,Hard,1st Round,3,Parks A.,Hontama M.,58,193,6,4,6,2,,,,,,,2,,12,6,Completed,2.13,1.68
2025-07-21,Prague Open,WTA250,Outdoor,Hard,1st Round,3,Bouzkova M.,Gao X.,47,155,6,0,6,2,,,,,,,2,,12,2,Completed,1.2,4.45
2025-07-21,Prague Open,WTA250,Outdoor,Hard,1st Round,3,Li A.,Sharma A.,67,148,7,6,6,3,,,,,,,2,,13,9,Completed,1.4,2.91
2025-07-21,Prague Open,WTA250,Outdoor,Hard,1st Round,3,Bejlek S.,Uchijima M.,120,73,7,5,6,2,,,,,,,2,,13,7,Completed,1.61,2.27
2025-07-21,Prague Open,WTA250,Outdoor,Hard,1st Round,3,Stefanini L.,Tomova V.,151,104,6,1,7,6,,,,,,,2,,13,7,Completed,2.49,1.51
2025-07-21,Prague Open,WTA250,Outdoor,Hard,1st Round,3,Cocciaretto E.,Golubic V.,77,87,6,2,6,3,,,,,,,2,,12,5,Completed,1.52,2.5
2025-07-21,Prague Open,WTA250,Outdoor,Hard,1st Round,3,Sramkova R.,Maleckova J.,34,589,6,3,4,6,6,4,,,,,2,1,16,13,Completed,1.15,5.24
2025-07-22,Prague Open,WTA250,Outdoor,Hard,1st Round,3,Salkova D.,Samson L.,184,248,6,3,6,3,,,,,,,2,,12,6,Completed,1.63,2.25
2025-07-22,Prague Open,WTA250,Outdoor,Hard,1st Round,3,Palicova B.,Hon P.,179,129,6,2,3,6,6,3,,,,,2,1,15,11,Completed,2.43,1.54
2025-07-22,Prague Open,WTA250,Outdoor,Hard,1st Round,3,Ponchet J.,Stojanovic N.,162,163,4,6,7,5,6,1,,,,,2,1,17,12,Completed,2.15,1.68
2025-07-22,Prague Open,WTA250,Outdoor,Hard,1st Round,3,Valentova T.,Ito A.,106,105,6,2,6,0,,,,,,,2,,12,2,Completed,1.22,4.22
2025-07-22,Prague Open,WTA250,Outdoor,Hard,1st Round,3,Wang Xin.,Dart H.,40,198,6,3,6,3,,,,,,,2,,12,6,Completed,1.25,3.88
2025-07-22,Prague Open,WTA250,Outdoor,Hard,1st Round,3,Jeanjean L.,Parrizas Diaz N.,99,100,6,3,2,0,,,,,,,1,,8,3,Retired,1.61,2.26
2025-07-22,Prague Open,WTA250,Outdoor,Hard,1st Round,3,Siniakova K.,Ruse E.G.,86,56,7,5,6,2,,,,,,,2,,13,7,Completed,1.76,2.04
2025-07-22,Prague Open,WTA250,Outdoor,Hard,1st Round,3,Havlickova L.,Kovackova A.,838,773,7,5,6,1,,,,,,,2,,13,6,Completed,1.85,1.92
2025-07-22,Prague Open,WTA250,Outdoor,Hard,1st Round,3,Noskova L.,Gasanova A.,23,249,7,6,7,6,,,,,,,2,,14,12,Completed,1.05,9.76
2025-07-23,Prague Open,WTA250,Outdoor,Hard,2nd Round,3,Ponchet J.,Palicova B.,162,179,6,1,7,5,,,,,,,2,,13,6,Completed,1.84,1.94
2025-07-23,Prague Open,WTA250,Outdoor,Hard,2nd Round,3,Valentova T.,Sramkova R.,106,34,7,6,7,5,,,,,,,2,,14,11,Completed,1.37,3.06
2025-07-23,Prague Open,WTA250,Outdoor,Hard,2nd Round,3,Li A.,Jeanjean L.,67,99,6,4,6,3,,,,,,,2,,12,7,Completed,1.5,2.55
2025-07-23,Prague Open,WTA250,Outdoor,Hard,2nd Round,3,Bouzkova M.,Stefanini L.,47,151,6,4,6,4,,,,,,,2,,12,8,Completed,1.08,7.43
2025-07-23,Prague Open,WTA250,Outdoor,Hard,2nd Round,3,Siniakova K.,Salkova D.,86,184,7,6,6,3,,,,,,,2,,13,9,Completed,1.29,3.61
2025-07-23,Prague Open,WTA250,Outdoor,Hard,2nd Round,3,Wang Xin.,Havlickova L.,40,838,3,6,7,5,7,6,,,,,2,1,17,17,Completed,1.17,4.98
2025-07-23,Prague Open,WTA250,Outdoor,Hard,2nd Round,3,Noskova L.,Cocciaretto E.,23,77,6,2,6,4,,,,,,,2,,12,6,Completed,1.45,2.71
2025-07-23,Prague Open,WTA250,Outdoor,Hard,2nd Round,3,Bejlek S.,Parks A.,120,58,7,6,6,3,,,,,,,2,,13,9,Completed,1.48,2.63
2025-07-24,Prague Open,WTA250,Outdoor,Hard,Quarterfinals,3,Valentova T.,Ponchet J.,106,162,6,2,6,0,,,,,,,2,,12,2,Completed,1.15,5.41
2025-07-24,Prague Open,WTA250,Outdoor,Hard,Quarterfinals,3,Bouzkova M.,Li A.,47,67,3,6,6,3,6,3,,,,,2,1,15,12,Completed,1.46,2.67
2025-07-24,Prague Open,WTA250,Outdoor,Hard,Quarterfinals,3,Noskova L.,Siniakova K.,23,86,6,2,4,6,6,3,,,,,2,1,16,11,Completed,1.47,2.65
2025-07-25,Prague Open,WTA250,Outdoor,Hard,Quarterfinals,3,Wang Xin.,Bejlek S.,40,120,6,4,6,1,,,,,,,2,,12,5,Completed,1.73,2.08
2025-07-25,Prague Open,WTA250,Outdoor,Hard,Semifinals,3,Bouzkova M.,Valentova T.,47,106,6,4,7,5,,,,,,,2,,13,9,Completed,2.37,1.56
2025-07-25,Prague Open,WTA250,Outdoor,Hard,Semifinals,3,Noskova L.,Wang Xin.,23,40,6,4,6,1,,,,,,,2,,12,5,Completed,1.41,2.85
2025-07-26,Prague Open,WTA250,Outdoor,Hard,The Final,3,Bouzkova M.,Noskova L.,47,23,2,6,6,1,6,3,,,,,2,1,14,10,Completed,2.64,1.47
2025-07-21,Citi Open,WTA500,Outdoor,Hard,1st Round,3,Mboko V.,Potapova A.,88,42,6,2,6,4,,,,,,,2,,12,6,Completed,1.58,2.33
2025-07-21,Citi Open,WTA500,Outdoor,Hard,1st Round,3,Fernandez L.A.,Joint M.,36,38,6,3,6,3,,,,,,,2,,12,6,Completed,2.04,1.75
2025-07-21,Citi Open,WTA500,Outdoor,Hard,1st Round,3,Sakkari M.,Boulter K.,90,41,6,3,6,4,,,,,,,2,,12,7,Completed,1.79,1.99
2025-07-21,Citi Open,WTA500,Outdoor,Hard,1st Round,3,Frech M.,Starodubtseva Y.,24,74,6,2,6,4,,,,,,,2,,12,6,Completed,1.88,1.89
2025-07-22,Citi Open,WTA500,Outdoor,Hard,1st Round,3,Linette M.,Collins D.,28,63,7,5,6,4,,,,,,,2,,13,9,Completed,2.96,1.39
2025-07-22,Citi Open,WTA500,Outdoor,Hard,1st Round,3,Townsend T.,Maria T.,97,37,6,4,7,5,,,,,,,2,,13,9,Completed,1.39,2.97
2025-07-22,Citi Open,WTA500,Outdoor,Hard,1st Round,3,Dolehide C.,Kessler M.,57,31,7,6,5,7,6,3,,,,,2,1,18,16,Completed,2.31,1.59
2025-07-22,Citi Open,WTA500,Outdoor,Hard,1st Round,3,Kenin S.,Baptiste H.,26,50,6,3,7,6,,,,,,,2,,13,9,Completed,1.58,2.32
2025-07-22,Citi Open,WTA500,Outdoor,Hard,1st Round,3,Kalinskaya A.,Rakhimova K.,48,66,6,2,6,3,,,,,,,2,,12,5,Completed,1.6,2.29
2025-07-22,Citi Open,WTA500,Outdoor,Hard,1st Round,3,Raducanu E.,Kostyuk M.,46,27,7,6,6,4,,,,,,,2,,13,10,Completed,1.59,2.32
2025-07-22,Citi Open,WTA500,Outdoor,Hard,1st Round,3,Osaka N.,Putintseva Y.,51,43,6,2,7,5,,,,,,,2,,13,7,Completed,1.33,3.27
2025-07-23,Citi Open,WTA500,Outdoor,Hard,1st Round,3,Williams V.,Stearns P.,,35,6,3,6,4,,,,,,,2,,12,7,Completed,10.69,1.04
2025-07-23,Citi Open,WTA500,Outdoor,Hard,2nd Round,3,Kalinskaya A.,Linette M.,48,28,6,4,6,0,,,,,,,2,,12,4,Completed,1.71,2.09
2025-07-23,Citi Open,WTA500,Outdoor,Hard,2nd Round,3,Tauson C.,Dolehide C.,19,57,3,6,7,5,6,4,,,,,2,1,16,15,Completed,1.49,2.59
2025-07-23,Citi Open,WTA500,Outdoor,Hard,2nd Round,3,Sakkari M.,Navarro E.,90,11,7,5,7,6,,,,,,,2,,14,11,Completed,2.4,1.55
2025-07-24,Citi Open,WTA500,Outdoor,Hard,2nd Round,3,Rybakina E.,Mboko V.,12,88,6,3,7,5,,,,,,,2,,13,8,Completed,1.34,3.14
2025-07-24,Citi Open,WTA500,Outdoor,Hard,2nd Round,3,Raducanu E.,Osaka N.,46,51,6,4,6,2,,,,,,,2,,12,6,Completed,1.77,2.01
2025-07-24,Citi Open,WTA500,Outdoor,Hard,2nd Round,3,Townsend T.,Kenin S.,97,26,6,3,6,0,,,,,,,2,,12,3,Completed,2.66,1.45
2025-07-24,Citi Open,WTA500,Outdoor,Hard,2nd Round,3,Fernandez L.A.,Pegula J.,36,4,6,3,1,6,7,5,,,,,2,1,14,14,Completed,2.91,1.4
2025-07-25,Citi Open,WTA500,Outdoor,Hard,2nd Round,3,Frech M.,Williams V.,24,,6,2,6,2,,,,,,,2,,12,4,Completed,1.28,3.65
2025-07-25,Citi Open,WTA500,Outdoor,Hard,Quarterfinals,3,Raducanu E.,Sakkari M.,46,90,6,4,7,5,,,,,,,2,,13,9,Completed,1.38,2.98
2025-07-25,Citi Open,WTA500,Outdoor,Hard,Quarterfinals,3,Fernandez L.A.,Townsend T.,36,97,6,4,7,6,,,,,,,2,,13,10,Completed,1.64,2.22
2025-07-25,Citi Open,WTA500,Outdoor,Hard,Quarterfinals,3,Rybakina E.,Frech M.,12,24,6,3,6,3,,,,,,,2,,12,6,Completed,1.17,4.89
2025-07-26,Citi Open,WTA500,Outdoor,Hard,Quarterfinals,3,Kalinskaya A.,Tauson C.,48,19,6,3,7,5,,,,,,,2,,13,8,Completed,1.78,2.0
2025-07-26,Citi Open,WTA500,Outdoor,Hard,Semifinals,3,Fernandez L.A.,Rybakina E.,36,12,6,7,7,6,7,6,,,,,2,1,20,19,Completed,3.79,1.25
2025-07-26,Citi Open,WTA500,Outdoor,Hard,Semifinals,3,Kalinskaya A.,Raducanu E.,48,46,6,4,6,3,,,,,,,2,,12,7,Completed,2.15,1.69
2025-07-27,Citi Open,WTA500,Outdoor,Hard,The Final,3,Fernandez L.A.,Kalinskaya A.,36,48,6,1,6,2,,,,,,,2,,12,3,Completed,2.28,1.61
2025-07-27,Canadian Open,WTA1000,Outdoor,Hard,1st Round,3,Ito A.,Volynets K.,110,108,6,2,2,6,6,2,,,,,2,1,14,10,Completed,2.72,1.44
2025-07-27,Canadian Open,WTA1000,Outdoor,Hard,1st Round,3,Cristian J.,Stakusic M.,52,144,2,6,6,2,6,2,,,,,2,1,14,10,Completed,1.29,3.5
2025-07-27,Canadian Open,WTA1000,Outdoor,Hard,1st Round,3,Lamens S.,Kudermetova P.,64,56,6,3,4,6,6,2,,,,,2,1,16,11,Completed,1.57,2.35
2025-07-27,Canadian Open,WTA1000,Outdoor,Hard,1st Round,3,Bouzas Maneiro J.,Chirico L.,51,154,5,7,7,5,6,4,,,,,2,1,18,16,Completed,1.3,3.52
2025-07-27,Canadian Open,WTA1000,Outdoor,Hard,1st Round,3,Vondrousova M.,Eala A.,63,65,3,6,6,1,6,2,,,,,2,1,15,9,Completed,1.42,2.81
2025-07-27,Canadian Open,WTA1000,Outdoor,Hard,1st Round,3,Zhu L.,Gracheva V.,493,106,6,4,7,6,,,,,,,2,,13,10,Completed,2.9,1.4
2025-07-27,Canadian Open,WTA1000,Outdoor,Hard,1st Round,3,Mboko V.,Birrell K.,85,79,7,5,6,3,,,,,,,2,,13,8,Completed,1.26,3.71
2025-07-27,Canadian Open,WTA1000,Outdoor,Hard,1st Round,3,Kudermetova V.,Bucsa C.,42,96,5,7,6,2,7,5,,,,,2,1,18,14,Completed,1.57,2.35
2025-07-27,Canadian Open,WTA1000,Outdoor,Hard,1st Round,3,Osorio M.,Pera B.,57,115,6,3,7,5,,,,,,,2,,13,8,Completed,1.66,2.19
2025-07-27,Canadian Open,WTA1000,Outdoor,Hard,1st Round,3,Collins D.,Tomova V.,61,105,6,3,7,5,,,,,,,2,,13,8,Completed,1.19,4.61
2025-07-28,Canadian Open,WTA1000,Outdoor,Hard,1st Round,3,Andreescu B.,Krejcikova B.,187,80,6,3,6,4,,,,,,,2,,12,7,Completed,1.64,2.22
2025-07-28,Canadian Open,WTA1000,Outdoor,Hard,1st Round,3,Baptiste H.,Osuigwe W.,50,149,7,5,6,1,,,,,,,2,,13,6,Completed,1.16,5.13
2025-07-28,Canadian Open,WTA1000,Outdoor,Hard,1st Round,3,Marino R.,Jacquemot E.,123,100,7,6,6,1,,,,,,,2,,13,7,Completed,2.84,1.42
2025-07-28,Canadian Open,WTA1000,Outdoor,Hard,1st Round,3,Guo H.,Putintseva Y.,259,46,6,3,6,3,,,,,,,2,,12,6,Completed,4.35,1.21
2025-07-28,Canadian Open,WTA1000,Outdoor,Hard,1st Round,3,Siegemund L.,Maria T.,54,41,7,5,6,7,7,6,,,,,2,1,20,18,Completed,1.45,2.68
2025-07-28,Canadian Open,WTA1000,Outdoor,Hard,1st Round,3,Starodubtseva Y.,Wang Y.,73,145,6,7,6,4,6,4,,,,,2,1,18,15,Completed,1.6,2.29
2025-07-28,Canadian Open,WTA1000,Outdoor,Hard,1st Round,3,Rakhimova K.,Cross K.,62,262,4,6,6,3,6,2,,,,,2,1,16,11,Completed,1.14,5.43
2025-07-28,Canadian Open,WTA1000,Outdoor,Hard,1st Round,3,Blinkova A.,Dolehide C.,81,55,6,4,6,1,,,,,,,2,,12,5,Completed,2.66,1.47
2025-07-28,Canadian Open,WTA1000,Outdoor,Hard,1st Round,3,Raducanu E.,Ruse E.G.,33,58,6,2,6,4,,,,,,,2,,12,6,Completed,1.34,3.15
2025-07-28,Canadian Open,WTA1000,Outdoor,Hard,1st Round,3,Lys E.,Jeanjean L.,69,98,6,1,6,4,,,,,,,2,,12,5,Completed,1.57,2.36
2025-07-28,Canadian Open,WTA1000,Outdoor,Hard,1st Round,3,Bouzkova M.,Uchijima M.,39,76,6,2,7,6,,,,,,,2,,13,8,Completed,1.33,3.24
2025-07-28,Canadian Open,WTA1000,Outdoor,Hard,1st Round,3,Sun L.,Cirstea S.,97,138,6,3,7,5,,,,,,,2,,13,8,Completed,2.71,1.44
2025-07-28,Canadian Open,WTA1000,Outdoor,Hard,1st Round,3,Osaka N.,Arseneault A.,49,515,6,4,6,2,,,,,,,2,,12,6,Completed,1.03,13.84
2025-07-28,Canadian Open,WTA1000,Outdoor,Hard,1st Round,3,Zarazua R.,Boulter K.,68,43,6,1,7,5,,,,,,,2,,13,6,Completed,3.15,1.34
2025-07-28,Canadian Open,WTA1000,Outdoor,Hard,1st Round,3,Bronzetti L.,Mandlik E.,66,205,4,6,7,6,6,2,,,,,2,1,17,14,Completed,1.59,2.3
2025-07-28,Canadian Open,WTA1000,Outdoor,Hard,1st Round,3,Sevastova A.,Tomljanovic A.,386,88,6,3,3,6,6,4,,,,,2,1,15,13,Completed,2.61,1.48
2025-07-29,Canadian Open,WTA1000,Outdoor,Hard,1st Round,3,Bouchard E.,Arango E.,,82,6,4,2,6,6,2,,,,,2,1,14,12,Completed,3.46,1.3
2025-07-29,Canadian Open,WTA1000,Outdoor,Hard,1st Round,3,Ruzic A.,Potapova A.,94,44,2,6,7,5,6,0,,,,,2,1,15,11,Completed,2.13,1.7
2025-07-29,Canadian Open,WTA1000,Outdoor,Hard,1st Round,3,Sakkari M.,Branstine C.,72,191,6,2,3,6,7,5,,,,,2,1,16,13,Completed,1.32,3.37
2025-07-29,Canadian Open,WTA1000,Outdoor,Hard,1st Round,3,McNally C.,Parks A.,116,74,6,4,5,7,7,6,,,,,2,1,18,17,Completed,1.44,2.75
2025-07-29,Canadian Open,WTA1000,Outdoor,Hard,1st Round,3,Kalinskaya A.,Li A.,31,59,7,6,0,6,6,3,,,,,2,1,13,15,Completed,1.41,2.83
2025-07-29,Canadian Open,WTA1000,Outdoor,Hard,1st Round,3,Joint M.,Fernandez L.A.,45,24,6,4,6,1,,,,,,,2,,12,5,Completed,2.45,1.53
2025-07-29,Canadian Open,WTA1000,Outdoor,Hard,2nd Round,3,Kasatkina D.,Blinkova A.,18,81,6,1,6,4,,,,,,,2,,12,5,Completed,1.57,2.36
2025-07-29,Canadian Open,WTA1000,Outdoor,Hard,2nd Round,3,Navarro E.,Marino R.,11,123,6,1,6,2,,,,,,,2,,12,3,Completed,1.14,5.36
2025-07-29,Canadian Open,WTA1000,Outdoor,Hard,2nd Round,3,Yastremska D.,Osorio M.,35,57,3,6,7,6,6,2,,,,,2,1,16,14,Completed,1.48,2.61
2025-07-29,Canadian Open,WTA1000,Outdoor,Hard,2nd Round,3,Kostyuk M.,Vondrousova M.,28,63,2,6,6,3,6,2,,,,,2,1,14,11,Completed,2.27,1.61
2025-07-29,Canadian Open,WTA1000,Outdoor,Hard,2nd Round,3,Cristian J.,Noskova L.,52,23,6,3,6,4,,,,,,,2,,12,7,Completed,2.94,1.4
2025-07-29,Canadian Open,WTA1000,Outdoor,Hard,2nd Round,3,Ito A.,Paolini J.,110,9,2,6,7,5,7,6,,,,,2,1,16,17,Completed,5.72,1.14
2025-07-29,Canadian Open,WTA1000,Outdoor,Hard,2nd Round,3,Kudermetova V.,Danilovic O.,42,40,6,4,6,2,,,,,,,2,,12,6,Completed,1.78,2.01
2025-07-29,Canadian Open,WTA1000,Outdoor,Hard,2nd Round,3,Bouzas Maneiro J.,Krueger A.,51,29,6,4,6,4,,,,,,,2,,12,8,Completed,2.27,1.61
2025-07-29,Canadian Open,WTA1000,Outdoor,Hard,2nd Round,3,Bouzkova M.,Shnaider D.,39,17,6,2,7,6,,,,,,,2,,13,8,Completed,2.13,1.69
2025-07-29,Canadian Open,WTA1000,Outdoor,Hard,2nd Round,3,Zhu L.,Alexandrova E.,493,15,1,6,6,2,6,4,,,,,2,1,13,12,Completed,6.16,1.12
2025-07-29,Canadian Open,WTA1000,Outdoor,Hard,2nd Round,3,Rybakina E.,Baptiste H.,12,50,6,4,6,3,,,,,,,2,,12,7,Completed,1.2,4.42
2025-07-30,Canadian Open,WTA1000,Outdoor,Hard,2nd Round,3,Gauff C.,Collins D.,2,61,7,5,4,6,7,6,,,,,2,1,18,17,Completed,1.29,3.53
2025-07-30,Canadian Open,WTA1000,Outdoor,Hard,2nd Round,3,Lamens S.,Haddad Maia B.,64,21,6,2,1,6,6,3,,,,,2,1,13,11,Completed,2.48,1.52
2025-07-30,Canadian Open,WTA1000,Outdoor,Hard,2nd Round,3,Mboko V.,Kenin S.,85,27,6,2,6,3,,,,,,,2,,12,5,Completed,1.59,2.31
2025-07-30,Canadian Open,WTA1000,Outdoor,Hard,2nd Round,3,Sevastova A.,Linette M.,386,34,6,3,4,6,6,4,,,,,2,1,16,13,Completed,2.79,1.42
2025-07-30,Canadian Open,WTA1000,Outdoor,Hard,2nd Round,3,Kessler M.,Joint M.,32,45,4,6,6,4,6,3,,,,,2,1,16,13,Completed,2.17,1.66
2025-07-30,Canadian Open,WTA1000,Outdoor,Hard,2nd Round,3,Osaka N.,Samsonova L.,49,16,4,6,7,6,6,3,,,,,2,1,17,15,Completed,1.83,1.94
2025-07-30,Canadian Open,WTA1000,Outdoor,Hard,2nd Round,3,Keys M.,Siegemund L.,8,54,6,2,6,1,,,,,,,2,,12,3,Completed,1.27,3.68
2025-07-30,Canadian Open,WTA1000,Outdoor,Hard,2nd Round,3,Tauson C.,Bronzetti L.,19,66,6,1,6,2,,,,,,,2,,12,3,Completed,1.24,3.96
2025-07-30,Canadian Open,WTA1000,Outdoor,Hard,2nd Round,3,Ostapenko J.,Zarazua R.,26,68,6,2,4,6,6,2,,,,,2,1,16,10,Completed,1.39,2.95
2025-07-30,Canadian Open,WTA1000,Outdoor,Hard,2nd Round,3,Swiatek I.,Guo H.,3,259,6,3,6,1,,,,,,,2,,12,4,Completed,1.01,19.29
2025-07-30,Canadian Open,WTA1000,Outdoor,Hard,2nd Round,3,McNally C.,Sramkova R.,116,36,6,2,6,2,,,,,,,2,,12,4,Completed,1.76,2.03
2025-07-30,Canadian Open,WTA1000,Outdoor,Hard,2nd Round,3,Pegula J.,Sakkari M.,4,72,7,5,6,4,,,,,,,2,,13,9,Completed,1.32,3.33
2025-07-30,Canadian Open,WTA1000,Outdoor,Hard,2nd Round,3,Kalinskaya A.,Mertens E.,31,22,1,6,7,6,6,2,,,,,2,1,14,14,Completed,2.77,1.42
2025-07-30,Canadian Open,WTA1000,Outdoor,Hard,2nd Round,3,Starodubtseva Y.,Frech M.,73,25,6,1,6,1,,,,,,,2,,12,2,Completed,2.67,1.45
2025-07-30,Canadian Open,WTA1000,Outdoor,Hard,2nd Round,3,Raducanu E.,Stearns P.,33,37,6,2,6,4,,,,,,,2,,12,6,Completed,1.34,3.2
2025-07-31,Canadian Open,WTA1000,Outdoor,Hard,2nd Round,3,Bencic B.,Bouchard E.,20,,6,2,3,6,6,4,,,,,2,1,15,12,Completed,1.07,8.4
2025-07-31,Canadian Open,WTA1000,Outdoor,Hard,2nd Round,3,Lys E.,Pavlyuchenkova A.,69,30,6,3,6,4,,,,,,,2,,12,7,Completed,2.35,1.57
2025-07-31,Canadian Open,WTA1000,Outdoor,Hard,2nd Round,3,Muchova K.,Ruzic A.,14,94,7,5,7,5,,,,,,,2,,14,10,Completed,1.53,2.44
2025-07-31,Canadian Open,WTA1000,Outdoor,Hard,2nd Round,3,Anisimova A.,Sun L.,7,97,6,4,7,6,,,,,,,2,,13,10,Completed,1.21,4.35
2025-07-31,Canadian Open,WTA1000,Outdoor,Hard,2nd Round,3,Svitolina E.,Rakhimova K.,13,62,7,5,6,2,,,,,,,2,,13,7,Completed,1.2,4.51
2025-07-31,Canadian Open,WTA1000,Outdoor,Hard,3rd Round,3,Zhu L.,Lamens S.,493,64,6,2,6,2,,,,,,,2,,12,4,Completed,2.09,1.72
2025-07-31,Canadian Open,WTA1000,Outdoor,Hard,3rd Round,3,Kostyuk M.,Kasatkina D.,28,18,3,6,6,3,7,6,,,,,2,1,16,15,Completed,1.6,2.29
2025-07-31,Canadian Open,WTA1000,Outdoor,Hard,3rd Round,3,Kessler M.,Andreeva M.,32,5,7,6,6,4,,,,,,,2,,13,10,Completed,3.77,1.26
2025-07-31,Canadian Open,WTA1000,Outdoor,Hard,3rd Round,3,Gauff C.,Kudermetova V.,2,42,4,6,7,5,6,2,,,,,2,1,17,13,Completed,1.26,3.86
2025-07-31,Canadian Open,WTA1000,Outdoor,Hard,3rd Round,3,Bouzas Maneiro J.,Ito A.,51,110,4,6,7,5,6,3,,,,,2,1,17,14,Completed,1.48,2.61
2025-08-01,Canadian Open,WTA1000,Outdoor,Hard,3rd Round,3,Mboko V.,Bouzkova M.,85,39,1,6,6,3,6,0,,,,,2,1,13,9,Completed,1.64,2.23
2025-08-01,Canadian Open,WTA1000,Outdoor,Hard,3rd Round,3,Yastremska D.,Navarro E.,35,11,7,5,6,4,,,,,,,2,,13,9,Completed,2.43,1.54
2025-08-01,Canadian Open,WTA1000,Outdoor,Hard,3rd Round,3,Rybakina E.,Cristian J.,12,52,6,0,7,6,,,,,,,2,,13,6,Completed,1.12,6.14
2025-08-01,Canadian Open,WTA1000,Outdoor,Hard,3rd Round,3,Tauson C.,Starodubtseva Y.,19,73,6,3,6,0,,,,,,,2,,12,3,Completed,1.3,3.51
2025-08-01,Canadian Open,WTA1000,Outdoor,Hard,3rd Round,3,Osaka N.,Ostapenko J.,49,26,6,2,6,4,,,,,,,2,,12,6,Completed,1.47,2.66
2025-08-01,Canadian Open,WTA1000,Outdoor,Hard,3rd Round,3,Keys M.,McNally C.,8,116,2,6,6,3,6,3,,,,,2,1,14,12,Completed,1.29,3.55
2025-08-01,Canadian Open,WTA1000,Outdoor,Hard,3rd Round,3,Sevastova A.,Pegula J.,386,4,3,6,6,4,6,1,,,,,2,1,15,11,Completed,6.0,1.13
2025-08-01,Canadian Open,WTA1000,Outdoor,Hard,3rd Round,3,Muchova K.,Bencic B.,14,20,6,7,6,2,6,3,,,,,2,1,18,12,Completed,2.32,1.58
2025-08-02,Canadian Open,WTA1000,Outdoor,Hard,3rd Round,3,Swiatek I.,Lys E.,3,69,6,2,6,2,,,,,,,2,,12,4,Completed,1.03,14.47
2025-08-02,Canadian Open,WTA1000,Outdoor,Hard,3rd Round,3,Anisimova A.,Raducanu E.,7,33,6,2,6,1,,,,,,,2,,12,3,Completed,1.82,1.96
2025-08-02,Canadian Open,WTA1000,Outdoor,Hard,3rd Round,3,Svitolina E.,Kalinskaya A.,13,31,6,1,6,1,,,,,,,2,,12,2,Completed,1.33,3.28
2025-08-02,Canadian Open,WTA1000,Outdoor,Hard,4th Round,3,Kostyuk M.,Kessler M.,28,32,5,7,6,3,6,3,,,,,2,1,17,13,Completed,1.76,2.03
2025-08-02,Canadian Open,WTA1000,Outdoor,Hard,4th Round,3,Rybakina E.,Yastremska D.,12,35,5,7,6,2,7,5,,,,,2,1,18,14,Completed,1.19,4.53
2025-08-03,Canadian Open,WTA1000,Outdoor,Hard,4th Round,3,Mboko V.,Gauff C.,85,2,6,1,6,4,,,,,,,2,,12,5,Completed,2.96,1.4
2025-08-03,Canadian Open,WTA1000,Outdoor,Hard,4th Round,3,Bouzas Maneiro J.,Zhu L.,51,493,7,5,1,6,6,2,,,,,2,1,14,13,Completed,1.68,2.14
2025-08-03,Canadian Open,WTA1000,Outdoor,Hard,4th Round,3,Keys M.,Muchova K.,8,14,4,6,6,3,7,5,,,,,2,1,17,14,Completed,1.53,2.47
2025-08-03,Canadian Open,WTA1000,Outdoor,Hard,4th Round,3,Osaka N.,Sevastova A.,49,386,6,1,6,0,,,,,,,2,,12,1,Completed,1.23,4.1
2025-08-03,Canadian Open,WTA1000,Outdoor,Hard,4th Round,3,Tauson C.,Swiatek I.,19,3,7,6,6,3,,,,,,,2,,13,9,Completed,5.43,1.14
2025-08-04,Canadian Open,WTA1000,Outdoor,Hard,4th Round,3,Svitolina E.,Anisimova A.,13,7,6,4,6,1,,,,,,,2,,12,5,Completed,1.82,1.96
2025-08-04,Canadian Open,WTA1000,Outdoor,Hard,Quarterfinals,3,Rybakina E.,Kostyuk M.,12,28,6,1,2,1,,,,,,,1,,8,2,Retired,1.3,3.42
2025-08-05,Canadian Open,WTA1000,Outdoor,Hard,Quarterfinals,3,Mboko V.,Bouzas Maneiro J.,85,51,6,4,6,2,,,,,,,2,,12,6,Completed,1.31,3.41
2025-08-05,Canadian Open,WTA1000,Outdoor,Hard,Quarterfinals,3,Tauson C.,Keys M.,19,8,6,1,6,4,,,,,,,2,,12,5,Completed,2.12,1.71
2025-08-06,Canadian Open,WTA1000,Outdoor,Hard,Quarterfinals,3,Osaka N.,Svitolina E.,49,13,6,2,6,2,,,,,,,2,,12,4,Completed,2.18,1.67
2025-08-06,Canadian Open,WTA1000,Outdoor,Hard,Semifinals,3,Mboko V.,Rybakina E.,85,12,1,6,7,5,7,6,,,,,2,1,15,17,Completed,2.78,1.44
2025-08-07,Canadian Open,WTA1000,Outdoor,Hard,Semifinals,3,Osaka N.,Tauson C.,49,19,6,2,7,6,,,,,,,2,,13,8,Completed,1.6,2.32
2025-08-07,Canadian Open,WTA1000,Outdoor,Hard,The Final,3,Mboko V.,Osaka N.,85,49,2,6,6,4,6,1,,,,,2,1,14,11,Completed,2.45,1.54
2025-08-07,Western & Southern Financial Group Women's Open,WTA1000,Outdoor,Hard,1st Round,3,Joint M.,Minnen G.,44,97,6,2,6,3,,,,,,,2,,12,5,Completed,1.28,3.6
2025-08-07,Western & Southern Financial Group Women's Open,WTA1000,Outdoor,Hard,1st Round,3,Cirstea S.,Vekic D.,136,55,6,1,4,6,6,3,,,,,2,1,16,10,Completed,2.19,1.66
2025-08-07,Western & Southern Financial Group Women's Open,WTA1000,Outdoor,Hard,1st Round,3,Potapova A.,Siegemund L.,45,54,6,4,6,4,,,,,,,2,,12,8,Completed,1.76,2.03
2025-08-07,Western & Southern Financial Group Women's Open,WTA1000,Outdoor,Hard,1st Round,3,Vondrousova M.,Cristian J.,59,49,6,3,6,1,,,,,,,2,,12,4,Completed,1.29,3.55
2025-08-07,Western & Southern Financial Group Women's Open,WTA1000,Outdoor,Hard,1st Round,3,Zarazua R.,Putintseva Y.,70,46,3,6,6,4,6,2,,,,,2,1,15,12,Completed,2.2,1.65
2025-08-07,Western & Southern Financial Group Women's Open,WTA1000,Outdoor,Hard,1st Round,3,Ito A.,Ruse E.G.,94,66,6,2,7,6,,,,,,,2,,13,8,Completed,2.5,1.52
2025-08-07,Western & Southern Financial Group Women's Open,WTA1000,Outdoor,Hard,1st Round,3,Bouzas Maneiro J.,Williams V.,42,644,6,4,6,4,,,,,,,2,,12,8,Completed,1.14,5.58
2025-08-07,Western & Southern Financial Group Women's Open,WTA1000,Outdoor,Hard,1st Round,3,Lys E.,Pera B.,62,111,6,2,4,6,7,5,,,,,2,1,17,13,Completed,1.44,2.7
2025-08-07,Western & Southern Financial Group Women's Open,WTA1000,Outdoor,Hard,1st Round,3,Danilovic O.,Boulter K.,43,50,6,0,7,5,,,,,,,2,,13,5,Completed,1.75,2.03
2025-08-07,Western & Southern Financial Group Women's Open,WTA1000,Outdoor,Hard,1st Round,3,Maria T.,Osuigwe W.,41,144,6,2,6,3,,,,,,,2,,12,5,Completed,1.57,2.33
2025-08-08,Western & Southern Financial Group Women's Open,WTA1000,Outdoor,Hard,1st Round,3,Ngounoue C.,Baptiste H.,211,51,6,1,4,6,6,1,,,,,2,1,16,8,Completed,3.33,1.32
2025-08-08,Western & Southern Financial Group Women's Open,WTA1000,Outdoor,Hard,1st Round,3,Stearns P.,Wang Y.,53,192,6,4,6,3,,,,,,,2,,12,7,Completed,1.51,2.53
2025-08-08,Western & Southern Financial Group Women's Open,WTA1000,Outdoor,Hard,1st Round,3,Sramkova R.,Dolehide C.,38,76,1,6,6,4,7,6,,,,,2,1,14,16,Completed,2.24,1.62
2025-08-08,Western & Southern Financial Group Women's Open,WTA1000,Outdoor,Hard,1st Round,3,Bronzetti L.,Zhu L.,61,304,6,7,6,2,7,6,,,,,2,1,19,15,Completed,2.35,1.56
2025-08-08,Western & Southern Financial Group Women's Open,WTA1000,Outdoor,Hard,1st Round,3,Sun L.,Ruzic A.,90,84,6,4,6,4,,,,,,,2,,12,8,Completed,1.92,1.85
2025-08-08,Western & Southern Financial Group Women's Open,WTA1000,Outdoor,Hard,1st Round,3,Jeanjean L.,Starodubtseva Y.,95,63,7,5,1,6,6,4,,,,,2,1,14,15,Completed,2.07,1.73
2025-08-08,Western & Southern Financial Group Women's Open,WTA1000,Outdoor,Hard,1st Round,3,Garcia C.,Kartal S.,200,48,5,7,6,4,6,3,,,,,2,1,17,14,Completed,3.94,1.24
2025-08-08,Western & Southern Financial Group Women's Open,WTA1000,Outdoor,Hard,1st Round,3,Tomljanovic A.,Bondar A.,86,93,7,6,6,4,,,,,,,2,,13,10,Completed,1.51,2.5
2025-08-08,Western & Southern Financial Group Women's Open,WTA1000,Outdoor,Hard,1st Round,3,Townsend T.,Collins D.,125,57,6,4,7,6,,,,,,,2,,13,10,Completed,2.79,1.42
2025-08-08,Western & Southern Financial Group Women's Open,WTA1000,Outdoor,Hard,1st Round,3,Birrell K.,Blinkova A.,82,77,6,2,6,1,,,,,,,2,,12,3,Completed,2.04,1.75
2025-08-08,Western & Southern Financial Group Women's Open,WTA1000,Outdoor,Hard,1st Round,3,Gracheva V.,Volynets K.,103,107,6,4,3,6,6,3,,,,,2,1,15,13,Completed,1.79,1.98
2025-08-08,Western & Southern Financial Group Women's Open,WTA1000,Outdoor,Hard,1st Round,3,Seidel E.,Kudermetova P.,124,60,1,6,6,3,6,2,,,,,2,1,13,11,Completed,1.58,2.3
2025-08-08,Western & Southern Financial Group Women's Open,WTA1000,Outdoor,Hard,1st Round,3,Osorio M.,Uchijima M.,56,89,7,5,1,6,6,4,,,,,2,1,14,15,Completed,1.41,2.85
2025-08-08,Western & Southern Financial Group Women's Open,WTA1000,Outdoor,Hard,1st Round,3,Sakkari M.,Rakhimova K.,65,67,6,3,3,6,6,2,,,,,2,1,15,11,Completed,1.38,3.0
2025-08-08,Western & Southern Financial Group Women's Open,WTA1000,Outdoor,Hard,1st Round,3,Tomova V.,Li A.,102,64,6,4,7,5,,,,,,,2,,13,9,Completed,2.58,1.49
2025-08-08,Western & Southern Financial Group Women's Open,WTA1000,Outdoor,Hard,1st Round,3,Wang Xin.,Arango E.,37,81,7,6,6,3,,,,,,,2,,13,9,Completed,1.19,4.51
2025-08-08,Western & Southern Financial Group Women's Open,WTA1000,Outdoor,Hard,1st Round,3,Sevastova A.,Bektas E.,267,301,6,4,6,7,6,1,,,,,2,1,18,12,Completed,1.42,2.77
2025-08-08,Western & Southern Financial Group Women's Open,WTA1000,Outdoor,Hard,1st Round,3,Kudermetova V.,Lamens S.,36,58,6,1,6,3,,,,,,,2,,12,4,Completed,1.3,3.56
2025-08-09,Western & Southern Financial Group Women's Open,WTA1000,Outdoor,Hard,1st Round,3,Krejcikova B.,Parks A.,80,71,6,4,4,6,6,0,,,,,2,1,16,10,Completed,1.42,2.8
2025-08-09,Western & Southern Financial Group Women's Open,WTA1000,Outdoor,Hard,1st Round,3,Yuan Y.,Bucsa C.,98,91,6,2,6,2,,,,,,,2,,12,4,Completed,1.97,1.8
2025-08-09,Western & Southern Financial Group Women's Open,WTA1000,Outdoor,Hard,1st Round,3,Jovic I.,Sierra S.,88,72,6,3,7,6,,,,,,,2,,13,9,Completed,1.72,2.07
2025-08-09,Western & Southern Financial Group Women's Open,WTA1000,Outdoor,Hard,1st Round,3,McNally C.,Inglis M.,104,153,6,2,6,3,,,,,,,2,,12,5,Completed,1.27,3.76
2025-08-09,Western & Southern Financial Group Women's Open,WTA1000,Outdoor,Hard,2nd Round,3,Kostyuk M.,Maria T.,27,41,6,0,6,1,,,,,,,2,,12,1,Completed,1.25,3.9
2025-08-09,Western & Southern Financial Group Women's Open,WTA1000,Outdoor,Hard,2nd Round,3,Ito A.,Pavlyuchenkova A.,94,33,6,1,4,6,6,4,,,,,2,1,16,11,Completed,2.42,1.54
2025-08-09,Western & Southern Financial Group Women's Open,WTA1000,Outdoor,Hard,2nd Round,3,Swiatek I.,Potapova A.,3,45,6,1,6,4,,,,,,,2,,12,5,Completed,1.04,10.52
2025-08-09,Western & Southern Financial Group Women's Open,WTA1000,Outdoor,Hard,2nd Round,3,Bouzas Maneiro J.,Fernandez L.A.,42,26,6,3,6,3,,,,,,,2,,12,6,Completed,2.85,1.41
2025-08-09,Western & Southern Financial Group Women's Open,WTA1000,Outdoor,Hard,2nd Round,3,Cirstea S.,Frech M.,136,28,7,6,2,6,6,4,,,,,2,1,15,16,Completed,1.67,2.18
2025-08-09,Western & Southern Financial Group Women's Open,WTA1000,Outdoor,Hard,2nd Round,3,Keys M.,Lys E.,6,62,1,6,6,3,7,6,,,,,2,1,14,15,Completed,1.19,4.63
2025-08-09,Western & Southern Financial Group Women's Open,WTA1000,Outdoor,Hard,2nd Round,3,Joint M.,Haddad Maia B.,44,21,6,4,4,6,6,4,,,,,2,1,16,14,Completed,1.4,2.85
2025-08-09,Western & Southern Financial Group Women's Open,WTA1000,Outdoor,Hard,2nd Round,3,Townsend T.,Samsonova L.,125,18,6,2,6,4,,,,,,,2,,12,6,Completed,2.81,1.42
2025-08-09,Western & Southern Financial Group Women's Open,WTA1000,Outdoor,Hard,2nd Round,3,Raducanu E.,Danilovic O.,39,43,6,3,6,2,,,,,,,2,,12,5,Completed,1.36,3.07
2025-08-09,Western & Southern Financial Group Women's Open,WTA1000,Outdoor,Hard,2nd Round,3,Alexandrova E.,Sun L.,16,90,6,4,6,2,,,,,,,2,,12,6,Completed,1.37,3.0
2025-08-09,Western & Southern Financial Group Women's Open,WTA1000,Outdoor,Hard,2nd Round,3,Yuan Y.,Shnaider D.,98,20,6,4,1,6,6,3,,,,,2,1,13,13,Completed,2.42,1.54
2025-08-09,Western & Southern Financial Group Women's Open,WTA1000,Outdoor,Hard,2nd Round,3,Rybakina E.,Zarazua R.,10,70,4,6,6,0,7,5,,,,,2,1,17,11,Completed,1.07,8.27
2025-08-09,Western & Southern Financial Group Women's Open,WTA1000,Outdoor,Hard,2nd Round,3,Mertens E.,Ngounoue C.,22,211,3,6,7,6,7,5,,,,,2,1,17,17,Completed,1.22,4.14
2025-08-09,Western & Southern Financial Group Women's Open,WTA1000,Outdoor,Hard,2nd Round,3,Kalinskaya A.,Stearns P.,34,53,7,6,4,6,6,1,,,,,2,1,17,13,Completed,1.68,2.16
2025-08-10,Western & Southern Financial Group Women's Open,WTA1000,Outdoor,Hard,2nd Round,3,Sabalenka A.,Vondrousova M.,1,59,7,5,6,1,,,,,,,2,,13,6,Completed,1.4,2.89
2025-08-10,Western & Southern Financial Group Women's Open,WTA1000,Outdoor,Hard,2nd Round,3,Krueger A.,Sevastova A.,35,267,6,4,0,6,6,3,,,,,2,1,12,13,Completed,1.69,2.12
2025-08-10,Western & Southern Financial Group Women's Open,WTA1000,Outdoor,Hard,2nd Round,3,Yastremska D.,Tomova V.,31,102,6,4,2,6,6,2,,,,,2,1,14,12,Completed,1.32,3.28
2025-08-10,Western & Southern Financial Group Women's Open,WTA1000,Outdoor,Hard,2nd Round,3,Kudermetova V.,Bencic B.,36,19,6,4,7,6,,,,,,,2,,13,10,Completed,2.17,1.66
2025-08-10,Western & Southern Financial Group Women's Open,WTA1000,Outdoor,Hard,2nd Round,3,Paolini J.,Sakkari M.,9,65,7,6,7,6,,,,,,,2,,14,12,Completed,1.9,1.86
2025-08-10,Western & Southern Financial Group Women's Open,WTA1000,Outdoor,Hard,2nd Round,3,Linette M.,Sramkova R.,40,38,7,6,6,0,,,,,,,2,,13,6,Completed,1.8,1.97
2025-08-10,Western & Southern Financial Group Women's Open,WTA1000,Outdoor,Hard,2nd Round,3,Seidel E.,Navarro E.,124,11,6,4,1,6,6,4,,,,,2,1,13,14,Completed,4.55,1.19
2025-08-10,Western & Southern Financial Group Women's Open,WTA1000,Outdoor,Hard,2nd Round,3,Gauff C.,Wang Xin.,2,37,6,3,6,2,,,,,,,2,,12,5,Completed,1.24,3.96
2025-08-10,Western & Southern Financial Group Women's Open,WTA1000,Outdoor,Hard,2nd Round,3,Tauson C.,Tomljanovic A.,15,86,6,3,6,7,6,4,,,,,2,1,18,14,Completed,1.26,3.82
2025-08-10,Western & Southern Financial Group Women's Open,WTA1000,Outdoor,Hard,2nd Round,3,Bronzetti L.,Kasatkina D.,61,17,6,3,1,6,6,4,,,,,2,1,13,13,Completed,2.99,1.38
2025-08-10,Western & Southern Financial Group Women's Open,WTA1000,Outdoor,Hard,2nd Round,3,Pegula J.,Birrell K.,4,82,6,4,6,3,,,,,,,2,,12,7,Completed,1.16,4.99
2025-08-10,Western & Southern Financial Group Women's Open,WTA1000,Outdoor,Hard,2nd Round,3,Jovic I.,Noskova L.,88,23,6,3,6,0,,,,,,,2,,12,3,Completed,2.85,1.41
2025-08-10,Western & Southern Financial Group Women's Open,WTA1000,Outdoor,Hard,2nd Round,3,Kessler M.,McNally C.,32,104,6,4,6,3,,,,,,,2,,12,7,Completed,1.81,1.95
2025-08-10,Western & Southern Financial Group Women's Open,WTA1000,Outdoor,Hard,2nd Round,3,Gracheva V.,Kenin S.,103,29,6,7,6,3,6,3,,,,,2,1,18,13,Completed,2.19,1.66
2025-08-11,Western & Southern Financial Group Women's Open,WTA1000,Outdoor,Hard,2nd Round,3,Krejcikova B.,Svitolina E.,80,13,2,6,6,4,6,3,,,,,2,1,14,13,Completed,3.23,1.34
2025-08-11,Western & Southern Financial Group Women's Open,WTA1000,Outdoor,Hard,2nd Round,3,Muchova K.,Garcia C.,14,200,7,6,7,6,,,,,,,2,,14,12,Completed,1.27,3.72
2025-08-11,Western & Southern Financial Group Women's Open,WTA1000,Outdoor,Hard,3rd Round,3,Bouzas Maneiro J.,Townsend T.,42,125,6,4,6,1,,,,,,,2,,12,5,Completed,2.07,1.72
2025-08-11,Western & Southern Financial Group Women's Open,WTA1000,Outdoor,Hard,3rd Round,3,Alexandrova E.,Joint M.,16,44,6,4,6,3,,,,,,,2,,12,7,Completed,1.6,2.3
2025-08-11,Western & Southern Financial Group Women's Open,WTA1000,Outdoor,Hard,3rd Round,3,Cirstea S.,Yuan Y.,136,98,6,7,6,4,6,4,,,,,2,1,18,15,Completed,1.74,2.06
2025-08-11,Western & Southern Financial Group Women's Open,WTA1000,Outdoor,Hard,3rd Round,3,Sabalenka A.,Raducanu E.,1,39,7,6,4,6,7,6,,,,,2,1,18,18,Completed,1.34,3.22
2025-08-11,Western & Southern Financial Group Women's Open,WTA1000,Outdoor,Hard,3rd Round,3,Kalinskaya A.,Anisimova A.,34,8,7,5,6,4,,,,,,,2,,13,9,Completed,2.72,1.44
2025-08-12,Western & Southern Financial Group Women's Open,WTA1000,Outdoor,Hard,3rd Round,3,Keys M.,Ito A.,6,94,6,4,6,0,,,,,,,2,,12,4,Completed,1.2,4.4
2025-08-12,Western & Southern Financial Group Women's Open,WTA1000,Outdoor,Hard,3rd Round,3,Rybakina E.,Mertens E.,10,22,4,6,6,3,7,5,,,,,2,1,17,14,Completed,1.38,2.99
2025-08-12,Western & Southern Financial Group Women's Open,WTA1000,Outdoor,Hard,3rd Round,3,Krejcikova B.,Jovic I.,80,88,6,4,3,6,6,2,,,,,2,1,15,12,Completed,1.68,2.15
2025-08-12,Western & Southern Financial Group Women's Open,WTA1000,Outdoor,Hard,3rd Round,3,Seidel E.,Kessler M.,124,32,6,4,2,6,7,6,,,,,2,1,15,16,Completed,3.35,1.32
2025-08-12,Western & Southern Financial Group Women's Open,WTA1000,Outdoor,Hard,3rd Round,3,Paolini J.,Krueger A.,9,35,7,6,6,1,,,,,,,2,,13,7,Completed,1.48,2.61
2025-08-12,Western & Southern Financial Group Women's Open,WTA1000,Outdoor,Hard,3rd Round,3,Gracheva V.,Muchova K.,103,14,6,2,6,4,,,,,,,2,,12,6,Completed,3.2,1.34
2025-08-12,Western & Southern Financial Group Women's Open,WTA1000,Outdoor,Hard,3rd Round,3,Bronzetti L.,Ostapenko J.,61,30,1,6,6,3,6,4,,,,,2,1,13,13,Completed,3.24,1.37
2025-08-13,Western & Southern Financial Group Women's Open,WTA1000,Outdoor,Hard,3rd Round,3,Kudermetova V.,Tauson C.,36,15,3,6,7,6,6,4,,,,,2,1,16,16,Completed,2.24,1.63
2025-08-13,Western & Southern Financial Group Women's Open,WTA1000,Outdoor,Hard,3rd Round,3,Linette M.,Pegula J.,40,4,7,6,3,6,6,3,,,,,2,1,16,15,Completed,4.0,1.24
2025-08-13,Western & Southern Financial Group Women's Open,WTA1000,Outdoor,Hard,4th Round,3,Swiatek I.,Cirstea S.,3,136,6,4,6,3,,,,,,,2,,12,7,Completed,1.04,11.0
2025-08-13,Western & Southern Financial Group Women's Open,WTA1000,Outdoor,Hard,4th Round,3,Rybakina E.,Keys M.,10,6,6,7,6,4,6,2,,,,,2,1,18,13,Completed,1.65,2.22
2025-08-13,Western & Southern Financial Group Women's Open,WTA1000,Outdoor,Hard,4th Round,3,Sabalenka A.,Bouzas Maneiro J.,1,42,6,1,7,5,,,,,,,2,,13,6,Completed,1.12,5.99
2025-08-14,Western & Southern Financial Group Women's Open,WTA1000,Outdoor,Hard,4th Round,3,Kalinskaya A.,Alexandrova E.,34,16,3,6,7,6,6,1,,,,,2,1,16,13,Completed,2.51,1.51
2025-08-14,Western & Southern Financial Group Women's Open,WTA1000,Outdoor,Hard,4th Round,3,Gauff C.,Bronzetti L.,2,61,6,2,6,4,,,,,,,2,,12,6,Completed,1.1,6.8
2025-08-14,Western & Southern Financial Group Women's Open,WTA1000,Outdoor,Hard,4th Round,3,Paolini J.,Krejcikova B.,9,80,6,1,6,2,,,,,,,2,,12,3,Completed,1.73,2.08
2025-08-14,Western & Southern Financial Group Women's Open,WTA1000,Outdoor,Hard,4th Round,3,Gracheva V.,Seidel E.,103,124,2,6,6,1,6,1,,,,,2,1,14,8,Completed,1.58,2.33
2025-08-15,Western & Southern Financial Group Women's Open,WTA1000,Outdoor,Hard,4th Round,3,Kudermetova V.,Linette M.,36,40,6,4,6,3,,,,,,,2,,12,7,Completed,1.56,2.38
2025-08-15,Western & Southern Financial Group Women's Open,WTA1000,Outdoor,Hard,Quarterfinals,3,Swiatek I.,Kalinskaya A.,3,34,6,3,6,4,,,,,,,2,,12,7,Completed,1.19,4.62
2025-08-15,Western & Southern Financial Group Women's Open,WTA1000,Outdoor,Hard,Quarterfinals,3,Rybakina E.,Sabalenka A.,10,1,6,1,6,4,,,,,,,2,,12,5,Completed,2.32,1.59
2025-08-15,Western & Southern Financial Group Women's Open,WTA1000,Outdoor,Hard,Quarterfinals,3,Kudermetova V.,Gracheva V.,36,103,6,1,6,2,,,,,,,2,,12,3,Completed,1.4,2.92
2025-08-16,Western & Southern Financial Group Women's Open,WTA1000,Outdoor,Hard,Quarterfinals,3,Paolini J.,Gauff C.,9,2,2,6,6,4,6,3,,,,,2,1,14,13,Completed,2.76,1.43
2025-08-17,Western & Southern Financial Group Women's Open,WTA1000,Outdoor,Hard,Semifinals,3,Swiatek I.,Rybakina E.,3,10,7,5,6,3,,,,,,,2,,13,8,Completed,1.6,2.27
2025-08-17,Western & Southern Financial Group Women's Open,WTA1000,Outdoor,Hard,Semifinals,3,Paolini J.,Kudermetova V.,9,36,6,3,6,7,6,3,,,,,2,1,18,13,Completed,1.8,1.97
2025-08-18,Western & Southern Financial Group Women's Open,WTA1000,Outdoor,Hard,The Final,3,Swiatek I.,Paolini J.,3,9,7,5,6,4,,,,,,,2,,13,9,Completed,1.14,5.63
2025-08-17,Tennis in the Land,WTA250,Outdoor,Hard,1st Round,3,Zakharova A.,Birrell K.,100,80,5,7,6,4,6,3,,,,,2,1,17,14,Completed,2.26,1.61
2025-08-17,Tennis in the Land,WTA250,Outdoor,Hard,1st Round,3,Jovic I.,Potapova A.,76,45,7,5,6,3,,,,,,,2,,13,8,Completed,1.66,2.24
2025-08-17,Tennis in the Land,WTA250,Outdoor,Hard,1st Round,3,Lys E.,Joint M.,60,42,6,4,6,4,,,,,,,2,,12,8,Completed,2.28,1.6
2025-08-17,Tennis in the Land,WTA250,Outdoor,Hard,1st Round,3,Sierra S.,Kartal S.,75,51,4,6,6,4,7,6,,,,,2,1,17,16,Completed,2.75,1.43
2025-08-17,Tennis in the Land,WTA250,Outdoor,Hard,1st Round,3,Kudermetova P.,Scott K.,64,565,6,4,6,4,,,,,,,2,,12,8,Completed,1.45,2.66
2025-08-17,Tennis in the Land,WTA250,Outdoor,Hard,1st Round,3,Li A.,Starodubtseva Y.,69,66,7,5,6,3,,,,,,,2,,13,8,Completed,1.6,2.76
2025-08-18,Tennis in the Land,WTA250,Outdoor,Hard,1st Round,3,Baptiste H.,Ruse E.G.,49,67,6,2,7,6,,,,,,,2,,13,8,Completed,1.77,2.0
2025-08-18,Tennis in the Land,WTA250,Outdoor,Hard,1st Round,3,Teichmann J.,Boisson L.,85,46,6,4,1,6,6,4,,,,,2,1,13,14,Completed,1.99,1.78
2025-08-18,Tennis in the Land,WTA250,Outdoor,Hard,1st Round,3,Cirstea S.,Uchijima M.,112,92,6,4,6,1,,,,,,,2,,12,5,Completed,1.26,3.69
2025-08-18,Tennis in the Land,WTA250,Outdoor,Hard,1st Round,3,Jacquemot E.,Zhu L.,98,303,6,3,6,1,,,,,,,2,,12,4,Completed,2.07,1.73
2025-08-18,Tennis in the Land,WTA250,Outdoor,Hard,1st Round,3,Gibson T.,Minnen G.,107,99,7,6,6,4,,,,,,,2,,13,10,Completed,1.99,1.79
2025-08-18,Tennis in the Land,WTA250,Outdoor,Hard,1st Round,3,Samsonova L.,Dolehide C.,19,74,6,4,7,6,,,,,,,2,,13,10,Completed,1.34,3.2
2025-08-18,Tennis in the Land,WTA250,Outdoor,Hard,1st Round,3,Golubic V.,Bronzetti L.,77,56,6,1,6,3,,,,,,,2,,12,4,Completed,1.96,1.8
2025-08-18,Tennis in the Land,WTA250,Outdoor,Hard,1st Round,3,Wang Xin.,Lamens S.,37,63,6,2,6,7,6,2,,,,,2,1,18,11,Completed,1.32,3.32
2025-08-18,Tennis in the Land,WTA250,Outdoor,Hard,1st Round,3,Wang Y.,Stearns P.,202,47,6,4,3,6,6,3,,,,,2,1,15,13,Completed,2.71,1.54
2025-08-19,Tennis in the Land,WTA250,Outdoor,Hard,1st Round,3,Boulter K.,Yuan Y.,48,88,6,4,6,3,,,,,,,2,,12,7,Completed,1.88,1.88
2025-08-19,Tennis in the Land,WTA250,Outdoor,Hard,2nd Round,3,Zakharova A.,Baptiste H.,100,49,6,4,6,3,,,,,,,2,,12,7,Completed,2.99,1.37
2025-08-19,Tennis in the Land,WTA250,Outdoor,Hard,2nd Round,3,Lys E.,Kudermetova P.,60,64,6,4,6,3,,,,,,,2,,12,7,Completed,1.31,3.33
2025-08-20,Tennis in the Land,WTA250,Outdoor,Hard,2nd Round,3,Cirstea S.,Teichmann J.,112,85,6,1,6,1,,,,,,,2,,12,2,Completed,1.33,3.23
2025-08-20,Tennis in the Land,WTA250,Outdoor,Hard,2nd Round,3,Samsonova L.,Wang Y.,19,202,6,2,6,4,,,,,,,2,,12,6,Completed,1.23,3.95
2025-08-21,Tennis in the Land,WTA250,Outdoor,Hard,2nd Round,3,Jacquemot E.,Sierra S.,98,75,7,5,7,6,,,,,,,2,,14,11,Completed,1.72,2.07
2025-08-21,Tennis in the Land,WTA250,Outdoor,Hard,2nd Round,3,Wang Xin.,Gibson T.,37,107,1,6,6,2,6,3,,,,,2,1,13,11,Completed,1.34,3.18
2025-08-21,Tennis in the Land,WTA250,Outdoor,Hard,2nd Round,3,Li A.,Jovic I.,69,76,6,3,2,6,6,3,,,,,2,1,14,12,Completed,2.18,1.65
2025-08-21,Tennis in the Land,WTA250,Outdoor,Hard,2nd Round,3,Golubic V.,Boulter K.,77,48,7,6,1,6,6,4,,,,,2,1,14,16,Completed,2.06,1.73
2025-08-22,Tennis in the Land,WTA250,Outdoor,Hard,Quarterfinals,3,Li A.,Jacquemot E.,69,98,6,1,5,7,6,1,,,,,2,1,17,9,Completed,1.61,2.25
2025-08-22,Tennis in the Land,WTA250,Outdoor,Hard,Quarterfinals,3,Cirstea S.,Samsonova L.,112,19,6,4,6,1,,,,,,,2,,12,5,Completed,2.37,1.56
2025-08-22,Tennis in the Land,WTA250,Outdoor,Hard,Quarterfinals,3,Wang Xin.,Golubic V.,37,77,4,6,6,4,6,4,,,,,2,1,16,14,Completed,1.55,2.37
2025-08-22,Tennis in the Land,WTA250,Outdoor,Hard,Semifinals,3,Cirstea S.,Zakharova A.,112,100,6,1,7,5,,,,,,,2,,13,6,Completed,1.23,3.93
2025-08-23,Tennis in the Land,WTA250,Outdoor,Hard,Semifinals,3,Li A.,Wang Xin.,69,37,6,3,5,7,6,4,,,,,2,1,17,14,Completed,2.23,1.63
2025-08-23,Tennis in the Land,WTA250,Outdoor,Hard,The Final,3,Cirstea S.,Li A.,112,69,6,2,6,4,,,,,,,2,,12,6,Completed,1.44,2.73
2025-08-18,Monterrey Open,WTA500,Outdoor,Hard,1st Round,3,Rakhimova K.,Bouzas Maneiro J.,68,40,6,4,7,5,,,,,,,2,,13,9,Completed,2.39,1.55
2025-08-18,Monterrey Open,WTA500,Outdoor,Hard,1st Round,3,Maria T.,Bondar A.,43,96,7,6,7,5,,,,,,,2,,14,11,Completed,1.65,2.19
2025-08-19,Monterrey Open,WTA500,Outdoor,Hard,1st Round,3,Mertens E.,Blinkova A.,21,78,6,4,6,3,,,,,,,2,,12,7,Completed,1.25,3.87
2025-08-19,Monterrey Open,WTA500,Outdoor,Hard,1st Round,3,Bouzkova M.,Sonmez Z.,53,79,3,6,6,2,6,4,,,,,2,1,15,12,Completed,1.23,4.08
2025-08-19,Monterrey Open,WTA500,Outdoor,Hard,1st Round,3,Vekic D.,Sakkari M.,55,62,6,2,6,3,,,,,,,2,,12,5,Completed,2.36,1.57
2025-08-19,Monterrey Open,WTA500,Outdoor,Hard,1st Round,3,Fernandez L.A.,Cristian J.,33,50,6,3,7,5,,,,,,,2,,13,8,Completed,1.38,3.01
2025-08-19,Monterrey Open,WTA500,Outdoor,Hard,1st Round,3,Sramkova R.,Rodriguez V.,38,420,6,0,6,3,,,,,,,2,,12,3,Completed,1.09,6.68
2025-08-20,Monterrey Open,WTA500,Outdoor,Hard,1st Round,3,Parks A.,Bucsa C.,71,93,6,2,6,1,,,,,,,2,,12,3,Completed,2.35,1.57
2025-08-20,Monterrey Open,WTA500,Outdoor,Hard,1st Round,3,Ruzic A.,Pavlyuchenkova A.,89,44,7,6,6,1,,,,,,,2,,13,7,Completed,2.22,1.64
2025-08-20,Monterrey Open,WTA500,Outdoor,Hard,1st Round,3,Cocciaretto E.,Jeanjean L.,87,91,6,3,6,4,,,,,,,2,,12,7,Completed,1.56,2.36
2025-08-20,Monterrey Open,WTA500,Outdoor,Hard,1st Round,3,Tomljanovic A.,Zarazua R.,84,73,4,6,6,3,7,6,,,,,2,1,17,15,Completed,1.71,2.1
2025-08-20,Monterrey Open,WTA500,Outdoor,Hard,1st Round,3,Noskova L.,Sun L.,23,102,7,6,7,6,,,,,,,2,,14,12,Completed,1.35,3.06
2025-08-20,Monterrey Open,WTA500,Outdoor,Hard,2nd Round,3,Mertens E.,Vekic D.,21,55,6,3,6,3,,,,,,,2,,12,6,Completed,1.39,2.92
2025-08-20,Monterrey Open,WTA500,Outdoor,Hard,2nd Round,3,Shnaider D.,Rakhimova K.,22,68,7,6,6,1,,,,,,,2,,13,7,Completed,1.5,2.54
2025-08-20,Monterrey Open,WTA500,Outdoor,Hard,2nd Round,3,Ruzic A.,Cocciaretto E.,89,87,7,6,2,6,6,0,,,,,2,1,15,12,Completed,2.01,1.76
2025-08-20,Monterrey Open,WTA500,Outdoor,Hard,2nd Round,3,Sramkova R.,Fernandez L.A.,38,33,2,6,6,3,6,2,,,,,2,1,14,11,Completed,3.42,1.3
2025-08-21,Monterrey Open,WTA500,Outdoor,Hard,2nd Round,3,Bouzkova M.,Haddad Maia B.,53,20,6,3,6,4,,,,,,,2,,12,7,Completed,1.49,2.54
2025-08-21,Monterrey Open,WTA500,Outdoor,Hard,2nd Round,3,Noskova L.,Maria T.,23,43,6,3,6,2,,,,,,,2,,12,5,Completed,1.21,4.25
2025-08-21,Monterrey Open,WTA500,Outdoor,Hard,2nd Round,3,Parks A.,Navarro E.,71,11,4,6,6,3,6,2,,,,,2,1,16,11,Completed,2.93,1.39
2025-08-21,Monterrey Open,WTA500,Outdoor,Hard,2nd Round,3,Alexandrova E.,Tomljanovic A.,14,84,6,4,6,3,,,,,,,2,,12,7,Completed,1.26,3.75
2025-08-21,Monterrey Open,WTA500,Outdoor,Hard,Quarterfinals,3,Shnaider D.,Mertens E.,22,21,3,6,7,6,7,6,,,,,2,1,17,18,Completed,2.34,1.57
2025-08-22,Monterrey Open,WTA500,Outdoor,Hard,Quarterfinals,3,Parks A.,Sramkova R.,71,38,6,2,7,5,,,,,,,2,,13,7,Completed,1.92,1.85
2025-08-22,Monterrey Open,WTA500,Outdoor,Hard,Quarterfinals,3,Alexandrova E.,Noskova L.,14,23,7,6,4,6,6,2,,,,,2,1,17,14,Completed,1.78,2.0
2025-08-22,Monterrey Open,WTA500,Outdoor,Hard,Quarterfinals,3,Bouzkova M.,Ruzic A.,53,89,6,3,6,2,,,,,,,2,,12,5,Completed,1.44,2.72
2025-08-23,Monterrey Open,WTA500,Outdoor,Hard,Semifinals,3,Shnaider D.,Parks A.,22,71,6,3,7,6,,,,,,,2,,13,9,Completed,1.45,2.66
2025-08-23,Monterrey Open,WTA500,Outdoor,Hard,Semifinals,3,Alexandrova E.,Bouzkova M.,14,53,6,3,0,0,,,,,,,1,,6,3,Retired,1.59,2.29
2025-08-24,Monterrey Open,WTA500,Outdoor,Hard,The Final,3,Shnaider D.,Alexandrova E.,22,14,6,3,4,6,6,4,,,,,2,1,16,13,Completed,2.29,1.6
2025-08-24,US Open,Grand Slam,Outdoor,Hard,1st Round,3,Valentova T.,Bronzetti L.,96,57,6,3,3,6,6,4,,,,,2,1,15,13,Completed,1.21,4.28
2025-08-24,US Open,Grand Slam,Outdoor,Hard,1st Round,3,Kessler M.,Linette M.,41,37,7,5,7,5,,,,,,,2,,14,10,Completed,1.51,2.52
2025-08-24,US Open,Grand Slam,Outdoor,Hard,1st Round,3,Kudermetova P.,Parrizas Diaz N.,67,133,2,2,,,,,,,,,,,2,2,Retired,1.64,2.22
2025-08-24,US Open,Grand Slam,Outdoor,Hard,1st Round,3,Raducanu E.,Shibahara E.,36,128,6,1,6,2,,,,,,,2,,12,3,Completed,1.11,6.66
2025-08-24,US Open,Grand Slam,Outdoor,Hard,1st Round,3,Vondrousova M.,Selekhmeteva O.,60,163,6,3,7,6,,,,,,,2,,13,9,Completed,1.17,4.94
2025-08-24,US Open,Grand Slam,Outdoor,Hard,1st Round,3,Fernandez L.A.,Marino R.,30,117,6,2,6,1,,,,,,,2,,12,3,Completed,1.18,4.82
2025-08-24,US Open,Grand Slam,Outdoor,Hard,1st Round,3,Tjen J.,Kudermetova V.,149,25,6,4,4,6,6,4,,,,,2,1,16,14,Completed,2.73,1.44
2025-08-24,US Open,Grand Slam,Outdoor,Hard,1st Round,3,Uchijima M.,Danilovic O.,94,39,7,6,4,6,7,6,,,,,2,1,18,18,Completed,3.33,1.32
2025-08-24,US Open,Grand Slam,Outdoor,Hard,1st Round,3,Eala A.,Tauson C.,75,14,6,3,2,6,7,6,,,,,2,1,15,15,Completed,3.14,1.35
2025-08-24,US Open,Grand Slam,Outdoor,Hard,1st Round,3,Sabalenka A.,Masarova R.,1,108,7,5,6,1,,,,,,,2,,13,6,Completed,1.02,15.9
2025-08-24,US Open,Grand Slam,Outdoor,Hard,1st Round,3,McNally C.,Teichmann J.,101,87,6,2,6,2,,,,,,,2,,12,4,Completed,1.23,4.14
2025-08-24,US Open,Grand Slam,Outdoor,Hard,1st Round,3,Ostapenko J.,Wang Xiy.,26,147,6,4,6,3,,,,,,,2,,12,7,Completed,1.5,2.56
2025-08-24,US Open,Grand Slam,Outdoor,Hard,1st Round,3,Sun L.,Osorio M.,164,63,6,4,2,6,6,0,,,,,2,1,14,10,Completed,1.65,2.2
2025-08-24,US Open,Grand Slam,Outdoor,Hard,1st Round,3,Navarro E.,Wang Y.,11,170,7,6,6,3,,,,,,,2,,13,9,Completed,1.29,3.6
2025-08-24,US Open,Grand Slam,Outdoor,Hard,1st Round,3,Potapova A.,Zhu L.,53,302,6,4,4,6,6,2,,,,,2,1,16,12,Completed,1.52,2.5
2025-08-24,US Open,Grand Slam,Outdoor,Hard,1st Round,3,Bencic B.,Zhang S.,19,113,6,3,6,3,,,,,,,2,,12,6,Completed,1.32,3.34
2025-08-24,US Open,Grand Slam,Outdoor,Hard,1st Round,3,Blinkova A.,Starodubtseva Y.,80,68,6,3,6,1,,,,,,,2,,12,4,Completed,1.81,1.97
2025-08-25,US Open,Grand Slam,Outdoor,Hard,1st Round,3,Paolini J.,Aiava D.,8,166,6,2,7,6,,,,,,,2,,13,8,Completed,1.07,8.12
2025-08-25,US Open,Grand Slam,Outdoor,Hard,1st Round,3,Azarenka V.,Inoue H.,132,215,7,6,6,4,,,,,,,2,,13,10,Completed,1.2,4.96
2025-08-25,US Open,Grand Slam,Outdoor,Hard,1st Round,3,Pegula J.,Sherif M.,4,102,6,0,6,4,,,,,,,2,,12,4,Completed,1.03,11.91
2025-08-25,US Open,Grand Slam,Outdoor,Hard,1st Round,3,Putintseva Y.,Cocciaretto E.,55,85,6,4,7,6,,,,,,,2,,13,10,Completed,2.19,1.66
2025-08-25,US Open,Grand Slam,Outdoor,Hard,1st Round,3,Parry D.,Kvitova P.,107,543,6,1,6,0,,,,,,,2,,12,1,Completed,1.44,2.74
2025-08-25,US Open,Grand Slam,Outdoor,Hard,1st Round,3,Samsonova L.,Yuan Y.,20,100,2,6,6,4,6,4,,,,,2,1,14,14,Completed,1.23,4.07
2025-08-25,US Open,Grand Slam,Outdoor,Hard,1st Round,3,Hon P.,Jeanjean L.,126,93,6,3,7,5,,,,,,,2,,13,8,Completed,1.82,1.95
2025-08-25,US Open,Grand Slam,Outdoor,Hard,1st Round,3,Krejcikova B.,Mboko V.,62,23,6,3,6,2,,,,,,,2,,12,5,Completed,2.67,1.46
2025-08-25,US Open,Grand Slam,Outdoor,Hard,1st Round,3,Pavlyuchenkova A.,Yastremska D.,45,31,6,7,7,6,6,4,,,,,2,1,19,17,Completed,2.35,1.58
2025-08-25,US Open,Grand Slam,Outdoor,Hard,1st Round,3,Zarazua R.,Keys M.,82,6,6,7,7,6,7,5,,,,,2,1,20,18,Completed,8.3,1.07
2025-08-25,US Open,Grand Slam,Outdoor,Hard,1st Round,3,Mertens E.,Ahn A.,21,714,6,1,6,0,,,,,,,2,,12,1,Completed,1.04,11.07
2025-08-25,US Open,Grand Slam,Outdoor,Hard,1st Round,3,Townsend T.,Ruzic A.,139,69,6,4,6,4,,,,,,,2,,12,8,Completed,1.57,2.36
2025-08-25,US Open,Grand Slam,Outdoor,Hard,1st Round,3,Jovic I.,Sasnovich A.,73,119,7,6,6,3,,,,,,,2,,13,9,Completed,1.29,3.58
2025-08-25,US Open,Grand Slam,Outdoor,Hard,1st Round,3,Kalinskaya A.,Ngounoue C.,29,178,6,0,5,7,6,4,,,,,2,1,17,11,Completed,1.24,3.98
2025-08-25,US Open,Grand Slam,Outdoor,Hard,1st Round,3,Rybakina E.,Pareja J.,10,335,6,3,6,0,,,,,,,2,,12,3,Completed,1.03,11.83
2025-08-25,US Open,Grand Slam,Outdoor,Hard,1st Round,3,Bucsa C.,Liu C.,95,371,6,2,6,1,,,,,,,2,,12,3,Completed,1.59,2.31
2025-08-25,US Open,Grand Slam,Outdoor,Hard,1st Round,3,Rakhimova K.,Garcia C.,65,174,6,4,4,6,6,3,,,,,2,1,16,13,Completed,1.75,2.06
2025-08-25,US Open,Grand Slam,Outdoor,Hard,1st Round,3,Kasatkina D.,Ruse E.G.,18,70,7,5,6,1,,,,,,,2,,13,6,Completed,1.58,2.35
2025-08-25,US Open,Grand Slam,Outdoor,Hard,1st Round,3,Li A.,Sramkova R.,58,35,4,6,6,2,6,4,,,,,2,1,16,12,Completed,1.76,2.03
2025-08-25,US Open,Grand Slam,Outdoor,Hard,1st Round,3,Sakkari M.,Maria T.,64,42,6,3,6,2,,,,,,,2,,12,5,Completed,1.26,3.81
2025-08-25,US Open,Grand Slam,Outdoor,Hard,1st Round,3,Jacquemot E.,Bouzkova M.,91,44,6,4,6,3,,,,,,,2,,12,7,Completed,3.06,1.37
2025-08-25,US Open,Grand Slam,Outdoor,Hard,1st Round,3,Frech M.,Gibson T.,33,105,6,2,6,2,,,,,,,2,,12,4,Completed,1.71,2.11
2025-08-25,US Open,Grand Slam,Outdoor,Hard,1st Round,3,Bondar A.,Svitolina E.,97,15,6,2,6,4,,,,,,,2,,12,6,Completed,8.5,1.07
2025-08-26,US Open,Grand Slam,Outdoor,Hard,1st Round,3,Sonmez Z.,Volynets K.,81,109,6,3,6,4,,,,,,,2,,12,7,Completed,2.38,1.56
2025-08-26,US Open,Grand Slam,Outdoor,Hard,1st Round,3,Stearns P.,Semenistaja D.,54,115,7,5,6,0,,,,,,,2,,13,5,Completed,1.29,3.52
2025-08-26,US Open,Grand Slam,Outdoor,Hard,1st Round,3,Muchova K.,Williams V.,13,602,6,3,2,6,6,1,,,,,2,1,14,10,Completed,1.06,9.14
2025-08-26,US Open,Grand Slam,Outdoor,Hard,1st Round,3,Andreeva M.,Parks A.,5,56,6,0,6,1,,,,,,,2,,12,1,Completed,1.16,5.07
2025-08-26,US Open,Grand Slam,Outdoor,Hard,1st Round,3,Joint M.,Jimenez Kasintseva V.,43,130,6,4,7,6,,,,,,,2,,13,10,Completed,1.22,4.22
2025-08-26,US Open,Grand Slam,Outdoor,Hard,1st Round,3,Kostyuk M.,Boulter K.,28,48,6,4,6,4,,,,,,,2,,12,8,Completed,1.51,2.53
2025-08-26,US Open,Grand Slam,Outdoor,Hard,1st Round,3,Haddad Maia B.,Kartal S.,22,51,6,3,1,6,6,1,,,,,2,1,13,10,Completed,2.0,1.78
2025-08-26,US Open,Grand Slam,Outdoor,Hard,1st Round,3,Lamens S.,Glozman V.,66,902,6,4,6,2,,,,,,,2,,12,6,Completed,1.22,4.23
2025-08-26,US Open,Grand Slam,Outdoor,Hard,1st Round,3,Swiatek I.,Arango E.,2,84,6,1,6,2,,,,,,,2,,12,3,Completed,1.01,19.77
2025-08-26,US Open,Grand Slam,Outdoor,Hard,1st Round,3,Golubic V.,Boisson L.,72,46,3,6,7,6,6,2,,,,,2,1,16,14,Completed,1.65,2.19
2025-08-26,US Open,Grand Slam,Outdoor,Hard,1st Round,3,Cristian J.,Collins D.,50,61,6,2,6,0,,,,,,,2,,12,2,Completed,3.17,1.35
2025-08-26,US Open,Grand Slam,Outdoor,Hard,1st Round,3,Wang Xin.,Dolehide C.,34,78,2,6,6,4,6,2,,,,,2,1,14,12,Completed,1.59,2.32
2025-08-26,US Open,Grand Slam,Outdoor,Hard,1st Round,3,Anisimova A.,Birrell K.,9,83,6,3,6,2,,,,,,,2,,12,5,Completed,1.15,5.28
2025-08-26,US Open,Grand Slam,Outdoor,Hard,1st Round,3,Noskova L.,Galfi D.,32,99,6,4,7,5,,,,,,,2,,13,9,Completed,1.29,3.52
2025-08-26,US Open,Grand Slam,Outdoor,Hard,1st Round,3,Krueger A.,Kenin S.,38,27,5,7,6,4,6,2,,,,,2,1,17,13,Completed,1.99,1.8
2025-08-26,US Open,Grand Slam,Outdoor,Hard,1st Round,3,Siegemund L.,Shnaider D.,52,17,7,6,2,6,6,3,,,,,2,1,15,15,Completed,3.06,1.37
2025-08-26,US Open,Grand Slam,Outdoor,Hard,1st Round,3,Lys E.,Jones F.,59,89,6,0,7,5,,,,,,,2,,13,5,Completed,1.68,2.17
2025-08-26,US Open,Grand Slam,Outdoor,Hard,1st Round,3,Alexandrova E.,Sevastova A.,12,233,6,4,6,1,,,,,,,2,,12,5,Completed,1.26,3.83
2025-08-26,US Open,Grand Slam,Outdoor,Hard,1st Round,3,Cirstea S.,Sierra S.,71,74,7,5,6,0,,,,,,,2,,13,5,Completed,1.28,3.59
2025-08-26,US Open,Grand Slam,Outdoor,Hard,1st Round,3,Baptiste H.,Siniakova K.,47,76,7,5,6,3,,,,,,,2,,13,8,Completed,2.18,1.66
2025-08-26,US Open,Grand Slam,Outdoor,Hard,1st Round,3,Vekic D.,Bouzas Maneiro J.,49,40,3,6,7,5,6,3,,,,,2,1,16,14,Completed,1.96,1.82
2025-08-27,US Open,Grand Slam,Outdoor,Hard,1st Round,3,Osaka N.,Minnen G.,24,106,6,3,6,4,,,,,,,2,,12,7,Completed,1.12,6.28
2025-08-27,US Open,Grand Slam,Outdoor,Hard,1st Round,3,Gauff C.,Tomljanovic A.,3,79,6,4,6,7,7,5,,,,,2,1,19,16,Completed,1.07,8.47
2025-08-27,US Open,Grand Slam,Outdoor,Hard,1st Round,3,Zakharova A.,Avanesyan E.,90,103,6,3,6,4,,,,,,,2,,12,7,Completed,1.53,2.47
2025-08-27,US Open,Grand Slam,Outdoor,Hard,2nd Round,3,Navarro E.,McNally C.,11,101,6,2,6,1,,,,,,,2,,12,3,Completed,1.67,2.16
2025-08-27,US Open,Grand Slam,Outdoor,Hard,2nd Round,3,Raducanu E.,Tjen J.,36,149,6,2,6,1,,,,,,,2,,12,3,Completed,1.25,3.84
2025-08-27,US Open,Grand Slam,Outdoor,Hard,2nd Round,3,Azarenka V.,Pavlyuchenkova A.,132,45,6,3,6,3,,,,,,,2,,12,6,Completed,2.28,1.61
2025-08-27,US Open,Grand Slam,Outdoor,Hard,2nd Round,3,Bucsa C.,Eala A.,95,75,6,4,6,3,,,,,,,2,,12,7,Completed,2.51,1.51
2025-08-27,US Open,Grand Slam,Outdoor,Hard,2nd Round,3,Pegula J.,Blinkova A.,4,80,6,1,6,3,,,,,,,2,,12,4,Completed,1.15,5.34
2025-08-27,US Open,Grand Slam,Outdoor,Hard,2nd Round,3,Krejcikova B.,Uchijima M.,62,94,6,4,6,2,,,,,,,2,,12,6,Completed,1.17,4.99
2025-08-27,US Open,Grand Slam,Outdoor,Hard,2nd Round,3,Rybakina E.,Valentova T.,10,96,6,3,7,6,,,,,,,2,,13,9,Completed,1.22,4.11
2025-08-27,US Open,Grand Slam,Outdoor,Hard,2nd Round,3,Townsend T.,Ostapenko J.,139,26,7,5,6,1,,,,,,,2,,13,6,Completed,1.78,2.01
2025-08-27,US Open,Grand Slam,Outdoor,Hard,2nd Round,3,Hon P.,Samsonova L.,126,20,4,6,6,3,6,2,,,,,2,1,16,11,Completed,4.74,1.18
2025-08-27,US Open,Grand Slam,Outdoor,Hard,2nd Round,3,Mertens E.,Sun L.,21,164,6,2,6,3,,,,,,,2,,12,5,Completed,1.2,4.5
2025-08-27,US Open,Grand Slam,Outdoor,Hard,2nd Round,3,Andreeva M.,Potapova A.,5,53,6,1,6,3,,,,,,,2,,12,4,Completed,1.15,5.32
2025-08-28,US Open,Grand Slam,Outdoor,Hard,2nd Round,3,Paolini J.,Jovic I.,8,73,6,3,6,3,,,,,,,2,,12,6,Completed,1.31,3.42
2025-08-28,US Open,Grand Slam,Outdoor,Hard,2nd Round,3,Vondrousova M.,Kessler M.,60,41,7,6,6,2,,,,,,,2,,13,8,Completed,1.52,2.51
2025-08-28,US Open,Grand Slam,Outdoor,Hard,2nd Round,3,Fernandez L.A.,Jacquemot E.,30,91,2,6,6,3,6,2,,,,,2,1,14,11,Completed,1.26,3.8
2025-08-28,US Open,Grand Slam,Outdoor,Hard,2nd Round,3,Li A.,Bencic B.,58,19,6,3,6,3,,,,,,,2,,12,6,Completed,2.98,1.39
2025-08-28,US Open,Grand Slam,Outdoor,Hard,2nd Round,3,Sabalenka A.,Kudermetova P.,1,67,7,6,6,2,,,,,,,2,,13,8,Completed,1.03,12.66
2025-08-28,US Open,Grand Slam,Outdoor,Hard,2nd Round,3,Noskova L.,Lys E.,32,59,6,4,3,0,,,,,,,1,,9,4,Retired,1.43,2.77
2025-08-28,US Open,Grand Slam,Outdoor,Hard,2nd Round,3,Alexandrova E.,Wang Xin.,12,34,6,2,6,2,,,,,,,2,,12,4,Completed,1.42,2.86
2025-08-28,US Open,Grand Slam,Outdoor,Hard,2nd Round,3,Haddad Maia B.,Golubic V.,22,72,6,1,6,4,,,,,,,2,,12,5,Completed,1.74,2.06
2025-08-28,US Open,Grand Slam,Outdoor,Hard,2nd Round,3,Sakkari M.,Bondar A.,64,97,6,3,6,1,,,,,,,2,,12,4,Completed,1.32,3.35
2025-08-28,US Open,Grand Slam,Outdoor,Hard,2nd Round,3,Kalinskaya A.,Putintseva Y.,29,55,6,1,7,5,,,,,,,2,,13,6,Completed,1.3,3.46
2025-08-28,US Open,Grand Slam,Outdoor,Hard,2nd Round,3,Swiatek I.,Lamens S.,2,66,6,1,4,6,6,4,,,,,2,1,16,11,Completed,1.01,18.93
2025-08-28,US Open,Grand Slam,Outdoor,Hard,2nd Round,3,Kostyuk M.,Sonmez Z.,28,81,7,5,6,7,6,3,,,,,2,1,19,15,Completed,1.21,4.36
2025-08-28,US Open,Grand Slam,Outdoor,Hard,2nd Round,3,Frech M.,Stearns P.,33,54,6,7,6,3,6,2,,,,,2,1,18,12,Completed,2.55,1.5
2025-08-28,US Open,Grand Slam,Outdoor,Hard,2nd Round,3,Osaka N.,Baptiste H.,24,47,6,3,6,1,,,,,,,2,,12,4,Completed,1.2,4.39
2025-08-28,US Open,Grand Slam,Outdoor,Hard,2nd Round,3,Siegemund L.,Zakharova A.,52,90,6,4,6,2,,,,,,,2,,12,6,Completed,1.54,2.45
2025-08-28,US Open,Grand Slam,Outdoor,Hard,2nd Round,3,Muchova K.,Cirstea S.,13,71,7,6,6,7,6,4,,,,,2,1,19,17,Completed,1.86,1.91
2025-08-28,US Open,Grand Slam,Outdoor,Hard,2nd Round,3,Parry D.,Zarazua R.,107,82,6,2,2,6,7,6,,,,,2,1,15,14,Completed,1.85,1.93
2025-08-28,US Open,Grand Slam,Outdoor,Hard,2nd Round,3,Cristian J.,Krueger A.,50,38,4,6,6,2,6,2,,,,,2,1,16,10,Completed,2.22,1.65
2025-08-28,US Open,Grand Slam,Outdoor,Hard,2nd Round,3,Kasatkina D.,Rakhimova K.,18,65,6,2,4,6,7,5,,,,,2,1,17,13,Completed,1.46,2.69
2025-08-29,US Open,Grand Slam,Outdoor,Hard,2nd Round,3,Gauff C.,Vekic D.,3,49,7,6,6,2,,,,,,,2,,13,8,Completed,1.13,5.83
2025-08-29,US Open,Grand Slam,Outdoor,Hard,2nd Round,3,Anisimova A.,Joint M.,9,43,7,6,6,2,,,,,,,2,,13,8,Completed,1.3,3.45
2025-08-29,US Open,Grand Slam,Outdoor,Hard,3rd Round,3,Rybakina E.,Raducanu E.,10,36,6,1,6,2,,,,,,,2,,12,3,Completed,1.56,2.39
2025-08-29,US Open,Grand Slam,Outdoor,Hard,3rd Round,3,Vondrousova M.,Paolini J.,60,8,7,6,6,1,,,,,,,2,,13,7,Completed,1.88,1.89
2025-08-29,US Open,Grand Slam,Outdoor,Hard,3rd Round,3,Pegula J.,Azarenka V.,4,132,6,1,7,5,,,,,,,2,,13,6,Completed,1.21,4.27
2025-08-29,US Open,Grand Slam,Outdoor,Hard,3rd Round,3,Bucsa C.,Mertens E.,95,21,3,6,7,5,6,3,,,,,2,1,16,14,Completed,5.29,1.15
2025-08-29,US Open,Grand Slam,Outdoor,Hard,3rd Round,3,Li A.,Hon P.,58,126,7,5,6,3,,,,,,,2,,13,8,Completed,1.33,3.3
2025-08-29,US Open,Grand Slam,Outdoor,Hard,3rd Round,3,Krejcikova B.,Navarro E.,62,11,4,6,6,4,6,4,,,,,2,1,16,14,Completed,1.89,1.88
2025-08-30,US Open,Grand Slam,Outdoor,Hard,3rd Round,3,Sabalenka A.,Fernandez L.A.,1,30,6,3,7,6,,,,,,,2,,13,9,Completed,1.15,5.28
2025-08-30,US Open,Grand Slam,Outdoor,Hard,3rd Round,3,Townsend T.,Andreeva M.,139,5,7,5,6,2,,,,,,,2,,13,7,Completed,4.74,1.18
2025-08-30,US Open,Grand Slam,Outdoor,Hard,3rd Round,3,Muchova K.,Noskova L.,13,32,6,7,6,4,6,2,,,,,2,1,18,13,Completed,1.87,1.91
2025-08-30,US Open,Grand Slam,Outdoor,Hard,3rd Round,3,Gauff C.,Frech M.,3,33,6,3,6,1,,,,,,,2,,12,4,Completed,1.11,6.4
2025-08-30,US Open,Grand Slam,Outdoor,Hard,3rd Round,3,Kostyuk M.,Parry D.,28,107,3,6,6,4,6,2,,,,,2,1,15,12,Completed,1.27,3.67
2025-08-30,US Open,Grand Slam,Outdoor,Hard,3rd Round,3,Osaka N.,Kasatkina D.,24,18,6,0,4,6,6,3,,,,,2,1,16,9,Completed,1.26,3.82
2025-08-30,US Open,Grand Slam,Outdoor,Hard,3rd Round,3,Alexandrova E.,Siegemund L.,12,52,6,0,6,1,,,,,,,2,,12,1,Completed,1.26,3.75
2025-08-30,US Open,Grand Slam,Outdoor,Hard,3rd Round,3,Anisimova A.,Cristian J.,9,50,6,4,4,6,6,2,,,,,2,1,16,12,Completed,1.19,4.53
2025-08-31,US Open,Grand Slam,Outdoor,Hard,3rd Round,3,Swiatek I.,Kalinskaya A.,2,29,7,6,6,4,,,,,,,2,,13,10,Completed,1.15,5.26
2025-08-31,US Open,Grand Slam,Outdoor,Hard,3rd Round,3,Haddad Maia B.,Sakkari M.,22,64,6,1,6,2,,,,,,,2,,12,3,Completed,2.38,1.56
2025-08-31,US Open,Grand Slam,Outdoor,Hard,4th Round,3,Pegula J.,Li A.,4,58,6,1,6,2,,,,,,,2,,12,3,Completed,1.24,3.96
2025-08-31,US Open,Grand Slam,Outdoor,Hard,4th Round,3,Krejcikova B.,Townsend T.,62,139,1,6,7,6,6,3,,,,,2,1,14,15,Completed,1.72,2.09
2025-09-01,US Open,Grand Slam,Outdoor,Hard,4th Round,3,Sabalenka A.,Bucsa C.,1,95,6,1,6,4,,,,,,,2,,12,5,Completed,1.03,11.72
2025-09-01,US Open,Grand Slam,Outdoor,Hard,4th Round,3,Vondrousova M.,Rybakina E.,60,10,6,4,5,7,6,2,,,,,2,1,17,13,Completed,2.97,1.39
2025-09-01,US Open,Grand Slam,Outdoor,Hard,4th Round,3,Swiatek I.,Alexandrova E.,2,12,6,3,6,1,,,,,,,2,,12,4,Completed,1.26,3.8
2025-09-01,US Open,Grand Slam,Outdoor,Hard,4th Round,3,Muchova K.,Kostyuk M.,13,28,6,3,6,7,6,3,,,,,2,1,18,13,Completed,1.66,2.2
2025-09-01,US Open,Grand Slam,Outdoor,Hard,4th Round,3,Osaka N.,Gauff C.,24,3,6,3,6,2,,,,,,,2,,12,5,Completed,2.11,1.72
2025-09-02,US Open,Grand Slam,Outdoor,Hard,4th Round,3,Anisimova A.,Haddad Maia B.,9,22,6,0,6,3,,,,,,,2,,12,3,Completed,1.26,3.75
2025-09-02,US Open,Grand Slam,Outdoor,Hard,Quarterfinals,3,Pegula J.,Krejcikova B.,4,62,6,3,6,3,,,,,,,2,,12,6,Completed,1.35,3.21
2025-09-03,US Open,Grand Slam,Outdoor,Hard,Quarterfinals,3,Anisimova A.,Swiatek I.,9,2,6,4,6,3,,,,,,,2,,12,7,Completed,4.1,1.24
2025-09-04,US Open,Grand Slam,Outdoor,Hard,Quarterfinals,3,Osaka N.,Muchova K.,24,13,6,4,7,6,,,,,,,2,,13,10,Completed,1.34,3.3
2025-09-05,US Open,Grand Slam,Outdoor,Hard,Semifinals,3,Sabalenka A.,Pegula J.,1,4,4,6,6,3,6,4,,,,,2,1,16,13,Completed,1.3,3.56
2025-09-05,US Open,Grand Slam,Outdoor,Hard,Semifinals,3,Anisimova A.,Osaka N.,9,24,6,7,7,6,6,3,,,,,2,1,19,16,Completed,1.9,1.9
2025-09-06,US Open,Grand Slam,Outdoor,Hard,The Final,3,Sabalenka A.,Anisimova A.,1,9,6,3,7,6,,,,,,,2,,13,9,Completed,1.56,2.44
2025-09-08,Guadalajara Open,WTA500,Outdoor,Hard,1st Round,3,Vidmanova D.,Parks A.,161,58,6,2,6,4,,,,,,,2,,12,6,Completed,1.78,2.02
2025-09-08,Guadalajara Open,WTA500,Outdoor,Hard,1st Round,3,Bartunkova N.,Fossa Huergo N.,228,269,6,4,6,2,,,,,,,2,,12,6,Completed,1.16,5.13
2025-09-08,Guadalajara Open,WTA500,Outdoor,Hard,1st Round,3,Jovic I.,Kawa K.,73,120,6,4,4,6,6,3,,,,,2,1,16,13,Completed,1.14,5.59
2025-09-08,Guadalajara Open,WTA500,Outdoor,Hard,1st Round,3,Jimenez Kasintseva V.,Pridankina E.,123,209,6,4,6,3,,,,,,,2,,12,7,Completed,1.48,2.61
2025-09-09,Guadalajara Open,WTA500,Outdoor,Hard,1st Round,3,Stakusic M.,Kudermetova P.,155,65,3,6,7,5,6,4,,,,,2,1,16,15,Completed,2.34,1.59
2025-09-09,Guadalajara Open,WTA500,Outdoor,Hard,1st Round,3,Maria T.,Sonmez Z.,51,74,6,4,6,2,,,,,,,2,,12,6,Completed,2.25,1.63
2025-09-09,Guadalajara Open,WTA500,Outdoor,Hard,1st Round,3,Jacquemot E.,Sakkari M.,83,55,6,2,6,0,,,,,,,2,,12,2,Completed,2.68,1.47
2025-09-10,Guadalajara Open,WTA500,Outdoor,Hard,1st Round,3,Marino R.,Trevisan M.,121,299,6,2,6,3,,,,,,,2,,12,5,Completed,1.52,2.5
2025-09-10,Guadalajara Open,WTA500,Outdoor,Hard,1st Round,3,Arango E.,Linette M.,86,37,6,0,0,0,,,,,,,1,,6,0,Retired,2.99,1.4
2025-09-10,Guadalajara Open,WTA500,Outdoor,Hard,1st Round,3,Hunter S.,Siniakova K.,1269,78,7,6,4,6,6,3,,,,,2,1,17,15,Completed,6.15,1.12
2025-09-10,Guadalajara Open,WTA500,Outdoor,Hard,1st Round,3,Osorio M.,Rakhimova K.,69,76,7,5,7,5,,,,,,,2,,14,10,Completed,2.08,1.73
2025-09-10,Guadalajara Open,WTA500,Outdoor,Hard,1st Round,3,Stefanini L.,Stephens S.,148,1051,6,4,4,6,6,1,,,,,2,1,16,11,Completed,1.43,2.75
2025-09-10,Guadalajara Open,WTA500,Outdoor,Hard,2nd Round,3,Bartunkova N.,Vidmanova D.,228,161,6,3,6,2,,,,,,,2,,12,5,Completed,2.81,1.42
2025-09-11,Guadalajara Open,WTA500,Outdoor,Hard,2nd Round,3,Maria T.,Marino R.,51,121,6,3,7,5,,,,,,,2,,13,8,Completed,1.76,2.05
2025-09-11,Guadalajara Open,WTA500,Outdoor,Hard,2nd Round,3,Arango E.,Hunter S.,86,1269,6,2,6,2,,,,,,,2,,12,4,Completed,1.49,2.56
2025-09-11,Guadalajara Open,WTA500,Outdoor,Hard,2nd Round,3,Jimenez Kasintseva V.,Kudermetova V.,123,26,6,4,6,2,,,,,,,2,,12,6,Completed,3.73,1.27
2025-09-11,Guadalajara Open,WTA500,Outdoor,Hard,2nd Round,3,Jacquemot E.,Mertens E.,83,22,4,6,6,3,6,4,,,,,2,1,16,13,Completed,4.3,1.23
2025-09-12,Guadalajara Open,WTA500,Outdoor,Hard,2nd Round,3,Jovic I.,Osorio M.,73,69,6,4,6,2,,,,,,,2,,12,6,Completed,1.64,2.13
2025-09-12,Guadalajara Open,WTA500,Outdoor,Hard,2nd Round,3,Frech M.,Stefanini L.,30,148,6,1,7,6,,,,,,,2,,13,7,Completed,1.39,2.94
2025-09-12,Guadalajara Open,WTA500,Outdoor,Hard,2nd Round,3,Stakusic M.,Ostapenko J.,155,24,6,4,6,7,6,2,,,,,2,1,18,13,Completed,3.83,1.27
2025-09-12,Guadalajara Open,WTA500,Outdoor,Hard,Quarterfinals,3,Jacquemot E.,Maria T.,83,51,3,6,6,4,6,4,,,,,2,1,15,14,Completed,1.46,2.69
2025-09-13,Guadalajara Open,WTA500,Outdoor,Hard,Quarterfinals,3,Jovic I.,Jimenez Kasintseva V.,73,123,6,3,3,6,7,6,,,,,2,1,16,15,Completed,1.42,2.83
2025-09-13,Guadalajara Open,WTA500,Outdoor,Hard,Quarterfinals,3,Arango E.,Stakusic M.,86,155,6,2,6,3,,,,,,,2,,12,5,Completed,1.54,2.43
2025-09-13,Guadalajara Open,WTA500,Outdoor,Hard,Quarterfinals,3,Bartunkova N.,Frech M.,228,30,7,5,6,4,,,,,,,2,,13,9,Completed,2.14,1.7
2025-09-13,Guadalajara Open,WTA500,Outdoor,Hard,Semifinals,3,Arango E.,Jacquemot E.,86,83,6,4,7,5,,,,,,,2,,13,9,Completed,2.41,1.55
2025-09-14,Guadalajara Open,WTA500,Outdoor,Hard,Semifinals,3,Jovic I.,Bartunkova N.,73,228,6,3,6,7,6,3,,,,,2,1,18,13,Completed,1.57,2.36
2025-09-14,Guadalajara Open,WTA500,Outdoor,Hard,The Final,3,Jovic I.,Arango E.,73,86,6,4,6,1,,,,,,,2,,12,5,Completed,1.5,2.57
2025-09-08,SP Open,WTA250,Outdoor,Hard,1st Round,3,Rodriguez V.,Tomljanovic A.,411,91,6,4,4,2,,,,,,,1,,10,6,Retired,8.05,1.07
2025-09-08,SP Open,WTA250,Outdoor,Hard,1st Round,3,Sierra S.,Hartono A.,82,189,7,6,6,3,,,,,,,2,,13,9,Completed,1.25,3.87
2025-09-08,SP Open,WTA250,Outdoor,Hard,1st Round,3,Rakotomanga Rajaonah T.,Sanchez A.S.,214,179,6,4,4,6,7,6,,,,,2,1,17,16,Completed,2.04,1.76
2025-09-08,SP Open,WTA250,Outdoor,Hard,1st Round,3,Leme Da Silva N.V.,Alves C.,1206,237,6,7,6,2,6,0,,,,,2,1,18,9,Completed,3.08,1.36
2025-09-08,SP Open,WTA250,Outdoor,Hard,1st Round,3,Okalova M.,Rodionova Ar.,464,242,7,5,6,4,,,,,,,2,,13,9,Completed,3.78,1.26
2025-09-08,SP Open,WTA250,Outdoor,Hard,1st Round,3,Tjen J.,Jeanjean L.,130,95,6,2,6,3,,,,,,,2,,12,5,Completed,1.32,3.3
2025-09-08,SP Open,WTA250,Outdoor,Hard,1st Round,3,Riera J.,Diatchenko V.,188,429,6,3,7,6,,,,,,,2,,13,9,Completed,1.67,2.15
2025-09-08,SP Open,WTA250,Outdoor,Hard,1st Round,3,Osuigwe W.,Barros V.L.,136,566,6,3,6,4,,,,,,,2,,12,7,Completed,1.1,6.83
2025-09-09,SP Open,WTA250,Outdoor,Hard,1st Round,3,Zarazua R.,Fullana L.,84,578,6,2,6,1,,,,,,,2,,12,3,Completed,1.01,15.84
2025-09-09,SP Open,WTA250,Outdoor,Hard,1st Round,3,Udvardy P.,Rogers A.S.,118,250,6,2,6,3,,,,,,,2,,12,5,Completed,1.18,4.67
2025-09-09,SP Open,WTA250,Outdoor,Hard,1st Round,3,Jones F.,Glushko L.,85,389,4,6,6,2,6,3,,,,,2,1,16,11,Completed,1.05,9.61
2025-09-09,SP Open,WTA250,Outdoor,Hard,1st Round,3,Cengiz B.,Ortenzi J.,565,289,6,1,6,2,,,,,,,2,,12,3,Completed,1.99,1.79
2025-09-09,SP Open,WTA250,Outdoor,Hard,1st Round,3,Pigossi L.,Mandlik E.,193,257,2,6,6,3,6,4,,,,,2,1,14,13,Completed,2.38,1.56
2025-09-09,SP Open,WTA250,Outdoor,Hard,1st Round,3,Candiotto A.,Strakhova V.,593,303,6,3,5,7,6,0,,,,,2,1,17,10,Completed,3.92,1.24
2025-09-09,SP Open,WTA250,Outdoor,Hard,1st Round,3,Eala A.,Mansouri Y.,61,380,6,0,6,2,,,,,,,2,,12,2,Completed,1.04,11.33
2025-09-10,SP Open,WTA250,Outdoor,Hard,1st Round,3,Haddad Maia B.,Tona M.,27,409,6,1,6,1,,,,,,,2,,12,2,Completed,1.02,14.81
2025-09-10,SP Open,WTA250,Outdoor,Hard,2nd Round,3,Rakotomanga Rajaonah T.,Rodriguez V.,214,411,7,5,6,1,,,,,,,2,,13,6,Completed,1.93,1.86
2025-09-10,SP Open,WTA250,Outdoor,Hard,2nd Round,3,Tjen J.,Okalova M.,130,464,6,1,6,0,,,,,,,2,,12,1,Completed,1.04,11.16
2025-09-10,SP Open,WTA250,Outdoor,Hard,2nd Round,3,Jones F.,Osuigwe W.,85,136,6,4,7,6,,,,,,,2,,13,10,Completed,1.26,3.75
2025-09-10,SP Open,WTA250,Outdoor,Hard,2nd Round,3,Sierra S.,Leme Da Silva N.V.,82,1206,6,0,6,4,,,,,,,2,,12,4,Completed,1.12,6.05
2025-09-10,SP Open,WTA250,Outdoor,Hard,2nd Round,3,Eala A.,Riera J.,61,188,6,1,6,4,,,,,,,2,,12,5,Completed,1.19,4.6
2025-09-11,SP Open,WTA250,Outdoor,Hard,2nd Round,3,Zarazua R.,Cengiz B.,84,565,6,4,6,4,,,,,,,2,,12,8,Completed,1.07,7.82
2025-09-11,SP Open,WTA250,Outdoor,Hard,2nd Round,3,Udvardy P.,Candiotto A.,118,593,6,3,6,3,,,,,,,2,,12,6,Completed,1.03,12.69
2025-09-11,SP Open,WTA250,Outdoor,Hard,2nd Round,3,Haddad Maia B.,Pigossi L.,27,193,6,1,6,4,,,,,,,2,,12,5,Completed,1.11,6.57
2025-09-12,SP Open,WTA250,Outdoor,Hard,Quarterfinals,3,Tjen J.,Eala A.,130,61,6,4,6,1,,,,,,,2,,12,5,Completed,2.01,1.78
2025-09-12,SP Open,WTA250,Outdoor,Hard,Quarterfinals,3,Jones F.,Sierra S.,85,82,6,3,6,4,,,,,,,2,,12,7,Completed,1.85,1.93
2025-09-12,SP Open,WTA250,Outdoor,Hard,Quarterfinals,3,Zarazua R.,Haddad Maia B.,84,27,7,6,6,3,,,,,,,2,,13,9,Completed,3.01,1.37
2025-09-12,SP Open,WTA250,Outdoor,Hard,Quarterfinals,3,Rakotomanga Rajaonah T.,Udvardy P.,214,118,6,2,6,4,,,,,,,2,,12,6,Completed,3.09,1.36
2025-09-13,SP Open,WTA250,Outdoor,Hard,Semifinals,3,Tjen J.,Jones F.,130,85,7,6,6,3,,,,,,,2,,13,9,Completed,1.37,3.02
2025-09-13,SP Open,WTA250,Outdoor,Hard,Semifinals,3,Rakotomanga Rajaonah T.,Zarazua R.,214,84,6,3,6,2,,,,,,,2,,12,5,Completed,3.59,1.28
2025-09-14,SP Open,WTA250,Outdoor,Hard,The Final,3,Rakotomanga Rajaonah T.,Tjen J.,214,130,6,3,6,4,,,,,,,2,,12,7,Completed,3.97,1.24
2025-09-15,Korea Open,WTA500,Outdoor,Hard,1st Round,3,Lys E.,Krueger A.,69,45,6,3,6,4,,,,,,,2,,12,7,Completed,1.74,2.06
2025-09-15,Korea Open,WTA500,Outdoor,Hard,1st Round,3,Joint M.,Fruhvirtova L.,46,139,6,4,7,6,,,,,,,2,,13,10,Completed,1.32,3.3
2025-09-15,Korea Open,WTA500,Outdoor,Hard,1st Round,3,Siniakova K.,Park S.,77,293,6,2,6,2,,,,,,,2,,12,4,Completed,1.05,10.05
2025-09-15,Korea Open,WTA500,Outdoor,Hard,1st Round,3,Seidel E.,Ponchet J.,105,167,5,7,6,4,6,2,,,,,2,1,17,13,Completed,1.52,2.48
2025-09-15,Korea Open,WTA500,Outdoor,Hard,1st Round,3,Kenin S.,Siegemund L.,30,43,2,6,6,3,7,5,,,,,2,1,15,14,Completed,1.73,2.07
2025-09-15,Korea Open,WTA500,Outdoor,Hard,1st Round,3,Boisson L.,Ku Y.,49,305,6,2,6,1,,,,,,,2,,12,3,Completed,1.41,2.88
2025-09-16,Korea Open,WTA500,Outdoor,Hard,1st Round,3,Krejcikova B.,Prozorova T.,39,194,6,1,6,2,,,,,,,2,,12,3,Completed,1.3,3.48
2025-09-17,Korea Open,WTA500,Outdoor,Hard,1st Round,3,Cirstea S.,Zakharova A.,66,79,6,3,6,1,,,,,,,2,,12,4,Completed,1.22,4.11
2025-09-17,Korea Open,WTA500,Outdoor,Hard,1st Round,3,Shnaider D.,McNally C.,19,93,2,6,6,2,6,4,,,,,2,1,14,12,Completed,1.57,2.37
2025-09-17,Korea Open,WTA500,Outdoor,Hard,1st Round,3,Lamens S.,Maria T.,64,44,6,4,6,1,,,,,,,2,,12,5,Completed,1.63,2.24
2025-09-17,Korea Open,WTA500,Outdoor,Hard,1st Round,3,Haddad Maia B.,Back D.,25,306,6,4,6,3,,,,,,,2,,12,7,Completed,1.12,6.04
2025-09-17,Korea Open,WTA500,Outdoor,Hard,1st Round,3,Raducanu E.,Cristian J.,33,41,6,3,6,4,,,,,,,2,,12,7,Completed,1.29,3.51
2025-09-17,Korea Open,WTA500,Outdoor,Hard,2nd Round,3,Tauson C.,Lys E.,12,69,6,2,7,6,,,,,,,2,,13,8,Completed,1.6,2.3
2025-09-17,Korea Open,WTA500,Outdoor,Hard,2nd Round,3,Joint M.,Kenin S.,46,30,6,3,6,1,,,,,,,2,,12,4,Completed,1.66,2.19
2025-09-18,Korea Open,WTA500,Outdoor,Hard,2nd Round,3,Lamens S.,Shnaider D.,64,19,6,4,6,4,,,,,,,2,,12,8,Completed,3.43,1.31
2025-09-18,Korea Open,WTA500,Outdoor,Hard,2nd Round,3,Alexandrova E.,Boisson L.,11,49,4,6,6,2,6,2,,,,,2,1,16,10,Completed,1.22,4.24
2025-09-18,Korea Open,WTA500,Outdoor,Hard,2nd Round,3,Seidel E.,Haddad Maia B.,105,25,6,7,7,6,7,5,,,,,2,1,20,18,Completed,2.06,1.74
2025-09-18,Korea Open,WTA500,Outdoor,Hard,2nd Round,3,Swiatek I.,Cirstea S.,2,66,6,3,6,2,,,,,,,2,,12,5,Completed,1.08,7.62
2025-09-18,Korea Open,WTA500,Outdoor,Hard,2nd Round,3,Siniakova K.,Kasatkina D.,77,16,7,6,6,2,,,,,,,2,,13,8,Completed,2.0,1.79
2025-09-18,Korea Open,WTA500,Outdoor,Hard,2nd Round,3,Krejcikova B.,Raducanu E.,39,33,4,6,7,6,6,1,,,,,2,1,17,13,Completed,1.99,1.8
2025-09-20,Korea Open,WTA500,Outdoor,Hard,Quarterfinals,3,Joint M.,Tauson C.,46,12,6,0,6,3,,,,,,,2,,12,3,Completed,2.37,1.57
2025-09-20,Korea Open,WTA500,Outdoor,Hard,Quarterfinals,3,Swiatek I.,Krejcikova B.,2,39,6,0,6,3,,,,,,,2,,12,3,Completed,1.18,4.7
2025-09-20,Korea Open,WTA500,Outdoor,Hard,Quarterfinals,3,Siniakova K.,Lamens S.,77,64,6,1,7,5,,,,,,,2,,13,6,Completed,1.51,2.55
2025-09-20,Korea Open,WTA500,Outdoor,Hard,Quarterfinals,3,Alexandrova E.,Seidel E.,11,105,6,2,6,3,,,,,,,2,,12,5,Completed,1.22,4.23
2025-09-20,Korea Open,WTA500,Outdoor,Hard,Semifinals,3,Swiatek I.,Joint M.,2,46,6,0,6,2,,,,,,,2,,12,2,Completed,1.08,7.94
2025-09-20,Korea Open,WTA500,Outdoor,Hard,Semifinals,3,Alexandrova E.,Siniakova K.,11,77,6,4,6,2,,,,,,,2,,12,6,Completed,1.44,2.72
2025-09-21,Korea Open,WTA500,Outdoor,Hard,The Final,3,Swiatek I.,Alexandrova E.,2,11,1,6,7,6,7,5,,,,,2,1,15,17,Completed,1.11,6.2
2025-09-24,China Open,WTA1000,Outdoor,Hard,1st Round,3,Cirstea S.,Dolehide C.,64,88,6,2,6,3,,,,,,,2,,12,5,Completed,1.25,3.86
2025-09-24,China Open,WTA1000,Outdoor,Hard,1st Round,3,Kessler M.,Shi H.,39,312,6,2,7,6,,,,,,,2,,13,8,Completed,1.07,8.0
2025-09-24,China Open,WTA1000,Outdoor,Hard,1st Round,3,Sevastova A.,Birrell K.,221,85,6,3,7,6,,,,,,,2,,13,9,Completed,1.82,1.96
2025-09-24,China Open,WTA1000,Outdoor,Hard,1st Round,3,McNally C.,Siegemund L.,90,53,6,4,6,2,,,,,,,2,,12,6,Completed,1.53,2.46
2025-09-24,China Open,WTA1000,Outdoor,Hard,1st Round,3,Rakhimova K.,Bronzetti L.,89,73,6,4,6,1,,,,,,,2,,12,5,Completed,1.64,2.21
2025-09-24,China Open,WTA1000,Outdoor,Hard,1st Round,3,Sakkari M.,Krueger A.,56,45,7,6,6,7,7,5,,,,,2,1,20,18,Completed,1.82,1.96
2025-09-24,China Open,WTA1000,Outdoor,Hard,1st Round,3,Ruzic A.,Jacquemot E.,80,65,6,3,6,3,,,,,,,2,,12,6,Completed,2.03,1.75
2025-09-24,China Open,WTA1000,Outdoor,Hard,1st Round,3,Lys E.,Zhang R.,66,836,6,1,6,0,,,,,,,2,,12,1,Completed,1.03,12.75
2025-09-24,China Open,WTA1000,Outdoor,Hard,1st Round,3,Hon P.,Golubic V.,108,70,1,6,6,3,7,6,,,,,2,1,14,15,Completed,1.82,1.96
2025-09-24,China Open,WTA1000,Outdoor,Hard,1st Round,3,Boulter K.,Baptiste H.,54,51,7,5,5,7,6,4,,,,,2,1,18,16,Completed,1.69,2.14
2025-09-24,China Open,WTA1000,Outdoor,Hard,1st Round,3,Kudermetova P.,Inglis M.,76,158,7,5,7,6,,,,,,,2,,14,11,Completed,1.89,1.89
2025-09-24,China Open,WTA1000,Outdoor,Hard,1st Round,3,Krejcikova B.,Blinkova A.,34,71,6,2,6,2,,,,,,,2,,12,4,Completed,1.18,4.68
2025-09-24,China Open,WTA1000,Outdoor,Hard,1st Round,3,Volynets K.,Stearns P.,107,61,6,4,2,6,6,3,,,,,2,1,14,13,Completed,2.06,1.74
2025-09-24,China Open,WTA1000,Outdoor,Hard,1st Round,3,Zhang S.,Zakharova A.,112,87,3,6,6,1,6,4,,,,,2,1,15,11,Completed,1.78,2.01
2025-09-24,China Open,WTA1000,Outdoor,Hard,1st Round,3,Bouzkova M.,Maria T.,52,44,6,2,6,4,,,,,,,2,,12,6,Completed,1.28,3.59
2025-09-24,China Open,WTA1000,Outdoor,Hard,1st Round,3,Bondar A.,Andreescu B.,96,181,6,4,7,6,,,,,,,2,,13,10,Completed,2.54,1.51
2025-09-25,China Open,WTA1000,Outdoor,Hard,1st Round,3,Osorio M.,Li A.,83,47,7,5,6,7,7,5,,,,,2,1,20,17,Completed,2.52,1.52
2025-09-25,China Open,WTA1000,Outdoor,Hard,1st Round,3,Sonmez Z.,Wei S.,82,183,6,2,6,0,,,,,,,2,,12,2,Completed,1.52,2.52
2025-09-25,China Open,WTA1000,Outdoor,Hard,1st Round,3,Tomljanovic A.,Starodubtseva Y.,94,86,7,6,6,2,,,,,,,2,,13,8,Completed,1.67,2.18
2025-09-25,China Open,WTA1000,Outdoor,Hard,1st Round,3,Wang Xiy.,Guo H.,152,192,7,5,6,1,,,,,,,2,,13,6,Completed,1.53,2.48
2025-09-25,China Open,WTA1000,Outdoor,Hard,1st Round,3,Ruse E.G.,Sramkova R.,98,55,6,2,6,2,,,,,,,2,,12,4,Completed,2.01,1.78
2025-09-25,China Open,WTA1000,Outdoor,Hard,1st Round,3,Sasnovich A.,Tjen J.,130,102,6,7,7,5,6,1,,,,,2,1,19,13,Completed,3.51,1.29
2025-09-25,China Open,WTA1000,Outdoor,Hard,1st Round,3,Potapova A.,Siniakova K.,59,62,6,3,6,4,,,,,,,2,,12,7,Completed,2.74,1.44
2025-09-25,China Open,WTA1000,Outdoor,Hard,1st Round,3,Seidel E.,Frech M.,95,46,7,5,6,4,,,,,,,2,,13,9,Completed,1.68,2.15
2025-09-25,China Open,WTA1000,Outdoor,Hard,1st Round,3,Zhu L.,Uchijima M.,253,92,6,1,6,3,,,,,,,2,,12,4,Completed,1.8,1.99
2025-09-25,China Open,WTA1000,Outdoor,Hard,1st Round,3,Kartal S.,Parks A.,81,60,6,3,6,2,,,,,,,2,,12,5,Completed,1.44,2.75
2025-09-25,China Open,WTA1000,Outdoor,Hard,1st Round,3,Bucsa C.,Vekic D.,67,69,6,2,6,4,,,,,,,2,,12,6,Completed,1.96,1.82
2025-09-25,China Open,WTA1000,Outdoor,Hard,1st Round,3,Joint M.,Jimenez Kasintseva V.,36,109,6,3,6,2,,,,,,,2,,12,5,Completed,1.44,2.73
2025-09-25,China Open,WTA1000,Outdoor,Hard,1st Round,3,Boisson L.,Galfi D.,41,97,7,6,5,7,6,2,,,,,2,1,18,15,Completed,1.93,1.84
2025-09-25,China Open,WTA1000,Outdoor,Hard,1st Round,3,Bouzas Maneiro J.,Cristian J.,48,42,6,4,6,0,,,,,,,2,,12,4,Completed,1.9,1.88
2025-09-25,China Open,WTA1000,Outdoor,Hard,1st Round,3,Arango E.,Lamens S.,50,57,6,3,6,3,,,,,,,2,,12,6,Completed,2.45,1.54
2025-09-25,China Open,WTA1000,Outdoor,Hard,1st Round,3,Yuan Y.,Putintseva Y.,110,63,6,3,6,3,,,,,,,2,,12,6,Completed,1.71,2.12
2025-09-26,China Open,WTA1000,Outdoor,Hard,2nd Round,3,Gauff C.,Rakhimova K.,3,89,6,4,6,0,,,,,,,2,,12,4,Completed,1.1,6.75
2025-09-26,China Open,WTA1000,Outdoor,Hard,2nd Round,3,Kenin S.,Kudermetova P.,26,76,6,4,6,2,,,,,,,2,,12,6,Completed,1.48,2.64
2025-09-26,China Open,WTA1000,Outdoor,Hard,2nd Round,3,Fernandez L.A.,Sakkari M.,25,56,6,2,6,0,,,,,,,2,,12,2,Completed,1.62,2.25
2025-09-26,China Open,WTA1000,Outdoor,Hard,2nd Round,3,Bouzkova M.,Linette M.,52,38,7,5,7,5,,,,,,,2,,14,10,Completed,1.35,3.15
2025-09-26,China Open,WTA1000,Outdoor,Hard,2nd Round,3,Lys E.,Jovic I.,66,37,6,3,4,6,7,5,,,,,2,1,17,14,Completed,1.82,1.98
2025-09-26,China Open,WTA1000,Outdoor,Hard,2nd Round,3,Rybakina E.,McNally C.,10,90,7,5,4,6,6,3,,,,,2,1,17,14,Completed,1.18,4.67
2025-09-26,China Open,WTA1000,Outdoor,Hard,2nd Round,3,Kudermetova V.,Bondar A.,30,96,7,5,6,3,,,,,,,2,,13,8,Completed,1.43,2.77
2025-09-26,China Open,WTA1000,Outdoor,Hard,2nd Round,3,Badosa P.,Ruzic A.,18,80,6,3,7,6,,,,,,,2,,13,9,Completed,1.4,2.91
2025-09-26,China Open,WTA1000,Outdoor,Hard,2nd Round,3,Paolini J.,Sevastova A.,8,221,6,1,6,3,,,,,,,2,,12,4,Completed,1.17,4.92
2025-09-26,China Open,WTA1000,Outdoor,Hard,2nd Round,3,Kessler M.,Mertens E.,39,22,6,2,6,4,,,,,,,2,,12,6,Completed,2.23,1.64
2025-09-26,China Open,WTA1000,Outdoor,Hard,2nd Round,3,Krejcikova B.,Alexandrova E.,34,11,7,5,6,2,,,,,,,2,,13,7,Completed,2.2,1.66
2025-09-26,China Open,WTA1000,Outdoor,Hard,2nd Round,3,Anisimova A.,Boulter K.,4,54,6,1,6,3,,,,,,,2,,12,4,Completed,1.25,3.84
2025-09-26,China Open,WTA1000,Outdoor,Hard,2nd Round,3,Hon P.,Ostapenko J.,108,24,6,3,6,2,,,,,,,2,,12,5,Completed,2.43,1.54
2025-09-26,China Open,WTA1000,Outdoor,Hard,2nd Round,3,Zhang S.,Wang Xin.,112,33,6,4,6,2,,,,,,,2,,12,6,Completed,2.14,1.69
2025-09-26,China Open,WTA1000,Outdoor,Hard,2nd Round,3,Muchova K.,Cirstea S.,15,64,6,2,6,3,,,,,,,2,,12,5,Completed,1.63,2.23
2025-09-26,China Open,WTA1000,Outdoor,Hard,2nd Round,3,Bencic B.,Volynets K.,16,107,6,3,6,3,,,,,,,2,,12,6,Completed,1.42,2.78
2025-09-27,China Open,WTA1000,Outdoor,Hard,2nd Round,3,Navarro E.,Ruse E.G.,17,98,6,3,7,6,,,,,,,2,,13,9,Completed,1.44,2.73
2025-09-27,China Open,WTA1000,Outdoor,Hard,2nd Round,3,Andreeva M.,Zhu L.,5,253,6,2,6,2,,,,,,,2,,12,4,Completed,1.15,5.16
2025-09-27,China Open,WTA1000,Outdoor,Hard,2nd Round,3,Bouzas Maneiro J.,Yastremska D.,48,31,7,5,6,4,,,,,,,2,,13,9,Completed,1.85,1.92
2025-09-27,China Open,WTA1000,Outdoor,Hard,2nd Round,3,Potapova A.,Mboko V.,59,23,7,6,7,5,,,,,,,2,,14,11,Completed,2.27,1.61
2025-09-27,China Open,WTA1000,Outdoor,Hard,2nd Round,3,Osorio M.,Kalinskaya A.,83,29,6,1,4,6,6,4,,,,,2,1,16,11,Completed,2.95,1.38
2025-09-27,China Open,WTA1000,Outdoor,Hard,2nd Round,3,Swiatek I.,Yuan Y.,2,110,6,0,6,3,,,,,,,2,,12,3,Completed,1.03,12.27
2025-09-27,China Open,WTA1000,Outdoor,Hard,2nd Round,3,Boisson L.,Samsonova L.,41,21,6,3,6,4,,,,,,,2,,12,7,Completed,2.59,1.48
2025-09-27,China Open,WTA1000,Outdoor,Hard,2nd Round,3,Joint M.,Shnaider D.,36,19,7,5,6,1,,,,,,,2,,13,6,Completed,1.8,1.99
2025-09-27,China Open,WTA1000,Outdoor,Hard,2nd Round,3,Sonmez Z.,Tauson C.,82,12,6,4,2,6,6,3,,,,,2,1,14,13,Completed,3.65,1.28
2025-09-27,China Open,WTA1000,Outdoor,Hard,2nd Round,3,Kostyuk M.,Seidel E.,28,95,6,1,6,1,,,,,,,2,,12,2,Completed,1.3,3.43
2025-09-27,China Open,WTA1000,Outdoor,Hard,2nd Round,3,Pegula J.,Tomljanovic A.,7,94,6,0,6,3,,,,,,,2,,12,3,Completed,1.14,5.4
2025-09-27,China Open,WTA1000,Outdoor,Hard,2nd Round,3,Noskova L.,Wang Xiy.,27,152,6,3,6,2,,,,,,,2,,12,5,Completed,1.38,3.0
2025-09-27,China Open,WTA1000,Outdoor,Hard,2nd Round,3,Kartal S.,Kasatkina D.,81,20,6,3,6,0,,,,,,,2,,12,3,Completed,2.09,1.72
2025-09-27,China Open,WTA1000,Outdoor,Hard,2nd Round,3,Sasnovich A.,Osaka N.,130,14,1,6,6,4,6,2,,,,,2,1,13,12,Completed,6.77,1.1
2025-09-27,China Open,WTA1000,Outdoor,Hard,2nd Round,3,Zheng Q.,Arango E.,9,50,6,3,6,2,,,,,,,2,,12,5,Completed,1.26,3.75
2025-09-27,China Open,WTA1000,Outdoor,Hard,2nd Round,3,Raducanu E.,Bucsa C.,32,67,6,3,6,3,,,,,,,2,,12,6,Completed,1.27,3.64
2025-09-28,China Open,WTA1000,Outdoor,Hard,3rd Round,3,Lys E.,Rybakina E.,66,10,6,3,1,6,6,4,,,,,2,1,13,13,Completed,6.48,1.1
2025-09-28,China Open,WTA1000,Outdoor,Hard,3rd Round,3,Kessler M.,Krejcikova B.,39,34,1,6,7,5,3,0,,,,,1,1,11,11,Retired,2.64,1.46
2025-09-28,China Open,WTA1000,Outdoor,Hard,3rd Round,3,Gauff C.,Fernandez L.A.,3,25,6,4,4,6,7,5,,,,,2,1,17,15,Completed,1.31,3.37
2025-09-28,China Open,WTA1000,Outdoor,Hard,3rd Round,3,Bouzkova M.,Kudermetova V.,52,30,6,3,7,5,,,,,,,2,,13,8,Completed,1.81,1.97
2025-09-28,China Open,WTA1000,Outdoor,Hard,3rd Round,3,Paolini J.,Kenin S.,8,26,6,3,6,0,,,,,,,2,,12,3,Completed,1.29,3.5
2025-09-28,China Open,WTA1000,Outdoor,Hard,3rd Round,3,Bencic B.,Hon P.,16,108,4,6,6,4,6,3,,,,,2,1,16,13,Completed,1.26,3.77
2025-09-28,China Open,WTA1000,Outdoor,Hard,3rd Round,3,Muchova K.,Badosa P.,15,18,4,2,,,,,,,,,,,4,2,Retired,1.48,2.62
2025-09-28,China Open,WTA1000,Outdoor,Hard,3rd Round,3,Anisimova A.,Zhang S.,4,112,7,6,6,0,,,,,,,2,,13,6,Completed,1.18,4.67
2025-09-29,China Open,WTA1000,Outdoor,Hard,3rd Round,3,Andreeva M.,Bouzas Maneiro J.,5,48,6,4,6,1,,,,,,,2,,12,5,Completed,1.19,4.55
2025-09-29,China Open,WTA1000,Outdoor,Hard,3rd Round,3,Kostyuk M.,Sasnovich A.,28,130,6,4,6,2,,,,,,,2,,12,6,Completed,1.18,4.72
2025-09-29,China Open,WTA1000,Outdoor,Hard,3rd Round,3,Navarro E.,Boisson L.,17,41,6,2,1,0,,,,,,,1,,7,2,Retired,1.51,2.51
2025-09-29,China Open,WTA1000,Outdoor,Hard,3rd Round,3,Kartal S.,Joint M.,81,36,6,3,6,2,,,,,,,2,,12,5,Completed,2.49,1.52
2025-09-29,China Open,WTA1000,Outdoor,Hard,3rd Round,3,Swiatek I.,Osorio M.,2,83,6,0,0,0,,,,,,,1,,6,0,Retired,1.02,14.67
2025-09-29,China Open,WTA1000,Outdoor,Hard,3rd Round,3,Pegula J.,Raducanu E.,7,32,3,6,7,6,6,0,,,,,2,1,16,12,Completed,1.65,2.22
2025-09-29,China Open,WTA1000,Outdoor,Hard,3rd Round,3,Potapova A.,Sonmez Z.,59,82,6,3,7,5,,,,,,,2,,13,8,Completed,1.55,2.41
2025-09-29,China Open,WTA1000,Outdoor,Hard,3rd Round,3,Noskova L.,Zheng Q.,27,9,6,4,3,6,3,0,,,,,1,1,12,10,Retired,2.03,1.76
2025-09-30,China Open,WTA1000,Outdoor,Hard,4th Round,3,Gauff C.,Bencic B.,3,16,4,6,7,6,6,2,,,,,2,1,17,14,Completed,1.33,3.32
2025-09-30,China Open,WTA1000,Outdoor,Hard,4th Round,3,Lys E.,Kessler M.,66,39,4,6,6,1,6,2,,,,,2,1,16,9,Completed,1.85,1.94
2025-09-30,China Open,WTA1000,Outdoor,Hard,4th Round,3,Anisimova A.,Muchova K.,4,15,1,6,6,2,6,4,,,,,2,1,13,12,Completed,1.53,2.46
2025-09-30,China Open,WTA1000,Outdoor,Hard,4th Round,3,Paolini J.,Bouzkova M.,8,52,6,2,7,5,,,,,,,2,,13,7,Completed,1.51,2.54
2025-10-01,China Open,WTA1000,Outdoor,Hard,4th Round,3,Noskova L.,Potapova A.,27,59,6,2,6,4,,,,,,,2,,12,6,Completed,1.5,2.55
2025-10-01,China Open,WTA1000,Outdoor,Hard,4th Round,3,Kartal S.,Andreeva M.,81,5,7,5,2,6,7,5,,,,,2,1,16,16,Completed,4.07,1.23
2025-10-01,China Open,WTA1000,Outdoor,Hard,4th Round,3,Navarro E.,Swiatek I.,17,2,6,4,4,6,6,0,,,,,2,1,16,10,Completed,8.43,1.07
2025-10-01,China Open,WTA1000,Outdoor,Hard,4th Round,3,Pegula J.,Kostyuk M.,7,28,6,3,6,7,6,1,,,,,2,1,18,11,Completed,1.58,2.34
2025-10-02,China Open,WTA1000,Outdoor,Hard,Quarterfinals,3,Gauff C.,Lys E.,3,66,6,3,6,4,,,,,,,2,,12,7,Completed,1.21,4.28
2025-10-02,China Open,WTA1000,Outdoor,Hard,Quarterfinals,3,Anisimova A.,Paolini J.,4,8,6,7,6,3,6,4,,,,,2,1,18,14,Completed,1.58,2.33
2025-10-03,China Open,WTA1000,Outdoor,Hard,Quarterfinals,3,Noskova L.,Kartal S.,27,81,6,3,6,4,,,,,,,2,,12,7,Completed,1.52,2.49
2025-10-03,China Open,WTA1000,Outdoor,Hard,Quarterfinals,3,Pegula J.,Navarro E.,7,17,6,7,6,2,6,1,,,,,2,1,18,10,Completed,1.44,2.74
2025-10-04,China Open,WTA1000,Outdoor,Hard,Semifinals,3,Anisimova A.,Gauff C.,4,3,6,1,6,2,,,,,,,2,,12,3,Completed,1.93,1.86
2025-10-04,China Open,WTA1000,Outdoor,Hard,Semifinals,3,Noskova L.,Pegula J.,27,7,6,3,1,6,7,6,,,,,2,1,14,15,Completed,2.5,1.52
2025-10-05,China Open,WTA1000,Outdoor,Hard,The Final,3,Anisimova A.,Noskova L.,4,27,6,0,2,6,6,2,,,,,2,1,14,8,Completed,1.33,3.36
2025-10-06,Wuhan Open,WTA1000,Outdoor,Hard,1st Round,3,Bouzkova M.,Osorio M.,41,80,6,3,6,4,,,,,,,2,,12,7,Completed,1.38,2.98
2025-10-06,Wuhan Open,WTA1000,Outdoor,Hard,1st Round,3,Siegemund L.,Yastremska D.,57,31,7,5,4,6,4,1,,,,,1,1,15,12,Retired,2.43,1.55
2025-10-06,Wuhan Open,WTA1000,Outdoor,Hard,1st Round,3,Baptiste H.,Krueger A.,55,50,2,6,6,4,6,2,,,,,2,1,14,12,Completed,2.01,1.78
2025-10-06,Wuhan Open,WTA1000,Outdoor,Hard,1st Round,3,Mertens E.,Kudermetova P.,21,73,7,6,6,3,,,,,,,2,,13,9,Completed,1.25,3.8
2025-10-06,Wuhan Open,WTA1000,Outdoor,Hard,1st Round,3,Siniakova K.,Shnaider D.,62,18,6,4,6,4,,,,,,,2,,12,8,Completed,1.93,1.84
2025-10-06,Wuhan Open,WTA1000,Outdoor,Hard,1st Round,3,Joint M.,Zhu L.,35,230,7,5,7,6,,,,,,,2,,14,11,Completed,1.26,3.72
2025-10-06,Wuhan Open,WTA1000,Outdoor,Hard,1st Round,3,Bouzas Maneiro J.,Gracheva V.,47,82,7,6,6,2,,,,,,,2,,13,8,Completed,1.5,2.55
2025-10-06,Wuhan Open,WTA1000,Outdoor,Hard,1st Round,3,Tauson C.,Danilovic O.,12,42,6,3,7,5,,,,,,,2,,13,8,Completed,1.34,3.18
2025-10-06,Wuhan Open,WTA1000,Outdoor,Hard,1st Round,3,Ruzic A.,Linette M.,78,40,6,2,6,3,,,,,,,2,,12,5,Completed,1.68,2.15
2025-10-06,Wuhan Open,WTA1000,Outdoor,Hard,1st Round,3,Yuan Y.,Bronzetti L.,109,74,7,6,7,6,,,,,,,2,,14,12,Completed,1.5,2.53
2025-10-06,Wuhan Open,WTA1000,Outdoor,Hard,1st Round,3,Uchijima M.,Wang Xin.,91,37,6,4,7,6,,,,,,,2,,13,10,Completed,2.72,1.44
2025-10-06,Wuhan Open,WTA1000,Outdoor,Hard,1st Round,3,Alexandrova E.,Mboko V.,11,24,6,3,6,2,,,,,,,2,,12,5,Completed,1.44,2.72
2025-10-07,Wuhan Open,WTA1000,Outdoor,Hard,1st Round,3,Kenin S.,Zakharova A.,28,83,3,6,7,6,6,3,,,,,2,1,16,15,Completed,1.55,2.41
2025-10-07,Wuhan Open,WTA1000,Outdoor,Hard,1st Round,3,Samsonova L.,Arango E.,20,49,6,1,7,5,,,,,,,2,,13,6,Completed,1.32,3.31
2025-10-07,Wuhan Open,WTA1000,Outdoor,Hard,1st Round,3,Cristian J.,Kessler M.,48,33,6,7,6,0,6,3,,,,,2,1,18,10,Completed,2.44,1.53
2025-10-07,Wuhan Open,WTA1000,Outdoor,Hard,1st Round,3,Osaka N.,Fernandez L.A.,16,27,4,6,7,5,6,3,,,,,2,1,17,14,Completed,1.5,2.54
2025-10-07,Wuhan Open,WTA1000,Outdoor,Hard,1st Round,3,Muchova K.,Kostyuk M.,22,26,2,6,6,2,6,4,,,,,2,1,14,12,Completed,1.99,1.79
2025-10-07,Wuhan Open,WTA1000,Outdoor,Hard,1st Round,3,Frech M.,Kudermetova V.,53,29,6,3,2,6,6,3,,,,,2,1,14,12,Completed,2.6,1.47
2025-10-07,Wuhan Open,WTA1000,Outdoor,Hard,1st Round,3,Li A.,Raducanu E.,46,30,6,1,4,1,,,,,,,1,,10,2,Retired,3.85,1.25
2025-10-07,Wuhan Open,WTA1000,Outdoor,Hard,1st Round,3,Sramkova R.,Kalinskaya A.,68,34,6,2,3,6,6,3,,,,,2,1,15,11,Completed,3.32,1.31
2025-10-07,Wuhan Open,WTA1000,Outdoor,Hard,1st Round,3,Zhang S.,Navarro E.,142,14,6,2,2,6,6,3,,,,,2,1,14,11,Completed,2.81,1.42
2025-10-07,Wuhan Open,WTA1000,Outdoor,Hard,1st Round,3,Bencic B.,Vekic D.,15,71,6,2,6,2,,,,,,,2,,12,4,Completed,1.32,3.31
2025-10-07,Wuhan Open,WTA1000,Outdoor,Hard,1st Round,3,Noskova L.,Putintseva Y.,17,63,6,4,4,6,7,6,,,,,2,1,17,16,Completed,1.73,2.08
2025-10-07,Wuhan Open,WTA1000,Outdoor,Hard,1st Round,3,Cirstea S.,Ostapenko J.,58,25,6,0,2,1,,,,,,,1,,8,1,Retired,1.49,2.58
2025-10-07,Wuhan Open,WTA1000,Outdoor,Hard,2nd Round,3,Swiatek I.,Bouzkova M.,2,41,6,1,6,1,,,,,,,2,,12,2,Completed,1.1,6.43
2025-10-07,Wuhan Open,WTA1000,Outdoor,Hard,2nd Round,3,Siegemund L.,Andreeva M.,57,5,6,7,6,3,6,3,,,,,2,1,18,13,Completed,5.06,1.16
2025-10-08,Wuhan Open,WTA1000,Outdoor,Hard,2nd Round,3,Siniakova K.,Joint M.,62,35,6,3,6,1,,,,,,,2,,12,4,Completed,1.88,1.91
2025-10-08,Wuhan Open,WTA1000,Outdoor,Hard,2nd Round,3,Pegula J.,Baptiste H.,6,55,6,4,4,6,7,6,,,,,2,1,17,16,Completed,1.11,6.25
2025-10-08,Wuhan Open,WTA1000,Outdoor,Hard,2nd Round,3,Jovic I.,Bouzas Maneiro J.,39,47,6,4,6,4,,,,,,,2,,12,8,Completed,2.12,1.7
2025-10-08,Wuhan Open,WTA1000,Outdoor,Hard,2nd Round,3,Alexandrova E.,Li A.,11,46,7,6,6,2,,,,,,,2,,13,8,Completed,1.26,3.75
2025-10-08,Wuhan Open,WTA1000,Outdoor,Hard,2nd Round,3,Frech M.,Muchova K.,53,22,7,6,4,1,,,,,,,1,,11,7,Retired,4.73,1.18
2025-10-08,Wuhan Open,WTA1000,Outdoor,Hard,2nd Round,3,Samsonova L.,Kenin S.,20,28,3,6,6,3,6,1,,,,,2,1,15,10,Completed,1.57,2.35
2025-10-08,Wuhan Open,WTA1000,Outdoor,Hard,2nd Round,3,Gauff C.,Uchijima M.,3,91,6,1,6,0,,,,,,,2,,12,1,Completed,1.08,7.39
2025-10-08,Wuhan Open,WTA1000,Outdoor,Hard,2nd Round,3,Zhang S.,Cirstea S.,142,58,6,4,3,6,6,4,,,,,2,1,15,14,Completed,1.99,1.79
2025-10-08,Wuhan Open,WTA1000,Outdoor,Hard,2nd Round,3,Tauson C.,Ruzic A.,12,78,6,4,6,0,,,,,,,2,,12,4,Completed,1.41,2.87
2025-10-08,Wuhan Open,WTA1000,Outdoor,Hard,2nd Round,3,Sabalenka A.,Sramkova R.,1,68,4,6,6,3,6,1,,,,,2,1,16,10,Completed,1.05,9.58
2025-10-08,Wuhan Open,WTA1000,Outdoor,Hard,2nd Round,3,Noskova L.,Osaka N.,17,16,7,6,6,3,,,,,,,2,,13,9,Completed,2.53,1.5
2025-10-08,Wuhan Open,WTA1000,Outdoor,Hard,2nd Round,3,Paolini J.,Yuan Y.,8,109,3,6,6,4,6,3,,,,,2,1,15,13,Completed,1.24,3.91
2025-10-08,Wuhan Open,WTA1000,Outdoor,Hard,2nd Round,3,Rybakina E.,Cristian J.,9,48,6,4,6,3,,,,,,,2,,12,7,Completed,1.14,5.59
2025-10-09,Wuhan Open,WTA1000,Outdoor,Hard,3rd Round,3,Pegula J.,Alexandrova E.,6,11,7,5,3,6,6,3,,,,,2,1,16,14,Completed,1.97,1.81
2025-10-09,Wuhan Open,WTA1000,Outdoor,Hard,3rd Round,3,Sabalenka A.,Samsonova L.,1,20,6,3,6,2,,,,,,,2,,12,5,Completed,1.19,4.58
2025-10-09,Wuhan Open,WTA1000,Outdoor,Hard,3rd Round,3,Siniakova K.,Jovic I.,62,39,7,5,6,3,,,,,,,2,,13,8,Completed,1.58,2.35
2025-10-09,Wuhan Open,WTA1000,Outdoor,Hard,3rd Round,3,Siegemund L.,Frech M.,57,53,6,4,7,6,,,,,,,2,,13,10,Completed,1.74,2.07
2025-10-09,Wuhan Open,WTA1000,Outdoor,Hard,3rd Round,3,Paolini J.,Tauson C.,8,12,3,6,6,1,3,1,,,,,1,1,12,8,Retired,1.96,1.82
2025-10-09,Wuhan Open,WTA1000,Outdoor,Hard,3rd Round,3,Rybakina E.,Noskova L.,9,17,6,3,6,4,,,,,,,2,,12,7,Completed,1.44,2.74
2025-10-09,Wuhan Open,WTA1000,Outdoor,Hard,3rd Round,3,Swiatek I.,Bencic B.,2,15,7,6,6,4,,,,,,,2,,13,10,Completed,1.14,5.48
2025-10-09,Wuhan Open,WTA1000,Outdoor,Hard,3rd Round,3,Gauff C.,Zhang S.,3,142,6,3,6,2,,,,,,,2,,12,5,Completed,1.2,4.46
2025-10-10,Wuhan Open,WTA1000,Outdoor,Hard,Quarterfinals,3,Pegula J.,Siniakova K.,6,62,2,6,6,0,6,3,,,,,2,1,14,9,Completed,1.43,2.78
2025-10-10,Wuhan Open,WTA1000,Outdoor,Hard,Quarterfinals,3,Sabalenka A.,Rybakina E.,1,9,6,3,6,3,,,,,,,2,,12,6,Completed,1.69,2.14
2025-10-10,Wuhan Open,WTA1000,Outdoor,Hard,Quarterfinals,3,Gauff C.,Siegemund L.,3,57,6,3,6,0,,,,,,,2,,12,3,Completed,1.13,5.62
2025-10-10,Wuhan Open,WTA1000,Outdoor,Hard,Quarterfinals,3,Paolini J.,Swiatek I.,8,2,6,1,6,2,,,,,,,2,,12,3,Completed,5.22,1.15
2025-10-11,Wuhan Open,WTA1000,Outdoor,Hard,Semifinals,3,Gauff C.,Paolini J.,3,8,6,4,6,3,,,,,,,2,,12,7,Completed,1.72,2.11
2025-10-11,Wuhan Open,WTA1000,Outdoor,Hard,Semifinals,3,Pegula J.,Sabalenka A.,6,1,2,6,6,4,7,6,,,,,2,1,15,16,Completed,3.53,1.29
2025-10-12,Wuhan Open,WTA1000,Outdoor,Hard,The Final,3,Gauff C.,Pegula J.,3,6,6,4,7,5,,,,,,,2,,13,9,Completed,1.63,2.25
2025-10-13,Ningbo Open,WTA500,Outdoor,Hard,1st Round,3,Kessler M.,Kenin S.,33,26,6,1,6,0,,,,,,,2,,12,1,Completed,1.61,2.25
2025-10-13,Ningbo Open,WTA500,Outdoor,Hard,1st Round,3,Bencic B.,Linette M.,14,56,6,3,6,2,,,,,,,2,,12,5,Completed,1.22,4.1
2025-10-13,Ningbo Open,WTA500,Outdoor,Hard,1st Round,3,Starodubtseva Y.,Putintseva Y.,131,69,6,4,6,2,,,,,,,2,,12,6,Completed,3.06,1.36
2025-10-13,Ningbo Open,WTA500,Outdoor,Hard,1st Round,3,Sonmez Z.,Sasnovich A.,76,114,2,6,7,5,6,3,,,,,2,1,15,14,Completed,1.96,1.81
2025-10-13,Ningbo Open,WTA500,Outdoor,Hard,1st Round,3,Shnaider D.,Wang Xiy.,19,145,7,5,6,3,,,,,,,2,,13,8,Completed,1.45,2.69
2025-10-14,Ningbo Open,WTA500,Outdoor,Hard,1st Round,3,Kudermetova V.,Ruzic A.,31,70,6,3,6,2,,,,,,,2,,12,5,Completed,1.13,5.25
2025-10-14,Ningbo Open,WTA500,Outdoor,Hard,1st Round,3,Tomljanovic A.,Tauson C.,104,12,1,6,7,6,6,3,,,,,2,1,14,15,Completed,2.63,1.46
2025-10-14,Ningbo Open,WTA500,Outdoor,Hard,1st Round,3,Samsonova L.,Guo H.,18,190,6,2,6,4,,,,,,,2,,12,6,Completed,1.2,4.31
2025-10-14,Ningbo Open,WTA500,Outdoor,Hard,1st Round,3,Muchova K.,Vondrousova M.,20,36,6,4,6,3,,,,,,,2,,12,7,Completed,2.01,1.77
2025-10-14,Ningbo Open,WTA500,Outdoor,Hard,1st Round,3,Yastremska D.,Mboko V.,30,24,6,3,7,6,,,,,,,2,,13,9,Completed,2.19,1.65
2025-10-14,Ningbo Open,WTA500,Outdoor,Hard,1st Round,3,Zhu L.,Raducanu E.,219,29,3,6,6,4,6,1,,,,,2,1,15,11,Completed,4.34,1.2
2025-10-14,Ningbo Open,WTA500,Outdoor,Hard,1st Round,3,Yuan Y.,Wang Xin.,108,62,6,3,6,3,,,,,,,2,,12,6,Completed,1.89,1.89
2025-10-15,Ningbo Open,WTA500,Outdoor,Hard,2nd Round,3,Bencic B.,Starodubtseva Y.,14,131,5,7,6,4,7,5,,,,,2,1,18,16,Completed,1.16,4.98
2025-10-15,Ningbo Open,WTA500,Outdoor,Hard,2nd Round,3,Tomljanovic A.,Sonmez Z.,104,76,7,6,6,3,,,,,,,2,,13,9,Completed,1.69,2.12
2025-10-15,Ningbo Open,WTA500,Outdoor,Hard,2nd Round,3,Shnaider D.,Muchova K.,19,20,2,6,6,1,6,2,,,,,2,1,14,9,Completed,3.0,1.37
2025-10-15,Ningbo Open,WTA500,Outdoor,Hard,2nd Round,3,Zhu L.,Andreeva M.,219,6,4,6,6,3,6,2,,,,,2,1,16,11,Completed,5.74,1.13
2025-10-16,Ningbo Open,WTA500,Outdoor,Hard,2nd Round,3,Kessler M.,Samsonova L.,33,18,7,6,6,1,,,,,,,2,,13,7,Completed,1.91,1.87
2025-10-16,Ningbo Open,WTA500,Outdoor,Hard,2nd Round,3,Paolini J.,Kudermetova V.,8,31,6,2,7,5,,,,,,,2,,13,7,Completed,1.47,2.61
2025-10-16,Ningbo Open,WTA500,Outdoor,Hard,2nd Round,3,Alexandrova E.,Yuan Y.,10,108,6,3,6,3,,,,,,,2,,12,6,Completed,1.31,3.34
2025-10-16,Ningbo Open,WTA500,Outdoor,Hard,2nd Round,3,Rybakina E.,Yastremska D.,9,30,6,4,6,7,6,3,,,,,2,1,18,14,Completed,1.15,5.29
2025-10-17,Ningbo Open,WTA500,Outdoor,Hard,Quarterfinals,3,Paolini J.,Bencic B.,8,14,5,7,7,5,6,3,,,,,2,1,18,15,Completed,1.55,2.39
2025-10-17,Ningbo Open,WTA500,Outdoor,Hard,Quarterfinals,3,Alexandrova E.,Kessler M.,10,33,6,3,6,3,,,,,,,2,,12,6,Completed,1.43,2.76
2025-10-17,Ningbo Open,WTA500,Outdoor,Hard,Quarterfinals,3,Rybakina E.,Tomljanovic A.,9,104,6,2,6,0,,,,,,,2,,12,2,Completed,1.14,5.56
2025-10-17,Ningbo Open,WTA500,Outdoor,Hard,Quarterfinals,3,Shnaider D.,Zhu L.,19,219,2,6,6,3,6,1,,,,,2,1,14,10,Completed,1.39,2.95
2025-10-18,Ningbo Open,WTA500,Outdoor,Hard,Semifinals,3,Rybakina E.,Paolini J.,9,8,6,3,6,2,,,,,,,2,,12,5,Completed,1.41,2.87
2025-10-18,Ningbo Open,WTA500,Outdoor,Hard,Semifinals,3,Alexandrova E.,Shnaider D.,10,19,6,3,6,4,,,,,,,2,,12,7,Completed,1.46,2.64
2025-10-19,Ningbo Open,WTA500,Outdoor,Hard,The Final,3,Rybakina E.,Alexandrova E.,9,10,3,6,6,0,6,2,,,,,2,1,15,8,Completed,1.47,2.65
2025-10-13,Japan Open,WTA250,Outdoor,Hard,1st Round,3,Danilovic O.,Hibino N.,49,171,6,4,1,6,6,2,,,,,2,1,13,12,Completed,1.39,2.94
2025-10-13,Japan Open,WTA250,Outdoor,Hard,1st Round,3,Osaka N.,Sonobe W.,16,266,6,0,6,4,,,,,,,2,,12,4,Completed,1.05,9.39
2025-10-13,Japan Open,WTA250,Outdoor,Hard,1st Round,3,Cirstea S.,Uchijima M.,51,81,2,6,6,4,6,2,,,,,2,1,14,12,Completed,1.28,3.61
2025-10-13,Japan Open,WTA250,Outdoor,Hard,1st Round,3,Lamens S.,Arango E.,57,46,6,1,6,2,,,,,,,2,,12,3,Completed,1.82,1.95
2025-10-13,Japan Open,WTA250,Outdoor,Hard,1st Round,3,Krueger A.,Sakkari M.,48,55,2,6,6,3,6,4,,,,,2,1,14,13,Completed,1.72,2.1
2025-10-13,Japan Open,WTA250,Outdoor,Hard,1st Round,3,Boulter K.,Noskova L.,59,17,7,6,6,3,,,,,,,2,,13,9,Completed,3.45,1.3
2025-10-14,Japan Open,WTA250,Outdoor,Hard,1st Round,3,Fernandez L.A.,Baptiste H.,27,64,6,2,7,5,,,,,,,2,,13,7,Completed,1.36,3.06
2025-10-14,Japan Open,WTA250,Outdoor,Hard,1st Round,3,Li A.,Gracheva V.,42,83,6,4,6,0,,,,,,,2,,12,4,Completed,1.59,2.34
2025-10-14,Japan Open,WTA250,Outdoor,Hard,1st Round,3,Cristian J.,Cocciaretto E.,47,91,6,2,7,6,,,,,,,2,,13,8,Completed,1.73,2.08
2025-10-14,Japan Open,WTA250,Outdoor,Hard,1st Round,3,Sramkova R.,Garland J.,65,132,6,3,6,1,,,,,,,2,,12,4,Completed,1.58,2.35
2025-10-14,Japan Open,WTA250,Outdoor,Hard,1st Round,3,Golubic V.,Andreescu B.,60,170,6,3,4,6,6,4,,,,,2,1,16,13,Completed,2.12,1.7
2025-10-14,Japan Open,WTA250,Outdoor,Hard,1st Round,3,Galfi D.,Parks A.,96,66,6,4,6,4,,,,,,,2,,12,8,Completed,1.33,3.2
2025-10-14,Japan Open,WTA250,Outdoor,Hard,1st Round,3,Bouzas Maneiro J.,Volynets K.,40,95,6,2,6,4,,,,,,,2,,12,6,Completed,1.67,2.16
2025-10-14,Japan Open,WTA250,Outdoor,Hard,1st Round,3,Valentova T.,Eala A.,78,54,6,1,6,2,,,,,,,2,,12,3,Completed,1.44,2.72
2025-10-14,Japan Open,WTA250,Outdoor,Hard,1st Round,3,Bouzkova M.,Shibahara E.,41,184,6,1,6,1,,,,,,,2,,12,2,Completed,1.15,5.15
2025-10-14,Japan Open,WTA250,Outdoor,Hard,1st Round,3,Mertens E.,Bucsa C.,21,72,7,6,6,3,,,,,,,2,,13,9,Completed,1.42,2.79
2025-10-15,Japan Open,WTA250,Outdoor,Hard,2nd Round,3,Cristian J.,Bouzas Maneiro J.,47,40,0,6,6,4,6,2,,,,,2,1,12,12,Completed,2.19,1.65
2025-10-15,Japan Open,WTA250,Outdoor,Hard,2nd Round,3,Danilovic O.,Krueger A.,49,48,6,4,6,4,,,,,,,2,,12,8,Completed,2.23,1.64
2025-10-15,Japan Open,WTA250,Outdoor,Hard,2nd Round,3,Osaka N.,Lamens S.,16,57,7,6,3,6,6,2,,,,,2,1,16,14,Completed,1.17,4.96
2025-10-15,Japan Open,WTA250,Outdoor,Hard,2nd Round,3,Cirstea S.,Boulter K.,51,59,6,3,6,1,,,,,,,2,,12,4,Completed,1.79,1.99
2025-10-16,Japan Open,WTA250,Outdoor,Hard,2nd Round,3,Sramkova R.,Li A.,65,42,6,2,3,6,6,3,,,,,2,1,15,11,Completed,2.21,1.64
2025-10-16,Japan Open,WTA250,Outdoor,Hard,2nd Round,3,Fernandez L.A.,Galfi D.,27,96,6,1,6,4,,,,,,,2,,12,5,Completed,1.34,3.19
2025-10-16,Japan Open,WTA250,Outdoor,Hard,2nd Round,3,Valentova T.,Mertens E.,78,21,6,4,6,1,,,,,,,2,,12,5,Completed,1.76,2.04
2025-10-16,Japan Open,WTA250,Outdoor,Hard,2nd Round,3,Golubic V.,Bouzkova M.,60,41,1,6,6,2,7,6,,,,,2,1,14,14,Completed,2.65,1.44
2025-10-17,Japan Open,WTA250,Outdoor,Hard,Quarterfinals,3,Fernandez L.A.,Sramkova R.,27,65,7,6,6,3,,,,,,,2,,13,9,Completed,1.42,2.83
2025-10-17,Japan Open,WTA250,Outdoor,Hard,Quarterfinals,3,Cirstea S.,Golubic V.,51,60,6,2,2,6,6,2,,,,,2,1,14,10,Completed,1.44,2.71
2025-10-17,Japan Open,WTA250,Outdoor,Hard,Quarterfinals,3,Valentova T.,Danilovic O.,78,49,4,6,6,2,6,3,,,,,2,1,16,11,Completed,1.3,3.41
2025-10-18,Japan Open,WTA250,Outdoor,Hard,Semifinals,3,Fernandez L.A.,Cirstea S.,27,51,6,1,2,6,6,4,,,,,2,1,14,11,Completed,1.59,2.31
2025-10-18,Japan Open,WTA250,Outdoor,Hard,Semifinals,3,Valentova T.,Cristian J.,78,47,6,7,6,4,6,3,,,,,2,1,18,14,Completed,1.34,3.13
2025-10-19,Japan Open,WTA250,Outdoor,Hard,The Final,3,Fernandez L.A.,Valentova T.,27,78,6,0,5,7,6,3,,,,,2,1,17,10,Completed,1.7,2.11
2025-10-20,Guangzhou Open,WTA250,Outdoor,Hard,1st Round,3,Erjavec V.,Maria T.,100,43,6,4,6,7,6,2,,,,,2,1,18,13,Completed,2.07,1.74
2025-10-20,Guangzhou Open,WTA250,Outdoor,Hard,1st Round,3,Wang Xiy.,Jones F.,163,74,6,4,6,4,,,,,,,2,,12,8,Completed,1.52,2.49
2025-10-20,Guangzhou Open,WTA250,Outdoor,Hard,1st Round,3,Cocciaretto E.,Parry D.,95,125,6,4,6,7,6,2,,,,,2,1,18,13,Completed,1.44,2.72
2025-10-20,Guangzhou Open,WTA250,Outdoor,Hard,1st Round,3,Wang Y.,Rakhimova K.,332,103,6,2,6,4,,,,,,,2,,12,6,Completed,1.7,2.12
2025-10-21,Guangzhou Open,WTA250,Outdoor,Hard,1st Round,3,Li A.,Jimenez Kasintseva V.,44,107,6,4,7,6,,,,,,,2,,13,10,Completed,1.47,2.64
2025-10-21,Guangzhou Open,WTA250,Outdoor,Hard,1st Round,3,Seidel E.,Jeanjean L.,96,94,6,2,6,2,,,,,,,2,,12,4,Completed,1.5,2.55
2025-10-21,Guangzhou Open,WTA250,Outdoor,Hard,1st Round,3,Osorio M.,Bronzetti L.,83,91,6,1,6,2,,,,,,,2,,12,3,Completed,1.54,2.44
2025-10-21,Guangzhou Open,WTA250,Outdoor,Hard,1st Round,3,Sun L.,Bouzas Maneiro J.,116,40,7,6,7,6,,,,,,,2,,14,12,Completed,2.01,1.77
2025-10-21,Guangzhou Open,WTA250,Outdoor,Hard,1st Round,3,Putintseva Y.,Korneeva A.,76,165,7,6,4,6,6,4,,,,,2,1,17,16,Completed,1.65,2.2
2025-10-21,Guangzhou Open,WTA250,Outdoor,Hard,1st Round,3,Bondar A.,Guo H.,78,180,6,3,3,6,7,6,,,,,2,1,16,15,Completed,1.66,2.19
2025-10-21,Guangzhou Open,WTA250,Outdoor,Hard,1st Round,3,Rakotomanga Rajaonah T.,Kudermetova P.,129,75,1,6,6,1,6,2,,,,,2,1,13,9,Completed,2.77,1.43
2025-10-21,Guangzhou Open,WTA250,Outdoor,Hard,1st Round,3,Volynets K.,Kawa K.,98,127,4,6,6,2,6,2,,,,,2,1,16,10,Completed,1.11,6.23
2025-10-21,Guangzhou Open,WTA250,Outdoor,Hard,1st Round,3,McNally C.,Juvan K.,90,104,6,3,1,6,6,3,,,,,2,1,13,12,Completed,1.73,2.07
2025-10-21,Guangzhou Open,WTA250,Outdoor,Hard,1st Round,3,Zhang S.,Zakharova A.,122,84,6,4,6,1,,,,,,,2,,12,5,Completed,1.47,2.64
2025-10-21,Guangzhou Open,WTA250,Outdoor,Hard,1st Round,3,Liu C.,Eala A.,305,53,2,6,6,4,6,4,,,,,2,1,14,14,Completed,3.01,1.37
2025-10-21,Guangzhou Open,WTA250,Outdoor,Hard,1st Round,3,Tomljanovic A.,Parks A.,89,65,7,5,7,5,,,,,,,2,,14,10,Completed,1.34,3.19
2025-10-23,Guangzhou Open,WTA250,Outdoor,Hard,2nd Round,3,Li A.,Osorio M.,44,83,7,5,6,2,,,,,,,2,,13,7,Completed,1.65,2.19
2025-10-23,Guangzhou Open,WTA250,Outdoor,Hard,2nd Round,3,Sun L.,Wang Y.,116,332,6,3,6,1,,,,,,,2,,12,4,Completed,1.5,2.56
2025-10-23,Guangzhou Open,WTA250,Outdoor,Hard,2nd Round,3,Cocciaretto E.,Wang Xiy.,95,163,6,3,2,6,6,3,,,,,2,1,14,12,Completed,1.85,1.93
2025-10-23,Guangzhou Open,WTA250,Outdoor,Hard,2nd Round,3,McNally C.,Tomljanovic A.,90,89,6,4,4,6,6,3,,,,,2,1,16,13,Completed,1.73,2.07
2025-10-23,Guangzhou Open,WTA250,Outdoor,Hard,2nd Round,3,Seidel E.,Putintseva Y.,96,76,6,3,6,2,,,,,,,2,,12,5,Completed,2.14,1.69
2025-10-23,Guangzhou Open,WTA250,Outdoor,Hard,2nd Round,3,Liu C.,Bondar A.,305,78,6,3,6,4,,,,,,,2,,12,7,Completed,2.15,1.68
2025-10-23,Guangzhou Open,WTA250,Outdoor,Hard,2nd Round,3,Zhang S.,Erjavec V.,122,100,3,6,6,3,6,2,,,,,2,1,15,11,Completed,1.2,4.46
2025-10-23,Guangzhou Open,WTA250,Outdoor,Hard,2nd Round,3,Volynets K.,Rakotomanga Rajaonah T.,98,129,6,3,6,3,,,,,,,2,,12,6,Completed,1.26,3.77
2025-10-24,Guangzhou Open,WTA250,Outdoor,Hard,Quarterfinals,3,Sun L.,McNally C.,116,90,3,6,6,3,6,4,,,,,2,1,15,13,Completed,1.66,2.2
2025-10-24,Guangzhou Open,WTA250,Outdoor,Hard,Quarterfinals,3,Liu C.,Seidel E.,305,96,4,6,6,0,6,4,,,,,2,1,16,10,Completed,2.9,1.4
2025-10-24,Guangzhou Open,WTA250,Outdoor,Hard,Quarterfinals,3,Li A.,Cocciaretto E.,44,95,6,3,6,4,,,,,,,2,,12,7,Completed,1.52,2.52
2025-10-24,Guangzhou Open,WTA250,Outdoor,Hard,Quarterfinals,3,Zhang S.,Volynets K.,122,98,7,6,5,7,7,5,,,,,2,1,19,18,Completed,1.53,2.46
2025-10-25,Guangzhou Open,WTA250,Outdoor,Hard,Semifinals,3,Sun L.,Liu C.,116,305,6,0,7,6,,,,,,,2,,13,6,Completed,1.35,3.11
2025-10-25,Guangzhou Open,WTA250,Outdoor,Hard,Semifinals,3,Li A.,Zhang S.,44,122,5,2,,,,,,,,,,,5,2,Retired,1.59,2.31
2025-10-26,Guangzhou Open,WTA250,Outdoor,Hard,The Final,3,Li A.,Sun L.,44,116,7,6,6,2,,,,,,,2,,13,8,Completed,1.97,1.81
2025-10-20,Toray Pan Pacific Open Tennis Tournament,WTA500,Outdoor,Hard,1st Round,3,Lys E.,Boulter K.,50,63,6,2,6,1,,,,,,,2,,12,3,Completed,1.45,2.69
2025-10-20,Toray Pan Pacific Open Tennis Tournament,WTA500,Outdoor,Hard,1st Round,3,Gracheva V.,Wang Xin.,82,59,4,6,6,3,6,4,,,,,2,1,16,13,Completed,2.04,1.75
2025-10-20,Toray Pan Pacific Open Tennis Tournament,WTA500,Outdoor,Hard,1st Round,3,Kessler M.,Bucsa C.,31,72,3,6,7,5,6,3,,,,,2,1,16,14,Completed,1.5,2.53
2025-10-20,Toray Pan Pacific Open Tennis Tournament,WTA500,Outdoor,Hard,1st Round,3,Joint M.,Golubic V.,32,55,1,6,7,6,6,2,,,,,2,1,14,14,Completed,1.6,2.27
2025-10-20,Toray Pan Pacific Open Tennis Tournament,WTA500,Outdoor,Hard,1st Round,3,Kalinskaya A.,Lamens S.,38,86,6,3,6,1,,,,,,,2,,12,4,Completed,1.36,3.09
2025-10-20,Toray Pan Pacific Open Tennis Tournament,WTA500,Outdoor,Hard,1st Round,3,Muchova K.,Vondrousova M.,21,34,6,2,1,0,,,,,,,1,,7,2,Retired,1.63,2.23
2025-10-21,Toray Pan Pacific Open Tennis Tournament,WTA500,Outdoor,Hard,1st Round,3,Fernandez L.A.,Sakkari M.,22,54,7,6,6,4,,,,,,,2,,13,10,Completed,1.41,2.84
2025-10-21,Toray Pan Pacific Open Tennis Tournament,WTA500,Outdoor,Hard,1st Round,3,Shnaider D.,Yastremska D.,19,28,6,3,6,1,,,,,,,2,,12,4,Completed,1.58,2.31
2025-10-21,Toray Pan Pacific Open Tennis Tournament,WTA500,Outdoor,Hard,1st Round,3,Cristian J.,Charaeva A.,42,150,6,2,6,3,,,,,,,2,,12,5,Completed,1.24,3.93
2025-10-21,Toray Pan Pacific Open Tennis Tournament,WTA500,Outdoor,Hard,1st Round,3,Mboko V.,Andreescu B.,23,172,6,3,6,3,,,,,,,2,,12,6,Completed,1.86,1.9
2025-10-21,Toray Pan Pacific Open Tennis Tournament,WTA500,Outdoor,Hard,1st Round,3,Sonobe W.,Bartunkova N.,263,132,6,4,6,3,,,,,,,2,,12,7,Completed,3.07,1.36
2025-10-21,Toray Pan Pacific Open Tennis Tournament,WTA500,Outdoor,Hard,1st Round,3,Kenin S.,Uchijima M.,25,81,6,1,6,3,,,,,,,2,,12,4,Completed,1.75,2.05
2025-10-22,Toray Pan Pacific Open Tennis Tournament,WTA500,Outdoor,Hard,2nd Round,3,Noskova L.,Kessler M.,17,31,5,7,6,3,6,4,,,,,2,1,17,14,Completed,1.64,2.24
2025-10-22,Toray Pan Pacific Open Tennis Tournament,WTA500,Outdoor,Hard,2nd Round,3,Mboko V.,Lys E.,23,50,6,1,6,1,,,,,,,2,,12,2,Completed,2.05,1.74
2025-10-22,Toray Pan Pacific Open Tennis Tournament,WTA500,Outdoor,Hard,2nd Round,3,Kalinskaya A.,Shnaider D.,38,19,7,6,2,6,7,6,,,,,2,1,16,18,Completed,2.2,1.66
2025-10-22,Toray Pan Pacific Open Tennis Tournament,WTA500,Outdoor,Hard,2nd Round,3,Muchova K.,Joint M.,21,32,6,3,7,5,,,,,,,2,,13,8,Completed,1.34,3.21
2025-10-23,Toray Pan Pacific Open Tennis Tournament,WTA500,Outdoor,Hard,2nd Round,3,Bencic B.,Gracheva V.,13,82,6,4,6,3,,,,,,,2,,12,7,Completed,1.2,4.47
2025-10-23,Toray Pan Pacific Open Tennis Tournament,WTA500,Outdoor,Hard,2nd Round,3,Rybakina E.,Fernandez L.A.,7,22,6,4,6,3,,,,,,,2,,12,7,Completed,1.25,3.85
2025-10-23,Toray Pan Pacific Open Tennis Tournament,WTA500,Outdoor,Hard,2nd Round,3,Alexandrova E.,Cristian J.,10,42,6,1,6,2,,,,,,,2,,12,3,Completed,1.3,3.48
2025-10-23,Toray Pan Pacific Open Tennis Tournament,WTA500,Outdoor,Hard,2nd Round,3,Kenin S.,Sonobe W.,25,263,3,6,6,1,7,6,,,,,2,1,16,13,Completed,1.28,3.64
2025-10-24,Toray Pan Pacific Open Tennis Tournament,WTA500,Outdoor,Hard,Quarterfinals,3,Noskova L.,Kalinskaya A.,17,38,6,0,1,0,,,,,,,1,,7,0,Retired,1.61,2.26
2025-10-24,Toray Pan Pacific Open Tennis Tournament,WTA500,Outdoor,Hard,Quarterfinals,3,Rybakina E.,Mboko V.,7,23,6,3,7,6,,,,,,,2,,13,9,Completed,1.25,3.8
2025-10-24,Toray Pan Pacific Open Tennis Tournament,WTA500,Outdoor,Hard,Quarterfinals,3,Kenin S.,Alexandrova E.,25,10,6,0,2,6,7,6,,,,,2,1,15,12,Completed,4.39,1.21
2025-10-24,Toray Pan Pacific Open Tennis Tournament,WTA500,Outdoor,Hard,Quarterfinals,3,Bencic B.,Muchova K.,13,21,3,6,7,5,7,5,,,,,2,1,17,16,Completed,2.26,1.62
2025-10-25,Toray Pan Pacific Open Tennis Tournament,WTA500,Outdoor,Hard,Semifinals,3,Bencic B.,Kenin S.,13,25,7,6,3,6,6,2,,,,,2,1,16,14,Completed,1.42,2.81
2025-10-26,Toray Pan Pacific Open Tennis Tournament,WTA500,Outdoor,Hard,The Final,3,Bencic B.,Noskova L.,13,17,6,2,6,3,,,,,,,2,,12,5,Completed,2.08,1.73
2025-10-29,Chennai Open,WTA250,Outdoor,Hard,1st Round,3,Fruhvirtova L.,Lew Yan Foon A.,139,381,6,2,6,2,,,,,,,2,,12,4,Completed,1.2,4.38
2025-10-29,Chennai Open,WTA250,Outdoor,Hard,1st Round,3,Garland J.,Hartono A.,132,260,6,4,6,3,,,,,,,2,,12,7,Completed,1.4,2.89
2025-10-29,Chennai Open,WTA250,Outdoor,Hard,1st Round,3,Birrell K.,Bartunkova N.,117,133,1,6,6,1,6,3,,,,,2,1,13,10,Completed,1.84,1.93
2025-10-29,Chennai Open,WTA250,Outdoor,Hard,1st Round,3,Rodionova Ar.,Stojanovic N.,250,164,6,3,5,5,,,,,,,1,,11,8,Retired,1.91,1.8
2025-10-29,Chennai Open,WTA250,Outdoor,Hard,1st Round,3,Bhamidipaty S.R.,Rajeshwaran Revathi M.,434,658,6,1,6,4,,,,,,,2,,12,5,Completed,1.72,2.09
2025-10-29,Chennai Open,WTA250,Outdoor,Hard,1st Round,3,Hunter S.,Hontama M.,630,256,6,7,6,2,6,4,,,,,2,1,18,13,Completed,1.99,1.79
2025-10-29,Chennai Open,WTA250,Outdoor,Hard,1st Round,3,Tjen J.,Werner C.,82,271,6,4,6,7,6,2,,,,,2,1,18,13,Completed,1.06,9.11
2025-10-29,Chennai Open,WTA250,Outdoor,Hard,1st Round,3,Yamaguchi M.,Jones F.,279,71,5,7,6,0,1,0,,,,,1,1,12,7,Retired,5.64,1.13
2025-10-29,Chennai Open,WTA250,Outdoor,Hard,1st Round,3,Vekic D.,Adkar V.,78,697,6,1,6,2,,,,,,,2,,12,3,Completed,1.02,19.82
2025-10-29,Chennai Open,WTA250,Outdoor,Hard,1st Round,3,Tararudee L.,Timofeeva M.,171,144,6,2,2,0,,,,,,,1,,8,2,Retired,2.12,1.7
2025-10-29,Chennai Open,WTA250,Outdoor,Hard,1st Round,3,Kawa K.,Bronzetti L.,126,105,6,7,6,0,6,2,,,,,2,1,18,9,Completed,3.18,1.34
2025-10-29,Chennai Open,WTA250,Outdoor,Hard,1st Round,3,Iatcenko P.,Charaeva A.,181,162,6,3,5,0,,,,,,,1,,11,3,Retired,1.83,1.95
2025-10-29,Chennai Open,WTA250,Outdoor,Hard,1st Round,3,Yamalapalli S.,Nugroho P.M.,344,280,6,4,6,2,,,,,,,2,,12,6,Completed,2.22,1.63
2025-10-29,Chennai Open,WTA250,Outdoor,Hard,1st Round,3,Parry D.,Naklo T.,131,543,6,2,6,0,,,,,,,2,,12,2,Completed,1.03,11.57
2025-10-29,Chennai Open,WTA250,Outdoor,Hard,1st Round,3,Pohankova M.,Hibino N.,659,173,7,5,6,1,,,,,,,2,,13,6,Completed,1.86,1.91
2025-10-29,Chennai Open,WTA250,Outdoor,Hard,1st Round,3,Sonmez Z.,Prozorova T.,73,172,7,5,6,4,,,,,,,2,,13,9,Completed,1.54,2.44
2025-10-30,Chennai Open,WTA250,Outdoor,Hard,2nd Round,3,Rodionova Ar.,Hunter S.,250,630,1,6,6,4,7,6,,,,,2,1,14,16,Completed,2.3,1.59
2025-10-30,Chennai Open,WTA250,Outdoor,Hard,2nd Round,3,Tjen J.,Fruhvirtova L.,82,139,2,6,6,3,6,2,,,,,2,1,14,11,Completed,1.31,3.35
2025-10-30,Chennai Open,WTA250,Outdoor,Hard,2nd Round,3,Iatcenko P.,Kawa K.,181,126,6,2,6,3,,,,,,,2,,12,5,Completed,1.45,2.69
2025-10-30,Chennai Open,WTA250,Outdoor,Hard,2nd Round,3,Vekic D.,Yamalapalli S.,78,344,6,2,6,2,,,,,,,2,,12,4,Completed,1.13,5.59
2025-10-30,Chennai Open,WTA250,Outdoor,Hard,2nd Round,3,Garland J.,Yamaguchi M.,132,279,5,7,7,5,7,5,,,,,2,1,19,17,Completed,1.25,3.85
2025-10-30,Chennai Open,WTA250,Outdoor,Hard,2nd Round,3,Birrell K.,Bhamidipaty S.R.,117,434,7,5,7,6,,,,,,,2,,14,11,Completed,1.09,7.0
2025-10-30,Chennai Open,WTA250,Outdoor,Hard,2nd Round,3,Tararudee L.,Sonmez Z.,171,73,2,6,6,3,6,3,,,,,2,1,14,12,Completed,2.38,1.56
2025-10-30,Chennai Open,WTA250,Outdoor,Hard,2nd Round,3,Pohankova M.,Parry D.,659,131,6,3,6,4,,,,,,,2,,12,7,Completed,2.04,1.76
2025-10-31,Chennai Open,WTA250,Outdoor,Hard,Quarterfinals,3,Garland J.,Rodionova Ar.,132,250,6,2,7,6,,,,,,,2,,13,8,Completed,1.35,3.18
2025-10-31,Chennai Open,WTA250,Outdoor,Hard,Quarterfinals,3,Tjen J.,Pohankova M.,82,659,6,3,6,1,,,,,,,2,,12,4,Completed,1.36,3.14
2025-10-31,Chennai Open,WTA250,Outdoor,Hard,Quarterfinals,3,Birrell K.,Vekic D.,117,78,6,4,6,0,,,,,,,2,,12,4,Completed,2.45,1.53
2025-10-31,Chennai Open,WTA250,Outdoor,Hard,Quarterfinals,3,Tararudee L.,Iatcenko P.,171,181,6,0,6,2,,,,,,,2,,12,2,Completed,1.76,2.02
2025-11-01,Chennai Open,WTA250,Outdoor,Hard,Semifinals,3,Tjen J.,Tararudee L.,82,171,7,6,7,6,,,,,,,2,,14,12,Completed,1.35,3.09
2025-11-01,Chennai Open,WTA250,Outdoor,Hard,Semifinals,3,Birrell K.,Garland J.,117,132,6,7,6,3,7,5,,,,,2,1,19,15,Completed,1.47,2.61
2025-11-02,Chennai Open,WTA250,Outdoor,Hard,The Final,3,Tjen J.,Birrell K.,82,117,6,4,6,3,,,,,,,2,,12,7,Completed,1.42,2.79
2025-10-27,Hong Kong Tennis Open,WTA250,Outdoor,Hard,1st Round,3,Wang Y.,Inglis M.,298,186,6,4,6,7,6,3,,,,,2,1,18,14,Completed,1.44,2.73
2025-10-27,Hong Kong Tennis Open,WTA250,Outdoor,Hard,1st Round,3,Bucsa C.,Ma Y.,68,238,6,1,6,2,,,,,,,2,,12,3,Completed,1.18,4.69
2025-10-27,Hong Kong Tennis Open,WTA250,Outdoor,Hard,1st Round,3,Lys E.,Sidorova K.,44,541,6,0,6,3,,,,,,,2,,12,3,Completed,1.04,10.54
2025-10-27,Hong Kong Tennis Open,WTA250,Outdoor,Hard,1st Round,3,Tomljanovic A.,Kobori M.,86,470,7,5,6,2,,,,,,,2,,13,7,Completed,1.08,7.86
2025-10-27,Hong Kong Tennis Open,WTA250,Outdoor,Hard,1st Round,3,Morvayova V.,Wong Hong Yi C.,520,498,6,1,6,0,,,,,,,2,,12,1,Completed,1.99,1.79
2025-10-27,Hong Kong Tennis Open,WTA250,Outdoor,Hard,1st Round,3,Joint M.,Sevastova A.,32,208,2,6,6,4,6,3,,,,,2,1,14,13,Completed,1.4,2.91
2025-10-28,Hong Kong Tennis Open,WTA250,Outdoor,Hard,1st Round,3,Sakatsume H.,Kenin S.,228,28,6,2,6,1,,,,,,,2,,12,3,Completed,3.77,1.26
2025-10-28,Hong Kong Tennis Open,WTA250,Outdoor,Hard,1st Round,3,Cirstea S.,Galfi D.,45,96,7,5,6,3,,,,,,,2,,13,8,Completed,1.41,2.87
2025-10-28,Hong Kong Tennis Open,WTA250,Outdoor,Hard,1st Round,3,Mboko V.,Gibson T.,21,134,6,7,6,1,6,4,,,,,2,1,18,12,Completed,1.16,5.12
2025-10-28,Hong Kong Tennis Open,WTA250,Outdoor,Hard,1st Round,3,Chong E.,Lamens S.,632,85,6,3,6,4,,,,,,,2,,12,7,Completed,9.8,1.05
2025-10-28,Hong Kong Tennis Open,WTA250,Outdoor,Hard,1st Round,3,Arango E.,Uchijima M.,47,92,6,7,6,1,6,4,,,,,2,1,18,12,Completed,2.09,1.72
2025-10-28,Hong Kong Tennis Open,WTA250,Outdoor,Hard,1st Round,3,Fernandez L.A.,Wang Xiy.,22,167,6,1,6,4,,,,,,,2,,12,5,Completed,1.23,4.08
2025-10-28,Hong Kong Tennis Open,WTA250,Outdoor,Hard,1st Round,3,Kalinskaya A.,Rakhimova K.,35,106,6,4,6,4,,,,,,,2,,12,8,Completed,1.29,3.51
2025-10-28,Hong Kong Tennis Open,WTA250,Outdoor,Hard,1st Round,3,Bencic B.,Sasnovich A.,11,111,6,3,6,4,,,,,,,2,,12,7,Completed,1.23,4.03
2025-10-28,Hong Kong Tennis Open,WTA250,Outdoor,Hard,1st Round,3,Zhang S.,Erjavec V.,107,98,6,2,6,2,,,,,,,2,,12,4,Completed,1.36,3.06
2025-10-28,Hong Kong Tennis Open,WTA250,Outdoor,Hard,1st Round,3,Eala A.,Boulter K.,51,79,6,4,2,1,,,,,,,1,,8,5,Retired,1.9,1.87
2025-10-29,Hong Kong Tennis Open,WTA250,Outdoor,Hard,2nd Round,3,Joint M.,Morvayova V.,32,520,6,1,6,4,,,,,,,2,,12,5,Completed,1.02,14.57
2025-10-29,Hong Kong Tennis Open,WTA250,Outdoor,Hard,2nd Round,3,Bucsa C.,Arango E.,68,47,6,2,6,4,,,,,,,2,,12,6,Completed,1.37,3.01
2025-10-29,Hong Kong Tennis Open,WTA250,Outdoor,Hard,2nd Round,3,Cirstea S.,Tomljanovic A.,45,86,4,6,6,4,6,3,,,,,2,1,16,13,Completed,1.39,2.94
2025-10-29,Hong Kong Tennis Open,WTA250,Outdoor,Hard,2nd Round,3,Fernandez L.A.,Lys E.,22,44,6,4,6,1,,,,,,,2,,12,5,Completed,1.53,2.47
2025-10-30,Hong Kong Tennis Open,WTA250,Outdoor,Hard,2nd Round,3,Kalinskaya A.,Zhang S.,35,107,6,1,6,1,,,,,,,2,,12,2,Completed,1.65,2.21
2025-10-30,Hong Kong Tennis Open,WTA250,Outdoor,Hard,2nd Round,3,Bencic B.,Wang Y.,11,298,6,2,6,2,,,,,,,2,,12,4,Completed,1.14,5.47
2025-10-30,Hong Kong Tennis Open,WTA250,Outdoor,Hard,2nd Round,3,Mboko V.,Eala A.,21,51,3,6,6,3,6,4,,,,,2,1,15,13,Completed,1.42,2.79
2025-10-30,Hong Kong Tennis Open,WTA250,Outdoor,Hard,2nd Round,3,Sakatsume H.,Chong E.,228,632,6,2,6,1,,,,,,,2,,12,3,Completed,1.17,4.87
2025-10-31,Hong Kong Tennis Open,WTA250,Outdoor,Hard,Quarterfinals,3,Joint M.,Sakatsume H.,32,228,6,4,2,6,6,4,,,,,2,1,14,14,Completed,1.25,3.87
2025-10-31,Hong Kong Tennis Open,WTA250,Outdoor,Hard,Quarterfinals,3,Mboko V.,Kalinskaya A.,21,35,6,1,3,1,,,,,,,1,,9,2,Retired,1.95,1.83
2025-10-31,Hong Kong Tennis Open,WTA250,Outdoor,Hard,Quarterfinals,3,Fernandez L.A.,Cirstea S.,22,45,6,4,6,4,,,,,,,2,,12,8,Completed,1.43,2.77
2025-11-01,Hong Kong Tennis Open,WTA250,Outdoor,Hard,Semifinals,3,Bucsa C.,Joint M.,68,32,6,3,6,1,,,,,,,2,,12,4,Completed,2.17,1.67
2025-11-01,Hong Kong Tennis Open,WTA250,Outdoor,Hard,Semifinals,3,Mboko V.,Fernandez L.A.,21,22,2,6,6,3,6,2,,,,,2,1,14,11,Completed,2.43,1.54
2025-11-02,Hong Kong Tennis Open,WTA250,Outdoor,Hard,The Final,3,Mboko V.,Bucsa C.,21,68,7,5,6,7,6,2,,,,,2,1,19,14,Completed,1.39,2.97
2025-10-27,Jiangxi Open,WTA250,Outdoor,Hard,1st Round,3,Bondar A.,Wei S.,74,207,6,2,6,2,,,,,,,2,,12,4,Completed,1.34,3.2
2025-10-27,Jiangxi Open,WTA250,Outdoor,Hard,1st Round,3,Guo H.,Korneeva A.,179,155,3,6,6,2,7,6,,,,,2,1,16,14,Completed,2.69,1.45
2025-10-27,Jiangxi Open,WTA250,Outdoor,Hard,1st Round,3,Salkova D.,Falei A.,151,340,7,6,7,5,,,,,,,2,,14,11,Completed,1.48,2.61
2025-10-27,Jiangxi Open,WTA250,Outdoor,Hard,1st Round,3,Korpatsch T.,Kudermetova P.,159,72,3,0,,,,,,,,,,,3,0,Retired,2.35,1.57
2025-10-27,Jiangxi Open,WTA250,Outdoor,Hard,1st Round,3,Seidel E.,Rakotomanga Rajaonah T.,90,123,6,4,6,3,,,,,,,2,,12,7,Completed,1.26,3.73
2025-10-27,Jiangxi Open,WTA250,Outdoor,Hard,1st Round,3,Putintseva Y.,Jimenez Kasintseva V.,75,109,6,3,6,1,,,,,,,2,,12,4,Completed,1.52,2.47
2025-10-27,Jiangxi Open,WTA250,Outdoor,Hard,1st Round,3,Zakharova A.,Shibahara E.,99,193,6,4,6,1,,,,,,,2,,12,5,Completed,1.45,2.66
2025-10-27,Jiangxi Open,WTA250,Outdoor,Hard,1st Round,3,Zheng W.,Starodubtseva Y.,309,115,6,3,7,6,,,,,,,2,,13,9,Completed,6.57,1.1
2025-10-28,Jiangxi Open,WTA250,Outdoor,Hard,1st Round,3,Blinkova A.,Paquet C.,95,244,6,4,6,4,,,,,,,2,,12,8,Completed,1.38,2.99
2025-10-28,Jiangxi Open,WTA250,Outdoor,Hard,1st Round,3,Parks A.,Zhu L.,65,170,6,3,2,1,,,,,,,1,,8,4,Retired,2.7,1.45
2025-10-28,Jiangxi Open,WTA250,Outdoor,Hard,1st Round,3,Golubic V.,Saigo R.,53,365,6,2,6,4,,,,,,,2,,12,6,Completed,1.1,6.71
2025-10-28,Jiangxi Open,WTA250,Outdoor,Hard,1st Round,3,Cocciaretto E.,Osorio M.,89,80,6,2,3,0,,,,,,,1,,9,2,Retired,1.88,1.89
2025-10-28,Jiangxi Open,WTA250,Outdoor,Hard,1st Round,3,Pridankina E.,Yuan Y.,205,113,6,2,3,6,7,6,,,,,2,1,16,14,Completed,3.65,1.27
2025-10-28,Jiangxi Open,WTA250,Outdoor,Hard,1st Round,3,Tagger L.,Zhu C.,235,596,6,2,6,1,,,,,,,2,,12,3,Completed,1.22,4.09
2025-10-28,Jiangxi Open,WTA250,Outdoor,Hard,1st Round,3,Juvan K.,Liu C.,102,222,3,6,6,2,7,5,,,,,2,1,16,13,Completed,1.5,2.56
2025-10-28,Jiangxi Open,WTA250,Outdoor,Hard,1st Round,3,Bai Z.,Li A.,,33,6,3,6,1,,,,,,,2,,12,4,Completed,8.29,1.07
2025-10-29,Jiangxi Open,WTA250,Outdoor,Hard,2nd Round,3,Tagger L.,Cocciaretto E.,235,89,6,4,6,2,,,,,,,2,,12,6,Completed,3.41,1.3
2025-10-29,Jiangxi Open,WTA250,Outdoor,Hard,2nd Round,3,Korpatsch T.,Seidel E.,159,90,3,6,6,0,6,1,,,,,2,1,15,7,Completed,4.1,1.22
2025-10-29,Jiangxi Open,WTA250,Outdoor,Hard,2nd Round,3,Golubic V.,Pridankina E.,53,205,6,0,4,6,7,5,,,,,2,1,17,11,Completed,1.21,4.21
2025-10-29,Jiangxi Open,WTA250,Outdoor,Hard,2nd Round,3,Putintseva Y.,Zheng W.,75,309,6,2,6,0,,,,,,,2,,12,2,Completed,1.07,7.52
2025-10-30,Jiangxi Open,WTA250,Outdoor,Hard,2nd Round,3,Parks A.,Juvan K.,65,102,1,6,6,1,6,1,,,,,2,1,13,8,Completed,2.55,1.5
2025-10-30,Jiangxi Open,WTA250,Outdoor,Hard,2nd Round,3,Salkova D.,Zakharova A.,151,99,7,6,2,6,6,2,,,,,2,1,15,14,Completed,2.77,1.43
2025-10-30,Jiangxi Open,WTA250,Outdoor,Hard,2nd Round,3,Blinkova A.,Bondar A.,95,74,7,6,7,5,,,,,,,2,,14,11,Completed,2.07,1.73
2025-10-30,Jiangxi Open,WTA250,Outdoor,Hard,2nd Round,3,Bai Z.,Guo H.,,179,3,6,7,5,6,4,,,,,2,1,16,15,Completed,2.72,1.44
2025-10-31,Jiangxi Open,WTA250,Outdoor,Hard,Quarterfinals,3,Tagger L.,Korpatsch T.,235,159,6,3,6,4,,,,,,,2,,12,7,Completed,1.5,2.53
2025-10-31,Jiangxi Open,WTA250,Outdoor,Hard,Quarterfinals,3,Golubic V.,Putintseva Y.,53,75,7,5,6,2,,,,,,,2,,13,7,Completed,2.13,1.68
2025-10-31,Jiangxi Open,WTA250,Outdoor,Hard,Quarterfinals,3,Salkova D.,Bai Z.,151,,6,3,6,4,,,,,,,2,,12,7,Completed,1.56,2.39
2025-10-31,Jiangxi Open,WTA250,Outdoor,Hard,Quarterfinals,3,Blinkova A.,Parks A.,95,65,7,5,7,5,,,,,,,2,,14,10,Completed,1.73,2.07
2025-11-01,Jiangxi Open,WTA250,Outdoor,Hard,Semifinals,3,Blinkova A.,Salkova D.,95,151,6,4,6,4,,,,,,,2,,12,8,Completed,1.6,2.29
2025-11-01,Jiangxi Open,WTA250,Outdoor,Hard,Semifinals,3,Tagger L.,Golubic V.,235,53,6,1,4,6,7,5,,,,,2,1,17,12,Completed,2.78,1.42
2025-11-02,Jiangxi Open,WTA250,Outdoor,Hard,The Final,3,Blinkova A.,Tagger L.,95,235,6,3,6,3,,,,,,,2,,12,6,Completed,1.82,1.95
2025-11-01,WTA Finals,Tour Championships,Indoor,Hard,Round Robin,3,Swiatek I.,Keys M.,2,7,6,1,6,2,,,,,,,2,,12,3,Completed,1.2,4.49
2025-11-01,WTA Finals,Tour Championships,Indoor,Hard,Round Robin,3,Rybakina E.,Anisimova A.,6,4,6,3,6,1,,,,,,,2,,12,4,Completed,1.79,2.02
2025-11-02,WTA Finals,Tour Championships,Indoor,Hard,Round Robin,3,Sabalenka A.,Paolini J.,1,8,6,3,6,1,,,,,,,2,,12,4,Completed,1.28,3.69
2025-11-02,WTA Finals,Tour Championships,Indoor,Hard,Round Robin,3,Pegula J.,Gauff C.,5,3,6,3,6,7,6,2,,,,,2,1,18,12,Completed,2.44,1.58
2025-11-03,WTA Finals,Tour Championships,Indoor,Hard,Round Robin,3,Rybakina E.,Swiatek I.,6,2,3,6,6,1,6,0,,,,,2,1,15,7,Completed,2.21,1.66
2025-11-03,WTA Finals,Tour Championships,Indoor,Hard,Round Robin,3,Anisimova A.,Keys M.,4,7,4,6,6,3,6,2,,,,,2,1,16,11,Completed,1.29,3.64
2025-11-04,WTA Finals,Tour Championships,Indoor,Hard,Round Robin,3,Gauff C.,Paolini J.,3,8,6,3,6,2,,,,,,,2,,12,5,Completed,1.45,2.75
2025-11-04,WTA Finals,Tour Championships,Indoor,Hard,Round Robin,3,Sabalenka A.,Pegula J.,1,5,6,4,2,6,6,3,,,,,2,1,14,13,Completed,1.3,3.56
2025-11-05,WTA Finals,Tour Championships,Indoor,Hard,Round Robin,3,Rybakina E.,Alexandrova E.,6,10,6,4,6,4,,,,,,,2,,12,8,Completed,1.36,3.14
2025-11-05,WTA Finals,Tour Championships,Indoor,Hard,Round Robin,3,Anisimova A.,Swiatek I.,4,2,6,7,6,4,6,2,,,,,2,1,18,13,Completed,2.7,1.46
2025-11-06,WTA Finals,Tour Championships,Indoor,Hard,Round Robin,3,Pegula J.,Paolini J.,5,8,6,2,6,3,,,,,,,2,,12,5,Completed,1.24,3.93
2025-11-06,WTA Finals,Tour Championships,Indoor,Hard,Round Robin,3,Sabalenka A.,Gauff C.,1,3,7,6,6,2,,,,,,,2,,13,8,Completed,1.48,2.63
2025-11-07,WTA Finals,Tour Championships,Indoor,Hard,Semifinals,3,Rybakina E.,Pegula J.,6,5,4,6,6,4,6,3,,,,,2,1,16,13,Completed,1.42,2.81
2025-11-07,WTA Finals,Tour Championships,Indoor,Hard,The Final,3,Sabalenka A.,Anisimova A.,1,4,6,3,3,6,6,3,,,,,2,1,15,12,Completed,1.4,2.94
2025-11-08,WTA Finals,Tour Championships,Indoor,Hard,The Final,3,Rybakina E.,Sabalenka A.,6,1,6,3,7,6,,,,,,,2,,13,9,Completed,2.57,1.5
2026-01-04,ASB Classic,WTA250,Outdoor,Hard,1st Round,3,Bejlek S.,Udvardy P.,93,87,7,5,6,1,,,,,,,2,,13,6,Completed,1.5,2.57
2026-01-04,ASB Classic,WTA250,Outdoor,Hard,1st Round,3,Jovic I.,Knutson G.,35,182,4,6,6,1,6,0,,,,,2,1,16,7,Completed,1.17,4.83
2026-01-05,ASB Classic,WTA250,Outdoor,Hard,1st Round,3,Costoulas S.,Osuigwe W.,159,152,6,4,3,6,6,1,,,,,2,1,15,11,Completed,1.44,2.72
2026-01-05,ASB Classic,WTA250,Outdoor,Hard,1st Round,3,Wang Xin.,McNally C.,57,83,2,6,6,3,7,5,,,,,2,1,15,14,Completed,1.93,1.84
2026-01-05,ASB Classic,WTA250,Outdoor,Hard,1st Round,3,Quevedo K.,Stearns P.,141,64,6,2,7,5,,,,,,,2,,13,7,Completed,2.84,1.41
2026-01-05,ASB Classic,WTA250,Outdoor,Hard,1st Round,3,Kraus S.,Grabher J.,108,92,6,3,6,3,,,,,,,2,,12,6,Completed,1.56,2.4
2026-01-05,ASB Classic,WTA250,Outdoor,Hard,1st Round,3,Jones F.,Navarro E.,72,15,7,5,2,6,6,4,,,,,2,1,15,15,Completed,3.98,1.24
2026-01-05,ASB Classic,WTA250,Outdoor,Hard,1st Round,3,Zarazua R.,Stephens S.,77,1098,7,5,4,6,6,2,,,,,2,1,17,13,Completed,1.23,3.98
2026-01-05,ASB Classic,WTA250,Outdoor,Hard,1st Round,3,Marcinko P.,Osorio M.,82,76,6,4,0,6,7,6,,,,,2,1,13,16,Completed,1.78,1.99
2026-01-05,ASB Classic,WTA250,Outdoor,Hard,1st Round,3,Boulter K.,Starodubtseva Y.,112,111,6,3,6,3,,,,,,,2,,12,6,Completed,1.77,2.02
2026-01-06,ASB Classic,WTA250,Outdoor,Hard,1st Round,3,Seidel E.,Barry M.,84,726,6,2,6,1,,,,,,,2,,12,3,Completed,1.02,16.06
2026-01-06,ASB Classic,WTA250,Outdoor,Hard,1st Round,3,Kartal S.,Tjen J.,68,54,6,1,6,7,6,3,,,,,2,1,18,11,Completed,2.09,1.72
2026-01-06,ASB Classic,WTA250,Outdoor,Hard,1st Round,3,Linette M.,Williams V.,52,582,6,4,4,6,6,2,,,,,2,1,16,12,Completed,1.22,4.21
2026-01-06,ASB Classic,WTA250,Outdoor,Hard,1st Round,3,Cocciaretto E.,Parks A.,81,101,6,2,7,5,,,,,,,2,,13,7,Completed,1.62,2.25
2026-01-06,ASB Classic,WTA250,Outdoor,Hard,1st Round,3,Svitolina E.,Gracheva V.,13,75,6,3,6,1,,,,,,,2,,12,4,Completed,1.22,4.13
2026-01-06,ASB Classic,WTA250,Outdoor,Hard,1st Round,3,Eala A.,Vekic D.,53,69,4,6,6,4,6,4,,,,,2,1,16,14,Completed,1.61,2.27
2026-01-06,ASB Classic,WTA250,Outdoor,Hard,2nd Round,3,Jovic I.,Bejlek S.,35,93,7,6,6,4,,,,,,,2,,13,10,Completed,1.43,2.77
2026-01-07,ASB Classic,WTA250,Outdoor,Hard,2nd Round,3,Jones F.,Kraus S.,72,108,1,6,6,4,6,1,,,,,2,1,13,11,Completed,1.38,2.97
2026-01-07,ASB Classic,WTA250,Outdoor,Hard,2nd Round,3,Wang Xin.,Zarazua R.,57,77,7,5,6,4,,,,,,,2,,13,9,Completed,1.4,2.89
2026-01-07,ASB Classic,WTA250,Outdoor,Hard,2nd Round,3,Costoulas S.,Quevedo K.,159,141,6,2,6,0,,,,,,,2,,12,2,Completed,2.04,1.76
2026-01-08,ASB Classic,WTA250,Outdoor,Hard,2nd Round,3,Eala A.,Marcinko P.,53,82,6,0,6,2,,,,,,,2,,12,2,Completed,1.58,2.33
2026-01-08,ASB Classic,WTA250,Outdoor,Hard,2nd Round,3,Linette M.,Cocciaretto E.,52,81,7,5,2,6,6,3,,,,,2,1,15,14,Completed,2.02,1.77
2026-01-08,ASB Classic,WTA250,Outdoor,Hard,2nd Round,3,Svitolina E.,Boulter K.,13,112,7,5,6,4,,,,,,,2,,13,9,Completed,1.22,4.16
2026-01-08,ASB Classic,WTA250,Outdoor,Hard,2nd Round,3,Kartal S.,Seidel E.,68,84,6,3,6,1,,,,,,,2,,12,4,Completed,1.3,3.41
2026-01-08,ASB Classic,WTA250,Outdoor,Hard,Quarterfinals,3,Wang Xin.,Jones F.,57,72,6,4,4,3,,,,,,,1,2,10,7,Retired,1.35,3.14
2026-01-09,ASB Classic,WTA250,Outdoor,Hard,Quarterfinals,3,Eala A.,Linette M.,53,52,6,3,6,2,,,,,,,2,,12,5,Completed,1.52,2.49
2026-01-09,ASB Classic,WTA250,Outdoor,Hard,Quarterfinals,3,Jovic I.,Costoulas S.,35,159,6,2,7,6,,,,,,,2,,13,8,Completed,1.25,3.81
2026-01-09,ASB Classic,WTA250,Outdoor,Hard,Quarterfinals,3,Svitolina E.,Kartal S.,13,68,6,4,6,7,7,6,,,,,2,1,19,17,Completed,1.3,3.61
2026-01-10,ASB Classic,WTA250,Outdoor,Hard,Semifinals,3,Wang Xin.,Eala A.,57,53,5,7,7,5,6,4,,,,,2,1,18,16,Completed,2.53,1.51
2026-01-10,ASB Classic,WTA250,Outdoor,Hard,Semifinals,3,Svitolina E.,Jovic I.,13,35,7,6,6,2,,,,,,,2,,13,8,Completed,1.33,3.24
2026-01-11,ASB Classic,WTA250,Outdoor,Hard,The Final,3,Svitolina E.,Wang Xin.,13,57,6,3,7,6,,,,,,,2,,13,9,Completed,1.19,4.5
2026-01-04,Brisbane International,WTA500,Outdoor,Hard,1st Round,3,Tomljanovic A.,Jacquemot E.,78,56,6,1,6,3,,,,,,,2,,12,4,Completed,1.62,2.24
2026-01-04,Brisbane International,WTA500,Outdoor,Hard,1st Round,3,Kessler M.,Arango E.,31,48,6,1,6,3,,,,,,,2,,12,4,Completed,1.25,3.88
2026-01-04,Brisbane International,WTA500,Outdoor,Hard,1st Round,3,Potapova A.,Kasatkina D.,55,40,7,5,4,6,6,4,,,,,2,1,17,15,Completed,1.93,1.85
2026-01-04,Brisbane International,WTA500,Outdoor,Hard,1st Round,3,Cirstea S.,Pavlyuchenkova A.,41,44,6,3,6,1,,,,,,,2,,12,4,Completed,1.49,2.58
2026-01-04,Brisbane International,WTA500,Outdoor,Hard,1st Round,3,Kenin S.,Ruse E.G.,28,85,6,4,4,6,6,3,,,,,2,1,16,13,Completed,1.99,1.79
2026-01-04,Brisbane International,WTA500,Outdoor,Hard,1st Round,3,Bouzkova M.,Cristian J.,46,38,6,4,6,3,,,,,,,2,,12,7,Completed,1.43,2.77
2026-01-05,Brisbane International,WTA500,Outdoor,Hard,1st Round,3,Birrell K.,Sramkova R.,106,71,6,4,3,6,6,3,,,,,2,1,15,13,Completed,2.18,1.66
2026-01-05,Brisbane International,WTA500,Outdoor,Hard,1st Round,3,Zhang S.,Krueger A.,79,49,6,4,5,7,6,4,,,,,2,1,17,15,Completed,1.69,2.14
2026-01-05,Brisbane International,WTA500,Outdoor,Hard,1st Round,3,Gadecki O.,Li A.,204,37,6,4,6,4,,,,,,,2,,12,8,Completed,2.32,1.59
2026-01-05,Brisbane International,WTA500,Outdoor,Hard,1st Round,3,Bucsa C.,Bondar A.,50,73,4,6,7,6,6,2,,,,,2,1,17,14,Completed,1.52,2.5
2026-01-05,Brisbane International,WTA500,Outdoor,Hard,1st Round,3,Putintseva Y.,Baptiste H.,74,65,6,2,6,4,,,,,,,2,,12,6,Completed,,
2026-01-05,Brisbane International,WTA500,Outdoor,Hard,1st Round,3,Sasnovich A.,Blinkova A.,113,61,7,5,6,1,,,,,,,2,,13,6,Completed,1.57,2.37
2026-01-05,Brisbane International,WTA500,Outdoor,Hard,1st Round,3,Kalinskaya A.,Valentova T.,33,60,6,4,6,4,,,,,,,2,,12,8,Completed,2.26,1.62
2026-01-05,Brisbane International,WTA500,Outdoor,Hard,1st Round,3,Yastremska D.,Gibson T.,27,118,7,6,7,6,,,,,,,2,,14,12,Completed,1.5,2.56
2026-01-05,Brisbane International,WTA500,Outdoor,Hard,1st Round,3,Frech M.,Vondrousova M.,59,34,7,5,6,7,7,6,,,,,2,1,20,18,Completed,4.14,1.22
2026-01-05,Brisbane International,WTA500,Outdoor,Hard,1st Round,3,Jones E.,Maria T.,147,43,6,3,6,3,,,,,,,2,,12,6,Completed,1.33,3.29
2026-01-06,Brisbane International,WTA500,Outdoor,Hard,2nd Round,3,Keys M.,Kessler M.,7,31,6,4,6,3,,,,,,,2,,12,7,Completed,1.64,2.23
2026-01-06,Brisbane International,WTA500,Outdoor,Hard,2nd Round,3,Shnaider D.,Potapova A.,21,55,6,1,6,3,,,,,,,2,,12,4,Completed,1.65,2.22
2026-01-06,Brisbane International,WTA500,Outdoor,Hard,2nd Round,3,Sabalenka A.,Bucsa C.,1,50,6,0,6,1,,,,,,,2,,12,1,Completed,1.04,10.47
2026-01-06,Brisbane International,WTA500,Outdoor,Hard,2nd Round,3,Alexandrova E.,Kenin S.,10,28,7,6,6,3,,,,,,,2,,13,9,Completed,1.33,3.31
2026-01-06,Brisbane International,WTA500,Outdoor,Hard,2nd Round,3,Cirstea S.,Ostapenko J.,41,23,6,2,7,6,,,,,,,2,,13,8,Completed,1.39,2.95
2026-01-06,Brisbane International,WTA500,Outdoor,Hard,2nd Round,3,Muchova K.,Tomljanovic A.,20,78,4,6,6,1,7,6,,,,,2,1,17,13,Completed,1.34,3.22
2026-01-06,Brisbane International,WTA500,Outdoor,Hard,2nd Round,3,Rybakina E.,Zhang S.,5,79,6,3,7,5,,,,,,,2,,13,8,Completed,1.1,6.78
2026-01-06,Brisbane International,WTA500,Outdoor,Hard,2nd Round,3,Badosa P.,Bouzkova M.,25,46,6,7,6,4,6,2,,,,,2,1,18,13,Completed,1.8,1.97
2026-01-07,Brisbane International,WTA500,Outdoor,Hard,2nd Round,3,Yastremska D.,Fernandez L.A.,27,22,6,1,6,2,,,,,,,2,,12,3,Completed,2.56,1.5
2026-01-07,Brisbane International,WTA500,Outdoor,Hard,2nd Round,3,Pegula J.,Kalinskaya A.,6,33,6,2,2,6,6,4,,,,,2,1,14,12,Completed,1.51,2.51
2026-01-07,Brisbane International,WTA500,Outdoor,Hard,2nd Round,3,Sasnovich A.,Tauson C.,113,14,6,2,6,3,,,,,,,2,,12,5,Completed,2.41,1.56
2026-01-07,Brisbane International,WTA500,Outdoor,Hard,2nd Round,3,Samsonova L.,Jones E.,17,147,6,4,6,1,,,,,,,2,,12,5,Completed,1.48,2.62
2026-01-07,Brisbane International,WTA500,Outdoor,Hard,2nd Round,3,Noskova L.,Frech M.,12,59,6,7,6,4,6,4,,,,,2,1,18,15,Completed,1.27,3.71
2026-01-07,Brisbane International,WTA500,Outdoor,Hard,2nd Round,3,Andreeva M.,Gadecki O.,9,204,4,6,6,1,6,2,,,,,2,1,16,9,Completed,1.18,4.73
2026-01-07,Brisbane International,WTA500,Outdoor,Hard,2nd Round,3,Kostyuk M.,Putintseva Y.,26,74,6,7,6,1,6,0,,,,,2,1,18,8,Completed,1.42,2.77
2026-01-07,Brisbane International,WTA500,Outdoor,Hard,2nd Round,3,Anisimova A.,Birrell K.,3,106,6,1,6,3,,,,,,,2,,12,4,Completed,1.16,4.99
2026-01-08,Brisbane International,WTA500,Outdoor,Hard,3rd Round,3,Sabalenka A.,Cirstea S.,1,41,6,3,6,3,,,,,,,2,,12,6,Completed,1.1,7.09
2026-01-08,Brisbane International,WTA500,Outdoor,Hard,3rd Round,3,Rybakina E.,Badosa P.,5,25,6,3,6,2,,,,,,,2,,12,5,Completed,1.2,4.45
2026-01-08,Brisbane International,WTA500,Outdoor,Hard,3rd Round,3,Muchova K.,Alexandrova E.,20,10,6,4,7,5,,,,,,,2,,13,9,Completed,2.25,1.63
2026-01-08,Brisbane International,WTA500,Outdoor,Hard,3rd Round,3,Keys M.,Shnaider D.,7,21,6,7,7,6,7,6,,,,,2,1,20,19,Completed,1.58,2.33
2026-01-08,Brisbane International,WTA500,Outdoor,Hard,3rd Round,3,Samsonova L.,Sasnovich A.,17,113,6,4,6,4,,,,,,,2,,12,8,Completed,1.58,2.33
2026-01-08,Brisbane International,WTA500,Outdoor,Hard,3rd Round,3,Pegula J.,Yastremska D.,6,27,5,7,6,2,6,3,,,,,2,1,17,12,Completed,1.36,3.06
2026-01-08,Brisbane International,WTA500,Outdoor,Hard,3rd Round,3,Kostyuk M.,Anisimova A.,26,3,6,4,6,3,,,,,,,2,,12,7,Completed,3.0,1.38
2026-01-08,Brisbane International,WTA500,Outdoor,Hard,3rd Round,3,Andreeva M.,Noskova L.,9,12,5,7,6,4,7,5,,,,,2,1,18,16,Completed,1.42,2.79
2026-01-09,Brisbane International,WTA500,Outdoor,Hard,Quarterfinals,3,Muchova K.,Rybakina E.,20,5,6,2,2,6,6,4,,,,,2,1,14,12,Completed,4.09,1.23
2026-01-09,Brisbane International,WTA500,Outdoor,Hard,Quarterfinals,3,Sabalenka A.,Keys M.,1,7,6,3,6,3,,,,,,,2,,12,6,Completed,1.17,4.86
2026-01-09,Brisbane International,WTA500,Outdoor,Hard,Quarterfinals,3,Pegula J.,Samsonova L.,6,17,6,3,7,6,,,,,,,2,,13,9,Completed,1.36,3.07
2026-01-09,Brisbane International,WTA500,Outdoor,Hard,Quarterfinals,3,Kostyuk M.,Andreeva M.,26,9,7,6,6,3,,,,,,,2,,13,9,Completed,2.01,1.78
2026-01-10,Brisbane International,WTA500,Outdoor,Hard,Semifinals,3,Sabalenka A.,Muchova K.,1,20,6,3,6,4,,,,,,,2,,12,7,Completed,1.21,4.32
2026-01-10,Brisbane International,WTA500,Outdoor,Hard,Semifinals,3,Kostyuk M.,Pegula J.,26,6,6,0,6,3,,,,,,,2,,12,3,Completed,2.2,1.66
2026-01-11,Brisbane International,WTA500,Outdoor,Hard,The Final,3,Sabalenka A.,Kostyuk M.,1,26,6,4,6,3,,,,,,,2,,12,7,Completed,1.27,3.71
2026-01-12,Adelaide International,WTA500,Outdoor,Hard,1st Round,3,Navarro E.,Jones E.,15,155,6,3,6,3,,,,,,,2,,12,6,Completed,1.32,3.33
2026-01-12,Adelaide International,WTA500,Outdoor,Hard,1st Round,3,Mboko V.,Haddad Maia B.,17,59,5,7,6,3,6,2,,,,,2,1,17,12,Completed,1.26,3.77
2026-01-12,Adelaide International,WTA500,Outdoor,Hard,1st Round,3,Tomljanovic A.,Tauson C.,76,14,7,6,,,,,,,,,1,,7,6,Retired,2.26,1.62
2026-01-12,Adelaide International,WTA500,Outdoor,Hard,1st Round,3,Kalinskaya A.,Ruse E.G.,33,79,6,0,6,3,,,,,,,2,,12,3,Completed,1.54,2.44
2026-01-12,Adelaide International,WTA500,Outdoor,Hard,1st Round,3,Bouzkova M.,Badosa P.,45,26,3,6,6,3,6,4,,,,,2,1,15,13,Completed,2.14,1.68
2026-01-12,Adelaide International,WTA500,Outdoor,Hard,1st Round,3,Cristian J.,Alexandrova E.,37,11,6,4,6,4,,,,,,,2,,12,8,Completed,3.97,1.24
2026-01-12,Adelaide International,WTA500,Outdoor,Hard,1st Round,3,Kasatkina D.,Sakkari M.,48,52,7,6,6,4,,,,,,,2,,13,10,Completed,2.43,1.53
2026-01-13,Adelaide International,WTA500,Outdoor,Hard,1st Round,3,Shnaider D.,Fernandez L.A.,23,22,7,5,6,3,,,,,,,2,,13,8,Completed,1.74,2.06
2026-01-13,Adelaide International,WTA500,Outdoor,Hard,1st Round,3,Birrell K.,Potapova A.,107,54,6,4,6,4,,,,,,,2,,12,8,Completed,2.09,1.72
2026-01-13,Adelaide International,WTA500,Outdoor,Hard,1st Round,3,Vondrousova M.,Samsonova L.,34,18,6,1,4,6,6,2,,,,,2,1,16,9,Completed,1.72,2.09
2026-01-13,Adelaide International,WTA500,Outdoor,Hard,1st Round,3,Joint M.,Kenin S.,32,28,7,6,6,4,,,,,,,2,,13,10,Completed,1.78,2.0
2026-01-13,Adelaide International,WTA500,Outdoor,Hard,1st Round,3,Valentova T.,Ostapenko J.,60,24,7,5,3,2,,,,,,,1,,10,7,Retired,1.33,3.23
2026-01-13,Adelaide International,WTA500,Outdoor,Hard,1st Round,3,Putintseva Y.,Galfi D.,105,93,6,4,6,4,,,,,,,2,,12,8,Completed,1.41,2.81
2026-01-13,Adelaide International,WTA500,Outdoor,Hard,1st Round,3,Siniakova K.,Yastremska D.,46,27,6,0,6,1,,,,,,,2,,12,1,Completed,2.2,1.65
2026-01-13,Adelaide International,WTA500,Outdoor,Hard,2nd Round,3,Mboko V.,Kalinskaya A.,17,33,6,2,3,6,7,6,,,,,2,1,16,14,Completed,1.77,2.02
2026-01-13,Adelaide International,WTA500,Outdoor,Hard,2nd Round,3,Andreeva M.,Bouzkova M.,8,45,6,3,6,1,,,,,,,2,,12,4,Completed,1.38,2.95
2026-01-14,Adelaide International,WTA500,Outdoor,Hard,2nd Round,3,Cristian J.,Kasatkina D.,37,48,6,4,6,0,,,,,,,2,,12,4,Completed,2.09,1.71
2026-01-14,Adelaide International,WTA500,Outdoor,Hard,2nd Round,3,Keys M.,Valentova T.,9,60,6,4,6,1,,,,,,,2,,12,5,Completed,1.64,2.21
2026-01-14,Adelaide International,WTA500,Outdoor,Hard,2nd Round,3,Shnaider D.,Siniakova K.,23,46,6,1,2,6,7,5,,,,,2,1,15,12,Completed,1.58,2.34
2026-01-14,Adelaide International,WTA500,Outdoor,Hard,2nd Round,3,Navarro E.,Putintseva Y.,15,105,6,1,6,4,,,,,,,2,,12,5,Completed,1.55,2.41
2026-01-14,Adelaide International,WTA500,Outdoor,Hard,2nd Round,3,Joint M.,Tomljanovic A.,32,76,0,2,,,,,,,,,,,0,2,Retired,1.83,1.94
2026-01-15,Adelaide International,WTA500,Outdoor,Hard,Quarterfinals,3,Birrell K.,Cristian J.,107,37,5,7,6,1,7,5,,,,,2,1,18,13,Completed,2.45,1.54
2026-01-15,Adelaide International,WTA500,Outdoor,Hard,Quarterfinals,3,Mboko V.,Keys M.,17,9,6,4,4,6,6,2,,,,,2,1,16,12,Completed,2.35,1.57
2026-01-15,Adelaide International,WTA500,Outdoor,Hard,Quarterfinals,3,Shnaider D.,Navarro E.,23,15,6,3,6,3,,,,,,,2,,12,6,Completed,1.75,2.03
2026-01-15,Adelaide International,WTA500,Outdoor,Hard,Quarterfinals,3,Andreeva M.,Joint M.,8,32,6,2,6,0,,,,,,,2,,12,2,Completed,1.17,4.89
2026-01-16,Adelaide International,WTA500,Outdoor,Hard,Semifinals,3,Mboko V.,Birrell K.,17,107,6,2,6,1,,,,,,,2,,12,3,Completed,1.19,4.54
2026-01-16,Adelaide International,WTA500,Outdoor,Hard,Semifinals,3,Andreeva M.,Shnaider D.,8,23,6,3,6,2,,,,,,,2,,12,5,Completed,1.44,2.74
2026-01-17,Adelaide International,WTA500,Outdoor,Hard,The Final,3,Andreeva M.,Mboko V.,8,17,6,3,6,1,,,,,,,2,,12,4,Completed,1.52,2.5
2026-01-12,Hobart International,WTA250,Outdoor,Hard,1st Round,3,Zarazua R.,Baptiste H.,84,66,6,7,6,3,6,3,,,,,2,1,18,13,Completed,1.78,2.0
2026-01-12,Hobart International,WTA250,Outdoor,Hard,1st Round,3,Preston T.,Bouzas Maneiro J.,204,40,6,4,7,6,,,,,,,2,,13,10,Completed,3.82,1.25
2026-01-12,Hobart International,WTA250,Outdoor,Hard,1st Round,3,Li A.,Volynets K.,38,94,4,6,7,5,6,2,,,,,2,1,17,13,Completed,1.96,1.81
2026-01-12,Hobart International,WTA250,Outdoor,Hard,1st Round,3,Cocciaretto E.,Shimizu A.,80,425,6,3,6,4,,,,,,,2,,12,7,Completed,1.09,6.88
2026-01-12,Hobart International,WTA250,Outdoor,Hard,1st Round,3,Sierra S.,McNally C.,64,83,1,6,6,4,6,1,,,,,2,1,13,11,Completed,3.02,1.38
2026-01-12,Hobart International,WTA250,Outdoor,Hard,1st Round,3,Danilovic O.,Kessler M.,68,36,4,6,6,4,6,4,,,,,2,1,16,14,Completed,3.19,1.35
2026-01-12,Hobart International,WTA250,Outdoor,Hard,1st Round,3,Ruzic A.,Arango E.,71,50,7,5,6,1,,,,,,,2,,13,6,Completed,1.46,2.69
2026-01-13,Hobart International,WTA250,Outdoor,Hard,1st Round,3,Bondar A.,Seidel E.,75,78,6,0,6,1,,,,,,,2,,12,1,Completed,1.81,1.96
2026-01-13,Hobart International,WTA250,Outdoor,Hard,1st Round,3,Sramkova R.,Gracheva V.,72,74,6,4,4,6,6,2,,,,,2,1,16,12,Completed,1.72,2.09
2026-01-13,Hobart International,WTA250,Outdoor,Hard,1st Round,3,Stearns P.,Krejcikova B.,67,55,6,4,1,6,7,6,,,,,2,1,14,16,Completed,3.05,1.37
2026-01-13,Hobart International,WTA250,Outdoor,Hard,1st Round,3,Jovic I.,Tjen J.,30,56,6,0,6,1,,,,,,,2,,12,1,Completed,1.57,2.35
2026-01-13,Hobart International,WTA250,Outdoor,Hard,1st Round,3,Frech M.,Jacquemot E.,57,58,6,4,6,0,,,,,,,2,,12,4,Completed,1.49,2.58
2026-01-13,Hobart International,WTA250,Outdoor,Hard,1st Round,3,Maria T.,Williams V.,42,576,6,4,6,3,,,,,,,2,,12,7,Completed,1.5,2.56
2026-01-13,Hobart International,WTA250,Outdoor,Hard,1st Round,3,Wang Xin.,Gibson T.,43,119,6,2,6,3,,,,,,,2,,12,5,Completed,1.57,2.33
2026-01-14,Hobart International,WTA250,Outdoor,Hard,1st Round,3,Linette M.,Selekhmeteva O.,53,98,6,3,1,6,6,1,,,,,2,1,13,10,Completed,1.9,1.87
2026-01-14,Hobart International,WTA250,Outdoor,Hard,1st Round,3,Raducanu E.,Osorio M.,29,82,6,3,7,6,,,,,,,2,,13,9,Completed,1.3,3.41
2026-01-14,Hobart International,WTA250,Outdoor,Hard,2nd Round,3,Cocciaretto E.,Li A.,80,38,1,6,7,5,7,5,,,,,2,1,15,16,Completed,2.19,1.66
2026-01-14,Hobart International,WTA250,Outdoor,Hard,2nd Round,3,Preston T.,Sramkova R.,204,72,6,4,6,1,,,,,,,2,,12,5,Completed,2.81,1.42
2026-01-14,Hobart International,WTA250,Outdoor,Hard,2nd Round,3,Jovic I.,Zarazua R.,30,84,6,1,6,2,,,,,,,2,,12,3,Completed,1.31,3.35
2026-01-14,Hobart International,WTA250,Outdoor,Hard,2nd Round,3,Bondar A.,Maria T.,75,42,7,6,7,5,,,,,,,2,,14,11,Completed,1.35,3.16
2026-01-14,Hobart International,WTA250,Outdoor,Hard,2nd Round,3,Ruzic A.,Sierra S.,71,64,7,5,6,4,,,,,,,2,,13,9,Completed,1.49,2.58
2026-01-14,Hobart International,WTA250,Outdoor,Hard,2nd Round,3,Linette M.,Wang Xin.,53,43,6,1,7,5,,,,,,,2,,13,6,Completed,2.25,1.62
2026-01-14,Hobart International,WTA250,Outdoor,Hard,2nd Round,3,Danilovic O.,Stearns P.,68,67,7,6,6,1,,,,,,,2,,13,7,Completed,1.69,2.14
2026-01-15,Hobart International,WTA250,Outdoor,Hard,Quarterfinals,3,Cocciaretto E.,Bondar A.,80,75,6,2,6,2,,,,,,,2,,12,4,Completed,2.11,1.71
2026-01-15,Hobart International,WTA250,Outdoor,Hard,Quarterfinals,3,Preston T.,Raducanu E.,204,29,6,2,6,4,,,,,,,2,,12,6,Completed,3.63,1.28
2026-01-15,Hobart International,WTA250,Outdoor,Hard,Quarterfinals,3,Ruzic A.,Danilovic O.,71,68,6,3,6,3,,,,,,,2,,12,6,Completed,2.4,1.57
2026-01-15,Hobart International,WTA250,Outdoor,Hard,Quarterfinals,3,Jovic I.,Linette M.,30,53,6,3,6,7,6,2,,,,,2,1,18,12,Completed,1.26,3.81
2026-01-16,Hobart International,WTA250,Outdoor,Hard,Semifinals,3,Cocciaretto E.,Ruzic A.,80,71,6,3,6,2,,,,,,,2,,12,5,Completed,1.89,1.89
2026-01-16,Hobart International,WTA250,Outdoor,Hard,Semifinals,3,Jovic I.,Preston T.,30,204,4,6,6,4,6,1,,,,,2,1,16,11,Completed,1.22,4.17
2026-01-17,Hobart International,WTA250,Outdoor,Hard,The Final,3,Cocciaretto E.,Jovic I.,80,30,6,4,6,4,,,,,,,2,,12,8,Completed,3.41,1.31
2026-01-18,Australian Open,Grand Slam,Outdoor,Hard,1st Round,3,Putintseva Y.,Haddad Maia B.,94,61,3,6,7,5,6,3,,,,,2,1,16,14,Completed,1.72,2.1
2026-01-18,Australian Open,Grand Slam,Outdoor,Hard,1st Round,3,Ruse E.G.,Yastremska D.,79,28,6,4,7,5,,,,,,,2,,13,9,Completed,2.09,1.72
2026-01-18,Australian Open,Grand Slam,Outdoor,Hard,1st Round,3,Gibson T.,Blinkova A.,119,64,6,1,6,3,,,,,,,2,,12,4,Completed,1.78,2.02
2026-01-18,Australian Open,Grand Slam,Outdoor,Hard,1st Round,3,Paolini J.,Sasnovich A.,8,104,6,1,6,2,,,,,,,2,,12,3,Completed,1.35,3.11
2026-01-18,Australian Open,Grand Slam,Outdoor,Hard,1st Round,3,Sakkari M.,Jeanjean L.,53,103,6,4,6,2,,,,,,,2,,12,6,Completed,1.21,4.34
2026-01-18,Australian Open,Grand Slam,Outdoor,Hard,1st Round,3,McNally C.,Sakatsume H.,85,140,6,3,6,1,,,,,,,2,,12,4,Completed,1.45,2.67
2026-01-18,Australian Open,Grand Slam,Outdoor,Hard,1st Round,3,Jacquemot E.,Kostyuk M.,60,20,6,7,7,6,7,6,,,,,2,1,20,19,Completed,7.83,1.07
2026-01-18,Australian Open,Grand Slam,Outdoor,Hard,1st Round,3,Svitolina E.,Bucsa C.,12,52,6,4,6,1,,,,,,,2,,12,5,Completed,1.18,4.63
2026-01-18,Australian Open,Grand Slam,Outdoor,Hard,1st Round,3,Baptiste H.,Townsend T.,70,116,6,3,6,7,6,3,,,,,2,1,18,13,Completed,2.76,1.45
2026-01-18,Australian Open,Grand Slam,Outdoor,Hard,1st Round,3,Sonmez Z.,Alexandrova E.,112,11,7,5,4,6,6,4,,,,,2,1,17,15,Completed,3.67,1.28
2026-01-18,Australian Open,Grand Slam,Outdoor,Hard,1st Round,3,Kudermetova P.,Maristany G.,150,185,6,2,6,3,,,,,,,2,,12,5,Completed,1.25,3.82
2026-01-18,Australian Open,Grand Slam,Outdoor,Hard,1st Round,3,Sabalenka A.,Rakotomanga Rajaonah T.,1,118,6,4,6,1,,,,,,,2,,12,5,Completed,1.01,27.5
2026-01-18,Australian Open,Grand Slam,Outdoor,Hard,1st Round,3,Potapova A.,Lamens S.,55,97,3,6,7,5,6,2,,,,,2,1,16,13,Completed,1.41,2.83
2026-01-18,Australian Open,Grand Slam,Outdoor,Hard,1st Round,3,Bai Z.,Pavlyuchenkova A.,702,47,6,4,2,6,7,6,,,,,2,1,15,16,Completed,2.3,1.6
2026-01-18,Australian Open,Grand Slam,Outdoor,Hard,1st Round,3,Danilovic O.,Williams V.,69,578,6,7,6,3,6,4,,,,,2,1,18,14,Completed,1.15,5.28
2026-01-18,Australian Open,Grand Slam,Outdoor,Hard,1st Round,3,Raducanu E.,Sawangkaew M.,29,197,6,4,6,1,,,,,,,2,,12,5,Completed,1.21,4.28
2026-01-19,Australian Open,Grand Slam,Outdoor,Hard,1st Round,3,Stearns P.,Kenin S.,68,30,6,3,6,2,,,,,,,2,,12,5,Completed,2.17,1.67
2026-01-19,Australian Open,Grand Slam,Outdoor,Hard,1st Round,3,Frech M.,Erjavec V.,57,102,6,1,6,1,,,,,,,2,,12,2,Completed,1.24,3.96
2026-01-19,Australian Open,Grand Slam,Outdoor,Hard,1st Round,3,Kessler M.,Arango E.,37,51,6,3,6,2,,,,,,,2,,12,5,Completed,1.17,4.83
2026-01-19,Australian Open,Grand Slam,Outdoor,Hard,1st Round,3,Linette M.,Navarro E.,50,15,3,6,6,3,6,3,,,,,2,1,15,12,Completed,3.19,1.34
2026-01-19,Australian Open,Grand Slam,Outdoor,Hard,1st Round,3,Hunter S.,Bouzas Maneiro J.,367,40,6,4,6,4,,,,,,,2,,12,8,Completed,2.74,1.43
2026-01-19,Australian Open,Grand Slam,Outdoor,Hard,1st Round,3,Marcinko P.,Maria T.,81,42,6,3,7,5,,,,,,,2,,13,8,Completed,1.4,2.92
2026-01-19,Australian Open,Grand Slam,Outdoor,Hard,1st Round,3,Li A.,Osorio M.,38,84,6,4,6,7,7,5,,,,,2,1,19,16,Completed,1.63,2.25
2026-01-19,Australian Open,Grand Slam,Outdoor,Hard,1st Round,3,Bondar A.,Mandlik E.,74,182,6,0,6,4,,,,,,,2,,12,4,Completed,1.29,3.53
2026-01-19,Australian Open,Grand Slam,Outdoor,Hard,1st Round,3,Gauff C.,Rakhimova K.,3,93,6,2,6,3,,,,,,,2,,12,5,Completed,1.04,10.41
2026-01-19,Australian Open,Grand Slam,Outdoor,Hard,1st Round,3,Hon P.,Stakusic M.,121,127,1,6,6,4,5,3,,,,,1,1,12,13,Retired,2.38,1.56
2026-01-19,Australian Open,Grand Slam,Outdoor,Hard,1st Round,3,Klimovicova L.,Jones F.,134,71,6,2,3,2,,,,,,,1,,9,4,Retired,1.65,2.21
2026-01-19,Australian Open,Grand Slam,Outdoor,Hard,1st Round,3,Pegula J.,Zakharova A.,6,105,6,2,6,1,,,,,,,2,,12,3,Completed,1.06,8.53
2026-01-19,Australian Open,Grand Slam,Outdoor,Hard,1st Round,3,Tauson C.,Galfi D.,14,91,6,3,6,3,,,,,,,2,,12,6,Completed,1.44,2.73
2026-01-19,Australian Open,Grand Slam,Outdoor,Hard,1st Round,3,Parks A.,Eala A.,99,49,0,6,6,3,6,2,,,,,2,1,12,11,Completed,3.89,1.25
2026-01-19,Australian Open,Grand Slam,Outdoor,Hard,1st Round,3,Muchova K.,Cristian J.,19,35,6,3,7,6,,,,,,,2,,13,9,Completed,1.19,4.56
2026-01-19,Australian Open,Grand Slam,Outdoor,Hard,1st Round,3,Anisimova A.,Waltert S.,4,87,6,3,6,2,,,,,,,2,,12,5,Completed,1.03,11.56
2026-01-19,Australian Open,Grand Slam,Outdoor,Hard,1st Round,3,Selekhmeteva O.,Seidel E.,101,82,6,3,3,6,6,0,,,,,2,1,15,9,Completed,1.72,2.08
2026-01-19,Australian Open,Grand Slam,Outdoor,Hard,1st Round,3,Jovic I.,Volynets K.,27,96,6,2,6,3,,,,,,,2,,12,5,Completed,1.34,3.21
2026-01-19,Australian Open,Grand Slam,Outdoor,Hard,1st Round,3,Mboko V.,Jones E.,16,153,6,4,6,1,,,,,,,2,,12,5,Completed,1.22,4.11
2026-01-19,Australian Open,Grand Slam,Outdoor,Hard,1st Round,3,Noskova L.,Semenistaja D.,13,98,6,3,6,0,,,,,,,2,,12,3,Completed,1.13,5.74
2026-01-19,Australian Open,Grand Slam,Outdoor,Hard,1st Round,3,Tomljanovic A.,Starodubtseva Y.,78,110,4,6,7,6,6,1,,,,,2,1,17,13,Completed,1.72,2.09
2026-01-19,Australian Open,Grand Slam,Outdoor,Hard,1st Round,3,Badosa P.,Diyas Z.,26,290,6,2,6,4,,,,,,,2,,12,6,Completed,1.02,13.73
2026-01-19,Australian Open,Grand Slam,Outdoor,Hard,1st Round,3,Bouzkova M.,Zarazua R.,44,80,6,2,7,5,,,,,,,2,,13,7,Completed,1.28,3.58
2026-01-19,Australian Open,Grand Slam,Outdoor,Hard,1st Round,3,Shnaider D.,Krejcikova B.,22,58,2,6,6,3,6,3,,,,,2,1,14,12,Completed,1.56,2.39
2026-01-19,Australian Open,Grand Slam,Outdoor,Hard,1st Round,3,Andreeva M.,Vekic D.,7,72,4,6,6,3,6,0,,,,,2,1,16,9,Completed,1.12,6.04
2026-01-19,Australian Open,Grand Slam,Outdoor,Hard,1st Round,3,Swiatek I.,Yuan Y.,2,130,7,6,6,3,,,,,,,2,,13,9,Completed,1.02,16.97
2026-01-19,Australian Open,Grand Slam,Outdoor,Hard,1st Round,3,Uchijima M.,Sierra S.,88,63,6,3,6,1,,,,,,,2,,12,4,Completed,2.66,1.46
2026-01-19,Australian Open,Grand Slam,Outdoor,Hard,1st Round,3,Mertens E.,Tararudee L.,21,131,7,5,6,1,,,,,,,2,,13,6,Completed,1.24,3.96
2026-01-20,Australian Open,Grand Slam,Outdoor,Hard,1st Round,3,Siniakova K.,Udvardy P.,45,90,6,1,6,2,,,,,,,2,,12,3,Completed,1.11,6.37
2026-01-20,Australian Open,Grand Slam,Outdoor,Hard,1st Round,3,Tjen J.,Fernandez L.A.,59,23,6,2,7,6,,,,,,,2,,13,8,Completed,3.25,1.34
2026-01-20,Australian Open,Grand Slam,Outdoor,Hard,1st Round,3,Preston T.,Zhang S.,161,75,6,3,2,6,6,3,,,,,2,1,14,12,Completed,2.55,1.5
2026-01-20,Australian Open,Grand Slam,Outdoor,Hard,1st Round,3,Gracheva V.,Golubic V.,77,83,6,1,2,6,6,1,,,,,2,1,14,8,Completed,1.89,1.88
2026-01-20,Australian Open,Grand Slam,Outdoor,Hard,1st Round,3,Krueger A.,Bejlek S.,62,89,6,3,6,3,,,,,,,2,,12,6,Completed,1.68,2.15
2026-01-20,Australian Open,Grand Slam,Outdoor,Hard,1st Round,3,Valentova T.,Joint M.,54,31,6,4,6,4,,,,,,,2,,12,8,Completed,1.41,2.85
2026-01-20,Australian Open,Grand Slam,Outdoor,Hard,1st Round,3,Keys M.,Oliynykova O.,9,92,7,6,6,1,,,,,,,2,,13,7,Completed,1.03,12.04
2026-01-20,Australian Open,Grand Slam,Outdoor,Hard,1st Round,3,Wang Xin.,Kalinina A.,46,179,6,3,6,3,,,,,,,2,,12,6,Completed,1.67,2.17
2026-01-20,Australian Open,Grand Slam,Outdoor,Hard,1st Round,3,Grabher J.,Cocciaretto E.,95,56,7,5,2,6,6,4,,,,,2,1,15,15,Completed,4.03,1.23
2026-01-20,Australian Open,Grand Slam,Outdoor,Hard,1st Round,3,Pliskova Ka.,Stephens S.,1057,1102,7,6,6,2,,,,,,,2,,13,8,Completed,2.88,1.41
2026-01-20,Australian Open,Grand Slam,Outdoor,Hard,1st Round,3,Fruhvirtova L.,Sun L.,132,86,6,3,7,5,,,,,,,2,,13,8,Completed,2.12,1.7
2026-01-20,Australian Open,Grand Slam,Outdoor,Hard,1st Round,3,Kalinskaya A.,Kartal S.,33,66,7,6,6,1,,,,,,,2,,13,7,Completed,1.53,2.47
2026-01-20,Australian Open,Grand Slam,Outdoor,Hard,1st Round,3,Rybakina E.,Juvan K.,5,100,6,4,6,3,,,,,,,2,,12,7,Completed,1.03,12.08
2026-01-20,Australian Open,Grand Slam,Outdoor,Hard,1st Round,3,Cirstea S.,Lys E.,41,39,3,6,6,4,6,3,,,,,2,1,15,13,Completed,1.87,1.91
2026-01-20,Australian Open,Grand Slam,Outdoor,Hard,1st Round,3,Ostapenko J.,Sramkova R.,24,73,6,4,6,4,,,,,,,2,,12,8,Completed,1.93,1.85
2026-01-20,Australian Open,Grand Slam,Outdoor,Hard,1st Round,3,Siegemund L.,Samsonova L.,48,18,0,6,7,5,6,4,,,,,2,1,13,15,Completed,4.17,1.22
2026-01-20,Australian Open,Grand Slam,Outdoor,Hard,1st Round,3,Bencic B.,Boulter K.,10,113,6,0,7,5,,,,,,,2,,13,5,Completed,1.13,5.92
2026-01-20,Australian Open,Grand Slam,Outdoor,Hard,1st Round,3,Osaka N.,Ruzic A.,17,65,6,3,3,6,6,4,,,,,2,1,15,13,Completed,1.23,4.08
2026-01-20,Australian Open,Grand Slam,Outdoor,Hard,1st Round,3,Inglis M.,Birrell K.,168,76,7,6,6,7,6,4,,,,,2,1,19,17,Completed,2.94,1.39
2026-01-20,Australian Open,Grand Slam,Outdoor,Hard,1st Round,3,Bartunkova N.,Kasatkina D.,126,43,7,6,0,6,6,3,,,,,2,1,13,15,Completed,2.78,1.43
2026-01-21,Australian Open,Grand Slam,Outdoor,Hard,2nd Round,3,Shnaider D.,Gibson T.,22,119,3,6,7,5,6,3,,,,,2,1,16,14,Completed,1.23,4.18
2026-01-21,Australian Open,Grand Slam,Outdoor,Hard,2nd Round,3,Sonmez Z.,Bondar A.,112,74,6,2,6,4,,,,,,,2,,12,6,Completed,1.66,2.19
2026-01-21,Australian Open,Grand Slam,Outdoor,Hard,2nd Round,3,Svitolina E.,Klimovicova L.,12,134,7,5,6,1,,,,,,,2,,13,6,Completed,1.11,6.52
2026-01-21,Australian Open,Grand Slam,Outdoor,Hard,2nd Round,3,Sabalenka A.,Bai Z.,1,702,6,3,6,1,,,,,,,2,,12,4,Completed,1.01,22.65
2026-01-21,Australian Open,Grand Slam,Outdoor,Hard,2nd Round,3,Putintseva Y.,Jacquemot E.,94,60,6,1,6,2,,,,,,,2,,12,3,Completed,1.38,3.0
2026-01-21,Australian Open,Grand Slam,Outdoor,Hard,2nd Round,3,Baptiste H.,Hunter S.,70,367,6,2,6,1,,,,,,,2,,12,3,Completed,1.61,2.27
2026-01-21,Australian Open,Grand Slam,Outdoor,Hard,2nd Round,3,Mboko V.,McNally C.,16,85,6,4,6,3,,,,,,,2,,12,7,Completed,1.32,3.31
2026-01-21,Australian Open,Grand Slam,Outdoor,Hard,2nd Round,3,Tauson C.,Kudermetova P.,14,150,6,3,3,6,7,5,,,,,2,1,16,14,Completed,1.43,2.77
2026-01-21,Australian Open,Grand Slam,Outdoor,Hard,2nd Round,3,Potapova A.,Raducanu E.,55,29,7,6,6,2,,,,,,,2,,13,8,Completed,3.13,1.35
2026-01-21,Australian Open,Grand Slam,Outdoor,Hard,2nd Round,3,Gauff C.,Danilovic O.,3,69,6,2,6,2,,,,,,,2,,12,4,Completed,1.09,7.38
2026-01-21,Australian Open,Grand Slam,Outdoor,Hard,2nd Round,3,Ruse E.G.,Tomljanovic A.,79,78,6,4,6,4,,,,,,,2,,12,8,Completed,1.66,2.2
2026-01-21,Australian Open,Grand Slam,Outdoor,Hard,2nd Round,3,Linette M.,Li A.,50,38,6,3,6,3,,,,,,,2,,12,6,Completed,2.12,1.71
2026-01-21,Australian Open,Grand Slam,Outdoor,Hard,2nd Round,3,Muchova K.,Parks A.,19,99,4,6,6,4,6,4,,,,,2,1,16,14,Completed,1.09,7.23
2026-01-21,Australian Open,Grand Slam,Outdoor,Hard,2nd Round,3,Andreeva M.,Sakkari M.,7,53,6,0,6,4,,,,,,,2,,12,4,Completed,1.17,4.89
2026-01-21,Australian Open,Grand Slam,Outdoor,Hard,2nd Round,3,Paolini J.,Frech M.,8,57,6,2,6,3,,,,,,,2,,12,5,Completed,1.25,3.89
2026-01-21,Australian Open,Grand Slam,Outdoor,Hard,2nd Round,3,Jovic I.,Hon P.,27,121,6,1,6,2,,,,,,,2,,12,3,Completed,1.17,4.87
2026-01-22,Australian Open,Grand Slam,Outdoor,Hard,2nd Round,3,Keys M.,Krueger A.,9,62,6,1,7,5,,,,,,,2,,13,6,Completed,1.21,4.29
2026-01-22,Australian Open,Grand Slam,Outdoor,Hard,2nd Round,3,Selekhmeteva O.,Badosa P.,101,26,6,4,6,4,,,,,,,2,,12,8,Completed,3.85,1.26
2026-01-22,Australian Open,Grand Slam,Outdoor,Hard,2nd Round,3,Pegula J.,Kessler M.,6,37,6,0,6,2,,,,,,,2,,12,2,Completed,1.23,4.1
2026-01-22,Australian Open,Grand Slam,Outdoor,Hard,2nd Round,3,Pliskova Ka.,Tjen J.,1057,59,6,4,6,4,,,,,,,2,,12,8,Completed,3.44,1.31
2026-01-22,Australian Open,Grand Slam,Outdoor,Hard,2nd Round,3,Kalinskaya A.,Grabher J.,33,95,6,3,6,3,,,,,,,2,,12,6,Completed,1.09,7.04
2026-01-22,Australian Open,Grand Slam,Outdoor,Hard,2nd Round,3,Inglis M.,Siegemund L.,168,48,6,4,6,7,7,6,,,,,2,1,19,17,Completed,2.22,1.64
2026-01-22,Australian Open,Grand Slam,Outdoor,Hard,2nd Round,3,Wang Xin.,Ostapenko J.,46,24,4,6,6,4,6,4,,,,,2,1,16,14,Completed,1.64,2.22
2026-01-22,Australian Open,Grand Slam,Outdoor,Hard,2nd Round,3,Noskova L.,Preston T.,13,161,6,2,4,6,6,2,,,,,2,1,16,10,Completed,1.15,5.27
2026-01-22,Australian Open,Grand Slam,Outdoor,Hard,2nd Round,3,Stearns P.,Marcinko P.,68,81,6,2,7,5,,,,,,,2,,13,7,Completed,1.63,2.23
2026-01-22,Australian Open,Grand Slam,Outdoor,Hard,2nd Round,3,Anisimova A.,Siniakova K.,4,45,6,1,6,4,,,,,,,2,,12,5,Completed,1.29,3.58
2026-01-22,Australian Open,Grand Slam,Outdoor,Hard,2nd Round,3,Mertens E.,Uchijima M.,21,88,6,3,6,1,,,,,,,2,,12,4,Completed,1.11,6.27
2026-01-22,Australian Open,Grand Slam,Outdoor,Hard,2nd Round,3,Valentova T.,Fruhvirtova L.,54,132,7,5,2,6,6,3,,,,,2,1,15,14,Completed,1.2,4.5
2026-01-22,Australian Open,Grand Slam,Outdoor,Hard,2nd Round,3,Swiatek I.,Bouzkova M.,2,44,6,2,6,3,,,,,,,2,,12,5,Completed,1.09,7.27
2026-01-22,Australian Open,Grand Slam,Outdoor,Hard,2nd Round,3,Osaka N.,Cirstea S.,17,41,6,3,4,6,6,2,,,,,2,1,16,11,Completed,1.57,2.36
2026-01-22,Australian Open,Grand Slam,Outdoor,Hard,2nd Round,3,Bartunkova N.,Bencic B.,126,10,6,3,0,6,6,4,,,,,2,1,12,13,Completed,8.56,1.06
2026-01-22,Australian Open,Grand Slam,Outdoor,Hard,2nd Round,3,Rybakina E.,Gracheva V.,5,77,7,5,6,2,,,,,,,2,,13,7,Completed,1.03,11.46
2026-01-23,Australian Open,Grand Slam,Outdoor,Hard,3rd Round,3,Mboko V.,Tauson C.,16,14,7,6,5,7,6,3,,,,,2,1,18,16,Completed,1.49,2.58
2026-01-23,Australian Open,Grand Slam,Outdoor,Hard,3rd Round,3,Sabalenka A.,Potapova A.,1,55,7,6,7,6,,,,,,,2,,14,12,Completed,1.04,11.38
2026-01-23,Australian Open,Grand Slam,Outdoor,Hard,3rd Round,3,Putintseva Y.,Sonmez Z.,94,112,6,3,6,7,6,3,,,,,2,1,18,13,Completed,1.74,2.07
2026-01-23,Australian Open,Grand Slam,Outdoor,Hard,3rd Round,3,Gauff C.,Baptiste H.,3,70,3,6,6,0,6,3,,,,,2,1,15,9,Completed,1.07,8.27
2026-01-23,Australian Open,Grand Slam,Outdoor,Hard,3rd Round,3,Muchova K.,Linette M.,19,50,6,1,6,1,,,,,,,2,,12,2,Completed,1.21,4.36
2026-01-23,Australian Open,Grand Slam,Outdoor,Hard,3rd Round,3,Jovic I.,Paolini J.,27,8,6,2,7,6,,,,,,,2,,13,8,Completed,2.16,1.68
2026-01-23,Australian Open,Grand Slam,Outdoor,Hard,3rd Round,3,Svitolina E.,Shnaider D.,12,22,7,6,6,3,,,,,,,2,,13,9,Completed,1.49,2.58
2026-01-23,Australian Open,Grand Slam,Outdoor,Hard,3rd Round,3,Andreeva M.,Ruse E.G.,7,79,6,3,6,4,,,,,,,2,,12,7,Completed,1.11,6.23
2026-01-23,Australian Open,Grand Slam,Outdoor,Hard,3rd Round,3,Pegula J.,Selekhmeteva O.,6,101,6,3,6,2,,,,,,,2,,12,5,Completed,1.05,9.35
2026-01-23,Australian Open,Grand Slam,Outdoor,Hard,3rd Round,3,Keys M.,Pliskova Ka.,9,1057,6,3,6,3,,,,,,,2,,12,6,Completed,1.14,5.49
2026-01-24,Australian Open,Grand Slam,Outdoor,Hard,3rd Round,3,Anisimova A.,Stearns P.,4,68,6,1,6,4,,,,,,,2,,12,5,Completed,1.15,5.3
2026-01-24,Australian Open,Grand Slam,Outdoor,Hard,3rd Round,3,Wang Xin.,Noskova L.,46,13,7,5,6,4,,,,,,,2,,13,9,Completed,2.71,1.45
2026-01-24,Australian Open,Grand Slam,Outdoor,Hard,3rd Round,3,Mertens E.,Bartunkova N.,21,126,6,0,6,4,,,,,,,2,,12,4,Completed,1.27,3.74
2026-01-24,Australian Open,Grand Slam,Outdoor,Hard,3rd Round,3,Swiatek I.,Kalinskaya A.,2,33,6,1,1,6,6,1,,,,,2,1,13,8,Completed,1.22,4.15
2026-01-24,Australian Open,Grand Slam,Outdoor,Hard,3rd Round,3,Rybakina E.,Valentova T.,5,54,6,2,6,3,,,,,,,2,,12,5,Completed,1.18,4.78
2026-01-25,Australian Open,Grand Slam,Outdoor,Hard,4th Round,3,Sabalenka A.,Mboko V.,1,16,6,1,7,6,,,,,,,2,,13,7,Completed,1.16,5.22
2026-01-25,Australian Open,Grand Slam,Outdoor,Hard,4th Round,3,Jovic I.,Putintseva Y.,27,94,6,0,6,1,,,,,,,2,,12,1,Completed,1.29,3.59
2026-01-25,Australian Open,Grand Slam,Outdoor,Hard,4th Round,3,Gauff C.,Muchova K.,3,19,6,1,3,6,6,3,,,,,2,1,15,10,Completed,1.45,2.71
2026-01-25,Australian Open,Grand Slam,Outdoor,Hard,4th Round,3,Svitolina E.,Andreeva M.,12,7,6,2,6,4,,,,,,,2,,12,6,Completed,2.53,1.51
2026-01-26,Australian Open,Grand Slam,Outdoor,Hard,4th Round,3,Pegula J.,Keys M.,6,9,6,3,6,4,,,,,,,2,,12,7,Completed,1.59,2.33
2026-01-26,Australian Open,Grand Slam,Outdoor,Hard,4th Round,3,Anisimova A.,Wang Xin.,4,46,7,6,6,4,,,,,,,2,,13,10,Completed,1.14,5.5
2026-01-26,Australian Open,Grand Slam,Outdoor,Hard,4th Round,3,Rybakina E.,Mertens E.,5,21,6,1,6,3,,,,,,,2,,12,4,Completed,1.15,5.22
2026-01-26,Australian Open,Grand Slam,Outdoor,Hard,4th Round,3,Swiatek I.,Inglis M.,2,168,6,0,6,3,,,,,,,2,,12,3,Completed,1.01,16.77
2026-01-27,Australian Open,Grand Slam,Outdoor,Hard,Quarterfinals,3,Sabalenka A.,Jovic I.,1,27,6,3,6,0,,,,,,,2,,12,3,Completed,1.14,5.41
2026-01-27,Australian Open,Grand Slam,Outdoor,Hard,Quarterfinals,3,Svitolina E.,Gauff C.,12,3,6,1,6,2,,,,,,,2,,12,3,Completed,2.58,1.5
2026-01-28,Australian Open,Grand Slam,Outdoor,Hard,Quarterfinals,3,Rybakina E.,Swiatek I.,5,2,7,5,6,1,,,,,,,2,,13,6,Completed,1.71,2.13
2026-01-28,Australian Open,Grand Slam,Outdoor,Hard,Quarterfinals,3,Pegula J.,Anisimova A.,6,4,6,2,7,6,,,,,,,2,,13,8,Completed,2.05,1.76
2026-01-29,Australian Open,Grand Slam,Outdoor,Hard,Semifinals,3,Sabalenka A.,Svitolina E.,1,12,6,2,6,3,,,,,,,2,,12,5,Completed,1.22,4.19
2026-01-29,Australian Open,Grand Slam,Outdoor,Hard,Semifinals,3,Rybakina E.,Pegula J.,5,6,6,3,7,6,,,,,,,2,,13,9,Completed,1.43,2.77
2026-01-31,Australian Open,Grand Slam,Outdoor,Hard,The Final,3,Rybakina E.,Sabalenka A.,5,1,6,4,4,6,6,4,,,,,2,1,16,14,Completed,2.36,1.6
2026-02-01,Abu Dhabi WTA Women's Tennis Open,WTA500,Outdoor,Hard,1st Round,3,Samsonova L.,Kenin S.,18,28,6,4,6,0,,,,,,,2,,12,4,Completed,1.47,2.59
2026-02-01,Abu Dhabi WTA Women's Tennis Open,WTA500,Outdoor,Hard,1st Round,3,Kessler M.,Pavlyuchenkova A.,32,100,6,3,6,3,,,,,,,2,,12,6,Completed,1.41,2.79
2026-02-01,Abu Dhabi WTA Women's Tennis Open,WTA500,Outdoor,Hard,1st Round,3,Fernandez L.A.,Paquet C.,25,220,6,0,6,3,,,,,,,2,,12,3,Completed,1.16,7.5
2026-02-01,Abu Dhabi WTA Women's Tennis Open,WTA500,Outdoor,Hard,1st Round,3,Baptiste H.,Kostovic T.,56,171,4,6,6,3,6,4,,,,,2,1,16,13,Completed,1.28,3.6
2026-02-02,Abu Dhabi WTA Women's Tennis Open,WTA500,Outdoor,Hard,1st Round,3,Bejlek S.,Krueger A.,101,55,6,3,6,0,,,,,,,2,,12,3,Completed,2.07,1.73
2026-02-02,Abu Dhabi WTA Women's Tennis Open,WTA500,Outdoor,Hard,1st Round,3,Sasnovich A.,Badosa P.,109,65,6,4,3,6,6,1,,,,,2,1,15,11,Completed,2.86,1.39
2026-02-02,Abu Dhabi WTA Women's Tennis Open,WTA500,Outdoor,Hard,1st Round,3,Kartal S.,Bucsa C.,61,57,6,3,7,6,,,,,,,2,,13,9,Completed,1.4,2.84
2026-02-02,Abu Dhabi WTA Women's Tennis Open,WTA500,Outdoor,Hard,1st Round,3,Waltert S.,Kasatkina D.,94,62,7,6,3,6,6,4,,,,,2,1,16,16,Completed,2.45,1.53
2026-02-02,Abu Dhabi WTA Women's Tennis Open,WTA500,Outdoor,Hard,1st Round,3,Tjen J.,Joint M.,47,29,7,6,3,6,6,3,,,,,2,1,16,15,Completed,1.76,2.02
2026-02-02,Abu Dhabi WTA Women's Tennis Open,WTA500,Outdoor,Hard,1st Round,3,Yastremska D.,Haddad Maia B.,43,68,6,2,7,5,,,,,,,2,,13,7,Completed,1.6,2.27
2026-02-02,Abu Dhabi WTA Women's Tennis Open,WTA500,Outdoor,Hard,1st Round,3,Ostapenko J.,Selekhmeteva O.,24,76,5,7,7,6,6,2,,,,,2,1,18,15,Completed,1.97,1.81
2026-02-02,Abu Dhabi WTA Women's Tennis Open,WTA500,Outdoor,Hard,1st Round,3,Eala A.,Sonmez Z.,45,79,6,4,6,3,,,,,,,2,,12,7,Completed,1.99,1.79
2026-02-03,Abu Dhabi WTA Women's Tennis Open,WTA500,Outdoor,Hard,2nd Round,3,Samsonova L.,Tjen J.,18,47,6,2,6,2,,,,,,,2,,12,4,Completed,1.52,2.48
2026-02-03,Abu Dhabi WTA Women's Tennis Open,WTA500,Outdoor,Hard,2nd Round,3,Kessler M.,Fernandez L.A.,32,25,6,3,6,2,,,,,,,2,,12,5,Completed,2.13,1.69
2026-02-03,Abu Dhabi WTA Women's Tennis Open,WTA500,Outdoor,Hard,2nd Round,3,Baptiste H.,Navarro E.,56,17,7,6,0,6,6,3,,,,,2,1,13,15,Completed,2.87,1.4
2026-02-03,Abu Dhabi WTA Women's Tennis Open,WTA500,Outdoor,Hard,2nd Round,3,Tauson C.,Waltert S.,16,94,6,3,6,1,,,,,,,2,,12,4,Completed,1.31,3.4
2026-02-04,Abu Dhabi WTA Women's Tennis Open,WTA500,Outdoor,Hard,2nd Round,3,Alexandrova E.,Yastremska D.,11,43,6,3,6,0,,,,,,,2,,12,3,Completed,1.5,2.54
2026-02-04,Abu Dhabi WTA Women's Tennis Open,WTA500,Outdoor,Hard,2nd Round,3,Bejlek S.,Ostapenko J.,101,24,6,4,6,3,,,,,,,2,,12,7,Completed,1.84,1.94
2026-02-04,Abu Dhabi WTA Women's Tennis Open,WTA500,Outdoor,Hard,2nd Round,3,Kartal S.,Zarazua R.,61,92,6,0,6,3,,,,,,,2,,12,3,Completed,1.06,9.83
2026-02-04,Abu Dhabi WTA Women's Tennis Open,WTA500,Outdoor,Hard,2nd Round,3,Eala A.,Sasnovich A.,45,109,2,6,6,4,7,6,,,,,2,1,15,16,Completed,1.57,2.34
2026-02-05,Abu Dhabi WTA Women's Tennis Open,WTA500,Outdoor,Hard,Quarterfinals,3,Tauson C.,Kessler M.,16,32,6,3,6,4,,,,,,,2,,12,7,Completed,1.63,2.26
2026-02-05,Abu Dhabi WTA Women's Tennis Open,WTA500,Outdoor,Hard,Quarterfinals,3,Bejlek S.,Kartal S.,101,61,6,0,6,2,,,,,,,2,,12,2,Completed,3.25,1.33
2026-02-05,Abu Dhabi WTA Women's Tennis Open,WTA500,Outdoor,Hard,Quarterfinals,3,Alexandrova E.,Eala A.,11,45,6,3,6,3,,,,,,,2,,12,6,Completed,1.29,3.6
2026-02-05,Abu Dhabi WTA Women's Tennis Open,WTA500,Outdoor,Hard,Quarterfinals,3,Baptiste H.,Samsonova L.,56,18,6,2,4,6,6,4,,,,,2,1,16,12,Completed,3.06,1.36
2026-02-06,Abu Dhabi WTA Women's Tennis Open,WTA500,Outdoor,Hard,Semifinals,3,Alexandrova E.,Baptiste H.,11,56,3,6,7,6,6,3,,,,,2,1,16,15,Completed,1.25,3.8
2026-02-06,Abu Dhabi WTA Women's Tennis Open,WTA500,Outdoor,Hard,Semifinals,3,Bejlek S.,Tauson C.,101,16,7,5,3,6,7,5,,,,,2,1,17,16,Completed,2.78,1.42
2026-02-07,Abu Dhabi WTA Women's Tennis Open,WTA500,Outdoor,Hard,The Final,3,Bejlek S.,Alexandrova E.,101,11,7,6,6,1,,,,,,,2,,13,7,Completed,2.83,1.42
2026-02-01,Transylvania Open,WTA250,Indoor,Hard,1st Round,3,Yuan Y.,Ruzic A.,130,67,6,4,5,7,6,2,,,,,2,1,17,13,Completed,2.13,1.68
2026-02-01,Transylvania Open,WTA250,Indoor,Hard,1st Round,3,Sorribes Tormo S.,Tomova V.,478,143,6,2,7,5,,,,,,,2,,13,7,Completed,2.56,1.49
2026-02-01,Transylvania Open,WTA250,Indoor,Hard,1st Round,3,Bondar A.,Seidel E.,64,83,4,6,7,6,6,0,,,,,2,1,17,12,Completed,1.79,1.98
2026-02-01,Transylvania Open,WTA250,Indoor,Hard,1st Round,3,Oliynykova O.,Sherif M.,91,106,6,7,6,4,6,4,,,,,2,1,18,15,Completed,1.54,2.42
2026-02-02,Transylvania Open,WTA250,Indoor,Hard,1st Round,3,Juvan K.,Bertea E.R.,97,295,6,3,6,4,,,,,,,2,,12,7,Completed,1.17,4.69
2026-02-02,Transylvania Open,WTA250,Indoor,Hard,1st Round,3,Zakharova A.,Pliskova Ka.,107,416,4,6,6,2,6,2,,,,,2,1,16,10,Completed,2.63,1.46
2026-02-02,Transylvania Open,WTA250,Indoor,Hard,1st Round,3,Zidansek T.,Erjavec V.,153,103,6,1,6,4,,,,,,,2,,12,5,Completed,1.54,2.4
2026-02-02,Transylvania Open,WTA250,Indoor,Hard,1st Round,3,Danilovic O.,Bulgaru M.,88,206,6,4,6,3,,,,,,,2,,12,7,Completed,1.07,7.63
2026-02-02,Transylvania Open,WTA250,Indoor,Hard,1st Round,3,Chwalinska M.,Bogdan A.,146,538,6,3,6,2,,,,,,,2,,12,5,Completed,1.17,4.87
2026-02-02,Transylvania Open,WTA250,Indoor,Hard,1st Round,3,Raducanu E.,Minnen G.,30,125,6,0,6,4,,,,,,,2,,12,4,Completed,1.31,3.37
2026-02-02,Transylvania Open,WTA250,Indoor,Hard,1st Round,3,Cirstea S.,Rakhimova K.,36,93,6,4,6,4,,,,,,,2,,12,8,Completed,1.4,2.86
2026-02-03,Transylvania Open,WTA250,Indoor,Hard,1st Round,3,Potapova A.,Bronzetti L.,58,110,5,7,6,4,7,5,,,,,2,1,18,16,Completed,1.17,4.81
2026-02-03,Transylvania Open,WTA250,Indoor,Hard,1st Round,3,Wang Xin.,Quevedo K.,33,134,6,3,6,0,,,,,,,2,,12,3,Completed,1.2,4.37
2026-02-03,Transylvania Open,WTA250,Indoor,Hard,1st Round,3,Masarova R.,Ruse E.G.,114,72,6,1,4,6,6,2,,,,,2,1,16,9,Completed,3.7,1.26
2026-02-03,Transylvania Open,WTA250,Indoor,Hard,1st Round,3,Snigur D.,Rakotomanga Rajaonah T.,144,116,6,3,6,3,,,,,,,2,,12,6,Completed,1.24,3.93
2026-02-03,Transylvania Open,WTA250,Indoor,Hard,1st Round,3,Cristian J.,Stefanini L.,35,140,6,2,2,6,7,5,,,,,2,1,15,13,Completed,1.21,4.23
2026-02-03,Transylvania Open,WTA250,Indoor,Hard,2nd Round,3,Oliynykova O.,Bondar A.,91,64,6,4,6,4,,,,,,,2,,12,8,Completed,2.51,1.5
2026-02-03,Transylvania Open,WTA250,Indoor,Hard,2nd Round,3,Yuan Y.,Sorribes Tormo S.,130,478,4,6,6,2,7,6,,,,,2,1,17,14,Completed,1.29,3.45
2026-02-04,Transylvania Open,WTA250,Indoor,Hard,2nd Round,3,Wang Xin.,Masarova R.,33,114,6,4,6,2,,,,,,,2,,12,6,Completed,1.22,4.04
2026-02-04,Transylvania Open,WTA250,Indoor,Hard,2nd Round,3,Potapova A.,Zakharova A.,58,107,1,6,6,4,6,3,,,,,2,1,13,13,Completed,1.33,3.25
2026-02-04,Transylvania Open,WTA250,Indoor,Hard,2nd Round,3,Chwalinska M.,Danilovic O.,146,88,6,1,1,6,6,2,,,,,2,1,13,9,Completed,2.14,1.68
2026-02-04,Transylvania Open,WTA250,Indoor,Hard,2nd Round,3,Snigur D.,Cristian J.,144,35,6,1,6,0,,,,,,,2,,12,1,Completed,2.34,1.58
2026-02-04,Transylvania Open,WTA250,Indoor,Hard,2nd Round,3,Cirstea S.,Zidansek T.,36,153,6,1,6,0,,,,,,,2,,12,1,Completed,1.16,4.93
2026-02-04,Transylvania Open,WTA250,Indoor,Hard,2nd Round,3,Raducanu E.,Juvan K.,30,97,7,5,6,1,,,,,,,2,,13,6,Completed,1.28,3.61
2026-02-05,Transylvania Open,WTA250,Indoor,Hard,Quarterfinals,3,Oliynykova O.,Wang Xin.,91,33,6,4,6,4,,,,,,,2,,12,8,Completed,5.07,1.15
2026-02-05,Transylvania Open,WTA250,Indoor,Hard,Quarterfinals,3,Raducanu E.,Chwalinska M.,30,146,6,0,6,4,,,,,,,2,,12,4,Completed,1.21,4.23
2026-02-05,Transylvania Open,WTA250,Indoor,Hard,Quarterfinals,3,Cirstea S.,Potapova A.,36,58,7,5,6,4,,,,,,,2,,13,9,Completed,1.42,2.8
2026-02-05,Transylvania Open,WTA250,Indoor,Hard,Quarterfinals,3,Snigur D.,Yuan Y.,144,130,4,6,6,0,7,5,,,,,2,1,17,11,Completed,1.49,2.56
2026-02-06,Transylvania Open,WTA250,Indoor,Hard,Semifinals,3,Raducanu E.,Oliynykova O.,30,91,7,5,3,6,6,3,,,,,2,1,16,14,Completed,1.15,5.09
2026-02-06,Transylvania Open,WTA250,Indoor,Hard,Semifinals,3,Cirstea S.,Snigur D.,36,144,6,0,6,3,,,,,,,2,,12,3,Completed,1.34,3.17
2026-02-07,Transylvania Open,WTA250,Indoor,Hard,The Final,3,Cirstea S.,Raducanu E.,36,30,6,0,6,2,,,,,,,2,,12,2,Completed,1.68,2.14
2026-02-01,Ostrava Open,WTA250,Indoor,Hard,1st Round,3,Avanesyan E.,Uchijima M.,169,87,6,3,2,6,6,3,,,,,2,1,14,12,Completed,2.51,1.51
2026-02-01,Ostrava Open,WTA250,Indoor,Hard,1st Round,3,Volynets K.,Klimovicova L.,96,131,6,2,6,1,,,,,,,2,,12,3,Completed,1.98,1.8
2026-02-01,Ostrava Open,WTA250,Indoor,Hard,1st Round,3,Martincova T.,Galfi D.,459,90,2,6,6,3,7,5,,,,,2,1,15,14,Completed,2.83,1.41
2026-02-01,Ostrava Open,WTA250,Indoor,Hard,1st Round,3,Udvardy P.,Vidmanova D.,98,137,7,5,6,3,,,,,,,2,,13,8,Completed,3.13,1.35
2026-02-01,Ostrava Open,WTA250,Indoor,Hard,1st Round,3,McNally C.,Lamens S.,71,105,6,3,7,5,,,,,,,2,,13,8,Completed,1.3,3.5
2026-02-02,Ostrava Open,WTA250,Indoor,Hard,1st Round,3,Parry D.,Dodin O.,119,686,6,1,6,4,,,,,,,2,,12,5,Completed,1.8,2.0
2026-02-02,Ostrava Open,WTA250,Indoor,Hard,1st Round,3,Parks A.,Grabher J.,85,78,7,6,6,2,,,,,,,2,,13,8,Completed,1.35,3.14
2026-02-02,Ostrava Open,WTA250,Indoor,Hard,1st Round,3,Korpatsch T.,Siskova A.,124,255,6,4,6,4,,,,,,,2,,12,8,Completed,1.6,2.3
2026-02-02,Ostrava Open,WTA250,Indoor,Hard,1st Round,3,Ferro F.,Fruhvirtova B.,281,1311,6,1,6,1,,,,,,,2,,12,2,Completed,1.17,4.93
2026-02-02,Ostrava Open,WTA250,Indoor,Hard,1st Round,3,Bartunkova N.,Blinkova A.,108,75,6,4,6,4,,,,,,,2,,12,8,Completed,1.51,2.48
2026-02-02,Ostrava Open,WTA250,Indoor,Hard,1st Round,3,Fruhvirtova L.,Barthel M.,121,215,7,6,6,4,,,,,,,2,,13,10,Completed,1.57,2.36
2026-02-03,Ostrava Open,WTA250,Indoor,Hard,1st Round,3,Sramkova R.,Valdmannova V.,81,300,6,2,6,3,,,,,,,2,,12,5,Completed,1.56,2.38
2026-02-03,Ostrava Open,WTA250,Indoor,Hard,1st Round,3,Boulter K.,Havlickova L.,120,276,6,4,3,6,6,1,,,,,2,1,15,11,Completed,1.62,2.25
2026-02-03,Ostrava Open,WTA250,Indoor,Hard,1st Round,3,Golubic V.,Kraus S.,89,104,6,4,6,0,,,,,,,2,,12,4,Completed,1.35,3.07
2026-02-03,Ostrava Open,WTA250,Indoor,Hard,2nd Round,3,Volynets K.,Maria T.,96,54,7,5,6,1,,,,,,,2,,13,6,Completed,1.3,3.4
2026-02-03,Ostrava Open,WTA250,Indoor,Hard,2nd Round,3,McNally C.,Martincova T.,71,459,6,4,6,4,,,,,,,2,,12,8,Completed,1.22,4.08
2026-02-03,Ostrava Open,WTA250,Indoor,Hard,2nd Round,3,Parks A.,Avanesyan E.,85,169,6,4,6,2,,,,,,,2,,12,6,Completed,1.36,3.06
2026-02-04,Ostrava Open,WTA250,Indoor,Hard,2nd Round,3,Korpatsch T.,Arango E.,124,46,6,3,6,4,,,,,,,2,,12,7,Completed,1.5,2.53
2026-02-04,Ostrava Open,WTA250,Indoor,Hard,2nd Round,3,Boulter K.,Golubic V.,120,89,6,2,6,2,,,,,,,2,,12,4,Completed,1.74,2.05
2026-02-04,Ostrava Open,WTA250,Indoor,Hard,2nd Round,3,Fruhvirtova L.,Sramkova R.,121,81,6,3,6,1,,,,,,,2,,12,4,Completed,2.16,1.67
2026-02-04,Ostrava Open,WTA250,Indoor,Hard,2nd Round,3,Bartunkova N.,Ferro F.,108,281,6,4,3,6,6,1,,,,,2,1,15,11,Completed,1.39,2.92
2026-02-04,Ostrava Open,WTA250,Indoor,Hard,2nd Round,3,Parry D.,Udvardy P.,119,98,6,1,6,2,,,,,,,2,,12,3,Completed,1.5,2.54
2026-02-05,Ostrava Open,WTA250,Indoor,Hard,Quarterfinals,3,Volynets K.,Parks A.,96,85,5,7,6,4,6,2,,,,,2,1,17,13,Completed,2.03,1.76
2026-02-05,Ostrava Open,WTA250,Indoor,Hard,Quarterfinals,3,Boulter K.,Fruhvirtova L.,120,121,6,3,6,2,,,,,,,2,,12,5,Completed,1.62,2.28
2026-02-05,Ostrava Open,WTA250,Indoor,Hard,Quarterfinals,3,Parry D.,Bartunkova N.,119,108,6,1,6,3,,,,,,,2,,12,4,Completed,2.5,1.51
2026-02-05,Ostrava Open,WTA250,Indoor,Hard,Quarterfinals,3,Korpatsch T.,McNally C.,124,71,6,4,6,2,,,,,,,2,,12,6,Completed,3.63,1.28
2026-02-06,Ostrava Open,WTA250,Indoor,Hard,Semifinals,3,Boulter K.,Volynets K.,120,96,6,1,6,3,,,,,,,2,,12,4,Completed,1.61,2.26
2026-02-06,Ostrava Open,WTA250,Indoor,Hard,Semifinals,3,Korpatsch T.,Parry D.,124,119,6,4,6,4,,,,,,,2,,12,8,Completed,2.29,1.59
2026-02-07,Ostrava Open,WTA250,Indoor,Hard,The Final,3,Boulter K.,Korpatsch T.,120,124,5,7,6,2,6,1,,,,,2,1,17,10,Completed,1.46,2.66
2026-02-08,Qatar Open,WTA1000,Outdoor,Hard,1st Round,3,Frech M.,Samsonova L.,59,17,6,3,4,6,7,6,,,,,2,1,17,15,Completed,2.94,1.37
2026-02-08,Qatar Open,WTA1000,Outdoor,Hard,1st Round,3,Zvonareva V.,Stearns P.,580,55,2,6,6,2,6,3,,,,,2,1,14,11,Completed,2.45,1.52
2026-02-08,Qatar Open,WTA1000,Outdoor,Hard,1st Round,3,Gracheva V.,Siegemund L.,73,51,7,6,6,4,,,,,,,2,,13,10,Completed,1.43,2.73
2026-02-08,Qatar Open,WTA1000,Outdoor,Hard,1st Round,3,Mertens E.,Pavlyuchenkova A.,22,110,6,2,6,1,,,,,,,2,,12,3,Completed,1.21,4.16
2026-02-08,Qatar Open,WTA1000,Outdoor,Hard,1st Round,3,Parks A.,Shnaider D.,77,21,1,6,6,4,7,6,,,,,2,1,14,16,Completed,3.39,1.3
2026-02-08,Qatar Open,WTA1000,Outdoor,Hard,1st Round,3,Cocciaretto E.,Jacquemot E.,57,60,7,6,6,2,,,,,,,2,,13,8,Completed,1.48,2.64
2026-02-08,Qatar Open,WTA1000,Outdoor,Hard,1st Round,3,Li A.,Fernandez L.A.,41,27,6,4,6,3,,,,,,,2,,12,7,Completed,2.21,1.64
2026-02-08,Qatar Open,WTA1000,Outdoor,Hard,1st Round,3,Linette M.,Kartal S.,47,50,6,4,3,6,6,3,,,,,2,1,15,13,Completed,2.78,1.42
2026-02-08,Qatar Open,WTA1000,Outdoor,Hard,1st Round,3,Mboko V.,Bouzkova M.,13,37,7,5,6,2,,,,,,,2,,13,7,Completed,1.45,2.66
2026-02-08,Qatar Open,WTA1000,Outdoor,Hard,1st Round,3,Pliskova Ka.,Sierra S.,418,62,6,1,6,2,,,,,,,2,,12,3,Completed,1.76,2.03
2026-02-08,Qatar Open,WTA1000,Outdoor,Hard,1st Round,3,Kasatkina D.,Uchijima M.,61,88,4,6,6,3,6,0,,,,,2,1,16,9,Completed,1.46,2.73
2026-02-08,Qatar Open,WTA1000,Outdoor,Hard,1st Round,3,Muchova K.,Cristian J.,19,36,6,2,6,3,,,,,,,2,,12,5,Completed,1.17,4.68
2026-02-09,Qatar Open,WTA1000,Outdoor,Hard,1st Round,3,Noskova L.,Joint M.,12,30,6,4,6,0,,,,,,,2,,12,4,Completed,1.41,2.8
2026-02-09,Qatar Open,WTA1000,Outdoor,Hard,1st Round,3,Yastremska D.,Bucsa C.,42,56,6,4,4,6,7,6,,,,,2,1,17,16,Completed,1.63,2.24
2026-02-09,Qatar Open,WTA1000,Outdoor,Hard,1st Round,3,Wang Xin.,Arango E.,33,49,6,1,7,5,,,,,,,2,,13,6,Completed,1.15,5.21
2026-02-09,Qatar Open,WTA1000,Outdoor,Hard,1st Round,3,Siniakova K.,Tauson C.,44,14,6,4,6,1,,,,,,,2,,12,5,Completed,2.14,1.68
2026-02-09,Qatar Open,WTA1000,Outdoor,Hard,1st Round,3,Valentova T.,Eala A.,48,40,7,6,6,1,,,,,,,2,,13,7,Completed,1.47,2.61
2026-02-09,Qatar Open,WTA1000,Outdoor,Hard,1st Round,3,Navarro E.,Maria T.,18,54,7,5,6,1,,,,,,,2,,13,6,Completed,1.11,6.33
2026-02-09,Qatar Open,WTA1000,Outdoor,Hard,1st Round,3,Zheng Q.,Kenin S.,26,29,4,6,6,1,6,2,,,,,2,1,16,9,Completed,1.43,2.75
2026-02-09,Qatar Open,WTA1000,Outdoor,Hard,1st Round,3,Ostapenko J.,Zakharova A.,24,105,6,7,6,3,6,4,,,,,2,1,18,14,Completed,1.7,2.12
2026-02-09,Qatar Open,WTA1000,Outdoor,Hard,1st Round,3,Sakkari M.,Sonmez Z.,52,85,6,1,6,3,,,,,,,2,,12,4,Completed,1.68,2.14
2026-02-09,Qatar Open,WTA1000,Outdoor,Hard,1st Round,3,Kalinskaya A.,Bouzas Maneiro J.,28,45,6,2,6,1,,,,,,,2,,12,3,Completed,1.3,3.41
2026-02-09,Qatar Open,WTA1000,Outdoor,Hard,1st Round,3,Osorio M.,Raducanu E.,80,25,2,6,6,4,2,0,,,,,1,1,10,10,Retired,1.87,1.9
2026-02-09,Qatar Open,WTA1000,Outdoor,Hard,1st Round,3,Tjen J.,Haddad Maia B.,46,67,6,0,6,1,,,,,,,2,,12,1,Completed,1.69,2.31
2026-02-09,Qatar Open,WTA1000,Outdoor,Hard,2nd Round,3,Pliskova Ka.,Anisimova A.,418,4,5,7,7,6,4,1,,,,,1,1,16,14,Retired,5.75,1.13
2026-02-09,Qatar Open,WTA1000,Outdoor,Hard,2nd Round,3,Andreeva M.,Linette M.,7,47,7,6,6,1,,,,,,,2,,13,7,Completed,1.12,5.83
2026-02-10,Qatar Open,WTA1000,Outdoor,Hard,2nd Round,3,Kasatkina D.,Mertens E.,61,22,6,4,6,0,,,,,,,2,,12,4,Completed,3.58,1.28
2026-02-10,Qatar Open,WTA1000,Outdoor,Hard,2nd Round,3,Li A.,Frech M.,41,59,6,3,6,4,,,,,,,2,,12,7,Completed,1.53,2.46
2026-02-10,Qatar Open,WTA1000,Outdoor,Hard,2nd Round,3,Sakkari M.,Paolini J.,52,8,6,4,6,2,,,,,,,2,,12,6,Completed,2.4,1.54
2026-02-10,Qatar Open,WTA1000,Outdoor,Hard,2nd Round,3,Ostapenko J.,Alexandrova E.,24,10,6,4,6,2,,,,,,,2,,12,6,Completed,2.97,1.39
2026-02-10,Qatar Open,WTA1000,Outdoor,Hard,2nd Round,3,Cocciaretto E.,Gauff C.,57,5,6,4,6,2,,,,,,,2,,12,6,Completed,7.69,1.08
2026-02-10,Qatar Open,WTA1000,Outdoor,Hard,2nd Round,3,Mboko V.,Zvonareva V.,13,580,6,4,6,4,,,,,,,2,,12,8,Completed,1.11,6.16
2026-02-10,Qatar Open,WTA1000,Outdoor,Hard,2nd Round,3,Gracheva V.,Noskova L.,73,12,6,2,2,6,7,5,,,,,2,1,15,13,Completed,3.18,1.34
2026-02-10,Qatar Open,WTA1000,Outdoor,Hard,2nd Round,3,Svitolina E.,Yastremska D.,9,42,6,1,6,4,,,,,,,2,,12,5,Completed,1.22,4.19
2026-02-10,Qatar Open,WTA1000,Outdoor,Hard,2nd Round,3,Swiatek I.,Tjen J.,2,46,6,0,6,3,,,,,,,2,,12,3,Completed,1.06,8.92
2026-02-10,Qatar Open,WTA1000,Outdoor,Hard,2nd Round,3,Osorio M.,Siniakova K.,80,44,6,2,5,7,6,3,,,,,2,1,17,12,Completed,2.23,1.63
2026-02-10,Qatar Open,WTA1000,Outdoor,Hard,2nd Round,3,Muchova K.,Valentova T.,19,48,6,1,6,4,,,,,,,2,,12,5,Completed,1.46,2.69
2026-02-10,Qatar Open,WTA1000,Outdoor,Hard,2nd Round,3,Zheng Q.,Parks A.,26,77,7,6,3,6,6,2,,,,,2,1,16,14,Completed,1.34,3.17
2026-02-10,Qatar Open,WTA1000,Outdoor,Hard,2nd Round,3,Rybakina E.,Wang Xin.,3,33,6,2,6,4,,,,,,,2,,12,6,Completed,1.14,5.41
2026-02-10,Qatar Open,WTA1000,Outdoor,Hard,2nd Round,3,Kalinskaya A.,Navarro E.,28,18,7,5,2,6,6,2,,,,,2,1,15,13,Completed,1.54,2.44
2026-02-11,Qatar Open,WTA1000,Outdoor,Hard,3rd Round,3,Sakkari M.,Gracheva V.,52,73,7,6,6,0,,,,,,,2,,13,6,Completed,1.49,2.59
2026-02-11,Qatar Open,WTA1000,Outdoor,Hard,3rd Round,3,Cocciaretto E.,Li A.,57,41,7,6,5,7,6,4,,,,,2,1,18,17,Completed,2.12,1.68
2026-02-11,Qatar Open,WTA1000,Outdoor,Hard,3rd Round,3,Mboko V.,Andreeva M.,13,7,6,3,3,6,7,6,,,,,2,1,16,15,Completed,2.46,1.56
2026-02-11,Qatar Open,WTA1000,Outdoor,Hard,3rd Round,3,Ostapenko J.,Osorio M.,24,80,6,3,6,1,,,,,,,2,,12,4,Completed,1.86,1.97
2026-02-11,Qatar Open,WTA1000,Outdoor,Hard,3rd Round,3,Swiatek I.,Kasatkina D.,2,61,5,7,6,1,6,1,,,,,2,1,17,9,Completed,1.04,11.12
2026-02-11,Qatar Open,WTA1000,Outdoor,Hard,3rd Round,3,Muchova K.,Pliskova Ka.,19,418,5,2,,,,,,,,,,,5,2,Retired,1.2,4.47
2026-02-11,Qatar Open,WTA1000,Outdoor,Hard,3rd Round,3,Rybakina E.,Zheng Q.,3,26,4,6,6,2,7,5,,,,,2,1,17,13,Completed,1.15,5.28
2026-02-11,Qatar Open,WTA1000,Outdoor,Hard,3rd Round,3,Kalinskaya A.,Svitolina E.,28,9,6,4,6,3,,,,,,,2,,12,7,Completed,3.12,1.35
2026-02-12,Qatar Open,WTA1000,Outdoor,Hard,Quarterfinals,3,Ostapenko J.,Cocciaretto E.,24,57,7,5,6,4,,,,,,,2,,13,9,Completed,1.52,2.5
2026-02-12,Qatar Open,WTA1000,Outdoor,Hard,Quarterfinals,3,Sakkari M.,Swiatek I.,52,2,2,6,6,4,7,5,,,,,2,1,15,15,Completed,6.74,1.09
2026-02-12,Qatar Open,WTA1000,Outdoor,Hard,Quarterfinals,3,Mboko V.,Rybakina E.,13,3,7,5,4,6,6,4,,,,,2,1,17,15,Completed,3.39,1.31
2026-02-12,Qatar Open,WTA1000,Outdoor,Hard,Quarterfinals,3,Muchova K.,Kalinskaya A.,19,28,6,3,6,4,,,,,,,2,,12,7,Completed,1.57,2.38
2026-02-13,Qatar Open,WTA1000,Outdoor,Hard,Semifinals,3,Mboko V.,Ostapenko J.,13,24,6,3,6,2,,,,,,,2,,12,5,Completed,1.44,2.73
2026-02-13,Qatar Open,WTA1000,Outdoor,Hard,Semifinals,3,Muchova K.,Sakkari M.,19,52,3,6,6,4,6,1,,,,,2,1,15,11,Completed,1.35,3.12
2026-02-14,Qatar Open,WTA1000,Outdoor,Hard,The Final,3,Muchova K.,Mboko V.,19,13,6,4,7,5,,,,,,,2,,13,9,Completed,2.01,1.77
2026-02-15,Dubai Duty Free Tennis Championships,WTA1000,Outdoor,Hard,1st Round,3,Tjen J.,Yastremska D.,46,44,6,4,6,1,,,,,,,2,,12,5,Completed,1.95,1.82
2026-02-15,Dubai Duty Free Tennis Championships,WTA1000,Outdoor,Hard,1st Round,3,Noskova L.,Li A.,14,36,6,3,5,7,6,4,,,,,2,1,17,14,Completed,1.42,2.8
2026-02-15,Dubai Duty Free Tennis Championships,WTA1000,Outdoor,Hard,1st Round,3,Stearns P.,Frech M.,58,55,6,4,6,2,,,,,,,2,,12,6,Completed,1.81,3.5
2026-02-15,Dubai Duty Free Tennis Championships,WTA1000,Outdoor,Hard,1st Round,3,Birrell K.,Maria T.,94,54,6,4,3,6,7,5,,,,,2,1,16,15,Completed,1.27,3.66
2026-02-15,Dubai Duty Free Tennis Championships,WTA1000,Outdoor,Hard,1st Round,3,Mertens E.,Bouzkova M.,22,38,6,2,6,2,,,,,,,2,,12,4,Completed,1.66,2.18
2026-02-15,Dubai Duty Free Tennis Championships,WTA1000,Outdoor,Hard,1st Round,3,Krejcikova B.,Pavlyuchenkova A.,53,110,6,4,6,4,,,,,,,2,,12,8,Completed,1.34,3.23
2026-02-15,Dubai Duty Free Tennis Championships,WTA1000,Outdoor,Hard,1st Round,3,Fernandez L.A.,Samsonova L.,29,18,5,7,7,5,6,3,,,,,2,1,18,15,Completed,2.11,1.71
2026-02-15,Dubai Duty Free Tennis Championships,WTA1000,Outdoor,Hard,1st Round,3,Seidel E.,Bucsa C.,95,63,6,1,6,4,,,,,,,2,,12,5,Completed,2.18,1.66
2026-02-15,Dubai Duty Free Tennis Championships,WTA1000,Outdoor,Hard,1st Round,3,Shnaider D.,Joint M.,21,28,6,4,6,1,,,,,,,2,,12,5,Completed,1.37,3.0
2026-02-15,Dubai Duty Free Tennis Championships,WTA1000,Outdoor,Hard,1st Round,3,Linette M.,Sun L.,50,98,4,6,6,4,6,1,,,,,2,1,16,11,Completed,1.57,2.36
2026-02-15,Dubai Duty Free Tennis Championships,WTA1000,Outdoor,Hard,1st Round,3,Eala A.,Baptiste H.,47,45,6,4,0,1,,,,,,,1,,6,5,Retired,1.77,2.02
2026-02-15,Dubai Duty Free Tennis Championships,WTA1000,Outdoor,Hard,1st Round,3,Bejlek S.,Sonmez Z.,41,84,6,2,6,2,,,,,,,2,,12,4,Completed,1.45,2.67
2026-02-16,Dubai Duty Free Tennis Championships,WTA1000,Outdoor,Hard,1st Round,3,Jovic I.,Rakhimova K.,20,91,6,1,1,6,6,1,,,,,2,1,13,8,Completed,1.22,4.18
2026-02-16,Dubai Duty Free Tennis Championships,WTA1000,Outdoor,Hard,1st Round,3,Navarro E.,Ruse E.G.,19,80,6,4,7,5,,,,,,,2,,13,9,Completed,1.47,2.61
2026-02-16,Dubai Duty Free Tennis Championships,WTA1000,Outdoor,Hard,1st Round,3,Gracheva V.,Sramkova R.,60,103,7,5,1,6,6,4,,,,,2,1,14,15,Completed,1.7,2.1
2026-02-16,Dubai Duty Free Tennis Championships,WTA1000,Outdoor,Hard,1st Round,3,Cirstea S.,Sasnovich A.,32,113,6,3,7,6,,,,,,,2,,13,9,Completed,1.34,3.19
2026-02-16,Dubai Duty Free Tennis Championships,WTA1000,Outdoor,Hard,1st Round,3,Tauson C.,Kenin S.,15,30,7,6,6,2,,,,,,,2,,13,8,Completed,1.27,3.66
2026-02-16,Dubai Duty Free Tennis Championships,WTA1000,Outdoor,Hard,1st Round,3,Kasatkina D.,Siegemund L.,61,52,6,2,6,3,,,,,,,2,,12,5,Completed,1.39,2.96
2026-02-16,Dubai Duty Free Tennis Championships,WTA1000,Outdoor,Hard,1st Round,3,Bencic B.,Bouzas Maneiro J.,13,48,2,6,6,1,6,2,,,,,2,1,14,9,Completed,1.16,5.01
2026-02-16,Dubai Duty Free Tennis Championships,WTA1000,Outdoor,Hard,1st Round,3,Zakharova A.,Uchijima M.,104,90,6,2,6,4,,,,,,,2,,12,6,Completed,1.86,1.94
2026-02-16,Dubai Duty Free Tennis Championships,WTA1000,Outdoor,Hard,1st Round,3,Kalinskaya A.,Ostapenko J.,23,27,2,6,6,1,6,4,,,,,2,1,14,11,Completed,1.44,2.71
2026-02-16,Dubai Duty Free Tennis Championships,WTA1000,Outdoor,Hard,1st Round,3,Ruzic A.,Raducanu E.,67,25,6,1,5,7,6,2,,,,,2,1,17,10,Completed,3.72,1.26
2026-02-16,Dubai Duty Free Tennis Championships,WTA1000,Outdoor,Hard,1st Round,3,Badosa P.,Siniakova K.,70,42,6,3,7,5,,,,,,,2,,13,8,Completed,1.99,1.78
2026-02-16,Dubai Duty Free Tennis Championships,WTA1000,Outdoor,Hard,1st Round,3,Cristian J.,Marcinko P.,39,69,6,1,6,1,,,,,,,2,,12,2,Completed,1.71,2.11
2026-02-16,Dubai Duty Free Tennis Championships,WTA1000,Outdoor,Hard,2nd Round,3,Tjen J.,Fernandez L.A.,46,29,7,6,6,4,,,,,,,2,,13,10,Completed,2.05,1.74
2026-02-17,Dubai Duty Free Tennis Championships,WTA1000,Outdoor,Hard,2nd Round,3,Tauson C.,Stearns P.,15,58,6,2,6,4,,,,,,,2,,12,6,Completed,1.39,2.94
2026-02-17,Dubai Duty Free Tennis Championships,WTA1000,Outdoor,Hard,2nd Round,3,Linette M.,Alexandrova E.,50,12,6,2,4,6,6,1,,,,,2,1,16,9,Completed,2.94,1.38
2026-02-17,Dubai Duty Free Tennis Championships,WTA1000,Outdoor,Hard,2nd Round,3,Pegula J.,Gracheva V.,5,60,6,4,6,0,,,,,,,2,,12,4,Completed,1.12,5.75
2026-02-17,Dubai Duty Free Tennis Championships,WTA1000,Outdoor,Hard,2nd Round,3,Jovic I.,Shnaider D.,20,21,6,4,1,6,6,0,,,,,2,1,13,10,Completed,1.68,2.15
2026-02-17,Dubai Duty Free Tennis Championships,WTA1000,Outdoor,Hard,2nd Round,3,Mertens E.,Navarro E.,22,19,6,2,6,2,,,,,,,2,,12,4,Completed,1.63,2.22
2026-02-17,Dubai Duty Free Tennis Championships,WTA1000,Outdoor,Hard,2nd Round,3,Cristian J.,Seidel E.,39,95,6,0,,,,,,,,,1,,6,0,Retired,1.66,2.16
2026-02-17,Dubai Duty Free Tennis Championships,WTA1000,Outdoor,Hard,2nd Round,3,Ruzic A.,Zakharova A.,67,104,6,1,6,7,6,1,,,,,2,1,18,9,Completed,1.84,1.94
2026-02-17,Dubai Duty Free Tennis Championships,WTA1000,Outdoor,Hard,2nd Round,3,Gauff C.,Kalinskaya A.,4,23,6,4,6,4,,,,,,,2,,12,8,Completed,1.51,2.52
2026-02-17,Dubai Duty Free Tennis Championships,WTA1000,Outdoor,Hard,2nd Round,3,Svitolina E.,Badosa P.,9,70,6,4,,,,,,,,,1,,6,4,Retired,1.37,2.99
2026-02-17,Dubai Duty Free Tennis Championships,WTA1000,Outdoor,Hard,2nd Round,3,Cirstea S.,Noskova L.,32,14,6,1,6,4,,,,,,,2,,12,5,Completed,1.63,2.28
2026-02-17,Dubai Duty Free Tennis Championships,WTA1000,Outdoor,Hard,2nd Round,3,Rybakina E.,Birrell K.,3,94,6,1,6,2,,,,,,,2,,12,3,Completed,1.03,12.64
2026-02-17,Dubai Duty Free Tennis Championships,WTA1000,Outdoor,Hard,2nd Round,3,Eala A.,Paolini J.,47,8,6,1,7,6,,,,,,,2,,13,7,Completed,2.73,1.44
2026-02-18,Dubai Duty Free Tennis Championships,WTA1000,Outdoor,Hard,3rd Round,3,Anisimova A.,Tjen J.,6,46,6,1,6,3,,,,,,,2,,12,4,Completed,1.2,4.34
2026-02-18,Dubai Duty Free Tennis Championships,WTA1000,Outdoor,Hard,3rd Round,3,Tauson C.,Linette M.,15,50,6,4,6,2,,,,,,,2,,12,6,Completed,1.36,3.03
2026-02-18,Dubai Duty Free Tennis Championships,WTA1000,Outdoor,Hard,3rd Round,3,Andreeva M.,Cristian J.,7,39,7,5,6,3,,,,,,,2,,13,8,Completed,1.12,6.13
2026-02-18,Dubai Duty Free Tennis Championships,WTA1000,Outdoor,Hard,3rd Round,3,Pegula J.,Jovic I.,5,20,6,4,6,2,,,,,,,2,,12,6,Completed,1.38,2.96
2026-02-18,Dubai Duty Free Tennis Championships,WTA1000,Outdoor,Hard,3rd Round,3,Ruzic A.,Rybakina E.,67,3,5,7,6,4,1,0,,,,,1,1,12,11,Retired,10.58,1.04
2026-02-18,Dubai Duty Free Tennis Championships,WTA1000,Outdoor,Hard,3rd Round,3,Svitolina E.,Bencic B.,9,13,4,6,6,1,6,3,,,,,2,1,16,10,Completed,1.68,2.16
2026-02-18,Dubai Duty Free Tennis Championships,WTA1000,Outdoor,Hard,3rd Round,3,Gauff C.,Mertens E.,4,22,2,6,7,6,6,3,,,,,2,1,15,15,Completed,1.45,2.71
2026-02-18,Dubai Duty Free Tennis Championships,WTA1000,Outdoor,Hard,3rd Round,3,Eala A.,Cirstea S.,47,32,7,5,6,4,,,,,,,2,,13,9,Completed,3.01,1.37
2026-02-19,Dubai Duty Free Tennis Championships,WTA1000,Outdoor,Hard,Quarterfinals,3,Pegula J.,Tauson C.,5,15,6,3,2,6,6,4,,,,,2,1,14,13,Completed,1.32,3.36
2026-02-19,Dubai Duty Free Tennis Championships,WTA1000,Outdoor,Hard,Quarterfinals,3,Anisimova A.,Andreeva M.,6,7,2,6,7,5,7,6,,,,,2,1,16,17,Completed,1.82,1.96
2026-02-19,Dubai Duty Free Tennis Championships,WTA1000,Outdoor,Hard,Quarterfinals,3,Gauff C.,Eala A.,4,47,6,0,6,2,,,,,,,2,,12,2,Completed,1.4,2.87
2026-02-19,Dubai Duty Free Tennis Championships,WTA1000,Outdoor,Hard,Quarterfinals,3,Svitolina E.,Ruzic A.,9,67,3,6,6,2,6,3,,,,,2,1,15,11,Completed,1.1,6.85
2026-02-20,Dubai Duty Free Tennis Championships,WTA1000,Outdoor,Hard,Semifinals,3,Pegula J.,Anisimova A.,5,6,1,6,6,4,6,3,,,,,2,1,13,13,Completed,1.57,2.36
2026-02-20,Dubai Duty Free Tennis Championships,WTA1000,Outdoor,Hard,Semifinals,3,Svitolina E.,Gauff C.,9,4,6,4,6,7,6,4,,,,,2,1,18,15,Completed,2.11,1.71
2026-02-21,Dubai Duty Free Tennis Championships,WTA1000,Outdoor,Hard,The Final,3,Pegula J.,Svitolina E.,5,9,6,2,6,4,,,,,,,2,,12,6,Completed,1.61,2.28
2026-02-23,ATX Open,WTA250,Outdoor,Hard,1st Round,3,Selekhmeteva O.,Parks A.,76,95,6,4,3,6,6,3,,,,,2,1,15,13,Completed,1.84,1.92
2026-02-23,ATX Open,WTA250,Outdoor,Hard,1st Round,3,Rakhimova K.,Bondar A.,92,65,6,3,7,5,,,,,,,2,,13,8,Completed,1.73,2.06
2026-02-23,ATX Open,WTA250,Outdoor,Hard,1st Round,3,Bartunkova N.,Volynets K.,107,96,6,4,7,5,,,,,,,2,,13,9,Completed,1.95,1.82
2026-02-24,ATX Open,WTA250,Outdoor,Hard,1st Round,3,Osuigwe W.,Mandlik E.,163,174,2,6,6,3,6,1,,,,,2,1,14,10,Completed,2.23,1.63
2026-02-24,ATX Open,WTA250,Outdoor,Hard,1st Round,3,Townsend T.,Fruhvirtova L.,119,121,4,6,7,6,7,5,,,,,2,1,18,17,Completed,1.55,2.4
2026-02-24,ATX Open,WTA250,Outdoor,Hard,1st Round,3,Masarova R.,Wang Xin.,120,30,6,3,6,2,,,,,,,2,,12,5,Completed,3.67,1.27
2026-02-24,ATX Open,WTA250,Outdoor,Hard,1st Round,3,Jovic I.,Blinkova A.,18,84,6,3,6,4,,,,,,,2,,12,7,Completed,1.08,7.4
2026-02-24,ATX Open,WTA250,Outdoor,Hard,1st Round,3,Galfi D.,Andreescu B.,87,164,6,3,5,7,6,4,,,,,2,1,17,14,Completed,2.34,1.57
2026-02-24,ATX Open,WTA250,Outdoor,Hard,1st Round,3,Juvan K.,Liu C.,93,214,6,4,7,6,,,,,,,2,,13,10,Completed,1.8,1.97
2026-02-24,ATX Open,WTA250,Outdoor,Hard,1st Round,3,Tomljanovic A.,Williams V.,74,560,6,4,6,1,,,,,,,2,,12,5,Completed,1.31,3.35
2026-02-24,ATX Open,WTA250,Outdoor,Hard,1st Round,3,Birrell K.,Marcinko P.,80,70,0,6,6,3,6,4,,,,,2,1,12,13,Completed,1.62,2.24
2026-02-24,ATX Open,WTA250,Outdoor,Hard,1st Round,3,Krueger A.,McNally C.,103,67,6,1,7,6,,,,,,,2,,13,7,Completed,2.31,1.58
2026-02-24,ATX Open,WTA250,Outdoor,Hard,1st Round,3,Yuan Y.,Sramkova R.,128,102,4,6,7,5,6,1,,,,,2,1,17,12,Completed,2.06,1.74
2026-02-25,ATX Open,WTA250,Outdoor,Hard,1st Round,3,Stearns P.,Jones F.,62,73,3,6,6,3,6,2,,,,,2,1,15,11,Completed,1.32,3.3
2026-02-25,ATX Open,WTA250,Outdoor,Hard,1st Round,3,Zakharova A.,Stoiana M.,88,176,3,6,6,2,6,4,,,,,2,1,15,12,Completed,1.71,2.1
2026-02-25,ATX Open,WTA250,Outdoor,Hard,1st Round,3,Dolehide C.,Sun L.,126,98,6,2,6,3,,,,,,,2,,12,5,Completed,1.97,1.8
2026-02-25,ATX Open,WTA250,Outdoor,Hard,2nd Round,3,Selekhmeteva O.,Rakhimova K.,76,92,6,2,7,5,,,,,,,2,,13,7,Completed,2.17,1.66
2026-02-25,ATX Open,WTA250,Outdoor,Hard,2nd Round,3,Masarova R.,Osuigwe W.,120,163,7,6,6,3,,,,,,,2,,13,9,Completed,1.36,3.08
2026-02-25,ATX Open,WTA250,Outdoor,Hard,2nd Round,3,Townsend T.,Bartunkova N.,119,107,6,1,6,4,,,,,,,2,,12,5,Completed,2.24,1.62
2026-02-26,ATX Open,WTA250,Outdoor,Hard,2nd Round,3,Yuan Y.,Galfi D.,128,87,6,3,6,2,,,,,,,2,,12,5,Completed,1.98,1.79
2026-02-26,ATX Open,WTA250,Outdoor,Hard,2nd Round,3,Krueger A.,Zakharova A.,103,88,7,5,6,3,,,,,,,2,,13,8,Completed,1.5,2.52
2026-02-26,ATX Open,WTA250,Outdoor,Hard,2nd Round,3,Stearns P.,Juvan K.,62,93,6,0,6,2,,,,,,,2,,12,2,Completed,1.56,2.37
2026-02-26,ATX Open,WTA250,Outdoor,Hard,2nd Round,3,Birrell K.,Dolehide C.,80,126,6,4,6,2,,,,,,,2,,12,6,Completed,1.8,1.96
2026-02-27,ATX Open,WTA250,Outdoor,Hard,2nd Round,3,Tomljanovic A.,Jovic I.,74,18,4,6,6,4,6,4,,,,,2,1,16,14,Completed,4.28,1.21
2026-02-27,ATX Open,WTA250,Outdoor,Hard,Quarterfinals,3,Birrell K.,Tomljanovic A.,80,74,6,3,6,3,,,,,,,2,,12,6,Completed,2.17,1.66
2026-02-27,ATX Open,WTA250,Outdoor,Hard,Quarterfinals,3,Townsend T.,Masarova R.,119,120,5,7,6,2,6,2,,,,,2,1,17,11,Completed,1.49,2.57
2026-02-28,ATX Open,WTA250,Outdoor,Hard,Quarterfinals,3,Stearns P.,Selekhmeteva O.,62,76,6,1,5,7,7,5,,,,,2,1,18,13,Completed,1.53,2.45
2026-02-28,ATX Open,WTA250,Outdoor,Hard,Quarterfinals,3,Krueger A.,Yuan Y.,103,128,7,6,6,4,,,,,,,2,,13,10,Completed,1.74,2.05
2026-02-28,ATX Open,WTA250,Outdoor,Hard,Semifinals,3,Stearns P.,Birrell K.,62,80,6,3,3,6,6,2,,,,,2,1,15,11,Completed,1.58,2.32
2026-02-28,ATX Open,WTA250,Outdoor,Hard,Semifinals,3,Townsend T.,Krueger A.,119,103,7,6,6,3,,,,,,,2,,13,9,Completed,1.81,1.95
2026-03-01,ATX Open,WTA250,Outdoor,Hard,The Final,3,Stearns P.,Townsend T.,62,119,7,6,7,5,,,,,,,2,,14,11,Completed,2.0,1.78
2026-02-23,Merida Open,WTA500,Outdoor,Hard,1st Round,3,Stakusic M.,Yastremska D.,142,49,6,4,6,3,,,,,,,2,,12,7,Completed,2.39,1.54
2026-02-23,Merida Open,WTA500,Outdoor,Hard,1st Round,3,Jimenez Kasintseva V.,Putintseva Y.,122,77,6,4,1,6,6,4,,,,,2,1,13,14,Completed,3.28,1.32
2026-02-24,Merida Open,WTA500,Outdoor,Hard,1st Round,3,Boulter K.,Haddad Maia B.,69,66,6,4,6,4,,,,,,,2,,12,8,Completed,1.39,2.82
2026-02-24,Merida Open,WTA500,Outdoor,Hard,1st Round,3,Arango E.,Potapova A.,59,91,7,6,6,2,,,,,,,2,,13,8,Completed,3.2,1.33
2026-02-24,Merida Open,WTA500,Outdoor,Hard,1st Round,3,Osorio M.,Tjen J.,61,36,6,4,6,3,,,,,,,2,,12,7,Completed,1.83,1.92
2026-02-24,Merida Open,WTA500,Outdoor,Hard,1st Round,3,Linette M.,Maria T.,47,55,7,6,6,3,,,,,,,2,,13,9,Completed,1.31,3.35
2026-02-24,Merida Open,WTA500,Outdoor,Hard,1st Round,3,Bucsa C.,Vekic D.,63,100,6,3,6,2,,,,,,,2,,12,5,Completed,2.27,1.61
2026-02-24,Merida Open,WTA500,Outdoor,Hard,1st Round,3,Bouzas Maneiro J.,Watson H.,48,281,6,3,6,1,,,,,,,2,,12,4,Completed,1.31,3.38
2026-02-24,Merida Open,WTA500,Outdoor,Hard,1st Round,3,Frech M.,Timofeeva M.,57,155,6,4,7,6,,,,,,,2,,13,10,Completed,1.45,2.69
2026-02-25,Merida Open,WTA500,Outdoor,Hard,1st Round,3,Sonmez Z.,Brace C.,81,204,6,2,6,0,,,,,,,2,,12,2,Completed,1.35,3.12
2026-02-25,Merida Open,WTA500,Outdoor,Hard,1st Round,3,Hon P.,Zarazua R.,136,89,6,2,2,6,6,4,,,,,2,1,14,12,Completed,2.16,1.68
2026-02-25,Merida Open,WTA500,Outdoor,Hard,1st Round,3,Zhang S.,Lepchenko V.,86,152,6,2,6,1,,,,,,,2,,12,3,Completed,1.21,4.28
2026-02-25,Merida Open,WTA500,Outdoor,Hard,2nd Round,3,Jimenez Kasintseva V.,Linette M.,122,47,5,7,7,6,7,5,,,,,2,1,19,18,Completed,3.47,1.28
2026-02-25,Merida Open,WTA500,Outdoor,Hard,2nd Round,3,Bouzkova M.,Arango E.,34,59,2,6,6,1,2,0,,,,,1,1,10,7,Retired,1.28,3.51
2026-02-26,Merida Open,WTA500,Outdoor,Hard,2nd Round,3,Boulter K.,Osorio M.,69,61,6,3,0,0,,,,,,,1,,6,3,Retired,2.2,1.64
2026-02-26,Merida Open,WTA500,Outdoor,Hard,2nd Round,3,Bucsa C.,Stakusic M.,63,142,7,6,6,3,,,,,,,2,,13,9,Completed,1.63,2.23
2026-02-26,Merida Open,WTA500,Outdoor,Hard,2nd Round,3,Frech M.,Bouzas Maneiro J.,57,48,6,0,6,3,,,,,,,2,,12,3,Completed,2.08,1.72
2026-02-26,Merida Open,WTA500,Outdoor,Hard,2nd Round,3,Sonmez Z.,Li A.,81,39,3,6,7,6,6,4,,,,,2,1,16,16,Completed,1.96,1.8
2026-02-27,Merida Open,WTA500,Outdoor,Hard,2nd Round,3,Paolini J.,Hon P.,7,136,6,0,6,2,,,,,,,2,,12,2,Completed,1.17,4.88
2026-02-27,Merida Open,WTA500,Outdoor,Hard,2nd Round,3,Zhang S.,Navarro E.,86,20,6,4,6,4,,,,,,,2,,12,8,Completed,2.61,1.47
2026-02-27,Merida Open,WTA500,Outdoor,Hard,Quarterfinals,3,Frech M.,Bouzkova M.,57,34,6,3,4,6,6,3,,,,,2,1,16,12,Completed,2.3,1.58
2026-02-27,Merida Open,WTA500,Outdoor,Hard,Quarterfinals,3,Bucsa C.,Sonmez Z.,63,81,6,3,6,4,,,,,,,2,,12,7,Completed,1.9,1.86
2026-02-28,Merida Open,WTA500,Outdoor,Hard,Quarterfinals,3,Zhang S.,Jimenez Kasintseva V.,86,122,6,1,6,3,,,,,,,2,,12,4,Completed,1.33,3.21
2026-02-28,Merida Open,WTA500,Outdoor,Hard,Quarterfinals,3,Paolini J.,Boulter K.,7,69,0,6,6,3,6,3,,,,,2,1,12,12,Completed,1.52,2.47
2026-03-01,Merida Open,WTA500,Outdoor,Hard,Semifinals,3,Frech M.,Zhang S.,57,86,6,2,6,7,6,3,,,,,2,1,18,12,Completed,2.09,1.71
2026-03-01,Merida Open,WTA500,Outdoor,Hard,Semifinals,3,Bucsa C.,Paolini J.,63,7,7,5,6,4,,,,,,,2,,13,9,Completed,3.02,1.37
2026-03-01,Merida Open,WTA500,Outdoor,Hard,The Final,3,Bucsa C.,Frech M.,63,57,6,1,4,6,6,4,,,,,2,1,16,11,Completed,1.62,2.25
2026-03-04,BNP Paribas Open,WTA1000,Outdoor,Hard,1st Round,3,Cirstea S.,Maria T.,38,59,6,4,4,6,6,3,,,,,2,1,16,13,Completed,1.1,6.5
2026-03-04,BNP Paribas Open,WTA1000,Outdoor,Hard,1st Round,3,Putintseva Y.,Badosa P.,76,106,6,4,6,2,0,0,,,,,2,,12,6,Completed,2.71,1.44
2026-03-04,BNP Paribas Open,WTA1000,Outdoor,Hard,1st Round,3,Birrell K.,Selekhmeteva O.,69,71,6,1,6,4,,,,,,,2,,12,5,Completed,2.1,1.71
2026-03-04,BNP Paribas Open,WTA1000,Outdoor,Hard,1st Round,3,Potapova A.,Stakusic M.,91,130,4,6,6,1,7,5,,,,,2,1,17,12,Completed,1.92,1.83
2026-03-04,BNP Paribas Open,WTA1000,Outdoor,Hard,1st Round,3,Tomljanovic A.,Ruse E.G.,85,74,7,5,6,2,,,,,,,2,,13,7,Completed,2.02,1.76
2026-03-04,BNP Paribas Open,WTA1000,Outdoor,Hard,1st Round,3,Gibson T.,Li A.,112,41,6,3,7,5,,,,,,,2,,13,8,Completed,2.34,1.57
2026-03-04,BNP Paribas Open,WTA1000,Outdoor,Hard,1st Round,3,Sonmez Z.,Kessler M.,80,51,7,6,6,0,,,,,,,2,,13,6,Completed,2.23,1.63
2026-03-04,BNP Paribas Open,WTA1000,Outdoor,Hard,1st Round,3,Bouzas Maneiro J.,Haddad Maia B.,50,67,6,1,6,7,6,1,,,,,2,1,18,9,Completed,1.64,2.21
2026-03-04,BNP Paribas Open,WTA1000,Outdoor,Hard,1st Round,3,Zakharova A.,Seidel E.,86,83,6,2,6,2,,,,,,,2,,12,4,Completed,1.63,2.23
2026-03-04,BNP Paribas Open,WTA1000,Outdoor,Hard,1st Round,3,Sakatsume H.,Parks A.,136,96,6,4,6,3,,,,,,,2,,12,7,Completed,2.01,1.76
2026-03-04,BNP Paribas Open,WTA1000,Outdoor,Hard,1st Round,3,Jimenez Kasintseva V.,McNally C.,97,68,6,2,6,7,6,4,,,,,2,1,18,13,Completed,2.75,1.43
2026-03-05,BNP Paribas Open,WTA1000,Outdoor,Hard,1st Round,3,Blinkova A.,Galfi D.,94,84,6,4,7,5,,,,,,,2,,13,9,Completed,2.88,1.4
2026-03-05,BNP Paribas Open,WTA1000,Outdoor,Hard,1st Round,3,Cristian J.,Tjen J.,35,39,4,6,6,4,7,6,,,,,2,1,17,16,Completed,2.05,1.74
2026-03-05,BNP Paribas Open,WTA1000,Outdoor,Hard,1st Round,3,Rakhimova K.,Andreescu B.,88,165,6,7,6,0,6,1,,,,,2,1,18,8,Completed,2.05,1.74
2026-03-05,BNP Paribas Open,WTA1000,Outdoor,Hard,1st Round,3,Osorio M.,Stephens S.,61,780,6,4,6,1,,,,,,,2,,12,5,Completed,1.27,3.65
2026-03-05,BNP Paribas Open,WTA1000,Outdoor,Hard,1st Round,3,Yastremska D.,Zhang S.,52,62,6,3,6,2,,,,,,,2,,12,5,Completed,1.89,1.86
2026-03-05,BNP Paribas Open,WTA1000,Outdoor,Hard,1st Round,3,Krueger A.,Linette M.,82,49,6,1,6,4,,,,,,,2,,12,5,Completed,1.94,1.82
2026-03-05,BNP Paribas Open,WTA1000,Outdoor,Hard,1st Round,3,Townsend T.,Bouzkova M.,87,33,6,2,6,1,,,,,,,2,,12,3,Completed,1.77,2.0
2026-03-05,BNP Paribas Open,WTA1000,Outdoor,Hard,1st Round,3,Siegemund L.,Marcinko P.,55,72,3,6,6,3,6,4,,,,,2,1,15,13,Completed,1.96,1.81
2026-03-05,BNP Paribas Open,WTA1000,Outdoor,Hard,1st Round,3,Kartal S.,Tararudee L.,54,124,6,4,6,4,,,,,,,2,,12,8,Completed,1.36,3.07
2026-03-05,BNP Paribas Open,WTA1000,Outdoor,Hard,1st Round,3,Vekic D.,Valentova T.,103,47,7,6,7,6,,,,,,,2,,14,12,Completed,2.55,1.49
2026-03-05,BNP Paribas Open,WTA1000,Outdoor,Hard,1st Round,3,Day K.,Jones F.,187,93,6,3,6,1,,,,,,,2,,12,4,Completed,1.61,2.26
2026-03-05,BNP Paribas Open,WTA1000,Outdoor,Hard,1st Round,3,Parry D.,Williams V.,111,554,6,3,6,7,6,1,,,,,2,1,18,11,Completed,1.25,3.87
2026-03-05,BNP Paribas Open,WTA1000,Outdoor,Hard,1st Round,3,Bondar A.,Jacquemot E.,66,63,7,6,7,5,,,,,,,2,,14,11,Completed,1.5,2.55
2026-03-05,BNP Paribas Open,WTA1000,Outdoor,Hard,1st Round,3,Bucsa C.,Vidmanova D.,31,122,6,4,6,0,,,,,,,2,,12,4,Completed,1.49,2.58
2026-03-05,BNP Paribas Open,WTA1000,Outdoor,Hard,1st Round,3,Tagger L.,Gracheva V.,119,58,6,2,6,4,,,,,,,2,,12,6,Completed,2.15,1.68
2026-03-06,BNP Paribas Open,WTA1000,Outdoor,Hard,1st Round,3,Hunter S.,Frech M.,234,36,3,6,7,5,6,3,,,,,2,1,16,14,Completed,2.94,1.39
2026-03-06,BNP Paribas Open,WTA1000,Outdoor,Hard,1st Round,3,Siniakova K.,Kenin S.,44,45,1,6,6,4,6,1,,,,,2,1,13,11,Completed,1.47,2.62
2026-03-06,BNP Paribas Open,WTA1000,Outdoor,Hard,1st Round,3,Volynets K.,Sramkova R.,98,118,6,1,0,0,,,,,,,1,,6,1,Retired,1.71,2.09
2026-03-06,BNP Paribas Open,WTA1000,Outdoor,Hard,1st Round,3,Ruzic A.,Brady J.,57,801,3,6,6,4,6,2,,,,,2,1,15,12,Completed,1.44,2.7
2026-03-06,BNP Paribas Open,WTA1000,Outdoor,Hard,1st Round,3,Baptiste H.,Arango E.,43,108,2,6,6,2,6,3,,,,,2,1,14,11,Completed,1.3,3.45
2026-03-06,BNP Paribas Open,WTA1000,Outdoor,Hard,1st Round,3,Sierra S.,Stearns P.,65,48,7,5,7,5,,,,,,,2,,14,10,Completed,4.57,1.18
2026-03-06,BNP Paribas Open,WTA1000,Outdoor,Hard,2nd Round,3,Noskova L.,Bouzas Maneiro J.,14,50,6,3,6,3,,,,,,,2,,12,6,Completed,1.4,2.88
2026-03-06,BNP Paribas Open,WTA1000,Outdoor,Hard,2nd Round,3,Gibson T.,Alexandrova E.,112,11,6,3,7,5,,,,,,,2,,13,8,Completed,2.78,1.42
2026-03-06,BNP Paribas Open,WTA1000,Outdoor,Hard,2nd Round,3,Raducanu E.,Zakharova A.,24,86,6,1,6,3,,,,,,,2,,12,4,Completed,1.49,2.59
2026-03-06,BNP Paribas Open,WTA1000,Outdoor,Hard,2nd Round,3,Mboko V.,Birrell K.,10,69,6,4,7,6,,,,,,,2,,13,10,Completed,1.17,4.75
2026-03-06,BNP Paribas Open,WTA1000,Outdoor,Hard,2nd Round,3,Tauson C.,Putintseva Y.,17,76,7,6,6,2,,,,,,,2,,13,8,Completed,1.35,3.15
2026-03-06,BNP Paribas Open,WTA1000,Outdoor,Hard,2nd Round,3,Cirstea S.,Shnaider D.,38,20,6,2,7,6,,,,,,,2,,13,8,Completed,1.63,2.24
2026-03-06,BNP Paribas Open,WTA1000,Outdoor,Hard,2nd Round,3,Kalinskaya A.,Sonmez Z.,22,80,6,4,7,6,,,,,,,2,,13,10,Completed,1.35,3.15
2026-03-06,BNP Paribas Open,WTA1000,Outdoor,Hard,2nd Round,3,Sabalenka A.,Sakatsume H.,1,136,6,4,6,2,,,,,,,2,,12,6,Completed,1.02,14.59
2026-03-06,BNP Paribas Open,WTA1000,Outdoor,Hard,2nd Round,3,Tomljanovic A.,Wang Xin.,85,30,6,3,6,1,,,,,,,2,,12,4,Completed,1.81,1.96
2026-03-06,BNP Paribas Open,WTA1000,Outdoor,Hard,2nd Round,3,Paolini J.,Potapova A.,7,91,6,7,6,2,6,3,,,,,2,1,18,12,Completed,1.39,2.95
2026-03-06,BNP Paribas Open,WTA1000,Outdoor,Hard,2nd Round,3,Gauff C.,Rakhimova K.,4,88,6,3,7,6,,,,,,,2,,13,9,Completed,1.07,8.02
2026-03-06,BNP Paribas Open,WTA1000,Outdoor,Hard,2nd Round,3,Cristian J.,Joint M.,35,29,0,6,6,2,7,5,,,,,2,1,13,13,Completed,1.57,2.34
2026-03-07,BNP Paribas Open,WTA1000,Outdoor,Hard,2nd Round,3,Osaka N.,Jimenez Kasintseva V.,16,97,7,5,6,2,,,,,,,2,,13,7,Completed,1.2,4.35
2026-03-07,BNP Paribas Open,WTA1000,Outdoor,Hard,2nd Round,3,Osorio M.,Jovic I.,61,18,4,6,7,6,6,3,,,,,2,1,17,15,Completed,2.82,1.41
2026-03-07,BNP Paribas Open,WTA1000,Outdoor,Hard,2nd Round,3,Anisimova A.,Blinkova A.,6,94,5,7,6,1,6,0,,,,,2,1,17,8,Completed,1.05,9.73
2026-03-07,BNP Paribas Open,WTA1000,Outdoor,Hard,2nd Round,3,Eala A.,Yastremska D.,32,52,7,5,4,6,7,5,,,,,2,1,18,16,Completed,1.66,2.17
2026-03-07,BNP Paribas Open,WTA1000,Outdoor,Hard,2nd Round,3,Bencic B.,Hunter S.,12,234,6,3,6,2,,,,,,,2,,12,5,Completed,1.11,6.28
2026-03-07,BNP Paribas Open,WTA1000,Outdoor,Hard,2nd Round,3,Sakkari M.,Tagger L.,34,119,7,5,6,0,,,,,,,2,,13,5,Completed,1.46,2.65
2026-03-07,BNP Paribas Open,WTA1000,Outdoor,Hard,2nd Round,3,Muchova K.,Bondar A.,13,66,7,5,6,2,,,,,,,2,,13,7,Completed,1.07,7.77
2026-03-07,BNP Paribas Open,WTA1000,Outdoor,Hard,2nd Round,3,Rybakina E.,Baptiste H.,3,43,7,6,2,6,6,2,,,,,2,1,15,14,Completed,1.07,8.16
2026-03-07,BNP Paribas Open,WTA1000,Outdoor,Hard,2nd Round,3,Ostapenko J.,Volynets K.,26,98,6,4,7,6,,,,,,,2,,13,10,Completed,1.55,2.41
2026-03-07,BNP Paribas Open,WTA1000,Outdoor,Hard,2nd Round,3,Swiatek I.,Day K.,2,187,6,0,7,6,,,,,,,2,,13,6,Completed,1.02,14.45
2026-03-07,BNP Paribas Open,WTA1000,Outdoor,Hard,2nd Round,3,Kartal S.,Navarro E.,54,25,6,1,3,6,7,6,,,,,2,1,16,13,Completed,1.81,1.99
2026-03-07,BNP Paribas Open,WTA1000,Outdoor,Hard,2nd Round,3,Krueger A.,Samsonova L.,82,19,3,6,7,5,6,2,,,,,2,1,16,13,Completed,2.08,1.72
2026-03-07,BNP Paribas Open,WTA1000,Outdoor,Hard,2nd Round,3,Andreeva M.,Sierra S.,8,65,6,0,6,0,,,,,,,2,,12,0,Completed,1.03,11.09
2026-03-07,BNP Paribas Open,WTA1000,Outdoor,Hard,2nd Round,3,Siniakova K.,Fernandez L.A.,44,27,5,7,6,4,7,6,,,,,2,1,18,17,Completed,1.79,1.98
2026-03-08,BNP Paribas Open,WTA1000,Outdoor,Hard,2nd Round,3,Ruzic A.,Zheng Q.,57,23,6,4,7,5,,,,,,,2,,13,9,Completed,3.45,1.3
2026-03-08,BNP Paribas Open,WTA1000,Outdoor,Hard,2nd Round,3,Mertens E.,Bucsa C.,21,31,6,2,6,1,,,,,,,2,,12,3,Completed,1.44,2.71
2026-03-08,BNP Paribas Open,WTA1000,Outdoor,Hard,2nd Round,3,Pegula J.,Vekic D.,5,103,4,6,6,2,6,3,,,,,2,1,16,11,Completed,1.1,6.61
2026-03-08,BNP Paribas Open,WTA1000,Outdoor,Hard,2nd Round,3,Keys M.,Parry D.,15,111,6,4,6,3,,,,,,,2,,12,7,Completed,1.24,3.93
2026-03-08,BNP Paribas Open,WTA1000,Outdoor,Hard,2nd Round,3,Kostyuk M.,Townsend T.,28,87,6,3,6,2,,,,,,,2,,12,5,Completed,1.6,2.28
2026-03-08,BNP Paribas Open,WTA1000,Outdoor,Hard,2nd Round,3,Svitolina E.,Siegemund L.,9,55,7,6,4,6,6,3,,,,,2,1,17,15,Completed,1.09,7.16
2026-03-08,BNP Paribas Open,WTA1000,Outdoor,Hard,3rd Round,3,Noskova L.,Cirstea S.,14,38,6,7,6,4,6,4,,,,,2,1,18,15,Completed,2.1,1.71
2026-03-08,BNP Paribas Open,WTA1000,Outdoor,Hard,3rd Round,3,Gibson T.,Tauson C.,112,17,7,6,4,6,6,4,,,,,2,1,17,16,Completed,3.55,1.29
2026-03-08,BNP Paribas Open,WTA1000,Outdoor,Hard,3rd Round,3,Sabalenka A.,Cristian J.,1,35,6,4,6,1,,,,,,,2,,12,5,Completed,1.03,11.95
2026-03-08,BNP Paribas Open,WTA1000,Outdoor,Hard,3rd Round,3,Paolini J.,Tomljanovic A.,7,85,7,5,5,7,6,1,,,,,2,1,18,13,Completed,1.51,2.53
2026-03-08,BNP Paribas Open,WTA1000,Outdoor,Hard,3rd Round,3,Osaka N.,Osorio M.,16,61,6,1,3,6,6,1,,,,,2,1,15,8,Completed,1.51,2.52
2026-03-08,BNP Paribas Open,WTA1000,Outdoor,Hard,3rd Round,3,Anisimova A.,Raducanu E.,6,24,6,1,6,1,,,,,,,2,,12,2,Completed,1.31,3.36
2026-03-09,BNP Paribas Open,WTA1000,Outdoor,Hard,3rd Round,3,Eala A.,Gauff C.,32,4,6,2,2,0,,,,,,,1,,8,2,Retired,4.66,1.18
2026-03-09,BNP Paribas Open,WTA1000,Outdoor,Hard,3rd Round,3,Mboko V.,Kalinskaya A.,10,22,6,4,6,1,,,,,,,2,,12,5,Completed,1.55,2.4
2026-03-09,BNP Paribas Open,WTA1000,Outdoor,Hard,3rd Round,3,Pegula J.,Ostapenko J.,5,26,4,6,6,3,6,2,,,,,2,1,16,11,Completed,1.21,4.27
2026-03-09,BNP Paribas Open,WTA1000,Outdoor,Hard,3rd Round,3,Muchova K.,Ruzic A.,13,57,6,0,6,3,,,,,,,2,,12,3,Completed,1.14,5.61
2026-03-09,BNP Paribas Open,WTA1000,Outdoor,Hard,3rd Round,3,Siniakova K.,Andreeva M.,44,8,4,6,7,6,6,3,,,,,2,1,17,15,Completed,4.86,1.17
2026-03-09,BNP Paribas Open,WTA1000,Outdoor,Hard,3rd Round,3,Bencic B.,Mertens E.,12,21,6,2,6,3,,,,,,,2,,12,5,Completed,1.78,1.99
2026-03-09,BNP Paribas Open,WTA1000,Outdoor,Hard,3rd Round,3,Svitolina E.,Krueger A.,9,82,6,4,6,2,,,,,,,2,,12,6,Completed,1.26,3.8
2026-03-09,BNP Paribas Open,WTA1000,Outdoor,Hard,3rd Round,3,Swiatek I.,Sakkari M.,2,34,6,3,6,2,,,,,,,2,,12,5,Completed,1.21,4.26
2026-03-10,BNP Paribas Open,WTA1000,Outdoor,Hard,3rd Round,3,Kartal S.,Keys M.,54,15,2,6,6,2,6,3,,,,,2,1,14,11,Completed,2.63,1.47
2026-03-10,BNP Paribas Open,WTA1000,Outdoor,Hard,3rd Round,3,Rybakina E.,Kostyuk M.,3,28,6,4,6,4,,,,,,,2,,12,8,Completed,1.29,3.57
2026-03-10,BNP Paribas Open,WTA1000,Outdoor,Hard,4th Round,3,Sabalenka A.,Osaka N.,1,16,6,2,6,4,,,,,,,2,,12,6,Completed,1.16,5.06
2026-03-10,BNP Paribas Open,WTA1000,Outdoor,Hard,4th Round,3,Gibson T.,Paolini J.,112,7,7,5,2,6,6,1,,,,,2,1,15,12,Completed,2.93,1.39
2026-03-11,BNP Paribas Open,WTA1000,Outdoor,Hard,4th Round,3,Mboko V.,Anisimova A.,10,6,6,4,6,1,,,,,,,2,,12,5,Completed,2.29,1.59
2026-03-11,BNP Paribas Open,WTA1000,Outdoor,Hard,4th Round,3,Noskova L.,Eala A.,14,32,6,2,6,0,,,,,,,2,,12,2,Completed,1.54,2.4
2026-03-11,BNP Paribas Open,WTA1000,Outdoor,Hard,4th Round,3,Swiatek I.,Muchova K.,2,13,6,2,6,0,,,,,,,2,,12,2,Completed,1.47,2.64
2026-03-11,BNP Paribas Open,WTA1000,Outdoor,Hard,4th Round,3,Pegula J.,Bencic B.,5,12,6,3,7,6,,,,,,,2,,13,9,Completed,1.56,2.37
2026-03-11,BNP Paribas Open,WTA1000,Outdoor,Hard,4th Round,3,Svitolina E.,Siniakova K.,9,44,6,1,1,1,,,,,,,1,,7,2,Retired,1.29,3.6
2026-03-11,BNP Paribas Open,WTA1000,Outdoor,Hard,4th Round,3,Rybakina E.,Kartal S.,3,54,6,4,4,3,,,,,,,1,,10,7,Retired,1.15,5.15
2026-03-12,BNP Paribas Open,WTA1000,Outdoor,Hard,Quarterfinals,3,Sabalenka A.,Mboko V.,1,10,7,6,6,4,,,,,,,2,,13,10,Completed,1.29,3.56
2026-03-12,BNP Paribas Open,WTA1000,Outdoor,Hard,Quarterfinals,3,Noskova L.,Gibson T.,14,112,6,2,4,6,6,2,,,,,2,1,16,10,Completed,1.28,3.61
2026-03-12,BNP Paribas Open,WTA1000,Outdoor,Hard,Quarterfinals,3,Svitolina E.,Swiatek I.,9,2,6,2,4,6,6,4,,,,,2,1,16,12,Completed,3.56,1.29
2026-03-13,BNP Paribas Open,WTA1000,Outdoor,Hard,Quarterfinals,3,Rybakina E.,Pegula J.,3,5,6,1,7,6,,,,,,,2,,13,7,Completed,1.53,2.48
2026-03-13,BNP Paribas Open,WTA1000,Outdoor,Hard,Semifinals,3,Sabalenka A.,Noskova L.,1,14,6,3,6,4,,,,,,,2,,12,7,Completed,1.09,7.21
2026-03-14,BNP Paribas Open,WTA1000,Outdoor,Hard,Semifinals,3,Rybakina E.,Svitolina E.,3,9,7,5,6,4,,,,,,,2,,13,9,Completed,1.39,2.96
2026-03-15,BNP Paribas Open,WTA1000,Outdoor,Hard,The Final,3,Sabalenka A.,Rybakina E.,1,3,3,6,6,3,7,6,,,,,2,1,16,15,Completed,1.62,2.28
2026-03-17,Miami Open,WTA1000,Outdoor,Hard,1st Round,3,Jacquemot E.,Vidmanova D.,62,118,6,7,7,5,7,5,,,,,2,1,20,17,Completed,2.75,1.43
2026-03-17,Miami Open,WTA1000,Outdoor,Hard,1st Round,3,Tomljanovic A.,Waltert S.,81,88,6,3,6,4,,,,,,,2,,12,7,Completed,1.33,3.25
2026-03-17,Miami Open,WTA1000,Outdoor,Hard,1st Round,3,Linette M.,Gracheva V.,50,60,2,6,6,2,6,0,,,,,2,1,14,8,Completed,1.76,2.02
2026-03-17,Miami Open,WTA1000,Outdoor,Hard,1st Round,3,Kessler M.,Frech M.,51,37,2,6,6,4,6,2,,,,,2,1,14,12,Completed,1.6,2.27
2026-03-17,Miami Open,WTA1000,Outdoor,Hard,1st Round,3,Siegemund L.,Marcinko P.,53,76,6,4,6,4,,,,,,,2,,12,8,Completed,1.72,2.07
2026-03-17,Miami Open,WTA1000,Outdoor,Hard,1st Round,3,Boulter K.,Bouzas Maneiro J.,67,48,7,6,6,4,,,,,,,2,,13,10,Completed,1.73,2.11
2026-03-17,Miami Open,WTA1000,Outdoor,Hard,1st Round,3,Cirstea S.,Zhang S.,35,61,6,3,6,4,,,,,,,2,,12,7,Completed,1.29,3.52
2026-03-17,Miami Open,WTA1000,Outdoor,Hard,1st Round,3,Sonmez Z.,Haddad Maia B.,83,69,6,3,6,2,,,,,,,2,,12,5,Completed,1.42,2.76
2026-03-17,Miami Open,WTA1000,Outdoor,Hard,1st Round,3,Blinkova A.,Kenin S.,92,46,3,6,6,1,6,3,,,,,2,1,15,10,Completed,2.34,1.57
2026-03-18,Miami Open,WTA1000,Outdoor,Hard,1st Round,3,Osorio M.,Siniakova K.,58,42,6,1,6,4,,,,,,,2,,12,5,Completed,1.97,1.79
2026-03-19,Miami Open,WTA1000,Outdoor,Hard,1st Round,3,Gibson T.,Bejlek S.,68,41,6,1,6,0,,,,,,,2,,12,1,Completed,1.74,2.04
2026-03-19,Miami Open,WTA1000,Outdoor,Hard,1st Round,3,Badosa P.,Sasnovich A.,100,116,7,5,6,3,,,,,,,2,,13,8,Completed,1.5,2.54
2026-03-19,Miami Open,WTA1000,Outdoor,Hard,1st Round,3,Parks A.,Kraus S.,105,120,7,5,7,6,,,,,,,2,,14,11,Completed,1.68,2.14
2026-03-19,Miami Open,WTA1000,Outdoor,Hard,1st Round,3,Valentova T.,Volynets K.,49,95,6,2,6,4,,,,,,,2,,12,6,Completed,1.55,2.36
2026-03-19,Miami Open,WTA1000,Outdoor,Hard,1st Round,3,Kalieva E.,Galfi D.,154,87,6,3,6,7,7,6,,,,,2,1,19,16,Completed,2.15,1.68
2026-03-19,Miami Open,WTA1000,Outdoor,Hard,1st Round,3,Zakharova A.,Bondar A.,74,65,5,7,6,3,6,1,,,,,2,1,17,11,Completed,1.45,2.68
2026-03-19,Miami Open,WTA1000,Outdoor,Hard,1st Round,3,Starodubtseva Y.,Lys E.,108,77,6,1,6,4,,,,,,,2,,12,5,Completed,2.19,1.66
2026-03-19,Miami Open,WTA1000,Outdoor,Hard,1st Round,3,Cocciaretto E.,Semenistaja D.,44,103,6,4,6,1,,,,,,,2,,12,5,Completed,1.34,3.16
2026-03-19,Miami Open,WTA1000,Outdoor,Hard,1st Round,3,Jones F.,Williams V.,93,517,7,5,7,5,,,,,,,2,,14,10,Completed,1.47,2.62
2026-03-19,Miami Open,WTA1000,Outdoor,Hard,1st Round,3,Stearns P.,Golubic V.,47,84,7,6,6,4,,,,,,,2,,13,10,Completed,1.34,3.19
2026-03-19,Miami Open,WTA1000,Outdoor,Hard,1st Round,3,Tagger L.,Seidel E.,115,86,6,7,6,4,7,5,,,,,2,1,19,16,Completed,1.65,2.19
2026-03-19,Miami Open,WTA1000,Outdoor,Hard,1st Round,3,Selekhmeteva O.,Arango E.,71,109,6,3,4,6,6,3,,,,,2,1,16,12,Completed,1.38,2.97
2026-03-19,Miami Open,WTA1000,Outdoor,Hard,1st Round,3,Li A.,Birrell K.,39,70,6,2,2,6,6,3,,,,,2,1,14,11,Completed,1.99,1.78
2026-03-19,Miami Open,WTA1000,Outdoor,Hard,1st Round,3,Putintseva Y.,Tjen J.,75,40,3,6,6,3,6,4,,,,,2,1,15,13,Completed,2.04,1.74
2026-03-19,Miami Open,WTA1000,Outdoor,Hard,1st Round,3,Baptiste H.,Maria T.,45,59,7,5,6,2,,,,,,,2,,13,7,Completed,1.2,4.38
2026-03-19,Miami Open,WTA1000,Outdoor,Hard,1st Round,3,McNally C.,Masarova R.,72,113,6,2,7,5,,,,,,,2,,13,7,Completed,1.75,2.03
2026-03-19,Miami Open,WTA1000,Outdoor,Hard,1st Round,3,Rakhimova K.,Sierra S.,82,63,6,1,6,3,,,,,,,2,,12,4,Completed,1.41,2.82
2026-03-19,Miami Open,WTA1000,Outdoor,Hard,1st Round,3,Yastremska D.,Krueger A.,54,79,2,6,6,4,7,5,,,,,2,1,15,15,Completed,2.11,1.7
2026-03-19,Miami Open,WTA1000,Outdoor,Hard,1st Round,3,Townsend T.,Sun L.,80,111,7,6,6,3,,,,,,,2,,13,9,Completed,1.57,2.33
2026-03-19,Miami Open,WTA1000,Outdoor,Hard,1st Round,3,Ruse E.G.,Ruzic A.,73,55,7,5,7,6,,,,,,,2,,14,11,Completed,1.62,2.23
2026-03-19,Miami Open,WTA1000,Outdoor,Hard,1st Round,3,Jones E.,Fruhvirtova L.,147,121,3,6,7,6,7,6,,,,,2,1,17,18,Completed,1.95,1.82
2026-03-20,Miami Open,WTA1000,Outdoor,Hard,1st Round,3,Stephens S.,Brady J.,717,744,6,4,6,2,,,,,,,2,,12,6,Completed,2.8,1.41
2026-03-19,Miami Open,WTA1000,Outdoor,Hard,2nd Round,3,Eala A.,Siegemund L.,29,53,6,7,6,3,6,3,,,,,2,1,18,13,Completed,1.52,2.47
2026-03-19,Miami Open,WTA1000,Outdoor,Hard,2nd Round,3,Linette M.,Swiatek I.,50,3,1,6,7,5,6,3,,,,,2,1,14,14,Completed,12.25,1.03
2026-03-19,Miami Open,WTA1000,Outdoor,Hard,2nd Round,3,Bouzkova M.,Jacquemot E.,32,62,6,2,6,2,,,,,,,2,,12,4,Completed,1.29,3.5
2026-03-20,Miami Open,WTA1000,Outdoor,Hard,2nd Round,3,Andreeva M.,Kessler M.,10,51,6,1,6,7,6,1,,,,,2,1,18,9,Completed,1.22,4.15
2026-03-20,Miami Open,WTA1000,Outdoor,Hard,2nd Round,3,Mboko V.,Blinkova A.,9,92,6,2,6,0,,,,,,,2,,12,2,Completed,1.06,8.67
2026-03-20,Miami Open,WTA1000,Outdoor,Hard,2nd Round,3,Bencic B.,Sonmez Z.,12,83,6,3,6,2,,,,,,,2,,12,5,Completed,1.23,3.99
2026-03-20,Miami Open,WTA1000,Outdoor,Hard,2nd Round,3,Cirstea S.,Noskova L.,35,13,6,2,3,6,6,4,,,,,2,1,15,12,Completed,2.13,1.69
2026-03-20,Miami Open,WTA1000,Outdoor,Hard,2nd Round,3,Zakharova A.,Kalinskaya A.,74,21,3,6,6,1,7,5,,,,,2,1,16,12,Completed,2.9,1.4
2026-03-20,Miami Open,WTA1000,Outdoor,Hard,2nd Round,3,Shnaider D.,Valentova T.,20,49,7,6,7,6,,,,,,,2,,14,12,Completed,1.88,1.89
2026-03-20,Miami Open,WTA1000,Outdoor,Hard,2nd Round,3,Anisimova A.,Tomljanovic A.,6,81,6,1,5,7,6,4,,,,,2,1,17,12,Completed,1.14,5.55
2026-03-20,Miami Open,WTA1000,Outdoor,Hard,2nd Round,3,Parks A.,Sakkari M.,105,33,6,3,6,3,,,,,,,2,,12,6,Completed,3.46,1.29
2026-03-20,Miami Open,WTA1000,Outdoor,Hard,2nd Round,3,Boulter K.,Tauson C.,67,16,6,7,6,4,1,0,,,,,1,1,13,11,Retired,2.62,1.47
2026-03-20,Miami Open,WTA1000,Outdoor,Hard,2nd Round,3,Starodubtseva Y.,Bucsa C.,108,30,6,2,3,2,,,,,,,1,,9,4,Retired,2.44,1.54
2026-03-20,Miami Open,WTA1000,Outdoor,Hard,2nd Round,3,Mertens E.,Kalieva E.,19,154,6,2,6,0,,,,,,,2,,12,2,Completed,1.15,5.03
2026-03-20,Miami Open,WTA1000,Outdoor,Hard,2nd Round,3,Paolini J.,Townsend T.,7,80,6,3,1,6,6,2,,,,,2,1,13,11,Completed,1.69,2.13
2026-03-20,Miami Open,WTA1000,Outdoor,Hard,2nd Round,3,Muchova K.,Osorio M.,14,58,4,6,6,2,7,5,,,,,2,1,17,13,Completed,1.29,3.5
2026-03-20,Miami Open,WTA1000,Outdoor,Hard,2nd Round,3,Gauff C.,Cocciaretto E.,4,44,3,6,6,4,6,3,,,,,2,1,15,13,Completed,1.18,4.6
2026-03-20,Miami Open,WTA1000,Outdoor,Hard,2nd Round,3,Baptiste H.,Samsonova L.,45,22,6,3,7,5,,,,,,,2,,13,8,Completed,1.8,1.96
2026-03-20,Miami Open,WTA1000,Outdoor,Hard,2nd Round,3,Ostapenko J.,Yastremska D.,24,54,6,4,6,4,,,,,,,2,,12,8,Completed,1.6,2.27
2026-03-20,Miami Open,WTA1000,Outdoor,Hard,2nd Round,3,Alexandrova E.,Tagger L.,11,115,6,3,6,3,,,,,,,2,,12,6,Completed,1.38,2.94
2026-03-20,Miami Open,WTA1000,Outdoor,Hard,2nd Round,3,Svitolina E.,Jones E.,8,147,6,2,6,4,,,,,,,2,,12,6,Completed,1.09,7.06
2026-03-20,Miami Open,WTA1000,Outdoor,Hard,2nd Round,3,McNally C.,Wang Xin.,72,34,6,4,1,6,6,0,,,,,2,1,13,10,Completed,1.84,1.91
2026-03-21,Miami Open,WTA1000,Outdoor,Hard,2nd Round,3,Kostyuk M.,Rakhimova K.,28,82,6,2,6,4,,,,,,,2,,12,6,Completed,1.24,3.95
2026-03-21,Miami Open,WTA1000,Outdoor,Hard,2nd Round,3,Sabalenka A.,Li A.,1,39,7,6,6,4,,,,,,,2,,13,10,Completed,1.03,12.46
2026-03-21,Miami Open,WTA1000,Outdoor,Hard,2nd Round,3,Cristian J.,Stearns P.,36,47,6,4,7,5,,,,,,,2,,13,9,Completed,2.24,1.62
2026-03-21,Miami Open,WTA1000,Outdoor,Hard,2nd Round,3,Rybakina E.,Putintseva Y.,2,75,6,3,6,3,,,,,,,2,,12,6,Completed,1.11,6.38
2026-03-21,Miami Open,WTA1000,Outdoor,Hard,2nd Round,3,Jovic I.,Badosa P.,17,100,6,2,6,1,,,,,,,2,,12,3,Completed,1.57,2.32
2026-03-21,Miami Open,WTA1000,Outdoor,Hard,2nd Round,3,Fernandez L.A.,Selekhmeteva O.,25,71,7,6,3,6,6,1,,,,,2,1,16,13,Completed,1.48,2.58
2026-03-21,Miami Open,WTA1000,Outdoor,Hard,2nd Round,3,Pegula J.,Jones F.,5,93,6,1,3,0,,,,,,,1,,9,1,Retired,1.03,12.5
2026-03-21,Miami Open,WTA1000,Outdoor,Hard,2nd Round,3,Zheng Q.,Stephens S.,26,717,6,3,6,2,,,,,,,2,,12,5,Completed,1.13,5.69
2026-03-21,Miami Open,WTA1000,Outdoor,Hard,2nd Round,3,Keys M.,Ruse E.G.,18,73,6,0,6,3,,,,,,,2,,12,3,Completed,1.4,2.9
2026-03-21,Miami Open,WTA1000,Outdoor,Hard,2nd Round,3,Gibson T.,Osaka N.,68,15,7,5,6,4,,,,,,,2,,13,9,Completed,2.73,1.43
2026-03-21,Miami Open,WTA1000,Outdoor,Hard,3rd Round,3,Bencic B.,Shnaider D.,12,20,6,3,6,3,,,,,,,2,,12,6,Completed,1.39,2.96
2026-03-21,Miami Open,WTA1000,Outdoor,Hard,3rd Round,3,Andreeva M.,Bouzkova M.,10,32,7,6,6,2,,,,,,,2,,13,8,Completed,1.16,5.06
2026-03-21,Miami Open,WTA1000,Outdoor,Hard,3rd Round,3,Anisimova A.,Starodubtseva Y.,6,108,6,4,6,2,,,,,,,2,,12,6,Completed,1.1,6.63
2026-03-21,Miami Open,WTA1000,Outdoor,Hard,3rd Round,3,Mboko V.,Zakharova A.,9,74,6,1,7,5,,,,,,,2,,13,6,Completed,1.13,5.58
2026-03-21,Miami Open,WTA1000,Outdoor,Hard,3rd Round,3,Muchova K.,Boulter K.,14,67,6,3,7,5,,,,,,,2,,13,8,Completed,1.25,3.76
2026-03-21,Miami Open,WTA1000,Outdoor,Hard,3rd Round,3,Cirstea S.,Mertens E.,35,19,6,3,6,2,,,,,,,2,,12,5,Completed,1.98,1.79
2026-03-21,Miami Open,WTA1000,Outdoor,Hard,3rd Round,3,Eala A.,Linette M.,29,50,6,3,7,6,,,,,,,2,,13,9,Completed,1.67,2.15
2026-03-21,Miami Open,WTA1000,Outdoor,Hard,3rd Round,3,Gauff C.,Parks A.,4,105,3,6,6,0,6,1,,,,,2,1,15,7,Completed,1.11,6.63
2026-03-22,Miami Open,WTA1000,Outdoor,Hard,3rd Round,3,Cristian J.,Alexandrova E.,36,11,6,3,4,6,7,6,,,,,2,1,17,15,Completed,2.67,1.45
2026-03-22,Miami Open,WTA1000,Outdoor,Hard,3rd Round,3,Ostapenko J.,Paolini J.,24,7,5,7,6,2,7,5,,,,,2,1,18,14,Completed,2.16,1.67
2026-03-22,Miami Open,WTA1000,Outdoor,Hard,3rd Round,3,Pegula J.,Fernandez L.A.,5,25,6,2,6,2,,,,,,,2,,12,4,Completed,1.14,5.56
2026-03-22,Miami Open,WTA1000,Outdoor,Hard,3rd Round,3,Baptiste H.,Svitolina E.,45,8,6,3,7,5,,,,,,,2,,13,8,Completed,4.1,1.22
2026-03-22,Miami Open,WTA1000,Outdoor,Hard,3rd Round,3,Gibson T.,Jovic I.,68,17,6,2,6,2,,,,,,,2,,12,4,Completed,2.62,1.47
2026-03-22,Miami Open,WTA1000,Outdoor,Hard,3rd Round,3,Rybakina E.,Kostyuk M.,2,28,6,3,6,4,,,,,,,2,,12,7,Completed,1.21,4.33
2026-03-22,Miami Open,WTA1000,Outdoor,Hard,3rd Round,3,Zheng Q.,Keys M.,26,18,4,6,6,2,6,4,,,,,2,1,16,12,Completed,2.11,1.7
2026-03-22,Miami Open,WTA1000,Outdoor,Hard,3rd Round,3,Sabalenka A.,McNally C.,1,72,6,4,6,2,,,,,,,2,,12,6,Completed,1.05,10.06
2026-03-23,Miami Open,WTA1000,Outdoor,Hard,4th Round,3,Muchova K.,Eala A.,14,29,6,0,6,2,,,,,,,2,,12,2,Completed,1.24,3.87
2026-03-23,Miami Open,WTA1000,Outdoor,Hard,4th Round,3,Mboko V.,Andreeva M.,9,10,7,6,4,6,6,0,,,,,2,1,17,12,Completed,1.87,1.89
2026-03-23,Miami Open,WTA1000,Outdoor,Hard,4th Round,3,Gauff C.,Cirstea S.,4,35,6,4,3,6,6,2,,,,,2,1,15,12,Completed,1.51,2.5
2026-03-23,Miami Open,WTA1000,Outdoor,Hard,4th Round,3,Baptiste H.,Ostapenko J.,45,24,6,3,6,4,,,,,,,2,,12,7,Completed,1.87,1.88
2026-03-23,Miami Open,WTA1000,Outdoor,Hard,4th Round,3,Pegula J.,Cristian J.,5,36,6,4,6,1,,,,,,,2,,12,5,Completed,1.09,7.21
2026-03-23,Miami Open,WTA1000,Outdoor,Hard,4th Round,3,Sabalenka A.,Zheng Q.,1,26,6,3,6,4,,,,,,,2,,12,7,Completed,1.14,5.43
2026-03-24,Miami Open,WTA1000,Outdoor,Hard,4th Round,3,Bencic B.,Anisimova A.,12,6,6,2,6,2,,,,,,,2,,12,4,Completed,2.25,1.62
2026-03-24,Miami Open,WTA1000,Outdoor,Hard,4th Round,3,Rybakina E.,Gibson T.,2,68,6,2,6,2,,,,,,,2,,12,4,Completed,1.11,6.23
2026-03-24,Miami Open,WTA1000,Outdoor,Hard,Quarterfinals,3,Muchova K.,Mboko V.,14,9,7,5,7,6,,,,,,,2,,14,11,Completed,1.88,1.89
2026-03-24,Miami Open,WTA1000,Outdoor,Hard,Quarterfinals,3,Gauff C.,Bencic B.,4,12,6,3,1,6,6,3,,,,,2,1,13,12,Completed,1.95,1.82
2026-03-25,Miami Open,WTA1000,Outdoor,Hard,Quarterfinals,3,Rybakina E.,Pegula J.,2,5,2,6,6,3,6,4,,,,,2,1,14,13,Completed,1.43,2.75
2026-03-25,Miami Open,WTA1000,Outdoor,Hard,Quarterfinals,3,Sabalenka A.,Baptiste H.,1,45,6,4,6,4,,,,,,,2,,12,8,Completed,1.07,8.02
2026-03-26,Miami Open,WTA1000,Outdoor,Hard,Semifinals,3,Gauff C.,Muchova K.,4,14,6,1,6,1,,,,,,,2,,12,2,Completed,1.84,1.93
2026-03-27,Miami Open,WTA1000,Outdoor,Hard,Semifinals,3,Sabalenka A.,Rybakina E.,1,2,6,4,6,3,,,,,,,2,,12,7,Completed,1.72,2.09
2026-03-28,Miami Open,WTA1000,Outdoor,Hard,The Final,3,Sabalenka A.,Gauff C.,1,4,6,2,4,6,6,3,,,,,2,1,16,11,Completed,1.28,3.64
2026-03-30,Copa Colsanitas,WTA250,Outdoor,Clay,1st Round,3,Kawa K.,Monnet C.,132,171,6,1,6,0,,,,,,,2,,12,1,Completed,1.39,2.89
2026-03-30,Copa Colsanitas,WTA250,Outdoor,Clay,1st Round,3,Riera J.,Janicijevic S.,186,245,7,6,6,1,,,,,,,2,,13,7,Completed,1.46,2.66
2026-03-30,Copa Colsanitas,WTA250,Outdoor,Clay,1st Round,3,Pareja J.,Mandlik E.,269,174,6,3,6,3,,,,,,,2,,12,6,Completed,1.52,2.47
2026-03-30,Copa Colsanitas,WTA250,Outdoor,Clay,1st Round,3,Papamichail D.,Tikhonova A.,163,1178,6,3,6,1,,,,,,,2,,12,4,Completed,1.65,2.19
2026-03-30,Copa Colsanitas,WTA250,Outdoor,Clay,1st Round,3,Maria T.,Mediorreal A.V.,60,753,6,2,6,1,,,,,,,2,,12,3,Completed,1.03,12.3
2026-03-31,Copa Colsanitas,WTA250,Outdoor,Clay,1st Round,3,Udvardy P.,Torres Murcia M.C.,92,880,6,1,1,6,6,0,,,,,2,1,13,7,Completed,1.01,18.18
2026-03-31,Copa Colsanitas,WTA250,Outdoor,Clay,1st Round,3,Lepchenko V.,Karatancheva L.,155,288,3,6,6,3,6,2,,,,,2,1,15,11,Completed,1.49,2.54
2026-03-31,Copa Colsanitas,WTA250,Outdoor,Clay,1st Round,3,Semenistaja D.,Seidel E.,98,82,6,2,6,2,,,,,,,2,,12,4,Completed,1.95,1.81
2026-03-31,Copa Colsanitas,WTA250,Outdoor,Clay,1st Round,3,Maristany G.,Jones F.,178,101,6,1,6,1,,,,,,,2,,12,2,Completed,2.49,1.51
2026-03-31,Copa Colsanitas,WTA250,Outdoor,Clay,1st Round,3,Osorio M.,Dolehide C.,54,135,6,7,6,2,6,1,,,,,2,1,18,10,Completed,1.27,3.63
2026-03-31,Copa Colsanitas,WTA250,Outdoor,Clay,1st Round,3,Blinkova A.,Montgomery R.,99,368,6,2,6,3,,,,,,,2,,12,5,Completed,1.54,2.4
2026-03-31,Copa Colsanitas,WTA250,Outdoor,Clay,1st Round,3,Bouzas Maneiro J.,Rakotomanga Rajaonah T.,48,131,6,2,6,2,,,,,,,2,,12,4,Completed,1.23,4.1
2026-03-31,Copa Colsanitas,WTA250,Outdoor,Clay,1st Round,3,Ortenzi J.,Burillo Escorihuela I.,206,211,6,1,6,4,,,,,,,2,,12,5,Completed,1.38,2.94
2026-03-31,Copa Colsanitas,WTA250,Outdoor,Clay,1st Round,3,Arango E.,Carle M.,106,177,1,6,6,2,6,0,,,,,2,1,13,8,Completed,1.46,2.63
2026-03-31,Copa Colsanitas,WTA250,Outdoor,Clay,1st Round,3,Vandewinkel H.,Costoulas S.,96,134,6,3,2,6,6,3,,,,,2,1,14,12,Completed,1.45,2.67
2026-04-01,Copa Colsanitas,WTA250,Outdoor,Clay,1st Round,3,Bouzkova M.,Sanchez A.S.,26,231,6,0,6,2,,,,,,,2,,12,2,Completed,1.04,11.3
2026-04-01,Copa Colsanitas,WTA250,Outdoor,Clay,2nd Round,3,Semenistaja D.,Papamichail D.,98,163,6,1,1,6,6,2,,,,,2,1,13,9,Completed,1.3,3.4
2026-04-01,Copa Colsanitas,WTA250,Outdoor,Clay,2nd Round,3,Udvardy P.,Pareja J.,92,269,6,0,2,6,6,1,,,,,2,1,14,7,Completed,1.78,1.99
2026-04-01,Copa Colsanitas,WTA250,Outdoor,Clay,2nd Round,3,Kawa K.,Maria T.,132,60,6,3,6,3,,,,,,,2,,12,6,Completed,1.39,2.89
2026-04-02,Copa Colsanitas,WTA250,Outdoor,Clay,2nd Round,3,Riera J.,Blinkova A.,186,99,0,6,6,2,6,1,,,,,2,1,12,9,Completed,2.05,1.73
2026-04-02,Copa Colsanitas,WTA250,Outdoor,Clay,2nd Round,3,Arango E.,Maristany G.,106,178,7,5,6,2,,,,,,,2,,13,7,Completed,1.71,2.11
2026-04-02,Copa Colsanitas,WTA250,Outdoor,Clay,2nd Round,3,Ortenzi J.,Osorio M.,206,54,7,6,7,6,,,,,,,2,,14,12,Completed,5.88,1.12
2026-04-02,Copa Colsanitas,WTA250,Outdoor,Clay,2nd Round,3,Bouzkova M.,Vandewinkel H.,26,96,6,4,,,,,,,,,1,,6,4,Retired,1.43,2.75
2026-04-02,Copa Colsanitas,WTA250,Outdoor,Clay,2nd Round,3,Lepchenko V.,Bouzas Maneiro J.,155,48,6,0,2,6,7,5,,,,,2,1,15,11,Completed,4.63,1.18
2026-04-03,Copa Colsanitas,WTA250,Outdoor,Clay,Quarterfinals,3,Ortenzi J.,Riera J.,206,186,6,7,6,3,6,2,,,,,2,1,18,12,Completed,2.21,1.63
2026-04-03,Copa Colsanitas,WTA250,Outdoor,Clay,Quarterfinals,3,Bouzkova M.,Semenistaja D.,26,98,6,1,7,5,,,,,,,2,,13,6,Completed,1.34,3.16
2026-04-03,Copa Colsanitas,WTA250,Outdoor,Clay,Quarterfinals,3,Arango E.,Lepchenko V.,106,155,6,4,6,3,,,,,,,2,,12,7,Completed,1.44,2.69
2026-04-03,Copa Colsanitas,WTA250,Outdoor,Clay,Quarterfinals,3,Udvardy P.,Kawa K.,92,132,7,6,6,1,,,,,,,2,,13,7,Completed,2.26,1.6
2026-04-04,Copa Colsanitas,WTA250,Outdoor,Clay,Semifinals,3,Bouzkova M.,Ortenzi J.,26,206,7,6,6,2,,,,,,,2,,13,8,Completed,1.15,5.17
2026-04-04,Copa Colsanitas,WTA250,Outdoor,Clay,Semifinals,3,Udvardy P.,Arango E.,92,106,6,7,6,3,7,6,,,,,2,1,19,16,Completed,2.03,1.75
2026-04-05,Copa Colsanitas,WTA250,Outdoor,Clay,The Final,3,Bouzkova M.,Udvardy P.,26,92,6,7,6,2,6,2,,,,,2,1,18,11,Completed,1.33,3.21
2026-03-30,Charleston Open,WTA500,Outdoor,Clay,1st Round,3,Volynets K.,Lys E.,86,76,5,7,6,2,6,0,,,,,2,1,17,9,Completed,1.69,2.13
2026-03-30,Charleston Open,WTA500,Outdoor,Clay,1st Round,3,Putintseva Y.,Sun L.,72,105,7,6,6,2,,,,,,,2,,13,8,Completed,1.4,2.85
2026-03-30,Charleston Open,WTA500,Outdoor,Clay,1st Round,3,Yastremska D.,Zakharova A.,49,66,7,5,6,2,,,,,,,2,,13,7,Completed,1.64,2.21
2026-03-30,Charleston Open,WTA500,Outdoor,Clay,1st Round,3,Kessler M.,Kalieva E.,53,143,4,6,6,3,6,3,,,,,2,1,16,12,Completed,1.54,2.42
2026-03-30,Charleston Open,WTA500,Outdoor,Clay,1st Round,3,Urhobo A.,Sierra S.,273,65,7,5,3,0,,,,,,,1,,10,5,Retired,1.88,1.88
2026-03-30,Charleston Open,WTA500,Outdoor,Clay,1st Round,3,Zarazua R.,Stephens S.,85,554,6,2,6,0,,,,,,,2,,12,2,Completed,1.7,2.11
2026-03-30,Charleston Open,WTA500,Outdoor,Clay,1st Round,3,Tomova V.,Brady J.,169,689,6,4,6,3,,,,,,,2,,12,7,Completed,1.65,2.18
2026-03-30,Charleston Open,WTA500,Outdoor,Clay,1st Round,3,Bondar A.,Vidmanova D.,68,116,7,5,7,5,,,,,,,2,,14,10,Completed,1.53,2.44
2026-03-30,Charleston Open,WTA500,Outdoor,Clay,1st Round,3,Vekic D.,Tomljanovic A.,115,75,3,6,6,1,6,4,,,,,2,1,15,11,Completed,1.77,2.01
2026-03-31,Charleston Open,WTA500,Outdoor,Clay,1st Round,3,Parks A.,Stoiana M.,97,173,2,6,6,4,6,1,,,,,2,1,14,11,Completed,1.68,2.13
2026-03-31,Charleston Open,WTA500,Outdoor,Clay,1st Round,3,Andreescu B.,Galfi D.,140,84,1,6,6,4,6,1,,,,,2,1,13,11,Completed,1.7,2.11
2026-03-31,Charleston Open,WTA500,Outdoor,Clay,1st Round,3,Yuan Y.,Sherif M.,121,102,2,6,7,6,7,6,,,,,2,1,16,18,Completed,2.19,1.65
2026-03-31,Charleston Open,WTA500,Outdoor,Clay,1st Round,3,Starodubtseva Y.,Zhang S.,89,62,6,3,6,0,,,,,,,2,,12,3,Completed,1.52,2.47
2026-03-31,Charleston Open,WTA500,Outdoor,Clay,1st Round,3,Krueger A.,McNally C.,103,69,6,4,1,6,6,3,,,,,2,1,13,13,Completed,2.0,1.78
2026-03-31,Charleston Open,WTA500,Outdoor,Clay,1st Round,3,Badosa P.,Day K.,113,162,6,4,6,3,,,,,,,2,,12,7,Completed,1.29,3.53
2026-03-31,Charleston Open,WTA500,Outdoor,Clay,1st Round,3,Kudermetova P.,Oliynykova O.,156,71,3,6,7,6,6,4,,,,,2,1,16,16,Completed,2.08,1.72
2026-03-31,Charleston Open,WTA500,Outdoor,Clay,2nd Round,3,Kalinskaya A.,Tomova V.,22,169,6,2,6,4,,,,,,,2,,12,6,Completed,1.2,4.34
2026-03-31,Charleston Open,WTA500,Outdoor,Clay,2nd Round,3,Bejlek S.,Urhobo A.,40,273,6,1,6,1,,,,,,,2,,12,2,Completed,1.34,3.16
2026-03-31,Charleston Open,WTA500,Outdoor,Clay,2nd Round,3,Bencic B.,Yastremska D.,12,49,6,2,6,7,6,3,,,,,2,1,18,12,Completed,1.25,3.73
2026-04-01,Charleston Open,WTA500,Outdoor,Clay,2nd Round,3,Shnaider D.,Volynets K.,19,86,7,5,7,5,,,,,,,2,,14,10,Completed,1.41,2.82
2026-04-01,Charleston Open,WTA500,Outdoor,Clay,2nd Round,3,Kessler M.,Tjen J.,53,41,6,2,6,1,,,,,,,2,,12,3,Completed,1.66,2.17
2026-04-01,Charleston Open,WTA500,Outdoor,Clay,2nd Round,3,Cocciaretto E.,Yuan Y.,43,121,6,0,7,5,,,,,,,2,,13,5,Completed,1.29,3.53
2026-04-01,Charleston Open,WTA500,Outdoor,Clay,2nd Round,3,Jovic I.,Parks A.,16,97,6,3,6,2,,,,,,,2,,12,5,Completed,1.21,4.31
2026-04-01,Charleston Open,WTA500,Outdoor,Clay,2nd Round,3,Stearns P.,Krueger A.,46,103,7,6,7,5,,,,,,,2,,14,11,Completed,1.6,2.27
2026-04-01,Charleston Open,WTA500,Outdoor,Clay,2nd Round,3,Bondar A.,Frech M.,68,38,7,5,6,3,,,,,,,2,,13,8,Completed,1.87,1.88
2026-04-01,Charleston Open,WTA500,Outdoor,Clay,2nd Round,3,Pegula J.,Putintseva Y.,5,72,4,6,6,4,7,5,,,,,2,1,17,15,Completed,1.13,5.73
2026-04-01,Charleston Open,WTA500,Outdoor,Clay,2nd Round,3,Badosa P.,Sakkari M.,113,36,6,3,6,4,,,,,,,2,,12,7,Completed,1.81,1.96
2026-04-01,Charleston Open,WTA500,Outdoor,Clay,2nd Round,3,Fernandez L.A.,Kudermetova P.,24,156,6,2,6,1,,,,,,,2,,12,3,Completed,1.54,2.43
2026-04-01,Charleston Open,WTA500,Outdoor,Clay,2nd Round,3,Keys M.,Vekic D.,18,115,6,2,6,3,,,,,,,2,,12,5,Completed,1.33,3.26
2026-04-01,Charleston Open,WTA500,Outdoor,Clay,2nd Round,3,Kenin S.,Andreescu B.,47,140,6,4,6,4,,,,,,,2,,12,8,Completed,2.53,1.51
2026-04-01,Charleston Open,WTA500,Outdoor,Clay,2nd Round,3,Starodubtseva Y.,Gorgodze E.,89,164,3,6,6,1,6,2,,,,,2,1,15,9,Completed,1.19,4.46
2026-04-02,Charleston Open,WTA500,Outdoor,Clay,2nd Round,3,Zarazua R.,Baptiste H.,85,33,3,6,6,3,6,4,,,,,2,1,15,13,Completed,3.15,1.34
2026-04-02,Charleston Open,WTA500,Outdoor,Clay,3rd Round,3,Bencic B.,Bejlek S.,12,40,7,6,6,2,,,,,,,2,,13,8,Completed,1.45,2.68
2026-04-02,Charleston Open,WTA500,Outdoor,Clay,3rd Round,3,Kessler M.,Stearns P.,53,46,6,0,3,6,6,4,,,,,2,1,15,10,Completed,2.32,1.58
2026-04-02,Charleston Open,WTA500,Outdoor,Clay,3rd Round,3,Pegula J.,Cocciaretto E.,5,43,1,6,6,1,7,6,,,,,2,1,14,13,Completed,1.21,4.23
2026-04-02,Charleston Open,WTA500,Outdoor,Clay,3rd Round,3,Shnaider D.,Fernandez L.A.,19,24,6,3,6,0,,,,,,,2,,12,3,Completed,1.5,2.55
2026-04-02,Charleston Open,WTA500,Outdoor,Clay,3rd Round,3,Starodubtseva Y.,Zarazua R.,89,85,6,1,6,0,,,,,,,2,,12,1,Completed,1.69,2.14
2026-04-02,Charleston Open,WTA500,Outdoor,Clay,3rd Round,3,Keys M.,Bondar A.,18,68,6,2,7,5,,,,,,,2,,13,7,Completed,1.19,4.53
2026-04-02,Charleston Open,WTA500,Outdoor,Clay,3rd Round,3,Jovic I.,Kenin S.,16,47,7,5,7,5,,,,,,,2,,14,10,Completed,1.34,3.21
2026-04-03,Charleston Open,WTA500,Outdoor,Clay,3rd Round,3,Kalinskaya A.,Badosa P.,22,113,6,4,6,2,,,,,,,2,,12,6,Completed,2.26,1.61
2026-04-03,Charleston Open,WTA500,Outdoor,Clay,Quarterfinals,3,Pegula J.,Shnaider D.,5,19,3,6,6,3,6,2,,,,,2,1,15,11,Completed,1.37,3.02
2026-04-03,Charleston Open,WTA500,Outdoor,Clay,Quarterfinals,3,Keys M.,Bencic B.,18,12,4,6,6,3,6,2,,,,,2,1,16,11,Completed,2.05,1.74
2026-04-03,Charleston Open,WTA500,Outdoor,Clay,Quarterfinals,3,Jovic I.,Kalinskaya A.,16,22,6,3,6,4,,,,,,,2,,12,7,Completed,2.06,1.73
2026-04-03,Charleston Open,WTA500,Outdoor,Clay,Quarterfinals,3,Starodubtseva Y.,Kessler M.,89,53,6,4,6,4,,,,,,,2,,12,8,Completed,2.1,1.71
2026-04-04,Charleston Open,WTA500,Outdoor,Clay,Semifinals,3,Pegula J.,Jovic I.,5,16,6,4,5,7,6,3,,,,,2,1,17,14,Completed,1.37,3.0
2026-04-04,Charleston Open,WTA500,Outdoor,Clay,Semifinals,3,Starodubtseva Y.,Keys M.,89,18,6,1,6,4,,,,,,,2,,12,5,Completed,4.35,1.2
2026-04-05,Charleston Open,WTA500,Outdoor,Clay,The Final,3,Pegula J.,Starodubtseva Y.,5,89,6,2,6,2,,,,,,,2,,12,4,Completed,1.25,3.8
2026-04-06,Ladies Linz Open,WTA500,Indoor,Clay,1st Round,3,Galfi D.,Parks A.,103,93,6,3,6,3,,,,,,,2,,12,6,Completed,1.46,2.66
2026-04-06,Ladies Linz Open,WTA500,Indoor,Clay,1st Round,3,Ruse E.G.,Boulter K.,87,62,7,6,7,6,,,,,,,2,,14,12,Completed,1.69,2.13
2026-04-06,Ladies Linz Open,WTA500,Indoor,Clay,1st Round,3,Stephens S.,Maria T.,552,61,1,6,7,6,6,4,,,,,2,1,14,16,Completed,1.56,2.36
2026-04-07,Ladies Linz Open,WTA500,Indoor,Clay,1st Round,3,Yastremska D.,Li A.,49,36,7,5,4,6,6,3,,,,,2,1,17,14,Completed,1.57,2.34
2026-04-07,Ladies Linz Open,WTA500,Indoor,Clay,1st Round,3,Korpatsch T.,Cristian J.,109,33,4,6,6,1,6,4,,,,,2,1,16,11,Completed,2.71,1.44
2026-04-07,Ladies Linz Open,WTA500,Indoor,Clay,1st Round,3,Cirstea S.,Kraus S.,29,119,6,3,6,3,,,,,,,2,,12,6,Completed,1.22,4.12
2026-04-07,Ladies Linz Open,WTA500,Indoor,Clay,1st Round,3,Tagger L.,Badosa P.,117,102,6,4,7,6,,,,,,,2,,13,10,Completed,3.0,1.37
2026-04-07,Ladies Linz Open,WTA500,Indoor,Clay,1st Round,3,Vekic D.,Volynets K.,104,88,6,3,3,6,6,4,,,,,2,1,15,13,Completed,2.12,1.69
2026-04-07,Ladies Linz Open,WTA500,Indoor,Clay,1st Round,3,Eala A.,Grabher J.,46,89,6,4,6,3,,,,,,,2,,12,7,Completed,1.5,2.52
2026-04-07,Ladies Linz Open,WTA500,Indoor,Clay,1st Round,3,Pliskova Ka.,Sasnovich A.,258,115,6,4,6,4,,,,,,,2,,12,8,Completed,1.71,2.09
2026-04-08,Ladies Linz Open,WTA500,Indoor,Clay,1st Round,3,Kalinina A.,Udvardy P.,120,71,5,7,6,1,6,0,,,,,2,1,17,8,Completed,1.25,3.81
2026-04-08,Ladies Linz Open,WTA500,Indoor,Clay,1st Round,3,Potapova A.,Zhang S.,97,64,6,4,6,4,,,,,,,2,,12,8,Completed,1.36,3.07
2026-04-08,Ladies Linz Open,WTA500,Indoor,Clay,2nd Round,3,Ruse E.G.,Yastremska D.,87,49,4,6,6,4,6,4,,,,,2,1,16,14,Completed,1.98,1.79
2026-04-08,Ladies Linz Open,WTA500,Indoor,Clay,2nd Round,3,Ostapenko J.,Eala A.,23,46,6,4,7,5,,,,,,,2,,13,9,Completed,1.51,2.5
2026-04-08,Ladies Linz Open,WTA500,Indoor,Clay,2nd Round,3,Andreeva M.,Stephens S.,10,552,6,4,6,2,,,,,,,2,,12,6,Completed,1.05,9.43
2026-04-08,Ladies Linz Open,WTA500,Indoor,Clay,2nd Round,3,Cirstea S.,Galfi D.,29,103,5,0,,,,,,,,,,,5,0,Retired,1.23,3.94
2026-04-09,Ladies Linz Open,WTA500,Indoor,Clay,2nd Round,3,Tagger L.,Samsonova L.,117,21,6,2,7,6,,,,,,,2,,13,8,Completed,1.74,2.05
2026-04-09,Ladies Linz Open,WTA500,Indoor,Clay,2nd Round,3,Pliskova Ka.,Alexandrova E.,258,13,6,1,6,3,,,,,,,2,,12,4,Completed,3.35,1.31
2026-04-09,Ladies Linz Open,WTA500,Indoor,Clay,2nd Round,3,Potapova A.,Korpatsch T.,97,109,6,2,6,1,,,,,,,2,,12,3,Completed,1.53,2.45
2026-04-10,Ladies Linz Open,WTA500,Indoor,Clay,Quarterfinals,3,Ruse E.G.,Ostapenko J.,87,23,4,6,6,4,6,1,,,,,2,1,16,11,Completed,2.58,1.48
2026-04-10,Ladies Linz Open,WTA500,Indoor,Clay,Quarterfinals,3,Andreeva M.,Cirstea S.,10,29,7,6,4,6,6,2,,,,,2,1,17,14,Completed,1.38,2.95
2026-04-10,Ladies Linz Open,WTA500,Indoor,Clay,Quarterfinals,3,Potapova A.,Tagger L.,97,117,7,6,6,0,,,,,,,2,,13,6,Completed,2.1,1.71
2026-04-10,Ladies Linz Open,WTA500,Indoor,Clay,Quarterfinals,3,Vekic D.,Pliskova Ka.,104,258,7,5,6,4,,,,,,,2,,13,9,Completed,1.95,1.83
2026-04-11,Ladies Linz Open,WTA500,Indoor,Clay,Semifinals,3,Andreeva M.,Ruse E.G.,10,87,6,4,6,1,,,,,,,2,,12,5,Completed,1.15,5.24
2026-04-11,Ladies Linz Open,WTA500,Indoor,Clay,Semifinals,3,Potapova A.,Vekic D.,97,104,6,4,6,2,,,,,,,2,,12,6,Completed,1.63,2.25
2026-04-12,Ladies Linz Open,WTA500,Indoor,Clay,The Final,3,Andreeva M.,Potapova A.,10,97,1,6,6,4,6,3,,,,,2,1,13,13,Completed,1.25,3.83
2026-04-13,Open de Rouen,WTA250,Indoor,Clay,1st Round,3,Li A.,Kasatkina D.,36,70,6,7,6,2,6,4,,,,,2,1,18,13,Completed,1.76,2.01
2026-04-13,Open de Rouen,WTA250,Indoor,Clay,1st Round,3,Rakhimova K.,Kalieva E.,72,140,6,3,7,6,,,,,,,2,,13,9,Completed,1.55,2.36
2026-04-13,Open de Rouen,WTA250,Indoor,Clay,1st Round,3,Podrez V.,Stephens S.,206,552,6,2,6,1,,,,,,,2,,12,3,Completed,1.76,2.01
2026-04-13,Open de Rouen,WTA250,Indoor,Clay,1st Round,3,Boulter K.,Timofeeva M.,62,153,6,2,6,2,,,,,,,2,,12,4,Completed,1.44,2.68
2026-04-14,Open de Rouen,WTA250,Indoor,Clay,1st Round,3,Salkova D.,Blinkova A.,124,90,7,5,6,1,,,,,,,2,,13,6,Completed,1.72,2.06
2026-04-14,Open de Rouen,WTA250,Indoor,Clay,1st Round,3,Shymanovich I.,Fruhvirtova L.,182,143,6,3,7,5,,,,,,,2,,13,8,Completed,1.9,1.86
2026-04-14,Open de Rouen,WTA250,Indoor,Clay,1st Round,3,Kostyuk M.,Parry D.,27,95,6,1,6,4,,,,,,,2,,12,5,Completed,1.18,4.64
2026-04-14,Open de Rouen,WTA250,Indoor,Clay,1st Round,3,McNally C.,Volynets K.,69,88,1,6,6,1,6,1,,,,,2,1,13,8,Completed,2.03,1.74
2026-04-14,Open de Rouen,WTA250,Indoor,Clay,1st Round,3,Wang Xin.,Paquet C.,32,236,3,6,6,4,6,3,,,,,2,1,15,13,Completed,1.34,3.16
2026-04-14,Open de Rouen,WTA250,Indoor,Clay,1st Round,3,Cocciaretto E.,Charaeva A.,42,126,6,3,4,6,6,2,,,,,2,1,16,11,Completed,1.24,3.88
2026-04-14,Open de Rouen,WTA250,Indoor,Clay,1st Round,3,Cristian J.,Rakotomanga Rajaonah T.,33,136,2,6,7,6,7,5,,,,,2,1,16,17,Completed,1.15,5.17
2026-04-14,Open de Rouen,WTA250,Indoor,Clay,1st Round,3,Baptiste H.,Ponchet J.,35,170,3,6,7,6,6,2,,,,,2,1,16,14,Completed,1.12,5.8
2026-04-15,Open de Rouen,WTA250,Indoor,Clay,1st Round,3,Oliynykova O.,Tagger L.,68,117,6,3,4,6,6,4,,,,,2,1,16,13,Completed,2.15,1.68
2026-04-15,Open de Rouen,WTA250,Indoor,Clay,1st Round,3,Bondar A.,Tan H.,63,202,6,2,4,6,6,0,,,,,2,1,16,8,Completed,1.2,4.35
2026-04-15,Open de Rouen,WTA250,Indoor,Clay,1st Round,3,Maria T.,Jacquemot E.,61,59,6,4,6,3,,,,,,,2,,12,7,Completed,3.03,1.36
2026-04-15,Open de Rouen,WTA250,Indoor,Clay,1st Round,3,Cirstea S.,Ferro F.,29,216,6,3,6,7,7,6,,,,,2,1,19,16,Completed,1.12,6.0
2026-04-15,Open de Rouen,WTA250,Indoor,Clay,2nd Round,3,Li A.,Rakhimova K.,36,72,4,6,6,2,6,3,,,,,2,1,16,11,Completed,1.41,2.83
2026-04-15,Open de Rouen,WTA250,Indoor,Clay,2nd Round,3,Kostyuk M.,McNally C.,27,69,2,6,6,2,6,1,,,,,2,1,14,9,Completed,1.21,4.27
2026-04-15,Open de Rouen,WTA250,Indoor,Clay,2nd Round,3,Boulter K.,Cristian J.,62,33,7,6,4,6,6,1,,,,,2,1,17,13,Completed,1.67,2.16
2026-04-16,Open de Rouen,WTA250,Indoor,Clay,2nd Round,3,Maria T.,Salkova D.,61,124,6,3,6,2,,,,,,,2,,12,5,Completed,2.94,1.38
2026-04-16,Open de Rouen,WTA250,Indoor,Clay,2nd Round,3,Shymanovich I.,Baptiste H.,182,35,6,3,5,7,6,3,,,,,2,1,17,13,Completed,3.95,1.23
2026-04-16,Open de Rouen,WTA250,Indoor,Clay,2nd Round,3,Podrez V.,Cocciaretto E.,206,42,7,6,4,6,6,4,,,,,2,1,17,16,Completed,3.68,1.27
2026-04-16,Open de Rouen,WTA250,Indoor,Clay,2nd Round,3,Cirstea S.,Wang Xin.,29,32,5,3,,,,,,,,,,,5,3,Retired,1.25,3.78
2026-04-16,Open de Rouen,WTA250,Indoor,Clay,2nd Round,3,Bondar A.,Oliynykova O.,63,68,6,0,4,6,6,0,,,,,2,1,16,6,Completed,1.91,1.86
2026-04-17,Open de Rouen,WTA250,Indoor,Clay,Quarterfinals,3,Maria T.,Shymanovich I.,61,182,7,6,6,2,,,,,,,2,,13,8,Completed,2.19,1.66
2026-04-17,Open de Rouen,WTA250,Indoor,Clay,Quarterfinals,3,Podrez V.,Boulter K.,206,62,6,4,6,1,,,,,,,2,,12,5,Completed,2.59,1.49
2026-04-17,Open de Rouen,WTA250,Indoor,Clay,Quarterfinals,3,Kostyuk M.,Li A.,27,36,6,0,6,7,6,3,,,,,2,1,18,10,Completed,1.24,3.87
2026-04-17,Open de Rouen,WTA250,Indoor,Clay,Quarterfinals,3,Cirstea S.,Bondar A.,29,63,7,6,6,2,,,,,,,2,,13,8,Completed,1.38,2.92
2026-04-18,Open de Rouen,WTA250,Indoor,Clay,Semifinals,3,Kostyuk M.,Maria T.,27,61,6,3,6,0,,,,,,,2,,12,3,Completed,1.07,7.63
2026-04-19,Open de Rouen,WTA250,Indoor,Clay,The Final,3,Kostyuk M.,Podrez V.,27,206,6,3,6,4,,,,,,,2,,12,7,Completed,1.14,5.27
2026-04-13,Porsche Tennis Grand Prix,WTA500,Indoor,Clay,1st Round,3,Siegemund L.,Tomova V.,51,155,4,6,7,6,6,1,,,,,2,1,17,13,Completed,1.58,2.31
2026-04-13,Porsche Tennis Grand Prix,WTA500,Indoor,Clay,1st Round,3,Samsonova L.,Ruzic A.,21,57,6,0,6,4,,,,,,,2,,12,4,Completed,1.4,2.86
2026-04-14,Porsche Tennis Grand Prix,WTA500,Indoor,Clay,1st Round,3,Muchova K.,Sasnovich A.,12,115,6,2,6,4,,,,,,,2,,12,6,Completed,1.24,3.87
2026-04-14,Porsche Tennis Grand Prix,WTA500,Indoor,Clay,1st Round,3,Mertens E.,Seidel E.,20,85,6,3,6,4,,,,,,,2,,12,7,Completed,1.14,5.52
2026-04-14,Porsche Tennis Grand Prix,WTA500,Indoor,Clay,1st Round,3,Alexandrova E.,Knutson G.,13,223,6,2,6,2,,,,,,,2,,12,4,Completed,1.11,6.25
2026-04-14,Porsche Tennis Grand Prix,WTA500,Indoor,Clay,1st Round,3,Fernandez L.A.,Eala A.,25,46,6,1,6,4,,,,,,,2,,12,5,Completed,1.57,2.34
2026-04-14,Porsche Tennis Grand Prix,WTA500,Indoor,Clay,1st Round,3,Lys E.,Badosa P.,75,102,2,6,7,5,6,4,,,,,2,1,15,15,Completed,3.24,1.33
2026-04-14,Porsche Tennis Grand Prix,WTA500,Indoor,Clay,1st Round,3,Shnaider D.,Korpatsch T.,19,109,6,3,6,1,,,,,,,2,,12,4,Completed,1.18,4.55
2026-04-15,Porsche Tennis Grand Prix,WTA500,Indoor,Clay,1st Round,3,Sonmez Z.,Paolini J.,76,8,6,2,6,2,,,,,,,2,,12,4,Completed,4.05,1.23
2026-04-15,Porsche Tennis Grand Prix,WTA500,Indoor,Clay,1st Round,3,Parks A.,Noha Akugue N.,93,192,6,4,6,2,,,,,,,2,,12,6,Completed,1.52,2.48
2026-04-15,Porsche Tennis Grand Prix,WTA500,Indoor,Clay,1st Round,3,Noskova L.,Zhang S.,14,64,5,7,6,1,6,4,,,,,2,1,17,12,Completed,1.13,5.72
2026-04-15,Porsche Tennis Grand Prix,WTA500,Indoor,Clay,1st Round,3,Andreeva M.,Ostapenko J.,10,23,5,7,6,2,6,4,,,,,2,1,17,13,Completed,1.31,3.34
2026-04-15,Porsche Tennis Grand Prix,WTA500,Indoor,Clay,2nd Round,3,Swiatek I.,Siegemund L.,4,51,6,2,6,3,,,,,,,2,,12,5,Completed,1.03,12.12
2026-04-15,Porsche Tennis Grand Prix,WTA500,Indoor,Clay,2nd Round,3,Svitolina E.,Lys E.,7,75,6,1,6,0,,,,,,,2,,12,1,Completed,1.18,4.6
2026-04-16,Porsche Tennis Grand Prix,WTA500,Indoor,Clay,2nd Round,3,Muchova K.,Mertens E.,12,20,1,6,6,3,6,0,,,,,2,1,13,9,Completed,1.41,2.81
2026-04-16,Porsche Tennis Grand Prix,WTA500,Indoor,Clay,2nd Round,3,Noskova L.,Alexandrova E.,14,13,6,1,6,1,,,,,,,2,,12,2,Completed,1.68,2.13
2026-04-16,Porsche Tennis Grand Prix,WTA500,Indoor,Clay,2nd Round,3,Andreeva M.,Parks A.,10,93,7,6,6,3,,,,,,,2,,13,9,Completed,1.08,7.38
2026-04-16,Porsche Tennis Grand Prix,WTA500,Indoor,Clay,2nd Round,3,Rybakina E.,Shnaider D.,2,19,6,3,6,4,,,,,,,2,,12,7,Completed,1.23,4.03
2026-04-16,Porsche Tennis Grand Prix,WTA500,Indoor,Clay,2nd Round,3,Gauff C.,Samsonova L.,3,21,7,5,6,1,,,,,,,2,,13,6,Completed,1.16,4.83
2026-04-16,Porsche Tennis Grand Prix,WTA500,Indoor,Clay,2nd Round,3,Fernandez L.A.,Sonmez Z.,25,76,6,7,6,1,7,6,,,,,2,1,19,14,Completed,1.43,3.27
2026-04-17,Porsche Tennis Grand Prix,WTA500,Indoor,Clay,Quarterfinals,3,Svitolina E.,Noskova L.,7,14,7,6,7,5,,,,,,,2,,14,11,Completed,1.51,2.51
2026-04-17,Porsche Tennis Grand Prix,WTA500,Indoor,Clay,Quarterfinals,3,Muchova K.,Gauff C.,12,3,6,3,5,7,6,3,,,,,2,1,17,13,Completed,3.2,1.34
2026-04-17,Porsche Tennis Grand Prix,WTA500,Indoor,Clay,Quarterfinals,3,Andreeva M.,Swiatek I.,10,4,3,6,6,4,6,3,,,,,2,1,15,13,Completed,2.58,1.48
2026-04-17,Porsche Tennis Grand Prix,WTA500,Indoor,Clay,Quarterfinals,3,Rybakina E.,Fernandez L.A.,2,25,6,7,6,4,7,6,,,,,2,1,19,17,Completed,1.07,7.73
2026-04-18,Porsche Tennis Grand Prix,WTA500,Indoor,Clay,Semifinals,3,Muchova K.,Svitolina E.,12,7,6,4,2,6,6,4,,,,,2,1,14,14,Completed,2.14,1.68
2026-04-18,Porsche Tennis Grand Prix,WTA500,Indoor,Clay,Semifinals,3,Rybakina E.,Andreeva M.,2,10,7,5,6,1,,,,,,,2,,13,6,Completed,1.73,2.06
2026-04-19,Porsche Tennis Grand Prix,WTA500,Indoor,Clay,The Final,3,Rybakina E.,Muchova K.,2,12,7,5,6,1,,,,,,,2,,13,6,Completed,1.4,2.87
2026-04-21,Mutua Madrid Open,WTA1000,Outdoor,Clay,1st Round,3,Marcinko P.,Jimenez Kasintseva V.,74,115,6,0,7,5,,,,,,,2,,13,5,Completed,1.36,3.07
2026-04-21,Mutua Madrid Open,WTA1000,Outdoor,Clay,1st Round,3,Samson L.,Maria T.,171,54,6,4,6,2,,,,,,,2,,12,6,Completed,1.73,2.06
2026-04-21,Mutua Madrid Open,WTA1000,Outdoor,Clay,1st Round,3,Siegemund L.,Begu I.,47,182,6,4,6,0,,,,,,,2,,12,4,Completed,1.43,2.73
2026-04-21,Mutua Madrid Open,WTA1000,Outdoor,Clay,1st Round,3,Bouzas Maneiro J.,Haddad Maia B.,50,69,6,1,6,1,,,,,,,2,,12,2,Completed,1.43,2.77
2026-04-21,Mutua Madrid Open,WTA1000,Outdoor,Clay,1st Round,3,Grabher J.,Badosa P.,107,103,7,6,4,6,6,0,,,,,2,1,17,12,Completed,5.18,1.15
2026-04-21,Mutua Madrid Open,WTA1000,Outdoor,Clay,1st Round,3,Bondar A.,Golubic V.,63,81,6,2,6,3,,,,,,,2,,12,5,Completed,1.2,4.39
2026-04-21,Mutua Madrid Open,WTA1000,Outdoor,Clay,1st Round,3,Linette M.,Montgomery R.,57,339,6,4,6,3,,,,,,,2,,12,7,Completed,1.59,2.3
2026-04-21,Mutua Madrid Open,WTA1000,Outdoor,Clay,1st Round,3,Quevedo K.,Williams V.,140,479,6,2,6,4,,,,,,,2,,12,6,Completed,1.2,4.31
2026-04-21,Mutua Madrid Open,WTA1000,Outdoor,Clay,1st Round,3,Osorio M.,Zakharova A.,83,79,6,0,6,3,,,,,,,2,,12,3,Completed,1.36,3.06
2026-04-21,Mutua Madrid Open,WTA1000,Outdoor,Clay,1st Round,3,Stearns P.,Boisson L.,43,46,6,1,6,3,,,,,,,2,,12,4,Completed,1.37,3.0
2026-04-22,Mutua Madrid Open,WTA1000,Outdoor,Clay,1st Round,3,Ruse E.G.,Ruzic A.,71,59,6,3,4,6,6,0,,,,,2,1,16,9,Completed,1.35,3.08
2026-04-22,Mutua Madrid Open,WTA1000,Outdoor,Clay,1st Round,3,Sonmez Z.,Martinez Cirez C.,67,352,7,5,6,2,,,,,,,2,,13,7,Completed,1.05,9.59
2026-04-22,Mutua Madrid Open,WTA1000,Outdoor,Clay,1st Round,3,Udvardy P.,Birrell K.,78,82,6,4,1,6,6,1,,,,,2,1,13,11,Completed,1.53,2.47
2026-04-22,Mutua Madrid Open,WTA1000,Outdoor,Clay,1st Round,3,Zhang S.,Lys E.,65,72,6,4,6,3,,,,,,,2,,12,7,Completed,2.68,1.45
2026-04-22,Mutua Madrid Open,WTA1000,Outdoor,Clay,1st Round,3,Snigur D.,Kasatkina D.,98,75,6,3,3,6,7,6,,,,,2,1,16,15,Completed,2.34,1.57
2026-04-22,Mutua Madrid Open,WTA1000,Outdoor,Clay,1st Round,3,Galfi D.,Tomljanovic A.,117,85,7,6,6,4,,,,,,,2,,13,10,Completed,1.99,1.78
2026-04-22,Mutua Madrid Open,WTA1000,Outdoor,Clay,1st Round,3,Parks A.,Cocciaretto E.,84,41,6,3,6,2,,,,,,,2,,12,5,Completed,2.76,1.43
2026-04-22,Mutua Madrid Open,WTA1000,Outdoor,Clay,1st Round,3,Starodubtseva Y.,Uchijima M.,53,94,6,3,1,6,6,3,,,,,2,1,13,12,Completed,1.48,2.58
2026-04-22,Mutua Madrid Open,WTA1000,Outdoor,Clay,1st Round,3,Eala A.,Pavlyuchenkova A.,44,116,6,3,6,3,,,,,,,2,,12,6,Completed,1.57,2.35
2026-04-22,Mutua Madrid Open,WTA1000,Outdoor,Clay,1st Round,3,Kalinina A.,Rakhimova K.,110,73,6,2,5,7,6,2,,,,,2,1,17,11,Completed,1.46,2.65
2026-04-22,Mutua Madrid Open,WTA1000,Outdoor,Clay,1st Round,3,Arango E.,Gibson T.,86,58,6,3,6,2,,,,,,,2,,12,5,Completed,1.98,1.8
2026-04-22,Mutua Madrid Open,WTA1000,Outdoor,Clay,1st Round,3,Tjen J.,Charaeva A.,39,129,6,4,6,2,,,,,,,2,,12,6,Completed,2.04,1.75
2026-04-22,Mutua Madrid Open,WTA1000,Outdoor,Clay,1st Round,3,Putintseva Y.,Valentova T.,80,51,6,4,4,6,6,3,,,,,2,1,16,13,Completed,2.16,1.66
2026-04-22,Mutua Madrid Open,WTA1000,Outdoor,Clay,1st Round,3,Sierra S.,Yastremska D.,88,49,7,6,7,6,,,,,,,2,,14,12,Completed,3.61,1.28
2026-04-22,Mutua Madrid Open,WTA1000,Outdoor,Clay,1st Round,3,Waltert S.,Oliynykova O.,97,70,7,5,6,0,,,,,,,2,,13,5,Completed,1.95,1.81
2026-04-22,Mutua Madrid Open,WTA1000,Outdoor,Clay,1st Round,3,Pliskova Ka.,Kraus S.,197,104,2,6,6,1,6,4,,,,,2,1,14,11,Completed,1.81,1.96
2026-04-22,Mutua Madrid Open,WTA1000,Outdoor,Clay,1st Round,3,Jeanjean L.,Selekhmeteva O.,126,77,6,4,6,1,,,,,,,2,,12,5,Completed,2.47,1.52
2026-04-22,Mutua Madrid Open,WTA1000,Outdoor,Clay,1st Round,3,Kenin S.,Krueger A.,68,108,7,6,6,4,,,,,,,2,,13,10,Completed,2.03,1.76
2026-04-22,Mutua Madrid Open,WTA1000,Outdoor,Clay,1st Round,3,Boulter K.,Townsend T.,61,90,6,4,6,2,,,,,,,2,,12,6,Completed,1.96,1.8
2026-04-22,Mutua Madrid Open,WTA1000,Outdoor,Clay,1st Round,3,Siniakova K.,Kalieva E.,42,134,6,3,6,4,,,,,,,2,,12,7,Completed,1.45,2.71
2026-04-22,Mutua Madrid Open,WTA1000,Outdoor,Clay,1st Round,3,McNally C.,Volynets K.,76,101,6,1,6,2,,,,,,,2,,12,3,Completed,1.71,2.11
2026-04-22,Mutua Madrid Open,WTA1000,Outdoor,Clay,1st Round,3,Grant T.C.,Jacquemot E.,262,62,6,1,6,2,,,,,,,2,,12,3,Completed,1.68,2.13
2026-04-23,Mutua Madrid Open,WTA1000,Outdoor,Clay,2nd Round,3,Bencic B.,Marcinko P.,12,74,6,4,6,2,,,,,,,2,,12,6,Completed,1.2,4.41
2026-04-23,Mutua Madrid Open,WTA1000,Outdoor,Clay,2nd Round,3,Bondar A.,Svitolina E.,63,7,6,3,6,4,,,,,,,2,,12,7,Completed,5.2,1.15
2026-04-23,Mutua Madrid Open,WTA1000,Outdoor,Clay,2nd Round,3,Cristian J.,Starodubtseva Y.,33,53,3,6,7,6,6,4,,,,,2,1,16,16,Completed,2.2,1.66
2026-04-23,Mutua Madrid Open,WTA1000,Outdoor,Clay,2nd Round,3,Samson L.,Wang Xin.,171,31,2,6,6,3,6,0,,,,,2,1,14,9,Completed,2.0,1.77
2026-04-23,Mutua Madrid Open,WTA1000,Outdoor,Clay,2nd Round,3,Shnaider D.,Bouzas Maneiro J.,19,50,3,6,7,5,6,1,,,,,2,1,16,12,Completed,1.33,3.3
2026-04-23,Mutua Madrid Open,WTA1000,Outdoor,Clay,2nd Round,3,Swiatek I.,Snigur D.,4,98,6,1,6,2,,,,,,,2,,12,3,Completed,1.02,15.08
2026-04-23,Mutua Madrid Open,WTA1000,Outdoor,Clay,2nd Round,3,Galfi D.,Kalinskaya A.,117,22,6,3,6,3,,,,,,,2,,12,6,Completed,2.66,1.46
2026-04-23,Mutua Madrid Open,WTA1000,Outdoor,Clay,2nd Round,3,Kalinina A.,Bouzkova M.,110,24,6,4,6,3,,,,,,,2,,12,7,Completed,2.05,1.75
2026-04-23,Mutua Madrid Open,WTA1000,Outdoor,Clay,2nd Round,3,Paolini J.,Siegemund L.,9,47,3,6,6,2,6,4,,,,,2,1,15,12,Completed,1.42,2.77
2026-04-23,Mutua Madrid Open,WTA1000,Outdoor,Clay,2nd Round,3,Sabalenka A.,Stearns P.,1,43,7,5,6,3,,,,,,,2,,13,8,Completed,1.04,11.44
2026-04-23,Mutua Madrid Open,WTA1000,Outdoor,Clay,2nd Round,3,Li A.,Parks A.,34,84,6,2,6,7,6,3,,,,,2,1,18,12,Completed,1.68,2.15
2026-04-23,Mutua Madrid Open,WTA1000,Outdoor,Clay,2nd Round,3,Osaka N.,Osorio M.,15,83,6,2,7,5,,,,,,,2,,13,7,Completed,1.88,1.88
2026-04-23,Mutua Madrid Open,WTA1000,Outdoor,Clay,2nd Round,3,Jovic I.,Linette M.,16,57,6,4,6,1,,,,,,,2,,12,5,Completed,1.51,2.53
2026-04-23,Mutua Madrid Open,WTA1000,Outdoor,Clay,2nd Round,3,Fernandez L.A.,Grabher J.,25,107,6,2,6,3,,,,,,,2,,12,5,Completed,1.18,4.8
2026-04-23,Mutua Madrid Open,WTA1000,Outdoor,Clay,2nd Round,3,Andreeva M.,Udvardy P.,8,78,7,5,6,2,,,,,,,2,,13,7,Completed,1.04,10.96
2026-04-23,Mutua Madrid Open,WTA1000,Outdoor,Clay,2nd Round,3,Baptiste H.,Quevedo K.,32,140,6,1,6,4,,,,,,,2,,12,5,Completed,1.42,2.78
2026-04-24,Mutua Madrid Open,WTA1000,Outdoor,Clay,2nd Round,3,Sierra S.,Frech M.,88,38,6,2,6,4,,,,,,,2,,12,6,Completed,2.23,1.63
2026-04-24,Mutua Madrid Open,WTA1000,Outdoor,Clay,2nd Round,3,Pliskova Ka.,Sakkari M.,197,37,6,4,7,6,,,,,,,2,,13,10,Completed,2.22,1.64
2026-04-24,Mutua Madrid Open,WTA1000,Outdoor,Clay,2nd Round,3,Potapova A.,Zhang S.,56,65,6,3,6,1,,,,,,,2,,12,4,Completed,1.3,3.5
2026-04-24,Mutua Madrid Open,WTA1000,Outdoor,Clay,2nd Round,3,Zheng Q.,Kenin S.,36,68,1,6,6,3,6,3,,,,,2,1,13,12,Completed,1.24,3.93
2026-04-24,Mutua Madrid Open,WTA1000,Outdoor,Clay,2nd Round,3,Sonmez Z.,Bucsa C.,67,30,6,1,6,7,6,2,,,,,2,1,18,10,Completed,1.53,2.45
2026-04-24,Mutua Madrid Open,WTA1000,Outdoor,Clay,2nd Round,3,Samsonova L.,Tjen J.,20,39,6,2,6,1,,,,,,,2,,12,3,Completed,1.46,2.65
2026-04-24,Mutua Madrid Open,WTA1000,Outdoor,Clay,2nd Round,3,Mertens E.,Eala A.,21,44,6,2,6,1,,,,,,,2,,12,3,Completed,1.35,3.12
2026-04-24,Mutua Madrid Open,WTA1000,Outdoor,Clay,2nd Round,3,Rybakina E.,Ruse E.G.,2,71,4,6,6,3,7,5,,,,,2,1,17,14,Completed,1.05,10.09
2026-04-24,Mutua Madrid Open,WTA1000,Outdoor,Clay,2nd Round,3,Ostapenko J.,Waltert S.,40,97,6,2,7,5,,,,,,,2,,13,7,Completed,1.59,2.31
2026-04-24,Mutua Madrid Open,WTA1000,Outdoor,Clay,2nd Round,3,Cirstea S.,Grant T.C.,26,262,6,2,7,6,,,,,,,2,,13,8,Completed,1.32,3.31
2026-04-24,Mutua Madrid Open,WTA1000,Outdoor,Clay,2nd Round,3,Noskova L.,Arango E.,13,86,6,3,6,2,,,,,,,2,,12,5,Completed,1.13,5.7
2026-04-24,Mutua Madrid Open,WTA1000,Outdoor,Clay,2nd Round,3,Kostyuk M.,Putintseva Y.,23,80,6,1,6,3,,,,,,,2,,12,4,Completed,1.25,3.81
2026-04-24,Mutua Madrid Open,WTA1000,Outdoor,Clay,2nd Round,3,Siniakova K.,Blinkova A.,42,89,6,2,6,2,,,,,,,2,,12,4,Completed,1.01,30.0
2026-04-24,Mutua Madrid Open,WTA1000,Outdoor,Clay,2nd Round,3,Gauff C.,Jeanjean L.,3,126,6,3,6,0,,,,,,,2,,12,3,Completed,1.04,11.5
2026-04-24,Mutua Madrid Open,WTA1000,Outdoor,Clay,2nd Round,3,McNally C.,Mboko V.,76,10,6,4,6,1,,,,,,,2,,12,5,Completed,3.36,1.31
2026-04-24,Mutua Madrid Open,WTA1000,Outdoor,Clay,2nd Round,3,Pegula J.,Boulter K.,5,61,6,4,6,4,,,,,,,2,,12,8,Completed,1.13,5.7
2026-04-25,Mutua Madrid Open,WTA1000,Outdoor,Clay,3rd Round,3,Bencic B.,Shnaider D.,12,19,6,2,7,6,,,,,,,2,,13,8,Completed,1.55,2.41
2026-04-25,Mutua Madrid Open,WTA1000,Outdoor,Clay,3rd Round,3,Bondar A.,Samson L.,63,171,7,6,6,1,,,,,,,2,,13,7,Completed,1.29,3.52
2026-04-25,Mutua Madrid Open,WTA1000,Outdoor,Clay,3rd Round,3,Fernandez L.A.,Jovic I.,25,16,3,6,6,3,6,2,,,,,2,1,15,11,Completed,2.29,1.6
2026-04-25,Mutua Madrid Open,WTA1000,Outdoor,Clay,3rd Round,3,Andreeva M.,Galfi D.,8,117,6,3,6,2,,,,,,,2,,12,5,Completed,1.11,6.38
2026-04-25,Mutua Madrid Open,WTA1000,Outdoor,Clay,3rd Round,3,Li A.,Swiatek I.,34,4,7,6,2,6,3,0,,,,,1,1,12,12,Retired,8.88,1.06
2026-04-25,Mutua Madrid Open,WTA1000,Outdoor,Clay,3rd Round,3,Baptiste H.,Paolini J.,32,9,7,5,6,3,,,,,,,2,,13,8,Completed,2.24,1.63
2026-04-25,Mutua Madrid Open,WTA1000,Outdoor,Clay,3rd Round,3,Sabalenka A.,Cristian J.,1,33,6,1,6,4,,,,,,,2,,12,5,Completed,1.03,12.71
2026-04-25,Mutua Madrid Open,WTA1000,Outdoor,Clay,3rd Round,3,Osaka N.,Kalinina A.,15,110,6,1,6,3,,,,,,,2,,12,4,Completed,1.02,28.44
2026-04-26,Mutua Madrid Open,WTA1000,Outdoor,Clay,3rd Round,3,Gauff C.,Cirstea S.,3,26,4,6,7,5,6,1,,,,,2,1,17,12,Completed,1.23,3.98
2026-04-26,Mutua Madrid Open,WTA1000,Outdoor,Clay,3rd Round,3,Sierra S.,Sonmez Z.,88,67,0,6,6,2,6,3,,,,,2,1,12,11,Completed,2.42,1.54
2026-04-26,Mutua Madrid Open,WTA1000,Outdoor,Clay,3rd Round,3,McNally C.,Siniakova K.,76,42,6,3,2,6,7,6,,,,,2,1,15,15,Completed,1.73,2.07
2026-04-26,Mutua Madrid Open,WTA1000,Outdoor,Clay,3rd Round,3,Pliskova Ka.,Mertens E.,197,21,7,5,2,6,7,6,,,,,2,1,16,17,Completed,3.14,1.35
2026-04-26,Mutua Madrid Open,WTA1000,Outdoor,Clay,3rd Round,3,Kostyuk M.,Pegula J.,23,5,6,1,6,4,,,,,,,2,,12,5,Completed,2.19,1.66
2026-04-26,Mutua Madrid Open,WTA1000,Outdoor,Clay,3rd Round,3,Rybakina E.,Zheng Q.,2,36,4,6,6,4,6,3,,,,,2,1,16,13,Completed,1.25,3.86
2026-04-26,Mutua Madrid Open,WTA1000,Outdoor,Clay,3rd Round,3,Potapova A.,Ostapenko J.,56,40,4,6,6,4,6,4,,,,,2,1,16,14,Completed,1.97,1.8
2026-04-27,Mutua Madrid Open,WTA1000,Outdoor,Clay,4th Round,3,Baptiste H.,Bencic B.,32,12,6,1,6,7,6,3,,,,,2,1,18,11,Completed,3.09,1.35
2026-04-27,Mutua Madrid Open,WTA1000,Outdoor,Clay,4th Round,3,Fernandez L.A.,Li A.,25,34,6,3,6,2,,,,,,,2,,12,5,Completed,1.59,2.3
2026-04-27,Mutua Madrid Open,WTA1000,Outdoor,Clay,4th Round,3,Sabalenka A.,Osaka N.,1,15,6,7,6,3,6,2,,,,,2,1,18,12,Completed,1.13,5.65
2026-04-27,Mutua Madrid Open,WTA1000,Outdoor,Clay,4th Round,3,Pliskova Ka.,Sierra S.,197,88,6,4,6,3,,,,,,,2,,12,7,Completed,1.6,2.27
2026-04-27,Mutua Madrid Open,WTA1000,Outdoor,Clay,4th Round,3,Andreeva M.,Bondar A.,8,63,6,7,6,3,7,6,,,,,2,1,19,16,Completed,1.21,4.19
2026-04-27,Mutua Madrid Open,WTA1000,Outdoor,Clay,4th Round,3,Noskova L.,Gauff C.,13,3,6,4,1,6,7,6,,,,,2,1,14,16,Completed,2.39,1.55
2026-04-27,Mutua Madrid Open,WTA1000,Outdoor,Clay,4th Round,3,Kostyuk M.,McNally C.,23,76,6,2,6,3,,,,,,,2,,12,5,Completed,1.16,4.99
2026-04-27,Mutua Madrid Open,WTA1000,Outdoor,Clay,4th Round,3,Potapova A.,Rybakina E.,56,2,7,6,6,4,,,,,,,2,,13,10,Completed,5.6,1.13
2026-04-28,Mutua Madrid Open,WTA1000,Outdoor,Clay,Quarterfinals,3,Andreeva M.,Fernandez L.A.,8,25,7,6,6,3,,,,,,,2,,13,9,Completed,1.38,3.0
2026-04-28,Mutua Madrid Open,WTA1000,Outdoor,Clay,Quarterfinals,3,Baptiste H.,Sabalenka A.,32,1,2,6,6,2,7,6,,,,,2,1,15,14,Completed,6.73,1.1
2026-04-29,Mutua Madrid Open,WTA1000,Outdoor,Clay,Quarterfinals,3,Potapova A.,Pliskova Ka.,56,197,6,1,6,7,6,3,,,,,2,1,18,11,Completed,1.53,2.44
2026-04-29,Mutua Madrid Open,WTA1000,Outdoor,Clay,Quarterfinals,3,Kostyuk M.,Noskova L.,23,13,7,6,6,0,,,,,,,2,,13,6,Completed,1.48,2.59
2026-04-30,Mutua Madrid Open,WTA1000,Outdoor,Clay,Semifinals,3,Andreeva M.,Baptiste H.,8,32,6,4,7,6,,,,,,,2,,13,10,Completed,1.47,2.65
2026-04-30,Mutua Madrid Open,WTA1000,Outdoor,Clay,Semifinals,3,Kostyuk M.,Potapova A.,23,56,6,2,1,6,6,1,,,,,2,1,13,9,Completed,1.34,3.2
2026-05-02,Mutua Madrid Open,WTA1000,Outdoor,Clay,The Final,3,Kostyuk M.,Andreeva M.,23,8,6,3,7,5,,,,,,,2,,13,8,Completed,2.18,1.68
2026-05-05,Internazionali BNL d'Italia,WTA1000,Outdoor,Clay,1st Round,3,Krejcikova B.,Jacquemot E.,53,64,6,2,6,4,,,,,,,2,,12,6,Completed,1.52,2.48
2026-05-05,Internazionali BNL d'Italia,WTA1000,Outdoor,Clay,1st Round,3,Zheng Q.,Bondar A.,32,58,3,6,6,3,6,4,,,,,2,1,15,13,Completed,1.37,2.98
2026-05-05,Internazionali BNL d'Italia,WTA1000,Outdoor,Clay,1st Round,3,Oliynykova O.,Marcinko P.,68,69,6,1,6,3,,,,,,,2,,12,4,Completed,2.09,1.72
2026-05-05,Internazionali BNL d'Italia,WTA1000,Outdoor,Clay,1st Round,3,Andreescu B.,Kenin S.,137,74,6,4,7,5,,,,,,,2,,13,9,Completed,1.77,2.0
2026-05-05,Internazionali BNL d'Italia,WTA1000,Outdoor,Clay,1st Round,3,Ruzic A.,Rakhimova K.,59,76,6,4,1,6,6,3,,,,,2,1,13,13,Completed,1.97,1.79
2026-05-05,Internazionali BNL d'Italia,WTA1000,Outdoor,Clay,1st Round,3,Kessler M.,Bronzetti L.,50,173,6,3,5,7,6,4,,,,,2,1,17,14,Completed,1.52,2.5
2026-05-05,Internazionali BNL d'Italia,WTA1000,Outdoor,Clay,1st Round,3,Zakharova A.,Yastremska D.,81,52,4,6,7,5,7,6,,,,,2,1,18,17,Completed,3.21,1.34
2026-05-05,Internazionali BNL d'Italia,WTA1000,Outdoor,Clay,1st Round,3,Sonmez Z.,Ruggeri J.,65,265,4,6,6,2,6,2,,,,,2,1,16,10,Completed,1.11,6.28
2026-05-05,Internazionali BNL d'Italia,WTA1000,Outdoor,Clay,1st Round,3,Gibson T.,Trevisan M.,62,516,6,4,0,6,6,3,,,,,2,1,12,13,Completed,1.45,2.68
2026-05-05,Internazionali BNL d'Italia,WTA1000,Outdoor,Clay,1st Round,3,Li A.,Zhang S.,29,73,1,6,6,4,6,2,,,,,2,1,13,12,Completed,1.26,3.73
2026-05-06,Internazionali BNL d'Italia,WTA1000,Outdoor,Clay,1st Round,3,Maria T.,Linette M.,54,55,6,0,6,3,,,,,,,2,,12,3,Completed,3.52,1.29
2026-05-06,Internazionali BNL d'Italia,WTA1000,Outdoor,Clay,1st Round,3,Udvardy P.,Korneeva A.,71,122,6,2,7,6,,,,,,,2,,13,8,Completed,1.75,2.03
2026-05-06,Internazionali BNL d'Italia,WTA1000,Outdoor,Clay,1st Round,3,Ostapenko J.,Stefanini L.,36,154,6,0,6,1,,,,,,,2,,12,1,Completed,1.08,7.75
2026-05-06,Internazionali BNL d'Italia,WTA1000,Outdoor,Clay,1st Round,3,Eala A.,Frech M.,42,45,6,0,3,6,6,4,,,,,2,1,15,10,Completed,1.78,1.98
2026-05-06,Internazionali BNL d'Italia,WTA1000,Outdoor,Clay,1st Round,3,Jeanjean L.,Haddad Maia B.,127,78,7,6,6,4,,,,,,,2,,13,10,Completed,1.64,2.22
2026-05-06,Internazionali BNL d'Italia,WTA1000,Outdoor,Clay,1st Round,3,Siniakova K.,Boisson L.,39,43,6,2,6,3,,,,,,,2,,12,5,Completed,1.32,3.32
2026-05-06,Internazionali BNL d'Italia,WTA1000,Outdoor,Clay,1st Round,3,Grant T.C.,Pigato L.,234,141,1,6,6,2,6,4,,,,,2,1,13,12,Completed,1.9,1.87
2026-05-06,Internazionali BNL d'Italia,WTA1000,Outdoor,Clay,1st Round,3,Golubic V.,Urgesi F.,90,410,6,1,6,1,,,,,,,2,,12,2,Completed,1.5,2.56
2026-05-06,Internazionali BNL d'Italia,WTA1000,Outdoor,Clay,1st Round,3,Siegemund L.,Bejlek S.,46,37,6,4,6,4,,,,,,,2,,12,8,Completed,2.48,1.52
2026-05-06,Internazionali BNL d'Italia,WTA1000,Outdoor,Clay,1st Round,3,Sierra S.,Korpatsch T.,72,87,6,3,6,1,,,,,,,2,,12,4,Completed,1.61,2.27
2026-05-06,Internazionali BNL d'Italia,WTA1000,Outdoor,Clay,1st Round,3,Townsend T.,Brancaccio N.,96,171,6,3,6,2,,,,,,,2,,12,5,Completed,1.27,3.68
2026-05-06,Internazionali BNL d'Italia,WTA1000,Outdoor,Clay,1st Round,3,Stearns P.,Tjen J.,49,40,6,4,6,4,,,,,,,2,,12,8,Completed,1.41,2.83
2026-05-06,Internazionali BNL d'Italia,WTA1000,Outdoor,Clay,1st Round,3,Sakkari M.,Tagger L.,47,92,5,7,6,3,6,0,,,,,2,1,17,10,Completed,1.63,2.22
2026-05-06,Internazionali BNL d'Italia,WTA1000,Outdoor,Clay,1st Round,3,Valentova T.,Putintseva Y.,48,77,6,3,6,2,,,,,,,2,,12,5,Completed,1.65,2.19
2026-05-06,Internazionali BNL d'Italia,WTA1000,Outdoor,Clay,1st Round,3,Potapova A.,Galfi D.,38,119,5,7,6,2,6,4,,,,,2,1,17,13,Completed,1.35,3.11
2026-05-06,Internazionali BNL d'Italia,WTA1000,Outdoor,Clay,1st Round,3,Masarova R.,Selekhmeteva O.,160,84,7,5,5,7,6,1,,,,,2,1,18,13,Completed,1.66,2.17
2026-05-06,Internazionali BNL d'Italia,WTA1000,Outdoor,Clay,1st Round,3,Lys E.,Boulter K.,80,60,6,4,3,6,6,4,,,,,2,1,15,14,Completed,2.24,1.63
2026-05-06,Internazionali BNL d'Italia,WTA1000,Outdoor,Clay,1st Round,3,Pliskova Ka.,Bouzas Maneiro J.,130,51,4,6,6,3,7,5,,,,,2,1,17,14,Completed,1.58,2.32
2026-05-06,Internazionali BNL d'Italia,WTA1000,Outdoor,Clay,1st Round,3,Cocciaretto E.,Kraus S.,41,103,6,2,6,4,,,,,,,2,,12,6,Completed,1.7,2.1
2026-05-06,Internazionali BNL d'Italia,WTA1000,Outdoor,Clay,1st Round,3,McNally C.,Kasatkina D.,63,66,6,2,6,3,,,,,,,2,,12,5,Completed,1.97,1.79
2026-05-07,Internazionali BNL d'Italia,WTA1000,Outdoor,Clay,1st Round,3,Basiletti N.,Tomljanovic A.,427,88,7,5,6,4,,,,,,,2,,13,9,Completed,2.95,1.45
2026-05-07,Internazionali BNL d'Italia,WTA1000,Outdoor,Clay,1st Round,3,Waltert S.,Starodubtseva Y.,91,57,7,5,4,6,6,1,,,,,2,1,17,12,Completed,2.1,1.72
2026-05-07,Internazionali BNL d'Italia,WTA1000,Outdoor,Clay,2nd Round,3,Zheng Q.,Bucsa C.,32,31,7,6,6,2,,,,,,,2,,13,8,Completed,1.14,5.54
2026-05-07,Internazionali BNL d'Italia,WTA1000,Outdoor,Clay,2nd Round,3,Andreeva M.,Ruzic A.,7,59,6,1,6,0,,,,,,,2,,12,1,Completed,1.07,7.92
2026-05-07,Internazionali BNL d'Italia,WTA1000,Outdoor,Clay,2nd Round,3,Mertens E.,Udvardy P.,22,71,6,4,6,2,,,,,,,2,,12,6,Completed,1.22,4.06
2026-05-07,Internazionali BNL d'Italia,WTA1000,Outdoor,Clay,2nd Round,3,Paolini J.,Jeanjean L.,8,127,6,7,6,2,6,4,,,,,2,1,18,13,Completed,1.2,4.35
2026-05-07,Internazionali BNL d'Italia,WTA1000,Outdoor,Clay,2nd Round,3,Noskova L.,Zakharova A.,13,81,6,4,6,1,,,,,,,2,,12,5,Completed,1.13,5.56
2026-05-07,Internazionali BNL d'Italia,WTA1000,Outdoor,Clay,2nd Round,3,Cirstea S.,Maria T.,27,54,6,2,6,0,,,,,,,2,,12,2,Completed,1.11,6.29
2026-05-07,Internazionali BNL d'Italia,WTA1000,Outdoor,Clay,2nd Round,3,Oliynykova O.,Tauson C.,68,18,6,1,3,1,,,,,,,1,,9,2,Retired,2.04,1.75
2026-05-07,Internazionali BNL d'Italia,WTA1000,Outdoor,Clay,2nd Round,3,Golubic V.,Joint M.,90,34,7,5,6,2,,,,,,,2,,13,7,Completed,1.84,1.92
2026-05-07,Internazionali BNL d'Italia,WTA1000,Outdoor,Clay,2nd Round,3,Kalinskaya A.,Siniakova K.,24,39,4,6,7,6,7,5,,,,,2,1,18,17,Completed,1.99,1.79
2026-05-07,Internazionali BNL d'Italia,WTA1000,Outdoor,Clay,2nd Round,3,Gauff C.,Valentova T.,4,48,6,3,6,4,,,,,,,2,,12,7,Completed,1.22,4.06
2026-05-07,Internazionali BNL d'Italia,WTA1000,Outdoor,Clay,2nd Round,3,Ostapenko J.,Ruse E.G.,36,67,2,6,6,2,6,3,,,,,2,1,14,11,Completed,1.59,2.33
2026-05-07,Internazionali BNL d'Italia,WTA1000,Outdoor,Clay,2nd Round,3,Bencic B.,Andreescu B.,12,137,6,4,6,1,,,,,,,2,,12,5,Completed,1.25,3.78
2026-05-07,Internazionali BNL d'Italia,WTA1000,Outdoor,Clay,2nd Round,3,Townsend T.,Bouzkova M.,96,26,6,3,7,5,,,,,,,2,,13,8,Completed,1.79,1.98
2026-05-07,Internazionali BNL d'Italia,WTA1000,Outdoor,Clay,2nd Round,3,Sierra S.,Kalinina A.,72,93,6,2,6,3,,,,,,,2,,12,5,Completed,2.81,1.41
2026-05-07,Internazionali BNL d'Italia,WTA1000,Outdoor,Clay,2nd Round,3,Jovic I.,Kessler M.,17,50,7,6,7,6,,,,,,,2,,14,12,Completed,1.32,3.31
2026-05-07,Internazionali BNL d'Italia,WTA1000,Outdoor,Clay,2nd Round,3,Sabalenka A.,Krejcikova B.,1,53,6,2,6,3,,,,,,,2,,12,5,Completed,1.05,10.08
2026-05-08,Internazionali BNL d'Italia,WTA1000,Outdoor,Clay,2nd Round,3,Eala A.,Wang Xin.,42,33,6,4,6,3,,,,,,,2,,12,7,Completed,1.72,2.09
2026-05-08,Internazionali BNL d'Italia,WTA1000,Outdoor,Clay,2nd Round,3,Shnaider D.,Gibson T.,20,62,5,7,6,1,6,1,,,,,2,1,17,9,Completed,1.15,5.31
2026-05-08,Internazionali BNL d'Italia,WTA1000,Outdoor,Clay,2nd Round,3,Swiatek I.,McNally C.,3,63,6,1,6,7,6,3,,,,,2,1,18,11,Completed,1.09,6.98
2026-05-08,Internazionali BNL d'Italia,WTA1000,Outdoor,Clay,2nd Round,3,Samsonova L.,Li A.,21,29,6,4,6,3,,,,,,,2,,12,7,Completed,1.7,2.12
2026-05-08,Internazionali BNL d'Italia,WTA1000,Outdoor,Clay,2nd Round,3,Potapova A.,Muchova K.,38,11,6,3,6,2,,,,,,,2,,12,5,Completed,2.74,1.43
2026-05-08,Internazionali BNL d'Italia,WTA1000,Outdoor,Clay,2nd Round,3,Keys M.,Stearns P.,19,49,4,6,6,4,6,2,,,,,2,1,16,12,Completed,1.58,2.32
2026-05-08,Internazionali BNL d'Italia,WTA1000,Outdoor,Clay,2nd Round,3,Osaka N.,Lys E.,16,80,6,4,4,6,6,3,,,,,2,1,16,13,Completed,1.29,3.48
2026-05-08,Internazionali BNL d'Italia,WTA1000,Outdoor,Clay,2nd Round,3,Pegula J.,Sonmez Z.,5,65,6,4,6,0,,,,,,,2,,12,4,Completed,1.21,4.27
2026-05-08,Internazionali BNL d'Italia,WTA1000,Outdoor,Clay,2nd Round,3,Siegemund L.,Alexandrova E.,46,14,6,4,6,7,6,1,,,,,2,1,18,12,Completed,1.96,1.81
2026-05-08,Internazionali BNL d'Italia,WTA1000,Outdoor,Clay,2nd Round,3,Baptiste H.,Waltert S.,25,91,6,7,6,4,6,4,,,,,2,1,18,15,Completed,1.4,2.86
2026-05-08,Internazionali BNL d'Italia,WTA1000,Outdoor,Clay,2nd Round,3,Bartunkova N.,Grant T.C.,94,234,4,6,6,3,6,4,,,,,2,1,16,13,Completed,1.59,2.31
2026-05-08,Internazionali BNL d'Italia,WTA1000,Outdoor,Clay,2nd Round,3,Svitolina E.,Basiletti N.,10,427,6,1,6,3,,,,,,,2,,12,4,Completed,1.04,10.5
2026-05-08,Internazionali BNL d'Italia,WTA1000,Outdoor,Clay,2nd Round,3,Pliskova Ka.,Cristian J.,130,28,6,7,7,6,6,4,,,,,2,1,19,17,Completed,1.72,2.09
2026-05-08,Internazionali BNL d'Italia,WTA1000,Outdoor,Clay,2nd Round,3,Masarova R.,Fernandez L.A.,160,23,4,6,6,4,6,4,,,,,2,1,16,14,Completed,2.79,1.42
2026-05-08,Internazionali BNL d'Italia,WTA1000,Outdoor,Clay,2nd Round,3,Cocciaretto E.,Navarro E.,41,35,6,3,6,3,,,,,,,2,,12,6,Completed,1.42,2.83
2026-05-08,Internazionali BNL d'Italia,WTA1000,Outdoor,Clay,2nd Round,3,Rybakina E.,Sakkari M.,2,47,6,4,6,1,,,,,,,2,,12,5,Completed,1.1,6.56
2026-05-09,Internazionali BNL d'Italia,WTA1000,Outdoor,Clay,3rd Round,3,Gauff C.,Sierra S.,4,72,5,7,6,0,6,4,,,,,2,1,17,11,Completed,1.08,7.58
2026-05-09,Internazionali BNL d'Italia,WTA1000,Outdoor,Clay,3rd Round,3,Noskova L.,Oliynykova O.,13,68,6,1,6,3,,,,,,,2,,12,4,Completed,1.28,3.54
2026-05-09,Internazionali BNL d'Italia,WTA1000,Outdoor,Clay,3rd Round,3,Mertens E.,Paolini J.,22,8,4,6,7,6,6,3,,,,,2,1,17,15,Completed,1.76,2.03
2026-05-09,Internazionali BNL d'Italia,WTA1000,Outdoor,Clay,3rd Round,3,Ostapenko J.,Zheng Q.,36,32,4,6,6,4,6,4,,,,,2,1,16,14,Completed,2.71,1.44
2026-05-09,Internazionali BNL d'Italia,WTA1000,Outdoor,Clay,3rd Round,3,Cirstea S.,Sabalenka A.,27,1,2,6,6,3,7,5,,,,,2,1,15,14,Completed,5.78,1.13
2026-05-09,Internazionali BNL d'Italia,WTA1000,Outdoor,Clay,3rd Round,3,Andreeva M.,Golubic V.,7,90,6,1,4,6,6,0,,,,,2,1,16,7,Completed,1.03,12.56
2026-05-09,Internazionali BNL d'Italia,WTA1000,Outdoor,Clay,3rd Round,3,Jovic I.,Townsend T.,17,96,7,5,6,2,,,,,,,2,,13,7,Completed,1.73,2.06
2026-05-09,Internazionali BNL d'Italia,WTA1000,Outdoor,Clay,3rd Round,3,Kalinskaya A.,Bencic B.,24,12,6,4,6,3,,,,,,,2,,12,7,Completed,3.39,1.31
2026-05-10,Internazionali BNL d'Italia,WTA1000,Outdoor,Clay,3rd Round,3,Bartunkova N.,Keys M.,94,19,6,3,1,6,6,4,,,,,2,1,13,13,Completed,3.27,1.33
2026-05-10,Internazionali BNL d'Italia,WTA1000,Outdoor,Clay,3rd Round,3,Svitolina E.,Baptiste H.,10,25,6,1,6,2,,,,,,,2,,12,3,Completed,1.39,2.91
2026-05-10,Internazionali BNL d'Italia,WTA1000,Outdoor,Clay,3rd Round,3,Pegula J.,Masarova R.,5,160,6,0,6,0,,,,,,,2,,12,0,Completed,1.14,5.5
2026-05-10,Internazionali BNL d'Italia,WTA1000,Outdoor,Clay,3rd Round,3,Potapova A.,Samsonova L.,38,21,6,3,6,2,,,,,,,2,,12,5,Completed,1.52,2.47
2026-05-10,Internazionali BNL d'Italia,WTA1000,Outdoor,Clay,3rd Round,3,Osaka N.,Shnaider D.,16,20,6,1,6,2,,,,,,,2,,12,3,Completed,1.91,1.85
2026-05-10,Internazionali BNL d'Italia,WTA1000,Outdoor,Clay,3rd Round,3,Rybakina E.,Eala A.,2,42,6,4,6,3,,,,,,,2,,12,7,Completed,1.05,9.75
2026-05-10,Internazionali BNL d'Italia,WTA1000,Outdoor,Clay,3rd Round,3,Swiatek I.,Cocciaretto E.,3,41,6,1,6,0,,,,,,,2,,12,1,Completed,1.1,6.45
2026-05-10,Internazionali BNL d'Italia,WTA1000,Outdoor,Clay,3rd Round,3,Pliskova Ka.,Siegemund L.,130,46,6,1,6,4,,,,,,,2,,12,5,Completed,1.78,1.99
2026-05-11,Internazionali BNL d'Italia,WTA1000,Outdoor,Clay,4th Round,3,Cirstea S.,Noskova L.,27,13,6,2,6,4,,,,,,,2,,12,6,Completed,1.98,1.8
2026-05-11,Internazionali BNL d'Italia,WTA1000,Outdoor,Clay,4th Round,3,Gauff C.,Jovic I.,4,17,5,7,7,5,6,2,,,,,2,1,18,14,Completed,1.31,3.41
2026-05-11,Internazionali BNL d'Italia,WTA1000,Outdoor,Clay,4th Round,3,Ostapenko J.,Kalinskaya A.,36,24,6,1,6,2,,,,,,,2,,12,3,Completed,1.76,2.01
2026-05-11,Internazionali BNL d'Italia,WTA1000,Outdoor,Clay,4th Round,3,Andreeva M.,Mertens E.,7,22,6,3,6,3,,,,,,,2,,12,6,Completed,1.32,3.26
2026-05-11,Internazionali BNL d'Italia,WTA1000,Outdoor,Clay,4th Round,3,Svitolina E.,Bartunkova N.,10,94,6,2,6,3,,,,,,,2,,12,5,Completed,1.14,5.46
2026-05-11,Internazionali BNL d'Italia,WTA1000,Outdoor,Clay,4th Round,3,Pegula J.,Potapova A.,5,38,7,6,6,2,,,,,,,2,,13,8,Completed,1.46,2.63
2026-05-11,Internazionali BNL d'Italia,WTA1000,Outdoor,Clay,4th Round,3,Swiatek I.,Osaka N.,3,16,6,2,6,1,,,,,,,2,,12,3,Completed,1.29,3.48
2026-05-11,Internazionali BNL d'Italia,WTA1000,Outdoor,Clay,4th Round,3,Rybakina E.,Pliskova Ka.,2,130,6,0,6,2,,,,,,,2,,12,2,Completed,1.11,6.26
2026-05-12,Internazionali BNL d'Italia,WTA1000,Outdoor,Clay,Quarterfinals,3,Cirstea S.,Ostapenko J.,27,36,6,1,7,6,,,,,,,2,,13,7,Completed,1.62,2.26
2026-05-12,Internazionali BNL d'Italia,WTA1000,Outdoor,Clay,Quarterfinals,3,Gauff C.,Andreeva M.,4,7,4,6,6,2,6,4,,,,,2,1,16,12,Completed,1.91,1.85
2026-05-13,Internazionali BNL d'Italia,WTA1000,Outdoor,Clay,Quarterfinals,3,Swiatek I.,Pegula J.,3,5,6,1,6,2,,,,,,,2,,12,3,Completed,1.37,3.01
2026-05-13,Internazionali BNL d'Italia,WTA1000,Outdoor,Clay,Quarterfinals,3,Svitolina E.,Rybakina E.,10,2,2,6,6,4,6,4,,,,,2,1,14,14,Completed,2.96,1.38
2026-05-14,Internazionali BNL d'Italia,WTA1000,Outdoor,Clay,Semifinals,3,Gauff C.,Cirstea S.,4,27,6,4,6,3,,,,,,,2,,12,7,Completed,1.42,2.81
2026-05-14,Internazionali BNL d'Italia,WTA1000,Outdoor,Clay,Semifinals,3,Svitolina E.,Swiatek I.,10,3,6,4,2,6,6,2,,,,,2,1,14,12,Completed,3.8,1.25
2026-05-16,Internazionali BNL d'Italia,WTA1000,Outdoor,Clay,The Final,3,Svitolina E.,Gauff C.,10,4,6,4,6,7,6,2,,,,,2,1,18,13,Completed,2.2,1.65
2026-05-18,Morocco Open,WTA250,Outdoor,Clay,1st Round,3,Teichmann J.,Grabher J.,207,123,6,4,7,6,,,,,,,2,,13,10,Completed,2.05,1.73
2026-05-18,Morocco Open,WTA250,Outdoor,Clay,1st Round,3,Udvardy P.,Vandewinkel H.,68,102,6,4,6,2,,,,,,,2,,12,6,Completed,1.72,2.06
2026-05-18,Morocco Open,WTA250,Outdoor,Clay,1st Round,3,Kalinina A.,Waltert S.,84,93,6,3,6,4,,,,,,,2,,12,7,Completed,1.45,2.66
2026-05-18,Morocco Open,WTA250,Outdoor,Clay,1st Round,3,Marcinko P.,Zvonareva V.,76,326,6,2,6,4,,,,,,,2,,12,6,Completed,1.5,2.54
2026-05-18,Morocco Open,WTA250,Outdoor,Clay,1st Round,3,Parks A.,Uchijima M.,80,110,6,2,6,4,,,,,,,2,,12,6,Completed,2.61,1.46
2026-05-18,Morocco Open,WTA250,Outdoor,Clay,1st Round,3,Ferro F.,Kovinic D.,200,,6,2,6,3,,,,,,,2,,12,5,Completed,1.1,6.44
2026-05-18,Morocco Open,WTA250,Outdoor,Clay,1st Round,3,Bondar A.,Hercog P.,58,217,1,1,,,,,,,,,,,1,1,Retired,1.23,3.96
2026-05-19,Morocco Open,WTA250,Outdoor,Clay,1st Round,3,Kotliar Y.,Jones F.,528,105,2,6,6,3,6,4,,,,,2,1,14,13,Completed,7.84,1.07
2026-05-19,Morocco Open,WTA250,Outdoor,Clay,1st Round,3,Nahimana S.,Tomljanovic A.,231,90,6,3,7,5,,,,,,,2,,13,8,Completed,4.06,1.23
2026-05-19,Morocco Open,WTA250,Outdoor,Clay,1st Round,3,Tjen J.,Hennemann C.W.,41,292,6,1,7,5,,,,,,,2,,13,6,Completed,1.45,2.68
2026-05-19,Morocco Open,WTA250,Outdoor,Clay,1st Round,3,Kabbaj Y.,Cengiz B.,334,429,7,6,6,3,,,,,,,2,,13,9,Completed,2.6,1.47
2026-05-19,Morocco Open,WTA250,Outdoor,Clay,1st Round,3,Bouzas Maneiro J.,Zaar L.,51,335,6,0,7,5,,,,,,,2,,13,5,Completed,1.28,3.57
2026-05-19,Morocco Open,WTA250,Outdoor,Clay,1st Round,3,Osorio M.,Martincova T.,77,250,6,0,6,4,,,,,,,2,,12,4,Completed,1.14,5.4
2026-05-19,Morocco Open,WTA250,Outdoor,Clay,1st Round,3,Maria T.,El Jardi D.,52,1023,6,2,6,4,,,,,,,2,,12,6,Completed,1.01,16.91
2026-05-19,Morocco Open,WTA250,Outdoor,Clay,1st Round,3,Starodubtseva Y.,Fita Boluda A.,54,192,6,4,6,2,,,,,,,2,,12,6,Completed,1.19,4.42
2026-05-19,Morocco Open,WTA250,Outdoor,Clay,1st Round,3,Arango E.,Seidel E.,98,97,6,3,4,6,6,1,,,,,2,1,16,10,Completed,2.05,1.74
2026-05-20,Morocco Open,WTA250,Outdoor,Clay,2nd Round,3,Bouzas Maneiro J.,Ferro F.,51,200,2,6,7,6,6,3,,,,,2,1,15,15,Completed,1.59,2.29
2026-05-20,Morocco Open,WTA250,Outdoor,Clay,2nd Round,3,Teichmann J.,Parks A.,207,80,6,3,6,4,,,,,,,2,,12,7,Completed,2.04,1.74
2026-05-20,Morocco Open,WTA250,Outdoor,Clay,2nd Round,3,Udvardy P.,Nahimana S.,68,231,6,4,6,1,,,,,,,2,,12,5,Completed,1.24,3.88
2026-05-20,Morocco Open,WTA250,Outdoor,Clay,2nd Round,3,Marcinko P.,Kotliar Y.,76,528,5,7,6,2,7,6,,,,,2,1,18,15,Completed,1.1,6.67
2026-05-20,Morocco Open,WTA250,Outdoor,Clay,2nd Round,3,Kabbaj Y.,Maria T.,334,52,6,2,6,4,,,,,,,2,,12,6,Completed,3.72,1.28
2026-05-20,Morocco Open,WTA250,Outdoor,Clay,2nd Round,3,Osorio M.,Tjen J.,77,41,6,3,3,6,6,0,,,,,2,1,15,9,Completed,1.29,3.52
2026-05-20,Morocco Open,WTA250,Outdoor,Clay,2nd Round,3,Bondar A.,Arango E.,58,98,7,6,1,6,6,0,,,,,2,1,14,12,Completed,1.27,3.63
2026-05-20,Morocco Open,WTA250,Outdoor,Clay,2nd Round,3,Kalinina A.,Starodubtseva Y.,84,54,6,3,7,6,,,,,,,2,,13,9,Completed,1.66,2.17
2026-05-21,Morocco Open,WTA250,Outdoor,Clay,Quarterfinals,3,Udvardy P.,Osorio M.,68,77,7,5,6,3,,,,,,,2,,13,8,Completed,3.05,1.36
2026-05-21,Morocco Open,WTA250,Outdoor,Clay,Quarterfinals,3,Marcinko P.,Bouzas Maneiro J.,76,51,6,3,6,4,,,,,,,2,,12,7,Completed,2.28,1.6
2026-05-21,Morocco Open,WTA250,Outdoor,Clay,Quarterfinals,3,Kalinina A.,Bondar A.,84,58,6,4,7,5,,,,,,,2,,13,9,Completed,1.75,2.03
2026-05-21,Morocco Open,WTA250,Outdoor,Clay,Quarterfinals,3,Teichmann J.,Kabbaj Y.,207,334,6,1,5,7,7,6,,,,,2,1,18,14,Completed,1.22,4.1
2026-05-22,Morocco Open,WTA250,Outdoor,Clay,Semifinals,3,Kalinina A.,Udvardy P.,84,68,6,0,6,3,,,,,,,2,,12,3,Completed,1.38,2.93
2026-05-22,Morocco Open,WTA250,Outdoor,Clay,Semifinals,3,Marcinko P.,Teichmann J.,76,207,7,6,6,3,,,,,,,2,,13,9,Completed,1.45,2.68
2026-05-23,Morocco Open,WTA250,Outdoor,Clay,The Final,3,Marcinko P.,Kalinina A.,76,84,6,2,3,0,,,,,,,1,,9,2,Retired,3.0,1.37
2026-05-17,Internationaux de Strasbourg,WTA500,Outdoor,Clay,1st Round,3,Li A.,Joint M.,30,34,6,1,6,2,,,,,,,2,,12,3,Completed,1.4,2.87
2026-05-17,Internationaux de Strasbourg,WTA500,Outdoor,Clay,1st Round,3,Stearns P.,Sakkari M.,92,48,6,3,6,1,,,,,,,2,,12,4,Completed,1.92,1.85
2026-05-17,Internationaux de Strasbourg,WTA500,Outdoor,Clay,1st Round,3,Navarro E.,Bejlek S.,39,35,6,1,6,4,,,,,,,2,,12,5,Completed,2.18,1.66
2026-05-17,Internationaux de Strasbourg,WTA500,Outdoor,Clay,1st Round,3,Boisson L.,Wang Xin.,50,32,6,3,7,6,,,,,,,2,,13,9,Completed,2.17,1.66
2026-05-17,Internationaux de Strasbourg,WTA500,Outdoor,Clay,1st Round,3,Fernandez L.A.,Jeanjean L.,24,124,6,1,7,5,,,,,,,2,,13,6,Completed,1.32,3.28
2026-05-18,Internationaux de Strasbourg,WTA500,Outdoor,Clay,1st Round,3,Frech M.,Gibson T.,49,55,7,6,6,3,,,,,,,2,,13,9,Completed,2.0,1.77
2026-05-18,Internationaux de Strasbourg,WTA500,Outdoor,Clay,1st Round,3,Kasatkina D.,Samsonova L.,62,20,7,5,6,3,,,,,,,2,,13,8,Completed,1.78,1.98
2026-05-18,Internationaux de Strasbourg,WTA500,Outdoor,Clay,1st Round,3,Cristian J.,Kessler M.,33,47,6,1,6,1,,,,,,,2,,12,2,Completed,1.81,1.95
2026-05-18,Internationaux de Strasbourg,WTA500,Outdoor,Clay,1st Round,3,Oliynykova O.,Eala A.,66,38,3,6,7,5,6,3,,,,,2,1,16,14,Completed,1.8,1.97
2026-05-18,Internationaux de Strasbourg,WTA500,Outdoor,Clay,1st Round,3,Bouzkova M.,Siniakova K.,27,36,7,6,6,3,,,,,,,2,,13,9,Completed,2.17,1.66
2026-05-19,Internationaux de Strasbourg,WTA500,Outdoor,Clay,1st Round,3,Zhang S.,Bucsa C.,74,31,2,6,7,6,7,5,,,,,2,1,16,17,Completed,2.3,1.59
2026-05-19,Internationaux de Strasbourg,WTA500,Outdoor,Clay,1st Round,3,Parry D.,Raducanu E.,94,37,6,4,7,6,,,,,,,2,,13,10,Completed,1.89,1.87
2026-05-19,Internationaux de Strasbourg,WTA500,Outdoor,Clay,2nd Round,3,Li A.,Alexandrova E.,30,14,4,6,6,4,6,3,,,,,2,1,16,13,Completed,1.8,1.97
2026-05-19,Internationaux de Strasbourg,WTA500,Outdoor,Clay,2nd Round,3,Kasatkina D.,Stearns P.,62,92,6,1,6,3,,,,,,,2,,12,4,Completed,1.86,1.9
2026-05-19,Internationaux de Strasbourg,WTA500,Outdoor,Clay,2nd Round,3,Fernandez L.A.,Frech M.,24,49,6,4,3,6,6,4,,,,,2,1,15,14,Completed,1.37,3.0
2026-05-19,Internationaux de Strasbourg,WTA500,Outdoor,Clay,2nd Round,3,Mboko V.,Boisson L.,9,50,6,4,6,3,,,,,,,2,,12,7,Completed,1.38,2.92
2026-05-20,Internationaux de Strasbourg,WTA500,Outdoor,Clay,2nd Round,3,Bouzkova M.,Oliynykova O.,27,66,3,1,,,,,,,,,,,3,1,Retired,1.67,2.15
2026-05-20,Internationaux de Strasbourg,WTA500,Outdoor,Clay,2nd Round,3,Cristian J.,Tauson C.,33,21,6,1,7,5,,,,,,,2,,13,6,Completed,1.5,2.55
2026-05-20,Internationaux de Strasbourg,WTA500,Outdoor,Clay,2nd Round,3,Zhang S.,Parry D.,74,94,6,2,7,5,,,,,,,2,,13,7,Completed,2.44,1.53
2026-05-20,Internationaux de Strasbourg,WTA500,Outdoor,Clay,2nd Round,3,Navarro E.,Jovic I.,39,17,6,4,4,6,6,1,,,,,2,1,16,11,Completed,2.82,1.41
2026-05-21,Internationaux de Strasbourg,WTA500,Outdoor,Clay,Quarterfinals,3,Li A.,Bouzkova M.,30,27,6,3,7,5,,,,,,,2,,13,8,Completed,1.96,1.81
2026-05-21,Internationaux de Strasbourg,WTA500,Outdoor,Clay,Quarterfinals,3,Cristian J.,Kasatkina D.,33,62,7,6,3,6,6,2,,,,,2,1,16,14,Completed,2.28,1.61
2026-05-21,Internationaux de Strasbourg,WTA500,Outdoor,Clay,Quarterfinals,3,Navarro E.,Zhang S.,39,74,2,6,7,6,6,2,,,,,2,1,15,14,Completed,1.31,3.37
2026-05-21,Internationaux de Strasbourg,WTA500,Outdoor,Clay,Quarterfinals,3,Mboko V.,Fernandez L.A.,9,24,6,4,6,4,,,,,,,2,,12,8,Completed,1.55,2.38
2026-05-22,Internationaux de Strasbourg,WTA500,Outdoor,Clay,Semifinals,3,Navarro E.,Li A.,39,30,6,1,6,3,,,,,,,2,,12,4,Completed,2.17,1.66
2026-05-22,Internationaux de Strasbourg,WTA500,Outdoor,Clay,Semifinals,3,Mboko V.,Cristian J.,9,33,7,6,3,6,6,2,,,,,2,1,16,14,Completed,1.33,3.24
2026-05-23,Internationaux de Strasbourg,WTA500,Outdoor,Clay,The Final,3,Navarro E.,Mboko V.,39,9,6,0,5,7,6,2,,,,,2,1,17,9,Completed,2.49,1.51
2026-05-24,French Open,Grand Slam,Outdoor,Clay,1st Round,3,McNally C.,Tomljanovic A.,63,100,3,6,7,6,6,3,,,,,2,1,16,15,Completed,1.35,3.13
2026-05-24,French Open,Grand Slam,Outdoor,Clay,1st Round,3,Kostyuk M.,Selekhmeteva O.,15,88,6,2,6,3,,,,,,,2,,12,5,Completed,1.06,8.77
2026-05-24,French Open,Grand Slam,Outdoor,Clay,1st Round,3,Bouzkova M.,Bronzetti L.,28,172,6,3,6,1,,,,,,,2,,12,4,Completed,1.22,4.17
2026-05-24,French Open,Grand Slam,Outdoor,Clay,1st Round,3,Wang Xin.,Tagger L.,34,90,6,3,3,6,6,4,,,,,2,1,15,13,Completed,2.33,1.58
2026-05-24,French Open,Grand Slam,Outdoor,Clay,1st Round,3,Bencic B.,Kraus S.,11,98,6,2,6,3,,,,,,,2,,12,5,Completed,1.25,3.9
2026-05-24,French Open,Grand Slam,Outdoor,Clay,1st Round,3,Volynets K.,Burel C.,108,1486,6,3,6,1,,,,,,,2,,12,4,Completed,1.19,4.51
2026-05-24,French Open,Grand Slam,Outdoor,Clay,1st Round,3,Starodubtseva Y.,Blinkova A.,55,103,6,3,6,1,,,,,,,2,,12,4,Completed,1.32,3.33
2026-05-24,French Open,Grand Slam,Outdoor,Clay,1st Round,3,Wang Xiy.,Kovinic D.,148,,6,3,6,1,,,,,,,2,,12,4,Completed,1.03,11.75
2026-05-24,French Open,Grand Slam,Outdoor,Clay,1st Round,3,Linette M.,Valentova T.,73,42,5,7,6,4,7,6,,,,,2,1,18,17,Completed,3.75,1.26
2026-05-24,French Open,Grand Slam,Outdoor,Clay,1st Round,3,Baptiste H.,Krejcikova B.,26,41,6,7,7,6,6,2,,,,,2,1,19,15,Completed,1.73,2.07
2026-05-24,French Open,Grand Slam,Outdoor,Clay,1st Round,3,Korpatsch T.,Sorribes Tormo S.,95,304,6,4,6,2,,,,,,,2,,12,6,Completed,1.71,2.1
2026-05-24,French Open,Grand Slam,Outdoor,Clay,1st Round,3,Jones F.,Haddad Maia B.,102,105,1,6,7,6,6,2,,,,,2,1,14,14,Completed,1.61,2.28
2026-05-24,French Open,Grand Slam,Outdoor,Clay,1st Round,3,Frech M.,Ruse E.G.,46,77,7,6,2,1,,,,,,,1,,9,7,Retired,2.25,1.61
2026-05-24,French Open,Grand Slam,Outdoor,Clay,1st Round,3,Andreeva M.,Ferro F.,8,181,6,3,6,3,,,,,,,2,,12,6,Completed,1.04,11.25
2026-05-24,French Open,Grand Slam,Outdoor,Clay,1st Round,3,Sierra S.,Raducanu E.,68,39,6,0,7,6,,,,,,,2,,13,6,Completed,1.53,2.46
2026-05-24,French Open,Grand Slam,Outdoor,Clay,1st Round,3,Snigur D.,Tauson C.,93,20,3,6,7,5,6,2,,,,,2,1,16,13,Completed,2.41,1.55
2026-05-24,French Open,Grand Slam,Outdoor,Clay,1st Round,3,Bejlek S.,Stephens S.,35,363,6,3,6,2,,,,,,,2,,12,5,Completed,1.58,2.33
2026-05-24,French Open,Grand Slam,Outdoor,Clay,1st Round,3,Stearns P.,Kenin S.,78,87,6,3,6,3,,,,,,,2,,12,6,Completed,1.47,2.64
2026-05-24,French Open,Grand Slam,Outdoor,Clay,1st Round,3,Bassols M.,Arango E.,175,94,6,3,6,4,,,,,,,2,,12,7,Completed,1.86,1.9
2026-05-24,French Open,Grand Slam,Outdoor,Clay,1st Round,3,Cirstea S.,Efremova K.,18,623,6,3,6,1,,,,,,,2,,12,4,Completed,1.03,12.75
2026-05-25,French Open,Grand Slam,Outdoor,Clay,1st Round,3,Teichmann J.,Samsonova L.,170,27,6,4,6,4,,,,,,,2,,12,8,Completed,3.58,1.28
2026-05-25,French Open,Grand Slam,Outdoor,Clay,1st Round,3,Chwalinska M.,Zheng Q.,114,56,6,4,6,0,,,,,,,2,,12,4,Completed,3.48,1.3
2026-05-25,French Open,Grand Slam,Outdoor,Clay,1st Round,3,Kasatkina D.,Sonmez Z.,53,66,6,4,6,4,,,,,,,2,,12,8,Completed,1.4,2.91
2026-05-25,French Open,Grand Slam,Outdoor,Clay,1st Round,3,Paolini J.,Yastremska D.,13,45,7,5,6,3,,,,,,,2,,13,8,Completed,1.53,2.47
2026-05-25,French Open,Grand Slam,Outdoor,Clay,1st Round,3,Bandecchi S.,Bucsa C.,215,33,6,4,2,6,6,4,,,,,2,1,14,14,Completed,3.13,1.35
2026-05-25,French Open,Grand Slam,Outdoor,Clay,1st Round,3,Swiatek I.,Jones E.,3,136,6,1,6,2,,,,,,,2,,12,3,Completed,1.01,25.25
2026-05-25,French Open,Grand Slam,Outdoor,Clay,1st Round,3,Grabher J.,Sramkova R.,121,125,6,2,6,2,,,,,,,2,,12,4,Completed,2.55,1.5
2026-05-25,French Open,Grand Slam,Outdoor,Clay,1st Round,3,Mertens E.,Maria T.,21,54,7,5,6,0,,,,,,,2,,13,5,Completed,1.06,9.45
2026-05-25,French Open,Grand Slam,Outdoor,Clay,1st Round,3,Rybakina E.,Erjavec V.,2,84,6,2,6,2,,,,,,,2,,12,4,Completed,1.02,18.25
2026-05-25,French Open,Grand Slam,Outdoor,Clay,1st Round,3,Lys E.,Marcinko P.,81,51,6,3,6,0,,,,,,,2,,12,3,Completed,2.06,1.73
2026-05-25,French Open,Grand Slam,Outdoor,Clay,1st Round,3,Svitolina E.,Bondar A.,7,57,3,6,6,1,7,6,,,,,2,1,16,13,Completed,1.14,5.44
2026-05-25,French Open,Grand Slam,Outdoor,Clay,1st Round,3,Potapova A.,Joint M.,30,52,6,1,6,2,,,,,,,2,,12,3,Completed,1.12,6.1
2026-05-25,French Open,Grand Slam,Outdoor,Clay,1st Round,3,Putintseva Y.,Gibson T.,76,58,4,6,6,4,6,1,,,,,2,1,16,11,Completed,1.35,3.13
2026-05-25,French Open,Grand Slam,Outdoor,Clay,1st Round,3,Quevedo K.,Jeanjean L.,126,122,7,6,7,6,,,,,,,2,,14,12,Completed,1.98,1.8
2026-05-25,French Open,Grand Slam,Outdoor,Clay,1st Round,3,Golubic V.,Udvardy P.,82,59,6,0,6,2,,,,,,,2,,12,2,Completed,2.09,1.71
2026-05-25,French Open,Grand Slam,Outdoor,Clay,1st Round,3,Anisimova A.,Rakotomanga Rajaonah T.,6,153,6,3,6,1,,,,,,,2,,12,4,Completed,1.06,9.07
2026-05-25,French Open,Grand Slam,Outdoor,Clay,1st Round,3,Rakhimova K.,Cristian J.,89,32,6,3,4,6,6,4,,,,,2,1,16,13,Completed,3.54,1.28
2026-05-25,French Open,Grand Slam,Outdoor,Clay,1st Round,3,Ostapenko J.,Seidel E.,31,96,6,4,6,4,,,,,,,2,,12,8,Completed,1.2,4.35
2026-05-25,French Open,Grand Slam,Outdoor,Clay,1st Round,3,Boulter K.,Urhobo A.,71,185,6,4,4,6,6,4,,,,,2,1,16,14,Completed,1.37,3.03
2026-05-25,French Open,Grand Slam,Outdoor,Clay,1st Round,3,Osorio M.,Alexandrova E.,86,14,6,2,6,4,,,,,,,2,,12,6,Completed,1.67,2.16
2026-05-25,French Open,Grand Slam,Outdoor,Clay,1st Round,3,Kessler M.,Guo H.,48,166,4,6,7,6,7,5,,,,,2,1,18,17,Completed,1.37,2.99
2026-05-25,French Open,Grand Slam,Outdoor,Clay,1st Round,3,Shnaider D.,Zarazua R.,23,74,6,4,6,1,,,,,,,2,,12,5,Completed,1.13,5.69
2026-05-25,French Open,Grand Slam,Outdoor,Clay,1st Round,3,Parks A.,Fernandez L.A.,79,22,6,4,6,4,,,,,,,2,,12,8,Completed,3.72,1.26
2026-05-25,French Open,Grand Slam,Outdoor,Clay,1st Round,3,Muchova K.,Zakharova A.,10,80,7,5,6,2,,,,,,,2,,13,7,Completed,1.11,6.2
2026-05-26,French Open,Grand Slam,Outdoor,Clay,1st Round,3,Liu C.,Uchijima M.,182,107,3,6,6,0,4,1,,,,,1,1,13,7,Retired,1.7,2.11
2026-05-26,French Open,Grand Slam,Outdoor,Clay,1st Round,3,Jovic I.,Eala A.,17,37,6,4,6,2,,,,,,,2,,12,6,Completed,1.36,3.08
2026-05-26,French Open,Grand Slam,Outdoor,Clay,1st Round,3,Navarro E.,Tjen J.,25,40,6,4,6,3,,,,,,,2,,12,7,Completed,1.25,3.81
2026-05-26,French Open,Grand Slam,Outdoor,Clay,1st Round,3,Vekic D.,Tubello A.,72,226,6,3,6,2,,,,,,,2,,12,5,Completed,1.3,3.46
2026-05-26,French Open,Grand Slam,Outdoor,Clay,1st Round,3,Sabalenka A.,Bouzas Maneiro J.,1,50,6,4,6,2,,,,,,,2,,12,6,Completed,1.03,12.63
2026-05-26,French Open,Grand Slam,Outdoor,Clay,1st Round,3,Sakkari M.,Noskova L.,49,12,7,5,7,6,,,,,,,2,,14,11,Completed,2.95,1.38
2026-05-26,French Open,Grand Slam,Outdoor,Clay,1st Round,3,Li A.,Zhang S.,29,61,6,4,6,2,,,,,,,2,,12,6,Completed,1.34,3.17
2026-05-26,French Open,Grand Slam,Outdoor,Clay,1st Round,3,Sherif M.,Galfi D.,129,115,7,5,6,4,,,,,,,2,,13,9,Completed,2.09,1.71
2026-05-26,French Open,Grand Slam,Outdoor,Clay,1st Round,3,Osaka N.,Siegemund L.,16,47,6,3,7,6,,,,,,,2,,13,9,Completed,1.28,3.58
2026-05-26,French Open,Grand Slam,Outdoor,Clay,1st Round,3,Gauff C.,Townsend T.,4,75,6,4,6,0,,,,,,,2,,12,4,Completed,1.1,6.59
2026-05-26,French Open,Grand Slam,Outdoor,Clay,1st Round,3,Ruzic A.,Krueger A.,64,120,3,6,6,2,6,2,,,,,2,1,15,10,Completed,2.47,1.52
2026-05-26,French Open,Grand Slam,Outdoor,Clay,1st Round,3,Jacquemot E.,Fruhvirtova L.,67,149,6,4,6,3,,,,,,,2,,12,7,Completed,1.76,2.01
2026-05-26,French Open,Grand Slam,Outdoor,Clay,1st Round,3,Korneeva A.,Cocciaretto E.,117,38,6,3,6,3,,,,,,,2,,12,6,Completed,2.69,1.45
2026-05-26,French Open,Grand Slam,Outdoor,Clay,1st Round,3,Parry D.,Kalinina A.,92,60,0,6,6,2,6,4,,,,,2,1,12,12,Completed,2.89,1.4
2026-05-26,French Open,Grand Slam,Outdoor,Clay,1st Round,3,Kalinskaya A.,Boisson L.,24,43,6,2,6,2,,,,,,,2,,12,4,Completed,1.53,2.45
2026-05-26,French Open,Grand Slam,Outdoor,Clay,1st Round,3,Siniakova K.,Waltert S.,36,91,6,4,7,6,,,,,,,2,,13,10,Completed,1.42,2.77
2026-05-26,French Open,Grand Slam,Outdoor,Clay,1st Round,3,Oliynykova O.,Pridankina E.,65,218,6,1,6,2,,,,,,,2,,12,3,Completed,1.44,2.71
2026-05-26,French Open,Grand Slam,Outdoor,Clay,1st Round,3,Keys M.,Vandewinkel H.,19,99,6,3,6,0,,,,,,,2,,12,3,Completed,1.13,5.93
2026-05-26,French Open,Grand Slam,Outdoor,Clay,1st Round,3,Mboko V.,Bartunkova N.,9,69,6,1,6,2,,,,,,,2,,12,3,Completed,1.28,3.6
2026-05-26,French Open,Grand Slam,Outdoor,Clay,1st Round,3,Birrell K.,Pegula J.,83,5,1,6,6,3,6,3,,,,,2,1,13,12,Completed,12.9,1.03
2026-05-27,French Open,Grand Slam,Outdoor,Clay,2nd Round,3,Bencic B.,McNally C.,11,63,6,4,6,0,,,,,,,2,,12,4,Completed,1.29,3.54
2026-05-27,French Open,Grand Slam,Outdoor,Clay,2nd Round,3,Korpatsch T.,Wang Xin.,95,34,6,2,2,6,6,3,,,,,2,1,14,11,Completed,1.89,1.88
2026-05-27,French Open,Grand Slam,Outdoor,Clay,2nd Round,3,Swiatek I.,Bejlek S.,3,35,6,2,6,3,,,,,,,2,,12,5,Completed,1.03,13.44
2026-05-27,French Open,Grand Slam,Outdoor,Clay,2nd Round,3,Stearns P.,Snigur D.,78,93,6,4,6,0,,,,,,,2,,12,4,Completed,1.44,2.74
2026-05-27,French Open,Grand Slam,Outdoor,Clay,2nd Round,3,Linette M.,Ostapenko J.,73,31,6,2,2,6,6,2,,,,,2,1,14,10,Completed,3.78,1.26
2026-05-27,French Open,Grand Slam,Outdoor,Clay,2nd Round,3,Svitolina E.,Quevedo K.,7,126,6,0,6,4,,,,,,,2,,12,4,Completed,1.06,9.08
2026-05-27,French Open,Grand Slam,Outdoor,Clay,2nd Round,3,Golubic V.,Parks A.,82,79,6,2,6,2,,,,,,,2,,12,4,Completed,1.9,1.86
2026-05-27,French Open,Grand Slam,Outdoor,Clay,2nd Round,3,Kostyuk M.,Volynets K.,15,108,6,7,6,3,6,3,,,,,2,1,18,13,Completed,1.13,5.9
2026-05-27,French Open,Grand Slam,Outdoor,Clay,2nd Round,3,Bouzkova M.,Jones F.,28,102,6,0,7,6,,,,,,,2,,13,6,Completed,1.27,3.68
2026-05-27,French Open,Grand Slam,Outdoor,Clay,2nd Round,3,Starodubtseva Y.,Rybakina E.,55,2,3,6,6,1,7,6,,,,,2,1,16,13,Completed,8.2,1.07
2026-05-27,French Open,Grand Slam,Outdoor,Clay,2nd Round,3,Teichmann J.,Frech M.,170,46,7,5,6,4,,,,,,,2,,13,9,Completed,2.34,1.58
2026-05-27,French Open,Grand Slam,Outdoor,Clay,2nd Round,3,Sierra S.,Paolini J.,68,13,3,6,6,4,6,3,,,,,2,1,15,13,Completed,2.45,1.54
2026-05-27,French Open,Grand Slam,Outdoor,Clay,2nd Round,3,Wang Xiy.,Baptiste H.,148,26,5,4,,,,,,,,,,,5,4,Retired,2.73,1.44
2026-05-27,French Open,Grand Slam,Outdoor,Clay,2nd Round,3,Cirstea S.,Lys E.,18,81,6,3,6,0,,,,,,,2,,12,3,Completed,1.21,4.23
2026-05-27,French Open,Grand Slam,Outdoor,Clay,2nd Round,3,Andreeva M.,Bassols M.,8,175,3,6,6,1,6,1,,,,,2,1,15,8,Completed,1.07,8.33
2026-05-27,French Open,Grand Slam,Outdoor,Clay,2nd Round,3,Muchova K.,Rakhimova K.,10,89,6,2,6,2,,,,,,,2,,12,4,Completed,1.08,7.3
2026-05-28,French Open,Grand Slam,Outdoor,Clay,2nd Round,3,Osaka N.,Vekic D.,16,72,7,6,6,4,,,,,,,2,,13,10,Completed,1.29,3.53
2026-05-28,French Open,Grand Slam,Outdoor,Clay,2nd Round,3,Oliynykova O.,Birrell K.,65,83,6,3,0,6,7,6,,,,,2,1,13,15,Completed,1.42,2.77
2026-05-28,French Open,Grand Slam,Outdoor,Clay,2nd Round,3,Jovic I.,Navarro E.,17,25,6,0,6,3,,,,,,,2,,12,3,Completed,1.8,1.97
2026-05-28,French Open,Grand Slam,Outdoor,Clay,2nd Round,3,Shnaider D.,Kessler M.,23,48,7,6,6,1,,,,,,,2,,13,7,Completed,1.25,3.91
2026-05-28,French Open,Grand Slam,Outdoor,Clay,2nd Round,3,Chwalinska M.,Mertens E.,114,21,6,4,6,0,,,,,,,2,,12,4,Completed,2.71,1.45
2026-05-28,French Open,Grand Slam,Outdoor,Clay,2nd Round,3,Osorio M.,Putintseva Y.,86,76,7,5,6,7,7,5,,,,,2,1,20,17,Completed,1.65,2.2
2026-05-28,French Open,Grand Slam,Outdoor,Clay,2nd Round,3,Kalinskaya A.,Korneeva A.,24,117,7,6,6,4,,,,,,,2,,13,10,Completed,1.39,2.94
2026-05-28,French Open,Grand Slam,Outdoor,Clay,2nd Round,3,Sakkari M.,Liu C.,49,182,6,7,6,3,6,3,,,,,2,1,18,13,Completed,1.46,2.67
2026-05-28,French Open,Grand Slam,Outdoor,Clay,2nd Round,3,Kasatkina D.,Bandecchi S.,53,215,7,5,7,6,,,,,,,2,,14,11,Completed,1.1,6.7
2026-05-28,French Open,Grand Slam,Outdoor,Clay,2nd Round,3,Parry D.,Li A.,92,29,6,3,6,4,,,,,,,2,,12,7,Completed,3.0,1.38
2026-05-28,French Open,Grand Slam,Outdoor,Clay,2nd Round,3,Anisimova A.,Grabher J.,6,121,6,0,,,,,,,,,1,,6,0,Retired,1.16,5.03
2026-05-28,French Open,Grand Slam,Outdoor,Clay,2nd Round,3,Gauff C.,Sherif M.,4,129,6,3,6,2,,,,,,,2,,12,5,Completed,1.03,12.38
2026-05-28,French Open,Grand Slam,Outdoor,Clay,2nd Round,3,Keys M.,Ruzic A.,19,64,6,4,6,4,,,,,,,2,,12,8,Completed,1.13,5.7
2026-05-28,French Open,Grand Slam,Outdoor,Clay,2nd Round,3,Sabalenka A.,Jacquemot E.,1,67,7,5,6,2,,,,,,,2,,13,7,Completed,1.02,18.41
2026-05-28,French Open,Grand Slam,Outdoor,Clay,2nd Round,3,Potapova A.,Boulter K.,30,71,5,7,6,4,6,2,,,,,2,1,17,13,Completed,1.21,4.25
2026-05-28,French Open,Grand Slam,Outdoor,Clay,2nd Round,3,Mboko V.,Siniakova K.,9,36,5,7,6,4,6,2,,,,,2,1,17,13,Completed,1.29,3.51
2026-05-29,French Open,Grand Slam,Outdoor,Clay,3rd Round,3,Kostyuk M.,Golubic V.,15,82,6,4,6,3,,,,,,,2,,12,7,Completed,1.07,8.14
2026-05-29,French Open,Grand Slam,Outdoor,Clay,3rd Round,3,Wang Xiy.,Starodubtseva Y.,148,55,6,3,7,5,,,,,,,2,,13,8,Completed,2.49,1.52
2026-05-29,French Open,Grand Slam,Outdoor,Clay,3rd Round,3,Swiatek I.,Linette M.,3,73,6,4,6,4,,,,,,,2,,12,8,Completed,1.03,14.0
2026-05-29,French Open,Grand Slam,Outdoor,Clay,3rd Round,3,Andreeva M.,Bouzkova M.,8,28,6,4,6,2,,,,,,,2,,12,6,Completed,1.13,5.6
2026-05-29,French Open,Grand Slam,Outdoor,Clay,3rd Round,3,Teichmann J.,Muchova K.,170,10,6,1,7,5,,,,,,,2,,13,6,Completed,6.31,1.11
2026-05-29,French Open,Grand Slam,Outdoor,Clay,3rd Round,3,Cirstea S.,Sierra S.,18,68,6,0,6,0,,,,,,,2,,12,0,Completed,1.27,3.65
2026-05-29,French Open,Grand Slam,Outdoor,Clay,3rd Round,3,Svitolina E.,Korpatsch T.,7,95,6,2,6,3,,,,,,,2,,12,5,Completed,1.05,10.58
2026-05-29,French Open,Grand Slam,Outdoor,Clay,3rd Round,3,Bencic B.,Stearns P.,11,78,6,3,6,3,,,,,,,2,,12,6,Completed,1.37,3.03
2026-05-30,French Open,Grand Slam,Outdoor,Clay,3rd Round,3,Osaka N.,Jovic I.,16,17,7,6,6,7,6,4,,,,,2,1,19,17,Completed,1.8,1.99
2026-05-30,French Open,Grand Slam,Outdoor,Clay,3rd Round,3,Chwalinska M.,Sakkari M.,114,49,1,6,6,3,6,2,,,,,2,1,13,11,Completed,1.7,2.12
2026-05-30,French Open,Grand Slam,Outdoor,Clay,3rd Round,3,Shnaider D.,Oliynykova O.,23,65,7,5,6,1,,,,,,,2,,13,6,Completed,1.33,3.28
2026-05-30,French Open,Grand Slam,Outdoor,Clay,3rd Round,3,Parry D.,Anisimova A.,92,6,6,3,4,6,7,6,,,,,2,1,17,15,Completed,4.39,1.21
2026-05-30,French Open,Grand Slam,Outdoor,Clay,3rd Round,3,Sabalenka A.,Kasatkina D.,1,53,6,0,7,5,,,,,,,2,,13,5,Completed,1.07,8.61
2026-05-30,French Open,Grand Slam,Outdoor,Clay,3rd Round,3,Kalinskaya A.,Osorio M.,24,86,6,3,0,6,6,2,,,,,2,1,12,11,Completed,1.79,1.98
2026-05-30,French Open,Grand Slam,Outdoor,Clay,3rd Round,3,Potapova A.,Gauff C.,30,4,4,6,7,6,6,4,,,,,2,1,17,16,Completed,3.78,1.26
2026-05-30,French Open,Grand Slam,Outdoor,Clay,3rd Round,3,Keys M.,Mboko V.,19,9,6,3,5,7,7,5,,,,,2,1,18,15,Completed,1.86,1.9
2026-05-31,French Open,Grand Slam,Outdoor,Clay,4th Round,3,Cirstea S.,Wang Xiy.,18,148,6,3,7,6,,,,,,,2,,13,9,Completed,1.2,4.44
2026-05-31,French Open,Grand Slam,Outdoor,Clay,4th Round,3,Kostyuk M.,Swiatek I.,15,3,7,5,6,1,,,,,,,2,,13,6,Completed,3.22,1.34
2026-05-31,French Open,Grand Slam,Outdoor,Clay,4th Round,3,Svitolina E.,Bencic B.,7,11,4,6,6,4,6,0,,,,,2,1,16,10,Completed,1.51,2.51
2026-05-31,French Open,Grand Slam,Outdoor,Clay,4th Round,3,Andreeva M.,Teichmann J.,8,170,6,3,6,2,,,,,,,2,,12,5,Completed,1.1,6.84
2026-06-01,French Open,Grand Slam,Outdoor,Clay,4th Round,3,Kalinskaya A.,Potapova A.,24,30,6,4,2,6,7,6,,,,,2,1,15,16,Completed,2.59,1.49
2026-06-01,French Open,Grand Slam,Outdoor,Clay,4th Round,3,Shnaider D.,Keys M.,23,19,6,3,3,6,6,0,,,,,2,1,15,9,Completed,2.17,1.67
2026-06-01,French Open,Grand Slam,Outdoor,Clay,4th Round,3,Chwalinska M.,Parry D.,114,92,6,3,6,2,,,,,,,2,,12,5,Completed,1.53,2.48
2026-06-01,French Open,Grand Slam,Outdoor,Clay,4th Round,3,Sabalenka A.,Osaka N.,1,16,7,5,6,3,,,,,,,2,,13,8,Completed,1.22,4.2
2026-06-02,French Open,Grand Slam,Outdoor,Clay,Quarterfinals,3,Andreeva M.,Cirstea S.,8,18,6,0,6,3,,,,,,,2,,12,3,Completed,1.47,2.64
2026-06-02,French Open,Grand Slam,Outdoor,Clay,Quarterfinals,3,Kostyuk M.,Svitolina E.,15,7,6,3,2,6,6,2,,,,,2,1,14,11,Completed,1.78,1.99
2026-06-03,French Open,Grand Slam,Outdoor,Clay,Quarterfinals,3,Chwalinska M.,Kalinskaya A.,114,24,7,6,6,3,,,,,,,2,,13,9,Completed,2.08,1.73
2026-06-03,French Open,Grand Slam,Outdoor,Clay,Quarterfinals,3,Shnaider D.,Sabalenka A.,23,1,3,6,7,5,6,0,,,,,2,1,16,11,Completed,7.45,1.08
2026-06-04,French Open,Grand Slam,Outdoor,Clay,Semifinals,3,Andreeva M.,Kostyuk M.,8,15,6,1,6,3,,,,,,,2,,12,4,Completed,2.06,1.74
2026-06-04,French Open,Grand Slam,Outdoor,Clay,Semifinals,3,Chwalinska M.,Shnaider D.,114,23,7,6,6,4,,,,,,,2,,13,10,Completed,2.42,1.55
2026-06-06,French Open,Grand Slam,Outdoor,Clay,The Final,3,Andreeva M.,Chwalinska M.,8,114,6,3,6,2,,,,,,,2,,12,5,Completed,1.22,4.36
2026-06-08,Rosmalen Grass Court Championships,WTA250,Outdoor,Grass,1st Round,3,Udvardy P.,Alexandrova E.,65,17,6,4,7,6,,,,,,,2,,13,10,Completed,4.54,1.19
2026-06-08,Rosmalen Grass Court Championships,WTA250,Outdoor,Grass,1st Round,3,Linette M.,Birrell K.,60,74,2,6,6,1,6,2,,,,,2,1,14,9,Completed,1.71,2.08
2026-06-08,Rosmalen Grass Court Championships,WTA250,Outdoor,Grass,1st Round,3,Montgomery R.,Kasatkina D.,484,66,5,7,6,0,6,4,,,,,2,1,17,11,Completed,2.64,1.46
2026-06-08,Rosmalen Grass Court Championships,WTA250,Outdoor,Grass,1st Round,3,Mertens E.,Andreescu B.,22,158,6,1,6,2,,,,,,,2,,12,3,Completed,1.34,3.15
2026-06-08,Rosmalen Grass Court Championships,WTA250,Outdoor,Grass,1st Round,3,Snigur D.,Badosa P.,84,141,6,1,7,6,,,,,,,2,,13,7,Completed,1.75,2.04
2026-06-08,Rosmalen Grass Court Championships,WTA250,Outdoor,Grass,1st Round,3,Pohankova M.,Tauson C.,280,24,6,4,6,4,,,,,,,2,,12,8,Completed,2.74,1.43
2026-06-09,Rosmalen Grass Court Championships,WTA250,Outdoor,Grass,1st Round,3,Yastremska D.,Bejlek S.,49,46,6,1,6,2,,,,,,,2,,12,3,Completed,1.46,2.63
2026-06-09,Rosmalen Grass Court Championships,WTA250,Outdoor,Grass,1st Round,3,Sonmez Z.,Volynets K.,67,101,6,3,2,6,6,3,,,,,2,1,14,12,Completed,2.28,1.6
2026-06-09,Rosmalen Grass Court Championships,WTA250,Outdoor,Grass,1st Round,3,Minnen G.,Tjen J.,202,40,7,6,6,1,,,,,,,2,,13,7,Completed,1.47,2.61
2026-06-09,Rosmalen Grass Court Championships,WTA250,Outdoor,Grass,1st Round,3,Krejcikova B.,Zarazua R.,45,77,6,1,6,2,,,,,,,2,,12,3,Completed,1.14,5.43
2026-06-09,Rosmalen Grass Court Championships,WTA250,Outdoor,Grass,1st Round,3,Ruse E.G.,Korpatsch T.,88,79,6,4,7,6,,,,,,,2,,13,10,Completed,1.28,3.59
2026-06-10,Rosmalen Grass Court Championships,WTA250,Outdoor,Grass,1st Round,3,Sierra S.,Boisson L.,56,155,6,4,5,7,6,3,,,,,2,1,17,14,Completed,1.42,2.77
2026-06-10,Rosmalen Grass Court Championships,WTA250,Outdoor,Grass,1st Round,3,Potapova A.,Lamens S.,27,125,6,7,6,4,6,4,,,,,2,1,18,15,Completed,1.18,4.63
2026-06-10,Rosmalen Grass Court Championships,WTA250,Outdoor,Grass,1st Round,3,Tomljanovic A.,Bouzas Maneiro J.,109,54,6,3,6,1,,,,,,,2,,12,4,Completed,1.98,1.79
2026-06-10,Rosmalen Grass Court Championships,WTA250,Outdoor,Grass,1st Round,3,Vandewinkel H.,Bartunkova N.,97,61,4,6,7,6,7,5,,,,,2,1,18,17,Completed,2.18,1.66
2026-06-10,Rosmalen Grass Court Championships,WTA250,Outdoor,Grass,1st Round,3,McNally C.,Navarro E.,59,25,4,6,6,0,6,4,,,,,2,1,16,10,Completed,2.23,1.63
2026-06-11,Rosmalen Grass Court Championships,WTA250,Outdoor,Grass,2nd Round,3,Sonmez Z.,Potapova A.,67,27,6,1,2,0,,,,,,,1,,8,1,Retired,2.58,1.48
2026-06-11,Rosmalen Grass Court Championships,WTA250,Outdoor,Grass,2nd Round,3,Montgomery R.,Minnen G.,484,202,6,4,7,6,,,,,,,2,,13,10,Completed,2.25,1.61
2026-06-11,Rosmalen Grass Court Championships,WTA250,Outdoor,Grass,2nd Round,3,Ruse E.G.,Mertens E.,88,22,6,3,6,3,,,,,,,2,,12,6,Completed,3.68,1.26
2026-06-11,Rosmalen Grass Court Championships,WTA250,Outdoor,Grass,2nd Round,3,Linette M.,Pohankova M.,60,280,6,2,6,2,,,,,,,2,,12,4,Completed,1.8,1.97
2026-06-11,Rosmalen Grass Court Championships,WTA250,Outdoor,Grass,2nd Round,3,Snigur D.,Udvardy P.,84,65,6,4,3,6,6,4,,,,,2,1,15,14,Completed,1.27,3.61
2026-06-11,Rosmalen Grass Court Championships,WTA250,Outdoor,Grass,2nd Round,3,Krejcikova B.,Vandewinkel H.,45,97,6,1,6,4,,,,,,,2,,12,5,Completed,1.22,4.1
2026-06-12,Rosmalen Grass Court Championships,WTA250,Outdoor,Grass,2nd Round,3,McNally C.,Sierra S.,59,56,6,4,6,3,,,,,,,2,,12,7,Completed,1.35,3.1
2026-06-12,Rosmalen Grass Court Championships,WTA250,Outdoor,Grass,2nd Round,3,Tomljanovic A.,Yastremska D.,109,49,4,6,6,4,7,5,,,,,2,1,17,15,Completed,2.23,1.62
2026-06-12,Rosmalen Grass Court Championships,WTA250,Outdoor,Grass,Quarterfinals,3,Krejcikova B.,Ruse E.G.,45,88,6,1,6,2,,,,,,,2,,12,3,Completed,1.47,2.62
2026-06-12,Rosmalen Grass Court Championships,WTA250,Outdoor,Grass,Quarterfinals,3,Linette M.,Sonmez Z.,60,67,6,4,6,2,,,,,,,2,,12,6,Completed,1.98,1.79
2026-06-12,Rosmalen Grass Court Championships,WTA250,Outdoor,Grass,Quarterfinals,3,Montgomery R.,Snigur D.,484,84,6,4,6,4,,,,,,,2,,12,8,Completed,2.08,1.72
2026-06-13,Rosmalen Grass Court Championships,WTA250,Outdoor,Grass,Quarterfinals,3,Tomljanovic A.,McNally C.,109,59,6,4,6,4,,,,,,,2,,12,8,Completed,2.48,1.51
2026-06-13,Rosmalen Grass Court Championships,WTA250,Outdoor,Grass,Semifinals,3,Krejcikova B.,Linette M.,45,60,6,3,7,6,,,,,,,2,,13,9,Completed,1.33,3.21
2026-06-13,Rosmalen Grass Court Championships,WTA250,Outdoor,Grass,Semifinals,3,Montgomery R.,Tomljanovic A.,484,109,6,4,6,2,,,,,,,2,,12,6,Completed,1.81,1.95
2026-06-08,Queen's Club Championships,WTA500,Outdoor,Grass,1st Round,3,Dart H.,Samsonova L.,160,35,5,7,6,4,6,3,,,,,2,1,17,14,Completed,2.77,1.42
2026-06-08,Queen's Club Championships,WTA500,Outdoor,Grass,1st Round,3,Pliskova Ka.,Kessler M.,106,39,6,7,6,3,6,4,,,,,2,1,18,14,Completed,1.7,2.1
2026-06-08,Queen's Club Championships,WTA500,Outdoor,Grass,1st Round,3,Cristian J.,Zheng Q.,38,122,6,4,7,6,,,,,,,2,,13,10,Completed,3.21,1.33
2026-06-09,Queen's Club Championships,WTA500,Outdoor,Grass,1st Round,3,Cirstea S.,Inglis M.,18,151,6,4,5,7,6,2,,,,,2,1,17,13,Completed,1.2,4.31
2026-06-09,Queen's Club Championships,WTA500,Outdoor,Grass,1st Round,3,Raducanu E.,Blinkova A.,42,105,6,0,6,3,,,,,,,2,,12,3,Completed,1.51,2.51
2026-06-09,Queen's Club Championships,WTA500,Outdoor,Grass,1st Round,3,Jovic I.,Ruzic A.,19,58,6,3,6,4,,,,,,,2,,12,7,Completed,1.26,3.73
2026-06-09,Queen's Club Championships,WTA500,Outdoor,Grass,1st Round,3,Boulter K.,Fernandez L.A.,73,23,3,6,7,6,7,5,,,,,2,1,17,17,Completed,1.77,2.0
2026-06-09,Queen's Club Championships,WTA500,Outdoor,Grass,1st Round,3,Siegemund L.,Jones F.,44,98,6,2,6,3,,,,,,,2,,12,5,Completed,1.37,2.98
2026-06-09,Queen's Club Championships,WTA500,Outdoor,Grass,1st Round,3,Eala A.,Zhang S.,33,64,6,3,6,2,,,,,,,2,,12,5,Completed,1.49,2.58
2026-06-09,Queen's Club Championships,WTA500,Outdoor,Grass,1st Round,3,Maria T.,Sakkari M.,52,37,6,3,6,3,,,,,,,2,,12,6,Completed,1.83,1.92
2026-06-09,Queen's Club Championships,WTA500,Outdoor,Grass,1st Round,3,Bouzkova M.,Kudermetova P.,28,121,6,0,6,3,,,,,,,2,,12,3,Completed,1.41,2.78
2026-06-09,Queen's Club Championships,WTA500,Outdoor,Grass,1st Round,3,Vekic D.,Stojsavljevic M.,76,261,6,2,6,3,,,,,,,2,,12,5,Completed,1.32,3.28
2026-06-10,Queen's Club Championships,WTA500,Outdoor,Grass,2nd Round,3,Jovic I.,Eala A.,19,33,6,2,6,2,,,,,,,2,,12,4,Completed,1.54,2.4
2026-06-10,Queen's Club Championships,WTA500,Outdoor,Grass,2nd Round,3,Anisimova A.,Siegemund L.,5,44,6,1,6,3,,,,,,,2,,12,4,Completed,1.29,3.5
2026-06-10,Queen's Club Championships,WTA500,Outdoor,Grass,2nd Round,3,Pliskova Ka.,Mboko V.,106,9,6,2,3,4,,,,,,,1,,9,6,Retired,2.67,1.45
2026-06-12,Queen's Club Championships,WTA500,Outdoor,Grass,2nd Round,3,Vekic D.,Bouzkova M.,76,28,7,6,6,3,,,,,,,2,,13,9,Completed,2.24,1.62
2026-06-12,Queen's Club Championships,WTA500,Outdoor,Grass,2nd Round,3,Boulter K.,Cristian J.,73,38,6,1,6,3,,,,,,,2,,12,4,Completed,1.43,2.74
2026-06-12,Queen's Club Championships,WTA500,Outdoor,Grass,2nd Round,3,Rybakina E.,Maria T.,2,52,6,7,7,5,6,0,,,,,2,1,19,12,Completed,1.18,4.56
2026-06-12,Queen's Club Championships,WTA500,Outdoor,Grass,2nd Round,3,Rakhimova K.,Dart H.,78,160,5,7,6,1,7,5,,,,,2,1,18,13,Completed,2.05,1.74
2026-06-12,Queen's Club Championships,WTA500,Outdoor,Grass,2nd Round,3,Raducanu E.,Cirstea S.,42,18,6,4,6,2,,,,,,,2,,12,6,Completed,1.86,1.89
2026-06-12,Queen's Club Championships,WTA500,Outdoor,Grass,Quarterfinals,3,Jovic I.,Anisimova A.,19,5,6,2,3,6,6,3,,,,,2,1,15,11,Completed,2.19,1.65
2026-06-12,Queen's Club Championships,WTA500,Outdoor,Grass,Quarterfinals,3,Vekic D.,Pliskova Ka.,76,106,6,4,4,6,6,3,,,,,2,1,16,13,Completed,1.67,2.16
2026-06-12,Queen's Club Championships,WTA500,Outdoor,Grass,Quarterfinals,3,Boulter K.,Rybakina E.,73,2,7,5,2,6,6,4,,,,,2,1,15,15,Completed,3.83,1.25
2026-06-13,Queen's Club Championships,WTA500,Outdoor,Grass,Quarterfinals,3,Raducanu E.,Rakhimova K.,42,78,6,3,7,5,,,,,,,2,,13,8,Completed,1.19,4.44
2026-06-13,Queen's Club Championships,WTA500,Outdoor,Grass,Semifinals,3,Vekic D.,Boulter K.,76,73,6,1,6,3,,,,,,,2,,12,4,Completed,2.1,1.7
2026-06-13,Queen's Club Championships,WTA500,Outdoor,Grass,Semifinals,3,Raducanu E.,Jovic I.,42,19,6,2,6,2,,,,,,,2,,12,4,Completed,3.67,1.27
2026-06-14,Queen's Club Championships,WTA500,Outdoor,Grass,The Final,3,Vekic D.,Raducanu E.,76,42,6,0,7,6,,,,,,,2,,13,6,Completed,2.19,1.66
2026-06-15,German Open,WTA500,Outdoor,Grass,1st Round,3,Alexandrova E.,Potapova A.,19,26,6,1,,,,,,,,,1,,6,1,Retired,1.78,1.99
2026-06-15,German Open,WTA500,Outdoor,Grass,1st Round,3,Bartunkova N.,Shnaider D.,62,16,6,2,6,7,6,3,,,,,2,1,18,12,Completed,2.6,1.48
2026-06-15,German Open,WTA500,Outdoor,Grass,1st Round,3,Mertens E.,Samsonova L.,24,37,1,6,6,3,6,0,,,,,2,1,13,9,Completed,1.5,2.53
2026-06-16,German Open,WTA500,Outdoor,Grass,1st Round,3,Lys E.,Frech M.,80,45,7,6,6,3,,,,,,,2,,13,9,Completed,2.09,1.71
2026-06-16,German Open,WTA500,Outdoor,Grass,1st Round,3,Keys M.,Wang Xin.,28,32,7,6,6,1,,,,,,,2,,13,7,Completed,1.32,3.29
2026-06-16,German Open,WTA500,Outdoor,Grass,1st Round,3,Noskova L.,Zarazua R.,13,77,6,1,6,4,,,,,,,2,,12,5,Completed,1.2,4.41
2026-06-16,German Open,WTA500,Outdoor,Grass,1st Round,3,Muchova K.,Zhang S.,10,67,6,1,6,3,,,,,,,2,,12,4,Completed,1.33,3.27
2026-06-16,German Open,WTA500,Outdoor,Grass,1st Round,3,Siniakova K.,Masarova R.,34,141,6,2,6,4,,,,,,,2,,12,6,Completed,1.47,2.59
2026-06-16,German Open,WTA500,Outdoor,Grass,1st Round,3,Svitolina E.,Kalinskaya A.,8,20,6,1,4,1,,,,,,,1,,10,2,Retired,1.41,2.8
2026-06-16,German Open,WTA500,Outdoor,Grass,1st Round,3,Parry D.,Tauson C.,60,23,6,3,6,4,,,,,,,2,,12,7,Completed,1.7,2.11
2026-06-16,German Open,WTA500,Outdoor,Grass,1st Round,3,Badosa P.,Lamens S.,142,134,6,3,6,2,,,,,,,2,,12,5,Completed,1.67,2.16
2026-06-17,German Open,WTA500,Outdoor,Grass,1st Round,3,Eala A.,Vekic D.,35,33,7,5,6,4,,,,,,,2,,13,9,Completed,2.04,1.75
2026-06-17,German Open,WTA500,Outdoor,Grass,2nd Round,3,Bartunkova N.,Mertens E.,62,24,6,1,6,4,,,,,,,2,,12,5,Completed,3.02,1.37
2026-06-17,German Open,WTA500,Outdoor,Grass,2nd Round,3,Pegula J.,Siniakova K.,4,34,6,2,6,4,,,,,,,2,,12,6,Completed,1.55,2.38
2026-06-17,German Open,WTA500,Outdoor,Grass,2nd Round,3,Badosa P.,Gauff C.,142,7,1,6,6,3,6,2,,,,,2,1,13,11,Completed,3.35,1.31
2026-06-17,German Open,WTA500,Outdoor,Grass,2nd Round,3,Sabalenka A.,Alexandrova E.,1,19,6,4,6,4,,,,,,,2,,12,8,Completed,1.22,4.11
2026-06-18,German Open,WTA500,Outdoor,Grass,2nd Round,3,Noskova L.,Parry D.,13,60,6,2,6,2,,,,,,,2,,12,4,Completed,1.34,3.13
2026-06-18,German Open,WTA500,Outdoor,Grass,2nd Round,3,Svitolina E.,Lys E.,8,80,6,3,6,2,,,,,,,2,,12,5,Completed,1.19,4.48
2026-06-18,German Open,WTA500,Outdoor,Grass,2nd Round,3,Keys M.,Muchova K.,28,10,6,4,7,5,,,,,,,2,,13,9,Completed,1.97,1.8
2026-06-18,German Open,WTA500,Outdoor,Grass,2nd Round,3,Eala A.,Rybakina E.,35,2,7,5,6,4,,,,,,,2,,13,9,Completed,4.7,1.17
2026-06-19,German Open,WTA500,Outdoor,Grass,Quarterfinals,3,Pegula J.,Keys M.,4,28,7,6,7,6,,,,,,,2,,14,12,Completed,1.67,2.15
2026-06-19,German Open,WTA500,Outdoor,Grass,Quarterfinals,3,Noskova L.,Badosa P.,13,142,6,1,6,3,,,,,,,2,,12,4,Completed,1.41,2.79
2026-06-19,German Open,WTA500,Outdoor,Grass,Quarterfinals,3,Sabalenka A.,Bartunkova N.,1,62,2,6,7,6,6,4,,,,,2,1,15,16,Completed,1.1,6.48
2026-06-19,German Open,WTA500,Outdoor,Grass,Quarterfinals,3,Eala A.,Svitolina E.,35,8,6,3,6,4,,,,,,,2,,12,7,Completed,2.92,1.39
2026-06-20,German Open,WTA500,Outdoor,Grass,Semifinals,3,Pegula J.,Sabalenka A.,4,1,6,4,6,7,6,0,,,,,2,1,18,11,Completed,2.43,1.54
2026-06-20,German Open,WTA500,Outdoor,Grass,Semifinals,3,Noskova L.,Eala A.,13,35,6,2,6,4,,,,,,,2,,12,6,Completed,1.59,2.27
2026-06-21,German Open,WTA500,Outdoor,Grass,The Final,3,Noskova L.,Pegula J.,13,4,6,4,4,6,6,3,,,,,2,1,16,13,Completed,2.38,1.56
2026-06-15,Nottingham Open,WTA250,Outdoor,Grass,1st Round,3,Bouzkova M.,Valentova T.,27,63,6,3,6,3,,,,,,,2,,12,6,Completed,1.55,2.39
2026-06-15,Nottingham Open,WTA250,Outdoor,Grass,1st Round,3,Maria T.,Tjen J.,117,43,6,3,6,2,,,,,,,2,,12,5,Completed,1.55,2.39
2026-06-15,Nottingham Open,WTA250,Outdoor,Grass,1st Round,3,Zheng Q.,Sakkari M.,160,41,4,6,7,6,6,4,,,,,2,1,17,16,Completed,1.59,2.28
2026-06-15,Nottingham Open,WTA250,Outdoor,Grass,1st Round,3,Navarro E.,Bondar A.,25,74,6,7,6,3,6,2,,,,,2,1,18,12,Completed,1.3,3.5
2026-06-15,Nottingham Open,WTA250,Outdoor,Grass,1st Round,3,Starodubtseva Y.,Joint M.,59,53,6,7,7,5,6,4,,,,,2,1,19,16,Completed,1.54,2.4
2026-06-15,Nottingham Open,WTA250,Outdoor,Grass,1st Round,3,Gibson T.,Jones F.,66,99,6,3,5,7,7,6,,,,,2,1,18,16,Completed,1.28,3.53
2026-06-15,Nottingham Open,WTA250,Outdoor,Grass,1st Round,3,Bouzas Maneiro J.,Sakatsume H.,55,125,7,5,6,2,,,,,,,2,,13,7,Completed,1.48,2.59
2026-06-15,Nottingham Open,WTA250,Outdoor,Grass,1st Round,3,Preston T.,Blinkova A.,124,106,4,6,6,3,6,3,,,,,2,1,16,12,Completed,2.49,1.51
2026-06-16,Nottingham Open,WTA250,Outdoor,Grass,1st Round,3,Li A.,Birrell K.,29,73,4,6,7,6,6,4,,,,,2,1,17,16,Completed,2.18,1.66
2026-06-16,Nottingham Open,WTA250,Outdoor,Grass,1st Round,3,Volynets K.,Kessler M.,102,44,6,3,6,3,,,,,,,2,,12,6,Completed,2.12,1.69
2026-06-16,Nottingham Open,WTA250,Outdoor,Grass,1st Round,3,Sonmez Z.,Fernandez L.A.,61,22,6,4,7,6,,,,,,,2,,13,10,Completed,2.2,1.64
2026-06-16,Nottingham Open,WTA250,Outdoor,Grass,1st Round,3,Yastremska D.,Dudeney A.,50,248,6,4,7,6,,,,,,,2,,13,10,Completed,1.2,4.4
2026-06-16,Nottingham Open,WTA250,Outdoor,Grass,1st Round,3,McNally C.,Ruzic A.,54,57,6,3,6,0,,,,,,,2,,12,3,Completed,1.47,2.62
2026-06-16,Nottingham Open,WTA250,Outdoor,Grass,1st Round,3,Klugman H.,Dart H.,509,152,6,2,6,4,,,,,,,2,,12,6,Completed,2.87,1.4
2026-06-16,Nottingham Open,WTA250,Outdoor,Grass,1st Round,3,Golubic V.,Kenin S.,76,104,6,2,4,6,6,3,,,,,2,1,16,11,Completed,1.63,2.23
2026-06-16,Nottingham Open,WTA250,Outdoor,Grass,1st Round,3,Pliskova Ka.,Bejlek S.,87,47,2,6,7,6,6,2,,,,,2,1,15,14,Completed,1.27,3.64
2026-06-17,Nottingham Open,WTA250,Outdoor,Grass,2nd Round,3,Navarro E.,Starodubtseva Y.,25,59,6,4,6,7,6,4,,,,,2,1,18,15,Completed,1.44,2.73
2026-06-17,Nottingham Open,WTA250,Outdoor,Grass,2nd Round,3,Bouzas Maneiro J.,Volynets K.,55,102,7,5,1,0,,,,,,,1,,8,5,Retired,2.26,1.62
2026-06-17,Nottingham Open,WTA250,Outdoor,Grass,2nd Round,3,Maria T.,Yastremska D.,117,50,6,1,6,2,,,,,,,2,,12,3,Completed,1.84,1.93
2026-06-17,Nottingham Open,WTA250,Outdoor,Grass,2nd Round,3,Gibson T.,Zheng Q.,66,160,6,3,7,6,,,,,,,2,,13,9,Completed,2.75,1.42
2026-06-18,Nottingham Open,WTA250,Outdoor,Grass,2nd Round,3,Golubic V.,Sonmez Z.,76,61,7,5,4,6,6,4,,,,,2,1,17,15,Completed,2.27,1.59
2026-06-18,Nottingham Open,WTA250,Outdoor,Grass,2nd Round,3,Pliskova Ka.,McNally C.,87,54,6,4,7,6,,,,,,,2,,13,10,Completed,1.97,1.79
2026-06-18,Nottingham Open,WTA250,Outdoor,Grass,2nd Round,3,Bouzkova M.,Klugman H.,27,509,7,5,6,2,,,,,,,2,,13,7,Completed,1.15,5.13
2026-06-18,Nottingham Open,WTA250,Outdoor,Grass,2nd Round,3,Li A.,Preston T.,29,124,5,7,6,2,6,2,,,,,2,1,17,11,Completed,1.45,2.68
2026-06-19,Nottingham Open,WTA250,Outdoor,Grass,Quarterfinals,3,Bouzkova M.,Maria T.,27,117,7,5,6,0,,,,,,,2,,13,5,Completed,1.62,2.23
2026-06-19,Nottingham Open,WTA250,Outdoor,Grass,Quarterfinals,3,Pliskova Ka.,Gibson T.,87,66,7,5,6,4,,,,,,,2,,13,9,Completed,1.59,2.27
2026-06-19,Nottingham Open,WTA250,Outdoor,Grass,Quarterfinals,3,Navarro E.,Bouzas Maneiro J.,25,55,7,6,6,2,,,,,,,2,,13,8,Completed,1.48,2.57
2026-06-19,Nottingham Open,WTA250,Outdoor,Grass,Quarterfinals,3,Golubic V.,Li A.,76,29,6,3,2,6,6,3,,,,,2,1,14,12,Completed,2.0,1.77
2026-06-20,Nottingham Open,WTA250,Outdoor,Grass,Semifinals,3,Bouzkova M.,Pliskova Ka.,27,87,6,4,6,1,,,,,,,2,,12,5,Completed,1.81,1.96
2026-06-20,Nottingham Open,WTA250,Outdoor,Grass,Semifinals,3,Navarro E.,Golubic V.,25,76,7,6,6,2,,,,,,,2,,13,8,Completed,1.4,2.88
2026-06-21,Nottingham Open,WTA250,Outdoor,Grass,The Final,3,Bouzkova M.,Navarro E.,27,25,7,6,4,6,6,2,,,,,2,1,17,14,Completed,1.84,1.92
2026-06-21,Bad Homburg Open,WTA250,Outdoor,Grass,1st Round,3,Samsonova L.,Siniakova K.,42,34,6,3,7,5,,,,,,,2,,13,8,Completed,2.42,1.54
2026-06-21,Bad Homburg Open,WTA250,Outdoor,Grass,1st Round,3,Fernandez L.A.,Boulter K.,23,59,6,7,6,3,6,3,,,,,2,1,18,13,Completed,2.05,1.74
2026-06-22,Bad Homburg Open,WTA250,Outdoor,Grass,1st Round,3,Tauson C.,Shnaider D.,25,16,6,4,6,4,,,,,,,2,,12,8,Completed,2.6,1.48
2026-06-22,Bad Homburg Open,WTA250,Outdoor,Grass,1st Round,3,Wang Xin.,Zarazua R.,52,76,6,1,6,2,,,,,,,2,,12,3,Completed,1.08,7.0
2026-06-22,Bad Homburg Open,WTA250,Outdoor,Grass,1st Round,3,Osaka N.,Frech M.,15,43,6,4,6,1,,,,,,,2,,12,5,Completed,1.29,3.53
2026-06-22,Bad Homburg Open,WTA250,Outdoor,Grass,1st Round,3,Kalinskaya A.,Kraus S.,20,93,6,4,6,1,,,,,,,2,,12,5,Completed,1.36,3.03
2026-06-22,Bad Homburg Open,WTA250,Outdoor,Grass,1st Round,3,Zheng Q.,Sierra S.,153,56,7,5,4,6,6,4,,,,,2,1,17,15,Completed,1.44,2.68
2026-06-22,Bad Homburg Open,WTA250,Outdoor,Grass,1st Round,3,Begu I.,Williams V.,211,471,6,2,4,6,7,6,,,,,2,1,17,14,Completed,1.25,3.84
2026-06-22,Bad Homburg Open,WTA250,Outdoor,Grass,1st Round,3,Mertens E.,Eala A.,26,30,6,3,6,3,,,,,,,2,,12,6,Completed,1.69,2.11
2026-06-23,Bad Homburg Open,WTA250,Outdoor,Grass,1st Round,3,Navarro E.,Lys E.,24,77,7,6,6,3,,,,,,,2,,13,9,Completed,1.53,2.44
2026-06-23,Bad Homburg Open,WTA250,Outdoor,Grass,1st Round,3,Alexandrova E.,Li A.,19,29,6,1,6,7,6,1,,,,,2,1,18,9,Completed,1.62,2.23
2026-06-23,Bad Homburg Open,WTA250,Outdoor,Grass,1st Round,3,Ruse E.G.,Noskova L.,105,10,6,1,6,3,,,,,,,2,,12,4,Completed,2.76,1.42
2026-06-23,Bad Homburg Open,WTA250,Outdoor,Grass,2nd Round,3,Wang Xin.,Fernandez L.A.,52,23,6,3,6,4,,,,,,,2,,12,7,Completed,2.08,1.72
2026-06-23,Bad Homburg Open,WTA250,Outdoor,Grass,2nd Round,3,Osaka N.,Mertens E.,15,26,6,3,6,3,,,,,,,2,,12,6,Completed,1.8,1.96
2026-06-23,Bad Homburg Open,WTA250,Outdoor,Grass,2nd Round,3,Svitolina E.,Samsonova L.,8,42,3,6,6,3,6,2,,,,,2,1,15,11,Completed,1.37,2.97
2026-06-24,Bad Homburg Open,WTA250,Outdoor,Grass,2nd Round,3,Alexandrova E.,Andreeva M.,19,5,6,3,6,4,,,,,,,2,,12,7,Completed,2.94,1.38
2026-06-24,Bad Homburg Open,WTA250,Outdoor,Grass,2nd Round,3,Tauson C.,Zheng Q.,25,153,5,7,6,4,6,2,,,,,2,1,17,13,Completed,2.08,1.72
2026-06-24,Bad Homburg Open,WTA250,Outdoor,Grass,2nd Round,3,Ruse E.G.,Kalinskaya A.,105,20,7,5,6,2,,,,,,,2,,13,7,Completed,1.96,1.81
2026-06-24,Bad Homburg Open,WTA250,Outdoor,Grass,2nd Round,3,Navarro E.,Swiatek I.,24,3,7,5,2,6,6,3,,,,,2,1,15,14,Completed,2.98,1.37
2026-06-24,Bad Homburg Open,WTA250,Outdoor,Grass,2nd Round,3,Muchova K.,Begu I.,11,211,6,1,6,1,,,,,,,2,,12,2,Completed,1.13,5.67
2026-06-25,Bad Homburg Open,WTA250,Outdoor,Grass,Quarterfinals,3,Osaka N.,Alexandrova E.,15,19,6,2,6,2,,,,,,,2,,12,4,Completed,1.6,2.27
2026-06-25,Bad Homburg Open,WTA250,Outdoor,Grass,Quarterfinals,3,Ruse E.G.,Navarro E.,105,24,6,4,6,2,,,,,,,2,,12,6,Completed,2.24,1.62
2026-06-25,Bad Homburg Open,WTA250,Outdoor,Grass,Quarterfinals,3,Muchova K.,Tauson C.,11,25,1,6,6,2,6,4,,,,,2,1,13,12,Completed,1.43,2.74
2026-06-26,Bad Homburg Open,WTA250,Outdoor,Grass,Semifinals,3,Osaka N.,Wang Xin.,15,52,6,3,6,3,,,,,,,2,,12,6,Completed,1.26,3.69
2026-06-26,Bad Homburg Open,WTA250,Outdoor,Grass,Semifinals,3,Muchova K.,Ruse E.G.,11,105,6,4,6,4,,,,,,,2,,12,8,Completed,1.43,2.74
2026-06-27,Bad Homburg Open,WTA250,Outdoor,Grass,The Final,3,Osaka N.,Muchova K.,15,11,1,6,0,1,,,,,,,,1,1,7,Retired,1.58,2.33
2026-06-22,Eastbourne Open,WTA250,Outdoor,Grass,1st Round,3,Kalinina A.,Snigur D.,70,78,7,6,7,5,,,,,,,2,,14,11,Completed,2.47,1.52
2026-06-22,Eastbourne Open,WTA250,Outdoor,Grass,1st Round,3,Valentova T.,Klugman H.,61,412,7,5,5,7,7,5,,,,,2,1,19,17,Completed,1.33,3.22
2026-06-22,Eastbourne Open,WTA250,Outdoor,Grass,1st Round,3,Marcinko P.,Ruzic A.,51,60,7,6,4,6,7,6,,,,,2,1,18,18,Completed,2.26,1.61
2026-06-22,Eastbourne Open,WTA250,Outdoor,Grass,1st Round,3,Arango E.,Joint M.,101,53,7,6,6,4,,,,,,,2,,13,10,Completed,2.35,1.56
2026-06-22,Eastbourne Open,WTA250,Outdoor,Grass,1st Round,3,Tomljanovic A.,Cocciaretto E.,98,44,6,2,6,7,7,5,,,,,2,1,19,14,Completed,1.64,2.22
2026-06-22,Eastbourne Open,WTA250,Outdoor,Grass,1st Round,3,Ostapenko J.,Jones F.,35,103,6,2,6,2,,,,,,,2,,12,4,Completed,1.24,3.85
2026-06-22,Eastbourne Open,WTA250,Outdoor,Grass,1st Round,3,Kessler M.,Kasatkina D.,62,68,6,3,7,6,,,,,,,2,,13,9,Completed,1.99,1.78
2026-06-23,Eastbourne Open,WTA250,Outdoor,Grass,1st Round,3,Bouzas Maneiro J.,Dudeney A.,48,246,6,0,6,3,,,,,,,2,,12,3,Completed,1.4,2.86
2026-06-23,Eastbourne Open,WTA250,Outdoor,Grass,1st Round,3,McNally C.,Tjen J.,50,41,7,5,6,7,6,3,,,,,2,1,19,15,Completed,1.32,3.27
2026-06-23,Eastbourne Open,WTA250,Outdoor,Grass,1st Round,3,Maria T.,Paolini J.,112,14,6,4,6,3,,,,,,,2,,12,7,Completed,1.93,1.84
2026-06-23,Eastbourne Open,WTA250,Outdoor,Grass,1st Round,3,Zakharova A.,Starodubtseva Y.,91,55,6,4,3,6,6,3,,,,,2,1,15,13,Completed,2.43,1.54
2026-06-23,Eastbourne Open,WTA250,Outdoor,Grass,1st Round,3,Bejlek S.,Siegemund L.,45,40,3,6,7,6,7,6,,,,,2,1,17,18,Completed,2.01,1.76
2026-06-23,Eastbourne Open,WTA250,Outdoor,Grass,1st Round,3,Keys M.,Gibson T.,27,57,6,4,6,4,,,,,,,2,,12,8,Completed,1.22,4.11
2026-06-23,Eastbourne Open,WTA250,Outdoor,Grass,1st Round,3,Udvardy P.,Bondar A.,71,75,7,6,3,2,,,,,,,1,,10,8,Retired,2.28,1.61
2026-06-23,Eastbourne Open,WTA250,Outdoor,Grass,1st Round,3,Sonmez Z.,Dart H.,54,151,4,6,6,2,7,5,,,,,2,1,17,13,Completed,1.39,2.89
2026-06-23,Eastbourne Open,WTA250,Outdoor,Grass,1st Round,3,Birrell K.,Krejcikova B.,73,37,6,3,7,6,,,,,,,2,,13,9,Completed,3.0,1.37
2026-06-24,Eastbourne Open,WTA250,Outdoor,Grass,2nd Round,3,Keys M.,Bouzas Maneiro J.,27,48,6,0,6,1,,,,,,,2,,12,1,Completed,1.2,4.36
2026-06-24,Eastbourne Open,WTA250,Outdoor,Grass,2nd Round,3,Maria T.,Zakharova A.,112,91,6,2,6,1,,,,,,,2,,12,3,Completed,1.43,2.76
2026-06-24,Eastbourne Open,WTA250,Outdoor,Grass,2nd Round,3,Ostapenko J.,Udvardy P.,35,71,3,6,6,1,6,2,,,,,2,1,15,9,Completed,1.19,4.51
2026-06-24,Eastbourne Open,WTA250,Outdoor,Grass,2nd Round,3,Kessler M.,Kalinina A.,62,70,6,4,6,3,,,,,,,2,,12,7,Completed,1.7,2.11
2026-06-24,Eastbourne Open,WTA250,Outdoor,Grass,2nd Round,3,Valentova T.,Tomljanovic A.,61,98,6,2,5,7,6,4,,,,,2,1,17,13,Completed,2.27,1.6
2026-06-24,Eastbourne Open,WTA250,Outdoor,Grass,2nd Round,3,McNally C.,Arango E.,50,101,6,3,6,0,,,,,,,2,,12,3,Completed,1.28,3.56
2026-06-24,Eastbourne Open,WTA250,Outdoor,Grass,2nd Round,3,Marcinko P.,Birrell K.,51,73,6,1,6,4,,,,,,,2,,12,5,Completed,2.9,1.39
2026-06-25,Eastbourne Open,WTA250,Outdoor,Grass,Quarterfinals,3,Ostapenko J.,Sonmez Z.,35,54,6,3,6,0,,,,,,,2,,12,3,Completed,1.5,2.54
2026-06-25,Eastbourne Open,WTA250,Outdoor,Grass,Quarterfinals,3,Keys M.,Kessler M.,27,62,6,3,6,1,,,,,,,2,,12,4,Completed,1.26,3.77
2026-06-25,Eastbourne Open,WTA250,Outdoor,Grass,Quarterfinals,3,Maria T.,Valentova T.,112,61,6,3,7,5,,,,,,,2,,13,8,Completed,1.65,2.2
2026-06-25,Eastbourne Open,WTA250,Outdoor,Grass,Quarterfinals,3,Marcinko P.,McNally C.,51,50,6,3,4,6,6,4,,,,,2,1,16,13,Completed,3.14,1.35
2026-06-26,Eastbourne Open,WTA250,Outdoor,Grass,Semifinals,3,Maria T.,Ostapenko J.,112,35,6,1,1,2,,,,,,,1,,7,3,Retired,2.5,1.51
2026-06-26,Eastbourne Open,WTA250,Outdoor,Grass,Semifinals,3,Keys M.,Marcinko P.,27,51,6,1,,,,,,,,,1,,6,1,Retired,1.15,5.22
2026-06-27,Eastbourne Open,WTA250,Outdoor,Grass,The Final,3,Keys M.,Maria T.,27,112,7,5,6,4,,,,,,,2,,13,9,Completed,1.29,3.48
2026-06-29,Wimbledon,Grand Slam,Outdoor,Grass,1st Round,3,Jovic I.,Cristian J.,16,37,7,6,6,0,,,,,,,2,,13,6,Completed,1.18,4.66
2026-06-29,Wimbledon,Grand Slam,Outdoor,Grass,1st Round,3,Bencic B.,Stojsavljevic M.,11,276,6,2,6,1,,,,,,,2,,12,3,Completed,1.1,6.89
2026-06-29,Wimbledon,Grand Slam,Outdoor,Grass,1st Round,3,Sorribes Tormo S.,Jimenez Kasintseva V.,253,110,6,2,6,3,,,,,,,2,,12,5,Completed,1.65,2.22
2026-06-29,Wimbledon,Grand Slam,Outdoor,Grass,1st Round,3,Pegula J.,Vidmanova D.,4,92,7,5,6,3,,,,,,,2,,13,8,Completed,1.04,11.02
2026-06-29,Wimbledon,Grand Slam,Outdoor,Grass,1st Round,3,Sawangkaew M.,Chwalinska M.,164,21,2,6,7,5,6,2,,,,,2,1,15,13,Completed,2.09,1.72
2026-06-29,Wimbledon,Grand Slam,Outdoor,Grass,1st Round,3,Wang Xin.,Cocciaretto E.,39,46,6,3,2,6,6,2,,,,,2,1,14,11,Completed,1.63,2.22
2026-06-29,Wimbledon,Grand Slam,Outdoor,Grass,1st Round,3,Sonmez Z.,Li A.,51,29,7,5,1,6,6,4,,,,,2,1,14,15,Completed,1.68,2.14
2026-06-29,Wimbledon,Grand Slam,Outdoor,Grass,1st Round,3,Ostapenko J.,Dart H.,31,152,6,3,3,6,6,4,,,,,2,1,15,13,Completed,1.29,3.56
2026-06-29,Wimbledon,Grand Slam,Outdoor,Grass,1st Round,3,Maria T.,Putintseva Y.,96,84,6,4,6,4,,,,,,,2,,12,8,Completed,1.44,2.73
2026-06-29,Wimbledon,Grand Slam,Outdoor,Grass,1st Round,3,Zhang S.,Andreescu B.,64,180,7,6,7,6,,,,,,,2,,14,12,Completed,2.23,1.63
2026-06-29,Wimbledon,Grand Slam,Outdoor,Grass,1st Round,3,Parks A.,Dudeney A.,81,245,6,3,6,3,,,,,,,2,,12,6,Completed,1.48,2.61
2026-06-29,Wimbledon,Grand Slam,Outdoor,Grass,1st Round,3,Ruzic A.,Semenistaja D.,61,104,6,3,3,6,6,3,,,,,2,1,15,12,Completed,1.41,2.82
2026-06-29,Wimbledon,Grand Slam,Outdoor,Grass,1st Round,3,Liu C.,Vandewinkel H.,146,103,4,6,6,3,6,4,,,,,2,1,16,13,Completed,1.63,2.23
2026-06-29,Wimbledon,Grand Slam,Outdoor,Grass,1st Round,3,Osaka N.,Jacquemot E.,14,80,6,1,7,5,,,,,,,2,,13,6,Completed,1.13,5.66
2026-06-29,Wimbledon,Grand Slam,Outdoor,Grass,1st Round,3,Tararudee L.,Tagger L.,99,82,7,6,5,7,6,4,,,,,2,1,18,17,Completed,2.09,1.72
2026-06-29,Wimbledon,Grand Slam,Outdoor,Grass,1st Round,3,Bartunkova N.,Stearns P.,48,63,6,4,3,6,7,5,,,,,2,1,16,15,Completed,1.39,2.93
2026-06-29,Wimbledon,Grand Slam,Outdoor,Grass,1st Round,3,Tjen J.,Fernandez L.A.,42,24,6,1,7,6,,,,,,,2,,13,7,Completed,2.91,1.4
2026-06-29,Wimbledon,Grand Slam,Outdoor,Grass,1st Round,3,Kasatkina D.,Xu M.,65,326,6,2,3,6,6,2,,,,,2,1,15,10,Completed,1.1,6.61
2026-06-29,Wimbledon,Grand Slam,Outdoor,Grass,1st Round,3,Krejcikova B.,Klugman H.,38,416,6,1,6,4,,,,,,,2,,12,5,Completed,1.07,8.38
2026-06-29,Wimbledon,Grand Slam,Outdoor,Grass,1st Round,3,Sabalenka A.,Kostovic T.,1,184,6,2,6,3,,,,,,,2,,12,5,Completed,1.02,14.38
2026-06-29,Wimbledon,Grand Slam,Outdoor,Grass,1st Round,3,Kalinskaya A.,Frech M.,20,44,7,6,6,4,,,,,,,2,,13,10,Completed,1.39,2.9
2026-06-29,Wimbledon,Grand Slam,Outdoor,Grass,1st Round,3,Kessler M.,Oliynykova O.,57,53,6,0,6,0,,,,,,,2,,12,0,Completed,1.14,5.49
2026-06-29,Wimbledon,Grand Slam,Outdoor,Grass,1st Round,3,Yastremska D.,Ito A.,67,228,7,6,4,6,7,5,,,,,2,1,18,17,Completed,1.16,4.95
2026-06-29,Wimbledon,Grand Slam,Outdoor,Grass,1st Round,3,Sierra S.,Bondar A.,56,74,6,3,5,7,7,5,,,,,2,1,18,15,Completed,1.51,2.5
2026-06-29,Wimbledon,Grand Slam,Outdoor,Grass,1st Round,3,Andreeva M.,Linette M.,5,59,7,5,6,4,,,,,,,2,,13,9,Completed,1.18,4.66
2026-06-29,Wimbledon,Grand Slam,Outdoor,Grass,1st Round,3,Siniakova K.,Zheng Q.,36,138,6,4,6,4,,,,,,,2,,12,8,Completed,1.6,2.29
2026-06-29,Wimbledon,Grand Slam,Outdoor,Grass,1st Round,3,Muchova K.,Zakharova A.,9,85,6,3,6,2,,,,,,,2,,12,5,Completed,1.13,5.75
2026-06-29,Wimbledon,Grand Slam,Outdoor,Grass,1st Round,3,Alexandrova E.,Udvardy P.,19,69,6,4,6,2,,,,,,,2,,12,6,Completed,1.2,4.41
2026-06-29,Wimbledon,Grand Slam,Outdoor,Grass,1st Round,3,Gauff C.,Korpatsch T.,7,78,6,2,6,1,,,,,,,2,,12,3,Completed,1.03,12.66
2026-06-29,Wimbledon,Grand Slam,Outdoor,Grass,1st Round,3,Gasanova A.,Arango E.,225,97,6,3,6,1,,,,,,,2,,12,4,Completed,1.89,1.87
2026-06-29,Wimbledon,Grand Slam,Outdoor,Grass,1st Round,3,Parry D.,Jones F.,49,106,6,4,6,4,,,,,,,2,,12,8,Completed,1.29,3.48
2026-06-29,Wimbledon,Grand Slam,Outdoor,Grass,1st Round,3,Bouzas Maneiro J.,Potapova A.,52,28,6,2,6,3,,,,,,,2,,12,5,Completed,2.13,1.68
2026-06-30,Wimbledon,Grand Slam,Outdoor,Grass,1st Round,3,Swan K.,Begu I.,196,173,6,4,6,4,,,,,,,2,,12,8,Completed,1.87,1.89
2026-06-30,Wimbledon,Grand Slam,Outdoor,Grass,1st Round,3,Bouzkova M.,Gibson T.,23,58,6,1,3,6,6,2,,,,,2,1,15,9,Completed,1.35,3.13
2026-06-30,Wimbledon,Grand Slam,Outdoor,Grass,1st Round,3,Rakhimova K.,Kalinina A.,70,66,4,6,6,4,7,5,,,,,2,1,17,15,Completed,2.26,1.61
2026-06-30,Wimbledon,Grand Slam,Outdoor,Grass,1st Round,3,Sakkari M.,Tauson C.,43,25,6,3,6,3,,,,,,,2,,12,6,Completed,2.61,1.48
2026-06-30,Wimbledon,Grand Slam,Outdoor,Grass,1st Round,3,Grant T.C.,Boulter K.,172,60,6,4,6,2,,,,,,,2,,12,6,Completed,3.16,1.34
2026-06-30,Wimbledon,Grand Slam,Outdoor,Grass,1st Round,3,Kenin S.,Marcinko P.,105,47,7,6,6,4,,,,,,,2,,13,10,Completed,2.13,1.69
2026-06-30,Wimbledon,Grand Slam,Outdoor,Grass,1st Round,3,Pliskova Ka.,Valentova T.,73,54,6,3,6,4,,,,,,,2,,12,7,Completed,1.63,2.23
2026-06-30,Wimbledon,Grand Slam,Outdoor,Grass,1st Round,3,Keys M.,Day K.,22,137,6,7,6,4,6,3,,,,,2,1,18,14,Completed,1.07,8.36
2026-06-30,Wimbledon,Grand Slam,Outdoor,Grass,1st Round,3,Anisimova A.,Gjorcheska L.,6,222,6,3,6,2,,,,,,,2,,12,5,Completed,1.04,11.22
2026-06-30,Wimbledon,Grand Slam,Outdoor,Grass,1st Round,3,Paolini J.,Montgomery R.,17,195,0,6,6,4,7,5,,,,,2,1,13,15,Completed,2.28,1.6
2026-06-30,Wimbledon,Grand Slam,Outdoor,Grass,1st Round,3,Golubic V.,Shymanovich I.,62,215,6,2,2,6,6,1,,,,,2,1,14,9,Completed,1.27,3.66
2026-06-30,Wimbledon,Grand Slam,Outdoor,Grass,1st Round,3,Swiatek I.,Townsend T.,3,79,6,1,2,6,6,3,,,,,2,1,14,10,Completed,1.15,5.27
2026-06-30,Wimbledon,Grand Slam,Outdoor,Grass,1st Round,3,Birrell K.,Korneeva A.,72,98,6,3,0,6,6,2,,,,,2,1,12,11,Completed,1.85,1.92
2026-06-30,Wimbledon,Grand Slam,Outdoor,Grass,1st Round,3,Timofeeva M.,Haddad Maia B.,95,134,6,3,6,2,,,,,,,2,,12,5,Completed,1.37,3.0
2026-06-30,Wimbledon,Grand Slam,Outdoor,Grass,1st Round,3,Jeanjean L.,Erjavec V.,132,89,6,4,4,6,7,6,,,,,2,1,17,16,Completed,1.52,2.49
2026-06-30,Wimbledon,Grand Slam,Outdoor,Grass,1st Round,3,Rybakina E.,Boisson L.,2,154,6,4,1,6,6,3,,,,,2,1,13,13,Completed,1.02,19.16
2026-06-30,Wimbledon,Grand Slam,Outdoor,Grass,1st Round,3,Blinkova A.,Starodubtseva Y.,114,55,6,7,6,4,6,1,,,,,2,1,18,12,Completed,2.19,1.66
2026-06-30,Wimbledon,Grand Slam,Outdoor,Grass,1st Round,3,Navarro E.,Badosa P.,26,141,4,6,6,3,7,5,,,,,2,1,17,14,Completed,1.56,2.38
2026-06-30,Wimbledon,Grand Slam,Outdoor,Grass,1st Round,3,McNally C.,Ruse E.G.,50,71,7,5,6,3,,,,,,,2,,13,8,Completed,2.15,1.68
2026-06-30,Wimbledon,Grand Slam,Outdoor,Grass,1st Round,3,Selekhmeteva O.,Kraus S.,91,93,6,1,7,5,,,,,,,2,,13,6,Completed,2.0,1.79
2026-06-30,Wimbledon,Grand Slam,Outdoor,Grass,1st Round,3,Mertens E.,Siegemund L.,27,40,6,2,6,4,,,,,,,2,,12,6,Completed,1.3,3.44
2026-06-30,Wimbledon,Grand Slam,Outdoor,Grass,1st Round,3,Snigur D.,Svitolina E.,77,8,7,5,6,2,,,,,,,2,,13,7,Completed,3.36,1.31
2026-06-30,Wimbledon,Grand Slam,Outdoor,Grass,1st Round,3,Bolkvadze M.,Tomljanovic A.,545,94,6,2,2,6,6,4,,,,,2,1,14,12,Completed,5.5,1.14
2026-06-30,Wimbledon,Grand Slam,Outdoor,Grass,1st Round,3,Eala A.,Zarazua R.,32,75,6,1,6,2,,,,,,,2,,12,3,Completed,1.13,5.61
2026-06-30,Wimbledon,Grand Slam,Outdoor,Grass,1st Round,3,Cirstea S.,Bejlek S.,18,45,6,1,7,6,,,,,,,2,,13,7,Completed,1.29,3.53
2026-06-30,Wimbledon,Grand Slam,Outdoor,Grass,1st Round,3,Krueger A.,Vekic D.,102,34,3,6,7,6,6,4,,,,,2,1,16,16,Completed,2.29,1.6
2026-06-30,Wimbledon,Grand Slam,Outdoor,Grass,1st Round,3,Shnaider D.,Lys E.,15,76,7,5,6,1,,,,,,,2,,13,6,Completed,1.43,2.76
2026-06-30,Wimbledon,Grand Slam,Outdoor,Grass,1st Round,3,Samsonova L.,Kudermetova P.,41,113,6,3,6,3,,,,,,,2,,12,6,Completed,1.53,2.46
2026-06-30,Wimbledon,Grand Slam,Outdoor,Grass,1st Round,3,Noskova L.,Seidel E.,12,100,6,4,6,3,,,,,,,2,,12,7,Completed,1.08,7.61
2026-06-30,Wimbledon,Grand Slam,Outdoor,Grass,1st Round,3,Kostyuk M.,Podoroska N.,13,574,6,1,6,2,,,,,,,2,,12,3,Completed,1.02,18.0
2026-06-30,Wimbledon,Grand Slam,Outdoor,Grass,1st Round,3,Joint M.,Williams S.,87,471,6,3,6,7,6,3,,,,,2,1,18,13,Completed,1.84,1.92
2026-06-30,Wimbledon,Grand Slam,Outdoor,Grass,1st Round,3,Osorio M.,Waltert S.,68,90,6,2,6,1,,,,,,,2,,12,3,Completed,1.49,2.56
2026-07-01,Wimbledon,Grand Slam,Outdoor,Grass,2nd Round,3,Osaka N.,Gasanova A.,14,225,6,3,6,2,,,,,,,2,,12,5,Completed,1.04,10.75
2026-07-01,Wimbledon,Grand Slam,Outdoor,Grass,2nd Round,3,Sawangkaew M.,Parks A.,164,81,7,5,6,0,,,,,,,2,,13,5,Completed,2.16,1.67
2026-07-01,Wimbledon,Grand Slam,Outdoor,Grass,2nd Round,3,Kasatkina D.,Tjen J.,65,42,6,7,6,1,6,4,,,,,2,1,18,12,Completed,1.81,1.96
2026-07-01,Wimbledon,Grand Slam,Outdoor,Grass,2nd Round,3,Ostapenko J.,Ruzic A.,31,61,6,2,6,0,,,,,,,2,,12,2,Completed,1.23,4.0
2026-07-01,Wimbledon,Grand Slam,Outdoor,Grass,2nd Round,3,Liu C.,Sonmez Z.,146,51,7,5,6,3,,,,,,,2,,13,8,Completed,2.68,1.46
2026-07-01,Wimbledon,Grand Slam,Outdoor,Grass,2nd Round,3,Sabalenka A.,Kessler M.,1,57,6,1,7,6,,,,,,,2,,13,7,Completed,1.1,6.59
2026-07-01,Wimbledon,Grand Slam,Outdoor,Grass,2nd Round,3,Bouzas Maneiro J.,Yastremska D.,52,67,6,3,6,7,6,2,,,,,2,1,18,12,Completed,1.75,2.04
2026-07-01,Wimbledon,Grand Slam,Outdoor,Grass,2nd Round,3,Muchova K.,Zhang S.,9,64,6,3,6,2,,,,,,,2,,12,5,Completed,1.11,6.45
2026-07-01,Wimbledon,Grand Slam,Outdoor,Grass,2nd Round,3,Kalinskaya A.,Parry D.,20,49,6,4,3,6,7,6,,,,,2,1,16,16,Completed,1.51,2.53
2026-07-01,Wimbledon,Grand Slam,Outdoor,Grass,2nd Round,3,Gauff C.,Sierra S.,7,56,6,3,3,6,7,6,,,,,2,1,16,15,Completed,1.11,6.25
2026-07-01,Wimbledon,Grand Slam,Outdoor,Grass,2nd Round,3,Bartunkova N.,Siniakova K.,48,36,6,2,6,4,,,,,,,2,,12,6,Completed,2.41,1.55
2026-07-01,Wimbledon,Grand Slam,Outdoor,Grass,2nd Round,3,Krejcikova B.,Andreeva M.,38,5,4,6,7,5,6,4,,,,,2,1,17,15,Completed,2.58,1.49
2026-07-01,Wimbledon,Grand Slam,Outdoor,Grass,2nd Round,3,Pegula J.,Sorribes Tormo S.,4,253,7,6,6,1,,,,,,,2,,13,7,Completed,1.05,10.09
2026-07-01,Wimbledon,Grand Slam,Outdoor,Grass,2nd Round,3,Jovic I.,Maria T.,16,96,6,1,6,2,,,,,,,2,,12,3,Completed,1.39,2.92
2026-07-01,Wimbledon,Grand Slam,Outdoor,Grass,2nd Round,3,Bencic B.,Wang Xin.,11,39,7,5,6,0,,,,,,,2,,13,5,Completed,1.3,3.46
2026-07-01,Wimbledon,Grand Slam,Outdoor,Grass,2nd Round,3,Alexandrova E.,Tararudee L.,19,99,7,5,7,5,,,,,,,2,,14,10,Completed,1.19,4.59
2026-07-02,Wimbledon,Grand Slam,Outdoor,Grass,2nd Round,3,Bouzkova M.,Grant T.C.,23,172,7,5,6,3,,,,,,,2,,13,8,Completed,1.26,3.77
2026-07-02,Wimbledon,Grand Slam,Outdoor,Grass,2nd Round,3,Samsonova L.,Shnaider D.,41,15,6,4,4,6,6,2,,,,,2,1,16,12,Completed,2.12,1.7
2026-07-02,Wimbledon,Grand Slam,Outdoor,Grass,2nd Round,3,Snigur D.,Jeanjean L.,77,132,6,4,6,3,,,,,,,2,,12,7,Completed,1.18,4.74
2026-07-02,Wimbledon,Grand Slam,Outdoor,Grass,2nd Round,3,Navarro E.,Selekhmeteva O.,26,91,3,6,6,4,6,1,,,,,2,1,15,11,Completed,1.18,4.68
2026-07-02,Wimbledon,Grand Slam,Outdoor,Grass,2nd Round,3,Krueger A.,Bolkvadze M.,102,545,6,1,6,0,,,,,,,2,,12,1,Completed,1.15,5.18
2026-07-02,Wimbledon,Grand Slam,Outdoor,Grass,2nd Round,3,Keys M.,Swan K.,22,196,6,1,6,4,,,,,,,2,,12,5,Completed,1.07,7.73
2026-07-02,Wimbledon,Grand Slam,Outdoor,Grass,2nd Round,3,Eala A.,Joint M.,32,87,3,6,6,2,6,0,,,,,2,1,15,8,Completed,1.22,4.05
2026-07-02,Wimbledon,Grand Slam,Outdoor,Grass,2nd Round,3,Swiatek I.,Pliskova Ka.,3,73,6,1,6,3,,,,,,,2,,12,4,Completed,1.26,3.78
2026-07-02,Wimbledon,Grand Slam,Outdoor,Grass,2nd Round,3,Kostyuk M.,Blinkova A.,13,114,6,7,6,3,6,3,,,,,2,1,18,13,Completed,1.14,5.59
2026-07-02,Wimbledon,Grand Slam,Outdoor,Grass,2nd Round,3,Anisimova A.,Kenin S.,6,105,6,2,4,6,7,6,,,,,2,1,17,14,Completed,1.13,5.71
2026-07-02,Wimbledon,Grand Slam,Outdoor,Grass,2nd Round,3,Sakkari M.,Rakhimova K.,43,70,6,3,0,6,7,6,,,,,2,1,13,15,Completed,1.55,2.42
2026-07-02,Wimbledon,Grand Slam,Outdoor,Grass,2nd Round,3,Mertens E.,Timofeeva M.,27,95,2,6,6,3,6,0,,,,,2,1,14,9,Completed,1.19,4.5
2026-07-02,Wimbledon,Grand Slam,Outdoor,Grass,2nd Round,3,Cirstea S.,Birrell K.,18,72,6,3,6,4,,,,,,,2,,12,7,Completed,1.42,2.79
2026-07-02,Wimbledon,Grand Slam,Outdoor,Grass,2nd Round,3,Paolini J.,Golubic V.,17,62,7,6,6,4,,,,,,,2,,13,10,Completed,1.72,2.08
2026-07-02,Wimbledon,Grand Slam,Outdoor,Grass,2nd Round,3,Rybakina E.,McNally C.,2,50,6,1,6,2,,,,,,,2,,12,3,Completed,1.21,4.3
2026-07-02,Wimbledon,Grand Slam,Outdoor,Grass,2nd Round,3,Noskova L.,Osorio M.,12,68,6,3,4,6,6,2,,,,,2,1,16,11,Completed,1.21,4.32
2026-07-03,Wimbledon,Grand Slam,Outdoor,Grass,3rd Round,3,Bencic B.,Kalinskaya A.,11,20,6,4,4,6,7,6,,,,,2,1,17,16,Completed,1.33,3.29
2026-07-03,Wimbledon,Grand Slam,Outdoor,Grass,3rd Round,3,Osaka N.,Kasatkina D.,14,65,6,1,6,3,,,,,,,2,,12,4,Completed,1.17,4.85
2026-07-03,Wimbledon,Grand Slam,Outdoor,Grass,3rd Round,3,Jovic I.,Alexandrova E.,16,19,6,3,3,6,6,4,,,,,2,1,15,13,Completed,1.46,2.67
2026-07-03,Wimbledon,Grand Slam,Outdoor,Grass,3rd Round,3,Pegula J.,Bouzas Maneiro J.,4,52,6,1,6,3,,,,,,,2,,12,4,Completed,1.11,6.47
2026-07-03,Wimbledon,Grand Slam,Outdoor,Grass,3rd Round,3,Krejcikova B.,Bartunkova N.,38,48,6,3,7,5,,,,,,,2,,13,8,Completed,1.52,2.49
2026-07-03,Wimbledon,Grand Slam,Outdoor,Grass,3rd Round,3,Sabalenka A.,Ostapenko J.,1,31,6,4,6,4,,,,,,,2,,12,8,Completed,1.24,3.86
2026-07-03,Wimbledon,Grand Slam,Outdoor,Grass,3rd Round,3,Gauff C.,Liu C.,7,146,6,3,6,7,6,2,,,,,2,1,18,12,Completed,1.13,5.81
2026-07-03,Wimbledon,Grand Slam,Outdoor,Grass,3rd Round,3,Muchova K.,Sawangkaew M.,9,164,6,2,7,6,,,,,,,2,,13,8,Completed,1.07,8.37
2026-07-04,Wimbledon,Grand Slam,Outdoor,Grass,3rd Round,3,Kostyuk M.,Navarro E.,13,26,6,2,4,6,6,1,,,,,2,1,16,9,Completed,1.69,2.15
2026-07-04,Wimbledon,Grand Slam,Outdoor,Grass,3rd Round,3,Bouzkova M.,Samsonova L.,23,41,4,6,7,6,6,4,,,,,2,1,17,16,Completed,1.63,2.26
2026-07-04,Wimbledon,Grand Slam,Outdoor,Grass,3rd Round,3,Krueger A.,Snigur D.,102,77,6,3,6,2,,,,,,,2,,12,5,Completed,2.06,1.74
2026-07-04,Wimbledon,Grand Slam,Outdoor,Grass,3rd Round,3,Mertens E.,Rybakina E.,27,2,7,6,6,1,,,,,,,2,,13,7,Completed,4.3,1.21
2026-07-04,Wimbledon,Grand Slam,Outdoor,Grass,3rd Round,3,Eala A.,Swiatek I.,32,3,7,6,6,2,,,,,,,2,,13,8,Completed,3.8,1.25
2026-07-04,Wimbledon,Grand Slam,Outdoor,Grass,3rd Round,3,Paolini J.,Sakkari M.,17,43,6,1,6,2,,,,,,,2,,12,3,Completed,1.74,2.05
2026-07-04,Wimbledon,Grand Slam,Outdoor,Grass,3rd Round,3,Noskova L.,Cirstea S.,12,18,2,6,6,3,7,6,,,,,2,1,15,15,Completed,1.5,2.54
2026-07-04,Wimbledon,Grand Slam,Outdoor,Grass,3rd Round,3,Keys M.,Anisimova A.,22,6,3,6,6,2,6,3,,,,,2,1,15,11,Completed,1.58,2.35
2026-07-05,Wimbledon,Grand Slam,Outdoor,Grass,4th Round,3,Pegula J.,Jovic I.,4,16,4,6,6,3,6,1,,,,,2,1,16,10,Completed,1.37,3.03
2026-07-05,Wimbledon,Grand Slam,Outdoor,Grass,4th Round,3,Muchova K.,Krejcikova B.,9,38,7,5,5,7,6,3,,,,,2,1,18,15,Completed,1.53,2.48
2026-07-05,Wimbledon,Grand Slam,Outdoor,Grass,4th Round,3,Osaka N.,Sabalenka A.,14,1,6,2,7,6,,,,,,,2,,13,8,Completed,2.84,1.41
2026-07-05,Wimbledon,Grand Slam,Outdoor,Grass,4th Round,3,Gauff C.,Bencic B.,7,11,4,6,6,3,6,4,,,,,2,1,16,13,Completed,1.92,1.85
2026-07-06,Wimbledon,Grand Slam,Outdoor,Grass,4th Round,3,Kostyuk M.,Krueger A.,13,102,6,4,6,4,,,,,,,2,,12,8,Completed,1.37,2.99
2026-07-06,Wimbledon,Grand Slam,Outdoor,Grass,4th Round,3,Mertens E.,Bouzkova M.,27,23,6,4,6,4,,,,,,,2,,12,8,Completed,1.75,2.04
2026-07-06,Wimbledon,Grand Slam,Outdoor,Grass,4th Round,3,Paolini J.,Eala A.,17,32,6,4,4,6,6,3,,,,,2,1,16,13,Completed,2.3,1.59
2026-07-06,Wimbledon,Grand Slam,Outdoor,Grass,4th Round,3,Noskova L.,Keys M.,12,22,6,4,7,6,,,,,,,2,,13,10,Completed,2.23,1.64
2026-07-07,Wimbledon,Grand Slam,Outdoor,Grass,Quarterfinals,3,Gauff C.,Pegula J.,7,4,4,6,6,3,6,3,,,,,2,1,16,12,Completed,2.39,1.56
2026-07-07,Wimbledon,Grand Slam,Outdoor,Grass,Quarterfinals,3,Muchova K.,Osaka N.,9,14,7,6,6,4,,,,,,,2,,13,10,Completed,2.19,1.66
2026-07-08,Wimbledon,Grand Slam,Outdoor,Grass,Quarterfinals,3,Noskova L.,Mertens E.,12,27,6,3,7,5,,,,,,,2,,13,8,Completed,1.56,2.38
2026-07-08,Wimbledon,Grand Slam,Outdoor,Grass,Quarterfinals,3,Kostyuk M.,Paolini J.,13,17,6,3,6,2,,,,,,,2,,12,5,Completed,1.36,3.08
2026-07-09,Wimbledon,Grand Slam,Outdoor,Grass,Semifinals,3,Muchova K.,Gauff C.,9,7,6,2,1,6,7,6,,,,,2,1,14,14,Completed,1.8,1.99
2026-07-09,Wimbledon,Grand Slam,Outdoor,Grass,Semifinals,3,Noskova L.,Kostyuk M.,12,13,6,4,6,4,,,,,,,2,,12,8,Completed,2.12,1.71
2026-07-11,Wimbledon,Grand Slam,Outdoor,Grass,The Final,3,Noskova L.,Muchova K.,12,9,6,2,5,7,6,3,,,,,2,1,17,12,Completed,2.25,1.65
2026-07-13,Athens Open,WTA250,Outdoor,Hard,1st Round,3,Hontama M.,Linette M.,202,51,6,4,7,5,,,,,,,2,,13,9,Completed,4.86,1.16
2026-07-13,Athens Open,WTA250,Outdoor,Hard,1st Round,3,Tagger L.,Argyrokastriti M.,84,725,6,1,6,1,,,,,,,2,,12,2,Completed,1.02,14.54
2026-07-13,Athens Open,WTA250,Outdoor,Hard,1st Round,3,Zheng Q.,Bouzas Maneiro J.,135,62,7,5,6,1,,,,,,,2,,13,6,Completed,1.39,2.92
2026-07-13,Athens Open,WTA250,Outdoor,Hard,1st Round,3,Bejlek S.,Morvayova V.,42,300,6,0,7,5,,,,,,,2,,13,5,Completed,1.08,7.18
2026-07-13,Athens Open,WTA250,Outdoor,Hard,1st Round,3,Dart H.,Hodzic M.,152,334,6,3,3,6,7,6,,,,,2,1,16,15,Completed,1.24,3.81
2026-07-13,Athens Open,WTA250,Outdoor,Hard,1st Round,3,Sakkari M.,Kudermetova P.,37,109,6,0,7,6,,,,,,,2,,13,6,Completed,1.39,2.88
2026-07-13,Athens Open,WTA250,Outdoor,Hard,1st Round,3,Micic E.,Matoula M.,302,301,7,5,6,3,,,,,,,2,,13,8,Completed,1.61,2.24
2026-07-13,Athens Open,WTA250,Outdoor,Hard,1st Round,3,Parks A.,Grammatikopoulou V.,70,500,7,6,6,4,,,,,,,2,,13,10,Completed,1.08,7.16
2026-07-14,Athens Open,WTA250,Outdoor,Hard,1st Round,3,Korneeva A.,Ito A.,90,246,6,2,6,1,,,,,,,2,,12,3,Completed,1.19,4.44
2026-07-14,Athens Open,WTA250,Outdoor,Hard,1st Round,3,Krejcikova B.,Tomova V.,32,207,6,3,6,3,,,,,,,2,,12,6,Completed,1.07,7.81
2026-07-14,Athens Open,WTA250,Outdoor,Hard,1st Round,3,Monnet C.,Masarova R.,205,166,4,6,6,2,7,6,,,,,2,1,17,14,Completed,4.96,1.16
2026-07-14,Athens Open,WTA250,Outdoor,Hard,1st Round,3,Tona M.,Sakellaridi S.,384,442,7,6,5,7,6,2,,,,,2,1,18,15,Completed,2.33,1.56
2026-07-14,Athens Open,WTA250,Outdoor,Hard,1st Round,3,Tauson C.,Hibino N.,30,235,7,5,6,4,,,,,,,2,,13,9,Completed,1.22,4.03
2026-07-14,Athens Open,WTA250,Outdoor,Hard,1st Round,3,Sasnovich A.,Blinkova A.,143,102,3,6,6,2,6,2,,,,,2,1,15,10,Completed,1.66,2.15
2026-07-14,Athens Open,WTA250,Outdoor,Hard,1st Round,3,Li A.,Timofeeva M.,31,79,6,2,6,1,,,,,,,2,,12,3,Completed,1.64,2.18
2026-07-14,Athens Open,WTA250,Outdoor,Hard,1st Round,3,Valentova T.,Costoulas S.,49,157,6,1,6,2,,,,,,,2,,12,3,Completed,1.17,4.62
2026-07-15,Athens Open,WTA250,Outdoor,Hard,2nd Round,3,Zheng Q.,Micic E.,135,302,6,4,6,1,,,,,,,2,,12,5,Completed,1.04,10.03
2026-07-15,Athens Open,WTA250,Outdoor,Hard,2nd Round,3,Sakkari M.,Dart H.,37,152,6,1,6,2,,,,,,,2,,12,3,Completed,1.21,4.19
2026-07-15,Athens Open,WTA250,Outdoor,Hard,2nd Round,3,Parks A.,Hontama M.,70,202,6,7,6,2,7,5,,,,,2,1,19,14,Completed,1.6,2.25
2026-07-15,Athens Open,WTA250,Outdoor,Hard,2nd Round,3,Bejlek S.,Tagger L.,42,84,6,2,6,2,,,,,,,2,,12,4,Completed,1.72,2.07
2026-07-16,Athens Open,WTA250,Outdoor,Hard,2nd Round,3,Korneeva A.,Li A.,90,31,6,2,6,2,,,,,,,2,,12,4,Completed,1.94,1.81
2026-07-16,Athens Open,WTA250,Outdoor,Hard,2nd Round,3,Valentova T.,Sasnovich A.,49,143,6,3,6,2,,,,,,,2,,12,5,Completed,1.39,2.85
2026-07-16,Athens Open,WTA250,Outdoor,Hard,2nd Round,3,Krejcikova B.,Monnet C.,32,205,6,0,6,2,,,,,,,2,,12,2,Completed,1.04,10.14
2026-07-16,Athens Open,WTA250,Outdoor,Hard,2nd Round,3,Tauson C.,Tona M.,30,384,6,4,6,0,,,,,,,2,,12,4,Completed,1.03,11.59
2026-07-17,Athens Open,WTA250,Outdoor,Hard,Quarterfinals,3,Krejcikova B.,Zheng Q.,32,135,6,4,6,4,,,,,,,2,,12,8,Completed,1.79,1.96
2026-07-17,Athens Open,WTA250,Outdoor,Hard,Quarterfinals,3,Korneeva A.,Valentova T.,90,49,7,5,6,3,,,,,,,2,,13,8,Completed,2.07,1.72
2026-07-17,Athens Open,WTA250,Outdoor,Hard,Quarterfinals,3,Sakkari M.,Parks A.,37,70,6,4,6,3,,,,,,,2,,12,7,Completed,1.26,3.68
2026-07-17,Athens Open,WTA250,Outdoor,Hard,Quarterfinals,3,Tauson C.,Bejlek S.,30,42,6,2,6,3,,,,,,,2,,12,5,Completed,1.76,2.0
2026-07-18,Athens Open,WTA250,Outdoor,Hard,Semifinals,3,Sakkari M.,Korneeva A.,37,90,6,1,7,5,,,,,,,2,,13,6,Completed,1.63,2.21
2026-07-18,Athens Open,WTA250,Outdoor,Hard,Semifinals,3,Krejcikova B.,Tauson C.,32,30,6,1,4,6,6,3,,,,,2,1,16,10,Completed,1.63,2.21
2026-07-19,Athens Open,WTA250,Outdoor,Hard,The Final,3,Krejcikova B.,Sakkari M.,32,37,7,6,6,3,,,,,,,2,,13,9,Completed,1.66,2.15
2026-07-13,Iasi Open,WTA250,Outdoor,Clay,1st Round,3,Charaeva A.,Jimenez Kasintseva V.,118,114,6,0,6,1,,,,,,,2,,12,1,Completed,1.45,2.66
2026-07-13,Iasi Open,WTA250,Outdoor,Clay,1st Round,3,Bondar A.,Sorribes Tormo S.,73,212,7,5,6,4,,,,,,,2,,13,9,Completed,1.58,2.32
2026-07-13,Iasi Open,WTA250,Outdoor,Clay,1st Round,3,Marcinko P.,Podoroska N.,45,533,6,2,3,6,6,4,,,,,2,1,15,12,Completed,1.26,3.64
2026-07-13,Iasi Open,WTA250,Outdoor,Clay,1st Round,3,Burel C.,Lepchenko V.,630,172,2,6,7,5,6,3,,,,,2,1,15,14,Completed,1.48,2.58
2026-07-14,Iasi Open,WTA250,Outdoor,Clay,1st Round,3,Zidansek T.,Arango E.,148,96,5,7,6,2,6,3,,,,,2,1,17,12,Completed,2.02,1.75
2026-07-14,Iasi Open,WTA250,Outdoor,Clay,1st Round,3,Avanesyan E.,Uchijima M.,224,108,6,2,6,4,,,,,,,2,,12,6,Completed,1.71,2.09
2026-07-14,Iasi Open,WTA250,Outdoor,Clay,1st Round,3,Quevedo K.,Ruse E.G.,100,72,6,3,6,1,,,,,,,2,,12,4,Completed,2.87,1.39
2026-07-14,Iasi Open,WTA250,Outdoor,Clay,1st Round,3,Sherif M.,Galfi D.,97,137,6,2,6,0,,,,,,,2,,12,2,Completed,1.57,2.33
2026-07-14,Iasi Open,WTA250,Outdoor,Clay,1st Round,3,Putintseva Y.,Liu C.,82,111,7,5,6,2,,,,,,,2,,13,7,Completed,1.59,2.29
2026-07-14,Iasi Open,WTA250,Outdoor,Clay,1st Round,3,Ibragimova A.,Salkova D.,275,127,6,2,7,5,,,,,,,2,,13,7,Completed,2.17,1.65
2026-07-14,Iasi Open,WTA250,Outdoor,Clay,1st Round,3,Oliynykova O.,Oz I.,52,424,7,6,7,6,,,,,,,2,,14,12,Completed,1.2,4.29
2026-07-14,Iasi Open,WTA250,Outdoor,Clay,1st Round,3,Pridankina E.,Bulgaru M.,201,248,7,5,6,1,,,,,,,2,,13,6,Completed,1.2,4.27
2026-07-14,Iasi Open,WTA250,Outdoor,Clay,1st Round,3,Udvardy P.,Romero Gormaz L.,71,146,6,3,4,6,6,3,,,,,2,1,16,12,Completed,1.81,1.96
2026-07-14,Iasi Open,WTA250,Outdoor,Clay,1st Round,3,Badosa P.,Kalinina A.,115,59,6,3,6,1,,,,,,,2,,12,4,Completed,1.57,2.34
2026-07-14,Iasi Open,WTA250,Outdoor,Clay,1st Round,3,Jacquemot E.,Amariei I.D.,107,586,6,4,7,6,,,,,,,2,,13,10,Completed,1.16,4.96
2026-07-14,Iasi Open,WTA250,Outdoor,Clay,1st Round,3,Kawa K.,Waltert S.,142,81,6,1,6,4,,,,,,,2,,12,5,Completed,2.8,1.41
2026-07-15,Iasi Open,WTA250,Outdoor,Clay,2nd Round,3,Putintseva Y.,Charaeva A.,82,118,6,3,6,3,,,,,,,2,,12,6,Completed,1.55,2.37
2026-07-15,Iasi Open,WTA250,Outdoor,Clay,2nd Round,3,Zidansek T.,Bondar A.,148,73,7,6,6,7,7,5,,,,,2,1,20,18,Completed,3.15,1.34
2026-07-15,Iasi Open,WTA250,Outdoor,Clay,2nd Round,3,Burel C.,Jacquemot E.,630,107,6,1,6,1,,,,,,,2,,12,2,Completed,1.56,2.37
2026-07-15,Iasi Open,WTA250,Outdoor,Clay,2nd Round,3,Marcinko P.,Avanesyan E.,45,224,7,6,7,6,,,,,,,2,,14,12,Completed,1.54,2.4
2026-07-16,Iasi Open,WTA250,Outdoor,Clay,2nd Round,3,Sherif M.,Quevedo K.,97,100,6,3,7,6,,,,,,,2,,13,9,Completed,1.55,2.41
2026-07-16,Iasi Open,WTA250,Outdoor,Clay,2nd Round,3,Oliynykova O.,Pridankina E.,52,201,6,1,6,2,,,,,,,2,,12,3,Completed,1.7,2.09
2026-07-16,Iasi Open,WTA250,Outdoor,Clay,2nd Round,3,Badosa P.,Ibragimova A.,115,275,7,6,1,6,6,4,,,,,2,1,14,16,Completed,1.12,5.81
2026-07-16,Iasi Open,WTA250,Outdoor,Clay,2nd Round,3,Udvardy P.,Kawa K.,71,142,1,6,7,5,6,2,,,,,2,1,14,13,Completed,1.73,2.05
2026-07-17,Iasi Open,WTA250,Outdoor,Clay,Quarterfinals,3,Sherif M.,Putintseva Y.,97,82,6,2,3,6,7,6,,,,,2,1,16,14,Completed,2.19,1.65
2026-07-17,Iasi Open,WTA250,Outdoor,Clay,Quarterfinals,3,Oliynykova O.,Burel C.,52,630,6,4,7,5,,,,,,,2,,13,9,Completed,1.68,2.14
2026-07-17,Iasi Open,WTA250,Outdoor,Clay,Quarterfinals,3,Badosa P.,Udvardy P.,115,71,6,4,7,6,,,,,,,2,,13,10,Completed,1.33,3.16
2026-07-17,Iasi Open,WTA250,Outdoor,Clay,Quarterfinals,3,Zidansek T.,Marcinko P.,148,45,6,3,7,5,,,,,,,2,,13,8,Completed,2.61,1.47
2026-07-18,Iasi Open,WTA250,Outdoor,Clay,Semifinals,3,Sherif M.,Oliynykova O.,97,52,6,3,6,1,,,,,,,2,,12,4,Completed,1.75,2.02
2026-07-18,Iasi Open,WTA250,Outdoor,Clay,Semifinals,3,Badosa P.,Zidansek T.,115,148,3,6,7,5,7,6,,,,,2,1,17,17,Completed,1.27,3.63
2026-07-20,Iasi Open,WTA250,Outdoor,Clay,The Final,3,Sherif M.,Badosa P.,97,115,6,4,4,0,,,,,,,1,,10,4,Retired,2.56,1.49
2026-07-20,Hamburg European Open,WTA250,Outdoor,Clay,1st Round,3,Kalinina A.,Quevedo K.,56,101,7,5,6,4,,,,,,,2,,13,9,Completed,1.4,2.86
2026-07-20,Hamburg European Open,WTA250,Outdoor,Clay,1st Round,3,Stusek J.,Podoroska N.,435,537,4,6,6,3,6,4,,,,,2,1,16,13,Completed,3.77,1.25
2026-07-20,Hamburg European Open,WTA250,Outdoor,Clay,1st Round,3,Bondar A.,Uchijima M.,97,110,7,5,6,4,,,,,,,2,,13,9,Completed,1.29,3.48
2026-07-21,Hamburg European Open,WTA250,Outdoor,Clay,1st Round,3,Udvardy P.,Pridankina E.,71,184,6,4,6,2,,,,,,,2,,12,6,Completed,1.61,2.24
2026-07-21,Hamburg European Open,WTA250,Outdoor,Clay,1st Round,3,Kraus S.,Semenistaja D.,80,109,3,6,6,3,6,2,,,,,2,1,15,11,Completed,1.3,3.43
2026-07-21,Hamburg European Open,WTA250,Outdoor,Clay,1st Round,3,Putintseva Y.,Barthel M.,79,223,6,2,7,6,,,,,,,2,,13,8,Completed,1.1,6.55
2026-07-21,Hamburg European Open,WTA250,Outdoor,Clay,1st Round,3,Romero Gormaz L.,Erjavec V.,153,100,6,2,6,2,,,,,,,2,,12,4,Completed,2.05,1.75
2026-07-21,Hamburg European Open,WTA250,Outdoor,Clay,1st Round,3,Noha Akugue N.,Steiner V.,144,544,6,3,2,6,6,2,,,,,2,1,14,11,Completed,1.24,3.9
2026-07-21,Hamburg European Open,WTA250,Outdoor,Clay,1st Round,3,Carle M.,Niemeier J.,231,566,7,5,6,2,,,,,,,2,,13,7,Completed,1.47,2.61
2026-07-21,Hamburg European Open,WTA250,Outdoor,Clay,1st Round,3,Charaeva A.,Sorribes Tormo S.,117,212,3,6,7,5,6,1,,,,,2,1,16,12,Completed,1.7,2.1
2026-07-21,Hamburg European Open,WTA250,Outdoor,Clay,1st Round,3,Korpatsch T.,Jimenez Kasintseva V.,81,119,4,6,7,5,1,0,,,,,1,1,12,11,Retired,1.39,2.89
2026-07-21,Hamburg European Open,WTA250,Outdoor,Clay,1st Round,3,Avanesyan E.,Rus A.,208,187,6,2,6,1,,,,,,,2,,12,3,Completed,1.35,3.09
2026-07-21,Hamburg European Open,WTA250,Outdoor,Clay,1st Round,3,Oliynykova O.,Schunk N.,45,418,6,2,3,6,7,5,,,,,2,1,16,13,Completed,1.32,3.26
2026-07-22,Hamburg European Open,WTA250,Outdoor,Clay,1st Round,3,Sherif M.,Waltert S.,73,91,5,7,6,4,7,6,,,,,2,1,18,17,Completed,1.59,2.27
2026-07-22,Hamburg European Open,WTA250,Outdoor,Clay,1st Round,3,Jacquemot E.,Brockmann T.J.,104,267,7,5,6,1,,,,,,,2,,13,6,Completed,1.53,2.43
2026-07-22,Hamburg European Open,WTA250,Outdoor,Clay,1st Round,3,Badosa P.,Kawa K.,93,131,7,5,6,4,,,,,,,2,,13,9,Completed,1.46,2.62
2026-07-22,Hamburg European Open,WTA250,Outdoor,Clay,2nd Round,3,Kalinina A.,Carle M.,56,231,6,1,6,3,,,,,,,2,,12,4,Completed,1.17,4.79
2026-07-22,Hamburg European Open,WTA250,Outdoor,Clay,2nd Round,3,Charaeva A.,Kraus S.,117,80,5,7,7,5,7,5,,,,,2,1,19,17,Completed,2.37,1.55
2026-07-22,Hamburg European Open,WTA250,Outdoor,Clay,2nd Round,3,Korpatsch T.,Stusek J.,81,435,6,0,3,6,6,3,,,,,2,1,15,9,Completed,1.16,5.03
2026-07-22,Hamburg European Open,WTA250,Outdoor,Clay,2nd Round,3,Bondar A.,Noha Akugue N.,97,144,6,1,3,6,7,5,,,,,2,1,16,12,Completed,1.22,3.97
2026-07-23,Hamburg European Open,WTA250,Outdoor,Clay,2nd Round,3,Sherif M.,Jacquemot E.,73,104,6,2,6,3,,,,,,,2,,12,5,Completed,1.39,2.86
2026-07-23,Hamburg European Open,WTA250,Outdoor,Clay,2nd Round,3,Oliynykova O.,Romero Gormaz L.,45,153,7,6,3,6,6,2,,,,,2,1,16,14,Completed,1.55,2.39
2026-07-23,Hamburg European Open,WTA250,Outdoor,Clay,2nd Round,3,Badosa P.,Udvardy P.,93,71,6,4,6,1,,,,,,,2,,12,5,Completed,1.56,2.35
2026-07-23,Hamburg European Open,WTA250,Outdoor,Clay,2nd Round,3,Avanesyan E.,Putintseva Y.,208,79,6,3,2,6,6,2,,,,,2,1,14,11,Completed,2.54,1.49
2026-07-24,Hamburg European Open,WTA250,Outdoor,Clay,Quarterfinals,3,Bondar A.,Charaeva A.,97,117,6,1,7,6,,,,,,,2,,13,7,Completed,1.54,2.42
2026-07-24,Hamburg European Open,WTA250,Outdoor,Clay,Quarterfinals,3,Sherif M.,Badosa P.,73,93,7,6,6,7,6,4,,,,,2,1,19,17,Completed,2.25,1.61
2026-07-24,Hamburg European Open,WTA250,Outdoor,Clay,Quarterfinals,3,Korpatsch T.,Kalinina A.,81,56,6,3,1,6,6,1,,,,,2,1,13,10,Completed,3.6,1.27
2026-07-25,Hamburg European Open,WTA250,Outdoor,Clay,Semifinals,3,Bondar A.,Avanesyan E.,97,208,7,6,4,6,7,6,,,,,2,1,18,18,Completed,1.51,2.5
2026-07-25,Hamburg European Open,WTA250,Outdoor,Clay,Semifinals,3,Korpatsch T.,Sherif M.,81,73,6,1,2,0,,,,,,,1,,8,1,Retired,2.34,1.56
2026-07-26,Hamburg European Open,WTA250,Outdoor,Clay,The Final,3,Korpatsch T.,Bondar A.,81,97,6,3,6,3,,,,,,,2,,12,6,Completed,2.01,1.77
2026-07-20,Prague Open,WTA250,Outdoor,Hard,1st Round,3,Dodin O.,Oktiabreva A.,362,403,6,3,6,3,,,,,,,2,,12,6,Completed,2.99,1.38
2026-07-20,Prague Open,WTA250,Outdoor,Hard,1st Round,3,Snigur D.,Seidel E.,54,103,7,5,3,6,6,3,,,,,2,1,16,14,Completed,1.21,4.28
2026-07-20,Prague Open,WTA250,Outdoor,Hard,1st Round,3,Bouzkova M.,Bouzas Maneiro J.,21,59,7,5,7,5,,,,,,,2,,14,10,Completed,1.32,3.28
2026-07-20,Prague Open,WTA250,Outdoor,Hard,1st Round,3,Lee C.Y.,Podrez V.,179,140,6,1,5,7,6,2,,,,,2,1,17,10,Completed,1.66,2.17
2026-07-20,Prague Open,WTA250,Outdoor,Hard,1st Round,3,Havlickova L.,Parks A.,226,66,6,2,6,4,,,,,,,2,,12,6,Completed,2.7,1.44
2026-07-20,Prague Open,WTA250,Outdoor,Hard,1st Round,3,Aksu A.,Costoulas S.,216,155,2,6,6,3,6,4,,,,,2,1,14,13,Completed,2.91,1.39
2026-07-20,Prague Open,WTA250,Outdoor,Hard,1st Round,3,Salkova D.,Ruzic A.,127,50,7,6,6,4,,,,,,,2,,13,10,Completed,2.06,1.73
2026-07-21,Prague Open,WTA250,Outdoor,Hard,1st Round,3,Hontama M.,Parry D.,203,60,6,4,6,0,,,,,,,2,,12,4,Completed,2.59,1.48
2026-07-21,Prague Open,WTA250,Outdoor,Hard,1st Round,3,Timofeeva M.,Sasnovich A.,84,133,6,3,6,4,,,,,,,2,,12,7,Completed,2.02,1.76
2026-07-21,Prague Open,WTA250,Outdoor,Hard,1st Round,3,Bartunkova N.,Yuan Y.,44,121,3,6,6,4,6,1,,,,,2,1,15,11,Completed,1.3,3.43
2026-07-21,Prague Open,WTA250,Outdoor,Hard,1st Round,3,Joint M.,Samson L.,77,150,6,4,3,6,6,2,,,,,2,1,15,12,Completed,1.54,2.41
2026-07-21,Prague Open,WTA250,Outdoor,Hard,1st Round,3,Tagger L.,Gao X.,74,244,6,2,6,4,,,,,,,2,,12,6,Completed,1.53,2.46
2026-07-21,Prague Open,WTA250,Outdoor,Hard,1st Round,3,Valentova T.,Hon P.,63,158,6,3,6,1,,,,,,,2,,12,4,Completed,1.09,6.77
2026-07-21,Prague Open,WTA250,Outdoor,Hard,1st Round,3,Tararudee L.,Kovackova J.,82,553,6,3,5,7,6,2,,,,,2,1,17,12,Completed,1.26,3.68
2026-07-21,Prague Open,WTA250,Outdoor,Hard,1st Round,3,Bejlek S.,Blinkova A.,40,105,7,6,3,6,6,1,,,,,2,1,16,13,Completed,1.51,2.5
2026-07-21,Prague Open,WTA250,Outdoor,Hard,1st Round,3,Krejcikova B.,Fruhvirtova L.,26,180,6,2,6,4,,,,,,,2,,12,6,Completed,1.13,5.6
2026-07-22,Prague Open,WTA250,Outdoor,Hard,2nd Round,3,Snigur D.,Aksu A.,54,216,6,3,6,2,,,,,,,2,,12,5,Completed,1.1,6.7
2026-07-22,Prague Open,WTA250,Outdoor,Hard,2nd Round,3,Bouzkova M.,Lee C.Y.,21,179,7,5,6,4,,,,,,,2,,13,9,Completed,1.17,4.87
2026-07-22,Prague Open,WTA250,Outdoor,Hard,2nd Round,3,Valentova T.,Joint M.,63,77,1,6,6,0,6,3,,,,,2,1,13,9,Completed,1.31,3.35
2026-07-22,Prague Open,WTA250,Outdoor,Hard,2nd Round,3,Salkova D.,Dodin O.,127,362,6,1,6,1,,,,,,,2,,12,2,Completed,1.34,3.16
2026-07-23,Prague Open,WTA250,Outdoor,Hard,2nd Round,3,Tararudee L.,Bartunkova N.,82,44,7,6,3,6,7,6,,,,,2,1,17,18,Completed,2.65,1.46
2026-07-23,Prague Open,WTA250,Outdoor,Hard,2nd Round,3,Tagger L.,Hontama M.,74,203,6,4,6,4,,,,,,,2,,12,8,Completed,1.37,2.98
2026-07-23,Prague Open,WTA250,Outdoor,Hard,2nd Round,3,Bejlek S.,Timofeeva M.,40,84,6,1,6,1,,,,,,,2,,12,2,Completed,1.63,2.24
2026-07-23,Prague Open,WTA250,Outdoor,Hard,2nd Round,3,Krejcikova B.,Havlickova L.,26,226,6,4,6,2,,,,,,,2,,12,6,Completed,1.08,7.11
2026-07-24,Prague Open,WTA250,Outdoor,Hard,Quarterfinals,3,Snigur D.,Tararudee L.,54,82,6,0,6,3,,,,,,,2,,12,3,Completed,1.45,2.67
2026-07-24,Prague Open,WTA250,Outdoor,Hard,Quarterfinals,3,Valentova T.,Bouzkova M.,63,21,2,6,6,4,7,6,,,,,2,1,15,16,Completed,2.43,1.53
2026-07-24,Prague Open,WTA250,Outdoor,Hard,Quarterfinals,3,Tagger L.,Bejlek S.,74,40,6,3,6,4,,,,,,,2,,12,7,Completed,2.83,1.4
2026-07-24,Prague Open,WTA250,Outdoor,Hard,Quarterfinals,3,Krejcikova B.,Salkova D.,26,127,6,3,6,3,,,,,,,2,,12,6,Completed,1.1,6.52
2026-07-25,Prague Open,WTA250,Outdoor,Hard,Semifinals,3,Snigur D.,Valentova T.,54,63,7,6,6,3,,,,,,,2,,13,9,Completed,2.17,1.66
2026-07-25,Prague Open,WTA250,Outdoor,Hard,Semifinals,3,Tagger L.,Krejcikova B.,74,26,6,7,6,3,7,6,,,,,2,1,19,16,Completed,5.14,1.15
2026-07-26,Prague Open,WTA250,Outdoor,Hard,The Final,3,Tagger L.,Snigur D.,74,54,7,6,6,2,,,,,,,2,,13,8,Completed,2.25,1.62
2026-07-27,Memphis Classic,WTA250,Outdoor,Hard,1st Round,3,Joint M.,Osuigwe W.,76,197,6,4,6,1,,,,,,,2,,12,5,Completed,1.22,4.07
2026-07-27,Memphis Classic,WTA250,Outdoor,Hard,1st Round,3,Volynets K.,Golubic V.,93,51,7,5,2,6,7,6,,,,,2,1,16,17,Completed,1.56,2.38
2026-07-27,Memphis Classic,WTA250,Outdoor,Hard,1st Round,3,Zakharova A.,Fruhvirtova L.,101,176,7,6,6,1,,,,,,,2,,13,7,Completed,1.48,2.55
2026-07-27,Memphis Classic,WTA250,Outdoor,Hard,1st Round,3,Maria T.,Gibson T.,79,72,6,0,6,3,,,,,,,2,,12,3,Completed,2.3,1.58
2026-07-27,Memphis Classic,WTA250,Outdoor,Hard,1st Round,3,Shymanovich I.,Brantmeier R.,205,486,6,4,6,3,,,,,,,2,,12,7,Completed,1.76,2.01
2026-07-28,Memphis Classic,WTA250,Outdoor,Hard,1st Round,3,Prozorova T.,Sierra S.,181,86,6,1,5,7,6,2,,,,,2,1,17,10,Completed,1.75,2.02
2026-07-28,Memphis Classic,WTA250,Outdoor,Hard,1st Round,3,Osorio M.,Hunter S.,56,180,7,5,7,5,,,,,,,2,,14,10,Completed,1.36,3.03
2026-07-28,Memphis Classic,WTA250,Outdoor,Hard,1st Round,3,Kalieva E.,Sebov K.,132,231,6,1,7,6,,,,,,,2,,13,7,Completed,1.46,2.64
2026-07-28,Memphis Classic,WTA250,Outdoor,Hard,1st Round,3,Liutova K.,Alexandrova E.,229,19,7,6,4,6,5,4,,,,,1,1,16,16,Retired,2.81,1.41
2026-07-28,Memphis Classic,WTA250,Outdoor,Hard,1st Round,3,Sonmez Z.,Brace C.,52,254,6,4,3,6,6,3,,,,,2,1,15,13,Completed,1.14,5.44
2026-07-28,Memphis Classic,WTA250,Outdoor,Hard,1st Round,3,McNally C.,Wang Xiy.,73,94,4,6,6,3,7,6,,,,,2,1,17,15,Completed,1.53,2.45
2026-07-28,Memphis Classic,WTA250,Outdoor,Hard,1st Round,3,Stearns P.,Stoiana M.,58,124,6,7,6,0,6,4,,,,,2,1,18,11,Completed,1.56,2.35
2026-07-28,Memphis Classic,WTA250,Outdoor,Hard,1st Round,3,Stephens S.,Starodubtseva Y.,320,62,6,4,5,7,6,2,,,,,2,1,17,13,Completed,2.79,1.41
2026-07-28,Memphis Classic,WTA250,Outdoor,Hard,1st Round,3,Vidmanova D.,Bassols M.,114,130,6,2,3,6,6,4,,,,,2,1,15,12,Completed,1.46,2.65
2026-07-29,Memphis Classic,WTA250,Outdoor,Hard,1st Round,3,Ma Y.,Birrell K.,194,66,7,6,6,4,,,,,,,2,,13,10,Completed,4.78,1.17
2026-07-29,Memphis Classic,WTA250,Outdoor,Hard,1st Round,3,Zarazua R.,Kessler M.,83,47,6,4,6,1,,,,,,,2,,12,5,Completed,3.69,1.25
2026-07-29,Memphis Classic,WTA250,Outdoor,Hard,2nd Round,3,Volynets K.,Shymanovich I.,93,205,6,4,6,2,,,,,,,2,,12,6,Completed,1.25,3.77
2026-07-29,Memphis Classic,WTA250,Outdoor,Hard,2nd Round,3,Zakharova A.,Osorio M.,101,56,6,4,6,3,,,,,,,2,,12,7,Completed,2.79,1.41
2026-07-29,Memphis Classic,WTA250,Outdoor,Hard,2nd Round,3,Kalieva E.,Sonmez Z.,132,52,3,6,7,5,7,5,,,,,2,1,17,16,Completed,2.57,1.49
2026-07-30,Memphis Classic,WTA250,Outdoor,Hard,2nd Round,3,Zarazua R.,Maria T.,83,79,6,4,6,4,,,,,,,2,,12,8,Completed,2.31,1.58
2026-07-30,Memphis Classic,WTA250,Outdoor,Hard,2nd Round,3,Liutova K.,Joint M.,229,76,3,6,6,3,6,3,,,,,2,1,15,12,Completed,2.29,1.6
2026-07-30,Memphis Classic,WTA250,Outdoor,Hard,2nd Round,3,McNally C.,Ma Y.,73,194,6,2,6,3,,,,,,,2,,12,5,Completed,1.13,5.52
2026-07-30,Memphis Classic,WTA250,Outdoor,Hard,2nd Round,3,Stearns P.,Prozorova T.,58,181,6,1,6,2,,,,,,,2,,12,3,Completed,1.56,2.36
2026-07-31,Memphis Classic,WTA250,Outdoor,Hard,2nd Round,3,Vidmanova D.,Stephens S.,114,320,6,2,6,4,,,,,,,2,,12,6,Completed,1.58,2.31
2026-07-31,Memphis Classic,WTA250,Outdoor,Hard,Quarterfinals,3,Liutova K.,McNally C.,229,73,6,3,6,4,,,,,,,2,,12,7,Completed,2.91,1.38
2026-07-31,Memphis Classic,WTA250,Outdoor,Hard,Quarterfinals,3,Kalieva E.,Stearns P.,132,58,6,1,2,6,6,3,,,,,2,1,14,10,Completed,3.39,1.3
2026-08-01,Memphis Classic,WTA250,Outdoor,Hard,Quarterfinals,3,Zarazua R.,Zakharova A.,83,101,6,4,6,0,,,,,,,2,,12,4,Completed,2.3,1.59
2026-08-01,Memphis Classic,WTA250,Outdoor,Hard,Quarterfinals,3,Vidmanova D.,Volynets K.,114,93,6,4,6,7,6,1,,,,,2,1,18,12,Completed,2.67,1.45
2026-08-01,Memphis Classic,WTA250,Outdoor,Hard,Semifinals,3,Liutova K.,Kalieva E.,229,132,7,5,6,1,,,,,,,2,,13,6,Completed,1.66,2.16
2026-08-01,Memphis Classic,WTA250,Outdoor,Hard,Semifinals,3,Vidmanova D.,Zarazua R.,114,83,6,3,6,3,,,,,,,2,,12,6,Completed,1.65,2.18
2026-08-02,Memphis Classic,WTA250,Outdoor,Hard,The Final,3,Liutova K.,Vidmanova D.,229,114,1,6,6,1,6,3,,,,,2,1,13,10,Completed,1.84,1.91
2026-07-27,Citi Open,WTA500,Outdoor,Hard,1st Round,3,Cocciaretto E.,Tauson C.,71,30,4,6,7,6,7,6,,,,,2,1,18,18,Completed,2.99,1.37
2026-07-27,Citi Open,WTA500,Outdoor,Hard,1st Round,3,Fernandez L.A.,Linette M.,34,65,6,1,6,4,,,,,,,2,,12,5,Completed,1.51,2.52
2026-07-27,Citi Open,WTA500,Outdoor,Hard,1st Round,3,Navarro E.,Kenin S.,26,116,6,0,7,5,,,,,,,2,,13,5,Completed,1.35,3.07
2026-07-27,Citi Open,WTA500,Outdoor,Hard,1st Round,3,Samsonova L.,Keys M.,70,22,3,6,6,4,6,4,,,,,2,1,15,14,Completed,3.5,1.29
2026-07-28,Citi Open,WTA500,Outdoor,Hard,1st Round,3,Tjen J.,Sramkova R.,37,141,6,4,6,2,,,,,,,2,,12,6,Completed,1.56,2.36
2026-07-28,Citi Open,WTA500,Outdoor,Hard,1st Round,3,Krueger A.,Boulter K.,67,69,3,6,6,2,6,2,,,,,2,1,15,10,Completed,1.55,2.41
2026-07-28,Citi Open,WTA500,Outdoor,Hard,1st Round,3,Kudermetova P.,Bucsa C.,108,40,5,7,7,6,6,0,,,,,2,1,18,13,Completed,1.68,2.14
2026-07-28,Citi Open,WTA500,Outdoor,Hard,1st Round,3,Wang Xin.,Pareja J.,42,308,7,6,6,3,,,,,,,2,,13,9,Completed,1.65,2.19
2026-07-28,Citi Open,WTA500,Outdoor,Hard,1st Round,3,Eala A.,Zheng Q.,28,123,4,6,6,4,6,1,,,,,2,1,16,11,Completed,2.13,1.68
2026-07-28,Citi Open,WTA500,Outdoor,Hard,1st Round,3,Kalinskaya A.,Kasatkina D.,20,61,6,4,6,1,,,,,,,2,,12,5,Completed,1.44,2.7
2026-07-28,Citi Open,WTA500,Outdoor,Hard,1st Round,3,Frech M.,Li A.,48,31,6,4,6,3,,,,,,,2,,12,7,Completed,2.8,1.4
2026-07-29,Citi Open,WTA500,Outdoor,Hard,1st Round,3,Potapova A.,Williams V.,27,664,6,3,6,3,,,,,,,2,,12,6,Completed,1.13,5.7
2026-07-29,Citi Open,WTA500,Outdoor,Hard,2nd Round,3,Eala A.,Fernandez L.A.,28,34,6,2,7,6,,,,,,,2,,13,8,Completed,1.77,2.0
2026-07-29,Citi Open,WTA500,Outdoor,Hard,2nd Round,3,Samsonova L.,Wang Xin.,70,42,6,2,6,2,,,,,,,2,,12,4,Completed,1.51,2.5
2026-07-29,Citi Open,WTA500,Outdoor,Hard,2nd Round,3,Cocciaretto E.,Navarro E.,71,26,6,3,4,6,6,3,,,,,2,1,16,12,Completed,2.64,1.46
2026-07-29,Citi Open,WTA500,Outdoor,Hard,2nd Round,3,Osaka N.,Krueger A.,13,67,6,3,3,1,,,,,,,1,,9,4,Retired,1.37,3.02
2026-07-30,Citi Open,WTA500,Outdoor,Hard,2nd Round,3,Kalinskaya A.,Tjen J.,20,37,1,6,6,3,7,6,,,,,2,1,14,15,Completed,1.35,3.08
2026-07-30,Citi Open,WTA500,Outdoor,Hard,2nd Round,3,Pegula J.,Frech M.,3,48,3,6,6,3,6,0,,,,,2,1,15,9,Completed,1.08,7.38
2026-07-31,Citi Open,WTA500,Outdoor,Hard,2nd Round,3,Shnaider D.,Potapova A.,18,27,6,1,6,2,,,,,,,2,,12,3,Completed,1.79,1.97
2026-07-31,Citi Open,WTA500,Outdoor,Hard,2nd Round,3,Svitolina E.,Kudermetova P.,10,108,7,6,6,4,,,,,,,2,,13,10,Completed,1.22,4.14
2026-07-31,Citi Open,WTA500,Outdoor,Hard,Quarterfinals,3,Pegula J.,Kalinskaya A.,3,20,6,3,7,5,,,,,,,2,,13,8,Completed,1.33,3.23
2026-07-31,Citi Open,WTA500,Outdoor,Hard,Quarterfinals,3,Osaka N.,Cocciaretto E.,13,71,4,6,6,4,6,3,,,,,2,1,16,13,Completed,1.15,5.22
2026-07-31,Citi Open,WTA500,Outdoor,Hard,Quarterfinals,3,Shnaider D.,Samsonova L.,18,70,6,3,6,4,,,,,,,2,,12,7,Completed,1.77,2.0
2026-08-01,Citi Open,WTA500,Outdoor,Hard,Quarterfinals,3,Eala A.,Svitolina E.,28,10,6,3,6,4,,,,,,,2,,12,7,Completed,2.23,1.62
2026-08-01,Citi Open,WTA500,Outdoor,Hard,Semifinals,3,Pegula J.,Shnaider D.,3,18,7,5,6,4,,,,,,,2,,13,9,Completed,1.24,3.84
2026-08-01,Citi Open,WTA500,Outdoor,Hard,Semifinals,3,Eala A.,Osaka N.,28,13,6,4,6,2,,,,,,,2,,12,6,Completed,2.32,1.57
2026-08-03,Citi Open,WTA500,Outdoor,Hard,The Final,3,Eala A.,Pegula J.,28,3,4,6,6,4,6,0,,,,,2,1,16,10,Completed,2.36,1.56
2026-08-02,Canadian Open,WTA1000,Outdoor,Hard,1st Round,3,Rakhimova K.,Williams V.,82,664,6,4,6,1,,,,,,,2,,12,5,Completed,1.22,4.09
2026-08-02,Canadian Open,WTA1000,Outdoor,Hard,1st Round,3,Golubic V.,Birrell K.,51,66,7,6,6,4,,,,,,,2,,13,10,Completed,1.92,1.84
2026-08-02,Canadian Open,WTA1000,Outdoor,Hard,1st Round,3,Bouzas Maneiro J.,Arseneault A.,59,407,6,2,6,4,,,,,,,2,,12,6,Completed,1.11,6.39
2026-08-02,Canadian Open,WTA1000,Outdoor,Hard,1st Round,3,Bejlek S.,Wang Xiy.,38,94,6,3,4,6,7,5,,,,,2,1,17,14,Completed,1.6,2.26
2026-08-02,Canadian Open,WTA1000,Outdoor,Hard,1st Round,3,Sebov K.,Ito A.,231,235,6,3,6,4,,,,,,,2,,12,7,Completed,2.27,1.61
2026-08-02,Canadian Open,WTA1000,Outdoor,Hard,1st Round,3,Uchijima M.,Bucsa C.,107,40,6,3,6,4,,,,,,,2,,12,7,Completed,2.13,1.69
2026-08-02,Canadian Open,WTA1000,Outdoor,Hard,1st Round,3,Osorio M.,Stefanini L.,56,144,7,6,6,3,,,,,,,2,,13,9,Completed,1.36,3.04
2026-08-03,Canadian Open,WTA1000,Outdoor,Hard,1st Round,3,Bondar A.,Kalinina A.,77,54,6,4,7,5,,,,,,,2,,13,9,Completed,2.49,1.51
2026-08-03,Canadian Open,WTA1000,Outdoor,Hard,1st Round,3,Korneeva A.,Kudermetova P.,89,108,6,0,3,0,,,,,,,1,,9,0,Retired,1.44,2.7
2026-08-03,Canadian Open,WTA1000,Outdoor,Hard,1st Round,3,Pliskova Ka.,Oliynykova O.,63,44,6,4,6,4,,,,,,,2,,12,8,Completed,1.28,3.63
2026-08-03,Canadian Open,WTA1000,Outdoor,Hard,1st Round,3,Day K.,Parry D.,127,60,3,6,6,3,7,5,,,,,2,1,16,14,Completed,1.65,2.2
2026-08-03,Canadian Open,WTA1000,Outdoor,Hard,1st Round,3,Cross K.,Boulter K.,172,69,7,6,7,5,,,,,,,2,,14,11,Completed,3.39,1.3
2026-08-03,Canadian Open,WTA1000,Outdoor,Hard,1st Round,3,Gibson T.,Cocciaretto E.,72,71,6,2,3,2,,,,,,,1,,9,4,Retired,2.27,1.61
2026-08-03,Canadian Open,WTA1000,Outdoor,Hard,1st Round,3,Kessler M.,Brace C.,47,254,6,3,6,3,,,,,,,2,,12,6,Completed,1.15,5.22
2026-08-03,Canadian Open,WTA1000,Outdoor,Hard,1st Round,3,Sramkova R.,Blinkova A.,141,104,6,3,6,3,,,,,,,2,,12,6,Completed,2.16,1.68
2026-08-03,Canadian Open,WTA1000,Outdoor,Hard,1st Round,3,Ruse E.G.,Stearns P.,75,58,6,0,7,5,,,,,,,2,,13,5,Completed,2.07,1.73
2026-08-03,Canadian Open,WTA1000,Outdoor,Hard,1st Round,3,Zhang S.,Putintseva Y.,57,81,6,4,6,1,,,,,,,2,,12,5,Completed,2.69,1.45
2026-08-03,Canadian Open,WTA1000,Outdoor,Hard,1st Round,3,Frech M.,Jeanjean L.,48,117,7,5,6,3,,,,,,,2,,13,8,Completed,1.52,2.48
2026-08-03,Canadian Open,WTA1000,Outdoor,Hard,1st Round,3,Bartunkova N.,Andreescu B.,41,174,7,5,6,4,,,,,,,2,,13,9,Completed,1.62,2.26
2026-08-03,Canadian Open,WTA1000,Outdoor,Hard,1st Round,3,Tararudee L.,Jones E.,78,139,7,6,6,2,,,,,,,2,,13,8,Completed,1.42,2.77
2026-08-03,Canadian Open,WTA1000,Outdoor,Hard,1st Round,3,Samsonova L.,Tjen J.,70,37,7,6,7,5,,,,,,,2,,14,11,Completed,1.53,2.46
2026-08-03,Canadian Open,WTA1000,Outdoor,Hard,1st Round,3,Ruzic A.,Boisson L.,55,292,4,6,6,1,6,3,,,,,2,1,16,10,Completed,1.88,1.88
2026-08-03,Canadian Open,WTA1000,Outdoor,Hard,1st Round,3,Linette M.,Zhao C.,65,620,4,6,6,1,6,4,,,,,2,1,16,11,Completed,1.06,8.48
2026-08-03,Canadian Open,WTA1000,Outdoor,Hard,1st Round,3,Parks A.,Jimenez Kasintseva V.,68,120,6,4,6,4,,,,,,,2,,12,8,Completed,1.62,2.25
2026-08-03,Canadian Open,WTA1000,Outdoor,Hard,1st Round,3,Joint M.,Starodubtseva Y.,76,62,4,6,6,1,6,3,,,,,2,1,16,10,Completed,2.18,1.66
2026-08-03,Canadian Open,WTA1000,Outdoor,Hard,1st Round,3,Townsend T.,Valentova T.,105,64,6,4,7,5,,,,,,,2,,13,9,Completed,2.65,1.46
2026-08-03,Canadian Open,WTA1000,Outdoor,Hard,1st Round,3,Udvardy P.,Lys E.,74,85,2,6,7,6,2,0,,,,,1,1,11,12,Retired,2.56,1.49
2026-08-03,Canadian Open,WTA1000,Outdoor,Hard,1st Round,3,Zarazua R.,Korpatsch T.,83,46,6,4,0,6,6,1,,,,,2,1,12,11,Completed,1.59,2.32
2026-08-04,Canadian Open,WTA1000,Outdoor,Hard,1st Round,3,Sonmez Z.,Marino R.,52,339,7,5,6,4,,,,,,,2,,13,9,Completed,1.3,3.44
2026-08-04,Canadian Open,WTA1000,Outdoor,Hard,1st Round,3,McNally C.,Maria T.,73,79,4,6,7,6,6,1,,,,,2,1,17,13,Completed,1.56,2.39
2026-08-04,Canadian Open,WTA1000,Outdoor,Hard,1st Round,3,Stephens S.,Sierra S.,307,86,6,3,6,4,,,,,,,2,,12,7,Completed,1.99,1.79
2026-08-04,Canadian Open,WTA1000,Outdoor,Hard,1st Round,3,Kasatkina D.,Wang Xin.,61,42,1,6,7,6,7,5,,,,,2,1,15,17,Completed,1.88,1.89
2026-08-04,Canadian Open,WTA1000,Outdoor,Hard,2nd Round,3,Svitolina E.,Bouzas Maneiro J.,10,59,6,7,7,6,6,4,,,,,2,1,19,17,Completed,1.15,5.14
2026-08-04,Canadian Open,WTA1000,Outdoor,Hard,2nd Round,3,Swiatek I.,Bejlek S.,8,38,6,0,6,3,,,,,,,2,,12,3,Completed,1.09,7.09
2026-08-04,Canadian Open,WTA1000,Outdoor,Hard,2nd Round,3,Alexandrova E.,Osorio M.,19,56,6,3,7,6,,,,,,,2,,13,9,Completed,2.0,1.77
2026-08-04,Canadian Open,WTA1000,Outdoor,Hard,2nd Round,3,Golubic V.,Vekic D.,51,35,5,7,6,2,6,3,,,,,2,1,17,12,Completed,2.16,1.67
2026-08-04,Canadian Open,WTA1000,Outdoor,Hard,2nd Round,3,Shnaider D.,Sramkova R.,18,141,6,2,4,6,6,1,,,,,2,1,16,9,Completed,1.21,4.28
2026-08-04,Canadian Open,WTA1000,Outdoor,Hard,2nd Round,3,Kostyuk M.,Sebov K.,11,231,7,6,6,0,,,,,,,2,,13,6,Completed,1.04,11.28
2026-08-04,Canadian Open,WTA1000,Outdoor,Hard,2nd Round,3,Gibson T.,Chwalinska M.,72,21,7,5,6,1,,,,,,,2,,13,6,Completed,1.7,2.11
2026-08-04,Canadian Open,WTA1000,Outdoor,Hard,2nd Round,3,Potapova A.,Ruse E.G.,27,75,6,4,6,2,,,,,,,2,,12,6,Completed,1.83,1.93
2026-08-04,Canadian Open,WTA1000,Outdoor,Hard,2nd Round,3,Keys M.,Ruzic A.,22,55,6,1,6,2,,,,,,,2,,12,3,Completed,1.18,4.73
2026-08-04,Canadian Open,WTA1000,Outdoor,Hard,2nd Round,3,Zhang S.,Ostapenko J.,57,29,6,0,4,0,,,,,,,1,,10,0,Retired,2.86,1.4
2026-08-04,Canadian Open,WTA1000,Outdoor,Hard,2nd Round,3,Kalinskaya A.,Kessler M.,20,47,6,2,6,7,6,4,,,,,2,1,18,13,Completed,1.56,2.38
2026-08-04,Canadian Open,WTA1000,Outdoor,Hard,2nd Round,3,Rakhimova K.,Siniakova K.,82,36,6,7,6,0,5,2,,,,,1,1,17,9,Retired,2.55,1.49
2026-08-05,Canadian Open,WTA1000,Outdoor,Hard,2nd Round,3,Sabalenka A.,Uchijima M.,1,107,6,3,6,3,,,,,,,2,,12,6,Completed,1.04,11.28
2026-08-05,Canadian Open,WTA1000,Outdoor,Hard,2nd Round,3,Bartunkova N.,Tauson C.,41,30,6,3,6,4,,,,,,,2,,12,7,Completed,1.93,1.83
2026-08-05,Canadian Open,WTA1000,Outdoor,Hard,2nd Round,3,Li A.,Cross K.,31,172,7,6,6,3,,,,,,,2,,13,9,Completed,1.28,3.62
2026-08-05,Canadian Open,WTA1000,Outdoor,Hard,2nd Round,3,Townsend T.,Bouzkova M.,105,24,7,6,7,5,,,,,,,2,,14,11,Completed,2.1,1.71
2026-08-05,Canadian Open,WTA1000,Outdoor,Hard,2nd Round,3,Rybakina E.,Kasatkina D.,2,61,6,3,5,7,6,4,,,,,2,1,17,14,Completed,1.13,5.64
2026-08-05,Canadian Open,WTA1000,Outdoor,Hard,2nd Round,3,Bencic B.,Stephens S.,14,307,6,3,6,1,,,,,,,2,,12,4,Completed,1.12,6.16
2026-08-05,Canadian Open,WTA1000,Outdoor,Hard,2nd Round,3,Pegula J.,Frech M.,3,48,3,6,6,3,6,2,,,,,2,1,15,11,Completed,1.1,6.93
2026-08-05,Canadian Open,WTA1000,Outdoor,Hard,2nd Round,3,Jovic I.,Linette M.,16,65,6,3,7,5,,,,,,,2,,13,8,Completed,1.23,4.08
2026-08-05,Canadian Open,WTA1000,Outdoor,Hard,2nd Round,3,Korneeva A.,Navarro E.,89,26,6,2,6,2,,,,,,,2,,12,4,Completed,1.96,1.82
2026-08-05,Canadian Open,WTA1000,Outdoor,Hard,2nd Round,3,Andreeva M.,Pliskova Ka.,5,63,6,0,6,2,,,,,,,2,,12,2,Completed,1.2,4.36
2026-08-05,Canadian Open,WTA1000,Outdoor,Hard,2nd Round,3,Gauff C.,Day K.,4,127,6,2,7,5,,,,,,,2,,13,7,Completed,1.07,8.31
2026-08-05,Canadian Open,WTA1000,Outdoor,Hard,2nd Round,3,Sakkari M.,Sonmez Z.,33,52,6,3,6,2,,,,,,,2,,12,5,Completed,1.56,2.4
2026-08-05,Canadian Open,WTA1000,Outdoor,Hard,2nd Round,3,Mertens E.,Bondar A.,23,77,3,6,6,4,6,4,,,,,2,1,15,14,Completed,1.33,3.28
2026-08-05,Canadian Open,WTA1000,Outdoor,Hard,2nd Round,3,Osaka N.,Udvardy P.,13,74,6,2,6,4,,,,,,,2,,12,6,Completed,1.06,8.84
2026-08-05,Canadian Open,WTA1000,Outdoor,Hard,2nd Round,3,Samsonova L.,Krejcikova B.,70,25,6,1,7,5,,,,,,,2,,13,6,Completed,2.29,1.59
2026-08-05,Canadian Open,WTA1000,Outdoor,Hard,2nd Round,3,McNally C.,Noskova L.,73,7,7,6,6,1,,,,,,,2,,13,7,Completed,3.73,1.26
2026-08-06,Canadian Open,WTA1000,Outdoor,Hard,2nd Round,3,Fernandez L.A.,Zarazua R.,34,83,6,2,6,2,,,,,,,2,,12,4,Completed,1.31,3.36
2026-08-06,Canadian Open,WTA1000,Outdoor,Hard,2nd Round,3,Joint M.,Cirstea S.,76,17,6,4,6,4,,,,,,,2,,12,8,Completed,3.24,1.33
2026-08-06,Canadian Open,WTA1000,Outdoor,Hard,2nd Round,3,Eala A.,Parks A.,28,68,6,1,4,6,6,2,,,,,2,1,16,9,Completed,1.18,4.68
2026-08-06,Canadian Open,WTA1000,Outdoor,Hard,3rd Round,3,Alexandrova E.,Gibson T.,19,72,5,7,6,1,6,3,,,,,2,1,17,11,Completed,1.8,1.96
2026-08-06,Canadian Open,WTA1000,Outdoor,Hard,3rd Round,3,Swiatek I.,Golubic V.,8,51,6,2,6,1,,,,,,,2,,12,3,Completed,1.06,9.0
2026-08-06,Canadian Open,WTA1000,Outdoor,Hard,3rd Round,3,Shnaider D.,Kalinskaya A.,18,20,6,3,6,3,,,,,,,2,,12,6,Completed,1.7,2.09
2026-08-06,Canadian Open,WTA1000,Outdoor,Hard,3rd Round,3,Pegula J.,Rakhimova K.,3,82,6,4,6,0,,,,,,,2,,12,4,Completed,1.09,6.84
2026-08-06,Canadian Open,WTA1000,Outdoor,Hard,3rd Round,3,Kostyuk M.,Keys M.,11,22,6,3,6,1,,,,,,,2,,12,4,Completed,1.71,2.09
2026-08-06,Canadian Open,WTA1000,Outdoor,Hard,3rd Round,3,Anisimova A.,Bartunkova N.,9,41,3,6,6,0,6,4,,,,,2,1,15,10,Completed,1.47,2.63
2026-08-07,Canadian Open,WTA1000,Outdoor,Hard,3rd Round,3,Sabalenka A.,Zhang S.,1,57,6,3,6,4,,,,,,,2,,12,7,Completed,1.05,9.95
2026-08-07,Canadian Open,WTA1000,Outdoor,Hard,3rd Round,3,Svitolina E.,Potapova A.,10,27,6,1,6,1,,,,,,,2,,12,2,Completed,1.36,3.06
2026-08-07,Canadian Open,WTA1000,Outdoor,Hard,3rd Round,3,Korneeva A.,Jovic I.,89,16,6,3,6,4,,,,,,,2,,12,7,Completed,2.64,1.46
2026-08-07,Canadian Open,WTA1000,Outdoor,Hard,3rd Round,3,Rybakina E.,Li A.,2,31,6,2,7,5,,,,,,,2,,13,7,Completed,1.14,5.46
2026-08-07,Canadian Open,WTA1000,Outdoor,Hard,3rd Round,3,Fernandez L.A.,Andreeva M.,34,5,6,1,6,4,,,,,,,2,,12,5,Completed,4.15,1.21
2026-08-07,Canadian Open,WTA1000,Outdoor,Hard,3rd Round,3,Samsonova L.,Joint M.,70,76,7,5,6,7,6,2,,,,,2,1,19,14,Completed,1.34,3.16
2026-08-07,Canadian Open,WTA1000,Outdoor,Hard,3rd Round,3,Osaka N.,Mertens E.,13,23,6,1,6,2,,,,,,,2,,12,3,Completed,1.38,2.97
2026-08-08,Canadian Open,WTA1000,Outdoor,Hard,3rd Round,3,Gauff C.,Sakkari M.,4,33,6,1,6,4,,,,,,,2,,12,5,Completed,1.23,4.04
2026-08-08,Canadian Open,WTA1000,Outdoor,Hard,3rd Round,3,Bencic B.,Townsend T.,14,105,6,7,7,6,6,4,,,,,2,1,19,17,Completed,1.32,3.32
2026-08-08,Canadian Open,WTA1000,Outdoor,Hard,3rd Round,3,Eala A.,McNally C.,28,73,6,3,5,7,6,4,,,,,2,1,17,14,Completed,1.38,2.97
2026-08-08,Canadian Open,WTA1000,Outdoor,Hard,4th Round,3,Swiatek I.,Kostyuk M.,8,11,3,6,6,1,6,2,,,,,2,1,15,9,Completed,1.65,2.2
2026-08-08,Canadian Open,WTA1000,Outdoor,Hard,4th Round,3,Shnaider D.,Pegula J.,18,3,6,3,6,3,,,,,,,2,,12,6,Completed,3.25,1.33
2026-08-09,Canadian Open,WTA1000,Outdoor,Hard,4th Round,3,Alexandrova E.,Sabalenka A.,19,1,7,6,4,6,6,4,,,,,2,1,17,16,Completed,5.3,1.15
2026-08-09,Canadian Open,WTA1000,Outdoor,Hard,4th Round,3,Svitolina E.,Anisimova A.,10,9,6,2,6,4,,,,,,,2,,12,6,Completed,1.65,2.25
2026-08-09,Canadian Open,WTA1000,Outdoor,Hard,4th Round,3,Rybakina E.,Samsonova L.,2,70,6,4,4,6,6,4,,,,,2,1,16,14,Completed,1.29,3.31
2026-08-09,Canadian Open,WTA1000,Outdoor,Hard,4th Round,3,Gauff C.,Korneeva A.,4,89,6,3,6,1,,,,,,,2,,12,4,Completed,1.27,3.54
2026-08-10,Canadian Open,WTA1000,Outdoor,Hard,4th Round,3,Osaka N.,Fernandez L.A.,13,34,6,4,6,4,,,,,,,2,,12,8,Completed,1.36,3.1
2026-08-10,Canadian Open,WTA1000,Outdoor,Hard,4th Round,3,Bencic B.,Eala A.,14,28,6,4,6,0,,,,,,,2,,12,4,Completed,1.79,1.98
2026-08-11,Canadian Open,WTA1000,Outdoor,Hard,Quarterfinals,3,Swiatek I.,Shnaider D.,8,18,6,2,6,1,,,,,,,2,,12,3,Completed,1.3,3.27
2026-08-11,Canadian Open,WTA1000,Outdoor,Hard,Quarterfinals,3,Svitolina E.,Alexandrova E.,10,19,3,6,6,0,6,3,,,,,2,1,15,9,Completed,1.36,2.94
2026-08-12,Canadian Open,WTA1000,Outdoor,Hard,Quarterfinals,3,Rybakina E.,Osaka N.,2,13,4,6,7,6,6,4,,,,,2,1,17,16,Completed,1.91,1.86
2026-08-13,Canadian Open,WTA1000,Outdoor,Hard,Semifinals,3,Swiatek I.,Svitolina E.,8,10,6,3,1,6,6,3,,,,,2,1,13,12,Completed,1.42,2.68
2026-08-13,Canadian Open,WTA1000,Outdoor,Hard,Semifinals,3,Rybakina E.,Gauff C.,2,4,5,7,6,2,6,2,,,,,2,1,17,11,Completed,2.19,1.69
2026-08-13,Canadian Open,WTA1000,Outdoor,Hard,The Final,3,Swiatek I.,Rybakina E.,8,2,6,2,6,3,,,,,,,2,,12,5,Completed,1.74,2.07
2026-08-13,Western & Southern Financial Group Women's Open,WTA1000,Outdoor,Hard,1st Round,3,Sonmez Z.,Kasatkina D.,50,68,2,6,7,6,6,3,,,,,2,1,15,15,Completed,2.15,1.67
2026-08-13,Western & Southern Financial Group Women's Open,WTA1000,Outdoor,Hard,1st Round,3,Kalinina A.,Vidmanova D.,51,88,4,6,6,4,6,2,,,,,2,1,16,12,Completed,1.81,1.95
2026-08-13,Western & Southern Financial Group Women's Open,WTA1000,Outdoor,Hard,1st Round,3,Rakhimova K.,Birrell K.,83,69,6,2,6,2,,,,,,,2,,12,4,Completed,1.91,1.85
2026-08-13,Western & Southern Financial Group Women's Open,WTA1000,Outdoor,Hard,1st Round,3,Townsend T.,Osorio M.,94,55,3,6,6,3,6,3,,,,,2,1,15,12,Completed,1.56,2.36
2026-08-13,Western & Southern Financial Group Women's Open,WTA1000,Outdoor,Hard,1st Round,3,Waltert S.,Marcinko P.,87,72,5,7,6,4,6,2,,,,,2,1,17,13,Completed,1.99,1.79
2026-08-13,Western & Southern Financial Group Women's Open,WTA1000,Outdoor,Hard,1st Round,3,Boisson L.,Krueger A.,281,56,6,3,6,2,,,,,,,2,,12,5,Completed,3.11,1.35
2026-08-13,Western & Southern Financial Group Women's Open,WTA1000,Outdoor,Hard,1st Round,3,Frech M.,Ruzic A.,41,61,6,2,7,5,,,,,,,2,,13,7,Completed,1.56,2.37
2026-08-13,Western & Southern Financial Group Women's Open,WTA1000,Outdoor,Hard,1st Round,3,Ruse E.G.,Linette M.,74,62,6,0,6,3,,,,,,,2,,12,3,Completed,1.6,2.27
2026-08-13,Western & Southern Financial Group Women's Open,WTA1000,Outdoor,Hard,1st Round,3,Parry D.,Dolehide C.,66,246,6,4,7,6,,,,,,,2,,13,10,Completed,1.95,1.81
2026-08-13,Western & Southern Financial Group Women's Open,WTA1000,Outdoor,Hard,1st Round,3,Maria T.,Yastremska D.,80,107,6,1,6,2,,,,,,,2,,12,3,Completed,1.73,2.06
2026-08-13,Western & Southern Financial Group Women's Open,WTA1000,Outdoor,Hard,1st Round,3,Bucsa C.,Udvardy P.,38,77,6,2,1,6,7,5,,,,,2,1,14,13,Completed,1.65,2.16
2026-08-14,Western & Southern Financial Group Women's Open,WTA1000,Outdoor,Hard,1st Round,3,Boulter K.,Volynets K.,71,89,7,5,0,6,6,4,,,,,2,1,13,15,Completed,2.02,1.76
2026-08-14,Western & Southern Financial Group Women's Open,WTA1000,Outdoor,Hard,1st Round,3,McNally C.,Kessler M.,70,58,6,3,6,4,,,,,,,2,,12,7,Completed,1.72,2.09
2026-08-14,Western & Southern Financial Group Women's Open,WTA1000,Outdoor,Hard,1st Round,3,Stefanini L.,Cocciaretto E.,142,60,5,3,,,,,,,,,,,5,3,Retired,2.72,1.43
2026-08-14,Western & Southern Financial Group Women's Open,WTA1000,Outdoor,Hard,1st Round,3,Bejlek S.,Pliskova Ka.,35,57,6,0,6,2,,,,,,,2,,12,2,Completed,1.77,1.98
2026-08-14,Western & Southern Financial Group Women's Open,WTA1000,Outdoor,Hard,1st Round,3,Bouzas Maneiro J.,Bondar A.,90,76,6,3,7,6,,,,,,,2,,13,9,Completed,1.58,2.33
2026-08-14,Western & Southern Financial Group Women's Open,WTA1000,Outdoor,Hard,1st Round,3,Snigur D.,Starodubtseva Y.,45,78,6,4,6,3,,,,,,,2,,12,7,Completed,1.48,2.59
2026-08-14,Western & Southern Financial Group Women's Open,WTA1000,Outdoor,Hard,1st Round,3,Bartunkova N.,Charaeva A.,39,113,4,6,6,4,6,3,,,,,2,1,16,13,Completed,1.4,2.85
2026-08-14,Western & Southern Financial Group Women's Open,WTA1000,Outdoor,Hard,1st Round,3,Blinkova A.,Sawangkaew M.,111,105,1,6,6,2,6,3,,,,,2,1,13,11,Completed,2.06,1.73
2026-08-14,Western & Southern Financial Group Women's Open,WTA1000,Outdoor,Hard,1st Round,3,Korpatsch T.,Joint M.,47,67,0,6,6,3,6,4,,,,,2,1,12,13,Completed,2.85,1.4
2026-08-14,Western & Southern Financial Group Women's Open,WTA1000,Outdoor,Hard,1st Round,3,Stearns P.,Dart H.,53,143,6,1,7,6,,,,,,,2,,13,7,Completed,1.4,2.86
2026-08-14,Western & Southern Financial Group Women's Open,WTA1000,Outdoor,Hard,1st Round,3,Arango E.,Williams V.,95,615,6,2,6,2,,,,,,,2,,12,4,Completed,1.33,3.25
2026-08-14,Western & Southern Financial Group Women's Open,WTA1000,Outdoor,Hard,1st Round,3,Gibson T.,Tagger L.,65,48,4,6,6,1,7,5,,,,,2,1,17,12,Completed,2.41,1.54
2026-08-14,Western & Southern Financial Group Women's Open,WTA1000,Outdoor,Hard,1st Round,3,Golubic V.,Parks A.,52,63,6,2,6,2,,,,,,,2,,12,4,Completed,1.53,2.45
2026-08-14,Western & Southern Financial Group Women's Open,WTA1000,Outdoor,Hard,1st Round,3,Oliynykova O.,Kalieva E.,46,120,6,4,6,1,,,,,,,2,,12,5,Completed,2.67,1.45
2026-08-14,Western & Southern Financial Group Women's Open,WTA1000,Outdoor,Hard,1st Round,3,Wang Xiy.,Timofeeva M.,108,96,6,0,3,0,,,,,,,1,,9,0,Retired,1.39,2.9
2026-08-14,Western & Southern Financial Group Women's Open,WTA1000,Outdoor,Hard,1st Round,3,Wang Xin.,Vandewinkel H.,36,82,6,4,6,3,,,,,,,2,,12,7,Completed,1.86,1.89
2026-08-14,Western & Southern Financial Group Women's Open,WTA1000,Outdoor,Hard,1st Round,3,Samsonova L.,Putintseva Y.,43,81,7,6,5,7,7,5,,,,,2,1,19,18,Completed,1.34,3.14
2026-08-14,Western & Southern Financial Group Women's Open,WTA1000,Outdoor,Hard,1st Round,3,Valentova T.,Stoiana M.,64,130,6,2,7,6,,,,,,,2,,13,8,Completed,1.36,2.98
2026-08-15,Western & Southern Financial Group Women's Open,WTA1000,Outdoor,Hard,1st Round,3,Stephens S.,Kraus S.,240,85,7,5,6,3,,,,,,,2,,13,8,Completed,2.1,1.7
2026-08-15,Western & Southern Financial Group Women's Open,WTA1000,Outdoor,Hard,1st Round,3,Kenin S.,Lys E.,115,92,1,6,6,3,6,3,,,,,2,1,13,12,Completed,2.15,1.68
2026-08-15,Western & Southern Financial Group Women's Open,WTA1000,Outdoor,Hard,1st Round,3,Zhang S.,Day K.,54,121,2,6,6,2,6,2,,,,,2,1,14,10,Completed,2.0,1.78
2026-08-15,Western & Southern Financial Group Women's Open,WTA1000,Outdoor,Hard,2nd Round,3,Chwalinska M.,Bucsa C.,23,38,6,2,6,2,,,,,,,2,,12,4,Completed,1.94,1.83
2026-08-15,Western & Southern Financial Group Women's Open,WTA1000,Outdoor,Hard,2nd Round,3,Anisimova A.,Sonmez Z.,10,50,6,2,6,3,,,,,,,2,,12,5,Completed,1.2,4.27
2026-08-15,Western & Southern Financial Group Women's Open,WTA1000,Outdoor,Hard,2nd Round,3,Eala A.,Ruse E.G.,20,74,6,1,3,0,,,,,,,1,,9,1,Retired,1.38,2.93
2026-08-15,Western & Southern Financial Group Women's Open,WTA1000,Outdoor,Hard,2nd Round,3,Kalinskaya A.,McNally C.,21,70,6,3,6,4,,,,,,,2,,12,7,Completed,1.62,2.24
2026-08-15,Western & Southern Financial Group Women's Open,WTA1000,Outdoor,Hard,2nd Round,3,Shnaider D.,Maria T.,14,80,6,2,7,5,,,,,,,2,,13,7,Completed,1.24,3.81
2026-08-15,Western & Southern Financial Group Women's Open,WTA1000,Outdoor,Hard,2nd Round,3,Frech M.,Ostapenko J.,41,30,6,1,6,3,,,,,,,2,,12,4,Completed,1.94,1.81
2026-08-15,Western & Southern Financial Group Women's Open,WTA1000,Outdoor,Hard,2nd Round,3,Noskova L.,Boulter K.,8,71,6,3,6,3,,,,,,,2,,12,6,Completed,1.25,3.8
2026-08-15,Western & Southern Financial Group Women's Open,WTA1000,Outdoor,Hard,2nd Round,3,Cirstea S.,Bartunkova N.,19,39,7,6,6,3,,,,,,,2,,13,9,Completed,1.57,2.32
2026-08-15,Western & Southern Financial Group Women's Open,WTA1000,Outdoor,Hard,2nd Round,3,Pegula J.,Waltert S.,3,87,6,3,6,2,,,,,,,2,,12,5,Completed,1.05,9.52
2026-08-15,Western & Southern Financial Group Women's Open,WTA1000,Outdoor,Hard,2nd Round,3,Sakkari M.,Rakhimova K.,32,83,6,2,5,7,6,1,,,,,2,1,17,10,Completed,1.51,2.49
2026-08-15,Western & Southern Financial Group Women's Open,WTA1000,Outdoor,Hard,2nd Round,3,Navarro E.,Kalinina A.,28,51,3,6,6,4,6,2,,,,,2,1,15,12,Completed,1.52,2.46
2026-08-16,Western & Southern Financial Group Women's Open,WTA1000,Outdoor,Hard,2nd Round,3,Parry D.,Mertens E.,66,22,2,6,6,2,6,2,,,,,2,1,14,10,Completed,3.54,1.28
2026-08-16,Western & Southern Financial Group Women's Open,WTA1000,Outdoor,Hard,2nd Round,3,Tauson C.,Stearns P.,42,53,7,6,1,6,7,5,,,,,2,1,15,17,Completed,1.86,1.89
2026-08-16,Western & Southern Financial Group Women's Open,WTA1000,Outdoor,Hard,2nd Round,3,Boisson L.,Bencic B.,281,12,6,3,,,,,,,,,1,,6,3,Retired,4.5,1.19
2026-08-16,Western & Southern Financial Group Women's Open,WTA1000,Outdoor,Hard,2nd Round,3,Bejlek S.,Krejcikova B.,35,26,7,6,6,4,,,,,,,2,,13,10,Completed,2.38,1.56
2026-08-16,Western & Southern Financial Group Women's Open,WTA1000,Outdoor,Hard,2nd Round,3,Andreeva M.,Oliynykova O.,6,46,6,1,6,0,,,,,,,2,,12,1,Completed,1.06,8.68
2026-08-16,Western & Southern Financial Group Women's Open,WTA1000,Outdoor,Hard,2nd Round,3,Rybakina E.,Townsend T.,2,94,6,3,6,4,,,,,,,2,,12,7,Completed,1.28,3.57
2026-08-16,Western & Southern Financial Group Women's Open,WTA1000,Outdoor,Hard,2nd Round,3,Tjen J.,Golubic V.,37,52,7,6,5,7,7,5,,,,,2,1,19,18,Completed,1.79,1.97
2026-08-16,Western & Southern Financial Group Women's Open,WTA1000,Outdoor,Hard,2nd Round,3,Wang Xin.,Vekic D.,36,34,3,6,6,1,6,4,,,,,2,1,15,11,Completed,1.71,2.1
2026-08-16,Western & Southern Financial Group Women's Open,WTA1000,Outdoor,Hard,2nd Round,3,Keys M.,Snigur D.,24,45,4,6,6,3,6,3,,,,,2,1,16,12,Completed,1.36,3.02
2026-08-16,Western & Southern Financial Group Women's Open,WTA1000,Outdoor,Hard,2nd Round,3,Swiatek I.,Arango E.,5,95,6,3,6,0,,,,,,,2,,12,3,Completed,1.02,17.68
2026-08-16,Western & Southern Financial Group Women's Open,WTA1000,Outdoor,Hard,2nd Round,3,Bouzkova M.,Stefanini L.,27,142,6,2,6,4,,,,,,,2,,12,6,Completed,1.2,4.31
2026-08-16,Western & Southern Financial Group Women's Open,WTA1000,Outdoor,Hard,2nd Round,3,Li A.,Zhang S.,29,54,7,5,6,3,,,,,,,2,,13,8,Completed,1.59,2.28
2026-08-16,Western & Southern Financial Group Women's Open,WTA1000,Outdoor,Hard,2nd Round,3,Sabalenka A.,Gibson T.,1,65,6,2,7,6,,,,,,,2,,13,8,Completed,1.11,6.38
2026-08-16,Western & Southern Financial Group Women's Open,WTA1000,Outdoor,Hard,2nd Round,3,Kostyuk M.,Kenin S.,11,115,4,6,6,3,7,5,,,,,2,1,17,14,Completed,1.08,7.38
2026-08-16,Western & Southern Financial Group Women's Open,WTA1000,Outdoor,Hard,2nd Round,3,Siniakova K.,Bouzas Maneiro J.,44,90,6,7,6,1,6,1,,,,,2,1,18,9,Completed,1.9,1.86
2026-08-16,Western & Southern Financial Group Women's Open,WTA1000,Outdoor,Hard,2nd Round,3,Alexandrova E.,Blinkova A.,18,111,6,7,6,4,7,5,,,,,2,1,19,16,Completed,1.32,3.31
2026-08-16,Western & Southern Financial Group Women's Open,WTA1000,Outdoor,Hard,2nd Round,3,Wang Xiy.,Fernandez L.A.,108,31,3,6,6,2,6,2,,,,,2,1,15,10,Completed,2.23,1.63
2026-08-16,Western & Southern Financial Group Women's Open,WTA1000,Outdoor,Hard,2nd Round,3,Jovic I.,Korpatsch T.,16,47,6,4,6,3,,,,,,,2,,12,7,Completed,1.07,7.62
2026-08-16,Western & Southern Financial Group Women's Open,WTA1000,Outdoor,Hard,2nd Round,3,Stephens S.,Potapova A.,240,25,6,2,6,4,,,,,,,2,,12,6,Completed,2.7,1.44
2026-08-17,Western & Southern Financial Group Women's Open,WTA1000,Outdoor,Hard,2nd Round,3,Gauff C.,Samsonova L.,4,43,2,6,6,4,6,1,,,,,2,1,14,11,Completed,1.27,3.64
2026-08-17,Western & Southern Financial Group Women's Open,WTA1000,Outdoor,Hard,2nd Round,3,Svitolina E.,Valentova T.,9,64,3,6,7,6,6,0,,,,,2,1,16,12,Completed,1.24,3.87
2026-08-17,Western & Southern Financial Group Women's Open,WTA1000,Outdoor,Hard,3rd Round,3,Parry D.,Boisson L.,66,281,4,6,6,4,6,3,,,,,2,1,16,13,Completed,1.96,1.81
2026-08-17,Western & Southern Financial Group Women's Open,WTA1000,Outdoor,Hard,3rd Round,3,Swiatek I.,Sakkari M.,5,32,4,6,6,1,6,1,,,,,2,1,16,8,Completed,1.11,6.19
2026-08-17,Western & Southern Financial Group Women's Open,WTA1000,Outdoor,Hard,3rd Round,3,Rybakina E.,Frech M.,2,41,6,4,7,6,,,,,,,2,,13,10,Completed,1.13,5.78
2026-08-17,Western & Southern Financial Group Women's Open,WTA1000,Outdoor,Hard,3rd Round,3,Cirstea S.,Kalinskaya A.,19,21,6,7,6,1,5,0,,,,,1,1,17,8,Retired,1.81,1.94
2026-08-17,Western & Southern Financial Group Women's Open,WTA1000,Outdoor,Hard,3rd Round,3,Shnaider D.,Chwalinska M.,14,23,6,2,7,6,,,,,,,2,,13,8,Completed,1.26,3.71
2026-08-17,Western & Southern Financial Group Women's Open,WTA1000,Outdoor,Hard,3rd Round,3,Noskova L.,Tauson C.,8,42,7,6,6,2,,,,,,,2,,13,8,Completed,1.34,3.13
2026-08-18,Western & Southern Financial Group Women's Open,WTA1000,Outdoor,Hard,3rd Round,3,Pegula J.,Navarro E.,3,28,7,5,6,2,,,,,,,2,,13,7,Completed,1.19,4.38
2026-08-18,Western & Southern Financial Group Women's Open,WTA1000,Outdoor,Hard,3rd Round,3,Anisimova A.,Eala A.,10,20,4,6,6,4,6,2,,,,,2,1,16,12,Completed,1.78,1.99
2026-08-18,Western & Southern Financial Group Women's Open,WTA1000,Outdoor,Hard,3rd Round,3,Keys M.,Siniakova K.,24,44,6,1,6,3,,,,,,,2,,12,4,Completed,1.24,3.88
2026-08-18,Western & Southern Financial Group Women's Open,WTA1000,Outdoor,Hard,3rd Round,3,Andreeva M.,Tjen J.,6,37,6,1,7,6,,,,,,,2,,13,7,Completed,1.12,5.9
2026-08-18,Western & Southern Financial Group Women's Open,WTA1000,Outdoor,Hard,3rd Round,3,Gauff C.,Li A.,4,29,6,1,7,6,,,,,,,2,,13,7,Completed,1.12,5.84
2026-08-18,Western & Southern Financial Group Women's Open,WTA1000,Outdoor,Hard,3rd Round,3,Kostyuk M.,Stephens S.,11,240,7,5,7,5,,,,,,,2,,14,10,Completed,1.11,6.1
2026-08-18,Western & Southern Financial Group Women's Open,WTA1000,Outdoor,Hard,3rd Round,3,Bejlek S.,Alexandrova E.,35,18,4,6,6,1,6,2,,,,,2,1,16,9,Completed,1.84,1.93
2026-08-19,Western & Southern Financial Group Women's Open,WTA1000,Outdoor,Hard,3rd Round,3,Sabalenka A.,Wang Xin.,1,36,6,1,6,3,,,,,,,2,,12,4,Completed,1.07,8.09
2026-08-19,Western & Southern Financial Group Women's Open,WTA1000,Outdoor,Hard,3rd Round,3,Bouzkova M.,Jovic I.,27,16,7,6,7,6,,,,,,,2,,14,12,Completed,2.5,1.51
2026-08-19,Western & Southern Financial Group Women's Open,WTA1000,Outdoor,Hard,4th Round,3,Swiatek I.,Parry D.,5,66,6,3,6,3,,,,,,,2,,12,6,Completed,1.03,12.5
2026-08-19,Western & Southern Financial Group Women's Open,WTA1000,Outdoor,Hard,4th Round,3,Pegula J.,Cirstea S.,3,19,6,2,4,6,7,5,,,,,2,1,17,13,Completed,1.28,3.58
2026-08-19,Western & Southern Financial Group Women's Open,WTA1000,Outdoor,Hard,4th Round,3,Kostyuk M.,Andreeva M.,11,6,4,6,6,0,6,2,,,,,2,1,16,8,Completed,2.12,1.7
2026-08-19,Western & Southern Financial Group Women's Open,WTA1000,Outdoor,Hard,4th Round,3,Anisimova A.,Noskova L.,10,8,6,1,6,4,,,,,,,2,,12,5,Completed,1.91,1.85
2026-08-19,Western & Southern Financial Group Women's Open,WTA1000,Outdoor,Hard,4th Round,3,Rybakina E.,Shnaider D.,2,14,6,4,6,4,,,,,,,2,,12,8,Completed,1.36,3.04
2026-08-19,Western & Southern Financial Group Women's Open,WTA1000,Outdoor,Hard,4th Round,3,Gauff C.,Bouzkova M.,4,27,6,3,6,2,,,,,,,2,,12,5,Completed,1.24,3.87
2026-08-20,Western & Southern Financial Group Women's Open,WTA1000,Outdoor,Hard,4th Round,3,Keys M.,Wang Xiy.,24,108,7,6,6,4,,,,,,,2,,13,10,Completed,1.24,3.82
2026-08-20,Western & Southern Financial Group Women's Open,WTA1000,Outdoor,Hard,4th Round,3,Bejlek S.,Sabalenka A.,35,1,7,6,6,4,,,,,,,2,,13,10,Completed,6.7,1.09
2026-08-20,Western & Southern Financial Group Women's Open,WTA1000,Outdoor,Hard,Quarterfinals,3,Pegula J.,Anisimova A.,3,10,6,4,2,6,7,6,,,,,2,1,15,16,Completed,1.72,2.08
2026-08-21,Western & Southern Financial Group Women's Open,WTA1000,Outdoor,Hard,Quarterfinals,3,Swiatek I.,Rybakina E.,5,2,4,1,,,,,,,,,,,4,1,Retired,1.61,2.26
2026-08-21,Western & Southern Financial Group Women's Open,WTA1000,Outdoor,Hard,Quarterfinals,3,Bejlek S.,Keys M.,35,24,3,6,6,4,7,6,,,,,2,1,16,16,Completed,2.66,1.46
2026-08-22,Western & Southern Financial Group Women's Open,WTA1000,Outdoor,Hard,Quarterfinals,3,Gauff C.,Kostyuk M.,4,11,6,2,6,2,,,,,,,2,,12,4,Completed,1.67,2.16
2026-08-22,Western & Southern Financial Group Women's Open,WTA1000,Outdoor,Hard,Semifinals,3,Pegula J.,Swiatek I.,3,5,7,5,4,6,6,4,,,,,2,1,17,15,Completed,2.95,1.38
2026-08-23,Western & Southern Financial Group Women's Open,WTA1000,Outdoor,Hard,Semifinals,3,Gauff C.,Bejlek S.,4,35,6,4,6,1,,,,,,,2,,12,5,Completed,1.22,4.03
2026-08-24,Western & Southern Financial Group Women's Open,WTA1000,Outdoor,Hard,The Final,3,Gauff C.,Pegula J.,4,3,6,2,6,4,,,,,,,2,,12,6,Completed,1.61,2.29
2026-08-24,Monterrey Open,WTA500,Outdoor,Hard,1st Round,3,Starodubtseva Y.,Tagger L.,74,48,6,3,6,4,,,,,,,2,,12,7,Completed,2.64,1.45
2026-08-24,Monterrey Open,WTA500,Outdoor,Hard,1st Round,3,Bartunkova N.,Ruzic A.,38,81,6,4,6,3,,,,,,,2,,12,7,Completed,1.34,3.12
2026-08-24,Monterrey Open,WTA500,Outdoor,Hard,1st Round,3,Oliynykova O.,Sherif M.,46,51,6,3,6,4,,,,,,,2,,12,7,Completed,1.8,1.95
2026-08-24,Monterrey Open,WTA500,Outdoor,Hard,1st Round,3,Li A.,Osorio M.,30,58,6,1,6,2,,,,,,,2,,12,3,Completed,1.8,1.95
2026-08-24,Monterrey Open,WTA500,Outdoor,Hard,1st Round,3,Tjen J.,Yastremska D.,35,112,2,6,6,3,7,6,,,,,2,1,15,15,Completed,1.43,2.73
2026-08-24,Monterrey Open,WTA500,Outdoor,Hard,1st Round,3,Parks A.,Marcinko P.,89,73,2,6,6,4,6,4,,,,,2,1,14,14,Completed,1.93,1.82
2026-08-25,Monterrey Open,WTA500,Outdoor,Hard,1st Round,3,Tauson C.,Zarazua R.,42,71,3,6,6,3,6,0,,,,,2,1,15,9,Completed,1.28,3.52
2026-08-25,Monterrey Open,WTA500,Outdoor,Hard,1st Round,3,Parry D.,Vekic D.,50,36,6,7,6,4,6,1,,,,,2,1,18,12,Completed,2.18,1.65
2026-08-25,Monterrey Open,WTA500,Outdoor,Hard,1st Round,3,Bucsa C.,Bondar A.,40,70,6,4,6,3,,,,,,,2,,12,7,Completed,2.11,1.69
2026-08-25,Monterrey Open,WTA500,Outdoor,Hard,1st Round,3,Timofeeva M.,Zhang S.,92,53,6,1,6,3,,,,,,,2,,12,4,Completed,1.93,1.82
2026-08-25,Monterrey Open,WTA500,Outdoor,Hard,1st Round,3,Vidmanova D.,Birrell K.,90,69,7,6,6,3,,,,,,,2,,13,9,Completed,1.7,2.09
2026-08-26,Monterrey Open,WTA500,Outdoor,Hard,1st Round,3,Udvardy P.,Joint M.,76,75,7,6,6,1,,,,,,,2,,13,7,Completed,2.83,1.41
2026-08-26,Monterrey Open,WTA500,Outdoor,Hard,2nd Round,3,Starodubtseva Y.,Tjen J.,74,35,6,4,6,3,,,,,,,2,,12,7,Completed,2.23,1.62
2026-08-26,Monterrey Open,WTA500,Outdoor,Hard,2nd Round,3,Parry D.,Oliynykova O.,50,46,6,4,7,6,,,,,,,2,,13,10,Completed,1.36,3.03
2026-08-26,Monterrey Open,WTA500,Outdoor,Hard,2nd Round,3,Bartunkova N.,Liang E.S.,38,303,6,7,7,5,6,4,,,,,2,1,19,16,Completed,1.12,6.04
2026-08-26,Monterrey Open,WTA500,Outdoor,Hard,2nd Round,3,Vidmanova D.,Bucsa C.,90,40,6,4,7,5,,,,,,,2,,13,9,Completed,1.67,2.16
2026-08-27,Monterrey Open,WTA500,Outdoor,Hard,2nd Round,3,Mertens E.,Udvardy P.,24,76,6,1,4,6,6,3,,,,,2,1,16,10,Completed,1.21,4.16
2026-08-27,Monterrey Open,WTA500,Outdoor,Hard,2nd Round,3,Parks A.,Chwalinska M.,89,21,3,6,6,2,6,2,,,,,2,1,15,10,Completed,2.41,1.54
2026-08-27,Monterrey Open,WTA500,Outdoor,Hard,2nd Round,3,Tauson C.,Alexandrova E.,42,19,7,6,4,6,6,3,,,,,2,1,17,15,Completed,1.85,1.9
2026-08-27,Monterrey Open,WTA500,Outdoor,Hard,Quarterfinals,3,Li A.,Parks A.,30,89,6,2,6,3,,,,,,,2,,12,5,Completed,1.37,2.93
2026-08-27,Monterrey Open,WTA500,Outdoor,Hard,Quarterfinals,3,Bartunkova N.,Vidmanova D.,38,90,6,4,6,7,6,3,,,,,2,1,18,14,Completed,1.51,2.49
2026-08-28,Monterrey Open,WTA500,Outdoor,Hard,Quarterfinals,3,Parry D.,Tauson C.,50,42,6,3,7,5,,,,,,,2,,13,8,Completed,2.37,1.56
2026-08-28,Monterrey Open,WTA500,Outdoor,Hard,Quarterfinals,3,Mertens E.,Starodubtseva Y.,24,74,6,1,6,4,,,,,,,2,,12,5,Completed,1.38,2.91
2026-08-29,Monterrey Open,WTA500,Outdoor,Hard,Semifinals,3,Parry D.,Li A.,50,30,7,6,6,4,,,,,,,2,,13,10,Completed,2.32,1.57
2026-08-29,Monterrey Open,WTA500,Outdoor,Hard,Semifinals,3,Mertens E.,Bartunkova N.,24,38,1,6,6,4,6,2,,,,,2,1,13,12,Completed,1.6,2.34
2026-08-30,Monterrey Open,WTA500,Outdoor,Hard,The Final,3,Parry D.,Mertens E.,50,24,6,4,0,6,6,3,,,,,2,1,12,13,Completed,2.16,1.67
